timestamp,temp_pc1,weekend,holiday
2010-01-03 11:00:00,0.69121206,1,0
2010-01-03 12:00:00,0.85410875,1,0
2010-01-03 13:00:00,1.0840683,1,0
2010-01-03 14:00:00,1.268207,1,0
2010-01-03 15:00:00,1.4220777,1,0
2010-01-03 16:00:00,1.5170133,1,0
2010-01-03 17:00:00,1.4819537,1,0
2010-01-03 18:00:00,1.3755393,1,0
2010-01-03 19:00:00,1.2645397,1,0
2010-01-03 20:00:00,1.0989748,1,0
2010-01-03 21:00:00,0.9397734,1,0
2010-01-03 22:00:00,0.79390436,1,0
2010-01-03 23:00:00,0.6619272,1,0
2010-01-04 00:00:00,0.5631019,0,0
2010-01-04 01:00:00,0.4641057,0,0
2010-01-04 02:00:00,0.35602802,0,0
2010-01-04 03:00:00,0.21218435,0,0
2010-01-04 04:00:00,0.047983292,0,0
2010-01-04 05:00:00,-0.103318125,0,0
2010-01-04 06:00:00,-0.31975323,0,0
2010-01-04 07:00:00,-0.15740569,0,0
2010-01-04 08:00:00,0.31565827,0,0
2010-01-04 09:00:00,0.6793334,0,0
2010-01-04 10:00:00,1.0724925,0,0
2010-01-04 11:00:00,1.4875498,0,0
2010-01-04 12:00:00,1.9399037,0,0
2010-01-04 13:00:00,2.4079757,0,0
2010-01-04 14:00:00,2.813581,0,0
2010-01-04 15:00:00,3.1004477,0,0
2010-01-04 16:00:00,3.2467515,0,0
2010-01-04 17:00:00,3.232182,0,0
2010-01-04 18:00:00,3.0268145,0,0
2010-01-04 19:00:00,2.8179357,0,0
2010-01-04 20:00:00,2.571966,0,0
2010-01-04 21:00:00,2.262315,0,0
2010-01-04 22:00:00,2.028781,0,0
2010-01-04 23:00:00,1.854005,0,0
2010-01-05 00:00:00,1.7038596,0,0
2010-01-05 01:00:00,1.5622828,0,0
2010-01-05 02:00:00,1.3658365,0,0
2010-01-05 03:00:00,1.0946757,0,0
2010-01-05 04:00:00,0.88368845,0,0
2010-01-05 05:00:00,0.7578694,0,0
2010-01-05 06:00:00,0.6892934,0,0
2010-01-05 07:00:00,0.70273614,0,0
2010-01-05 08:00:00,1.4944658,0,0
2010-01-05 09:00:00,2.096373,0,0
2010-01-05 10:00:00,2.640061,0,0
2010-01-05 11:00:00,3.0446837,0,0
2010-01-05 12:00:00,3.2950747,0,0
2010-01-05 13:00:00,3.4205863,0,0
2010-01-05 14:00:00,3.4622703,0,0
2010-01-05 15:00:00,3.4088454,0,0
2010-01-05 16:00:00,3.340164,0,0
2010-01-05 17:00:00,3.1335025,0,0
2010-01-05 18:00:00,2.9286172,0,0
2010-01-05 19:00:00,2.6257915,0,0
2010-01-05 20:00:00,2.248826,0,0
2010-01-05 21:00:00,1.9413333,0,0
2010-01-05 22:00:00,1.7218947,0,0
2010-01-05 23:00:00,1.5572336,0,0
2010-01-06 00:00:00,1.4336812,0,0
2010-01-06 01:00:00,1.302145,0,0
2010-01-06 02:00:00,1.1061344,0,0
2010-01-06 03:00:00,0.93881273,0,0
2010-01-06 04:00:00,0.7577772,0,0
2010-01-06 05:00:00,0.5193745,0,0
2010-01-06 06:00:00,0.46190354,0,0
2010-01-06 07:00:00,0.64282686,0,0
2010-01-06 08:00:00,0.9412844,0,0
2010-01-06 09:00:00,1.2151418,0,0
2010-01-06 10:00:00,1.3816898,0,0
2010-01-06 11:00:00,1.5951091,0,0
2010-01-06 12:00:00,1.7830182,0,0
2010-01-06 13:00:00,1.8000048,0,0
2010-01-06 14:00:00,1.8847793,0,0
2010-01-06 15:00:00,1.9320321,0,0
2010-01-06 16:00:00,1.899827,0,0
2010-01-06 17:00:00,1.7913793,0,0
2010-01-06 18:00:00,1.7888734,0,0
2010-01-06 19:00:00,1.6934739,0,0
2010-01-06 20:00:00,1.5353302,0,0
2010-01-06 21:00:00,1.3405266,0,0
2010-01-06 22:00:00,1.162848,0,0
2010-01-06 23:00:00,1.0235707,0,0
2010-01-07 00:00:00,0.9067015,0,0
2010-01-07 01:00:00,0.7882223,0,0
2010-01-07 02:00:00,0.6730621,0,0
2010-01-07 03:00:00,0.5384711,0,0
2010-01-07 04:00:00,0.38191214,0,0
2010-01-07 05:00:00,0.2175728,0,0
2010-01-07 06:00:00,0.06763835,0,0
2010-01-07 07:00:00,0.14862715,0,0
2010-01-07 08:00:00,0.5181181,0,0
2010-01-07 09:00:00,0.7321421,0,0
2010-01-07 10:00:00,1.0527043,0,0
2010-01-07 11:00:00,1.4231128,0,0
2010-01-07 12:00:00,1.7738203,0,0
2010-01-07 13:00:00,2.0715039,0,0
2010-01-07 14:00:00,2.305836,0,0
2010-01-07 15:00:00,2.4812386,0,0
2010-01-07 16:00:00,2.5954845,0,0
2010-01-07 17:00:00,2.598601,0,0
2010-01-07 18:00:00,2.6623003,0,0
2010-01-07 19:00:00,2.546673,0,0
2010-01-07 20:00:00,2.3334942,0,0
2010-01-07 21:00:00,2.065631,0,0
2010-01-07 22:00:00,1.859873,0,0
2010-01-07 23:00:00,1.713439,0,0
2010-01-08 00:00:00,1.5707179,0,0
2010-01-08 01:00:00,1.4037106,0,0
2010-01-08 02:00:00,1.1620557,0,0
2010-01-08 03:00:00,0.84927315,0,0
2010-01-08 04:00:00,0.74156517,0,0
2010-01-08 05:00:00,0.7442931,0,0
2010-01-08 06:00:00,0.33882308,0,0
2010-01-08 07:00:00,0.44034046,0,0
2010-01-08 08:00:00,1.2773205,0,0
2010-01-08 09:00:00,1.9529612,0,0
2010-01-08 10:00:00,2.6490767,0,0
2010-01-08 11:00:00,3.327777,0,0
2010-01-08 12:00:00,3.8318312,0,0
2010-01-08 13:00:00,4.0626945,0,0
2010-01-08 14:00:00,4.2208796,0,0
2010-01-08 15:00:00,4.317291,0,0
2010-01-08 16:00:00,4.34978,0,0
2010-01-08 17:00:00,4.387514,0,0
2010-01-08 18:00:00,4.16831,0,0
2010-01-08 19:00:00,4.1158094,0,0
2010-01-08 20:00:00,4.0580554,0,0
2010-01-08 21:00:00,3.756249,0,0
2010-01-08 22:00:00,3.4283159,0,0
2010-01-08 23:00:00,3.1636772,0,0
2010-01-09 00:00:00,2.8976789,1,0
2010-01-09 01:00:00,2.5923653,1,0
2010-01-09 02:00:00,2.3334322,1,0
2010-01-09 03:00:00,2.1960921,1,0
2010-01-09 04:00:00,2.123044,1,0
2010-01-09 05:00:00,2.0998201,1,0
2010-01-09 06:00:00,2.018512,1,0
2010-01-09 07:00:00,2.1810408,1,0
2010-01-09 08:00:00,2.674346,1,0
2010-01-09 09:00:00,3.324264,1,0
2010-01-09 10:00:00,3.8170273,1,0
2010-01-09 11:00:00,4.1021814,1,0
2010-01-09 12:00:00,4.2130075,1,0
2010-01-09 13:00:00,4.5834827,1,0
2010-01-09 14:00:00,4.857184,1,0
2010-01-09 15:00:00,4.7438636,1,0
2010-01-09 16:00:00,4.553846,1,0
2010-01-09 17:00:00,4.387486,1,0
2010-01-09 18:00:00,4.201073,1,0
2010-01-09 19:00:00,3.9624038,1,0
2010-01-09 20:00:00,3.6775143,1,0
2010-01-09 21:00:00,3.3561778,1,0
2010-01-09 22:00:00,3.0868533,1,0
2010-01-09 23:00:00,2.8670673,1,0
2010-01-10 00:00:00,2.664104,1,0
2010-01-10 01:00:00,2.4924123,1,0
2010-01-10 02:00:00,2.3091497,1,0
2010-01-10 03:00:00,2.1313539,1,0
2010-01-10 04:00:00,1.9290541,1,0
2010-01-10 05:00:00,1.7331749,1,0
2010-01-10 06:00:00,1.5252894,1,0
2010-01-10 07:00:00,1.5492284,1,0
2010-01-10 08:00:00,1.9983106,1,0
2010-01-10 09:00:00,2.3493917,1,0
2010-01-10 10:00:00,2.7560418,1,0
2010-01-10 11:00:00,3.2523263,1,0
2010-01-10 12:00:00,3.7637637,1,0
2010-01-10 13:00:00,4.181292,1,0
2010-01-10 14:00:00,4.5111074,1,0
2010-01-10 15:00:00,4.7310214,1,0
2010-01-10 16:00:00,4.8250856,1,0
2010-01-10 17:00:00,4.808192,1,0
2010-01-10 18:00:00,4.743332,1,0
2010-01-10 19:00:00,4.558729,1,0
2010-01-10 20:00:00,4.2961545,1,0
2010-01-10 21:00:00,3.9573503,1,0
2010-01-10 22:00:00,3.7110486,1,0
2010-01-10 23:00:00,3.4888697,1,0
2010-01-11 00:00:00,3.2478244,0,0
2010-01-11 01:00:00,2.982882,0,0
2010-01-11 02:00:00,2.7593899,0,0
2010-01-11 03:00:00,2.5241556,0,0
2010-01-11 04:00:00,2.321999,0,0
2010-01-11 05:00:00,2.1335118,0,0
2010-01-11 06:00:00,2.1872993,0,0
2010-01-11 07:00:00,2.1124723,0,0
2010-01-11 08:00:00,2.8441498,0,0
2010-01-11 09:00:00,3.670969,0,0
2010-01-11 10:00:00,4.386685,0,0
2010-01-11 11:00:00,4.89663,0,0
2010-01-11 12:00:00,5.2837577,0,0
2010-01-11 13:00:00,5.591971,0,0
2010-01-11 14:00:00,5.8380737,0,0
2010-01-11 15:00:00,5.900946,0,0
2010-01-11 16:00:00,5.916023,0,0
2010-01-11 17:00:00,5.992021,0,0
2010-01-11 18:00:00,5.7363615,0,0
2010-01-11 19:00:00,5.6409655,0,0
2010-01-11 20:00:00,5.3527913,0,0
2010-01-11 21:00:00,4.9249296,0,0
2010-01-11 22:00:00,4.6801066,0,0
2010-01-11 23:00:00,4.4597435,0,0
2010-01-12 00:00:00,4.380239,0,0
2010-01-12 01:00:00,4.3115196,0,0
2010-01-12 02:00:00,4.265305,0,0
2010-01-12 03:00:00,4.204195,0,0
2010-01-12 04:00:00,4.2234035,0,0
2010-01-12 05:00:00,4.157666,0,0
2010-01-12 06:00:00,3.960807,0,0
2010-01-12 07:00:00,3.9610577,0,0
2010-01-12 08:00:00,4.1466856,0,0
2010-01-12 09:00:00,4.375362,0,0
2010-01-12 10:00:00,4.694131,0,0
2010-01-12 11:00:00,5.2379756,0,0
2010-01-12 12:00:00,5.76805,0,0
2010-01-12 13:00:00,5.984409,0,0
2010-01-12 14:00:00,5.950218,0,0
2010-01-12 15:00:00,5.8786674,0,0
2010-01-12 16:00:00,5.4073443,0,0
2010-01-12 17:00:00,4.825783,0,0
2010-01-12 18:00:00,4.4408555,0,0
2010-01-12 19:00:00,3.8693464,0,0
2010-01-12 20:00:00,3.3064332,0,0
2010-01-12 21:00:00,2.9523277,0,0
2010-01-12 22:00:00,2.6960142,0,0
2010-01-12 23:00:00,2.4390955,0,0
2010-01-13 00:00:00,2.2274842,0,0
2010-01-13 01:00:00,2.056365,0,0
2010-01-13 02:00:00,1.9263027,0,0
2010-01-13 03:00:00,1.8327094,0,0
2010-01-13 04:00:00,1.733919,0,0
2010-01-13 05:00:00,1.6897283,0,0
2010-01-13 06:00:00,1.7460903,0,0
2010-01-13 07:00:00,1.7121972,0,0
2010-01-13 08:00:00,1.7194977,0,0
2010-01-13 09:00:00,1.7477446,0,0
2010-01-13 10:00:00,1.8133869,0,0
2010-01-13 11:00:00,1.9197495,0,0
2010-01-13 12:00:00,1.935772,0,0
2010-01-13 13:00:00,1.9773388,0,0
2010-01-13 14:00:00,2.111198,0,0
2010-01-13 15:00:00,2.2005498,0,0
2010-01-13 16:00:00,2.240271,0,0
2010-01-13 17:00:00,2.2214966,0,0
2010-01-13 18:00:00,2.1428092,0,0
2010-01-13 19:00:00,2.0218432,0,0
2010-01-13 20:00:00,1.8201458,0,0
2010-01-13 21:00:00,1.604683,0,0
2010-01-13 22:00:00,1.4441686,0,0
2010-01-13 23:00:00,1.3100437,0,0
2010-01-14 00:00:00,1.2059693,0,0
2010-01-14 01:00:00,1.1166197,0,0
2010-01-14 02:00:00,1.034959,0,0
2010-01-14 03:00:00,0.96037537,0,0
2010-01-14 04:00:00,0.90361255,0,0
2010-01-14 05:00:00,0.8655505,0,0
2010-01-14 06:00:00,0.7559421,0,0
2010-01-14 07:00:00,0.7487578,0,0
2010-01-14 08:00:00,0.7992853,0,0
2010-01-14 09:00:00,1.0386306,0,0
2010-01-14 10:00:00,1.3081234,0,0
2010-01-14 11:00:00,1.634809,0,0
2010-01-14 12:00:00,1.9090878,0,0
2010-01-14 13:00:00,2.2072067,0,0
2010-01-14 14:00:00,2.3866787,0,0
2010-01-14 15:00:00,2.4682596,0,0
2010-01-14 16:00:00,2.4758725,0,0
2010-01-14 17:00:00,2.399657,0,0
2010-01-14 18:00:00,2.2392998,0,0
2010-01-14 19:00:00,2.0009654,0,0
2010-01-14 20:00:00,1.7161021,0,0
2010-01-14 21:00:00,1.4554232,0,0
2010-01-14 22:00:00,1.2793549,0,0
2010-01-14 23:00:00,1.1471548,0,0
2010-01-15 00:00:00,1.0509851,0,0
2010-01-15 01:00:00,0.96687424,0,0
2010-01-15 02:00:00,0.9118131,0,0
2010-01-15 03:00:00,0.85443354,0,0
2010-01-15 04:00:00,0.81033415,0,0
2010-01-15 05:00:00,0.7658461,0,0
2010-01-15 06:00:00,0.7079861,0,0
2010-01-15 07:00:00,0.70722276,0,0
2010-01-15 08:00:00,1.062756,0,0
2010-01-15 09:00:00,1.4641534,0,0
2010-01-15 10:00:00,1.9340521,0,0
2010-01-15 11:00:00,2.43428,0,0
2010-01-15 12:00:00,2.8889546,0,0
2010-01-15 13:00:00,3.2768397,0,0
2010-01-15 14:00:00,3.5773554,0,0
2010-01-15 15:00:00,3.7565157,0,0
2010-01-15 16:00:00,3.8006992,0,0
2010-01-15 17:00:00,3.7396424,0,0
2010-01-15 18:00:00,3.6307364,0,0
2010-01-15 19:00:00,3.4215431,0,0
2010-01-15 20:00:00,3.1712363,0,0
2010-01-15 21:00:00,2.8999052,0,0
2010-01-15 22:00:00,2.6997387,0,0
2010-01-15 23:00:00,2.5364375,0,0
2010-01-16 00:00:00,2.3870335,1,0
2010-01-16 01:00:00,2.2307749,1,0
2010-01-16 02:00:00,2.066218,1,0
2010-01-16 03:00:00,1.9045912,1,0
2010-01-16 04:00:00,1.7075459,1,0
2010-01-16 05:00:00,1.5766262,1,0
2010-01-16 06:00:00,1.5120034,1,0
2010-01-16 07:00:00,1.5628228,1,0
2010-01-16 08:00:00,1.9794712,1,0
2010-01-16 09:00:00,2.699997,1,0
2010-01-16 10:00:00,3.1697786,1,0
2010-01-16 11:00:00,3.27413,1,0
2010-01-16 12:00:00,3.514639,1,0
2010-01-16 13:00:00,3.7301002,1,0
2010-01-16 14:00:00,3.915288,1,0
2010-01-16 15:00:00,4.1319494,1,0
2010-01-16 16:00:00,4.561066,1,0
2010-01-16 17:00:00,3.9973912,1,0
2010-01-16 18:00:00,3.5380855,1,0
2010-01-16 19:00:00,3.1458542,1,0
2010-01-16 20:00:00,2.8132837,1,0
2010-01-16 21:00:00,2.5361369,1,0
2010-01-16 22:00:00,2.392785,1,0
2010-01-16 23:00:00,2.1318424,1,0
2010-01-17 00:00:00,1.8070532,1,0
2010-01-17 01:00:00,1.5500326,1,0
2010-01-17 02:00:00,1.3493533,1,0
2010-01-17 03:00:00,1.1637824,1,0
2010-01-17 04:00:00,0.99707764,1,0
2010-01-17 05:00:00,0.8476287,1,0
2010-01-17 06:00:00,0.7073081,1,0
2010-01-17 07:00:00,0.6556513,1,0
2010-01-17 08:00:00,0.7375371,1,0
2010-01-17 09:00:00,0.98449504,1,0
2010-01-17 10:00:00,1.1840849,1,0
2010-01-17 11:00:00,1.4134623,1,0
2010-01-17 12:00:00,1.6280115,1,0
2010-01-17 13:00:00,1.6327357,1,0
2010-01-17 14:00:00,1.5783817,1,0
2010-01-17 15:00:00,1.597448,1,0
2010-01-17 16:00:00,1.5677122,1,0
2010-01-17 17:00:00,1.4793882,1,0
2010-01-17 18:00:00,1.2937232,1,0
2010-01-17 19:00:00,1.21534,1,0
2010-01-17 20:00:00,1.0420897,1,0
2010-01-17 21:00:00,0.81472033,1,0
2010-01-17 22:00:00,0.6887715,1,0
2010-01-17 23:00:00,0.49686065,1,0
2010-01-18 00:00:00,0.16448966,0,0
2010-01-18 01:00:00,-0.05882406,0,0
2010-01-18 02:00:00,-0.11070921,0,0
2010-01-18 03:00:00,-0.201377,0,0
2010-01-18 04:00:00,-0.23648643,0,0
2010-01-18 05:00:00,-0.25307187,0,0
2010-01-18 06:00:00,-0.16920952,0,0
2010-01-18 07:00:00,-0.0379494,0,0
2010-01-18 08:00:00,0.16367875,0,0
2010-01-18 09:00:00,0.2878704,0,0
2010-01-18 10:00:00,0.45881554,0,0
2010-01-18 11:00:00,0.6303035,0,0
2010-01-18 12:00:00,0.8744,0,0
2010-01-18 13:00:00,1.0461973,0,0
2010-01-18 14:00:00,1.1466591,0,0
2010-01-18 15:00:00,1.2086128,0,0
2010-01-18 16:00:00,1.3002515,0,0
2010-01-18 17:00:00,1.1421875,0,0
2010-01-18 18:00:00,0.9031481,0,0
2010-01-18 19:00:00,0.77869195,0,0
2010-01-18 20:00:00,0.57670444,0,0
2010-01-18 21:00:00,0.41755527,0,0
2010-01-18 22:00:00,0.31578544,0,0
2010-01-18 23:00:00,0.16978543,0,0
2010-01-19 00:00:00,0.057908118,0,0
2010-01-19 01:00:00,5.3396223e-05,0,0
2010-01-19 02:00:00,-0.118289314,0,0
2010-01-19 03:00:00,-0.20265232,0,0
2010-01-19 04:00:00,-0.22455072,0,0
2010-01-19 05:00:00,-0.19901855,0,0
2010-01-19 06:00:00,-0.11229509,0,0
2010-01-19 07:00:00,-0.080986485,0,0
2010-01-19 08:00:00,-0.0416367,0,0
2010-01-19 09:00:00,0.07830631,0,0
2010-01-19 10:00:00,0.17070098,0,0
2010-01-19 11:00:00,0.32897604,0,0
2010-01-19 12:00:00,0.6279573,0,0
2010-01-19 13:00:00,0.92095166,0,0
2010-01-19 14:00:00,1.1838433,0,0
2010-01-19 15:00:00,1.4444937,0,0
2010-01-19 16:00:00,1.6183999,0,0
2010-01-19 17:00:00,1.7062513,0,0
2010-01-19 18:00:00,1.6569109,0,0
2010-01-19 19:00:00,1.5622907,0,0
2010-01-19 20:00:00,1.4447335,0,0
2010-01-19 21:00:00,1.2873447,0,0
2010-01-19 22:00:00,1.194774,0,0
2010-01-19 23:00:00,1.074558,0,0
2010-01-20 00:00:00,0.96530384,0,0
2010-01-20 01:00:00,0.8616491,0,0
2010-01-20 02:00:00,0.6523358,0,0
2010-01-20 03:00:00,0.34704354,0,0
2010-01-20 04:00:00,0.15507077,0,0
2010-01-20 05:00:00,0.02637319,0,0
2010-01-20 06:00:00,-0.030389415,0,0
2010-01-20 07:00:00,0.06073154,0,0
2010-01-20 08:00:00,0.6145992,0,0
2010-01-20 09:00:00,0.98781526,0,0
2010-01-20 10:00:00,1.3969479,0,0
2010-01-20 11:00:00,1.7679074,0,0
2010-01-20 12:00:00,2.0722585,0,0
2010-01-20 13:00:00,2.1893,0,0
2010-01-20 14:00:00,2.2784803,0,0
2010-01-20 15:00:00,2.3877587,0,0
2010-01-20 16:00:00,2.468474,0,0
2010-01-20 17:00:00,2.553053,0,0
2010-01-20 18:00:00,2.7119403,0,0
2010-01-20 19:00:00,2.5974486,0,0
2010-01-20 20:00:00,2.4434152,0,0
2010-01-20 21:00:00,2.2020469,0,0
2010-01-20 22:00:00,1.9501837,0,0
2010-01-20 23:00:00,1.7190651,0,0
2010-01-21 00:00:00,1.573293,0,0
2010-01-21 01:00:00,1.455441,0,0
2010-01-21 02:00:00,1.3554045,0,0
2010-01-21 03:00:00,1.259738,0,0
2010-01-21 04:00:00,1.1767399,0,0
2010-01-21 05:00:00,1.1177604,0,0
2010-01-21 06:00:00,1.1277853,0,0
2010-01-21 07:00:00,1.1115248,0,0
2010-01-21 08:00:00,1.1905441,0,0
2010-01-21 09:00:00,1.4164261,0,0
2010-01-21 10:00:00,1.792101,0,0
2010-01-21 11:00:00,2.2292001,0,0
2010-01-21 12:00:00,2.7350965,0,0
2010-01-21 13:00:00,3.1298215,0,0
2010-01-21 14:00:00,3.399925,0,0
2010-01-21 15:00:00,3.4789612,0,0
2010-01-21 16:00:00,3.478368,0,0
2010-01-21 17:00:00,3.3668687,0,0
2010-01-21 18:00:00,3.3192196,0,0
2010-01-21 19:00:00,3.1851995,0,0
2010-01-21 20:00:00,3.0828469,0,0
2010-01-21 21:00:00,2.8719418,0,0
2010-01-21 22:00:00,2.7174578,0,0
2010-01-21 23:00:00,2.456527,0,0
2010-01-22 00:00:00,2.2780645,0,0
2010-01-22 01:00:00,2.1640983,0,0
2010-01-22 02:00:00,2.0630512,0,0
2010-01-22 03:00:00,1.9459249,0,0
2010-01-22 04:00:00,1.9001147,0,0
2010-01-22 05:00:00,1.8070502,0,0
2010-01-22 06:00:00,1.7549561,0,0
2010-01-22 07:00:00,1.7322162,0,0
2010-01-22 08:00:00,2.1209078,0,0
2010-01-22 09:00:00,2.7473152,0,0
2010-01-22 10:00:00,3.2830598,0,0
2010-01-22 11:00:00,3.5951471,0,0
2010-01-22 12:00:00,3.7727427,0,0
2010-01-22 13:00:00,3.8602552,0,0
2010-01-22 14:00:00,4.004453,0,0
2010-01-22 15:00:00,4.080523,0,0
2010-01-22 16:00:00,4.353467,0,0
2010-01-22 17:00:00,4.3202267,0,0
2010-01-22 18:00:00,3.4583268,0,0
2010-01-22 19:00:00,3.3406806,0,0
2010-01-22 20:00:00,2.9891405,0,0
2010-01-22 21:00:00,2.6418593,0,0
2010-01-22 22:00:00,2.4874566,0,0
2010-01-22 23:00:00,2.4387867,0,0
2010-01-23 00:00:00,2.9190242,1,0
2010-01-23 01:00:00,2.7879164,1,0
2010-01-23 02:00:00,2.403356,1,0
2010-01-23 03:00:00,2.1049366,1,0
2010-01-23 04:00:00,1.9055258,1,0
2010-01-23 05:00:00,1.7612345,1,0
2010-01-23 06:00:00,1.5920502,1,0
2010-01-23 07:00:00,1.4790311,1,0
2010-01-23 08:00:00,1.4628503,1,0
2010-01-23 09:00:00,1.5266923,1,0
2010-01-23 10:00:00,1.7242029,1,0
2010-01-23 11:00:00,1.8629223,1,0
2010-01-23 12:00:00,2.0435157,1,0
2010-01-23 13:00:00,2.0704548,1,0
2010-01-23 14:00:00,1.9894288,1,0
2010-01-23 15:00:00,1.9475394,1,0
2010-01-23 16:00:00,1.8651117,1,0
2010-01-23 17:00:00,1.7209102,1,0
2010-01-23 18:00:00,1.6662513,1,0
2010-01-23 19:00:00,1.5117397,1,0
2010-01-23 20:00:00,1.3144516,1,0
2010-01-23 21:00:00,1.1253604,1,0
2010-01-23 22:00:00,0.9685989,1,0
2010-01-23 23:00:00,0.8170419,1,0
2010-01-24 00:00:00,0.68750453,1,0
2010-01-24 01:00:00,0.569808,1,0
2010-01-24 02:00:00,0.4641234,1,0
2010-01-24 03:00:00,0.36503065,1,0
2010-01-24 04:00:00,0.29188633,1,0
2010-01-24 05:00:00,0.2133217,1,0
2010-01-24 06:00:00,0.08733177,1,0
2010-01-24 07:00:00,0.07838867,1,0
2010-01-24 08:00:00,0.27989578,1,0
2010-01-24 09:00:00,0.6249847,1,0
2010-01-24 10:00:00,1.0135012,1,0
2010-01-24 11:00:00,1.425578,1,0
2010-01-24 12:00:00,1.8059423,1,0
2010-01-24 13:00:00,2.1392622,1,0
2010-01-24 14:00:00,2.406667,1,0
2010-01-24 15:00:00,2.5809395,1,0
2010-01-24 16:00:00,2.6363027,1,0
2010-01-24 17:00:00,2.568044,1,0
2010-01-24 18:00:00,2.2630534,1,0
2010-01-24 19:00:00,1.9695989,1,0
2010-01-24 20:00:00,1.6285654,1,0
2010-01-24 21:00:00,1.350631,1,0
2010-01-24 22:00:00,1.1451287,1,0
2010-01-24 23:00:00,0.98754495,1,0
2010-01-25 00:00:00,0.8698018,0,0
2010-01-25 01:00:00,0.7724159,0,0
2010-01-25 02:00:00,0.7088385,0,0
2010-01-25 03:00:00,0.6294911,0,0
2010-01-25 04:00:00,0.5719458,0,0
2010-01-25 05:00:00,0.4540783,0,0
2010-01-25 06:00:00,0.3289625,0,0
2010-01-25 07:00:00,0.23695199,0,0
2010-01-25 08:00:00,0.5019967,0,0
2010-01-25 09:00:00,0.8748279,0,0
2010-01-25 10:00:00,1.2003248,0,0
2010-01-25 11:00:00,1.5393697,0,0
2010-01-25 12:00:00,1.8979423,0,0
2010-01-25 13:00:00,2.1993392,0,0
2010-01-25 14:00:00,2.4397497,0,0
2010-01-25 15:00:00,2.6207905,0,0
2010-01-25 16:00:00,2.7265198,0,0
2010-01-25 17:00:00,2.7202458,0,0
2010-01-25 18:00:00,2.624245,0,0
2010-01-25 19:00:00,2.4112473,0,0
2010-01-25 20:00:00,2.1217167,0,0
2010-01-25 21:00:00,1.8213409,0,0
2010-01-25 22:00:00,1.5988922,0,0
2010-01-25 23:00:00,1.4183352,0,0
2010-01-26 00:00:00,1.2111125,0,1
2010-01-26 01:00:00,1.1431944,0,1
2010-01-26 02:00:00,0.94386464,0,1
2010-01-26 03:00:00,0.709923,0,1
2010-01-26 04:00:00,0.4742276,0,1
2010-01-26 05:00:00,0.2964891,0,1
2010-01-26 06:00:00,0.18233489,0,1
2010-01-26 07:00:00,0.22514544,0,1
2010-01-26 08:00:00,0.8626798,0,1
2010-01-26 09:00:00,1.5607481,0,1
2010-01-26 10:00:00,1.9050645,0,1
2010-01-26 11:00:00,2.3604307,0,1
2010-01-26 12:00:00,2.9039578,0,1
2010-01-26 13:00:00,3.2141907,0,1
2010-01-26 14:00:00,3.1968727,0,1
2010-01-26 15:00:00,2.997408,0,1
2010-01-26 16:00:00,2.9478168,0,1
2010-01-26 17:00:00,2.8796446,0,1
2010-01-26 18:00:00,2.7237487,0,1
2010-01-26 19:00:00,2.536964,0,1
2010-01-26 20:00:00,2.316314,0,1
2010-01-26 21:00:00,2.13299,0,1
2010-01-26 22:00:00,2.0037925,0,1
2010-01-26 23:00:00,1.8703295,0,1
2010-01-27 00:00:00,1.7760502,0,0
2010-01-27 01:00:00,1.6511208,0,0
2010-01-27 02:00:00,1.5318245,0,0
2010-01-27 03:00:00,1.3745725,0,0
2010-01-27 04:00:00,1.2173208,0,0
2010-01-27 05:00:00,1.0528208,0,0
2010-01-27 06:00:00,1.0107361,0,0
2010-01-27 07:00:00,0.9055024,0,0
2010-01-27 08:00:00,0.88659155,0,0
2010-01-27 09:00:00,1.0084668,0,0
2010-01-27 10:00:00,1.2760742,0,0
2010-01-27 11:00:00,1.5839605,0,0
2010-01-27 12:00:00,1.9206072,0,0
2010-01-27 13:00:00,2.1898992,0,0
2010-01-27 14:00:00,2.346187,0,0
2010-01-27 15:00:00,2.3902538,0,0
2010-01-27 16:00:00,2.322493,0,0
2010-01-27 17:00:00,2.1849158,0,0
2010-01-27 18:00:00,2.0321956,0,0
2010-01-27 19:00:00,1.7774847,0,0
2010-01-27 20:00:00,1.481563,0,0
2010-01-27 21:00:00,1.2317989,0,0
2010-01-27 22:00:00,1.046825,0,0
2010-01-27 23:00:00,0.8950506,0,0
2010-01-28 00:00:00,0.77254355,0,0
2010-01-28 01:00:00,0.695292,0,0
2010-01-28 02:00:00,0.64564615,0,0
2010-01-28 03:00:00,0.5873075,0,0
2010-01-28 04:00:00,0.49648067,0,0
2010-01-28 05:00:00,0.38752353,0,0
2010-01-28 06:00:00,0.43259576,0,0
2010-01-28 07:00:00,0.7401811,0,0
2010-01-28 08:00:00,1.1186222,0,0
2010-01-28 09:00:00,1.5596368,0,0
2010-01-28 10:00:00,1.8139122,0,0
2010-01-28 11:00:00,2.296485,0,0
2010-01-28 12:00:00,2.82847,0,0
2010-01-28 13:00:00,3.3308883,0,0
2010-01-28 14:00:00,3.6952353,0,0
2010-01-28 15:00:00,3.858066,0,0
2010-01-28 16:00:00,3.8639524,0,0
2010-01-28 17:00:00,3.7254608,0,0
2010-01-28 18:00:00,3.418623,0,0
2010-01-28 19:00:00,3.2890983,0,0
2010-01-28 20:00:00,3.072201,0,0
2010-01-28 21:00:00,2.7932327,0,0
2010-01-28 22:00:00,2.5954645,0,0
2010-01-28 23:00:00,2.3974805,0,0
2010-01-29 00:00:00,2.2733219,0,0
2010-01-29 01:00:00,2.2646513,0,0
2010-01-29 02:00:00,2.2126112,0,0
2010-01-29 03:00:00,2.1065946,0,0
2010-01-29 04:00:00,2.0438156,0,0
2010-01-29 05:00:00,1.9616002,0,0
2010-01-29 06:00:00,1.8497748,0,0
2010-01-29 07:00:00,1.7600936,0,0
2010-01-29 08:00:00,1.7497267,0,0
2010-01-29 09:00:00,1.7334367,0,0
2010-01-29 10:00:00,1.6860704,0,0
2010-01-29 11:00:00,1.6459523,0,0
2010-01-29 12:00:00,1.5341945,0,0
2010-01-29 13:00:00,1.6702862,0,0
2010-01-29 14:00:00,1.916251,0,0
2010-01-29 15:00:00,2.121981,0,0
2010-01-29 16:00:00,2.2457561,0,0
2010-01-29 17:00:00,2.2848635,0,0
2010-01-29 18:00:00,2.2152402,0,0
2010-01-29 19:00:00,2.090435,0,0
2010-01-29 20:00:00,1.8890916,0,0
2010-01-29 21:00:00,1.6427107,0,0
2010-01-29 22:00:00,1.4103532,0,0
2010-01-29 23:00:00,1.190453,0,0
2010-01-30 00:00:00,0.9945773,1,0
2010-01-30 01:00:00,0.8416381,1,0
2010-01-30 02:00:00,0.7357358,1,0
2010-01-30 03:00:00,0.66054016,1,0
2010-01-30 04:00:00,0.58644223,1,0
2010-01-30 05:00:00,0.5201522,1,0
2010-01-30 06:00:00,0.5135568,1,0
2010-01-30 07:00:00,0.14801855,1,0
2010-01-30 08:00:00,0.5769484,1,0
2010-01-30 09:00:00,1.1533393,1,0
2010-01-30 10:00:00,1.8271537,1,0
2010-01-30 11:00:00,2.6089885,1,0
2010-01-30 12:00:00,3.4073741,1,0
2010-01-30 13:00:00,4.058006,1,0
2010-01-30 14:00:00,4.505986,1,0
2010-01-30 15:00:00,4.699197,1,0
2010-01-30 16:00:00,4.767219,1,0
2010-01-30 17:00:00,4.726283,1,0
2010-01-30 18:00:00,4.632293,1,0
2010-01-30 19:00:00,4.5379333,1,0
2010-01-30 20:00:00,4.325974,1,0
2010-01-30 21:00:00,3.9324276,1,0
2010-01-30 22:00:00,3.559654,1,0
2010-01-30 23:00:00,3.238313,1,0
2010-01-31 00:00:00,2.9329474,1,0
2010-01-31 01:00:00,2.695802,1,0
2010-01-31 02:00:00,2.5241587,1,0
2010-01-31 03:00:00,2.44816,1,0
2010-01-31 04:00:00,2.5895486,1,0
2010-01-31 05:00:00,2.8049214,1,0
2010-01-31 06:00:00,2.9317148,1,0
2010-01-31 07:00:00,3.039734,1,0
2010-01-31 08:00:00,3.228597,1,0
2010-01-31 09:00:00,3.4852188,1,0
2010-01-31 10:00:00,3.780423,1,0
2010-01-31 11:00:00,4.0943327,1,0
2010-01-31 12:00:00,4.4151487,1,0
2010-01-31 13:00:00,4.7447486,1,0
2010-01-31 14:00:00,5.0184417,1,0
2010-01-31 15:00:00,5.207969,1,0
2010-01-31 16:00:00,5.237565,1,0
2010-01-31 17:00:00,5.2018766,1,0
2010-01-31 18:00:00,5.2243752,1,0
2010-01-31 19:00:00,4.2077756,1,0
2010-01-31 20:00:00,3.3866994,1,0
2010-01-31 21:00:00,3.0564265,1,0
2010-01-31 22:00:00,2.8496788,1,0
2010-01-31 23:00:00,2.7037404,1,0
2010-02-01 00:00:00,2.5945933,0,0
2010-02-01 01:00:00,2.4483254,0,0
2010-02-01 02:00:00,2.2679121,0,0
2010-02-01 03:00:00,2.1118267,0,0
2010-02-01 04:00:00,1.9190594,0,0
2010-02-01 05:00:00,1.7306567,0,0
2010-02-01 06:00:00,1.5191944,0,0
2010-02-01 07:00:00,1.4070493,0,0
2010-02-01 08:00:00,1.4101753,0,0
2010-02-01 09:00:00,1.5389788,0,0
2010-02-01 10:00:00,1.7673904,0,0
2010-02-01 11:00:00,2.0377383,0,0
2010-02-01 12:00:00,2.3701618,0,0
2010-02-01 13:00:00,2.6891787,0,0
2010-02-01 14:00:00,2.9323196,0,0
2010-02-01 15:00:00,3.095923,0,0
2010-02-01 16:00:00,3.1691017,0,0
2010-02-01 17:00:00,3.1487095,0,0
2010-02-01 18:00:00,3.0795472,0,0
2010-02-01 19:00:00,2.9854438,0,0
2010-02-01 20:00:00,2.8949442,0,0
2010-02-01 21:00:00,2.7785017,0,0
2010-02-01 22:00:00,2.67442,0,0
2010-02-01 23:00:00,2.5522277,0,0
2010-02-02 00:00:00,2.413923,0,0
2010-02-02 01:00:00,2.2580209,0,0
2010-02-02 02:00:00,2.175211,0,0
2010-02-02 03:00:00,2.1641457,0,0
2010-02-02 04:00:00,1.9567645,0,0
2010-02-02 05:00:00,1.8660223,0,0
2010-02-02 06:00:00,1.7042712,0,0
2010-02-02 07:00:00,1.5382024,0,0
2010-02-02 08:00:00,2.0382135,0,0
2010-02-02 09:00:00,2.7576272,0,0
2010-02-02 10:00:00,3.21329,0,0
2010-02-02 11:00:00,3.4400687,0,0
2010-02-02 12:00:00,3.6119578,0,0
2010-02-02 13:00:00,3.8416526,0,0
2010-02-02 14:00:00,4.185568,0,0
2010-02-02 15:00:00,4.564537,0,0
2010-02-02 16:00:00,4.7250247,0,0
2010-02-02 17:00:00,4.8040447,0,0
2010-02-02 18:00:00,4.8024645,0,0
2010-02-02 19:00:00,4.598882,0,0
2010-02-02 20:00:00,4.1545377,0,0
2010-02-02 21:00:00,3.8486001,0,0
2010-02-02 22:00:00,3.6671531,0,0
2010-02-02 23:00:00,3.4672806,0,0
2010-02-03 00:00:00,3.2638679,0,0
2010-02-03 01:00:00,3.0825746,0,0
2010-02-03 02:00:00,2.7871068,0,0
2010-02-03 03:00:00,2.6691732,0,0
2010-02-03 04:00:00,2.439855,0,0
2010-02-03 05:00:00,2.1325552,0,0
2010-02-03 06:00:00,2.0122793,0,0
2010-02-03 07:00:00,1.9760761,0,0
2010-02-03 08:00:00,2.2466483,0,0
2010-02-03 09:00:00,2.7668595,0,0
2010-02-03 10:00:00,3.2318947,0,0
2010-02-03 11:00:00,3.700883,0,0
2010-02-03 12:00:00,4.1663017,0,0
2010-02-03 13:00:00,4.5493093,0,0
2010-02-03 14:00:00,4.8498764,0,0
2010-02-03 15:00:00,4.9348645,0,0
2010-02-03 16:00:00,4.9961658,0,0
2010-02-03 17:00:00,4.989788,0,0
2010-02-03 18:00:00,5.054315,0,0
2010-02-03 19:00:00,5.0377455,0,0
2010-02-03 20:00:00,4.798682,0,0
2010-02-03 21:00:00,4.5148826,0,0
2010-02-03 22:00:00,4.3029795,0,0
2010-02-03 23:00:00,4.1271586,0,0
2010-02-04 00:00:00,3.9599385,0,0
2010-02-04 01:00:00,3.7716184,0,0
2010-02-04 02:00:00,3.5946074,0,0
2010-02-04 03:00:00,3.5206316,0,0
2010-02-04 04:00:00,3.4557097,0,0
2010-02-04 05:00:00,3.3742826,0,0
2010-02-04 06:00:00,3.378898,0,0
2010-02-04 07:00:00,3.312504,0,0
2010-02-04 08:00:00,3.401427,0,0
2010-02-04 09:00:00,3.6860776,0,0
2010-02-04 10:00:00,3.9621513,0,0
2010-02-04 11:00:00,4.273478,0,0
2010-02-04 12:00:00,4.4076066,0,0
2010-02-04 13:00:00,4.567124,0,0
2010-02-04 14:00:00,4.4693923,0,0
2010-02-04 15:00:00,4.402822,0,0
2010-02-04 16:00:00,4.326809,0,0
2010-02-04 17:00:00,4.2465386,0,0
2010-02-04 18:00:00,4.1147375,0,0
2010-02-04 19:00:00,4.0301104,0,0
2010-02-04 20:00:00,3.9565303,0,0
2010-02-04 21:00:00,3.921272,0,0
2010-02-04 22:00:00,3.8435125,0,0
2010-02-04 23:00:00,3.7108169,0,0
2010-02-05 00:00:00,3.564836,0,0
2010-02-05 01:00:00,3.4202993,0,0
2010-02-05 02:00:00,3.2182,0,0
2010-02-05 03:00:00,3.0604303,0,0
2010-02-05 04:00:00,2.9404716,0,0
2010-02-05 05:00:00,2.8497345,0,0
2010-02-05 06:00:00,2.574512,0,0
2010-02-05 07:00:00,2.4325392,0,0
2010-02-05 08:00:00,2.3106096,0,0
2010-02-05 09:00:00,2.1957903,0,0
2010-02-05 10:00:00,2.1126091,0,0
2010-02-05 11:00:00,2.1048305,0,0
2010-02-05 12:00:00,2.1437519,0,0
2010-02-05 13:00:00,2.110996,0,0
2010-02-05 14:00:00,2.1771345,0,0
2010-02-05 15:00:00,2.1404994,0,0
2010-02-05 16:00:00,2.0820675,0,0
2010-02-05 17:00:00,1.9296759,0,0
2010-02-05 18:00:00,1.8244404,0,0
2010-02-05 19:00:00,1.6809021,0,0
2010-02-05 20:00:00,1.4966444,0,0
2010-02-05 21:00:00,1.3643525,0,0
2010-02-05 22:00:00,1.2704622,0,0
2010-02-05 23:00:00,1.2116486,0,0
2010-02-06 00:00:00,1.1468549,1,0
2010-02-06 01:00:00,1.0762522,1,0
2010-02-06 02:00:00,1.0104082,1,0
2010-02-06 03:00:00,0.9640003,1,0
2010-02-06 04:00:00,0.931918,1,0
2010-02-06 05:00:00,0.9087462,1,0
2010-02-06 06:00:00,0.78600115,1,0
2010-02-06 07:00:00,0.7458825,1,0
2010-02-06 08:00:00,0.89825165,1,0
2010-02-06 09:00:00,1.2006366,1,0
2010-02-06 10:00:00,1.6158872,1,0
2010-02-06 11:00:00,1.990428,1,0
2010-02-06 12:00:00,2.2757363,1,0
2010-02-06 13:00:00,2.5941226,1,0
2010-02-06 14:00:00,2.8699384,1,0
2010-02-06 15:00:00,2.9719098,1,0
2010-02-06 16:00:00,3.0549352,1,0
2010-02-06 17:00:00,3.0584257,1,0
2010-02-06 18:00:00,3.0554187,1,0
2010-02-06 19:00:00,2.791051,1,0
2010-02-06 20:00:00,2.4445598,1,0
2010-02-06 21:00:00,2.0648665,1,0
2010-02-06 22:00:00,1.8347607,1,0
2010-02-06 23:00:00,1.6699528,1,0
2010-02-07 00:00:00,1.5583848,1,0
2010-02-07 01:00:00,1.4650267,1,0
2010-02-07 02:00:00,1.4023756,1,0
2010-02-07 03:00:00,1.3531754,1,0
2010-02-07 04:00:00,1.2872518,1,0
2010-02-07 05:00:00,1.2431384,1,0
2010-02-07 06:00:00,1.0918562,1,0
2010-02-07 07:00:00,0.99491113,1,0
2010-02-07 08:00:00,1.2887366,1,0
2010-02-07 09:00:00,1.7785972,1,0
2010-02-07 10:00:00,2.2438827,1,0
2010-02-07 11:00:00,2.7201788,1,0
2010-02-07 12:00:00,3.2045562,1,0
2010-02-07 13:00:00,3.604204,1,0
2010-02-07 14:00:00,3.916192,1,0
2010-02-07 15:00:00,4.1060495,1,0
2010-02-07 16:00:00,4.1864448,1,0
2010-02-07 17:00:00,4.176857,1,0
2010-02-07 18:00:00,4.145546,1,0
2010-02-07 19:00:00,4.163207,1,0
2010-02-07 20:00:00,3.9240766,1,0
2010-02-07 21:00:00,3.571325,1,0
2010-02-07 22:00:00,3.3523633,1,0
2010-02-07 23:00:00,3.110083,1,0
2010-02-08 00:00:00,2.8752873,0,0
2010-02-08 01:00:00,2.68653,0,0
2010-02-08 02:00:00,2.4796622,0,0
2010-02-08 03:00:00,2.0954285,0,0
2010-02-08 04:00:00,1.9098771,0,0
2010-02-08 05:00:00,1.7993892,0,0
2010-02-08 06:00:00,1.7700421,0,0
2010-02-08 07:00:00,1.6408312,0,0
2010-02-08 08:00:00,2.19907,0,0
2010-02-08 09:00:00,3.0994413,0,0
2010-02-08 10:00:00,3.6331124,0,0
2010-02-08 11:00:00,4.1123967,0,0
2010-02-08 12:00:00,4.529456,0,0
2010-02-08 13:00:00,4.7820706,0,0
2010-02-08 14:00:00,4.8114815,0,0
2010-02-08 15:00:00,4.75317,0,0
2010-02-08 16:00:00,4.665586,0,0
2010-02-08 17:00:00,4.53798,0,0
2010-02-08 18:00:00,4.6002126,0,0
2010-02-08 19:00:00,4.5613894,0,0
2010-02-08 20:00:00,4.1551523,0,0
2010-02-08 21:00:00,3.7257493,0,0
2010-02-08 22:00:00,3.468827,0,0
2010-02-08 23:00:00,3.283631,0,0
2010-02-09 00:00:00,3.0195816,0,0
2010-02-09 01:00:00,2.7776318,0,0
2010-02-09 02:00:00,2.5714993,0,0
2010-02-09 03:00:00,2.4061096,0,0
2010-02-09 04:00:00,2.218581,0,0
2010-02-09 05:00:00,2.088833,0,0
2010-02-09 06:00:00,2.1710851,0,0
2010-02-09 07:00:00,2.2017455,0,0
2010-02-09 08:00:00,2.6846664,0,0
2010-02-09 09:00:00,3.542111,0,0
2010-02-09 10:00:00,4.239491,0,0
2010-02-09 11:00:00,4.698293,0,0
2010-02-09 12:00:00,5.039489,0,0
2010-02-09 13:00:00,5.200505,0,0
2010-02-09 14:00:00,5.3673925,0,0
2010-02-09 15:00:00,5.4572964,0,0
2010-02-09 16:00:00,5.3834686,0,0
2010-02-09 17:00:00,5.2641187,0,0
2010-02-09 18:00:00,5.121981,0,0
2010-02-09 19:00:00,4.931553,0,0
2010-02-09 20:00:00,4.618345,0,0
2010-02-09 21:00:00,4.2394733,0,0
2010-02-09 22:00:00,3.9693558,0,0
2010-02-09 23:00:00,3.7618294,0,0
2010-02-10 00:00:00,3.6021223,0,0
2010-02-10 01:00:00,3.465874,0,0
2010-02-10 02:00:00,3.3387072,0,0
2010-02-10 03:00:00,3.2849748,0,0
2010-02-10 04:00:00,3.2514288,0,0
2010-02-10 05:00:00,3.149041,0,0
2010-02-10 06:00:00,2.998395,0,0
2010-02-10 07:00:00,2.9745145,0,0
2010-02-10 08:00:00,3.2632153,0,0
2010-02-10 09:00:00,3.7844672,0,0
2010-02-10 10:00:00,4.217515,0,0
2010-02-10 11:00:00,4.616456,0,0
2010-02-10 12:00:00,5.122472,0,0
2010-02-10 13:00:00,5.430833,0,0
2010-02-10 14:00:00,5.6532483,0,0
2010-02-10 15:00:00,5.700418,0,0
2010-02-10 16:00:00,5.608545,0,0
2010-02-10 17:00:00,5.6083746,0,0
2010-02-10 18:00:00,5.5833898,0,0
2010-02-10 19:00:00,5.4560018,0,0
2010-02-10 20:00:00,5.2555895,0,0
2010-02-10 21:00:00,4.981897,0,0
2010-02-10 22:00:00,4.8373013,0,0
2010-02-10 23:00:00,4.6671977,0,0
2010-02-11 00:00:00,4.5176272,0,0
2010-02-11 01:00:00,4.3419847,0,0
2010-02-11 02:00:00,4.145786,0,0
2010-02-11 03:00:00,3.9799552,0,0
2010-02-11 04:00:00,3.7316935,0,0
2010-02-11 05:00:00,3.579195,0,0
2010-02-11 06:00:00,3.3956804,0,0
2010-02-11 07:00:00,3.2943707,0,0
2010-02-11 08:00:00,3.6230586,0,0
2010-02-11 09:00:00,4.1065874,0,0
2010-02-11 10:00:00,4.511905,0,0
2010-02-11 11:00:00,4.908461,0,0
2010-02-11 12:00:00,5.1552734,0,0
2010-02-11 13:00:00,5.347841,0,0
2010-02-11 14:00:00,5.33761,0,0
2010-02-11 15:00:00,5.058655,0,0
2010-02-11 16:00:00,4.598176,0,0
2010-02-11 17:00:00,4.4283066,0,0
2010-02-11 18:00:00,4.1343017,0,0
2010-02-11 19:00:00,3.9517927,0,0
2010-02-11 20:00:00,3.865354,0,0
2010-02-11 21:00:00,3.7937975,0,0
2010-02-11 22:00:00,3.6171098,0,0
2010-02-11 23:00:00,3.4664445,0,0
2010-02-12 00:00:00,3.3624272,0,0
2010-02-12 01:00:00,3.305841,0,0
2010-02-12 02:00:00,3.2581646,0,0
2010-02-12 03:00:00,3.1719685,0,0
2010-02-12 04:00:00,3.0458124,0,0
2010-02-12 05:00:00,2.96923,0,0
2010-02-12 06:00:00,2.7719216,0,0
2010-02-12 07:00:00,2.6434007,0,0
2010-02-12 08:00:00,2.5378058,0,0
2010-02-12 09:00:00,2.5150797,0,0
2010-02-12 10:00:00,2.5174284,0,0
2010-02-12 11:00:00,2.5597086,0,0
2010-02-12 12:00:00,2.5696714,0,0
2010-02-12 13:00:00,2.6354208,0,0
2010-02-12 14:00:00,2.7619383,0,0
2010-02-12 15:00:00,2.7782633,0,0
2010-02-12 16:00:00,2.7775373,0,0
2010-02-12 17:00:00,2.6899345,0,0
2010-02-12 18:00:00,2.5632222,0,0
2010-02-12 19:00:00,2.3663454,0,0
2010-02-12 20:00:00,2.1480093,0,0
2010-02-12 21:00:00,2.0147119,0,0
2010-02-12 22:00:00,1.9701716,0,0
2010-02-12 23:00:00,1.9029278,0,0
2010-02-13 00:00:00,1.855556,1,0
2010-02-13 01:00:00,1.8198072,1,0
2010-02-13 02:00:00,1.7889931,1,0
2010-02-13 03:00:00,1.763988,1,0
2010-02-13 04:00:00,1.7451857,1,0
2010-02-13 05:00:00,1.7309242,1,0
2010-02-13 06:00:00,1.8298308,1,0
2010-02-13 07:00:00,1.876595,1,0
2010-02-13 08:00:00,1.9751647,1,0
2010-02-13 09:00:00,2.0969405,1,0
2010-02-13 10:00:00,2.2814386,1,0
2010-02-13 11:00:00,2.5079303,1,0
2010-02-13 12:00:00,2.6151233,1,0
2010-02-13 13:00:00,2.7584107,1,0
2010-02-13 14:00:00,2.8140264,1,0
2010-02-13 15:00:00,2.860258,1,0
2010-02-13 16:00:00,2.9043472,1,0
2010-02-13 17:00:00,2.936989,1,0
2010-02-13 18:00:00,2.6385455,1,0
2010-02-13 19:00:00,2.5323043,1,0
2010-02-13 20:00:00,2.4424393,1,0
2010-02-13 21:00:00,2.357162,1,0
2010-02-13 22:00:00,2.3149977,1,0
2010-02-13 23:00:00,2.2732272,1,0
2010-02-14 00:00:00,2.2478385,1,0
2010-02-14 01:00:00,2.2148077,1,0
2010-02-14 02:00:00,2.196496,1,0
2010-02-14 03:00:00,2.1941724,1,0
2010-02-14 04:00:00,2.1916306,1,0
2010-02-14 05:00:00,2.1880386,1,0
2010-02-14 06:00:00,2.2044098,1,0
2010-02-14 07:00:00,2.165005,1,0
2010-02-14 08:00:00,2.233747,1,0
2010-02-14 09:00:00,2.4487276,1,0
2010-02-14 10:00:00,2.63848,1,0
2010-02-14 11:00:00,2.7809727,1,0
2010-02-14 12:00:00,2.9668984,1,0
2010-02-14 13:00:00,3.1822956,1,0
2010-02-14 14:00:00,3.4470394,1,0
2010-02-14 15:00:00,3.5635316,1,0
2010-02-14 16:00:00,3.6471255,1,0
2010-02-14 17:00:00,3.5962403,1,0
2010-02-14 18:00:00,3.618947,1,0
2010-02-14 19:00:00,3.475523,1,0
2010-02-14 20:00:00,3.234775,1,0
2010-02-14 21:00:00,2.9245317,1,0
2010-02-14 22:00:00,2.6631727,1,0
2010-02-14 23:00:00,2.5105486,1,0
2010-02-15 00:00:00,2.3953657,0,0
2010-02-15 01:00:00,2.2700841,0,0
2010-02-15 02:00:00,2.2216256,0,0
2010-02-15 03:00:00,2.2086322,0,0
2010-02-15 04:00:00,2.1790915,0,0
2010-02-15 05:00:00,2.133563,0,0
2010-02-15 06:00:00,2.1008103,0,0
2010-02-15 07:00:00,2.0847206,0,0
2010-02-15 08:00:00,2.0989497,0,0
2010-02-15 09:00:00,2.1680803,0,0
2010-02-15 10:00:00,2.2861383,0,0
2010-02-15 11:00:00,2.4519982,0,0
2010-02-15 12:00:00,2.6060228,0,0
2010-02-15 13:00:00,2.746036,0,0
2010-02-15 14:00:00,2.9762616,0,0
2010-02-15 15:00:00,3.042386,0,0
2010-02-15 16:00:00,2.9766295,0,0
2010-02-15 17:00:00,2.9232216,0,0
2010-02-15 18:00:00,2.91998,0,0
2010-02-15 19:00:00,2.7868087,0,0
2010-02-15 20:00:00,2.5868897,0,0
2010-02-15 21:00:00,2.345646,0,0
2010-02-15 22:00:00,2.1697056,0,0
2010-02-15 23:00:00,2.0007463,0,0
2010-02-16 00:00:00,1.8527089,0,0
2010-02-16 01:00:00,1.7297407,0,0
2010-02-16 02:00:00,1.6222749,0,0
2010-02-16 03:00:00,1.5452982,0,0
2010-02-16 04:00:00,1.4750845,0,0
2010-02-16 05:00:00,1.442831,0,0
2010-02-16 06:00:00,1.3755476,0,0
2010-02-16 07:00:00,1.3687574,0,0
2010-02-16 08:00:00,1.403988,0,0
2010-02-16 09:00:00,1.5130441,0,0
2010-02-16 10:00:00,1.7220448,0,0
2010-02-16 11:00:00,1.9499217,0,0
2010-02-16 12:00:00,2.310566,0,0
2010-02-16 13:00:00,2.6275373,0,0
2010-02-16 14:00:00,2.8657072,0,0
2010-02-16 15:00:00,3.0318105,0,0
2010-02-16 16:00:00,3.1224265,0,0
2010-02-16 17:00:00,3.1353796,0,0
2010-02-16 18:00:00,3.0703158,0,0
2010-02-16 19:00:00,3.025421,0,0
2010-02-16 20:00:00,2.8197844,0,0
2010-02-16 21:00:00,2.5488787,0,0
2010-02-16 22:00:00,2.3689108,0,0
2010-02-16 23:00:00,2.1781547,0,0
2010-02-17 00:00:00,1.9506786,0,0
2010-02-17 01:00:00,1.7502841,0,0
2010-02-17 02:00:00,1.6105957,0,0
2010-02-17 03:00:00,1.3200507,0,0
2010-02-17 04:00:00,1.2982885,0,0
2010-02-17 05:00:00,1.2722032,0,0
2010-02-17 06:00:00,1.0335106,0,0
2010-02-17 07:00:00,0.91319,0,0
2010-02-17 08:00:00,1.2385774,0,0
2010-02-17 09:00:00,1.5440831,0,0
2010-02-17 10:00:00,1.8328563,0,0
2010-02-17 11:00:00,2.0448897,0,0
2010-02-17 12:00:00,2.3079975,0,0
2010-02-17 13:00:00,2.5172014,0,0
2010-02-17 14:00:00,2.6881483,0,0
2010-02-17 15:00:00,2.8100884,0,0
2010-02-17 16:00:00,2.8598652,0,0
2010-02-17 17:00:00,2.7920525,0,0
2010-02-17 18:00:00,2.756533,0,0
2010-02-17 19:00:00,2.5357018,0,0
2010-02-17 20:00:00,2.2745392,0,0
2010-02-17 21:00:00,2.0454268,0,0
2010-02-17 22:00:00,1.9143236,0,0
2010-02-17 23:00:00,1.8261626,0,0
2010-02-18 00:00:00,1.7502313,0,0
2010-02-18 01:00:00,1.6837753,0,0
2010-02-18 02:00:00,1.6305996,0,0
2010-02-18 03:00:00,1.6207079,0,0
2010-02-18 04:00:00,1.5719072,0,0
2010-02-18 05:00:00,1.5356779,0,0
2010-02-18 06:00:00,1.490853,0,0
2010-02-18 07:00:00,1.4998327,0,0
2010-02-18 08:00:00,1.5390389,0,0
2010-02-18 09:00:00,1.6108478,0,0
2010-02-18 10:00:00,1.8102543,0,0
2010-02-18 11:00:00,2.033221,0,0
2010-02-18 12:00:00,2.3453841,0,0
2010-02-18 13:00:00,2.6185064,0,0
2010-02-18 14:00:00,2.8719277,0,0
2010-02-18 15:00:00,3.0521853,0,0
2010-02-18 16:00:00,3.1431901,0,0
2010-02-18 17:00:00,3.1143835,0,0
2010-02-18 18:00:00,3.0107338,0,0
2010-02-18 19:00:00,2.8368924,0,0
2010-02-18 20:00:00,2.622938,0,0
2010-02-18 21:00:00,2.4230409,0,0
2010-02-18 22:00:00,2.28574,0,0
2010-02-18 23:00:00,2.126033,0,0
2010-02-19 00:00:00,1.9418218,0,0
2010-02-19 01:00:00,1.7149434,0,0
2010-02-19 02:00:00,1.5299046,0,0
2010-02-19 03:00:00,1.332735,0,0
2010-02-19 04:00:00,1.173206,0,0
2010-02-19 05:00:00,1.0975772,0,0
2010-02-19 06:00:00,1.1061904,0,0
2010-02-19 07:00:00,1.1626561,0,0
2010-02-19 08:00:00,1.2962574,0,0
2010-02-19 09:00:00,1.6520326,0,0
2010-02-19 10:00:00,2.044417,0,0
2010-02-19 11:00:00,2.4584668,0,0
2010-02-19 12:00:00,2.886235,0,0
2010-02-19 13:00:00,3.251076,0,0
2010-02-19 14:00:00,3.5313582,0,0
2010-02-19 15:00:00,3.7390883,0,0
2010-02-19 16:00:00,3.8595474,0,0
2010-02-19 17:00:00,3.8843846,0,0
2010-02-19 18:00:00,3.7446284,0,0
2010-02-19 19:00:00,3.7385218,0,0
2010-02-19 20:00:00,3.4022207,0,0
2010-02-19 21:00:00,3.0133991,0,0
2010-02-19 22:00:00,2.786182,0,0
2010-02-19 23:00:00,2.6449628,0,0
2010-02-20 00:00:00,2.539038,1,0
2010-02-20 01:00:00,2.4703653,1,0
2010-02-20 02:00:00,2.4033546,1,0
2010-02-20 03:00:00,2.3187463,1,0
2010-02-20 04:00:00,2.2237883,1,0
2010-02-20 05:00:00,2.1328056,1,0
2010-02-20 06:00:00,2.0814683,1,0
2010-02-20 07:00:00,2.0418923,1,0
2010-02-20 08:00:00,2.1467512,1,0
2010-02-20 09:00:00,2.5496233,1,0
2010-02-20 10:00:00,2.9900327,1,0
2010-02-20 11:00:00,3.3982735,1,0
2010-02-20 12:00:00,3.730524,1,0
2010-02-20 13:00:00,3.979489,1,0
2010-02-20 14:00:00,4.181148,1,0
2010-02-20 15:00:00,4.3102555,1,0
2010-02-20 16:00:00,4.331025,1,0
2010-02-20 17:00:00,4.2742567,1,0
2010-02-20 18:00:00,4.150958,1,0
2010-02-20 19:00:00,3.9489985,1,0
2010-02-20 20:00:00,3.5765634,1,0
2010-02-20 21:00:00,3.245612,1,0
2010-02-20 22:00:00,3.0483072,1,0
2010-02-20 23:00:00,2.919494,1,0
2010-02-21 00:00:00,2.8651516,1,0
2010-02-21 01:00:00,2.843488,1,0
2010-02-21 02:00:00,2.855937,1,0
2010-02-21 03:00:00,3.0074923,1,0
2010-02-21 04:00:00,3.1737995,1,0
2010-02-21 05:00:00,3.27875,1,0
2010-02-21 06:00:00,3.1289418,1,0
2010-02-21 07:00:00,3.040582,1,0
2010-02-21 08:00:00,3.2578366,1,0
2010-02-21 09:00:00,3.418517,1,0
2010-02-21 10:00:00,3.6211545,1,0
2010-02-21 11:00:00,3.8445358,1,0
2010-02-21 12:00:00,4.025888,1,0
2010-02-21 13:00:00,4.2350216,1,0
2010-02-21 14:00:00,4.3048882,1,0
2010-02-21 15:00:00,4.320561,1,0
2010-02-21 16:00:00,4.329888,1,0
2010-02-21 17:00:00,4.250703,1,0
2010-02-21 18:00:00,4.043613,1,0
2010-02-21 19:00:00,3.6671453,1,0
2010-02-21 20:00:00,3.3421063,1,0
2010-02-21 21:00:00,3.0514832,1,0
2010-02-21 22:00:00,2.808,1,0
2010-02-21 23:00:00,2.631991,1,0
2010-02-22 00:00:00,2.5274363,0,0
2010-02-22 01:00:00,2.4445071,0,0
2010-02-22 02:00:00,2.3628466,0,0
2010-02-22 03:00:00,2.3100595,0,0
2010-02-22 04:00:00,2.277098,0,0
2010-02-22 05:00:00,2.2580729,0,0
2010-02-22 06:00:00,2.2087293,0,0
2010-02-22 07:00:00,2.2624354,0,0
2010-02-22 08:00:00,2.3813763,0,0
2010-02-22 09:00:00,2.5587819,0,0
2010-02-22 10:00:00,2.7282395,0,0
2010-02-22 11:00:00,3.0386696,0,0
2010-02-22 12:00:00,3.3114362,0,0
2010-02-22 13:00:00,3.5244577,0,0
2010-02-22 14:00:00,3.4947028,0,0
2010-02-22 15:00:00,3.5048795,0,0
2010-02-22 16:00:00,3.4112327,0,0
2010-02-22 17:00:00,3.217366,0,0
2010-02-22 18:00:00,2.9452455,0,0
2010-02-22 19:00:00,2.7916858,0,0
2010-02-22 20:00:00,2.544588,0,0
2010-02-22 21:00:00,2.244211,0,0
2010-02-22 22:00:00,1.8913373,0,0
2010-02-22 23:00:00,1.5362623,0,0
2010-02-23 00:00:00,1.059987,0,0
2010-02-23 01:00:00,0.7344356,0,0
2010-02-23 02:00:00,0.5975585,0,0
2010-02-23 03:00:00,0.5486955,0,0
2010-02-23 04:00:00,0.5155054,0,0
2010-02-23 05:00:00,0.51468486,0,0
2010-02-23 06:00:00,0.52111775,0,0
2010-02-23 07:00:00,0.5233984,0,0
2010-02-23 08:00:00,0.6515677,0,0
2010-02-23 09:00:00,0.94816095,0,0
2010-02-23 10:00:00,1.3316146,0,0
2010-02-23 11:00:00,1.5557872,0,0
2010-02-23 12:00:00,1.644384,0,0
2010-02-23 13:00:00,1.8498338,0,0
2010-02-23 14:00:00,1.985051,0,0
2010-02-23 15:00:00,2.1308405,0,0
2010-02-23 16:00:00,2.1974347,0,0
2010-02-23 17:00:00,2.1598384,0,0
2010-02-23 18:00:00,2.0827386,0,0
2010-02-23 19:00:00,1.8768256,0,0
2010-02-23 20:00:00,1.6376581,0,0
2010-02-23 21:00:00,1.4143821,0,0
2010-02-23 22:00:00,1.2415191,0,0
2010-02-23 23:00:00,1.1101534,0,0
2010-02-24 00:00:00,0.9848148,0,0
2010-02-24 01:00:00,0.8750752,0,0
2010-02-24 02:00:00,0.74939436,0,0
2010-02-24 03:00:00,0.58541095,0,0
2010-02-24 04:00:00,0.3930719,0,0
2010-02-24 05:00:00,0.28959036,0,0
2010-02-24 06:00:00,0.1645297,0,0
2010-02-24 07:00:00,0.3078636,0,0
2010-02-24 08:00:00,0.23403908,0,0
2010-02-24 09:00:00,0.76886326,0,0
2010-02-24 10:00:00,1.0792466,0,0
2010-02-24 11:00:00,1.3557007,0,0
2010-02-24 12:00:00,1.6010587,0,0
2010-02-24 13:00:00,1.8163141,0,0
2010-02-24 14:00:00,2.0098126,0,0
2010-02-24 15:00:00,2.150671,0,0
2010-02-24 16:00:00,2.201493,0,0
2010-02-24 17:00:00,2.122496,0,0
2010-02-24 18:00:00,2.0546935,0,0
2010-02-24 19:00:00,1.8290743,0,0
2010-02-24 20:00:00,1.5857998,0,0
2010-02-24 21:00:00,1.3756773,0,0
2010-02-24 22:00:00,1.2082295,0,0
2010-02-24 23:00:00,1.0760812,0,0
2010-02-25 00:00:00,0.9619715,0,0
2010-02-25 01:00:00,0.85987395,0,0
2010-02-25 02:00:00,0.7621458,0,0
2010-02-25 03:00:00,0.6486481,0,0
2010-02-25 04:00:00,0.52934134,0,0
2010-02-25 05:00:00,0.39426976,0,0
2010-02-25 06:00:00,0.24740939,0,0
2010-02-25 07:00:00,0.12486282,0,0
2010-02-25 08:00:00,0.31066892,0,0
2010-02-25 09:00:00,0.8887976,0,0
2010-02-25 10:00:00,1.1579393,0,0
2010-02-25 11:00:00,1.5138788,0,0
2010-02-25 12:00:00,1.9103601,0,0
2010-02-25 13:00:00,2.2921665,0,0
2010-02-25 14:00:00,2.6308084,0,0
2010-02-25 15:00:00,2.8817377,0,0
2010-02-25 16:00:00,3.0190017,0,0
2010-02-25 17:00:00,3.0335186,0,0
2010-02-25 18:00:00,3.024894,0,0
2010-02-25 19:00:00,2.8674688,0,0
2010-02-25 20:00:00,2.6128116,0,0
2010-02-25 21:00:00,2.3695836,0,0
2010-02-25 22:00:00,2.2229319,0,0
2010-02-25 23:00:00,2.0482082,0,0
2010-02-26 00:00:00,1.8486602,0,0
2010-02-26 01:00:00,1.6142833,0,0
2010-02-26 02:00:00,1.4248748,0,0
2010-02-26 03:00:00,1.279065,0,0
2010-02-26 04:00:00,1.1412858,0,0
2010-02-26 05:00:00,1.0283581,0,0
2010-02-26 06:00:00,0.97032726,0,0
2010-02-26 07:00:00,1.0329162,0,0
2010-02-26 08:00:00,1.318852,0,0
2010-02-26 09:00:00,1.7716639,0,0
2010-02-26 10:00:00,2.1865935,0,0
2010-02-26 11:00:00,2.6583564,0,0
2010-02-26 12:00:00,3.1329236,0,0
2010-02-26 13:00:00,3.5636,0,0
2010-02-26 14:00:00,3.916624,0,0
2010-02-26 15:00:00,4.15709,0,0
2010-02-26 16:00:00,4.2399883,0,0
2010-02-26 17:00:00,4.162256,0,0
2010-02-26 18:00:00,3.9641294,0,0
2010-02-26 19:00:00,3.9042559,0,0
2010-02-26 20:00:00,3.6178706,0,0
2010-02-26 21:00:00,3.3789952,0,0
2010-02-26 22:00:00,3.1956336,0,0
2010-02-26 23:00:00,3.0650733,0,0
2010-02-27 00:00:00,2.9608555,1,0
2010-02-27 01:00:00,2.8812213,1,0
2010-02-27 02:00:00,2.8016338,1,0
2010-02-27 03:00:00,2.7543688,1,0
2010-02-27 04:00:00,2.7196755,1,0
2010-02-27 05:00:00,2.7674904,1,0
2010-02-27 06:00:00,2.859245,1,0
2010-02-27 07:00:00,2.8585036,1,0
2010-02-27 08:00:00,2.9568765,1,0
2010-02-27 09:00:00,3.2079194,1,0
2010-02-27 10:00:00,3.35926,1,0
2010-02-27 11:00:00,3.3338542,1,0
2010-02-27 12:00:00,3.3553848,1,0
2010-02-27 13:00:00,3.122041,1,0
2010-02-27 14:00:00,2.8751352,1,0
2010-02-27 15:00:00,2.7074077,1,0
2010-02-27 16:00:00,2.5978541,1,0
2010-02-27 17:00:00,2.4503734,1,0
2010-02-27 18:00:00,2.2492242,1,0
2010-02-27 19:00:00,2.14784,1,0
2010-02-27 20:00:00,1.950354,1,0
2010-02-27 21:00:00,1.8206505,1,0
2010-02-27 22:00:00,1.7220484,1,0
2010-02-27 23:00:00,1.6131014,1,0
2010-02-28 00:00:00,1.4786003,1,0
2010-02-28 01:00:00,1.3600864,1,0
2010-02-28 02:00:00,1.2842401,1,0
2010-02-28 03:00:00,1.2387064,1,0
2010-02-28 04:00:00,1.1981074,1,0
2010-02-28 05:00:00,1.1783515,1,0
2010-02-28 06:00:00,0.9746421,1,0
2010-02-28 07:00:00,0.92657197,1,0
2010-02-28 08:00:00,0.81936705,1,0
2010-02-28 09:00:00,0.8379312,1,0
2010-02-28 10:00:00,0.8636246,1,0
2010-02-28 11:00:00,0.90325433,1,0
2010-02-28 12:00:00,1.0304178,1,0
2010-02-28 13:00:00,1.1533605,1,0
2010-02-28 14:00:00,1.1515843,1,0
2010-02-28 15:00:00,1.086685,1,0
2010-02-28 16:00:00,1.1406852,1,0
2010-02-28 17:00:00,1.0984517,1,0
2010-02-28 18:00:00,0.9882726,1,0
2010-02-28 19:00:00,0.88149375,1,0
2010-02-28 20:00:00,0.86128473,1,0
2010-02-28 21:00:00,0.9286183,1,0
2010-02-28 22:00:00,0.8713354,1,0
2010-02-28 23:00:00,0.752946,1,0
2010-03-01 00:00:00,0.58861697,0,0
2010-03-01 01:00:00,0.41432717,0,0
2010-03-01 02:00:00,0.20064783,0,0
2010-03-01 03:00:00,-0.03334207,0,0
2010-03-01 04:00:00,-0.2771169,0,0
2010-03-01 05:00:00,-0.35701883,0,0
2010-03-01 06:00:00,-0.311015,0,0
2010-03-01 07:00:00,-0.35908508,0,0
2010-03-01 08:00:00,-0.32486522,0,0
2010-03-01 09:00:00,-0.09478153,0,0
2010-03-01 10:00:00,0.323275,0,0
2010-03-01 11:00:00,0.6704869,0,0
2010-03-01 12:00:00,0.9544169,0,0
2010-03-01 13:00:00,1.1150503,0,0
2010-03-01 14:00:00,1.2127782,0,0
2010-03-01 15:00:00,1.3485185,0,0
2010-03-01 16:00:00,1.4016943,0,0
2010-03-01 17:00:00,1.3928387,0,0
2010-03-01 18:00:00,1.3651657,0,0
2010-03-01 19:00:00,1.2174855,0,0
2010-03-01 20:00:00,1.0171204,0,0
2010-03-01 21:00:00,0.8187147,0,0
2010-03-01 22:00:00,0.66381603,0,0
2010-03-01 23:00:00,0.54080105,0,0
2010-03-02 00:00:00,0.4231099,0,0
2010-03-02 01:00:00,0.3330292,0,0
2010-03-02 02:00:00,0.24316652,0,0
2010-03-02 03:00:00,0.1694623,0,0
2010-03-02 04:00:00,0.1293489,0,0
2010-03-02 05:00:00,0.06001456,0,0
2010-03-02 06:00:00,0.037717056,0,0
2010-03-02 07:00:00,-0.04253223,0,0
2010-03-02 08:00:00,0.005889025,0,0
2010-03-02 09:00:00,0.46401584,0,0
2010-03-02 10:00:00,0.7179403,0,0
2010-03-02 11:00:00,1.0282648,0,0
2010-03-02 12:00:00,1.2858349,0,0
2010-03-02 13:00:00,1.5320547,0,0
2010-03-02 14:00:00,1.6955444,0,0
2010-03-02 15:00:00,1.8370138,0,0
2010-03-02 16:00:00,1.8869345,0,0
2010-03-02 17:00:00,1.7954866,0,0
2010-03-02 18:00:00,1.6678132,0,0
2010-03-02 19:00:00,1.4567474,0,0
2010-03-02 20:00:00,1.2249994,0,0
2010-03-02 21:00:00,1.0670716,0,0
2010-03-02 22:00:00,0.97610444,0,0
2010-03-02 23:00:00,0.891216,0,0
2010-03-03 00:00:00,0.81196547,0,0
2010-03-03 01:00:00,0.68079007,0,0
2010-03-03 02:00:00,0.5687175,0,0
2010-03-03 03:00:00,0.6571789,0,0
2010-03-03 04:00:00,0.64836,0,0
2010-03-03 05:00:00,0.6267984,0,0
2010-03-03 06:00:00,0.59706247,0,0
2010-03-03 07:00:00,0.5431315,0,0
2010-03-03 08:00:00,0.55843204,0,0
2010-03-03 09:00:00,1.0044057,0,0
2010-03-03 10:00:00,1.5056064,0,0
2010-03-03 11:00:00,1.8904694,0,0
2010-03-03 12:00:00,2.2703514,0,0
2010-03-03 13:00:00,2.632851,0,0
2010-03-03 14:00:00,2.9276814,0,0
2010-03-03 15:00:00,3.1155398,0,0
2010-03-03 16:00:00,3.1697693,0,0
2010-03-03 17:00:00,3.1265435,0,0
2010-03-03 18:00:00,3.1550329,0,0
2010-03-03 19:00:00,3.0079298,0,0
2010-03-03 20:00:00,2.69515,0,0
2010-03-03 21:00:00,2.4230208,0,0
2010-03-03 22:00:00,2.2362382,0,0
2010-03-03 23:00:00,2.0644448,0,0
2010-03-04 00:00:00,1.8508861,0,0
2010-03-04 01:00:00,1.5662277,0,0
2010-03-04 02:00:00,1.3375678,0,0
2010-03-04 03:00:00,1.1838012,0,0
2010-03-04 04:00:00,1.073975,0,0
2010-03-04 05:00:00,1.0131898,0,0
2010-03-04 06:00:00,0.98079306,0,0
2010-03-04 07:00:00,1.0043486,0,0
2010-03-04 08:00:00,1.1636378,0,0
2010-03-04 09:00:00,1.6986824,0,0
2010-03-04 10:00:00,2.171202,0,0
2010-03-04 11:00:00,2.5374498,0,0
2010-03-04 12:00:00,2.8583622,0,0
2010-03-04 13:00:00,3.055978,0,0
2010-03-04 14:00:00,3.160856,0,0
2010-03-04 15:00:00,3.2997997,0,0
2010-03-04 16:00:00,3.324072,0,0
2010-03-04 17:00:00,3.259748,0,0
2010-03-04 18:00:00,3.2508814,0,0
2010-03-04 19:00:00,3.093337,0,0
2010-03-04 20:00:00,2.8577812,0,0
2010-03-04 21:00:00,2.7085705,0,0
2010-03-04 22:00:00,2.6077633,0,0
2010-03-04 23:00:00,2.472629,0,0
2010-03-05 00:00:00,2.3760624,0,0
2010-03-05 01:00:00,2.299321,0,0
2010-03-05 02:00:00,2.235327,0,0
2010-03-05 03:00:00,2.1873534,0,0
2010-03-05 04:00:00,2.1779475,0,0
2010-03-05 05:00:00,2.163185,0,0
2010-03-05 06:00:00,1.970357,0,0
2010-03-05 07:00:00,1.8397793,0,0
2010-03-05 08:00:00,1.8772714,0,0
2010-03-05 09:00:00,2.308992,0,0
2010-03-05 10:00:00,2.6405132,0,0
2010-03-05 11:00:00,2.9805477,0,0
2010-03-05 12:00:00,3.209154,0,0
2010-03-05 13:00:00,3.223576,0,0
2010-03-05 14:00:00,3.235429,0,0
2010-03-05 15:00:00,3.229186,0,0
2010-03-05 16:00:00,3.1381638,0,0
2010-03-05 17:00:00,2.9878163,0,0
2010-03-05 18:00:00,3.11754,0,0
2010-03-05 19:00:00,3.0917156,0,0
2010-03-05 20:00:00,2.967633,0,0
2010-03-05 21:00:00,2.8849492,0,0
2010-03-05 22:00:00,2.861879,0,0
2010-03-05 23:00:00,2.844447,0,0
2010-03-06 00:00:00,2.8305056,1,0
2010-03-06 01:00:00,2.8085325,1,0
2010-03-06 02:00:00,2.819271,1,0
2010-03-06 03:00:00,2.810749,1,0
2010-03-06 04:00:00,2.8111382,1,0
2010-03-06 05:00:00,2.7775471,1,0
2010-03-06 06:00:00,2.7112453,1,0
2010-03-06 07:00:00,2.6382546,1,0
2010-03-06 08:00:00,2.6508265,1,0
2010-03-06 09:00:00,2.8216684,1,0
2010-03-06 10:00:00,3.019955,1,0
2010-03-06 11:00:00,3.1468592,1,0
2010-03-06 12:00:00,3.3483782,1,0
2010-03-06 13:00:00,3.4333773,1,0
2010-03-06 14:00:00,3.6332443,1,0
2010-03-06 15:00:00,3.5934782,1,0
2010-03-06 16:00:00,3.3717968,1,0
2010-03-06 17:00:00,3.0628393,1,0
2010-03-06 18:00:00,3.0591362,1,0
2010-03-06 19:00:00,2.8978496,1,0
2010-03-06 20:00:00,2.8205564,1,0
2010-03-06 21:00:00,2.7818356,1,0
2010-03-06 22:00:00,2.6345396,1,0
2010-03-06 23:00:00,2.5925982,1,0
2010-03-07 00:00:00,2.4598505,1,0
2010-03-07 01:00:00,2.371432,1,0
2010-03-07 02:00:00,2.3611517,1,0
2010-03-07 03:00:00,2.319822,1,0
2010-03-07 04:00:00,2.3147907,1,0
2010-03-07 05:00:00,2.285079,1,0
2010-03-07 06:00:00,2.251877,1,0
2010-03-07 07:00:00,2.2107182,1,0
2010-03-07 08:00:00,2.2382274,1,0
2010-03-07 09:00:00,2.3190334,1,0
2010-03-07 10:00:00,2.4005282,1,0
2010-03-07 11:00:00,2.6011903,1,0
2010-03-07 12:00:00,2.8165767,1,0
2010-03-07 13:00:00,2.9021444,1,0
2010-03-07 14:00:00,2.9695022,1,0
2010-03-07 15:00:00,3.0056307,1,0
2010-03-07 16:00:00,2.9325538,1,0
2010-03-07 17:00:00,3.0166197,1,0
2010-03-07 18:00:00,2.8692544,1,0
2010-03-07 19:00:00,2.6815822,1,0
2010-03-07 20:00:00,2.571464,1,0
2010-03-07 21:00:00,2.5291338,1,0
2010-03-07 22:00:00,2.5006435,1,0
2010-03-07 23:00:00,2.4810636,1,0
2010-03-08 00:00:00,2.3889837,0,1
2010-03-08 01:00:00,2.2869487,0,1
2010-03-08 02:00:00,2.1676576,0,1
2010-03-08 03:00:00,2.065478,0,1
2010-03-08 04:00:00,1.9293253,0,1
2010-03-08 05:00:00,1.8142273,0,1
2010-03-08 06:00:00,1.7103262,0,1
2010-03-08 07:00:00,1.5825131,0,1
2010-03-08 08:00:00,1.6083875,0,1
2010-03-08 09:00:00,1.7752635,0,1
2010-03-08 10:00:00,1.8737518,0,1
2010-03-08 11:00:00,2.0454261,0,1
2010-03-08 12:00:00,2.207098,0,1
2010-03-08 13:00:00,2.0321677,0,1
2010-03-08 14:00:00,2.163161,0,1
2010-03-08 15:00:00,2.0087776,0,1
2010-03-08 16:00:00,2.126664,0,1
2010-03-08 17:00:00,2.1572962,0,1
2010-03-08 18:00:00,1.826451,0,1
2010-03-08 19:00:00,1.6426315,0,1
2010-03-08 20:00:00,1.4894229,0,1
2010-03-08 21:00:00,1.4527012,0,1
2010-03-08 22:00:00,1.3973031,0,1
2010-03-08 23:00:00,1.3661002,0,1
2010-03-09 00:00:00,1.3334581,0,0
2010-03-09 01:00:00,1.3215154,0,0
2010-03-09 02:00:00,1.3377435,0,0
2010-03-09 03:00:00,1.4086555,0,0
2010-03-09 04:00:00,1.3905668,0,0
2010-03-09 05:00:00,1.2903646,0,0
2010-03-09 06:00:00,1.2281177,0,0
2010-03-09 07:00:00,1.147879,0,0
2010-03-09 08:00:00,1.0683765,0,0
2010-03-09 09:00:00,0.95957124,0,0
2010-03-09 10:00:00,0.97809374,0,0
2010-03-09 11:00:00,1.1813443,0,0
2010-03-09 12:00:00,1.2432958,0,0
2010-03-09 13:00:00,1.145086,0,0
2010-03-09 14:00:00,0.94554883,0,0
2010-03-09 15:00:00,0.7177894,0,0
2010-03-09 16:00:00,0.54425776,0,0
2010-03-09 17:00:00,0.48594517,0,0
2010-03-09 18:00:00,0.43866116,0,0
2010-03-09 19:00:00,0.3730379,0,0
2010-03-09 20:00:00,0.28902873,0,0
2010-03-09 21:00:00,0.21104635,0,0
2010-03-09 22:00:00,0.16233206,0,0
2010-03-09 23:00:00,0.1389095,0,0
2010-03-10 00:00:00,0.106576644,0,0
2010-03-10 01:00:00,0.061181374,0,0
2010-03-10 02:00:00,0.07938089,0,0
2010-03-10 03:00:00,0.065257564,0,0
2010-03-10 04:00:00,0.061660387,0,0
2010-03-10 05:00:00,0.036660444,0,0
2010-03-10 06:00:00,0.014794793,0,0
2010-03-10 07:00:00,-0.048469827,0,0
2010-03-10 08:00:00,-0.09455796,0,0
2010-03-10 09:00:00,0.008243181,0,0
2010-03-10 10:00:00,0.085301295,0,0
2010-03-10 11:00:00,0.17711824,0,0
2010-03-10 12:00:00,0.27832624,0,0
2010-03-10 13:00:00,0.36591205,0,0
2010-03-10 14:00:00,0.6047299,0,0
2010-03-10 15:00:00,0.67953134,0,0
2010-03-10 16:00:00,0.7178113,0,0
2010-03-10 17:00:00,0.7015314,0,0
2010-03-10 18:00:00,0.69881684,0,0
2010-03-10 19:00:00,0.5878638,0,0
2010-03-10 20:00:00,0.43292347,0,0
2010-03-10 21:00:00,0.2742719,0,0
2010-03-10 22:00:00,0.20083553,0,0
2010-03-10 23:00:00,0.17575084,0,0
2010-03-11 00:00:00,0.19697213,0,0
2010-03-11 01:00:00,0.10773299,0,0
2010-03-11 02:00:00,0.063250124,0,0
2010-03-11 03:00:00,-0.036620528,0,0
2010-03-11 04:00:00,-0.123428464,0,0
2010-03-11 05:00:00,-0.21944228,0,0
2010-03-11 06:00:00,-0.44661072,0,0
2010-03-11 07:00:00,-0.5651295,0,0
2010-03-11 08:00:00,-0.5240035,0,0
2010-03-11 09:00:00,0.1375372,0,0
2010-03-11 10:00:00,0.43091354,0,0
2010-03-11 11:00:00,0.61365104,0,0
2010-03-11 12:00:00,0.8095894,0,0
2010-03-11 13:00:00,0.9605347,0,0
2010-03-11 14:00:00,1.148001,0,0
2010-03-11 15:00:00,1.3211765,0,0
2010-03-11 16:00:00,1.3396814,0,0
2010-03-11 17:00:00,1.2663692,0,0
2010-03-11 18:00:00,1.2740488,0,0
2010-03-11 19:00:00,1.0527321,0,0
2010-03-11 20:00:00,0.8085164,0,0
2010-03-11 21:00:00,0.6447072,0,0
2010-03-11 22:00:00,0.55742556,0,0
2010-03-11 23:00:00,0.49997166,0,0
2010-03-12 00:00:00,0.45889935,0,0
2010-03-12 01:00:00,0.3593901,0,0
2010-03-12 02:00:00,0.19500384,0,0
2010-03-12 03:00:00,0.16863514,0,0
2010-03-12 04:00:00,0.117045335,0,0
2010-03-12 05:00:00,0.046076335,0,0
2010-03-12 06:00:00,-0.06991112,0,0
2010-03-12 07:00:00,-0.4920479,0,0
2010-03-12 08:00:00,-0.58354133,0,0
2010-03-12 09:00:00,0.21900998,0,0
2010-03-12 10:00:00,0.64539325,0,0
2010-03-12 11:00:00,1.0837344,0,0
2010-03-12 12:00:00,1.5360123,0,0
2010-03-12 13:00:00,1.9109851,0,0
2010-03-12 14:00:00,2.1979554,0,0
2010-03-12 15:00:00,2.3505661,0,0
2010-03-12 16:00:00,2.3699415,0,0
2010-03-12 17:00:00,2.2833455,0,0
2010-03-12 18:00:00,2.1945395,0,0
2010-03-12 19:00:00,2.1293786,0,0
2010-03-12 20:00:00,1.8521961,0,0
2010-03-12 21:00:00,1.6746383,0,0
2010-03-12 22:00:00,1.4750683,0,0
2010-03-12 23:00:00,1.2099841,0,0
2010-03-13 00:00:00,1.0419121,1,0
2010-03-13 01:00:00,0.88804173,1,0
2010-03-13 02:00:00,0.7318249,1,0
2010-03-13 03:00:00,0.5567887,1,0
2010-03-13 04:00:00,0.33149517,1,0
2010-03-13 05:00:00,0.11711618,1,0
2010-03-13 06:00:00,-0.21891762,1,0
2010-03-13 07:00:00,-0.3974836,1,0
2010-03-13 08:00:00,-0.3257472,1,0
2010-03-13 09:00:00,0.64020485,1,0
2010-03-13 10:00:00,1.2787402,1,0
2010-03-13 11:00:00,1.7035439,1,0
2010-03-13 12:00:00,2.0330453,1,0
2010-03-13 13:00:00,2.2961235,1,0
2010-03-13 14:00:00,2.5058823,1,0
2010-03-13 15:00:00,2.6511202,1,0
2010-03-13 16:00:00,2.6973655,1,0
2010-03-13 17:00:00,2.6834078,1,0
2010-03-13 18:00:00,2.4979913,1,0
2010-03-13 19:00:00,2.4181063,1,0
2010-03-13 20:00:00,2.0459287,1,0
2010-03-13 21:00:00,1.7774266,1,0
2010-03-13 22:00:00,1.5782455,1,0
2010-03-13 23:00:00,1.3848732,1,0
2010-03-14 00:00:00,1.1811597,1,0
2010-03-14 01:00:00,0.81442034,1,0
2010-03-14 02:00:00,0.50951695,1,0
2010-03-14 03:00:00,0.3245249,1,0
2010-03-14 04:00:00,0.1711471,1,0
2010-03-14 05:00:00,0.01742695,1,0
2010-03-14 06:00:00,-0.086154535,1,0
2010-03-14 07:00:00,-0.16305158,1,0
2010-03-14 08:00:00,-0.07625376,1,0
2010-03-14 09:00:00,0.81413,1,0
2010-03-14 10:00:00,1.4844776,1,0
2010-03-14 11:00:00,1.8530198,1,0
2010-03-14 12:00:00,2.1512492,1,0
2010-03-14 13:00:00,2.3284557,1,0
2010-03-14 14:00:00,2.451635,1,0
2010-03-14 15:00:00,2.5559874,1,0
2010-03-14 16:00:00,2.5854168,1,0
2010-03-14 17:00:00,2.5666556,1,0
2010-03-14 18:00:00,2.39565,1,0
2010-03-14 19:00:00,2.6828651,1,0
2010-03-14 20:00:00,2.0437791,1,0
2010-03-14 21:00:00,1.7017523,1,0
2010-03-14 22:00:00,1.4195126,1,0
2010-03-14 23:00:00,1.1972806,1,0
2010-03-15 00:00:00,1.0114264,0,0
2010-03-15 01:00:00,0.84835523,0,0
2010-03-15 02:00:00,0.72419846,0,0
2010-03-15 03:00:00,0.62694395,0,0
2010-03-15 04:00:00,0.55331945,0,0
2010-03-15 05:00:00,0.49170673,0,0
2010-03-15 06:00:00,0.47016427,0,0
2010-03-15 07:00:00,0.391439,0,0
2010-03-15 08:00:00,0.40901476,0,0
2010-03-15 09:00:00,0.9227964,0,0
2010-03-15 10:00:00,1.6179904,0,0
2010-03-15 11:00:00,2.0771952,0,0
2010-03-15 12:00:00,2.3290048,0,0
2010-03-15 13:00:00,2.5111132,0,0
2010-03-15 14:00:00,2.680593,0,0
2010-03-15 15:00:00,2.8139904,0,0
2010-03-15 16:00:00,2.8652167,0,0
2010-03-15 17:00:00,2.8431313,0,0
2010-03-15 18:00:00,2.6123784,0,0
2010-03-15 19:00:00,2.6282294,0,0
2010-03-15 20:00:00,2.2053485,0,0
2010-03-15 21:00:00,1.956435,0,0
2010-03-15 22:00:00,1.8042957,0,0
2010-03-15 23:00:00,1.6954405,0,0
2010-03-16 00:00:00,1.5944501,0,0
2010-03-16 01:00:00,1.4911414,0,0
2010-03-16 02:00:00,1.3792366,0,0
2010-03-16 03:00:00,1.2793385,0,0
2010-03-16 04:00:00,1.2021909,0,0
2010-03-16 05:00:00,1.1542643,0,0
2010-03-16 06:00:00,1.0882074,0,0
2010-03-16 07:00:00,1.0760938,0,0
2010-03-16 08:00:00,1.1315453,0,0
2010-03-16 09:00:00,1.5603883,0,0
2010-03-16 10:00:00,2.0853374,0,0
2010-03-16 11:00:00,2.5286875,0,0
2010-03-16 12:00:00,2.883082,0,0
2010-03-16 13:00:00,3.1583846,0,0
2010-03-16 14:00:00,3.3723645,0,0
2010-03-16 15:00:00,3.5090294,0,0
2010-03-16 16:00:00,3.5849307,0,0
2010-03-16 17:00:00,3.591942,0,0
2010-03-16 18:00:00,3.5635912,0,0
2010-03-16 19:00:00,3.34107,0,0
2010-03-16 20:00:00,2.9471478,0,0
2010-03-16 21:00:00,2.6890473,0,0
2010-03-16 22:00:00,2.5145516,0,0
2010-03-16 23:00:00,2.3568265,0,0
2010-03-17 00:00:00,2.2092798,0,0
2010-03-17 01:00:00,2.0888534,0,0
2010-03-17 02:00:00,2.0042398,0,0
2010-03-17 03:00:00,1.9094473,0,0
2010-03-17 04:00:00,1.8312079,0,0
2010-03-17 05:00:00,1.7618784,0,0
2010-03-17 06:00:00,1.7547324,0,0
2010-03-17 07:00:00,1.6916059,0,0
2010-03-17 08:00:00,1.7160136,0,0
2010-03-17 09:00:00,2.0137017,0,0
2010-03-17 10:00:00,2.460257,0,0
2010-03-17 11:00:00,2.8917613,0,0
2010-03-17 12:00:00,3.2975569,0,0
2010-03-17 13:00:00,3.647502,0,0
2010-03-17 14:00:00,3.8309932,0,0
2010-03-17 15:00:00,3.8548834,0,0
2010-03-17 16:00:00,3.8156233,0,0
2010-03-17 17:00:00,3.7234328,0,0
2010-03-17 18:00:00,3.5639312,0,0
2010-03-17 19:00:00,3.2532146,0,0
2010-03-17 20:00:00,2.9514363,0,0
2010-03-17 21:00:00,2.7645621,0,0
2010-03-17 22:00:00,2.6369545,0,0
2010-03-17 23:00:00,2.5095787,0,0
2010-03-18 00:00:00,2.3143008,0,0
2010-03-18 01:00:00,2.1650422,0,0
2010-03-18 02:00:00,2.0697122,0,0
2010-03-18 03:00:00,1.9679362,0,0
2010-03-18 04:00:00,2.0285208,0,0
2010-03-18 05:00:00,1.9879222,0,0
2010-03-18 06:00:00,1.8877424,0,0
2010-03-18 07:00:00,1.9494624,0,0
2010-03-18 08:00:00,2.01036,0,0
2010-03-18 09:00:00,2.2816577,0,0
2010-03-18 10:00:00,2.6783302,0,0
2010-03-18 11:00:00,2.8777814,0,0
2010-03-18 12:00:00,3.1308763,0,0
2010-03-18 13:00:00,3.2429297,0,0
2010-03-18 14:00:00,3.3798864,0,0
2010-03-18 15:00:00,3.561314,0,0
2010-03-18 16:00:00,3.6109996,0,0
2010-03-18 17:00:00,3.645212,0,0
2010-03-18 18:00:00,3.6331134,0,0
2010-03-18 19:00:00,3.3767443,0,0
2010-03-18 20:00:00,3.1322436,0,0
2010-03-18 21:00:00,2.9797206,0,0
2010-03-18 22:00:00,2.9013598,0,0
2010-03-18 23:00:00,2.8237817,0,0
2010-03-19 00:00:00,2.7213576,0,0
2010-03-19 01:00:00,2.5925958,0,0
2010-03-19 02:00:00,2.431517,0,0
2010-03-19 03:00:00,2.27864,0,0
2010-03-19 04:00:00,2.1973093,0,0
2010-03-19 05:00:00,2.107457,0,0
2010-03-19 06:00:00,2.089854,0,0
2010-03-19 07:00:00,2.0482738,0,0
2010-03-19 08:00:00,2.0569232,0,0
2010-03-19 09:00:00,2.1755426,0,0
2010-03-19 10:00:00,2.412854,0,0
2010-03-19 11:00:00,2.6341772,0,0
2010-03-19 12:00:00,2.9885507,0,0
2010-03-19 13:00:00,3.3554788,0,0
2010-03-19 14:00:00,3.677912,0,0
2010-03-19 15:00:00,3.8247967,0,0
2010-03-19 16:00:00,3.7636623,0,0
2010-03-19 17:00:00,3.6399455,0,0
2010-03-19 18:00:00,3.5123,0,0
2010-03-19 19:00:00,3.2016165,0,0
2010-03-19 20:00:00,2.9251575,0,0
2010-03-19 21:00:00,2.7328684,0,0
2010-03-19 22:00:00,2.5751708,0,0
2010-03-19 23:00:00,2.4243793,0,0
2010-03-20 00:00:00,2.3199682,1,0
2010-03-20 01:00:00,2.205207,1,0
2010-03-20 02:00:00,2.1260881,1,0
2010-03-20 03:00:00,2.029148,1,0
2010-03-20 04:00:00,1.9718308,1,0
2010-03-20 05:00:00,1.9787148,1,0
2010-03-20 06:00:00,1.9268126,1,0
2010-03-20 07:00:00,1.8507152,1,0
2010-03-20 08:00:00,1.8748083,1,0
2010-03-20 09:00:00,1.9656683,1,0
2010-03-20 10:00:00,2.1305249,1,0
2010-03-20 11:00:00,2.3787215,1,0
2010-03-20 12:00:00,2.6403282,1,0
2010-03-20 13:00:00,2.9438415,1,0
2010-03-20 14:00:00,3.1346927,1,0
2010-03-20 15:00:00,3.2958164,1,0
2010-03-20 16:00:00,3.2057514,1,0
2010-03-20 17:00:00,2.9449708,1,0
2010-03-20 18:00:00,2.5679812,1,0
2010-03-20 19:00:00,2.344019,1,0
2010-03-20 20:00:00,2.1400151,1,0
2010-03-20 21:00:00,1.9973805,1,0
2010-03-20 22:00:00,1.8881208,1,0
2010-03-20 23:00:00,1.8119663,1,0
2010-03-21 00:00:00,1.734767,1,0
2010-03-21 01:00:00,1.6770504,1,0
2010-03-21 02:00:00,1.6011713,1,0
2010-03-21 03:00:00,1.5282499,1,0
2010-03-21 04:00:00,1.4811388,1,0
2010-03-21 05:00:00,1.4785004,1,0
2010-03-21 06:00:00,1.5385721,1,0
2010-03-21 07:00:00,1.4834818,1,0
2010-03-21 08:00:00,1.3668069,1,0
2010-03-21 09:00:00,1.2419277,1,0
2010-03-21 10:00:00,1.2811621,1,0
2010-03-21 11:00:00,1.5583173,1,0
2010-03-21 12:00:00,1.8274813,1,0
2010-03-21 13:00:00,1.8484674,1,0
2010-03-21 14:00:00,1.8113067,1,0
2010-03-21 15:00:00,1.8614228,1,0
2010-03-21 16:00:00,1.9199687,1,0
2010-03-21 17:00:00,1.8608783,1,0
2010-03-21 18:00:00,1.7209512,1,0
2010-03-21 19:00:00,1.6358622,1,0
2010-03-21 20:00:00,1.4837621,1,0
2010-03-21 21:00:00,1.3403053,1,0
2010-03-21 22:00:00,1.2381334,1,0
2010-03-21 23:00:00,1.1438214,1,0
2010-03-22 00:00:00,1.0310317,0,0
2010-03-22 01:00:00,0.9523982,0,0
2010-03-22 02:00:00,0.859439,0,0
2010-03-22 03:00:00,0.75110406,0,0
2010-03-22 04:00:00,0.5944643,0,0
2010-03-22 05:00:00,0.4259884,0,0
2010-03-22 06:00:00,0.39500323,0,0
2010-03-22 07:00:00,0.35170218,0,0
2010-03-22 08:00:00,0.3472306,0,0
2010-03-22 09:00:00,0.32989573,0,0
2010-03-22 10:00:00,0.5408869,0,0
2010-03-22 11:00:00,0.7514896,0,0
2010-03-22 12:00:00,0.9735442,0,0
2010-03-22 13:00:00,1.1872983,0,0
2010-03-22 14:00:00,1.373932,0,0
2010-03-22 15:00:00,1.511986,0,0
2010-03-22 16:00:00,1.569965,0,0
2010-03-22 17:00:00,1.5357654,0,0
2010-03-22 18:00:00,1.5196996,0,0
2010-03-22 19:00:00,1.3467548,0,0
2010-03-22 20:00:00,1.149828,0,0
2010-03-22 21:00:00,1.0088089,0,0
2010-03-22 22:00:00,0.8924253,0,0
2010-03-22 23:00:00,0.76740104,0,0
2010-03-23 00:00:00,0.61874694,0,0
2010-03-23 01:00:00,0.4354894,0,0
2010-03-23 02:00:00,0.28496766,0,0
2010-03-23 03:00:00,0.22750163,0,0
2010-03-23 04:00:00,0.09155595,0,0
2010-03-23 05:00:00,0.019908126,0,0
2010-03-23 06:00:00,-0.052225232,0,0
2010-03-23 07:00:00,-0.04556445,0,0
2010-03-23 08:00:00,-0.025137775,0,0
2010-03-23 09:00:00,0.24944626,0,0
2010-03-23 10:00:00,0.51265985,0,0
2010-03-23 11:00:00,0.7615647,0,0
2010-03-23 12:00:00,1.0393436,0,0
2010-03-23 13:00:00,1.2703017,0,0
2010-03-23 14:00:00,1.5090779,0,0
2010-03-23 15:00:00,1.6887536,0,0
2010-03-23 16:00:00,1.8072778,0,0
2010-03-23 17:00:00,1.8105586,0,0
2010-03-23 18:00:00,1.8400624,0,0
2010-03-23 19:00:00,1.742868,0,0
2010-03-23 20:00:00,1.584828,0,0
2010-03-23 21:00:00,1.5061074,0,0
2010-03-23 22:00:00,1.4217042,0,0
2010-03-23 23:00:00,1.373342,0,0
2010-03-24 00:00:00,1.3036242,0,0
2010-03-24 01:00:00,1.1761256,0,0
2010-03-24 02:00:00,1.1180305,0,0
2010-03-24 03:00:00,1.0852228,0,0
2010-03-24 04:00:00,1.0801915,0,0
2010-03-24 05:00:00,1.0774785,0,0
2010-03-24 06:00:00,0.99645203,0,0
2010-03-24 07:00:00,0.92594606,0,0
2010-03-24 08:00:00,0.9148826,0,0
2010-03-24 09:00:00,1.0658228,0,0
2010-03-24 10:00:00,1.2687591,0,0
2010-03-24 11:00:00,1.4094636,0,0
2010-03-24 12:00:00,1.5813334,0,0
2010-03-24 13:00:00,1.8289478,0,0
2010-03-24 14:00:00,1.9901186,0,0
2010-03-24 15:00:00,2.1145504,0,0
2010-03-24 16:00:00,2.1634998,0,0
2010-03-24 17:00:00,2.1480525,0,0
2010-03-24 18:00:00,2.1357963,0,0
2010-03-24 19:00:00,1.9782797,0,0
2010-03-24 20:00:00,1.7324882,0,0
2010-03-24 21:00:00,1.5340873,0,0
2010-03-24 22:00:00,1.3756019,0,0
2010-03-24 23:00:00,1.2265639,0,0
2010-03-25 00:00:00,1.0619551,0,0
2010-03-25 01:00:00,1.0407834,0,0
2010-03-25 02:00:00,0.8339153,0,0
2010-03-25 03:00:00,0.6018123,0,0
2010-03-25 04:00:00,0.40723094,0,0
2010-03-25 05:00:00,0.26870057,0,0
2010-03-25 06:00:00,0.35000896,0,0
2010-03-25 07:00:00,0.3826653,0,0
2010-03-25 08:00:00,0.40856397,0,0
2010-03-25 09:00:00,0.57658386,0,0
2010-03-25 10:00:00,1.0164835,0,0
2010-03-25 11:00:00,1.7102761,0,0
2010-03-25 12:00:00,2.3105052,0,0
2010-03-25 13:00:00,2.6292338,0,0
2010-03-25 14:00:00,2.83388,0,0
2010-03-25 15:00:00,2.9833496,0,0
2010-03-25 16:00:00,3.0560637,0,0
2010-03-25 17:00:00,3.0474343,0,0
2010-03-25 18:00:00,3.013798,0,0
2010-03-25 19:00:00,2.824902,0,0
2010-03-25 20:00:00,2.4026449,0,0
2010-03-25 21:00:00,2.1239364,0,0
2010-03-25 22:00:00,1.9203491,0,0
2010-03-25 23:00:00,1.7840645,0,0
2010-03-26 00:00:00,1.6725069,0,0
2010-03-26 01:00:00,1.5782051,0,0
2010-03-26 02:00:00,1.4677396,0,0
2010-03-26 03:00:00,1.3412865,0,0
2010-03-26 04:00:00,1.2613845,0,0
2010-03-26 05:00:00,1.2034556,0,0
2010-03-26 06:00:00,1.2198215,0,0
2010-03-26 07:00:00,1.1642581,0,0
2010-03-26 08:00:00,1.1466498,0,0
2010-03-26 09:00:00,1.4710643,0,0
2010-03-26 10:00:00,1.9886459,0,0
2010-03-26 11:00:00,2.3215775,0,0
2010-03-26 12:00:00,2.550834,0,0
2010-03-26 13:00:00,2.72199,0,0
2010-03-26 14:00:00,2.7151895,0,0
2010-03-26 15:00:00,2.7198958,0,0
2010-03-26 16:00:00,2.6352694,0,0
2010-03-26 17:00:00,2.470596,0,0
2010-03-26 18:00:00,2.5203295,0,0
2010-03-26 19:00:00,2.3843746,0,0
2010-03-26 20:00:00,2.2620363,0,0
2010-03-26 21:00:00,2.2213979,0,0
2010-03-26 22:00:00,2.153594,0,0
2010-03-26 23:00:00,2.0534782,0,0
2010-03-27 00:00:00,1.9363241,1,0
2010-03-27 01:00:00,1.841532,1,0
2010-03-27 02:00:00,1.732414,1,0
2010-03-27 03:00:00,1.6560078,1,0
2010-03-27 04:00:00,1.5825318,1,0
2010-03-27 05:00:00,1.510495,1,0
2010-03-27 06:00:00,1.3959622,1,0
2010-03-27 07:00:00,1.3297344,1,0
2010-03-27 08:00:00,1.2783972,1,0
2010-03-27 09:00:00,1.3212423,1,0
2010-03-27 10:00:00,1.4379132,1,0
2010-03-27 11:00:00,1.6607263,1,0
2010-03-27 12:00:00,2.0218005,1,0
2010-03-27 13:00:00,2.4008448,1,0
2010-03-27 14:00:00,2.621634,1,0
2010-03-27 15:00:00,2.6158473,1,0
2010-03-27 16:00:00,2.4014294,1,0
2010-03-27 17:00:00,2.2183583,1,0
2010-03-27 18:00:00,1.9571754,1,0
2010-03-27 19:00:00,1.7951251,1,0
2010-03-27 20:00:00,1.694373,1,0
2010-03-27 21:00:00,1.6392704,1,0
2010-03-27 22:00:00,1.5835116,1,0
2010-03-27 23:00:00,1.5815297,1,0
2010-03-28 00:00:00,1.4834131,1,0
2010-03-28 01:00:00,1.3519386,1,0
2010-03-28 02:00:00,1.3178574,1,0
2010-03-28 03:00:00,1.2879555,1,0
2010-03-28 04:00:00,1.2209915,1,0
2010-03-28 05:00:00,1.2189771,1,0
2010-03-28 06:00:00,1.2050573,1,0
2010-03-28 07:00:00,1.2546463,1,0
2010-03-28 08:00:00,1.3225414,1,0
2010-03-28 09:00:00,1.5639268,1,0
2010-03-28 10:00:00,1.9647466,1,0
2010-03-28 11:00:00,2.3570411,1,0
2010-03-28 12:00:00,2.418267,1,0
2010-03-28 13:00:00,2.5157387,1,0
2010-03-28 14:00:00,2.539832,1,0
2010-03-28 15:00:00,2.5933309,1,0
2010-03-28 16:00:00,2.5973237,1,0
2010-03-28 17:00:00,2.562824,1,0
2010-03-28 18:00:00,2.488233,1,0
2010-03-28 19:00:00,2.377377,1,0
2010-03-28 20:00:00,2.2731853,1,0
2010-03-28 21:00:00,2.1932626,1,0
2010-03-28 22:00:00,2.117604,1,0
2010-03-28 23:00:00,2.0638213,1,0
2010-03-29 00:00:00,2.0276892,0,0
2010-03-29 01:00:00,1.9808182,0,0
2010-03-29 02:00:00,1.9212788,0,0
2010-03-29 03:00:00,1.90624,0,0
2010-03-29 04:00:00,1.9206396,0,0
2010-03-29 05:00:00,1.9448295,0,0
2010-03-29 06:00:00,1.9522954,0,0
2010-03-29 07:00:00,1.9485323,0,0
2010-03-29 08:00:00,1.9387425,0,0
2010-03-29 09:00:00,2.03072,0,0
2010-03-29 10:00:00,2.220101,0,0
2010-03-29 11:00:00,2.4005444,0,0
2010-03-29 12:00:00,2.2678213,0,0
2010-03-29 13:00:00,2.1080465,0,0
2010-03-29 14:00:00,2.054674,0,0
2010-03-29 15:00:00,2.036497,0,0
2010-03-29 16:00:00,1.9807259,0,0
2010-03-29 17:00:00,1.86686,0,0
2010-03-29 18:00:00,1.8560162,0,0
2010-03-29 19:00:00,1.6886027,0,0
2010-03-29 20:00:00,1.4897687,0,0
2010-03-29 21:00:00,1.317495,0,0
2010-03-29 22:00:00,1.2313954,0,0
2010-03-29 23:00:00,1.1607978,0,0
2010-03-30 00:00:00,1.1174172,0,0
2010-03-30 01:00:00,1.0431533,0,0
2010-03-30 02:00:00,0.94032484,0,0
2010-03-30 03:00:00,0.8002443,0,0
2010-03-30 04:00:00,0.58590996,0,0
2010-03-30 05:00:00,0.4366841,0,0
2010-03-30 06:00:00,0.45967466,0,0
2010-03-30 07:00:00,0.37474674,0,0
2010-03-30 08:00:00,0.3845571,0,0
2010-03-30 09:00:00,0.6856358,0,0
2010-03-30 10:00:00,1.0375929,0,0
2010-03-30 11:00:00,1.1181911,0,0
2010-03-30 12:00:00,1.2271037,0,0
2010-03-30 13:00:00,1.3657174,0,0
2010-03-30 14:00:00,1.5363927,0,0
2010-03-30 15:00:00,1.5689553,0,0
2010-03-30 16:00:00,1.5502255,0,0
2010-03-30 17:00:00,1.4717381,0,0
2010-03-30 18:00:00,1.4614662,0,0
2010-03-30 19:00:00,1.2730784,0,0
2010-03-30 20:00:00,1.0458508,0,0
2010-03-30 21:00:00,0.88099647,0,0
2010-03-30 22:00:00,0.7578106,0,0
2010-03-30 23:00:00,0.65825456,0,0
2010-03-31 00:00:00,0.58232844,0,0
2010-03-31 01:00:00,0.518803,0,0
2010-03-31 02:00:00,0.4368968,0,0
2010-03-31 03:00:00,0.3764728,0,0
2010-03-31 04:00:00,0.29097983,0,0
2010-03-31 05:00:00,0.24781679,0,0
2010-03-31 06:00:00,0.25662544,0,0
2010-03-31 07:00:00,0.2652632,0,0
2010-03-31 08:00:00,0.20904307,0,0
2010-03-31 09:00:00,0.2673437,0,0
2010-03-31 10:00:00,0.4850511,0,0
2010-03-31 11:00:00,0.775236,0,0
2010-03-31 12:00:00,1.1499102,0,0
2010-03-31 13:00:00,1.5133585,0,0
2010-03-31 14:00:00,1.7842395,0,0
2010-03-31 15:00:00,1.9416313,0,0
2010-03-31 16:00:00,1.958237,0,0
2010-03-31 17:00:00,1.8701861,0,0
2010-03-31 18:00:00,1.7763487,0,0
2010-03-31 19:00:00,1.5144553,0,0
2010-03-31 20:00:00,1.2872723,0,0
2010-03-31 21:00:00,1.1641259,0,0
2010-03-31 22:00:00,1.0254327,0,0
2010-03-31 23:00:00,0.81175506,0,0
2010-04-01 00:00:00,0.6306972,0,0
2010-04-01 01:00:00,0.48815972,0,0
2010-04-01 02:00:00,0.38397145,0,0
2010-04-01 03:00:00,0.259084,0,0
2010-04-01 04:00:00,0.12528574,0,0
2010-04-01 05:00:00,-0.023402859,0,0
2010-04-01 06:00:00,-0.049676202,0,0
2010-04-01 07:00:00,-0.15037414,0,0
2010-04-01 08:00:00,-0.111784585,0,0
2010-04-01 09:00:00,0.3687156,0,0
2010-04-01 10:00:00,0.87241924,0,0
2010-04-01 11:00:00,1.2595612,0,0
2010-04-01 12:00:00,1.3974375,0,0
2010-04-01 13:00:00,1.584161,0,0
2010-04-01 14:00:00,1.6751314,0,0
2010-04-01 15:00:00,1.7795529,0,0
2010-04-01 16:00:00,1.8631387,0,0
2010-04-01 17:00:00,1.9493707,0,0
2010-04-01 18:00:00,1.8731365,0,0
2010-04-01 19:00:00,1.7507434,0,0
2010-04-01 20:00:00,1.5376287,0,0
2010-04-01 21:00:00,1.3497146,0,0
2010-04-01 22:00:00,1.2047371,0,0
2010-04-01 23:00:00,1.1356755,0,0
2010-04-02 00:00:00,1.0488344,0,1
2010-04-02 01:00:00,1.0013937,0,1
2010-04-02 02:00:00,0.96015537,0,1
2010-04-02 03:00:00,0.894802,0,1
2010-04-02 04:00:00,0.85181,0,1
2010-04-02 05:00:00,0.8871323,0,1
2010-04-02 06:00:00,0.924991,0,1
2010-04-02 07:00:00,0.916863,0,1
2010-04-02 08:00:00,0.8778524,0,1
2010-04-02 09:00:00,0.9722804,0,1
2010-04-02 10:00:00,1.1193018,0,1
2010-04-02 11:00:00,1.267431,0,1
2010-04-02 12:00:00,1.3837008,0,1
2010-04-02 13:00:00,1.55561,0,1
2010-04-02 14:00:00,1.5403479,0,1
2010-04-02 15:00:00,1.4524374,0,1
2010-04-02 16:00:00,1.4051028,0,1
2010-04-02 17:00:00,1.2347695,0,1
2010-04-02 18:00:00,1.2117718,0,1
2010-04-02 19:00:00,1.0737455,0,1
2010-04-02 20:00:00,0.9157505,0,1
2010-04-02 21:00:00,0.8090704,0,1
2010-04-02 22:00:00,0.74240196,0,1
2010-04-02 23:00:00,0.7157449,0,1
2010-04-03 00:00:00,0.65947825,1,1
2010-04-03 01:00:00,0.631382,1,1
2010-04-03 02:00:00,0.58673286,1,1
2010-04-03 03:00:00,0.5478931,1,1
2010-04-03 04:00:00,0.5219393,1,1
2010-04-03 05:00:00,0.5492255,1,1
2010-04-03 06:00:00,0.49134836,1,1
2010-04-03 07:00:00,0.48513502,1,1
2010-04-03 08:00:00,0.5069211,1,1
2010-04-03 09:00:00,0.7337721,1,1
2010-04-03 10:00:00,0.9226056,1,1
2010-04-03 11:00:00,1.1242839,1,1
2010-04-03 12:00:00,1.348472,1,1
2010-04-03 13:00:00,1.5324311,1,1
2010-04-03 14:00:00,1.6859404,1,1
2010-04-03 15:00:00,1.7221228,1,1
2010-04-03 16:00:00,1.7295177,1,1
2010-04-03 17:00:00,1.7493081,1,1
2010-04-03 18:00:00,1.7283784,1,1
2010-04-03 19:00:00,1.5760661,1,1
2010-04-03 20:00:00,1.3035607,1,1
2010-04-03 21:00:00,1.0832964,1,1
2010-04-03 22:00:00,0.9126848,1,1
2010-04-03 23:00:00,0.75901484,1,1
2010-04-04 00:00:00,0.6491143,1,0
2010-04-04 01:00:00,0.5319603,1,0
2010-04-04 02:00:00,0.357801,1,0
2010-04-04 03:00:00,0.107869156,1,0
2010-04-04 04:00:00,0.027258903,1,0
2010-04-04 05:00:00,0.18313356,1,0
2010-04-04 06:00:00,0.14196977,1,0
2010-04-04 07:00:00,0.09338661,1,0
2010-04-04 08:00:00,0.35955986,1,0
2010-04-04 09:00:00,0.79405355,1,0
2010-04-04 10:00:00,1.063079,1,0
2010-04-04 11:00:00,1.4349747,1,0
2010-04-04 12:00:00,1.6789811,1,0
2010-04-04 13:00:00,1.9360967,1,0
2010-04-04 14:00:00,2.087508,1,0
2010-04-04 15:00:00,2.1833663,1,0
2010-04-04 16:00:00,2.1186414,1,0
2010-04-04 17:00:00,2.1602814,1,0
2010-04-04 18:00:00,2.0065417,1,0
2010-04-04 19:00:00,1.7188901,1,0
2010-04-04 20:00:00,1.4730831,1,0
2010-04-04 21:00:00,1.2727773,1,0
2010-04-04 22:00:00,1.1362836,1,0
2010-04-04 23:00:00,1.0163424,1,0
2010-04-05 00:00:00,0.8928146,0,1
2010-04-05 01:00:00,0.78474224,0,1
2010-04-05 02:00:00,0.68636286,0,1
2010-04-05 03:00:00,0.624847,0,1
2010-04-05 04:00:00,0.5562537,0,1
2010-04-05 05:00:00,0.5770741,0,1
2010-04-05 06:00:00,0.5045052,0,1
2010-04-05 07:00:00,0.45102543,0,1
2010-04-05 08:00:00,0.6310433,0,1
2010-04-05 09:00:00,0.99429643,0,1
2010-04-05 10:00:00,1.2085514,0,1
2010-04-05 11:00:00,1.4727806,0,1
2010-04-05 12:00:00,1.7230313,0,1
2010-04-05 13:00:00,1.933414,0,1
2010-04-05 14:00:00,2.1595669,0,1
2010-04-05 15:00:00,2.26188,0,1
2010-04-05 16:00:00,2.2847824,0,1
2010-04-05 17:00:00,2.236738,0,1
2010-04-05 18:00:00,2.0267885,0,1
2010-04-05 19:00:00,1.7607157,0,1
2010-04-05 20:00:00,1.5774477,0,1
2010-04-05 21:00:00,1.3991145,0,1
2010-04-05 22:00:00,1.2401208,0,1
2010-04-05 23:00:00,1.1133533,0,1
2010-04-06 00:00:00,0.9982087,0,0
2010-04-06 01:00:00,0.9018387,0,0
2010-04-06 02:00:00,0.8121575,0,0
2010-04-06 03:00:00,0.7305072,0,0
2010-04-06 04:00:00,0.6869881,0,0
2010-04-06 05:00:00,0.70652634,0,0
2010-04-06 06:00:00,0.7001405,0,0
2010-04-06 07:00:00,0.7102276,0,0
2010-04-06 08:00:00,0.8243962,0,0
2010-04-06 09:00:00,1.1573101,0,0
2010-04-06 10:00:00,1.4278215,0,0
2010-04-06 11:00:00,1.7560861,0,0
2010-04-06 12:00:00,2.0097528,0,0
2010-04-06 13:00:00,2.1120267,0,0
2010-04-06 14:00:00,2.1038797,0,0
2010-04-06 15:00:00,2.1626935,0,0
2010-04-06 16:00:00,2.1534457,0,0
2010-04-06 17:00:00,2.1066298,0,0
2010-04-06 18:00:00,1.8610855,0,0
2010-04-06 19:00:00,1.6621252,0,0
2010-04-06 20:00:00,1.5480328,0,0
2010-04-06 21:00:00,1.4925605,0,0
2010-04-06 22:00:00,1.4463875,0,0
2010-04-06 23:00:00,1.399308,0,0
2010-04-07 00:00:00,1.3720012,0,0
2010-04-07 01:00:00,1.3952216,0,0
2010-04-07 02:00:00,1.4615082,0,0
2010-04-07 03:00:00,1.5223796,0,0
2010-04-07 04:00:00,1.5494947,0,0
2010-04-07 05:00:00,1.4759581,0,0
2010-04-07 06:00:00,1.4992687,0,0
2010-04-07 07:00:00,1.5227498,0,0
2010-04-07 08:00:00,1.5943701,0,0
2010-04-07 09:00:00,1.7649177,0,0
2010-04-07 10:00:00,1.8790102,0,0
2010-04-07 11:00:00,1.9834561,0,0
2010-04-07 12:00:00,2.1572835,0,0
2010-04-07 13:00:00,2.1321728,0,0
2010-04-07 14:00:00,2.1866114,0,0
2010-04-07 15:00:00,2.208852,0,0
2010-04-07 16:00:00,2.205486,0,0
2010-04-07 17:00:00,2.104978,0,0
2010-04-07 18:00:00,1.9462193,0,0
2010-04-07 19:00:00,1.808554,0,0
2010-04-07 20:00:00,1.6729397,0,0
2010-04-07 21:00:00,1.5589784,0,0
2010-04-07 22:00:00,1.4174122,0,0
2010-04-07 23:00:00,1.3104366,0,0
2010-04-08 00:00:00,1.2595849,0,0
2010-04-08 01:00:00,1.2376864,0,0
2010-04-08 02:00:00,1.1894506,0,0
2010-04-08 03:00:00,1.1151918,0,0
2010-04-08 04:00:00,1.0856512,0,0
2010-04-08 05:00:00,1.0726162,0,0
2010-04-08 06:00:00,1.0675851,0,0
2010-04-08 07:00:00,1.0561798,0,0
2010-04-08 08:00:00,1.1682005,0,0
2010-04-08 09:00:00,1.3433079,0,0
2010-04-08 10:00:00,1.4453038,0,0
2010-04-08 11:00:00,1.5629452,0,0
2010-04-08 12:00:00,1.7151036,0,0
2010-04-08 13:00:00,1.7816063,0,0
2010-04-08 14:00:00,1.7904475,0,0
2010-04-08 15:00:00,1.8316579,0,0
2010-04-08 16:00:00,1.7637956,0,0
2010-04-08 17:00:00,1.6422423,0,0
2010-04-08 18:00:00,1.4635011,0,0
2010-04-08 19:00:00,1.3091675,0,0
2010-04-08 20:00:00,1.1642762,0,0
2010-04-08 21:00:00,0.9782044,0,0
2010-04-08 22:00:00,0.82090044,0,0
2010-04-08 23:00:00,0.8036377,0,0
2010-04-09 00:00:00,0.88831335,0,0
2010-04-09 01:00:00,0.794081,0,0
2010-04-09 02:00:00,0.75074685,0,0
2010-04-09 03:00:00,0.7067047,0,0
2010-04-09 04:00:00,0.6464518,0,0
2010-04-09 05:00:00,0.41420186,0,0
2010-04-09 06:00:00,0.18391667,0,0
2010-04-09 07:00:00,0.3011816,0,0
2010-04-09 08:00:00,0.42199367,0,0
2010-04-09 09:00:00,0.6469822,0,0
2010-04-09 10:00:00,0.912958,0,0
2010-04-09 11:00:00,1.2451364,0,0
2010-04-09 12:00:00,1.4401484,0,0
2010-04-09 13:00:00,1.5741795,0,0
2010-04-09 14:00:00,1.6596311,0,0
2010-04-09 15:00:00,1.6085179,0,0
2010-04-09 16:00:00,1.5924815,0,0
2010-04-09 17:00:00,1.522013,0,0
2010-04-09 18:00:00,1.4207599,0,0
2010-04-09 19:00:00,1.3312094,0,0
2010-04-09 20:00:00,1.2559209,0,0
2010-04-09 21:00:00,1.1542859,0,0
2010-04-09 22:00:00,1.0084157,0,0
2010-04-09 23:00:00,0.90996206,0,0
2010-04-10 00:00:00,0.96488637,1,0
2010-04-10 01:00:00,0.97714394,1,0
2010-04-10 02:00:00,0.9494415,1,0
2010-04-10 03:00:00,0.92859846,1,0
2010-04-10 04:00:00,0.8901528,1,0
2010-04-10 05:00:00,0.8100573,1,0
2010-04-10 06:00:00,0.7577662,1,0
2010-04-10 07:00:00,0.7668426,1,0
2010-04-10 08:00:00,0.87807524,1,0
2010-04-10 09:00:00,1.095575,1,0
2010-04-10 10:00:00,1.2322813,1,0
2010-04-10 11:00:00,1.3246635,1,0
2010-04-10 12:00:00,1.4905629,1,0
2010-04-10 13:00:00,1.5971049,1,0
2010-04-10 14:00:00,1.8083744,1,0
2010-04-10 15:00:00,1.8208871,1,0
2010-04-10 16:00:00,1.7875277,1,0
2010-04-10 17:00:00,1.6809219,1,0
2010-04-10 18:00:00,1.5331503,1,0
2010-04-10 19:00:00,1.3218361,1,0
2010-04-10 20:00:00,1.1241045,1,0
2010-04-10 21:00:00,0.9920981,1,0
2010-04-10 22:00:00,0.85555077,1,0
2010-04-10 23:00:00,0.7831253,1,0
2010-04-11 00:00:00,0.721753,1,0
2010-04-11 01:00:00,0.70614874,1,0
2010-04-11 02:00:00,0.69579357,1,0
2010-04-11 03:00:00,0.66259205,1,0
2010-04-11 04:00:00,0.60288155,1,0
2010-04-11 05:00:00,0.41057724,1,0
2010-04-11 06:00:00,0.28202835,1,0
2010-04-11 07:00:00,0.24865541,1,0
2010-04-11 08:00:00,0.07848966,1,0
2010-04-11 09:00:00,0.014921111,1,0
2010-04-11 10:00:00,-0.041922413,1,0
2010-04-11 11:00:00,-0.22582054,1,0
2010-04-11 12:00:00,-0.30469087,1,0
2010-04-11 13:00:00,-0.14556423,1,0
2010-04-11 14:00:00,-0.11575367,1,0
2010-04-11 15:00:00,-0.041927032,1,0
2010-04-11 16:00:00,-0.12938328,1,0
2010-04-11 17:00:00,-0.21692957,1,0
2010-04-11 18:00:00,-0.37864944,1,0
2010-04-11 19:00:00,-0.5590976,1,0
2010-04-11 20:00:00,-0.6665137,1,0
2010-04-11 21:00:00,-0.72955364,1,0
2010-04-11 22:00:00,-0.76498795,1,0
2010-04-11 23:00:00,-0.7413737,1,0
2010-04-12 00:00:00,-0.739727,0,0
2010-04-12 01:00:00,-0.7271656,0,0
2010-04-12 02:00:00,-0.707527,0,0
2010-04-12 03:00:00,-0.65207565,0,0
2010-04-12 04:00:00,-0.6189805,0,0
2010-04-12 05:00:00,-0.5673339,0,0
2010-04-12 06:00:00,-0.5974343,0,0
2010-04-12 07:00:00,-0.61264443,0,0
2010-04-12 08:00:00,-0.4830256,0,0
2010-04-12 09:00:00,-0.28084484,0,0
2010-04-12 10:00:00,-0.08887012,0,0
2010-04-12 11:00:00,0.07344786,0,0
2010-04-12 12:00:00,0.15706284,0,0
2010-04-12 13:00:00,0.24491635,0,0
2010-04-12 14:00:00,0.28595054,0,0
2010-04-12 15:00:00,0.32877147,0,0
2010-04-12 16:00:00,0.27461752,0,0
2010-04-12 17:00:00,0.29422656,0,0
2010-04-12 18:00:00,0.13680178,0,0
2010-04-12 19:00:00,0.01667557,0,0
2010-04-12 20:00:00,-0.082699075,0,0
2010-04-12 21:00:00,-0.17953733,0,0
2010-04-12 22:00:00,-0.27615774,0,0
2010-04-12 23:00:00,-0.35605428,0,0
2010-04-13 00:00:00,-0.41908386,0,0
2010-04-13 01:00:00,-0.4446437,0,0
2010-04-13 02:00:00,-0.47330496,0,0
2010-04-13 03:00:00,-0.46837538,0,0
2010-04-13 04:00:00,-0.48685792,0,0
2010-04-13 05:00:00,-0.4463386,0,0
2010-04-13 06:00:00,-0.45717886,0,0
2010-04-13 07:00:00,-0.4720746,0,0
2010-04-13 08:00:00,-0.35773513,0,0
2010-04-13 09:00:00,-0.2091879,0,0
2010-04-13 10:00:00,0.018433651,0,0
2010-04-13 11:00:00,0.112792395,0,0
2010-04-13 12:00:00,0.2116124,0,0
2010-04-13 13:00:00,0.33450815,0,0
2010-04-13 14:00:00,0.4447804,0,0
2010-04-13 15:00:00,0.50320005,0,0
2010-04-13 16:00:00,0.45144936,0,0
2010-04-13 17:00:00,0.29665786,0,0
2010-04-13 18:00:00,0.18740636,0,0
2010-04-13 19:00:00,0.15563655,0,0
2010-04-13 20:00:00,0.09797001,0,0
2010-04-13 21:00:00,0.017770726,0,0
2010-04-13 22:00:00,-0.05273508,0,0
2010-04-13 23:00:00,-0.09777805,0,0
2010-04-14 00:00:00,-0.21605685,0,0
2010-04-14 01:00:00,-0.30067036,0,0
2010-04-14 02:00:00,-0.37676248,0,0
2010-04-14 03:00:00,-0.5057054,0,0
2010-04-14 04:00:00,-0.5630227,0,0
2010-04-14 05:00:00,-0.50809836,0,0
2010-04-14 06:00:00,-0.6863053,0,0
2010-04-14 07:00:00,-0.7972563,0,0
2010-04-14 08:00:00,-0.57945937,0,0
2010-04-14 09:00:00,-0.20146781,0,0
2010-04-14 10:00:00,0.18694271,0,0
2010-04-14 11:00:00,0.37342784,0,0
2010-04-14 12:00:00,0.4973223,0,0
2010-04-14 13:00:00,0.60047024,0,0
2010-04-14 14:00:00,0.6310612,0,0
2010-04-14 15:00:00,0.6425583,0,0
2010-04-14 16:00:00,0.5909789,0,0
2010-04-14 17:00:00,0.4810812,0,0
2010-04-14 18:00:00,0.404588,0,0
2010-04-14 19:00:00,0.36683816,0,0
2010-04-14 20:00:00,0.3144207,0,0
2010-04-14 21:00:00,0.26405448,0,0
2010-04-14 22:00:00,0.22027972,0,0
2010-04-14 23:00:00,0.16393341,0,0
2010-04-15 00:00:00,0.045825616,0,0
2010-04-15 01:00:00,-0.06280668,0,0
2010-04-15 02:00:00,-0.20319651,0,0
2010-04-15 03:00:00,-0.24657723,0,0
2010-04-15 04:00:00,-0.26139843,0,0
2010-04-15 05:00:00,-0.22756752,0,0
2010-04-15 06:00:00,-0.2723873,0,0
2010-04-15 07:00:00,-0.3023169,0,0
2010-04-15 08:00:00,-0.11054296,0,0
2010-04-15 09:00:00,0.14016612,0,0
2010-04-15 10:00:00,0.28051117,0,0
2010-04-15 11:00:00,0.4697834,0,0
2010-04-15 12:00:00,0.5461035,0,0
2010-04-15 13:00:00,0.6470989,0,0
2010-04-15 14:00:00,0.75159127,0,0
2010-04-15 15:00:00,0.7703881,0,0
2010-04-15 16:00:00,0.79467964,0,0
2010-04-15 17:00:00,0.8291844,0,0
2010-04-15 18:00:00,0.7330941,0,0
2010-04-15 19:00:00,0.6377865,0,0
2010-04-15 20:00:00,0.61576694,0,0
2010-04-15 21:00:00,0.5138233,0,0
2010-04-15 22:00:00,0.38824925,0,0
2010-04-15 23:00:00,0.32211837,0,0
2010-04-16 00:00:00,0.22239628,0,0
2010-04-16 01:00:00,0.08686699,0,0
2010-04-16 02:00:00,-0.065483086,0,0
2010-04-16 03:00:00,-0.21805057,0,0
2010-04-16 04:00:00,-0.27312553,0,0
2010-04-16 05:00:00,-0.106116354,0,0
2010-04-16 06:00:00,-0.2422557,0,0
2010-04-16 07:00:00,-0.3598655,0,0
2010-04-16 08:00:00,-0.16336061,0,0
2010-04-16 09:00:00,0.042112008,0,0
2010-04-16 10:00:00,0.33261964,0,0
2010-04-16 11:00:00,0.8409519,0,0
2010-04-16 12:00:00,1.292896,0,0
2010-04-16 13:00:00,1.6578888,0,0
2010-04-16 14:00:00,1.8071628,0,0
2010-04-16 15:00:00,1.82173,0,0
2010-04-16 16:00:00,1.76972,0,0
2010-04-16 17:00:00,1.6969016,0,0
2010-04-16 18:00:00,1.3791575,0,0
2010-04-16 19:00:00,1.054083,0,0
2010-04-16 20:00:00,0.7953571,0,0
2010-04-16 21:00:00,0.5690751,0,0
2010-04-16 22:00:00,0.38427103,0,0
2010-04-16 23:00:00,0.2345768,0,0
2010-04-17 00:00:00,0.09999594,1,0
2010-04-17 01:00:00,-0.019865401,1,0
2010-04-17 02:00:00,-0.12859452,1,0
2010-04-17 03:00:00,-0.22282182,1,0
2010-04-17 04:00:00,-0.30774993,1,0
2010-04-17 05:00:00,-0.35743007,1,0
2010-04-17 06:00:00,-0.39387712,1,0
2010-04-17 07:00:00,-0.4112347,1,0
2010-04-17 08:00:00,-0.13588023,1,0
2010-04-17 09:00:00,0.53060055,1,0
2010-04-17 10:00:00,1.1756339,1,0
2010-04-17 11:00:00,1.5960678,1,0
2010-04-17 12:00:00,1.893509,1,0
2010-04-17 13:00:00,2.0960424,1,0
2010-04-17 14:00:00,2.1860123,1,0
2010-04-17 15:00:00,2.2096279,1,0
2010-04-17 16:00:00,2.2187765,1,0
2010-04-17 17:00:00,2.0206645,1,0
2010-04-17 18:00:00,1.675329,1,0
2010-04-17 19:00:00,1.4245403,1,0
2010-04-17 20:00:00,1.262148,1,0
2010-04-17 21:00:00,1.1318108,1,0
2010-04-17 22:00:00,1.0122166,1,0
2010-04-17 23:00:00,0.8785156,1,0
2010-04-18 00:00:00,0.75809413,1,0
2010-04-18 01:00:00,0.6480225,1,0
2010-04-18 02:00:00,0.5234494,1,0
2010-04-18 03:00:00,0.41503486,1,0
2010-04-18 04:00:00,0.32095093,1,0
2010-04-18 05:00:00,0.29418337,1,0
2010-04-18 06:00:00,0.2510203,1,0
2010-04-18 07:00:00,0.24869663,1,0
2010-04-18 08:00:00,0.41373405,1,0
2010-04-18 09:00:00,0.8667773,1,0
2010-04-18 10:00:00,1.393703,1,0
2010-04-18 11:00:00,1.8404691,1,0
2010-04-18 12:00:00,2.180453,1,0
2010-04-18 13:00:00,2.3359444,1,0
2010-04-18 14:00:00,2.3054411,1,0
2010-04-18 15:00:00,2.3228142,1,0
2010-04-18 16:00:00,2.2816758,1,0
2010-04-18 17:00:00,2.1559737,1,0
2010-04-18 18:00:00,1.8759176,1,0
2010-04-18 19:00:00,1.6402892,1,0
2010-04-18 20:00:00,1.4475511,1,0
2010-04-18 21:00:00,1.2676023,1,0
2010-04-18 22:00:00,1.2009013,1,0
2010-04-18 23:00:00,1.1136715,1,0
2010-04-19 00:00:00,0.98233026,0,0
2010-04-19 01:00:00,0.8318999,0,0
2010-04-19 02:00:00,0.732567,0,0
2010-04-19 03:00:00,0.5791148,0,0
2010-04-19 04:00:00,0.5103453,0,0
2010-04-19 05:00:00,0.4997037,0,0
2010-04-19 06:00:00,0.4392849,0,0
2010-04-19 07:00:00,0.38235635,0,0
2010-04-19 08:00:00,0.5612389,0,0
2010-04-19 09:00:00,1.1242899,0,0
2010-04-19 10:00:00,1.7503135,0,0
2010-04-19 11:00:00,2.0153391,0,0
2010-04-19 12:00:00,2.2404988,0,0
2010-04-19 13:00:00,2.367591,0,0
2010-04-19 14:00:00,2.3434563,0,0
2010-04-19 15:00:00,2.3517256,0,0
2010-04-19 16:00:00,2.3392036,0,0
2010-04-19 17:00:00,2.2902799,0,0
2010-04-19 18:00:00,2.038057,0,0
2010-04-19 19:00:00,1.837853,0,0
2010-04-19 20:00:00,1.6889588,0,0
2010-04-19 21:00:00,1.5342553,0,0
2010-04-19 22:00:00,1.4050151,0,0
2010-04-19 23:00:00,1.3254278,0,0
2010-04-20 00:00:00,1.2503809,0,0
2010-04-20 01:00:00,1.2237188,0,0
2010-04-20 02:00:00,1.1952283,0,0
2010-04-20 03:00:00,1.1667385,0,0
2010-04-20 04:00:00,1.1695203,0,0
2010-04-20 05:00:00,1.1446964,0,0
2010-04-20 06:00:00,1.1327589,0,0
2010-04-20 07:00:00,1.125191,0,0
2010-04-20 08:00:00,1.3067863,0,0
2010-04-20 09:00:00,1.727004,0,0
2010-04-20 10:00:00,2.117281,0,0
2010-04-20 11:00:00,2.3937497,0,0
2010-04-20 12:00:00,2.6586976,0,0
2010-04-20 13:00:00,2.8121793,0,0
2010-04-20 14:00:00,2.9136376,0,0
2010-04-20 15:00:00,2.919645,0,0
2010-04-20 16:00:00,2.8752394,0,0
2010-04-20 17:00:00,2.6687715,0,0
2010-04-20 18:00:00,2.4074104,0,0
2010-04-20 19:00:00,2.1842747,0,0
2010-04-20 20:00:00,2.0294538,0,0
2010-04-20 21:00:00,1.8843918,0,0
2010-04-20 22:00:00,1.7822523,0,0
2010-04-20 23:00:00,1.7428751,0,0
2010-04-21 00:00:00,1.6971288,0,0
2010-04-21 01:00:00,1.5858359,0,0
2010-04-21 02:00:00,1.4092913,0,0
2010-04-21 03:00:00,1.2599907,0,0
2010-04-21 04:00:00,1.1806538,0,0
2010-04-21 05:00:00,1.1538677,0,0
2010-04-21 06:00:00,1.0787293,0,0
2010-04-21 07:00:00,0.9443195,0,0
2010-04-21 08:00:00,1.1202856,0,0
2010-04-21 09:00:00,1.6202556,0,0
2010-04-21 10:00:00,1.8799475,0,0
2010-04-21 11:00:00,2.2902389,0,0
2010-04-21 12:00:00,2.6400876,0,0
2010-04-21 13:00:00,2.9400654,0,0
2010-04-21 14:00:00,3.0537064,0,0
2010-04-21 15:00:00,3.0530703,0,0
2010-04-21 16:00:00,2.8138256,0,0
2010-04-21 17:00:00,2.4971206,0,0
2010-04-21 18:00:00,2.2205353,0,0
2010-04-21 19:00:00,2.0083742,0,0
2010-04-21 20:00:00,1.8520415,0,0
2010-04-21 21:00:00,1.7281004,0,0
2010-04-21 22:00:00,1.5943227,0,0
2010-04-21 23:00:00,1.3158861,0,0
2010-04-22 00:00:00,1.0500263,0,0
2010-04-22 01:00:00,0.9370987,0,0
2010-04-22 02:00:00,0.8999433,0,0
2010-04-22 03:00:00,0.91947114,0,0
2010-04-22 04:00:00,1.0144297,0,0
2010-04-22 05:00:00,1.0617586,0,0
2010-04-22 06:00:00,1.0771172,0,0
2010-04-22 07:00:00,1.0657916,0,0
2010-04-22 08:00:00,1.2403096,0,0
2010-04-22 09:00:00,1.689994,0,0
2010-04-22 10:00:00,2.1059046,0,0
2010-04-22 11:00:00,2.4945757,0,0
2010-04-22 12:00:00,2.745763,0,0
2010-04-22 13:00:00,2.8884199,0,0
2010-04-22 14:00:00,2.8701515,0,0
2010-04-22 15:00:00,2.8655396,0,0
2010-04-22 16:00:00,2.9107187,0,0
2010-04-22 17:00:00,2.6623387,0,0
2010-04-22 18:00:00,2.3960483,0,0
2010-04-22 19:00:00,2.2089288,0,0
2010-04-22 20:00:00,2.0789387,0,0
2010-04-22 21:00:00,1.9379424,0,0
2010-04-22 22:00:00,1.8429375,0,0
2010-04-22 23:00:00,1.7370178,0,0
2010-04-23 00:00:00,1.6785288,0,0
2010-04-23 01:00:00,1.6351483,0,0
2010-04-23 02:00:00,1.5990207,0,0
2010-04-23 03:00:00,1.5349407,0,0
2010-04-23 04:00:00,1.4750127,0,0
2010-04-23 05:00:00,1.49212,0,0
2010-04-23 06:00:00,1.4469113,0,0
2010-04-23 07:00:00,1.4060721,0,0
2010-04-23 08:00:00,1.4717127,0,0
2010-04-23 09:00:00,1.6573358,0,0
2010-04-23 10:00:00,1.9021561,0,0
2010-04-23 11:00:00,2.1846275,0,0
2010-04-23 12:00:00,2.4615579,0,0
2010-04-23 13:00:00,2.6282005,0,0
2010-04-23 14:00:00,2.7078793,0,0
2010-04-23 15:00:00,2.6521204,0,0
2010-04-23 16:00:00,2.5490963,0,0
2010-04-23 17:00:00,2.3160965,0,0
2010-04-23 18:00:00,2.1396687,0,0
2010-04-23 19:00:00,1.997347,0,0
2010-04-23 20:00:00,1.8801461,0,0
2010-04-23 21:00:00,1.7907739,0,0
2010-04-23 22:00:00,1.6992543,0,0
2010-04-23 23:00:00,1.6643897,0,0
2010-04-24 00:00:00,1.6213981,1,0
2010-04-24 01:00:00,1.6076273,1,0
2010-04-24 02:00:00,1.5822387,1,0
2010-04-24 03:00:00,1.5732262,1,0
2010-04-24 04:00:00,1.5129837,1,0
2010-04-24 05:00:00,1.5842379,1,0
2010-04-24 06:00:00,1.6119177,1,0
2010-04-24 07:00:00,1.6110849,1,0
2010-04-24 08:00:00,1.6227498,1,0
2010-04-24 09:00:00,1.6536745,1,0
2010-04-24 10:00:00,1.7412499,1,0
2010-04-24 11:00:00,1.8310059,1,0
2010-04-24 12:00:00,1.6577803,1,0
2010-04-24 13:00:00,1.6077012,1,0
2010-04-24 14:00:00,1.6247292,1,0
2010-04-24 15:00:00,1.5692452,1,0
2010-04-24 16:00:00,1.3558781,1,0
2010-04-24 17:00:00,1.1366315,1,0
2010-04-24 18:00:00,0.9117365,1,0
2010-04-24 19:00:00,0.72926503,1,0
2010-04-24 20:00:00,0.5732295,1,0
2010-04-24 21:00:00,0.38365522,1,0
2010-04-24 22:00:00,0.23728019,1,0
2010-04-24 23:00:00,0.16955628,1,0
2010-04-25 00:00:00,0.08135551,1,1
2010-04-25 01:00:00,-0.010335229,1,1
2010-04-25 02:00:00,-0.107057534,1,1
2010-04-25 03:00:00,-0.15131752,1,1
2010-04-25 04:00:00,-0.15103063,1,1
2010-04-25 05:00:00,-0.15479887,1,1
2010-04-25 06:00:00,-0.17123568,1,1
2010-04-25 07:00:00,-0.21335326,1,1
2010-04-25 08:00:00,-0.13531724,1,1
2010-04-25 09:00:00,-0.026650187,1,1
2010-04-25 10:00:00,0.09168757,1,1
2010-04-25 11:00:00,0.1487032,1,1
2010-04-25 12:00:00,0.22314519,1,1
2010-04-25 13:00:00,0.26299596,1,1
2010-04-25 14:00:00,0.24295826,1,1
2010-04-25 15:00:00,0.27415603,1,1
2010-04-25 16:00:00,0.19766794,1,1
2010-04-25 17:00:00,0.19768317,1,1
2010-04-25 18:00:00,0.08305864,1,1
2010-04-25 19:00:00,-0.0044459477,1,1
2010-04-25 20:00:00,-0.056085803,1,1
2010-04-25 21:00:00,-0.1472964,1,1
2010-04-25 22:00:00,-0.23631243,1,1
2010-04-25 23:00:00,-0.3154835,1,1
2010-04-26 00:00:00,-0.4640531,0,0
2010-04-26 01:00:00,-0.6334738,0,0
2010-04-26 02:00:00,-0.8535651,0,0
2010-04-26 03:00:00,-0.86018425,0,0
2010-04-26 04:00:00,-0.99398226,0,0
2010-04-26 05:00:00,-1.0906993,0,0
2010-04-26 06:00:00,-1.1854174,0,0
2010-04-26 07:00:00,-1.2216464,0,0
2010-04-26 08:00:00,-0.9826697,0,0
2010-04-26 09:00:00,-0.534791,0,0
2010-04-26 10:00:00,-0.2517888,0,0
2010-04-26 11:00:00,-0.049488638,0,0
2010-04-26 12:00:00,0.09092919,0,0
2010-04-26 13:00:00,0.20084532,0,0
2010-04-26 14:00:00,0.2877879,0,0
2010-04-26 15:00:00,0.27783537,0,0
2010-04-26 16:00:00,0.24433918,0,0
2010-04-26 17:00:00,0.17738548,0,0
2010-04-26 18:00:00,-0.036545,0,0
2010-04-26 19:00:00,-0.22121933,0,0
2010-04-26 20:00:00,-0.3613417,0,0
2010-04-26 21:00:00,-0.47434357,0,0
2010-04-26 22:00:00,-0.50593007,0,0
2010-04-26 23:00:00,-0.54110354,0,0
2010-04-27 00:00:00,-0.5279668,0,0
2010-04-27 01:00:00,-0.53155375,0,0
2010-04-27 02:00:00,-0.54239416,0,0
2010-04-27 03:00:00,-0.54781437,0,0
2010-04-27 04:00:00,-0.5554565,0,0
2010-04-27 05:00:00,-0.5498237,0,0
2010-04-27 06:00:00,-0.5745039,0,0
2010-04-27 07:00:00,-0.58302563,0,0
2010-04-27 08:00:00,-0.52996206,0,0
2010-04-27 09:00:00,-0.36373073,0,0
2010-04-27 10:00:00,-0.2266633,0,0
2010-04-27 11:00:00,-0.08888571,0,0
2010-04-27 12:00:00,0.054643694,0,0
2010-04-27 13:00:00,0.07976634,0,0
2010-04-27 14:00:00,0.02486439,0,0
2010-04-27 15:00:00,-0.041970048,0,0
2010-04-27 16:00:00,-0.16217718,0,0
2010-04-27 17:00:00,-0.15476303,0,0
2010-04-27 18:00:00,-0.22613817,0,0
2010-04-27 19:00:00,-0.3006199,0,0
2010-04-27 20:00:00,-0.403832,0,0
2010-04-27 21:00:00,-0.6254091,0,0
2010-04-27 22:00:00,-0.75234276,0,0
2010-04-27 23:00:00,-0.900855,0,0
2010-04-28 00:00:00,-1.0944328,0,0
2010-04-28 01:00:00,-1.2318922,0,0
2010-04-28 02:00:00,-1.3306603,0,0
2010-04-28 03:00:00,-1.396717,0,0
2010-04-28 04:00:00,-1.4300622,0,0
2010-04-28 05:00:00,-1.5227658,0,0
2010-04-28 06:00:00,-1.5324812,0,0
2010-04-28 07:00:00,-1.5229366,0,0
2010-04-28 08:00:00,-1.4093057,0,0
2010-04-28 09:00:00,-1.0449209,0,0
2010-04-28 10:00:00,-0.6878934,0,0
2010-04-28 11:00:00,-0.37493238,0,0
2010-04-28 12:00:00,-0.16728148,0,0
2010-04-28 13:00:00,0.047932092,0,0
2010-04-28 14:00:00,0.21331677,0,0
2010-04-28 15:00:00,0.28491274,0,0
2010-04-28 16:00:00,0.2854481,0,0
2010-04-28 17:00:00,0.23345591,0,0
2010-04-28 18:00:00,0.19641952,0,0
2010-04-28 19:00:00,0.2033703,0,0
2010-04-28 20:00:00,0.2414171,0,0
2010-04-28 21:00:00,0.2854112,0,0
2010-04-28 22:00:00,0.264437,0,0
2010-04-28 23:00:00,0.21861643,0,0
2010-04-29 00:00:00,0.24512482,0,0
2010-04-29 01:00:00,0.15843773,0,0
2010-04-29 02:00:00,0.09667637,0,0
2010-04-29 03:00:00,0.044001646,0,0
2010-04-29 04:00:00,-0.064934775,0,0
2010-04-29 05:00:00,-0.18946482,0,0
2010-04-29 06:00:00,-0.25283653,0,0
2010-04-29 07:00:00,-0.26463062,0,0
2010-04-29 08:00:00,-0.20431365,0,0
2010-04-29 09:00:00,-0.12245752,0,0
2010-04-29 10:00:00,-0.14245525,0,0
2010-04-29 11:00:00,-0.03608463,0,0
2010-04-29 12:00:00,0.0128477095,0,0
2010-04-29 13:00:00,0.04291387,0,0
2010-04-29 14:00:00,0.02392663,0,0
2010-04-29 15:00:00,0.028254624,0,0
2010-04-29 16:00:00,0.0051102317,0,0
2010-04-29 17:00:00,0.023983205,0,0
2010-04-29 18:00:00,-0.11875501,0,0
2010-04-29 19:00:00,-0.18733102,0,0
2010-04-29 20:00:00,-0.23459606,0,0
2010-04-29 21:00:00,-0.27893034,0,0
2010-04-29 22:00:00,-0.3657661,0,0
2010-04-29 23:00:00,-0.40699905,0,0
2010-04-30 00:00:00,-0.4714731,0,0
2010-04-30 01:00:00,-0.49200654,0,0
2010-04-30 02:00:00,-0.50594854,0,0
2010-04-30 03:00:00,-0.52172357,0,0
2010-04-30 04:00:00,-0.5306391,0,0
2010-04-30 05:00:00,-0.4930035,0,0
2010-04-30 06:00:00,-0.51314825,0,0
2010-04-30 07:00:00,-0.52804375,0,0
2010-04-30 08:00:00,-0.45843285,0,0
2010-04-30 09:00:00,-0.18352395,0,0
2010-04-30 10:00:00,0.07319453,0,0
2010-04-30 11:00:00,0.14116906,0,0
2010-04-30 12:00:00,0.22600554,0,0
2010-04-30 13:00:00,0.31188756,0,0
2010-04-30 14:00:00,0.34937972,0,0
2010-04-30 15:00:00,0.38074845,0,0
2010-04-30 16:00:00,0.39447242,0,0
2010-04-30 17:00:00,0.38664687,0,0
2010-04-30 18:00:00,0.25508595,0,0
2010-04-30 19:00:00,0.15706582,0,0
2010-04-30 20:00:00,-0.040527556,0,0
2010-04-30 21:00:00,-0.3391973,0,0
2010-04-30 22:00:00,-0.520131,0,0
2010-04-30 23:00:00,-0.57010525,0,0
2010-05-01 00:00:00,-0.8630384,1,0
2010-05-01 01:00:00,-1.1544803,1,0
2010-05-01 02:00:00,-1.2821997,1,0
2010-05-01 03:00:00,-1.3133508,1,0
2010-05-01 04:00:00,-1.2990996,1,0
2010-05-01 05:00:00,-1.2077833,1,0
2010-05-01 06:00:00,-1.181325,1,0
2010-05-01 07:00:00,-1.1476649,1,0
2010-05-01 08:00:00,-1.0253413,1,0
2010-05-01 09:00:00,-0.72215295,1,0
2010-05-01 10:00:00,-0.31032732,1,0
2010-05-01 11:00:00,0.106975734,1,0
2010-05-01 12:00:00,0.37434945,1,0
2010-05-01 13:00:00,0.56057525,1,0
2010-05-01 14:00:00,0.6769569,1,0
2010-05-01 15:00:00,0.72913194,1,0
2010-05-01 16:00:00,0.7230755,1,0
2010-05-01 17:00:00,0.5483845,1,0
2010-05-01 18:00:00,0.28383547,1,0
2010-05-01 19:00:00,0.12742834,1,0
2010-05-01 20:00:00,0.011986497,1,0
2010-05-01 21:00:00,-0.073233604,1,0
2010-05-01 22:00:00,-0.13482392,1,0
2010-05-01 23:00:00,-0.18169504,1,0
2010-05-02 00:00:00,-0.22729774,1,0
2010-05-02 01:00:00,-0.2743397,1,0
2010-05-02 02:00:00,-0.31557277,1,0
2010-05-02 03:00:00,-0.35370404,1,0
2010-05-02 04:00:00,-0.4119753,1,0
2010-05-02 05:00:00,-0.41665944,1,0
2010-05-02 06:00:00,-0.4785918,1,0
2010-05-02 07:00:00,-0.52795243,1,0
2010-05-02 08:00:00,-0.47122237,1,0
2010-05-02 09:00:00,-0.23130915,1,0
2010-05-02 10:00:00,0.05347577,1,0
2010-05-02 11:00:00,0.33377364,1,0
2010-05-02 12:00:00,0.52646357,1,0
2010-05-02 13:00:00,0.52088946,1,0
2010-05-02 14:00:00,0.39886108,1,0
2010-05-02 15:00:00,0.32334965,1,0
2010-05-02 16:00:00,0.28273138,1,0
2010-05-02 17:00:00,0.21461488,1,0
2010-05-02 18:00:00,0.030819999,1,0
2010-05-02 19:00:00,-0.16039954,1,0
2010-05-02 20:00:00,-0.3248927,1,0
2010-05-02 21:00:00,-0.45750213,1,0
2010-05-02 22:00:00,-0.61661994,1,0
2010-05-02 23:00:00,-0.8456682,1,0
2010-05-03 00:00:00,-1.0216724,0,0
2010-05-03 01:00:00,-1.0445266,0,0
2010-05-03 02:00:00,-1.1037533,0,0
2010-05-03 03:00:00,-1.256765,0,0
2010-05-03 04:00:00,-1.4351877,0,0
2010-05-03 05:00:00,-1.6181457,0,0
2010-05-03 06:00:00,-1.5434066,0,0
2010-05-03 07:00:00,-1.4670571,0,0
2010-05-03 08:00:00,-1.4730678,0,0
2010-05-03 09:00:00,-0.8260318,0,0
2010-05-03 10:00:00,-0.35918114,0,0
2010-05-03 11:00:00,0.067998074,0,0
2010-05-03 12:00:00,0.5516946,0,0
2010-05-03 13:00:00,0.83835393,0,0
2010-05-03 14:00:00,0.94220173,0,0
2010-05-03 15:00:00,0.975293,0,0
2010-05-03 16:00:00,0.9417691,0,0
2010-05-03 17:00:00,0.79886836,0,0
2010-05-03 18:00:00,0.535028,0,0
2010-05-03 19:00:00,0.37552443,0,0
2010-05-03 20:00:00,0.27353373,0,0
2010-05-03 21:00:00,0.21570666,0,0
2010-05-03 22:00:00,0.15866219,0,0
2010-05-03 23:00:00,0.11760534,0,0
2010-05-04 00:00:00,0.073276065,0,0
2010-05-04 01:00:00,0.039296456,0,0
2010-05-04 02:00:00,-0.010841702,0,0
2010-05-04 03:00:00,-0.081119664,0,0
2010-05-04 04:00:00,-0.15576218,0,0
2010-05-04 05:00:00,-0.31063792,0,0
2010-05-04 06:00:00,-0.35352805,0,0
2010-05-04 07:00:00,-0.33427298,0,0
2010-05-04 08:00:00,-0.20712686,0,0
2010-05-04 09:00:00,0.101929024,0,0
2010-05-04 10:00:00,0.46826252,0,0
2010-05-04 11:00:00,0.7885633,0,0
2010-05-04 12:00:00,1.0564121,0,0
2010-05-04 13:00:00,1.2059454,0,0
2010-05-04 14:00:00,1.2150528,0,0
2010-05-04 15:00:00,1.1395116,0,0
2010-05-04 16:00:00,0.9931229,0,0
2010-05-04 17:00:00,0.87417364,0,0
2010-05-04 18:00:00,0.33485103,0,0
2010-05-04 19:00:00,-0.20496902,0,0
2010-05-04 20:00:00,-0.39647523,0,0
2010-05-04 21:00:00,-0.5475813,0,0
2010-05-04 22:00:00,-0.61639756,0,0
2010-05-04 23:00:00,-0.800168,0,0
2010-05-05 00:00:00,-0.87514037,0,0
2010-05-05 01:00:00,-0.9490155,0,0
2010-05-05 02:00:00,-1.052815,0,0
2010-05-05 03:00:00,-1.1887554,0,0
2010-05-05 04:00:00,-1.3246961,0,0
2010-05-05 05:00:00,-1.3769128,0,0
2010-05-05 06:00:00,-1.4311339,0,0
2010-05-05 07:00:00,-1.4793749,0,0
2010-05-05 08:00:00,-1.4213074,0,0
2010-05-05 09:00:00,-1.2476168,0,0
2010-05-05 10:00:00,-1.0300996,0,0
2010-05-05 11:00:00,-0.90543437,0,0
2010-05-05 12:00:00,-0.82833666,0,0
2010-05-05 13:00:00,-0.73104227,0,0
2010-05-05 14:00:00,-0.74191386,0,0
2010-05-05 15:00:00,-0.7502145,0,0
2010-05-05 16:00:00,-0.76599175,0,0
2010-05-05 17:00:00,-0.71406525,0,0
2010-05-05 18:00:00,-0.8189916,0,0
2010-05-05 19:00:00,-0.87372774,0,0
2010-05-05 20:00:00,-0.8908505,0,0
2010-05-05 21:00:00,-0.90910333,0,0
2010-05-05 22:00:00,-0.9307394,0,0
2010-05-05 23:00:00,-0.9270832,0,0
2010-05-06 00:00:00,-0.8751169,0,0
2010-05-06 01:00:00,-0.83350027,0,0
2010-05-06 02:00:00,-0.81329143,0,0
2010-05-06 03:00:00,-0.8429064,0,0
2010-05-06 04:00:00,-0.8127367,0,0
2010-05-06 05:00:00,-0.79977095,0,0
2010-05-06 06:00:00,-0.7343536,0,0
2010-05-06 07:00:00,-0.68058676,0,0
2010-05-06 08:00:00,-0.5961595,0,0
2010-05-06 09:00:00,-0.48023745,0,0
2010-05-06 10:00:00,-0.42939764,0,0
2010-05-06 11:00:00,-0.45212537,0,0
2010-05-06 12:00:00,-0.45807743,0,0
2010-05-06 13:00:00,-0.489054,0,0
2010-05-06 14:00:00,-0.47505507,0,0
2010-05-06 15:00:00,-0.50326204,0,0
2010-05-06 16:00:00,-0.5624044,0,0
2010-05-06 17:00:00,-0.48852944,0,0
2010-05-06 18:00:00,-0.66723627,0,0
2010-05-06 19:00:00,-0.9184792,0,0
2010-05-06 20:00:00,-1.319495,0,0
2010-05-06 21:00:00,-1.5171384,0,0
2010-05-06 22:00:00,-1.5970126,0,0
2010-05-06 23:00:00,-1.5805861,0,0
2010-05-07 00:00:00,-1.5268556,0,0
2010-05-07 01:00:00,-1.5009292,0,0
2010-05-07 02:00:00,-1.4517671,0,0
2010-05-07 03:00:00,-1.3517584,0,0
2010-05-07 04:00:00,-1.2647151,0,0
2010-05-07 05:00:00,-1.2114338,0,0
2010-05-07 06:00:00,-1.1540006,0,0
2010-05-07 07:00:00,-1.0932947,0,0
2010-05-07 08:00:00,-0.97375804,0,0
2010-05-07 09:00:00,-0.6755791,0,0
2010-05-07 10:00:00,-0.32576504,0,0
2010-05-07 11:00:00,-0.07229894,0,0
2010-05-07 12:00:00,0.12299801,0,0
2010-05-07 13:00:00,0.358963,0,0
2010-05-07 14:00:00,0.5804003,0,0
2010-05-07 15:00:00,0.58984625,0,0
2010-05-07 16:00:00,0.5177054,0,0
2010-05-07 17:00:00,0.51936036,0,0
2010-05-07 18:00:00,0.3181161,0,0
2010-05-07 19:00:00,0.21975918,0,0
2010-05-07 20:00:00,0.09362554,0,0
2010-05-07 21:00:00,0.050170433,0,0
2010-05-07 22:00:00,0.057418775,0,0
2010-05-07 23:00:00,-0.018353753,0,0
2010-05-08 00:00:00,0.0071042916,1,0
2010-05-08 01:00:00,-0.0007089835,1,0
2010-05-08 02:00:00,0.006368174,1,0
2010-05-08 03:00:00,0.012177153,1,0
2010-05-08 04:00:00,0.0022164194,1,0
2010-05-08 05:00:00,0.005265957,1,0
2010-05-08 06:00:00,-0.018559266,1,0
2010-05-08 07:00:00,-0.04760943,1,0
2010-05-08 08:00:00,-0.096992426,1,0
2010-05-08 09:00:00,0.17867167,1,0
2010-05-08 10:00:00,0.2781361,1,0
2010-05-08 11:00:00,0.38273078,1,0
2010-05-08 12:00:00,0.50664777,1,0
2010-05-08 13:00:00,0.56394625,1,0
2010-05-08 14:00:00,0.6632896,1,0
2010-05-08 15:00:00,0.71309924,1,0
2010-05-08 16:00:00,0.68837553,1,0
2010-05-08 17:00:00,0.5546787,1,0
2010-05-08 18:00:00,0.30763784,1,0
2010-05-08 19:00:00,0.079043455,1,0
2010-05-08 20:00:00,-0.20518184,1,0
2010-05-08 21:00:00,-0.67781115,1,0
2010-05-08 22:00:00,-0.78563845,1,0
2010-05-08 23:00:00,-0.7988216,1,0
2010-05-09 00:00:00,-0.783468,1,0
2010-05-09 01:00:00,-0.7955023,1,0
2010-05-09 02:00:00,-0.7772182,1,0
2010-05-09 03:00:00,-0.73665214,1,0
2010-05-09 04:00:00,-0.7364395,1,0
2010-05-09 05:00:00,-0.80554575,1,0
2010-05-09 06:00:00,-0.8095318,1,0
2010-05-09 07:00:00,-0.8118557,1,0
2010-05-09 08:00:00,-0.7044276,1,0
2010-05-09 09:00:00,-0.29881513,1,0
2010-05-09 10:00:00,0.2688647,1,0
2010-05-09 11:00:00,0.65407497,1,0
2010-05-09 12:00:00,0.8721846,1,0
2010-05-09 13:00:00,0.952838,1,0
2010-05-09 14:00:00,1.0089025,1,0
2010-05-09 15:00:00,1.0174792,1,0
2010-05-09 16:00:00,1.0456253,1,0
2010-05-09 17:00:00,0.8816347,1,0
2010-05-09 18:00:00,0.688461,1,0
2010-05-09 19:00:00,0.5513608,1,0
2010-05-09 20:00:00,0.41775596,1,0
2010-05-09 21:00:00,0.31327558,1,0
2010-05-09 22:00:00,0.22517684,1,0
2010-05-09 23:00:00,0.13724905,1,0
2010-05-10 00:00:00,0.068410456,0,0
2010-05-10 01:00:00,-0.016197942,0,0
2010-05-10 02:00:00,-0.09084551,0,0
2010-05-10 03:00:00,-0.1592954,0,0
2010-05-10 04:00:00,-0.22918439,0,0
2010-05-10 05:00:00,-0.28488615,0,0
2010-05-10 06:00:00,-0.33009502,0,0
2010-05-10 07:00:00,-0.33726874,0,0
2010-05-10 08:00:00,-0.34085584,0,0
2010-05-10 09:00:00,-0.1254466,0,0
2010-05-10 10:00:00,0.005502592,0,0
2010-05-10 11:00:00,0.23324834,0,0
2010-05-10 12:00:00,0.46479875,0,0
2010-05-10 13:00:00,0.6599769,0,0
2010-05-10 14:00:00,0.76622635,0,0
2010-05-10 15:00:00,0.77462703,0,0
2010-05-10 16:00:00,0.73991436,0,0
2010-05-10 17:00:00,0.60452116,0,0
2010-05-10 18:00:00,0.3856493,0,0
2010-05-10 19:00:00,0.24801685,0,0
2010-05-10 20:00:00,0.18747696,0,0
2010-05-10 21:00:00,0.11426855,0,0
2010-05-10 22:00:00,0.02944235,0,0
2010-05-10 23:00:00,-0.02284348,0,0
2010-05-11 00:00:00,-0.08604413,0,0
2010-05-11 01:00:00,-0.15561882,0,0
2010-05-11 02:00:00,-0.25963753,0,0
2010-05-11 03:00:00,-0.27809936,0,0
2010-05-11 04:00:00,-0.48586437,0,0
2010-05-11 05:00:00,-0.8570684,0,0
2010-05-11 06:00:00,-1.0344597,0,0
2010-05-11 07:00:00,-1.1281272,0,0
2010-05-11 08:00:00,-1.2669985,0,0
2010-05-11 09:00:00,-1.1367351,0,0
2010-05-11 10:00:00,-1.1081773,0,0
2010-05-11 11:00:00,-1.0657552,0,0
2010-05-11 12:00:00,-1.0432516,0,0
2010-05-11 13:00:00,-1.0588797,0,0
2010-05-11 14:00:00,-1.0530084,0,0
2010-05-11 15:00:00,-1.1518924,0,0
2010-05-11 16:00:00,-1.2312123,0,0
2010-05-11 17:00:00,-1.4169838,0,0
2010-05-11 18:00:00,-1.5646343,0,0
2010-05-11 19:00:00,-1.663539,0,0
2010-05-11 20:00:00,-1.7162347,0,0
2010-05-11 21:00:00,-1.71027,0,0
2010-05-11 22:00:00,-1.691511,0,0
2010-05-11 23:00:00,-1.7327541,0,0
2010-05-12 00:00:00,-1.7069126,0,0
2010-05-12 01:00:00,-1.7468082,0,0
2010-05-12 02:00:00,-1.7987105,0,0
2010-05-12 03:00:00,-1.7953688,0,0
2010-05-12 04:00:00,-1.804381,0,0
2010-05-12 05:00:00,-1.750027,0,0
2010-05-12 06:00:00,-1.7009443,0,0
2010-05-12 07:00:00,-1.6810828,0,0
2010-05-12 08:00:00,-1.6808702,0,0
2010-05-12 09:00:00,-1.4511408,0,0
2010-05-12 10:00:00,-1.2615039,0,0
2010-05-12 11:00:00,-1.134045,0,0
2010-05-12 12:00:00,-1.0163985,0,0
2010-05-12 13:00:00,-0.888397,0,0
2010-05-12 14:00:00,-0.9183852,0,0
2010-05-12 15:00:00,-0.9130066,0,0
2010-05-12 16:00:00,-0.9437553,0,0
2010-05-12 17:00:00,-0.90821064,0,0
2010-05-12 18:00:00,-1.005963,0,0
2010-05-12 19:00:00,-1.0765486,0,0
2010-05-12 20:00:00,-1.1076549,0,0
2010-05-12 21:00:00,-1.1474485,0,0
2010-05-12 22:00:00,-1.210872,0,0
2010-05-12 23:00:00,-1.2622838,0,0
2010-05-13 00:00:00,-1.308372,0,0
2010-05-13 01:00:00,-1.3811914,0,0
2010-05-13 02:00:00,-1.3998917,0,0
2010-05-13 03:00:00,-1.3842237,0,0
2010-05-13 04:00:00,-1.3305953,0,0
2010-05-13 05:00:00,-1.242987,0,0
2010-05-13 06:00:00,-1.1915804,0,0
2010-05-13 07:00:00,-1.1352445,0,0
2010-05-13 08:00:00,-1.0349679,0,0
2010-05-13 09:00:00,-0.90725684,0,0
2010-05-13 10:00:00,-0.7613258,0,0
2010-05-13 11:00:00,-0.6810351,0,0
2010-05-13 12:00:00,-0.5427409,0,0
2010-05-13 13:00:00,-0.5134628,0,0
2010-05-13 14:00:00,-0.4393179,0,0
2010-05-13 15:00:00,-0.4233199,0,0
2010-05-13 16:00:00,-0.45437112,0,0
2010-05-13 17:00:00,-0.43724662,0,0
2010-05-13 18:00:00,-0.5316746,0,0
2010-05-13 19:00:00,-0.6713114,0,0
2010-05-13 20:00:00,-0.7185762,0,0
2010-05-13 21:00:00,-0.8267231,0,0
2010-05-13 22:00:00,-0.9618638,0,0
2010-05-13 23:00:00,-0.9645765,0,0
2010-05-14 00:00:00,-1.0137662,0,0
2010-05-14 01:00:00,-0.89982057,0,0
2010-05-14 02:00:00,-0.83457416,0,0
2010-05-14 03:00:00,-0.88432366,0,0
2010-05-14 04:00:00,-0.96932083,0,0
2010-05-14 05:00:00,-0.88193566,0,0
2010-05-14 06:00:00,-0.86267555,0,0
2010-05-14 07:00:00,-0.83848584,0,0
2010-05-14 08:00:00,-0.7750675,0,0
2010-05-14 09:00:00,-0.6523774,0,0
2010-05-14 10:00:00,-0.5509137,0,0
2010-05-14 11:00:00,-0.46585944,0,0
2010-05-14 12:00:00,-0.36005363,0,0
2010-05-14 13:00:00,-0.27936384,0,0
2010-05-14 14:00:00,-0.23990168,0,0
2010-05-14 15:00:00,-0.24250753,0,0
2010-05-14 16:00:00,-0.2645962,0,0
2010-05-14 17:00:00,-0.36920288,0,0
2010-05-14 18:00:00,-0.57104176,0,0
2010-05-14 19:00:00,-0.7146593,0,0
2010-05-14 20:00:00,-0.8228061,0,0
2010-05-14 21:00:00,-1.0889825,0,0
2010-05-14 22:00:00,-1.0519795,0,0
2010-05-14 23:00:00,-1.0582364,0,0
2010-05-15 00:00:00,-1.1657491,1,0
2010-05-15 01:00:00,-1.3743466,1,0
2010-05-15 02:00:00,-1.8088322,1,0
2010-05-15 03:00:00,-1.8905824,1,0
2010-05-15 04:00:00,-1.784547,1,0
2010-05-15 05:00:00,-1.6462406,1,0
2010-05-15 06:00:00,-1.6617926,1,0
2010-05-15 07:00:00,-1.5988649,1,0
2010-05-15 08:00:00,-1.4409788,1,0
2010-05-15 09:00:00,-1.2564807,1,0
2010-05-15 10:00:00,-0.95980287,1,0
2010-05-15 11:00:00,-0.6572193,1,0
2010-05-15 12:00:00,-0.43522012,1,0
2010-05-15 13:00:00,-0.33127895,1,0
2010-05-15 14:00:00,-0.3075836,1,0
2010-05-15 15:00:00,-0.31412032,1,0
2010-05-15 16:00:00,-0.35557306,1,0
2010-05-15 17:00:00,-0.40550795,1,0
2010-05-15 18:00:00,-0.604159,1,0
2010-05-15 19:00:00,-0.70567447,1,0
2010-05-15 20:00:00,-0.86999154,1,0
2010-05-15 21:00:00,-1.0968924,1,0
2010-05-15 22:00:00,-1.2896149,1,0
2010-05-15 23:00:00,-1.270433,1,0
2010-05-16 00:00:00,-1.3100574,1,0
2010-05-16 01:00:00,-1.4277489,1,0
2010-05-16 02:00:00,-1.5660927,1,0
2010-05-16 03:00:00,-1.9984083,1,0
2010-05-16 04:00:00,-2.3134284,1,0
2010-05-16 05:00:00,-2.2143803,1,0
2010-05-16 06:00:00,-2.2647688,1,0
2010-05-16 07:00:00,-2.5689933,1,0
2010-05-16 08:00:00,-2.6279933,1,0
2010-05-16 09:00:00,-1.8204675,1,0
2010-05-16 10:00:00,-1.1810565,1,0
2010-05-16 11:00:00,-0.787582,1,0
2010-05-16 12:00:00,-0.43174836,1,0
2010-05-16 13:00:00,-0.18505688,1,0
2010-05-16 14:00:00,-0.0503693,1,0
2010-05-16 15:00:00,-0.00881349,1,0
2010-05-16 16:00:00,-0.06725431,1,0
2010-05-16 17:00:00,-0.21405512,1,0
2010-05-16 18:00:00,-0.4888346,1,0
2010-05-16 19:00:00,-0.6817628,1,0
2010-05-16 20:00:00,-0.89150643,1,0
2010-05-16 21:00:00,-0.87800914,1,0
2010-05-16 22:00:00,-0.9872307,1,0
2010-05-16 23:00:00,-1.1387063,1,0
2010-05-17 00:00:00,-1.4929826,0,0
2010-05-17 01:00:00,-1.8081735,0,0
2010-05-17 02:00:00,-1.9808289,0,0
2010-05-17 03:00:00,-2.011249,0,0
2010-05-17 04:00:00,-2.0110087,0,0
2010-05-17 05:00:00,-2.1747067,0,0
2010-05-17 06:00:00,-2.1428282,0,0
2010-05-17 07:00:00,-2.1103897,0,0
2010-05-17 08:00:00,-1.9637328,0,0
2010-05-17 09:00:00,-1.6624105,0,0
2010-05-17 10:00:00,-1.1472725,0,0
2010-05-17 11:00:00,-0.7181613,0,0
2010-05-17 12:00:00,-0.39543307,0,0
2010-05-17 13:00:00,-0.18089308,0,0
2010-05-17 14:00:00,-0.09324724,0,0
2010-05-17 15:00:00,-0.10200594,0,0
2010-05-17 16:00:00,-0.20162793,0,0
2010-05-17 17:00:00,-0.27315572,0,0
2010-05-17 18:00:00,-0.52159774,0,0
2010-05-17 19:00:00,-0.77736557,0,0
2010-05-17 20:00:00,-0.8068051,0,0
2010-05-17 21:00:00,-0.9436843,0,0
2010-05-17 22:00:00,-1.3612078,0,0
2010-05-17 23:00:00,-1.7133089,0,0
2010-05-18 00:00:00,-1.9271971,0,0
2010-05-18 01:00:00,-2.1279244,0,0
2010-05-18 02:00:00,-2.1054468,0,0
2010-05-18 03:00:00,-2.064269,0,0
2010-05-18 04:00:00,-2.0572884,0,0
2010-05-18 05:00:00,-2.038519,0,0
2010-05-18 06:00:00,-2.030099,0,0
2010-05-18 07:00:00,-2.02185,0,0
2010-05-18 08:00:00,-1.9794508,0,0
2010-05-18 09:00:00,-1.7154274,0,0
2010-05-18 10:00:00,-1.3659607,0,0
2010-05-18 11:00:00,-0.95088506,0,0
2010-05-18 12:00:00,-0.5664919,0,0
2010-05-18 13:00:00,-0.36492974,0,0
2010-05-18 14:00:00,-0.2576245,0,0
2010-05-18 15:00:00,-0.25380632,0,0
2010-05-18 16:00:00,-0.30804867,0,0
2010-05-18 17:00:00,-0.49815923,0,0
2010-05-18 18:00:00,-0.75777185,0,0
2010-05-18 19:00:00,-1.1617842,0,0
2010-05-18 20:00:00,-1.4156394,0,0
2010-05-18 21:00:00,-1.6612403,0,0
2010-05-18 22:00:00,-1.8739125,0,0
2010-05-18 23:00:00,-2.0253603,0,0
2010-05-19 00:00:00,-2.1531785,0,0
2010-05-19 01:00:00,-2.184867,0,0
2010-05-19 02:00:00,-2.324303,0,0
2010-05-19 03:00:00,-2.439938,0,0
2010-05-19 04:00:00,-2.492155,0,0
2010-05-19 05:00:00,-2.6195598,0,0
2010-05-19 06:00:00,-2.642509,0,0
2010-05-19 07:00:00,-2.6733177,0,0
2010-05-19 08:00:00,-2.5565906,0,0
2010-05-19 09:00:00,-1.8408111,0,0
2010-05-19 10:00:00,-1.4203942,0,0
2010-05-19 11:00:00,-1.006937,0,0
2010-05-19 12:00:00,-0.6682488,0,0
2010-05-19 13:00:00,-0.4417817,0,0
2010-05-19 14:00:00,-0.3071735,0,0
2010-05-19 15:00:00,-0.29562673,0,0
2010-05-19 16:00:00,-0.33881596,0,0
2010-05-19 17:00:00,-0.45309553,0,0
2010-05-19 18:00:00,-0.6735432,0,0
2010-05-19 19:00:00,-0.8543215,0,0
2010-05-19 20:00:00,-1.0384827,0,0
2010-05-19 21:00:00,-1.1023682,0,0
2010-05-19 22:00:00,-1.1963573,0,0
2010-05-19 23:00:00,-1.3318694,0,0
2010-05-20 00:00:00,-1.6667147,0,0
2010-05-20 01:00:00,-1.8110387,0,0
2010-05-20 02:00:00,-1.9126905,0,0
2010-05-20 03:00:00,-2.1122015,0,0
2010-05-20 04:00:00,-2.2835414,0,0
2010-05-20 05:00:00,-2.5416553,0,0
2010-05-20 06:00:00,-2.5898445,0,0
2010-05-20 07:00:00,-2.5663164,0,0
2010-05-20 08:00:00,-2.443951,0,0
2010-05-20 09:00:00,-1.731306,0,0
2010-05-20 10:00:00,-1.2140025,0,0
2010-05-20 11:00:00,-0.81291866,0,0
2010-05-20 12:00:00,-0.4996606,0,0
2010-05-20 13:00:00,-0.33508798,0,0
2010-05-20 14:00:00,-0.31545305,0,0
2010-05-20 15:00:00,-0.33063778,0,0
2010-05-20 16:00:00,-0.36889768,0,0
2010-05-20 17:00:00,-0.46998325,0,0
2010-05-20 18:00:00,-0.69474876,0,0
2010-05-20 19:00:00,-0.82006,0,0
2010-05-20 20:00:00,-0.8888071,0,0
2010-05-20 21:00:00,-1.0056413,0,0
2010-05-20 22:00:00,-1.1500815,0,0
2010-05-20 23:00:00,-1.3250107,0,0
2010-05-21 00:00:00,-1.4777492,0,0
2010-05-21 01:00:00,-1.4603,0,0
2010-05-21 02:00:00,-1.4192208,0,0
2010-05-21 03:00:00,-1.3059837,0,0
2010-05-21 04:00:00,-1.3982863,0,0
2010-05-21 05:00:00,-1.4453524,0,0
2010-05-21 06:00:00,-1.4325631,0,0
2010-05-21 07:00:00,-1.4919314,0,0
2010-05-21 08:00:00,-1.4880521,0,0
2010-05-21 09:00:00,-1.2948298,0,0
2010-05-21 10:00:00,-1.1158035,0,0
2010-05-21 11:00:00,-0.9088762,0,0
2010-05-21 12:00:00,-0.8159411,0,0
2010-05-21 13:00:00,-0.7984417,0,0
2010-05-21 14:00:00,-0.77469957,0,0
2010-05-21 15:00:00,-0.8345674,0,0
2010-05-21 16:00:00,-0.9738985,0,0
2010-05-21 17:00:00,-0.9658871,0,0
2010-05-21 18:00:00,-1.1697822,0,0
2010-05-21 19:00:00,-1.3061565,0,0
2010-05-21 20:00:00,-1.4550562,0,0
2010-05-21 21:00:00,-1.6293343,0,0
2010-05-21 22:00:00,-1.773382,0,0
2010-05-21 23:00:00,-1.918337,0,0
2010-05-22 00:00:00,-2.0590932,1,0
2010-05-22 01:00:00,-2.129378,1,0
2010-05-22 02:00:00,-2.1825264,1,0
2010-05-22 03:00:00,-2.2484415,1,0
2010-05-22 04:00:00,-2.3292005,1,0
2010-05-22 05:00:00,-2.2552543,1,0
2010-05-22 06:00:00,-2.3877895,1,0
2010-05-22 07:00:00,-2.515566,1,0
2010-05-22 08:00:00,-2.5608296,1,0
2010-05-22 09:00:00,-2.3011646,1,0
2010-05-22 10:00:00,-1.8642117,1,0
2010-05-22 11:00:00,-1.7227831,1,0
2010-05-22 12:00:00,-1.5814911,1,0
2010-05-22 13:00:00,-1.491172,1,0
2010-05-22 14:00:00,-1.4487295,1,0
2010-05-22 15:00:00,-1.4347378,1,0
2010-05-22 16:00:00,-1.4568391,1,0
2010-05-22 17:00:00,-1.3850085,1,0
2010-05-22 18:00:00,-1.5878582,1,0
2010-05-22 19:00:00,-1.7868044,1,0
2010-05-22 20:00:00,-2.001317,1,0
2010-05-22 21:00:00,-2.1341877,1,0
2010-05-22 22:00:00,-2.2401419,1,0
2010-05-22 23:00:00,-2.4671724,1,0
2010-05-23 00:00:00,-2.8289196,1,0
2010-05-23 01:00:00,-3.048399,1,0
2010-05-23 02:00:00,-3.2598941,1,0
2010-05-23 03:00:00,-3.3951318,1,0
2010-05-23 04:00:00,-3.5210698,1,0
2010-05-23 05:00:00,-3.6070483,1,0
2010-05-23 06:00:00,-3.6683464,1,0
2010-05-23 07:00:00,-3.6807747,1,0
2010-05-23 08:00:00,-3.5945365,1,0
2010-05-23 09:00:00,-2.875181,1,0
2010-05-23 10:00:00,-2.1153796,1,0
2010-05-23 11:00:00,-1.5238092,1,0
2010-05-23 12:00:00,-1.231527,1,0
2010-05-23 13:00:00,-1.0603523,1,0
2010-05-23 14:00:00,-1.0455103,1,0
2010-05-23 15:00:00,-1.0627804,1,0
2010-05-23 16:00:00,-1.0743365,1,0
2010-05-23 17:00:00,-1.2231363,1,0
2010-05-23 18:00:00,-1.4696344,1,0
2010-05-23 19:00:00,-1.6647708,1,0
2010-05-23 20:00:00,-1.8082451,1,0
2010-05-23 21:00:00,-1.9514219,1,0
2010-05-23 22:00:00,-2.0424511,1,0
2010-05-23 23:00:00,-2.147417,1,0
2010-05-24 00:00:00,-2.223333,0,0
2010-05-24 01:00:00,-2.2732258,0,0
2010-05-24 02:00:00,-2.289139,0,0
2010-05-24 03:00:00,-2.311815,0,0
2010-05-24 04:00:00,-2.3341022,0,0
2010-05-24 05:00:00,-2.3462057,0,0
2010-05-24 06:00:00,-2.3752556,0,0
2010-05-24 07:00:00,-2.3794076,0,0
2010-05-24 08:00:00,-2.3736038,0,0
2010-05-24 09:00:00,-2.0583122,0,0
2010-05-24 10:00:00,-1.5536292,0,0
2010-05-24 11:00:00,-1.1940255,0,0
2010-05-24 12:00:00,-0.8991829,0,0
2010-05-24 13:00:00,-0.73602545,0,0
2010-05-24 14:00:00,-0.5949271,0,0
2010-05-24 15:00:00,-0.48836663,0,0
2010-05-24 16:00:00,-0.5138647,0,0
2010-05-24 17:00:00,-0.60350305,0,0
2010-05-24 18:00:00,-0.7802156,0,0
2010-05-24 19:00:00,-0.9759654,0,0
2010-05-24 20:00:00,-1.0953362,0,0
2010-05-24 21:00:00,-1.0833764,0,0
2010-05-24 22:00:00,-1.0922867,0,0
2010-05-24 23:00:00,-1.1097136,0,0
2010-05-25 00:00:00,-1.1445726,0,0
2010-05-25 01:00:00,-1.1360561,0,0
2010-05-25 02:00:00,-1.1149678,0,0
2010-05-25 03:00:00,-1.1015167,0,0
2010-05-25 04:00:00,-1.1058865,0,0
2010-05-25 05:00:00,-1.1056685,0,0
2010-05-25 06:00:00,-1.0851403,0,0
2010-05-25 07:00:00,-1.0631727,0,0
2010-05-25 08:00:00,-1.0439124,0,0
2010-05-25 09:00:00,-0.955425,0,0
2010-05-25 10:00:00,-0.79172486,0,0
2010-05-25 11:00:00,-0.643646,0,0
2010-05-25 12:00:00,-0.5435354,0,0
2010-05-25 13:00:00,-0.4578245,0,0
2010-05-25 14:00:00,-0.37880203,0,0
2010-05-25 15:00:00,-0.35053462,0,0
2010-05-25 16:00:00,-0.32139334,0,0
2010-05-25 17:00:00,-0.35711458,0,0
2010-05-25 18:00:00,-0.44057587,0,0
2010-05-25 19:00:00,-0.50582755,0,0
2010-05-25 20:00:00,-0.5621688,0,0
2010-05-25 21:00:00,-0.64938813,0,0
2010-05-25 22:00:00,-0.71734726,0,0
2010-05-25 23:00:00,-0.78037685,0,0
2010-05-26 00:00:00,-0.77002716,0,0
2010-05-26 01:00:00,-0.7812564,0,0
2010-05-26 02:00:00,-0.742736,0,0
2010-05-26 03:00:00,-0.7067523,0,0
2010-05-26 04:00:00,-0.72322524,0,0
2010-05-26 05:00:00,-0.7546683,0,0
2010-05-26 06:00:00,-0.8400544,0,0
2010-05-26 07:00:00,-0.88653135,0,0
2010-05-26 08:00:00,-0.9319112,0,0
2010-05-26 09:00:00,-0.7649385,0,0
2010-05-26 10:00:00,-0.5904428,0,0
2010-05-26 11:00:00,-0.39651075,0,0
2010-05-26 12:00:00,-0.20798838,0,0
2010-05-26 13:00:00,-0.08126908,0,0
2010-05-26 14:00:00,0.0153148575,0,0
2010-05-26 15:00:00,0.06406887,0,0
2010-05-26 16:00:00,0.08221618,0,0
2010-05-26 17:00:00,-0.052987006,0,0
2010-05-26 18:00:00,-0.25350034,0,0
2010-05-26 19:00:00,-0.42108473,0,0
2010-05-26 20:00:00,-0.5781017,0,0
2010-05-26 21:00:00,-0.7382199,0,0
2010-05-26 22:00:00,-0.80579555,0,0
2010-05-26 23:00:00,-0.8928214,0,0
2010-05-27 00:00:00,-1.039048,0,0
2010-05-27 01:00:00,-1.2391706,0,0
2010-05-27 02:00:00,-1.2380041,0,0
2010-05-27 03:00:00,-1.2915634,0,0
2010-05-27 04:00:00,-1.381592,0,0
2010-05-27 05:00:00,-1.4035374,0,0
2010-05-27 06:00:00,-1.3573054,0,0
2010-05-27 07:00:00,-1.4137436,0,0
2010-05-27 08:00:00,-1.4098644,0,0
2010-05-27 09:00:00,-1.0819097,0,0
2010-05-27 10:00:00,-0.657431,0,0
2010-05-27 11:00:00,-0.2848219,0,0
2010-05-27 12:00:00,-0.009730049,0,0
2010-05-27 13:00:00,0.15285549,0,0
2010-05-27 14:00:00,0.18178453,0,0
2010-05-27 15:00:00,0.16581227,0,0
2010-05-27 16:00:00,0.09158086,0,0
2010-05-27 17:00:00,-0.03611816,0,0
2010-05-27 18:00:00,-0.25589177,0,0
2010-05-27 19:00:00,-0.40565526,0,0
2010-05-27 20:00:00,-0.48196498,0,0
2010-05-27 21:00:00,-0.5530256,0,0
2010-05-27 22:00:00,-0.67256755,0,0
2010-05-27 23:00:00,-0.74682623,0,0
2010-05-28 00:00:00,-0.7695023,0,0
2010-05-28 01:00:00,-0.8306986,0,0
2010-05-28 02:00:00,-0.93583554,0,0
2010-05-28 03:00:00,-1.0266418,0,0
2010-05-28 04:00:00,-1.0990673,0,0
2010-05-28 05:00:00,-1.2923306,0,0
2010-05-28 06:00:00,-1.4058182,0,0
2010-05-28 07:00:00,-1.4444871,0,0
2010-05-28 08:00:00,-1.3323472,0,0
2010-05-28 09:00:00,-1.006146,0,0
2010-05-28 10:00:00,-0.5978208,0,0
2010-05-28 11:00:00,-0.31303054,0,0
2010-05-28 12:00:00,-0.1348856,0,0
2010-05-28 13:00:00,-0.09786859,0,0
2010-05-28 14:00:00,-0.064175926,0,0
2010-05-28 15:00:00,-0.048138432,0,0
2010-05-28 16:00:00,-0.09442218,0,0
2010-05-28 17:00:00,-0.13730022,0,0
2010-05-28 18:00:00,-0.22950092,0,0
2010-05-28 19:00:00,-0.30366313,0,0
2010-05-28 20:00:00,-0.3880366,0,0
2010-05-28 21:00:00,-0.49604008,0,0
2010-05-28 22:00:00,-0.5287566,0,0
2010-05-28 23:00:00,-0.4895382,0,0
2010-05-29 00:00:00,-0.4978888,1,0
2010-05-29 01:00:00,-0.53274775,1,0
2010-05-29 02:00:00,-0.5617979,1,0
2010-05-29 03:00:00,-0.579401,1,0
2010-05-29 04:00:00,-0.602813,1,0
2010-05-29 05:00:00,-0.6282294,1,0
2010-05-29 06:00:00,-0.6340383,1,0
2010-05-29 07:00:00,-0.64509636,1,0
2010-05-29 08:00:00,-0.6563256,1,0
2010-05-29 09:00:00,-0.62649804,1,0
2010-05-29 10:00:00,-0.5295803,1,0
2010-05-29 11:00:00,-0.46170232,1,0
2010-05-29 12:00:00,-0.32400241,1,0
2010-05-29 13:00:00,-0.16585352,1,0
2010-05-29 14:00:00,-0.063927,1,0
2010-05-29 15:00:00,-0.13079089,1,0
2010-05-29 16:00:00,-0.19058284,1,0
2010-05-29 17:00:00,-0.15469608,1,0
2010-05-29 18:00:00,-0.26201534,1,0
2010-05-29 19:00:00,-0.36671874,1,0
2010-05-29 20:00:00,-0.47137538,1,0
2010-05-29 21:00:00,-0.6043684,1,0
2010-05-29 22:00:00,-0.5918017,1,0
2010-05-29 23:00:00,-0.589585,1,0
2010-05-30 00:00:00,-0.5595863,1,0
2010-05-30 01:00:00,-0.5335685,1,0
2010-05-30 02:00:00,-0.523001,1,0
2010-05-30 03:00:00,-0.53750265,1,0
2010-05-30 04:00:00,-0.53130496,1,0
2010-05-30 05:00:00,-0.53838205,1,0
2010-05-30 06:00:00,-0.4947613,1,0
2010-05-30 07:00:00,-0.43786022,1,0
2010-05-30 08:00:00,-0.39497018,1,0
2010-05-30 09:00:00,-0.33535644,1,0
2010-05-30 10:00:00,-0.2109318,1,0
2010-05-30 11:00:00,-0.09282934,1,0
2010-05-30 12:00:00,-0.014292367,1,0
2010-05-30 13:00:00,0.010445233,1,0
2010-05-30 14:00:00,-0.004828991,1,0
2010-05-30 15:00:00,0.020953717,1,0
2010-05-30 16:00:00,-0.034113977,1,0
2010-05-30 17:00:00,-0.23358375,1,0
2010-05-30 18:00:00,-0.34919673,1,0
2010-05-30 19:00:00,-0.4099076,1,0
2010-05-30 20:00:00,-0.47931117,1,0
2010-05-30 21:00:00,-0.48805055,1,0
2010-05-30 22:00:00,-0.5100235,1,0
2010-05-30 23:00:00,-0.5647076,1,0
2010-05-31 00:00:00,-0.6179525,0,0
2010-05-31 01:00:00,-0.6693641,0,0
2010-05-31 02:00:00,-0.7253166,0,0
2010-05-31 03:00:00,-0.78341675,0,0
2010-05-31 04:00:00,-0.831338,0,0
2010-05-31 05:00:00,-0.9399651,0,0
2010-05-31 06:00:00,-0.96718717,0,0
2010-05-31 07:00:00,-0.99003947,0,0
2010-05-31 08:00:00,-0.95511115,0,0
2010-05-31 09:00:00,-0.77351594,0,0
2010-05-31 10:00:00,-0.5951308,0,0
2010-05-31 11:00:00,-0.40528834,0,0
2010-05-31 12:00:00,-0.33508644,0,0
2010-05-31 13:00:00,-0.2954533,0,0
2010-05-31 14:00:00,-0.26407436,0,0
2010-05-31 15:00:00,-0.25091517,0,0
2010-05-31 16:00:00,-0.26815927,0,0
2010-05-31 17:00:00,-0.31411117,0,0
2010-05-31 18:00:00,-0.4530446,0,0
2010-05-31 19:00:00,-0.5768647,0,0
2010-05-31 20:00:00,-0.75441504,0,0
2010-05-31 21:00:00,-0.9275958,0,0
2010-05-31 22:00:00,-1.1279415,0,0
2010-05-31 23:00:00,-1.1677839,0,0
2010-06-01 00:00:00,-1.2284551,0,0
2010-06-01 01:00:00,-1.5945722,0,0
2010-06-01 02:00:00,-1.7755834,0,0
2010-06-01 03:00:00,-1.9017392,0,0
2010-06-01 04:00:00,-2.1078868,0,0
2010-06-01 05:00:00,-1.9353832,0,0
2010-06-01 06:00:00,-1.7879487,0,0
2010-06-01 07:00:00,-1.8003993,0,0
2010-06-01 08:00:00,-1.78324,0,0
2010-06-01 09:00:00,-1.6572306,0,0
2010-06-01 10:00:00,-1.4591101,0,0
2010-06-01 11:00:00,-1.0750887,0,0
2010-06-01 12:00:00,-0.73056555,0,0
2010-06-01 13:00:00,-0.47604373,0,0
2010-06-01 14:00:00,-0.3185778,0,0
2010-06-01 15:00:00,-0.30821985,0,0
2010-06-01 16:00:00,-0.29641378,0,0
2010-06-01 17:00:00,-0.3521108,0,0
2010-06-01 18:00:00,-0.6108231,0,0
2010-06-01 19:00:00,-0.7995252,0,0
2010-06-01 20:00:00,-0.9570795,0,0
2010-06-01 21:00:00,-0.9917482,0,0
2010-06-01 22:00:00,-1.1792268,0,0
2010-06-01 23:00:00,-1.2614698,0,0
2010-06-02 00:00:00,-1.3652918,0,0
2010-06-02 01:00:00,-1.4831247,0,0
2010-06-02 02:00:00,-1.6165563,0,0
2010-06-02 03:00:00,-1.7454941,0,0
2010-06-02 04:00:00,-1.751405,0,0
2010-06-02 05:00:00,-1.6572568,0,0
2010-06-02 06:00:00,-1.726804,0,0
2010-06-02 07:00:00,-1.6931441,0,0
2010-06-02 08:00:00,-1.6149837,0,0
2010-06-02 09:00:00,-1.2626438,0,0
2010-06-02 10:00:00,-0.9264815,0,0
2010-06-02 11:00:00,-0.79232883,0,0
2010-06-02 12:00:00,-0.6807039,0,0
2010-06-02 13:00:00,-0.6389231,0,0
2010-06-02 14:00:00,-0.60334027,0,0
2010-06-02 15:00:00,-0.65508574,0,0
2010-06-02 16:00:00,-0.6937789,0,0
2010-06-02 17:00:00,-0.63942015,0,0
2010-06-02 18:00:00,-0.8245679,0,0
2010-06-02 19:00:00,-0.966385,0,0
2010-06-02 20:00:00,-1.1506189,0,0
2010-06-02 21:00:00,-1.1618295,0,0
2010-06-02 22:00:00,-1.1996484,0,0
2010-06-02 23:00:00,-1.2543344,0,0
2010-06-03 00:00:00,-1.3776639,0,0
2010-06-03 01:00:00,-1.4945723,0,0
2010-06-03 02:00:00,-1.7313354,0,0
2010-06-03 03:00:00,-2.0693493,0,0
2010-06-03 04:00:00,-2.253866,0,0
2010-06-03 05:00:00,-2.214179,0,0
2010-06-03 06:00:00,-2.1700706,0,0
2010-06-03 07:00:00,-2.1723425,0,0
2010-06-03 08:00:00,-2.1493745,0,0
2010-06-03 09:00:00,-1.8150263,0,0
2010-06-03 10:00:00,-1.5487514,0,0
2010-06-03 11:00:00,-1.2543284,0,0
2010-06-03 12:00:00,-1.0651822,0,0
2010-06-03 13:00:00,-0.93679404,0,0
2010-06-03 14:00:00,-0.8290255,0,0
2010-06-03 15:00:00,-0.8033312,0,0
2010-06-03 16:00:00,-0.8574991,0,0
2010-06-03 17:00:00,-0.8592725,0,0
2010-06-03 18:00:00,-1.0752985,0,0
2010-06-03 19:00:00,-1.4161967,0,0
2010-06-03 20:00:00,-1.5863192,0,0
2010-06-03 21:00:00,-1.6997397,0,0
2010-06-03 22:00:00,-1.6738036,0,0
2010-06-03 23:00:00,-1.8882047,0,0
2010-06-04 00:00:00,-2.071842,0,0
2010-06-04 01:00:00,-2.0973032,0,0
2010-06-04 02:00:00,-2.1157336,0,0
2010-06-04 03:00:00,-2.101676,0,0
2010-06-04 04:00:00,-2.048927,0,0
2010-06-04 05:00:00,-2.030888,0,0
2010-06-04 06:00:00,-2.0713382,0,0
2010-06-04 07:00:00,-2.0722177,0,0
2010-06-04 08:00:00,-2.0790772,0,0
2010-06-04 09:00:00,-1.865363,0,0
2010-06-04 10:00:00,-1.6803274,0,0
2010-06-04 11:00:00,-1.5029753,0,0
2010-06-04 12:00:00,-1.3441478,0,0
2010-06-04 13:00:00,-1.2231045,0,0
2010-06-04 14:00:00,-1.1347674,0,0
2010-06-04 15:00:00,-1.1133959,0,0
2010-06-04 16:00:00,-1.1544495,0,0
2010-06-04 17:00:00,-1.3541079,0,0
2010-06-04 18:00:00,-1.473714,0,0
2010-06-04 19:00:00,-1.6519389,0,0
2010-06-04 20:00:00,-1.8037603,0,0
2010-06-04 21:00:00,-1.9959561,0,0
2010-06-04 22:00:00,-2.1822143,0,0
2010-06-04 23:00:00,-2.3579762,0,0
2010-06-05 00:00:00,-2.484697,1,0
2010-06-05 01:00:00,-2.5939393,1,0
2010-06-05 02:00:00,-2.7207792,1,0
2010-06-05 03:00:00,-2.810808,1,0
2010-06-05 04:00:00,-2.8559473,1,0
2010-06-05 05:00:00,-2.7179313,1,0
2010-06-05 06:00:00,-2.6108453,1,0
2010-06-05 07:00:00,-2.5580962,1,0
2010-06-05 08:00:00,-2.6592522,1,0
2010-06-05 09:00:00,-2.2774978,1,0
2010-06-05 10:00:00,-1.7111722,1,0
2010-06-05 11:00:00,-1.3519902,1,0
2010-06-05 12:00:00,-1.1874279,1,0
2010-06-05 13:00:00,-1.1281288,1,0
2010-06-05 14:00:00,-1.1212522,1,0
2010-06-05 15:00:00,-1.1600974,1,0
2010-06-05 16:00:00,-1.2614592,1,0
2010-06-05 17:00:00,-1.3082527,1,0
2010-06-05 18:00:00,-1.4047711,1,0
2010-06-05 19:00:00,-1.4682364,1,0
2010-06-05 20:00:00,-1.5052848,1,0
2010-06-05 21:00:00,-1.6100692,1,0
2010-06-05 22:00:00,-1.7314063,1,0
2010-06-05 23:00:00,-1.7938708,1,0
2010-06-06 00:00:00,-1.8638016,1,0
2010-06-06 01:00:00,-1.9097135,1,0
2010-06-06 02:00:00,-1.955876,1,0
2010-06-06 03:00:00,-1.965837,1,0
2010-06-06 04:00:00,-1.9269279,1,0
2010-06-06 05:00:00,-1.8760864,1,0
2010-06-06 06:00:00,-1.8837286,1,0
2010-06-06 07:00:00,-1.8609782,1,0
2010-06-06 08:00:00,-1.8462586,1,0
2010-06-06 09:00:00,-1.7283323,1,0
2010-06-06 10:00:00,-1.5631359,1,0
2010-06-06 11:00:00,-1.4594207,1,0
2010-06-06 12:00:00,-1.3765364,1,0
2010-06-06 13:00:00,-1.3500453,1,0
2010-06-06 14:00:00,-1.3544842,1,0
2010-06-06 15:00:00,-1.3444266,1,0
2010-06-06 16:00:00,-1.3911145,1,0
2010-06-06 17:00:00,-1.3673261,1,0
2010-06-06 18:00:00,-1.4615363,1,0
2010-06-06 19:00:00,-1.4986225,1,0
2010-06-06 20:00:00,-1.4752156,1,0
2010-06-06 21:00:00,-1.5599036,1,0
2010-06-06 22:00:00,-1.6632868,1,0
2010-06-06 23:00:00,-1.9584612,1,0
2010-06-07 00:00:00,-2.0712402,0,0
2010-06-07 01:00:00,-2.1656387,0,0
2010-06-07 02:00:00,-2.1661294,0,0
2010-06-07 03:00:00,-2.2712662,0,0
2010-06-07 04:00:00,-2.3656645,0,0
2010-06-07 05:00:00,-2.401232,0,0
2010-06-07 06:00:00,-2.5457685,0,0
2010-06-07 07:00:00,-2.5958376,0,0
2010-06-07 08:00:00,-2.660797,0,0
2010-06-07 09:00:00,-2.160071,0,0
2010-06-07 10:00:00,-1.6762391,0,0
2010-06-07 11:00:00,-1.5110896,0,0
2010-06-07 12:00:00,-1.3978075,0,0
2010-06-07 13:00:00,-1.3883959,0,0
2010-06-07 14:00:00,-1.3449582,0,0
2010-06-07 15:00:00,-1.3239287,0,0
2010-06-07 16:00:00,-1.3653297,0,0
2010-06-07 17:00:00,-1.391588,0,0
2010-06-07 18:00:00,-1.4498991,0,0
2010-06-07 19:00:00,-1.6057135,0,0
2010-06-07 20:00:00,-1.6489943,0,0
2010-06-07 21:00:00,-1.9116887,0,0
2010-06-07 22:00:00,-2.0484207,0,0
2010-06-07 23:00:00,-2.1406713,0,0
2010-06-08 00:00:00,-2.2895777,0,0
2010-06-08 01:00:00,-2.3549259,0,0
2010-06-08 02:00:00,-2.4391456,0,0
2010-06-08 03:00:00,-2.474884,0,0
2010-06-08 04:00:00,-2.5353029,0,0
2010-06-08 05:00:00,-2.45985,0,0
2010-06-08 06:00:00,-2.4954174,0,0
2010-06-08 07:00:00,-2.5177047,0,0
2010-06-08 08:00:00,-2.430971,0,0
2010-06-08 09:00:00,-2.2650487,0,0
2010-06-08 10:00:00,-2.0054812,0,0
2010-06-08 11:00:00,-1.7395571,0,0
2010-06-08 12:00:00,-1.6093754,0,0
2010-06-08 13:00:00,-1.5481979,0,0
2010-06-08 14:00:00,-1.6046512,0,0
2010-06-08 15:00:00,-1.6084856,0,0
2010-06-08 16:00:00,-1.7082372,0,0
2010-06-08 17:00:00,-1.8275582,0,0
2010-06-08 18:00:00,-1.9242996,0,0
2010-06-08 19:00:00,-2.0148432,0,0
2010-06-08 20:00:00,-2.0697453,0,0
2010-06-08 21:00:00,-2.1135147,0,0
2010-06-08 22:00:00,-2.193657,0,0
2010-06-08 23:00:00,-2.2496092,0,0
2010-06-09 00:00:00,-2.2850332,0,0
2010-06-09 01:00:00,-2.3351767,0,0
2010-06-09 02:00:00,-2.3822188,0,0
2010-06-09 03:00:00,-2.4170778,0,0
2010-06-09 04:00:00,-2.463166,0,0
2010-06-09 05:00:00,-2.4157403,0,0
2010-06-09 06:00:00,-2.4057376,0,0
2010-06-09 07:00:00,-2.388487,0,0
2010-06-09 08:00:00,-2.3441958,0,0
2010-06-09 09:00:00,-2.214033,0,0
2010-06-09 10:00:00,-2.1252084,0,0
2010-06-09 11:00:00,-1.8990214,0,0
2010-06-09 12:00:00,-1.7634933,0,0
2010-06-09 13:00:00,-1.6664563,0,0
2010-06-09 14:00:00,-1.739288,0,0
2010-06-09 15:00:00,-1.7644315,0,0
2010-06-09 16:00:00,-1.8855337,0,0
2010-06-09 17:00:00,-1.8949746,0,0
2010-06-09 18:00:00,-2.04479,0,0
2010-06-09 19:00:00,-2.111144,0,0
2010-06-09 20:00:00,-2.1511607,0,0
2010-06-09 21:00:00,-2.1738422,0,0
2010-06-09 22:00:00,-2.1809244,0,0
2010-06-09 23:00:00,-2.2268744,0,0
2010-06-10 00:00:00,-2.2159648,0,0
2010-06-10 01:00:00,-2.2162845,0,0
2010-06-10 02:00:00,-2.2555132,0,0
2010-06-10 03:00:00,-2.2162154,0,0
2010-06-10 04:00:00,-2.273607,0,0
2010-06-10 05:00:00,-2.1932662,0,0
2010-06-10 06:00:00,-2.197983,0,0
2010-06-10 07:00:00,-2.1872444,0,0
2010-06-10 08:00:00,-2.18886,0,0
2010-06-10 09:00:00,-2.0605838,0,0
2010-06-10 10:00:00,-1.8621161,0,0
2010-06-10 11:00:00,-1.7020792,0,0
2010-06-10 12:00:00,-1.5961834,0,0
2010-06-10 13:00:00,-1.4843874,0,0
2010-06-10 14:00:00,-1.3918171,0,0
2010-06-10 15:00:00,-1.3360758,0,0
2010-06-10 16:00:00,-1.3661144,0,0
2010-06-10 17:00:00,-1.367908,0,0
2010-06-10 18:00:00,-1.4472226,0,0
2010-06-10 19:00:00,-1.5061004,0,0
2010-06-10 20:00:00,-1.638043,0,0
2010-06-10 21:00:00,-1.7091036,0,0
2010-06-10 22:00:00,-1.7488972,0,0
2010-06-10 23:00:00,-1.730031,0,0
2010-06-11 00:00:00,-1.716585,0,0
2010-06-11 01:00:00,-1.6293657,0,0
2010-06-11 02:00:00,-1.6039077,0,0
2010-06-11 03:00:00,-1.61753,0,0
2010-06-11 04:00:00,-1.6573185,0,0
2010-06-11 05:00:00,-1.7303039,0,0
2010-06-11 06:00:00,-1.7261571,0,0
2010-06-11 07:00:00,-1.7041894,0,0
2010-06-11 08:00:00,-1.6858088,0,0
2010-06-11 09:00:00,-1.607106,0,0
2010-06-11 10:00:00,-1.4572853,0,0
2010-06-11 11:00:00,-1.3483729,0,0
2010-06-11 12:00:00,-1.2925864,0,0
2010-06-11 13:00:00,-1.2427263,0,0
2010-06-11 14:00:00,-1.2627106,0,0
2010-06-11 15:00:00,-1.2465123,0,0
2010-06-11 16:00:00,-1.3348289,0,0
2010-06-11 17:00:00,-1.4402303,0,0
2010-06-11 18:00:00,-1.5975564,0,0
2010-06-11 19:00:00,-1.7567157,0,0
2010-06-11 20:00:00,-1.9138242,0,0
2010-06-11 21:00:00,-1.9955542,0,0
2010-06-11 22:00:00,-2.0898092,0,0
2010-06-11 23:00:00,-2.1479092,0,0
2010-06-12 00:00:00,-2.1527693,1,0
2010-06-12 01:00:00,-2.182699,1,0
2010-06-12 02:00:00,-2.227519,1,0
2010-06-12 03:00:00,-2.2280095,1,0
2010-06-12 04:00:00,-2.2463212,1,0
2010-06-12 05:00:00,-2.2515702,1,0
2010-06-12 06:00:00,-2.29639,1,0
2010-06-12 07:00:00,-2.3412101,1,0
2010-06-12 08:00:00,-2.2714229,1,0
2010-06-12 09:00:00,-2.1233268,1,0
2010-06-12 10:00:00,-1.9115789,1,0
2010-06-12 11:00:00,-1.7612453,1,0
2010-06-12 12:00:00,-1.7092115,1,0
2010-06-12 13:00:00,-1.6628157,1,0
2010-06-12 14:00:00,-1.6714876,1,0
2010-06-12 15:00:00,-1.6807766,1,0
2010-06-12 16:00:00,-1.7132202,1,0
2010-06-12 17:00:00,-1.7271967,1,0
2010-06-12 18:00:00,-1.8672276,1,0
2010-06-12 19:00:00,-1.933096,1,0
2010-06-12 20:00:00,-1.9836335,1,0
2010-06-12 21:00:00,-2.1139245,1,0
2010-06-12 22:00:00,-2.1909702,1,0
2010-06-12 23:00:00,-2.2430902,1,0
2010-06-13 00:00:00,-2.4686952,1,0
2010-06-13 01:00:00,-2.609085,1,0
2010-06-13 02:00:00,-2.6862273,1,0
2010-06-13 03:00:00,-2.745549,1,0
2010-06-13 04:00:00,-2.8784676,1,0
2010-06-13 05:00:00,-2.6410065,1,0
2010-06-13 06:00:00,-2.6314893,1,0
2010-06-13 07:00:00,-2.636692,1,0
2010-06-13 08:00:00,-2.6326418,1,0
2010-06-13 09:00:00,-2.2397823,1,0
2010-06-13 10:00:00,-1.7704939,1,0
2010-06-13 11:00:00,-1.6095237,1,0
2010-06-13 12:00:00,-1.572764,1,0
2010-06-13 13:00:00,-1.5847552,1,0
2010-06-13 14:00:00,-1.5651652,1,0
2010-06-13 15:00:00,-1.6075542,1,0
2010-06-13 16:00:00,-1.7075301,1,0
2010-06-13 17:00:00,-1.74287,1,0
2010-06-13 18:00:00,-1.8776566,1,0
2010-06-13 19:00:00,-2.038563,1,0
2010-06-13 20:00:00,-2.1567283,1,0
2010-06-13 21:00:00,-2.114077,1,0
2010-06-13 22:00:00,-2.193466,1,0
2010-06-13 23:00:00,-2.3451123,1,0
2010-06-14 00:00:00,-2.5490727,0,1
2010-06-14 01:00:00,-2.8603206,0,1
2010-06-14 02:00:00,-3.1041934,0,1
2010-06-14 03:00:00,-3.1900284,0,1
2010-06-14 04:00:00,-3.2486193,0,1
2010-06-14 05:00:00,-3.011158,0,1
2010-06-14 06:00:00,-2.956923,0,1
2010-06-14 07:00:00,-3.019906,0,1
2010-06-14 08:00:00,-3.0630689,0,1
2010-06-14 09:00:00,-2.6215572,0,1
2010-06-14 10:00:00,-1.934527,0,1
2010-06-14 11:00:00,-1.5919596,0,1
2010-06-14 12:00:00,-1.4387299,0,1
2010-06-14 13:00:00,-1.3475314,0,1
2010-06-14 14:00:00,-1.3955481,0,1
2010-06-14 15:00:00,-1.4616606,0,1
2010-06-14 16:00:00,-1.5411155,0,1
2010-06-14 17:00:00,-1.4244285,0,1
2010-06-14 18:00:00,-1.8500807,0,1
2010-06-14 19:00:00,-2.0597105,0,1
2010-06-14 20:00:00,-2.643369,0,1
2010-06-14 21:00:00,-2.9161673,0,1
2010-06-14 22:00:00,-3.1702383,0,1
2010-06-14 23:00:00,-3.3599834,0,1
2010-06-15 00:00:00,-3.5402584,0,0
2010-06-15 01:00:00,-3.6558936,0,0
2010-06-15 02:00:00,-3.6577547,0,0
2010-06-15 03:00:00,-3.6927152,0,0
2010-06-15 04:00:00,-3.8176029,0,0
2010-06-15 05:00:00,-3.8022547,0,0
2010-06-15 06:00:00,-3.7727466,0,0
2010-06-15 07:00:00,-3.63095,0,0
2010-06-15 08:00:00,-3.7298892,0,0
2010-06-15 09:00:00,-3.2845452,0,0
2010-06-15 10:00:00,-2.6760902,0,0
2010-06-15 11:00:00,-2.31823,0,0
2010-06-15 12:00:00,-2.068539,0,0
2010-06-15 13:00:00,-1.8220809,0,0
2010-06-15 14:00:00,-1.6866101,0,0
2010-06-15 15:00:00,-1.7230606,0,0
2010-06-15 16:00:00,-1.740958,0,0
2010-06-15 17:00:00,-1.8831193,0,0
2010-06-15 18:00:00,-2.1724608,0,0
2010-06-15 19:00:00,-2.4534688,0,0
2010-06-15 20:00:00,-2.7828732,0,0
2010-06-15 21:00:00,-3.0357225,0,0
2010-06-15 22:00:00,-3.2120686,0,0
2010-06-15 23:00:00,-3.2843285,0,0
2010-06-16 00:00:00,-3.3064497,0,0
2010-06-16 01:00:00,-3.3163414,0,0
2010-06-16 02:00:00,-3.316101,0,0
2010-06-16 03:00:00,-3.2967718,0,0
2010-06-16 04:00:00,-3.257303,0,0
2010-06-16 05:00:00,-3.235261,0,0
2010-06-16 06:00:00,-3.1367433,0,0
2010-06-16 07:00:00,-2.9841065,0,0
2010-06-16 08:00:00,-2.797319,0,0
2010-06-16 09:00:00,-2.4548626,0,0
2010-06-16 10:00:00,-2.0576699,0,0
2010-06-16 11:00:00,-1.7251396,0,0
2010-06-16 12:00:00,-1.4716957,0,0
2010-06-16 13:00:00,-1.3218528,0,0
2010-06-16 14:00:00,-1.3052727,0,0
2010-06-16 15:00:00,-1.3055598,0,0
2010-06-16 16:00:00,-1.3222283,0,0
2010-06-16 17:00:00,-1.3378049,0,0
2010-06-16 18:00:00,-1.3261371,0,0
2010-06-16 19:00:00,-1.2622747,0,0
2010-06-16 20:00:00,-1.2348816,0,0
2010-06-16 21:00:00,-1.2448256,0,0
2010-06-16 22:00:00,-1.2665255,0,0
2010-06-16 23:00:00,-1.2480482,0,0
2010-06-17 00:00:00,-1.2695303,0,0
2010-06-17 01:00:00,-1.2637957,0,0
2010-06-17 02:00:00,-1.2356719,0,0
2010-06-17 03:00:00,-1.1884588,0,0
2010-06-17 04:00:00,-1.1960958,0,0
2010-06-17 05:00:00,-1.2553155,0,0
2010-06-17 06:00:00,-1.3530504,0,0
2010-06-17 07:00:00,-1.4082893,0,0
2010-06-17 08:00:00,-1.4600381,0,0
2010-06-17 09:00:00,-1.4100655,0,0
2010-06-17 10:00:00,-1.2508541,0,0
2010-06-17 11:00:00,-1.2341856,0,0
2010-06-17 12:00:00,-1.5862457,0,0
2010-06-17 13:00:00,-1.6160665,0,0
2010-06-17 14:00:00,-1.5795172,0,0
2010-06-17 15:00:00,-1.5691037,0,0
2010-06-17 16:00:00,-1.5157188,0,0
2010-06-17 17:00:00,-1.6247867,0,0
2010-06-17 18:00:00,-1.7787489,0,0
2010-06-17 19:00:00,-1.8496438,0,0
2010-06-17 20:00:00,-1.9001812,0,0
2010-06-17 21:00:00,-1.9452239,0,0
2010-06-17 22:00:00,-1.9908266,0,0
2010-06-17 23:00:00,-2.025297,0,0
2010-06-18 00:00:00,-2.0632575,0,0
2010-06-18 01:00:00,-2.0900855,0,0
2010-06-18 02:00:00,-2.1263838,0,0
2010-06-18 03:00:00,-2.2066224,0,0
2010-06-18 04:00:00,-2.279613,0,0
2010-06-18 05:00:00,-2.4265428,0,0
2010-06-18 06:00:00,-2.5142527,0,0
2010-06-18 07:00:00,-2.585239,0,0
2010-06-18 08:00:00,-2.6267862,0,0
2010-06-18 09:00:00,-2.443363,0,0
2010-06-18 10:00:00,-2.0936925,0,0
2010-06-18 11:00:00,-1.7720492,0,0
2010-06-18 12:00:00,-1.4633666,0,0
2010-06-18 13:00:00,-1.2141267,0,0
2010-06-18 14:00:00,-1.0853964,0,0
2010-06-18 15:00:00,-1.0344998,0,0
2010-06-18 16:00:00,-1.0956739,0,0
2010-06-18 17:00:00,-1.2412596,0,0
2010-06-18 18:00:00,-1.2624515,0,0
2010-06-18 19:00:00,-1.267998,0,0
2010-06-18 20:00:00,-1.2909765,0,0
2010-06-18 21:00:00,-1.3173659,0,0
2010-06-18 22:00:00,-1.271288,0,0
2010-06-18 23:00:00,-1.2382673,0,0
2010-06-19 00:00:00,-1.1687307,1,0
2010-06-19 01:00:00,-1.1009946,1,0
2010-06-19 02:00:00,-1.1525719,1,0
2010-06-19 03:00:00,-1.1886994,1,0
2010-06-19 04:00:00,-1.2183092,1,0
2010-06-19 05:00:00,-1.3403823,1,0
2010-06-19 06:00:00,-1.3412619,1,0
2010-06-19 07:00:00,-1.352491,1,0
2010-06-19 08:00:00,-1.4084382,1,0
2010-06-19 09:00:00,-1.3386458,1,0
2010-06-19 10:00:00,-1.234257,1,0
2010-06-19 11:00:00,-1.1667159,1,0
2010-06-19 12:00:00,-1.0686853,1,0
2010-06-19 13:00:00,-1.0947841,1,0
2010-06-19 14:00:00,-1.0839387,1,0
2010-06-19 15:00:00,-1.0527929,1,0
2010-06-19 16:00:00,-1.0647082,1,0
2010-06-19 17:00:00,-1.1260828,1,0
2010-06-19 18:00:00,-1.251,1,0
2010-06-19 19:00:00,-1.3829478,1,0
2010-06-19 20:00:00,-1.4038703,1,0
2010-06-19 21:00:00,-1.4033103,1,0
2010-06-19 22:00:00,-1.3129947,1,0
2010-06-19 23:00:00,-1.2236329,1,0
2010-06-20 00:00:00,-1.1879047,1,0
2010-06-20 01:00:00,-1.117632,1,0
2010-06-20 02:00:00,-1.091471,1,0
2010-06-20 03:00:00,-1.1367592,1,0
2010-06-20 04:00:00,-1.1323947,1,0
2010-06-20 05:00:00,-1.1444067,1,0
2010-06-20 06:00:00,-1.1296924,1,0
2010-06-20 07:00:00,-1.0770177,1,0
2010-06-20 08:00:00,-1.09008,1,0
2010-06-20 09:00:00,-1.0175802,1,0
2010-06-20 10:00:00,-0.84601486,1,0
2010-06-20 11:00:00,-0.69312036,1,0
2010-06-20 12:00:00,-0.6598993,1,0
2010-06-20 13:00:00,-0.5934538,1,0
2010-06-20 14:00:00,-0.5359135,1,0
2010-06-20 15:00:00,-0.5893139,1,0
2010-06-20 16:00:00,-0.7682554,1,0
2010-06-20 17:00:00,-0.8378371,1,0
2010-06-20 18:00:00,-0.97673774,1,0
2010-06-20 19:00:00,-1.1866056,1,0
2010-06-20 20:00:00,-1.4258795,1,0
2010-06-20 21:00:00,-1.4108963,1,0
2010-06-20 22:00:00,-1.5140858,1,0
2010-06-20 23:00:00,-1.7716246,1,0
2010-06-21 00:00:00,-2.2893262,0,0
2010-06-21 01:00:00,-2.5934365,0,0
2010-06-21 02:00:00,-2.7616234,0,0
2010-06-21 03:00:00,-2.623808,0,0
2010-06-21 04:00:00,-2.656398,0,0
2010-06-21 05:00:00,-2.7552853,0,0
2010-06-21 06:00:00,-2.8173141,0,0
2010-06-21 07:00:00,-2.889522,0,0
2010-06-21 08:00:00,-3.0000792,0,0
2010-06-21 09:00:00,-2.8484926,0,0
2010-06-21 10:00:00,-2.4931033,0,0
2010-06-21 11:00:00,-1.9979334,0,0
2010-06-21 12:00:00,-1.7768708,0,0
2010-06-21 13:00:00,-1.5021108,0,0
2010-06-21 14:00:00,-1.4214625,0,0
2010-06-21 15:00:00,-1.4341174,0,0
2010-06-21 16:00:00,-1.4890215,0,0
2010-06-21 17:00:00,-1.4898928,0,0
2010-06-21 18:00:00,-1.83876,0,0
2010-06-21 19:00:00,-1.9434122,0,0
2010-06-21 20:00:00,-2.0935247,0,0
2010-06-21 21:00:00,-2.2379475,0,0
2010-06-21 22:00:00,-2.38049,0,0
2010-06-21 23:00:00,-2.5945547,0,0
2010-06-22 00:00:00,-2.7608461,0,0
2010-06-22 01:00:00,-2.7842135,0,0
2010-06-22 02:00:00,-2.8812776,0,0
2010-06-22 03:00:00,-3.0765433,0,0
2010-06-22 04:00:00,-3.043768,0,0
2010-06-22 05:00:00,-2.8928523,0,0
2010-06-22 06:00:00,-3.0369484,0,0
2010-06-22 07:00:00,-3.2231982,0,0
2010-06-22 08:00:00,-3.3723478,0,0
2010-06-22 09:00:00,-3.303142,0,0
2010-06-22 10:00:00,-2.646411,0,0
2010-06-22 11:00:00,-2.3300288,0,0
2010-06-22 12:00:00,-2.0501301,0,0
2010-06-22 13:00:00,-1.8325409,0,0
2010-06-22 14:00:00,-1.7211459,0,0
2010-06-22 15:00:00,-1.6541322,0,0
2010-06-22 16:00:00,-1.637319,0,0
2010-06-22 17:00:00,-1.6843561,0,0
2010-06-22 18:00:00,-1.8846123,0,0
2010-06-22 19:00:00,-2.0851226,0,0
2010-06-22 20:00:00,-2.3022854,0,0
2010-06-22 21:00:00,-2.5376835,0,0
2010-06-22 22:00:00,-2.7810383,0,0
2010-06-22 23:00:00,-2.9662704,0,0
2010-06-23 00:00:00,-3.1167872,0,0
2010-06-23 01:00:00,-3.2226324,0,0
2010-06-23 02:00:00,-3.2696,0,0
2010-06-23 03:00:00,-3.3496675,0,0
2010-06-23 04:00:00,-3.321428,0,0
2010-06-23 05:00:00,-3.2403374,0,0
2010-06-23 06:00:00,-3.148897,0,0
2010-06-23 07:00:00,-3.1461148,0,0
2010-06-23 08:00:00,-3.0196445,0,0
2010-06-23 09:00:00,-2.7160225,0,0
2010-06-23 10:00:00,-2.210735,0,0
2010-06-23 11:00:00,-1.7163051,0,0
2010-06-23 12:00:00,-1.3730156,0,0
2010-06-23 13:00:00,-1.2024629,0,0
2010-06-23 14:00:00,-1.0681173,0,0
2010-06-23 15:00:00,-1.0245432,0,0
2010-06-23 16:00:00,-1.1061491,0,0
2010-06-23 17:00:00,-1.1689458,0,0
2010-06-23 18:00:00,-1.4182377,0,0
2010-06-23 19:00:00,-1.6318412,0,0
2010-06-23 20:00:00,-1.7579749,0,0
2010-06-23 21:00:00,-1.9394958,0,0
2010-06-23 22:00:00,-2.0524929,0,0
2010-06-23 23:00:00,-2.1385872,0,0
2010-06-24 00:00:00,-2.151228,0,0
2010-06-24 01:00:00,-2.179713,0,0
2010-06-24 02:00:00,-2.1798563,0,0
2010-06-24 03:00:00,-2.0944374,0,0
2010-06-24 04:00:00,-1.9483078,0,0
2010-06-24 05:00:00,-1.8397721,0,0
2010-06-24 06:00:00,-1.6873754,0,0
2010-06-24 07:00:00,-1.6045535,0,0
2010-06-24 08:00:00,-1.5341324,0,0
2010-06-24 09:00:00,-1.4486028,0,0
2010-06-24 10:00:00,-1.2142586,0,0
2010-06-24 11:00:00,-1.0003854,0,0
2010-06-24 12:00:00,-0.8087028,0,0
2010-06-24 13:00:00,-0.6766809,0,0
2010-06-24 14:00:00,-0.59812164,0,0
2010-06-24 15:00:00,-0.56792444,0,0
2010-06-24 16:00:00,-0.6264378,0,0
2010-06-24 17:00:00,-0.7815716,0,0
2010-06-24 18:00:00,-0.9048735,0,0
2010-06-24 19:00:00,-0.9720052,0,0
2010-06-24 20:00:00,-0.9851143,0,0
2010-06-24 21:00:00,-0.9448075,0,0
2010-06-24 22:00:00,-0.91607183,0,0
2010-06-24 23:00:00,-0.894099,0,0
2010-06-25 00:00:00,-0.87723184,0,0
2010-06-25 01:00:00,-0.84381723,0,0
2010-06-25 02:00:00,-0.7966372,0,0
2010-06-25 03:00:00,-0.7449163,0,0
2010-06-25 04:00:00,-0.73386335,0,0
2010-06-25 05:00:00,-0.7573497,0,0
2010-06-25 06:00:00,-0.7946018,0,0
2010-06-25 07:00:00,-0.83879286,0,0
2010-06-25 08:00:00,-0.8357433,0,0
2010-06-25 09:00:00,-0.81084514,0,0
2010-06-25 10:00:00,-0.7610489,0,0
2010-06-25 11:00:00,-0.70129704,0,0
2010-06-25 12:00:00,-0.63485676,0,0
2010-06-25 13:00:00,-0.5899951,0,0
2010-06-25 14:00:00,-0.55679834,0,0
2010-06-25 15:00:00,-0.52574915,0,0
2010-06-25 16:00:00,-0.59134287,0,0
2010-06-25 17:00:00,-0.7998474,0,0
2010-06-25 18:00:00,-0.99547094,0,0
2010-06-25 19:00:00,-1.098289,0,0
2010-06-25 20:00:00,-1.2778921,0,0
2010-06-25 21:00:00,-1.3276469,0,0
2010-06-25 22:00:00,-1.4273635,0,0
2010-06-25 23:00:00,-1.5726311,0,0
2010-06-26 00:00:00,-1.7244158,1,0
2010-06-26 01:00:00,-1.8944105,1,0
2010-06-26 02:00:00,-2.0607436,1,0
2010-06-26 03:00:00,-2.2194347,1,0
2010-06-26 04:00:00,-2.3472478,1,0
2010-06-26 05:00:00,-2.400247,1,0
2010-06-26 06:00:00,-2.4840782,1,0
2010-06-26 07:00:00,-2.5430577,1,0
2010-06-26 08:00:00,-2.5635169,1,0
2010-06-26 09:00:00,-2.39704,1,0
2010-06-26 10:00:00,-2.1416245,1,0
2010-06-26 11:00:00,-1.9358566,1,0
2010-06-26 12:00:00,-1.7738807,1,0
2010-06-26 13:00:00,-1.7249141,1,0
2010-06-26 14:00:00,-1.636449,1,0
2010-06-26 15:00:00,-1.6172632,1,0
2010-06-26 16:00:00,-1.6934763,1,0
2010-06-26 17:00:00,-1.7710148,1,0
2010-06-26 18:00:00,-1.9525877,1,0
2010-06-26 19:00:00,-2.1141124,1,0
2010-06-26 20:00:00,-2.140322,1,0
2010-06-26 21:00:00,-2.1868043,1,0
2010-06-26 22:00:00,-2.1242702,1,0
2010-06-26 23:00:00,-2.228139,1,0
2010-06-27 00:00:00,-2.3198247,1,0
2010-06-27 01:00:00,-2.4469295,1,0
2010-06-27 02:00:00,-2.556047,1,0
2010-06-27 03:00:00,-2.5024238,1,0
2010-06-27 04:00:00,-2.5961137,1,0
2010-06-27 05:00:00,-2.4298596,1,0
2010-06-27 06:00:00,-2.4514387,1,0
2010-06-27 07:00:00,-2.4784377,1,0
2010-06-27 08:00:00,-2.514736,1,0
2010-06-27 09:00:00,-2.4381807,1,0
2010-06-27 10:00:00,-2.268198,1,0
2010-06-27 11:00:00,-2.0908186,1,0
2010-06-27 12:00:00,-2.009175,1,0
2010-06-27 13:00:00,-1.9233274,1,0
2010-06-27 14:00:00,-1.8749497,1,0
2010-06-27 15:00:00,-1.9385756,1,0
2010-06-27 16:00:00,-1.9835634,1,0
2010-06-27 17:00:00,-1.9201559,1,0
2010-06-27 18:00:00,-2.2200546,1,0
2010-06-27 19:00:00,-2.4215014,1,0
2010-06-27 20:00:00,-2.9673285,1,0
2010-06-27 21:00:00,-3.2055879,1,0
2010-06-27 22:00:00,-3.333406,1,0
2010-06-27 23:00:00,-3.3896034,1,0
2010-06-28 00:00:00,-3.42256,0,0
2010-06-28 01:00:00,-3.445338,0,0
2010-06-28 02:00:00,-3.4846635,0,0
2010-06-28 03:00:00,-3.5306773,0,0
2010-06-28 04:00:00,-3.5874298,0,0
2010-06-28 05:00:00,-3.6950562,0,0
2010-06-28 06:00:00,-3.737654,0,0
2010-06-28 07:00:00,-3.7612095,0,0
2010-06-28 08:00:00,-3.758039,0,0
2010-06-28 09:00:00,-3.5177886,0,0
2010-06-28 10:00:00,-3.1508627,0,0
2010-06-28 11:00:00,-2.8522322,0,0
2010-06-28 12:00:00,-2.6434321,0,0
2010-06-28 13:00:00,-2.5681522,0,0
2010-06-28 14:00:00,-2.5409145,0,0
2010-06-28 15:00:00,-2.5789857,0,0
2010-06-28 16:00:00,-2.6559765,0,0
2010-06-28 17:00:00,-2.782945,0,0
2010-06-28 18:00:00,-2.9694424,0,0
2010-06-28 19:00:00,-3.0664983,0,0
2010-06-28 20:00:00,-3.1181278,0,0
2010-06-28 21:00:00,-3.1243308,0,0
2010-06-28 22:00:00,-3.1303158,0,0
2010-06-28 23:00:00,-3.136519,0,0
2010-06-29 00:00:00,-3.1156013,0,0
2010-06-29 01:00:00,-3.0905323,0,0
2010-06-29 02:00:00,-3.0669024,0,0
2010-06-29 03:00:00,-3.0700037,0,0
2010-06-29 04:00:00,-3.0728874,0,0
2010-06-29 05:00:00,-3.125595,0,0
2010-06-29 06:00:00,-3.1178198,0,0
2010-06-29 07:00:00,-3.171459,0,0
2010-06-29 08:00:00,-3.171858,0,0
2010-06-29 09:00:00,-3.0942903,0,0
2010-06-29 10:00:00,-2.9253514,0,0
2010-06-29 11:00:00,-2.8319619,0,0
2010-06-29 12:00:00,-2.700099,0,0
2010-06-29 13:00:00,-2.682672,0,0
2010-06-29 14:00:00,-2.6805294,0,0
2010-06-29 15:00:00,-2.6640286,0,0
2010-06-29 16:00:00,-2.6636865,0,0
2010-06-29 17:00:00,-2.676369,0,0
2010-06-29 18:00:00,-2.7359498,0,0
2010-06-29 19:00:00,-2.7965813,0,0
2010-06-29 20:00:00,-2.812004,0,0
2010-06-29 21:00:00,-2.7807322,0,0
2010-06-29 22:00:00,-2.7789316,0,0
2010-06-29 23:00:00,-2.8029087,0,0
2010-06-30 00:00:00,-2.8374534,0,0
2010-06-30 01:00:00,-2.8554451,0,0
2010-06-30 02:00:00,-2.9084668,0,0
2010-06-30 03:00:00,-2.908638,0,0
2010-06-30 04:00:00,-2.9347575,0,0
2010-06-30 05:00:00,-2.906981,0,0
2010-06-30 06:00:00,-2.8768442,0,0
2010-06-30 07:00:00,-2.8514657,0,0
2010-06-30 08:00:00,-2.858719,0,0
2010-06-30 09:00:00,-2.8361866,0,0
2010-06-30 10:00:00,-2.7148163,0,0
2010-06-30 11:00:00,-2.5443485,0,0
2010-06-30 12:00:00,-2.3948839,0,0
2010-06-30 13:00:00,-2.2489424,0,0
2010-06-30 14:00:00,-2.2115037,0,0
2010-06-30 15:00:00,-2.1587791,0,0
2010-06-30 16:00:00,-2.1772394,0,0
2010-06-30 17:00:00,-2.1562774,0,0
2010-06-30 18:00:00,-2.2112536,0,0
2010-06-30 19:00:00,-2.2725296,0,0
2010-06-30 20:00:00,-2.295674,0,0
2010-06-30 21:00:00,-2.3211372,0,0
2010-06-30 22:00:00,-2.3300476,0,0
2010-06-30 23:00:00,-2.3725488,0,0
2010-07-01 00:00:00,-2.3868742,0,0
2010-07-01 01:00:00,-2.3997605,0,0
2010-07-01 02:00:00,-2.3935575,0,0
2010-07-01 03:00:00,-2.457541,0,0
2010-07-01 04:00:00,-2.5167658,0,0
2010-07-01 05:00:00,-2.577824,0,0
2010-07-01 06:00:00,-2.6472278,0,0
2010-07-01 07:00:00,-2.6897287,0,0
2010-07-01 08:00:00,-2.7040594,0,0
2010-07-01 09:00:00,-2.5748296,0,0
2010-07-01 10:00:00,-2.4123456,0,0
2010-07-01 11:00:00,-2.1871417,0,0
2010-07-01 12:00:00,-2.0666683,0,0
2010-07-01 13:00:00,-1.963275,0,0
2010-07-01 14:00:00,-1.9141319,0,0
2010-07-01 15:00:00,-1.8566436,0,0
2010-07-01 16:00:00,-1.8375098,0,0
2010-07-01 17:00:00,-1.8491209,0,0
2010-07-01 18:00:00,-1.912054,0,0
2010-07-01 19:00:00,-1.9683951,0,0
2010-07-01 20:00:00,-2.004208,0,0
2010-07-01 21:00:00,-2.0725613,0,0
2010-07-01 22:00:00,-2.1199918,0,0
2010-07-01 23:00:00,-2.1997452,0,0
2010-07-02 00:00:00,-2.2776654,0,0
2010-07-02 01:00:00,-2.391227,0,0
2010-07-02 02:00:00,-2.502567,0,0
2010-07-02 03:00:00,-2.535204,0,0
2010-07-02 04:00:00,-2.5195308,0,0
2010-07-02 05:00:00,-2.4117553,0,0
2010-07-02 06:00:00,-2.4304037,0,0
2010-07-02 07:00:00,-2.5074444,0,0
2010-07-02 08:00:00,-2.5424745,0,0
2010-07-02 09:00:00,-2.4486632,0,0
2010-07-02 10:00:00,-2.2431183,0,0
2010-07-02 11:00:00,-2.0261216,0,0
2010-07-02 12:00:00,-1.987278,0,0
2010-07-02 13:00:00,-1.9439785,0,0
2010-07-02 14:00:00,-1.8798362,0,0
2010-07-02 15:00:00,-1.8706527,0,0
2010-07-02 16:00:00,-1.8761026,0,0
2010-07-02 17:00:00,-1.8428835,0,0
2010-07-02 18:00:00,-1.9917918,0,0
2010-07-02 19:00:00,-2.1896944,0,0
2010-07-02 20:00:00,-2.3287194,0,0
2010-07-02 21:00:00,-2.432982,0,0
2010-07-02 22:00:00,-2.5837219,0,0
2010-07-02 23:00:00,-2.6654515,0,0
2010-07-03 00:00:00,-2.608167,1,0
2010-07-03 01:00:00,-2.5298634,1,0
2010-07-03 02:00:00,-2.5545487,1,0
2010-07-03 03:00:00,-2.5376124,1,0
2010-07-03 04:00:00,-2.5766234,1,0
2010-07-03 05:00:00,-2.5251892,1,0
2010-07-03 06:00:00,-2.6241233,1,0
2010-07-03 07:00:00,-2.7423174,1,0
2010-07-03 08:00:00,-2.7556942,1,0
2010-07-03 09:00:00,-2.4975317,1,0
2010-07-03 10:00:00,-2.153138,1,0
2010-07-03 11:00:00,-1.9425669,1,0
2010-07-03 12:00:00,-1.7491083,1,0
2010-07-03 13:00:00,-1.5737281,1,0
2010-07-03 14:00:00,-1.4740806,1,0
2010-07-03 15:00:00,-1.4478643,1,0
2010-07-03 16:00:00,-1.4261888,1,0
2010-07-03 17:00:00,-1.474672,1,0
2010-07-03 18:00:00,-1.6604711,1,0
2010-07-03 19:00:00,-1.8622061,1,0
2010-07-03 20:00:00,-1.9566789,1,0
2010-07-03 21:00:00,-2.1069279,1,0
2010-07-03 22:00:00,-2.2389672,1,0
2010-07-03 23:00:00,-2.18844,1,0
2010-07-04 00:00:00,-2.2116811,1,0
2010-07-04 01:00:00,-2.31118,1,0
2010-07-04 02:00:00,-2.344771,1,0
2010-07-04 03:00:00,-2.4973383,1,0
2010-07-04 04:00:00,-2.5510688,1,0
2010-07-04 05:00:00,-2.5764575,1,0
2010-07-04 06:00:00,-2.6699765,1,0
2010-07-04 07:00:00,-2.7398655,1,0
2010-07-04 08:00:00,-2.7552466,1,0
2010-07-04 09:00:00,-2.567875,1,0
2010-07-04 10:00:00,-2.20386,1,0
2010-07-04 11:00:00,-1.8360542,1,0
2010-07-04 12:00:00,-1.54164,1,0
2010-07-04 13:00:00,-1.4733456,1,0
2010-07-04 14:00:00,-1.427636,1,0
2010-07-04 15:00:00,-1.3902769,1,0
2010-07-04 16:00:00,-1.4290172,1,0
2010-07-04 17:00:00,-1.5271255,1,0
2010-07-04 18:00:00,-1.6944525,1,0
2010-07-04 19:00:00,-1.8497157,1,0
2010-07-04 20:00:00,-2.0021918,1,0
2010-07-04 21:00:00,-2.1064544,1,0
2010-07-04 22:00:00,-2.1920168,1,0
2010-07-04 23:00:00,-2.3078973,1,0
2010-07-05 00:00:00,-2.4310262,0,0
2010-07-05 01:00:00,-2.5492253,0,0
2010-07-05 02:00:00,-2.7076023,0,0
2010-07-05 03:00:00,-2.9153392,0,0
2010-07-05 04:00:00,-2.9948473,0,0
2010-07-05 05:00:00,-3.1813474,0,0
2010-07-05 06:00:00,-3.2789667,0,0
2010-07-05 07:00:00,-3.2372754,0,0
2010-07-05 08:00:00,-3.0969703,0,0
2010-07-05 09:00:00,-2.7894971,0,0
2010-07-05 10:00:00,-2.3742933,0,0
2010-07-05 11:00:00,-1.9599587,0,0
2010-07-05 12:00:00,-1.7628955,0,0
2010-07-05 13:00:00,-1.6244944,0,0
2010-07-05 14:00:00,-1.5571264,0,0
2010-07-05 15:00:00,-1.5952444,0,0
2010-07-05 16:00:00,-1.6566604,0,0
2010-07-05 17:00:00,-1.8249555,0,0
2010-07-05 18:00:00,-2.0595057,0,0
2010-07-05 19:00:00,-2.2759702,0,0
2010-07-05 20:00:00,-2.4980211,0,0
2010-07-05 21:00:00,-2.7336338,0,0
2010-07-05 22:00:00,-2.6543007,0,0
2010-07-05 23:00:00,-2.582392,0,0
2010-07-06 00:00:00,-2.6599007,0,0
2010-07-06 01:00:00,-2.8739653,0,0
2010-07-06 02:00:00,-3.2035143,0,0
2010-07-06 03:00:00,-3.4638553,0,0
2010-07-06 04:00:00,-3.442817,0,0
2010-07-06 05:00:00,-3.5495365,0,0
2010-07-06 06:00:00,-3.4842155,0,0
2010-07-06 07:00:00,-3.461956,0,0
2010-07-06 08:00:00,-3.508215,0,0
2010-07-06 09:00:00,-3.121526,0,0
2010-07-06 10:00:00,-2.7374249,0,0
2010-07-06 11:00:00,-2.516001,0,0
2010-07-06 12:00:00,-2.403759,0,0
2010-07-06 13:00:00,-2.2905514,0,0
2010-07-06 14:00:00,-2.1636298,0,0
2010-07-06 15:00:00,-2.1641345,0,0
2010-07-06 16:00:00,-2.2348034,0,0
2010-07-06 17:00:00,-2.1895726,0,0
2010-07-06 18:00:00,-2.447981,0,0
2010-07-06 19:00:00,-2.8814461,0,0
2010-07-06 20:00:00,-3.2859974,0,0
2010-07-06 21:00:00,-3.4418426,0,0
2010-07-06 22:00:00,-3.5389538,0,0
2010-07-06 23:00:00,-3.5646617,0,0
2010-07-07 00:00:00,-3.5260725,0,0
2010-07-07 01:00:00,-3.4785726,0,0
2010-07-07 02:00:00,-3.4728656,0,0
2010-07-07 03:00:00,-3.5015266,0,0
2010-07-07 04:00:00,-3.4707506,0,0
2010-07-07 05:00:00,-3.4227653,0,0
2010-07-07 06:00:00,-3.4167383,0,0
2010-07-07 07:00:00,-3.4159606,0,0
2010-07-07 08:00:00,-3.395923,0,0
2010-07-07 09:00:00,-3.0242038,0,0
2010-07-07 10:00:00,-2.3905883,0,0
2010-07-07 11:00:00,-2.1191628,0,0
2010-07-07 12:00:00,-1.9023196,0,0
2010-07-07 13:00:00,-1.5805554,0,0
2010-07-07 14:00:00,-1.4672234,0,0
2010-07-07 15:00:00,-1.4270601,0,0
2010-07-07 16:00:00,-1.4364805,0,0
2010-07-07 17:00:00,-1.4628131,0,0
2010-07-07 18:00:00,-1.6352407,0,0
2010-07-07 19:00:00,-1.7738897,0,0
2010-07-07 20:00:00,-1.8704379,0,0
2010-07-07 21:00:00,-2.0263765,0,0
2010-07-07 22:00:00,-2.4384282,0,0
2010-07-07 23:00:00,-2.7807858,0,0
2010-07-08 00:00:00,-3.0445652,0,0
2010-07-08 01:00:00,-3.0184956,0,0
2010-07-08 02:00:00,-2.9436078,0,0
2010-07-08 03:00:00,-2.8232934,0,0
2010-07-08 04:00:00,-2.723188,0,0
2010-07-08 05:00:00,-2.8470201,0,0
2010-07-08 06:00:00,-3.128961,0,0
2010-07-08 07:00:00,-3.2382967,0,0
2010-07-08 08:00:00,-3.387374,0,0
2010-07-08 09:00:00,-2.9134982,0,0
2010-07-08 10:00:00,-2.2749615,0,0
2010-07-08 11:00:00,-1.9753135,0,0
2010-07-08 12:00:00,-1.6155561,0,0
2010-07-08 13:00:00,-1.5130541,0,0
2010-07-08 14:00:00,-1.5094414,0,0
2010-07-08 15:00:00,-1.5433607,0,0
2010-07-08 16:00:00,-1.5712707,0,0
2010-07-08 17:00:00,-1.6672834,0,0
2010-07-08 18:00:00,-1.8232104,0,0
2010-07-08 19:00:00,-1.9683468,0,0
2010-07-08 20:00:00,-2.2059913,0,0
2010-07-08 21:00:00,-2.4111145,0,0
2010-07-08 22:00:00,-2.2975116,0,0
2010-07-08 23:00:00,-2.4020214,0,0
2010-07-09 00:00:00,-2.7841263,0,0
2010-07-09 01:00:00,-3.2567625,0,0
2010-07-09 02:00:00,-3.569436,0,0
2010-07-09 03:00:00,-3.7648919,0,0
2010-07-09 04:00:00,-3.8633904,0,0
2010-07-09 05:00:00,-3.8571181,0,0
2010-07-09 06:00:00,-3.7820125,0,0
2010-07-09 07:00:00,-3.7452042,0,0
2010-07-09 08:00:00,-3.7614648,0,0
2010-07-09 09:00:00,-3.6073368,0,0
2010-07-09 10:00:00,-3.193208,0,0
2010-07-09 11:00:00,-2.6286488,0,0
2010-07-09 12:00:00,-2.1212997,0,0
2010-07-09 13:00:00,-1.7339506,0,0
2010-07-09 14:00:00,-1.4969352,0,0
2010-07-09 15:00:00,-1.4273798,0,0
2010-07-09 16:00:00,-1.4365377,0,0
2010-07-09 17:00:00,-1.5837668,0,0
2010-07-09 18:00:00,-1.9103224,0,0
2010-07-09 19:00:00,-2.184419,0,0
2010-07-09 20:00:00,-2.421749,0,0
2010-07-09 21:00:00,-2.6188688,0,0
2010-07-09 22:00:00,-2.7667248,0,0
2010-07-09 23:00:00,-2.8680294,0,0
2010-07-10 00:00:00,-2.8939502,1,0
2010-07-10 01:00:00,-2.8351884,1,0
2010-07-10 02:00:00,-2.7115636,1,0
2010-07-10 03:00:00,-2.613744,1,0
2010-07-10 04:00:00,-2.5017648,1,0
2010-07-10 05:00:00,-2.3186007,1,0
2010-07-10 06:00:00,-2.1970356,1,0
2010-07-10 07:00:00,-2.071009,1,0
2010-07-10 08:00:00,-1.9939959,1,0
2010-07-10 09:00:00,-1.9335304,1,0
2010-07-10 10:00:00,-1.8448945,1,0
2010-07-10 11:00:00,-1.7080655,1,0
2010-07-10 12:00:00,-1.5584284,1,0
2010-07-10 13:00:00,-1.4474444,1,0
2010-07-10 14:00:00,-1.3973236,1,0
2010-07-10 15:00:00,-1.235526,1,0
2010-07-10 16:00:00,-1.2093095,1,0
2010-07-10 17:00:00,-1.2076354,1,0
2010-07-10 18:00:00,-1.1822987,1,0
2010-07-10 19:00:00,-1.1487875,1,0
2010-07-10 20:00:00,-1.149741,1,0
2010-07-10 21:00:00,-1.1572866,1,0
2010-07-10 22:00:00,-1.1509923,1,0
2010-07-10 23:00:00,-1.1366618,1,0
2010-07-11 00:00:00,-1.2507833,1,0
2010-07-11 01:00:00,-1.3013105,1,0
2010-07-11 02:00:00,-1.3692696,1,0
2010-07-11 03:00:00,-1.4359605,1,0
2010-07-11 04:00:00,-1.510779,1,0
2010-07-11 05:00:00,-1.5690918,1,0
2010-07-11 06:00:00,-1.6631706,1,0
2010-07-11 07:00:00,-1.7289076,1,0
2010-07-11 08:00:00,-1.8126367,1,0
2010-07-11 09:00:00,-1.7084707,1,0
2010-07-11 10:00:00,-1.4925243,1,0
2010-07-11 11:00:00,-1.2869222,1,0
2010-07-11 12:00:00,-1.14242,1,0
2010-07-11 13:00:00,-1.0450014,1,0
2010-07-11 14:00:00,-1.0041469,1,0
2010-07-11 15:00:00,-0.9804619,1,0
2010-07-11 16:00:00,-1.0020756,1,0
2010-07-11 17:00:00,-1.0900708,1,0
2010-07-11 18:00:00,-1.2655203,1,0
2010-07-11 19:00:00,-1.3891693,1,0
2010-07-11 20:00:00,-1.4969276,1,0
2010-07-11 21:00:00,-1.5750705,1,0
2010-07-11 22:00:00,-1.6317313,1,0
2010-07-11 23:00:00,-1.7225428,1,0
2010-07-12 00:00:00,-1.762822,0,0
2010-07-12 01:00:00,-1.8209221,0,0
2010-07-12 02:00:00,-1.8997215,0,0
2010-07-12 03:00:00,-1.9770817,0,0
2010-07-12 04:00:00,-2.0513406,0,0
2010-07-12 05:00:00,-2.1341207,0,0
2010-07-12 06:00:00,-2.1891196,0,0
2010-07-12 07:00:00,-2.2486591,0,0
2010-07-12 08:00:00,-2.246048,0,0
2010-07-12 09:00:00,-2.0510068,0,0
2010-07-12 10:00:00,-1.6573491,0,0
2010-07-12 11:00:00,-1.3311081,0,0
2010-07-12 12:00:00,-1.1520041,0,0
2010-07-12 13:00:00,-1.138869,0,0
2010-07-12 14:00:00,-1.1430799,0,0
2010-07-12 15:00:00,-1.168436,0,0
2010-07-12 16:00:00,-1.2385725,0,0
2010-07-12 17:00:00,-1.2088835,0,0
2010-07-12 18:00:00,-1.4437705,0,0
2010-07-12 19:00:00,-1.6439004,0,0
2010-07-12 20:00:00,-1.7545888,0,0
2010-07-12 21:00:00,-1.8196746,0,0
2010-07-12 22:00:00,-1.8750672,0,0
2010-07-12 23:00:00,-1.9578477,0,0
2010-07-13 00:00:00,-2.029005,0,0
2010-07-13 01:00:00,-2.0627391,0,0
2010-07-13 02:00:00,-2.0535834,0,0
2010-07-13 03:00:00,-1.9903083,0,0
2010-07-13 04:00:00,-1.8944931,0,0
2010-07-13 05:00:00,-1.9441905,0,0
2010-07-13 06:00:00,-1.9759429,0,0
2010-07-13 07:00:00,-2.023859,0,0
2010-07-13 08:00:00,-2.0058672,0,0
2010-07-13 09:00:00,-1.8390707,0,0
2010-07-13 10:00:00,-1.525469,0,0
2010-07-13 11:00:00,-1.154109,0,0
2010-07-13 12:00:00,-0.81353575,0,0
2010-07-13 13:00:00,-0.58490896,0,0
2010-07-13 14:00:00,-0.45730868,0,0
2010-07-13 15:00:00,-0.36679462,0,0
2010-07-13 16:00:00,-0.3409187,0,0
2010-07-13 17:00:00,-0.47115442,0,0
2010-07-13 18:00:00,-0.49548072,0,0
2010-07-13 19:00:00,-0.46507615,0,0
2010-07-13 20:00:00,-0.48311475,0,0
2010-07-13 21:00:00,-0.5343502,0,0
2010-07-13 22:00:00,-0.7364807,0,0
2010-07-13 23:00:00,-1.0459702,0,0
2010-07-14 00:00:00,-1.2646587,0,0
2010-07-14 01:00:00,-1.4448267,0,0
2010-07-14 02:00:00,-1.6489718,0,0
2010-07-14 03:00:00,-1.7477348,0,0
2010-07-14 04:00:00,-1.8402947,0,0
2010-07-14 05:00:00,-1.9359562,0,0
2010-07-14 06:00:00,-2.070143,0,0
2010-07-14 07:00:00,-2.1475034,0,0
2010-07-14 08:00:00,-2.196304,0,0
2010-07-14 09:00:00,-2.0318263,0,0
2010-07-14 10:00:00,-1.8381621,0,0
2010-07-14 11:00:00,-1.764081,0,0
2010-07-14 12:00:00,-1.6842759,0,0
2010-07-14 13:00:00,-1.6283562,0,0
2010-07-14 14:00:00,-1.5366169,0,0
2010-07-14 15:00:00,-1.5748799,0,0
2010-07-14 16:00:00,-1.607505,0,0
2010-07-14 17:00:00,-1.6286225,0,0
2010-07-14 18:00:00,-1.8244691,0,0
2010-07-14 19:00:00,-1.9730283,0,0
2010-07-14 20:00:00,-2.138653,0,0
2010-07-14 21:00:00,-2.2423508,0,0
2010-07-14 22:00:00,-2.2207026,0,0
2010-07-14 23:00:00,-2.1786973,0,0
2010-07-15 00:00:00,-2.2035537,0,0
2010-07-15 01:00:00,-2.173384,0,0
2010-07-15 02:00:00,-2.187326,0,0
2010-07-15 03:00:00,-2.2118354,0,0
2010-07-15 04:00:00,-2.245037,0,0
2010-07-15 05:00:00,-2.3979468,0,0
2010-07-15 06:00:00,-2.4885874,0,0
2010-07-15 07:00:00,-2.4876387,0,0
2010-07-15 08:00:00,-2.5399299,0,0
2010-07-15 09:00:00,-2.3046143,0,0
2010-07-15 10:00:00,-2.076319,0,0
2010-07-15 11:00:00,-1.8080019,0,0
2010-07-15 12:00:00,-1.6850731,0,0
2010-07-15 13:00:00,-1.6054236,0,0
2010-07-15 14:00:00,-1.5871017,0,0
2010-07-15 15:00:00,-1.5955683,0,0
2010-07-15 16:00:00,-1.5532781,0,0
2010-07-15 17:00:00,-1.5217419,0,0
2010-07-15 18:00:00,-1.7223125,0,0
2010-07-15 19:00:00,-1.8648329,0,0
2010-07-15 20:00:00,-1.9537196,0,0
2010-07-15 21:00:00,-2.0540066,0,0
2010-07-15 22:00:00,-2.1004887,0,0
2010-07-15 23:00:00,-2.12915,0,0
2010-07-16 00:00:00,-2.2576988,0,0
2010-07-16 01:00:00,-2.3261487,0,0
2010-07-16 02:00:00,-2.4005783,0,0
2010-07-16 03:00:00,-2.430508,0,0
2010-07-16 04:00:00,-2.578146,0,0
2010-07-16 05:00:00,-2.4923434,0,0
2010-07-16 06:00:00,-2.503013,0,0
2010-07-16 07:00:00,-2.568361,0,0
2010-07-16 08:00:00,-2.57012,0,0
2010-07-16 09:00:00,-2.3244498,0,0
2010-07-16 10:00:00,-1.9418449,0,0
2010-07-16 11:00:00,-1.7046565,0,0
2010-07-16 12:00:00,-1.4581913,0,0
2010-07-16 13:00:00,-1.3796662,0,0
2010-07-16 14:00:00,-1.3708667,0,0
2010-07-16 15:00:00,-1.3873641,0,0
2010-07-16 16:00:00,-1.3873144,0,0
2010-07-16 17:00:00,-1.3422027,0,0
2010-07-16 18:00:00,-1.550272,0,0
2010-07-16 19:00:00,-1.883134,0,0
2010-07-16 20:00:00,-2.0724735,0,0
2010-07-16 21:00:00,-2.2063458,0,0
2010-07-16 22:00:00,-2.252263,0,0
2010-07-16 23:00:00,-2.3963144,0,0
2010-07-17 00:00:00,-2.5503263,1,0
2010-07-17 01:00:00,-2.747714,1,0
2010-07-17 02:00:00,-2.930771,1,0
2010-07-17 03:00:00,-3.0113292,1,0
2010-07-17 04:00:00,-3.1705852,1,0
2010-07-17 05:00:00,-3.1098294,1,0
2010-07-17 06:00:00,-3.137537,1,0
2010-07-17 07:00:00,-3.2141144,1,0
2010-07-17 08:00:00,-3.261082,1,0
2010-07-17 09:00:00,-3.0064268,1,0
2010-07-17 10:00:00,-2.5420177,1,0
2010-07-17 11:00:00,-2.2678347,1,0
2010-07-17 12:00:00,-2.0923972,1,0
2010-07-17 13:00:00,-1.9241685,1,0
2010-07-17 14:00:00,-1.8635683,1,0
2010-07-17 15:00:00,-1.8186517,1,0
2010-07-17 16:00:00,-1.8267174,1,0
2010-07-17 17:00:00,-1.9094689,1,0
2010-07-17 18:00:00,-2.005165,1,0
2010-07-17 19:00:00,-2.0795503,1,0
2010-07-17 20:00:00,-2.1599154,1,0
2010-07-17 21:00:00,-2.2429879,1,0
2010-07-17 22:00:00,-2.316761,1,0
2010-07-17 23:00:00,-2.3489125,1,0
2010-07-18 00:00:00,-2.3766942,1,0
2010-07-18 01:00:00,-2.4366276,1,0
2010-07-18 02:00:00,-2.5118403,1,0
2010-07-18 03:00:00,-2.56103,1,0
2010-07-18 04:00:00,-2.6047995,1,0
2010-07-18 05:00:00,-2.573505,1,0
2010-07-18 06:00:00,-2.5918114,1,0
2010-07-18 07:00:00,-2.6402924,1,0
2010-07-18 08:00:00,-2.6511328,1,0
2010-07-18 09:00:00,-2.4972227,1,0
2010-07-18 10:00:00,-2.2547677,1,0
2010-07-18 11:00:00,-2.01995,1,0
2010-07-18 12:00:00,-1.7915007,1,0
2010-07-18 13:00:00,-1.6764841,1,0
2010-07-18 14:00:00,-1.6238457,1,0
2010-07-18 15:00:00,-1.6307348,1,0
2010-07-18 16:00:00,-1.6965344,1,0
2010-07-18 17:00:00,-1.5975312,1,0
2010-07-18 18:00:00,-1.6842895,1,0
2010-07-18 19:00:00,-1.7560585,1,0
2010-07-18 20:00:00,-1.8064197,1,0
2010-07-18 21:00:00,-1.8843398,1,0
2010-07-18 22:00:00,-1.9853247,1,0
2010-07-18 23:00:00,-2.113383,1,0
2010-07-19 00:00:00,-2.2203531,0,0
2010-07-19 01:00:00,-2.3716526,0,0
2010-07-19 02:00:00,-2.4252121,0,0
2010-07-19 03:00:00,-2.4037352,0,0
2010-07-19 04:00:00,-2.4928844,0,0
2010-07-19 05:00:00,-2.5113666,0,0
2010-07-19 06:00:00,-2.6504831,0,0
2010-07-19 07:00:00,-2.7748802,0,0
2010-07-19 08:00:00,-2.7457612,0,0
2010-07-19 09:00:00,-2.5185733,0,0
2010-07-19 10:00:00,-2.3255205,0,0
2010-07-19 11:00:00,-2.1524642,0,0
2010-07-19 12:00:00,-2.0586376,0,0
2010-07-19 13:00:00,-1.9895136,0,0
2010-07-19 14:00:00,-1.9805357,0,0
2010-07-19 15:00:00,-2.0151167,0,0
2010-07-19 16:00:00,-2.0891495,0,0
2010-07-19 17:00:00,-2.0811775,0,0
2010-07-19 18:00:00,-2.283666,0,0
2010-07-19 19:00:00,-2.4878259,0,0
2010-07-19 20:00:00,-2.6399617,0,0
2010-07-19 21:00:00,-3.2222252,0,0
2010-07-19 22:00:00,-3.5701656,0,0
2010-07-19 23:00:00,-3.6579776,0,0
2010-07-20 00:00:00,-3.689106,0,0
2010-07-20 01:00:00,-3.7104445,0,0
2010-07-20 02:00:00,-3.7094216,0,0
2010-07-20 03:00:00,-3.7085695,0,0
2010-07-20 04:00:00,-3.728635,0,0
2010-07-20 05:00:00,-3.840408,0,0
2010-07-20 06:00:00,-3.8321319,0,0
2010-07-20 07:00:00,-3.778818,0,0
2010-07-20 08:00:00,-3.6695564,0,0
2010-07-20 09:00:00,-3.2956097,0,0
2010-07-20 10:00:00,-2.8900719,0,0
2010-07-20 11:00:00,-2.401095,0,0
2010-07-20 12:00:00,-2.112094,0,0
2010-07-20 13:00:00,-1.9661405,0,0
2010-07-20 14:00:00,-1.758327,0,0
2010-07-20 15:00:00,-1.7528845,0,0
2010-07-20 16:00:00,-1.7979795,0,0
2010-07-20 17:00:00,-1.855439,0,0
2010-07-20 18:00:00,-2.0793922,0,0
2010-07-20 19:00:00,-2.1443813,0,0
2010-07-20 20:00:00,-2.250695,0,0
2010-07-20 21:00:00,-2.4316788,0,0
2010-07-20 22:00:00,-2.7421322,0,0
2010-07-20 23:00:00,-2.9589977,0,0
2010-07-21 00:00:00,-2.999277,0,0
2010-07-21 01:00:00,-3.0791738,0,0
2010-07-21 02:00:00,-3.1395924,0,0
2010-07-21 03:00:00,-3.2049408,0,0
2010-07-21 04:00:00,-3.3095179,0,0
2010-07-21 05:00:00,-3.293679,0,0
2010-07-21 06:00:00,-3.3791666,0,0
2010-07-21 07:00:00,-3.219064,0,0
2010-07-21 08:00:00,-3.1550856,0,0
2010-07-21 09:00:00,-2.6917772,0,0
2010-07-21 10:00:00,-2.3824363,0,0
2010-07-21 11:00:00,-2.1829977,0,0
2010-07-21 12:00:00,-1.9994949,0,0
2010-07-21 13:00:00,-1.8514004,0,0
2010-07-21 14:00:00,-1.7953463,0,0
2010-07-21 15:00:00,-1.7171013,0,0
2010-07-21 16:00:00,-1.7174402,0,0
2010-07-21 17:00:00,-1.67298,0,0
2010-07-21 18:00:00,-1.8651998,0,0
2010-07-21 19:00:00,-2.1321864,0,0
2010-07-21 20:00:00,-2.4247713,0,0
2010-07-21 21:00:00,-2.7539253,0,0
2010-07-21 22:00:00,-3.0023527,0,0
2010-07-21 23:00:00,-3.2062802,0,0
2010-07-22 00:00:00,-3.2971883,0,0
2010-07-22 01:00:00,-3.3223593,0,0
2010-07-22 02:00:00,-3.2679534,0,0
2010-07-22 03:00:00,-3.1934073,0,0
2010-07-22 04:00:00,-3.1393902,0,0
2010-07-22 05:00:00,-3.044316,0,0
2010-07-22 06:00:00,-2.9707189,0,0
2010-07-22 07:00:00,-2.9539483,0,0
2010-07-22 08:00:00,-2.7880783,0,0
2010-07-22 09:00:00,-2.5600579,0,0
2010-07-22 10:00:00,-2.3010108,0,0
2010-07-22 11:00:00,-1.9968791,0,0
2010-07-22 12:00:00,-1.7460289,0,0
2010-07-22 13:00:00,-1.6179929,0,0
2010-07-22 14:00:00,-1.4890449,0,0
2010-07-22 15:00:00,-1.4524217,0,0
2010-07-22 16:00:00,-1.4482526,0,0
2010-07-22 17:00:00,-1.3428586,0,0
2010-07-22 18:00:00,-1.4527315,0,0
2010-07-22 19:00:00,-1.5080223,0,0
2010-07-22 20:00:00,-1.5603827,0,0
2010-07-22 21:00:00,-1.6581694,0,0
2010-07-22 22:00:00,-1.6774296,0,0
2010-07-22 23:00:00,-1.7208794,0,0
2010-07-23 00:00:00,-1.8004564,0,0
2010-07-23 01:00:00,-1.7606679,0,0
2010-07-23 02:00:00,-1.7562983,0,0
2010-07-23 03:00:00,-1.7862967,0,0
2010-07-23 04:00:00,-1.8408049,0,0
2010-07-23 05:00:00,-1.8144674,0,0
2010-07-23 06:00:00,-1.7746788,0,0
2010-07-23 07:00:00,-1.8587968,0,0
2010-07-23 08:00:00,-1.8351668,0,0
2010-07-23 09:00:00,-1.6436901,0,0
2010-07-23 10:00:00,-1.4789222,0,0
2010-07-23 11:00:00,-1.4372381,0,0
2010-07-23 12:00:00,-1.3825191,0,0
2010-07-23 13:00:00,-1.3900076,0,0
2010-07-23 14:00:00,-1.3515046,0,0
2010-07-23 15:00:00,-1.4204592,0,0
2010-07-23 16:00:00,-1.5237076,0,0
2010-07-23 17:00:00,-1.4665046,0,0
2010-07-23 18:00:00,-1.5858307,0,0
2010-07-23 19:00:00,-1.7076517,0,0
2010-07-23 20:00:00,-1.7966629,0,0
2010-07-23 21:00:00,-1.9736347,0,0
2010-07-23 22:00:00,-2.1845202,0,0
2010-07-23 23:00:00,-2.5281568,0,0
2010-07-24 00:00:00,-2.7509832,1,0
2010-07-24 01:00:00,-2.9787166,1,0
2010-07-24 02:00:00,-3.1791587,1,0
2010-07-24 03:00:00,-3.3220382,1,0
2010-07-24 04:00:00,-3.4225655,1,0
2010-07-24 05:00:00,-3.2089293,1,0
2010-07-24 06:00:00,-3.31639,1,0
2010-07-24 07:00:00,-3.395096,1,0
2010-07-24 08:00:00,-3.3853614,1,0
2010-07-24 09:00:00,-2.7725177,1,0
2010-07-24 10:00:00,-2.049305,1,0
2010-07-24 11:00:00,-1.8412355,1,0
2010-07-24 12:00:00,-1.6662717,1,0
2010-07-24 13:00:00,-1.579367,1,0
2010-07-24 14:00:00,-1.590707,1,0
2010-07-24 15:00:00,-1.5295746,1,0
2010-07-24 16:00:00,-1.5482994,1,0
2010-07-24 17:00:00,-1.5952051,1,0
2010-07-24 18:00:00,-1.6692413,1,0
2010-07-24 19:00:00,-1.9306197,1,0
2010-07-24 20:00:00,-2.258243,1,0
2010-07-24 21:00:00,-2.5606465,1,0
2010-07-24 22:00:00,-2.885384,1,0
2010-07-24 23:00:00,-3.0835023,1,0
2010-07-25 00:00:00,-3.2472525,1,0
2010-07-25 01:00:00,-3.3574207,1,0
2010-07-25 02:00:00,-3.4526987,1,0
2010-07-25 03:00:00,-3.5185375,1,0
2010-07-25 04:00:00,-3.5569885,1,0
2010-07-25 05:00:00,-3.5263557,1,0
2010-07-25 06:00:00,-3.6002257,1,0
2010-07-25 07:00:00,-3.6695547,1,0
2010-07-25 08:00:00,-3.6091688,1,0
2010-07-25 09:00:00,-2.990734,1,0
2010-07-25 10:00:00,-2.3141298,1,0
2010-07-25 11:00:00,-2.0241752,1,0
2010-07-25 12:00:00,-1.7066045,1,0
2010-07-25 13:00:00,-1.5488911,1,0
2010-07-25 14:00:00,-1.4880337,1,0
2010-07-25 15:00:00,-1.4391361,1,0
2010-07-25 16:00:00,-1.410596,1,0
2010-07-25 17:00:00,-1.4426581,1,0
2010-07-25 18:00:00,-1.6202381,1,0
2010-07-25 19:00:00,-1.7632099,1,0
2010-07-25 20:00:00,-2.1894233,1,0
2010-07-25 21:00:00,-2.5041754,1,0
2010-07-25 22:00:00,-2.6465642,1,0
2010-07-25 23:00:00,-2.7396946,1,0
2010-07-26 00:00:00,-2.7490957,0,0
2010-07-26 01:00:00,-2.804094,0,0
2010-07-26 02:00:00,-2.9462655,0,0
2010-07-26 03:00:00,-3.0415657,0,0
2010-07-26 04:00:00,-2.9695563,0,0
2010-07-26 05:00:00,-3.0455964,0,0
2010-07-26 06:00:00,-3.1033027,0,0
2010-07-26 07:00:00,-3.128154,0,0
2010-07-26 08:00:00,-3.1506124,0,0
2010-07-26 09:00:00,-2.8673809,0,0
2010-07-26 10:00:00,-2.4236693,0,0
2010-07-26 11:00:00,-1.9591964,0,0
2010-07-26 12:00:00,-1.6253304,0,0
2010-07-26 13:00:00,-1.4757917,0,0
2010-07-26 14:00:00,-1.4588988,0,0
2010-07-26 15:00:00,-1.469577,0,0
2010-07-26 16:00:00,-1.5306736,0,0
2010-07-26 17:00:00,-1.40264,0,0
2010-07-26 18:00:00,-1.6454356,0,0
2010-07-26 19:00:00,-2.0353596,0,0
2010-07-26 20:00:00,-2.4847672,0,0
2010-07-26 21:00:00,-2.8013303,0,0
2010-07-26 22:00:00,-3.0180056,0,0
2010-07-26 23:00:00,-3.168698,0,0
2010-07-27 00:00:00,-3.2923176,0,0
2010-07-27 01:00:00,-3.4756942,0,0
2010-07-27 02:00:00,-3.5457318,0,0
2010-07-27 03:00:00,-3.5612617,0,0
2010-07-27 04:00:00,-3.6463609,0,0
2010-07-27 05:00:00,-3.677294,0,0
2010-07-27 06:00:00,-3.6874034,0,0
2010-07-27 07:00:00,-3.6917038,0,0
2010-07-27 08:00:00,-3.6369557,0,0
2010-07-27 09:00:00,-2.903696,0,0
2010-07-27 10:00:00,-2.180511,0,0
2010-07-27 11:00:00,-1.7725676,0,0
2010-07-27 12:00:00,-1.5868497,0,0
2010-07-27 13:00:00,-1.4421021,0,0
2010-07-27 14:00:00,-1.3534057,0,0
2010-07-27 15:00:00,-1.3218108,0,0
2010-07-27 16:00:00,-1.3195736,0,0
2010-07-27 17:00:00,-1.2892559,0,0
2010-07-27 18:00:00,-1.5293006,0,0
2010-07-27 19:00:00,-1.6958864,0,0
2010-07-27 20:00:00,-1.9319154,0,0
2010-07-27 21:00:00,-2.1566408,0,0
2010-07-27 22:00:00,-2.244816,0,0
2010-07-27 23:00:00,-2.2991633,0,0
2010-07-28 00:00:00,-2.6658745,0,0
2010-07-28 01:00:00,-2.6516457,0,0
2010-07-28 02:00:00,-2.6579454,0,0
2010-07-28 03:00:00,-2.779412,0,0
2010-07-28 04:00:00,-2.8907,0,0
2010-07-28 05:00:00,-2.967666,0,0
2010-07-28 06:00:00,-3.0375552,0,0
2010-07-28 07:00:00,-3.0836434,0,0
2010-07-28 08:00:00,-3.0957518,0,0
2010-07-28 09:00:00,-2.9341526,0,0
2010-07-28 10:00:00,-2.5321496,0,0
2010-07-28 11:00:00,-2.0627367,0,0
2010-07-28 12:00:00,-1.7002443,0,0
2010-07-28 13:00:00,-1.4226576,0,0
2010-07-28 14:00:00,-1.2609533,0,0
2010-07-28 15:00:00,-1.1846924,0,0
2010-07-28 16:00:00,-1.1473836,0,0
2010-07-28 17:00:00,-1.291886,0,0
2010-07-28 18:00:00,-1.5053377,0,0
2010-07-28 19:00:00,-1.60719,0,0
2010-07-28 20:00:00,-1.6312139,0,0
2010-07-28 21:00:00,-1.6826257,0,0
2010-07-28 22:00:00,-1.6503083,0,0
2010-07-28 23:00:00,-1.6399585,0,0
2010-07-29 00:00:00,-1.7294965,0,0
2010-07-29 01:00:00,-1.7930859,0,0
2010-07-29 02:00:00,-1.798506,0,0
2010-07-29 03:00:00,-1.7585464,0,0
2010-07-29 04:00:00,-1.7149255,0,0
2010-07-29 05:00:00,-1.651165,0,0
2010-07-29 06:00:00,-1.5964861,0,0
2010-07-29 07:00:00,-1.5521568,0,0
2010-07-29 08:00:00,-1.516909,0,0
2010-07-29 09:00:00,-1.4171922,0,0
2010-07-29 10:00:00,-1.2505618,0,0
2010-07-29 11:00:00,-1.1864299,0,0
2010-07-29 12:00:00,-1.1408219,0,0
2010-07-29 13:00:00,-1.075731,0,0
2010-07-29 14:00:00,-1.0315572,0,0
2010-07-29 15:00:00,-1.0190494,0,0
2010-07-29 16:00:00,-1.0176845,0,0
2010-07-29 17:00:00,-1.1256968,0,0
2010-07-29 18:00:00,-1.2564179,0,0
2010-07-29 19:00:00,-1.3318481,0,0
2010-07-29 20:00:00,-1.385482,0,0
2010-07-29 21:00:00,-1.4732714,0,0
2010-07-29 22:00:00,-1.568138,0,0
2010-07-29 23:00:00,-1.5654356,0,0
2010-07-30 00:00:00,-1.5783272,0,0
2010-07-30 01:00:00,-1.5468892,0,0
2010-07-30 02:00:00,-1.537419,0,0
2010-07-30 03:00:00,-1.5144974,0,0
2010-07-30 04:00:00,-1.5360762,0,0
2010-07-30 05:00:00,-1.5662183,0,0
2010-07-30 06:00:00,-1.568537,0,0
2010-07-30 07:00:00,-1.537659,0,0
2010-07-30 08:00:00,-1.4974816,0,0
2010-07-30 09:00:00,-1.4058925,0,0
2010-07-30 10:00:00,-1.2628919,0,0
2010-07-30 11:00:00,-1.1102724,0,0
2010-07-30 12:00:00,-0.94595015,0,0
2010-07-30 13:00:00,-0.8081778,0,0
2010-07-30 14:00:00,-0.7236455,0,0
2010-07-30 15:00:00,-0.6734001,0,0
2010-07-30 16:00:00,-0.6553911,0,0
2010-07-30 17:00:00,-0.6222203,0,0
2010-07-30 18:00:00,-0.76774555,0,0
2010-07-30 19:00:00,-0.86051136,0,0
2010-07-30 20:00:00,-0.9170754,0,0
2010-07-30 21:00:00,-0.937044,0,0
2010-07-30 22:00:00,-1.0180604,0,0
2010-07-30 23:00:00,-1.0856308,0,0
2010-07-31 00:00:00,-1.1473922,1,0
2010-07-31 01:00:00,-1.2563614,1,0
2010-07-31 02:00:00,-1.3104805,1,0
2010-07-31 03:00:00,-1.4192786,1,0
2010-07-31 04:00:00,-1.4980782,1,0
2010-07-31 05:00:00,-1.2844404,1,0
2010-07-31 06:00:00,-1.3448489,1,0
2010-07-31 07:00:00,-1.4777571,1,0
2010-07-31 08:00:00,-1.5556772,1,0
2010-07-31 09:00:00,-1.4386249,1,0
2010-07-31 10:00:00,-1.4023663,1,0
2010-07-31 11:00:00,-1.3261429,1,0
2010-07-31 12:00:00,-1.265679,1,0
2010-07-31 13:00:00,-1.2118068,1,0
2010-07-31 14:00:00,-1.1464876,1,0
2010-07-31 15:00:00,-1.166173,1,0
2010-07-31 16:00:00,-1.1879249,1,0
2010-07-31 17:00:00,-1.2923554,1,0
2010-07-31 18:00:00,-1.485631,1,0
2010-07-31 19:00:00,-1.4813979,1,0
2010-07-31 20:00:00,-1.4353251,1,0
2010-07-31 21:00:00,-1.3946675,1,0
2010-07-31 22:00:00,-1.3436551,1,0
2010-07-31 23:00:00,-1.3450996,1,0
2010-08-01 00:00:00,-1.3765479,1,0
2010-08-01 01:00:00,-1.3300812,1,0
2010-08-01 02:00:00,-1.3037488,1,0
2010-08-01 03:00:00,-1.3854737,1,0
2010-08-01 04:00:00,-1.5730664,1,0
2010-08-01 05:00:00,-1.4546646,1,0
2010-08-01 06:00:00,-1.6262696,1,0
2010-08-01 07:00:00,-1.7790083,1,0
2010-08-01 08:00:00,-1.919735,1,0
2010-08-01 09:00:00,-1.839375,1,0
2010-08-01 10:00:00,-1.8219548,1,0
2010-08-01 11:00:00,-1.8722658,1,0
2010-08-01 12:00:00,-1.8829021,1,0
2010-08-01 13:00:00,-1.8686854,1,0
2010-08-01 14:00:00,-1.8925087,1,0
2010-08-01 15:00:00,-1.8287742,1,0
2010-08-01 16:00:00,-1.8466661,1,0
2010-08-01 17:00:00,-1.8933073,1,0
2010-08-01 18:00:00,-2.0078008,1,0
2010-08-01 19:00:00,-2.1417198,1,0
2010-08-01 20:00:00,-2.2523565,1,0
2010-08-01 21:00:00,-2.349186,1,0
2010-08-01 22:00:00,-2.33899,1,0
2010-08-01 23:00:00,-2.1934874,1,0
2010-08-02 00:00:00,-1.9321096,0,0
2010-08-02 01:00:00,-1.8517548,0,0
2010-08-02 02:00:00,-2.0271263,0,0
2010-08-02 03:00:00,-2.0098758,0,0
2010-08-02 04:00:00,-1.9769516,0,0
2010-08-02 05:00:00,-1.9653062,0,0
2010-08-02 06:00:00,-1.9531285,0,0
2010-08-02 07:00:00,-2.0188656,0,0
2010-08-02 08:00:00,-2.0299234,0,0
2010-08-02 09:00:00,-1.7635539,0,0
2010-08-02 10:00:00,-1.5311067,0,0
2010-08-02 11:00:00,-1.5054395,0,0
2010-08-02 12:00:00,-1.4357835,0,0
2010-08-02 13:00:00,-1.384731,0,0
2010-08-02 14:00:00,-1.396807,0,0
2010-08-02 15:00:00,-1.4029081,0,0
2010-08-02 16:00:00,-1.4159206,0,0
2010-08-02 17:00:00,-1.2585534,0,0
2010-08-02 18:00:00,-1.3818604,0,0
2010-08-02 19:00:00,-1.4266356,0,0
2010-08-02 20:00:00,-1.4363391,0,0
2010-08-02 21:00:00,-1.4391313,0,0
2010-08-02 22:00:00,-1.4681814,0,0
2010-08-02 23:00:00,-1.5335245,0,0
2010-08-03 00:00:00,-1.5839771,0,0
2010-08-03 01:00:00,-1.6646048,0,0
2010-08-03 02:00:00,-1.7514354,0,0
2010-08-03 03:00:00,-1.7993566,0,0
2010-08-03 04:00:00,-1.8207645,0,0
2010-08-03 05:00:00,-1.7573513,0,0
2010-08-03 06:00:00,-1.8495967,0,0
2010-08-03 07:00:00,-1.9470913,0,0
2010-08-03 08:00:00,-1.9506783,0,0
2010-08-03 09:00:00,-1.8469064,0,0
2010-08-03 10:00:00,-1.799116,0,0
2010-08-03 11:00:00,-1.7931081,0,0
2010-08-03 12:00:00,-1.7687647,0,0
2010-08-03 13:00:00,-1.7048037,0,0
2010-08-03 14:00:00,-1.6541177,0,0
2010-08-03 15:00:00,-1.6151068,0,0
2010-08-03 16:00:00,-1.6659036,0,0
2010-08-03 17:00:00,-1.6265213,0,0
2010-08-03 18:00:00,-1.6381049,0,0
2010-08-03 19:00:00,-1.7238902,0,0
2010-08-03 20:00:00,-1.7904152,0,0
2010-08-03 21:00:00,-1.8763714,0,0
2010-08-03 22:00:00,-1.9125038,0,0
2010-08-03 23:00:00,-2.025677,0,0
2010-08-04 00:00:00,-2.0850453,0,0
2010-08-04 01:00:00,-2.1373312,0,0
2010-08-04 02:00:00,-2.1577852,0,0
2010-08-04 03:00:00,-2.2244017,0,0
2010-08-04 04:00:00,-2.2255957,0,0
2010-08-04 05:00:00,-2.1941576,0,0
2010-08-04 06:00:00,-2.2233787,0,0
2010-08-04 07:00:00,-2.2802105,0,0
2010-08-04 08:00:00,-2.195139,0,0
2010-08-04 09:00:00,-2.0535827,0,0
2010-08-04 10:00:00,-1.8871282,0,0
2010-08-04 11:00:00,-1.7720754,0,0
2010-08-04 12:00:00,-1.7226627,0,0
2010-08-04 13:00:00,-1.6923443,0,0
2010-08-04 14:00:00,-1.6420628,0,0
2010-08-04 15:00:00,-1.6803533,0,0
2010-08-04 16:00:00,-1.7750438,0,0
2010-08-04 17:00:00,-1.8613888,0,0
2010-08-04 18:00:00,-1.9891052,0,0
2010-08-04 19:00:00,-2.0670252,0,0
2010-08-04 20:00:00,-2.1358638,0,0
2010-08-04 21:00:00,-2.2105114,0,0
2010-08-04 22:00:00,-2.3009288,0,0
2010-08-04 23:00:00,-2.3822649,0,0
2010-08-05 00:00:00,-2.4492702,0,0
2010-08-05 01:00:00,-2.4908178,0,0
2010-08-05 02:00:00,-2.5959547,0,0
2010-08-05 03:00:00,-2.7054613,0,0
2010-08-05 04:00:00,-2.8885179,0,0
2010-08-05 05:00:00,-2.9195447,0,0
2010-08-05 06:00:00,-2.8226895,0,0
2010-08-05 07:00:00,-2.667521,0,0
2010-08-05 08:00:00,-2.5109086,0,0
2010-08-05 09:00:00,-2.425837,0,0
2010-08-05 10:00:00,-2.305113,0,0
2010-08-05 11:00:00,-2.2423081,0,0
2010-08-05 12:00:00,-2.1247997,0,0
2010-08-05 13:00:00,-2.0224843,0,0
2010-08-05 14:00:00,-1.9785662,0,0
2010-08-05 15:00:00,-1.9246924,0,0
2010-08-05 16:00:00,-1.9456028,0,0
2010-08-05 17:00:00,-1.9619122,0,0
2010-08-05 18:00:00,-2.1004517,0,0
2010-08-05 19:00:00,-2.2448,0,0
2010-08-05 20:00:00,-2.3122046,0,0
2010-08-05 21:00:00,-2.3507302,0,0
2010-08-05 22:00:00,-2.450058,0,0
2010-08-05 23:00:00,-2.3852055,0,0
2010-08-06 00:00:00,-2.4322474,0,0
2010-08-06 01:00:00,-2.4861488,0,0
2010-08-06 02:00:00,-2.515199,0,0
2010-08-06 03:00:00,-2.5643885,0,0
2010-08-06 04:00:00,-2.6037884,0,0
2010-08-06 05:00:00,-2.634986,0,0
2010-08-06 06:00:00,-2.6783667,0,0
2010-08-06 07:00:00,-2.7119575,0,0
2010-08-06 08:00:00,-2.6577692,0,0
2010-08-06 09:00:00,-2.4358995,0,0
2010-08-06 10:00:00,-2.2465136,0,0
2010-08-06 11:00:00,-1.9270403,0,0
2010-08-06 12:00:00,-1.7512988,0,0
2010-08-06 13:00:00,-1.6206641,0,0
2010-08-06 14:00:00,-1.642525,0,0
2010-08-06 15:00:00,-1.6518606,0,0
2010-08-06 16:00:00,-1.7128636,0,0
2010-08-06 17:00:00,-1.7551959,0,0
2010-08-06 18:00:00,-1.9020413,0,0
2010-08-06 19:00:00,-2.1140172,0,0
2010-08-06 20:00:00,-2.2427602,0,0
2010-08-06 21:00:00,-2.407345,0,0
2010-08-06 22:00:00,-2.850793,0,0
2010-08-06 23:00:00,-3.0179863,0,0
2010-08-07 00:00:00,-3.2804024,1,0
2010-08-07 01:00:00,-3.3565912,1,0
2010-08-07 02:00:00,-3.4918284,1,0
2010-08-07 03:00:00,-3.5620375,1,0
2010-08-07 04:00:00,-3.6676648,1,0
2010-08-07 05:00:00,-3.696936,1,0
2010-08-07 06:00:00,-3.5355372,1,0
2010-08-07 07:00:00,-3.5289507,1,0
2010-08-07 08:00:00,-3.475104,1,0
2010-08-07 09:00:00,-3.1135118,1,0
2010-08-07 10:00:00,-2.5526571,1,0
2010-08-07 11:00:00,-2.1192474,1,0
2010-08-07 12:00:00,-1.8461976,1,0
2010-08-07 13:00:00,-1.7311136,1,0
2010-08-07 14:00:00,-1.7389996,1,0
2010-08-07 15:00:00,-1.7542706,1,0
2010-08-07 16:00:00,-1.7654846,1,0
2010-08-07 17:00:00,-1.9140732,1,0
2010-08-07 18:00:00,-2.0716054,1,0
2010-08-07 19:00:00,-2.1912787,1,0
2010-08-07 20:00:00,-2.2914689,1,0
2010-08-07 21:00:00,-2.4177787,1,0
2010-08-07 22:00:00,-2.472292,1,0
2010-08-07 23:00:00,-2.5931072,1,0
2010-08-08 00:00:00,-2.655748,1,0
2010-08-08 01:00:00,-2.6757164,1,0
2010-08-08 02:00:00,-2.7043777,1,0
2010-08-08 03:00:00,-2.788112,1,0
2010-08-08 04:00:00,-2.7987812,1,0
2010-08-08 05:00:00,-2.9226131,1,0
2010-08-08 06:00:00,-2.93599,1,0
2010-08-08 07:00:00,-2.9928217,1,0
2010-08-08 08:00:00,-2.945711,1,0
2010-08-08 09:00:00,-2.6215086,1,0
2010-08-08 10:00:00,-2.321439,1,0
2010-08-08 11:00:00,-2.0409665,1,0
2010-08-08 12:00:00,-1.8501532,1,0
2010-08-08 13:00:00,-1.7327658,1,0
2010-08-08 14:00:00,-1.679632,1,0
2010-08-08 15:00:00,-1.6940732,1,0
2010-08-08 16:00:00,-1.6874197,1,0
2010-08-08 17:00:00,-1.9056107,1,0
2010-08-08 18:00:00,-2.1648307,1,0
2010-08-08 19:00:00,-2.306615,1,0
2010-08-08 20:00:00,-2.4176924,1,0
2010-08-08 21:00:00,-2.5119994,1,0
2010-08-08 22:00:00,-2.585384,1,0
2010-08-08 23:00:00,-2.6362357,1,0
2010-08-09 00:00:00,-2.6841571,0,0
2010-08-09 01:00:00,-2.7500706,0,0
2010-08-09 02:00:00,-2.842715,0,0
2010-08-09 03:00:00,-2.94676,0,0
2010-08-09 04:00:00,-3.0301054,0,0
2010-08-09 05:00:00,-3.125772,0,0
2010-08-09 06:00:00,-3.182215,0,0
2010-08-09 07:00:00,-3.2655604,0,0
2010-08-09 08:00:00,-3.174856,0,0
2010-08-09 09:00:00,-2.7821348,0,0
2010-08-09 10:00:00,-2.2825575,0,0
2010-08-09 11:00:00,-1.9309002,0,0
2010-08-09 12:00:00,-1.654084,0,0
2010-08-09 13:00:00,-1.4818743,0,0
2010-08-09 14:00:00,-1.3773612,0,0
2010-08-09 15:00:00,-1.3256663,0,0
2010-08-09 16:00:00,-1.3426045,0,0
2010-08-09 17:00:00,-1.3515483,0,0
2010-08-09 18:00:00,-1.6820847,0,0
2010-08-09 19:00:00,-1.8713794,0,0
2010-08-09 20:00:00,-1.9915434,0,0
2010-08-09 21:00:00,-2.121663,0,0
2010-08-09 22:00:00,-2.331484,0,0
2010-08-09 23:00:00,-2.4681597,0,0
2010-08-10 00:00:00,-2.5395935,0,0
2010-08-10 01:00:00,-2.6641963,0,0
2010-08-10 02:00:00,-2.7311375,0,0
2010-08-10 03:00:00,-2.8174584,0,0
2010-08-10 04:00:00,-2.8303998,0,0
2010-08-10 05:00:00,-2.8977969,0,0
2010-08-10 06:00:00,-2.8891592,0,0
2010-08-10 07:00:00,-2.979117,0,0
2010-08-10 08:00:00,-2.9713812,0,0
2010-08-10 09:00:00,-2.6513584,0,0
2010-08-10 10:00:00,-2.4020836,0,0
2010-08-10 11:00:00,-2.0449302,0,0
2010-08-10 12:00:00,-1.7862719,0,0
2010-08-10 13:00:00,-1.6844543,0,0
2010-08-10 14:00:00,-1.5883074,0,0
2010-08-10 15:00:00,-1.4597533,0,0
2010-08-10 16:00:00,-1.3792001,0,0
2010-08-10 17:00:00,-1.5574985,0,0
2010-08-10 18:00:00,-1.7047724,0,0
2010-08-10 19:00:00,-1.8060548,0,0
2010-08-10 20:00:00,-1.8878592,0,0
2010-08-10 21:00:00,-1.9507886,0,0
2010-08-10 22:00:00,-2.2544827,0,0
2010-08-10 23:00:00,-2.3788798,0,0
2010-08-11 00:00:00,-2.4454963,0,0
2010-08-11 01:00:00,-2.4973934,0,0
2010-08-11 02:00:00,-2.572041,0,0
2010-08-11 03:00:00,-2.5178528,0,0
2010-08-11 04:00:00,-2.3468819,0,0
2010-08-11 05:00:00,-2.289245,0,0
2010-08-11 06:00:00,-2.3082821,0,0
2010-08-11 07:00:00,-2.3420439,0,0
2010-08-11 08:00:00,-2.3024263,0,0
2010-08-11 09:00:00,-2.1884756,0,0
2010-08-11 10:00:00,-2.1340487,0,0
2010-08-11 11:00:00,-2.0426204,0,0
2010-08-11 12:00:00,-1.8655778,0,0
2010-08-11 13:00:00,-1.7203344,0,0
2010-08-11 14:00:00,-1.627797,0,0
2010-08-11 15:00:00,-1.6397917,0,0
2010-08-11 16:00:00,-1.6247132,0,0
2010-08-11 17:00:00,-1.7791296,0,0
2010-08-11 18:00:00,-1.8904247,0,0
2010-08-11 19:00:00,-2.0081854,0,0
2010-08-11 20:00:00,-2.1050236,0,0
2010-08-11 21:00:00,-2.160634,0,0
2010-08-11 22:00:00,-2.2937706,0,0
2010-08-11 23:00:00,-2.27832,0,0
2010-08-12 00:00:00,-2.2388513,0,0
2010-08-12 01:00:00,-2.1289332,0,0
2010-08-12 02:00:00,-1.8940585,0,0
2010-08-12 03:00:00,-1.7953923,0,0
2010-08-12 04:00:00,-1.8156978,0,0
2010-08-12 05:00:00,-1.8872387,0,0
2010-08-12 06:00:00,-2.0083528,0,0
2010-08-12 07:00:00,-2.0758853,0,0
2010-08-12 08:00:00,-2.0723898,0,0
2010-08-12 09:00:00,-1.964808,0,0
2010-08-12 10:00:00,-1.8119708,0,0
2010-08-12 11:00:00,-1.7112707,0,0
2010-08-12 12:00:00,-1.5708289,0,0
2010-08-12 13:00:00,-1.4583002,0,0
2010-08-12 14:00:00,-1.3779182,0,0
2010-08-12 15:00:00,-1.3560199,0,0
2010-08-12 16:00:00,-1.4198545,0,0
2010-08-12 17:00:00,-1.4367237,0,0
2010-08-12 18:00:00,-1.567621,0,0
2010-08-12 19:00:00,-1.59951,0,0
2010-08-12 20:00:00,-1.5815699,0,0
2010-08-12 21:00:00,-1.6253394,0,0
2010-08-12 22:00:00,-1.6920303,0,0
2010-08-12 23:00:00,-1.6881981,0,0
2010-08-13 00:00:00,-1.669114,0,0
2010-08-13 01:00:00,-1.6722156,0,0
2010-08-13 02:00:00,-1.6865462,0,0
2010-08-13 03:00:00,-1.7362955,0,0
2010-08-13 04:00:00,-1.7949556,0,0
2010-08-13 05:00:00,-1.7793617,0,0
2010-08-13 06:00:00,-1.8927008,0,0
2010-08-13 07:00:00,-2.0011103,0,0
2010-08-13 08:00:00,-1.9845625,0,0
2010-08-13 09:00:00,-1.5962337,0,0
2010-08-13 10:00:00,-1.5425948,0,0
2010-08-13 11:00:00,-1.561143,0,0
2010-08-13 12:00:00,-1.5643826,0,0
2010-08-13 13:00:00,-1.3985672,0,0
2010-08-13 14:00:00,-1.2770659,0,0
2010-08-13 15:00:00,-1.2550431,0,0
2010-08-13 16:00:00,-1.3048363,0,0
2010-08-13 17:00:00,-1.2831835,0,0
2010-08-13 18:00:00,-1.4065425,0,0
2010-08-13 19:00:00,-1.5160044,0,0
2010-08-13 20:00:00,-1.6074275,0,0
2010-08-13 21:00:00,-1.6831774,0,0
2010-08-13 22:00:00,-1.7311455,0,0
2010-08-13 23:00:00,-1.7699856,0,0
2010-08-14 00:00:00,-1.8324553,1,0
2010-08-14 01:00:00,-1.848054,1,0
2010-08-14 02:00:00,-1.8396344,1,0
2010-08-14 03:00:00,-1.8525255,1,0
2010-08-14 04:00:00,-1.882626,1,0
2010-08-14 05:00:00,-1.860579,1,0
2010-08-14 06:00:00,-1.8866986,1,0
2010-08-14 07:00:00,-1.9037367,1,0
2010-08-14 08:00:00,-1.9020745,1,0
2010-08-14 09:00:00,-1.7922705,1,0
2010-08-14 10:00:00,-1.6513604,1,0
2010-08-14 11:00:00,-1.5559236,1,0
2010-08-14 12:00:00,-1.4928888,1,0
2010-08-14 13:00:00,-1.3632479,1,0
2010-08-14 14:00:00,-1.2473948,1,0
2010-08-14 15:00:00,-1.1484038,1,0
2010-08-14 16:00:00,-1.1047138,1,0
2010-08-14 17:00:00,-1.2031125,1,0
2010-08-14 18:00:00,-1.3154995,1,0
2010-08-14 19:00:00,-1.3438932,1,0
2010-08-14 20:00:00,-1.3523233,1,0
2010-08-14 21:00:00,-1.315156,1,0
2010-08-14 22:00:00,-1.358269,1,0
2010-08-14 23:00:00,-1.3379167,1,0
2010-08-15 00:00:00,-1.3430225,1,0
2010-08-15 01:00:00,-1.3906294,1,0
2010-08-15 02:00:00,-1.4260534,1,0
2010-08-15 03:00:00,-1.4153149,1,0
2010-08-15 04:00:00,-1.4051362,1,0
2010-08-15 05:00:00,-1.4734099,1,0
2010-08-15 06:00:00,-1.5038992,1,0
2010-08-15 07:00:00,-1.5300188,1,0
2010-08-15 08:00:00,-1.5519865,1,0
2010-08-15 09:00:00,-1.5210564,1,0
2010-08-15 10:00:00,-1.4553589,1,0
2010-08-15 11:00:00,-1.3516991,1,0
2010-08-15 12:00:00,-1.3313937,1,0
2010-08-15 13:00:00,-1.2902505,1,0
2010-08-15 14:00:00,-1.1493253,1,0
2010-08-15 15:00:00,-0.78703827,1,0
2010-08-15 16:00:00,-0.93415624,1,0
2010-08-15 17:00:00,-1.0850118,1,0
2010-08-15 18:00:00,-1.3159299,1,0
2010-08-15 19:00:00,-1.5082809,1,0
2010-08-15 20:00:00,-1.7013351,1,0
2010-08-15 21:00:00,-1.9192407,1,0
2010-08-15 22:00:00,-2.0950444,1,0
2010-08-15 23:00:00,-2.2018433,1,0
2010-08-16 00:00:00,-2.3310041,0,0
2010-08-16 01:00:00,-2.4463248,0,0
2010-08-16 02:00:00,-2.5053043,0,0
2010-08-16 03:00:00,-2.5321376,0,0
2010-08-16 04:00:00,-2.468479,0,0
2010-08-16 05:00:00,-2.3243637,0,0
2010-08-16 06:00:00,-2.1788368,0,0
2010-08-16 07:00:00,-2.1416228,0,0
2010-08-16 08:00:00,-2.2899864,0,0
2010-08-16 09:00:00,-2.4772713,0,0
2010-08-16 10:00:00,-2.491512,0,0
2010-08-16 11:00:00,-2.4857666,0,0
2010-08-16 12:00:00,-2.5086327,0,0
2010-08-16 13:00:00,-2.5081763,0,0
2010-08-16 14:00:00,-2.414514,0,0
2010-08-16 15:00:00,-2.4084375,0,0
2010-08-16 16:00:00,-2.469024,0,0
2010-08-16 17:00:00,-2.3764348,0,0
2010-08-16 18:00:00,-2.4732387,0,0
2010-08-16 19:00:00,-2.5605202,0,0
2010-08-16 20:00:00,-2.6444774,0,0
2010-08-16 21:00:00,-2.7338498,0,0
2010-08-16 22:00:00,-2.8462868,0,0
2010-08-16 23:00:00,-2.9746647,0,0
2010-08-17 00:00:00,-3.0201929,0,0
2010-08-17 01:00:00,-3.0720954,0,0
2010-08-17 02:00:00,-3.1169202,0,0
2010-08-17 03:00:00,-3.105622,0,0
2010-08-17 04:00:00,-3.1253777,0,0
2010-08-17 05:00:00,-3.102638,0,0
2010-08-17 06:00:00,-3.1523926,0,0
2010-08-17 07:00:00,-3.157035,0,0
2010-08-17 08:00:00,-3.104851,0,0
2010-08-17 09:00:00,-2.6934245,0,0
2010-08-17 10:00:00,-2.313897,0,0
2010-08-17 11:00:00,-2.056346,0,0
2010-08-17 12:00:00,-1.9640276,0,0
2010-08-17 13:00:00,-1.8997937,0,0
2010-08-17 14:00:00,-1.7959425,0,0
2010-08-17 15:00:00,-1.7813388,0,0
2010-08-17 16:00:00,-1.8159323,0,0
2010-08-17 17:00:00,-1.8315332,0,0
2010-08-17 18:00:00,-2.0904443,0,0
2010-08-17 19:00:00,-2.2662082,0,0
2010-08-17 20:00:00,-2.3661478,0,0
2010-08-17 21:00:00,-2.516402,0,0
2010-08-17 22:00:00,-2.6268675,0,0
2010-08-17 23:00:00,-2.7069404,0,0
2010-08-18 00:00:00,-2.786134,0,0
2010-08-18 01:00:00,-2.8451135,0,0
2010-08-18 02:00:00,-2.8597584,0,0
2010-08-18 03:00:00,-2.859684,0,0
2010-08-18 04:00:00,-2.855069,0,0
2010-08-18 05:00:00,-2.8369975,0,0
2010-08-18 06:00:00,-2.844736,0,0
2010-08-18 07:00:00,-2.8341687,0,0
2010-08-18 08:00:00,-2.7622337,0,0
2010-08-18 09:00:00,-2.573247,0,0
2010-08-18 10:00:00,-2.4225519,0,0
2010-08-18 11:00:00,-2.2353878,0,0
2010-08-18 12:00:00,-1.9901289,0,0
2010-08-18 13:00:00,-1.8480233,0,0
2010-08-18 14:00:00,-1.671596,0,0
2010-08-18 15:00:00,-1.6956942,0,0
2010-08-18 16:00:00,-1.796662,0,0
2010-08-18 17:00:00,-1.8127862,0,0
2010-08-18 18:00:00,-1.7763689,0,0
2010-08-18 19:00:00,-1.6937423,0,0
2010-08-18 20:00:00,-1.6309355,0,0
2010-08-18 21:00:00,-1.6222482,0,0
2010-08-18 22:00:00,-1.6046501,0,0
2010-08-18 23:00:00,-1.5808494,0,0
2010-08-19 00:00:00,-1.5879265,0,0
2010-08-19 01:00:00,-1.6121163,0,0
2010-08-19 02:00:00,-1.641726,0,0
2010-08-19 03:00:00,-1.6724333,0,0
2010-08-19 04:00:00,-1.6847595,0,0
2010-08-19 05:00:00,-1.7410161,0,0
2010-08-19 06:00:00,-1.7835121,0,0
2010-08-19 07:00:00,-1.7280452,0,0
2010-08-19 08:00:00,-1.7211338,0,0
2010-08-19 09:00:00,-1.6208001,0,0
2010-08-19 10:00:00,-1.5916755,0,0
2010-08-19 11:00:00,-1.4692204,0,0
2010-08-19 12:00:00,-1.3666769,0,0
2010-08-19 13:00:00,-1.4481528,0,0
2010-08-19 14:00:00,-1.5075748,0,0
2010-08-19 15:00:00,-1.5014013,0,0
2010-08-19 16:00:00,-1.5010476,0,0
2010-08-19 17:00:00,-1.5084206,0,0
2010-08-19 18:00:00,-1.6753535,0,0
2010-08-19 19:00:00,-1.8073585,0,0
2010-08-19 20:00:00,-1.9694482,0,0
2010-08-19 21:00:00,-2.127094,0,0
2010-08-19 22:00:00,-2.3933096,0,0
2010-08-19 23:00:00,-2.6660378,0,0
2010-08-20 00:00:00,-2.892294,0,0
2010-08-20 01:00:00,-3.013909,0,0
2010-08-20 02:00:00,-3.0407422,0,0
2010-08-20 03:00:00,-3.0935242,0,0
2010-08-20 04:00:00,-3.1579187,0,0
2010-08-20 05:00:00,-3.1095445,0,0
2010-08-20 06:00:00,-3.1085958,0,0
2010-08-20 07:00:00,-3.1227138,0,0
2010-08-20 08:00:00,-3.0145824,0,0
2010-08-20 09:00:00,-2.773577,0,0
2010-08-20 10:00:00,-2.5083666,0,0
2010-08-20 11:00:00,-2.3699033,0,0
2010-08-20 12:00:00,-2.1489756,0,0
2010-08-20 13:00:00,-2.122196,0,0
2010-08-20 14:00:00,-1.9881282,0,0
2010-08-20 15:00:00,-1.8580017,0,0
2010-08-20 16:00:00,-1.8155403,0,0
2010-08-20 17:00:00,-1.8721842,0,0
2010-08-20 18:00:00,-1.9810222,0,0
2010-08-20 19:00:00,-2.0841482,0,0
2010-08-20 20:00:00,-2.1601157,0,0
2010-08-20 21:00:00,-2.2345924,0,0
2010-08-20 22:00:00,-2.369733,0,0
2010-08-20 23:00:00,-2.4529023,0,0
2010-08-21 00:00:00,-2.5360715,1,0
2010-08-21 01:00:00,-2.5763507,1,0
2010-08-21 02:00:00,-2.6602561,1,0
2010-08-21 03:00:00,-2.7085714,1,0
2010-08-21 04:00:00,-2.7086732,1,0
2010-08-21 05:00:00,-2.7171946,1,0
2010-08-21 06:00:00,-2.7162461,1,0
2010-08-21 07:00:00,-2.700407,1,0
2010-08-21 08:00:00,-2.581356,1,0
2010-08-21 09:00:00,-2.293618,1,0
2010-08-21 10:00:00,-2.1849353,1,0
2010-08-21 11:00:00,-2.0587342,1,0
2010-08-21 12:00:00,-1.9660791,1,0
2010-08-21 13:00:00,-1.8619771,1,0
2010-08-21 14:00:00,-1.7877082,1,0
2010-08-21 15:00:00,-1.6463853,1,0
2010-08-21 16:00:00,-1.5651408,1,0
2010-08-21 17:00:00,-1.4675447,1,0
2010-08-21 18:00:00,-1.6698638,1,0
2010-08-21 19:00:00,-1.8792133,1,0
2010-08-21 20:00:00,-2.101962,1,0
2010-08-21 21:00:00,-2.175879,1,0
2010-08-21 22:00:00,-2.361158,1,0
2010-08-21 23:00:00,-2.472109,1,0
2010-08-22 00:00:00,-2.55345,1,0
2010-08-22 01:00:00,-2.6206317,1,0
2010-08-22 02:00:00,-2.6988714,1,0
2010-08-22 03:00:00,-2.7683718,1,0
2010-08-22 04:00:00,-2.8229814,1,0
2010-08-22 05:00:00,-2.8392887,1,0
2010-08-22 06:00:00,-2.8611872,1,0
2010-08-22 07:00:00,-2.8969254,1,0
2010-08-22 08:00:00,-2.7542498,1,0
2010-08-22 09:00:00,-2.3194213,1,0
2010-08-22 10:00:00,-1.8678347,1,0
2010-08-22 11:00:00,-1.4876455,1,0
2010-08-22 12:00:00,-1.3352627,1,0
2010-08-22 13:00:00,-1.2709336,1,0
2010-08-22 14:00:00,-1.2833933,1,0
2010-08-22 15:00:00,-1.3055564,1,0
2010-08-22 16:00:00,-1.354679,1,0
2010-08-22 17:00:00,-1.4593273,1,0
2010-08-22 18:00:00,-1.7352711,1,0
2010-08-22 19:00:00,-1.9401593,1,0
2010-08-22 20:00:00,-2.084119,1,0
2010-08-22 21:00:00,-2.1873364,1,0
2010-08-22 22:00:00,-2.2803752,1,0
2010-08-22 23:00:00,-2.347391,1,0
2010-08-23 00:00:00,-2.3984137,0,0
2010-08-23 01:00:00,-2.4414055,0,0
2010-08-23 02:00:00,-2.507319,0,0
2010-08-23 03:00:00,-2.5372484,0,0
2010-08-23 04:00:00,-2.553338,0,0
2010-08-23 05:00:00,-2.6766376,0,0
2010-08-23 06:00:00,-2.718579,0,0
2010-08-23 07:00:00,-2.755762,0,0
2010-08-23 08:00:00,-2.6394234,0,0
2010-08-23 09:00:00,-2.2414477,0,0
2010-08-23 10:00:00,-1.8998758,0,0
2010-08-23 11:00:00,-1.5820078,0,0
2010-08-23 12:00:00,-1.4260432,0,0
2010-08-23 13:00:00,-1.4202601,0,0
2010-08-23 14:00:00,-1.4160533,0,0
2010-08-23 15:00:00,-1.3606488,0,0
2010-08-23 16:00:00,-1.3076475,0,0
2010-08-23 17:00:00,-1.4157444,0,0
2010-08-23 18:00:00,-1.6085294,0,0
2010-08-23 19:00:00,-1.7808827,0,0
2010-08-23 20:00:00,-1.8637893,0,0
2010-08-23 21:00:00,-1.9019729,0,0
2010-08-23 22:00:00,-1.9202844,0,0
2010-08-23 23:00:00,-1.9924005,0,0
2010-08-24 00:00:00,-1.9982146,0,0
2010-08-24 01:00:00,-1.9914572,0,0
2010-08-24 02:00:00,-1.9525479,0,0
2010-08-24 03:00:00,-1.9123707,0,0
2010-08-24 04:00:00,-1.9061728,0,0
2010-08-24 05:00:00,-1.8458611,0,0
2010-08-24 06:00:00,-1.9068345,0,0
2010-08-24 07:00:00,-2.11447,0,0
2010-08-24 08:00:00,-2.1498144,0,0
2010-08-24 09:00:00,-2.0620644,0,0
2010-08-24 10:00:00,-1.8780363,0,0
2010-08-24 11:00:00,-1.8497186,0,0
2010-08-24 12:00:00,-1.8160328,0,0
2010-08-24 13:00:00,-1.7012442,0,0
2010-08-24 14:00:00,-1.5874994,0,0
2010-08-24 15:00:00,-1.5539019,0,0
2010-08-24 16:00:00,-1.5325253,0,0
2010-08-24 17:00:00,-1.7583895,0,0
2010-08-24 18:00:00,-1.766063,0,0
2010-08-24 19:00:00,-1.812426,0,0
2010-08-24 20:00:00,-2.1074,0,0
2010-08-24 21:00:00,-2.3309486,0,0
2010-08-24 22:00:00,-2.5372086,0,0
2010-08-24 23:00:00,-2.765127,0,0
2010-08-25 00:00:00,-2.8947732,0,0
2010-08-25 01:00:00,-3.0120187,0,0
2010-08-25 02:00:00,-3.1236732,0,0
2010-08-25 03:00:00,-3.2291293,0,0
2010-08-25 04:00:00,-3.3002918,0,0
2010-08-25 05:00:00,-3.3554718,0,0
2010-08-25 06:00:00,-3.4173348,0,0
2010-08-25 07:00:00,-3.4499772,0,0
2010-08-25 08:00:00,-3.3083515,0,0
2010-08-25 09:00:00,-3.0438547,0,0
2010-08-25 10:00:00,-2.7744973,0,0
2010-08-25 11:00:00,-2.6629071,0,0
2010-08-25 12:00:00,-2.5006082,0,0
2010-08-25 13:00:00,-2.2985003,0,0
2010-08-25 14:00:00,-2.2133543,0,0
2010-08-25 15:00:00,-2.189799,0,0
2010-08-25 16:00:00,-2.1393929,0,0
2010-08-25 17:00:00,-2.1827564,0,0
2010-08-25 18:00:00,-2.2517734,0,0
2010-08-25 19:00:00,-2.3012602,0,0
2010-08-25 20:00:00,-2.3832078,0,0
2010-08-25 21:00:00,-2.5239816,0,0
2010-08-25 22:00:00,-2.7074273,0,0
2010-08-25 23:00:00,-2.8690765,0,0
2010-08-26 00:00:00,-2.9773145,0,0
2010-08-26 01:00:00,-3.0381222,0,0
2010-08-26 02:00:00,-3.12798,0,0
2010-08-26 03:00:00,-3.1310067,0,0
2010-08-26 04:00:00,-3.1122375,0,0
2010-08-26 05:00:00,-3.0190432,0,0
2010-08-26 06:00:00,-3.0151644,0,0
2010-08-26 07:00:00,-2.9955153,0,0
2010-08-26 08:00:00,-2.8510804,0,0
2010-08-26 09:00:00,-2.6739686,0,0
2010-08-26 10:00:00,-2.54755,0,0
2010-08-26 11:00:00,-2.4106898,0,0
2010-08-26 12:00:00,-2.2913363,0,0
2010-08-26 13:00:00,-2.2525432,0,0
2010-08-26 14:00:00,-2.0837545,0,0
2010-08-26 15:00:00,-2.037143,0,0
2010-08-26 16:00:00,-2.0125837,0,0
2010-08-26 17:00:00,-1.8915423,0,0
2010-08-26 18:00:00,-2.0751612,0,0
2010-08-26 19:00:00,-2.1878955,0,0
2010-08-26 20:00:00,-2.2675245,0,0
2010-08-26 21:00:00,-2.3554523,0,0
2010-08-26 22:00:00,-2.3414412,0,0
2010-08-26 23:00:00,-2.3123963,0,0
2010-08-27 00:00:00,-2.2179668,0,0
2010-08-27 01:00:00,-2.1906168,0,0
2010-08-27 02:00:00,-2.3205085,0,0
2010-08-27 03:00:00,-2.4372633,0,0
2010-08-27 04:00:00,-2.5620492,0,0
2010-08-27 05:00:00,-2.6361368,0,0
2010-08-27 06:00:00,-2.6853266,0,0
2010-08-27 07:00:00,-2.7550445,0,0
2010-08-27 08:00:00,-2.6452978,0,0
2010-08-27 09:00:00,-2.4271863,0,0
2010-08-27 10:00:00,-2.3113453,0,0
2010-08-27 11:00:00,-2.1035488,0,0
2010-08-27 12:00:00,-1.957806,0,0
2010-08-27 13:00:00,-1.8537368,0,0
2010-08-27 14:00:00,-1.785453,0,0
2010-08-27 15:00:00,-1.8157436,0,0
2010-08-27 16:00:00,-1.8943691,0,0
2010-08-27 17:00:00,-1.9233416,0,0
2010-08-27 18:00:00,-2.0664358,0,0
2010-08-27 19:00:00,-2.2100534,0,0
2010-08-27 20:00:00,-2.3033097,0,0
2010-08-27 21:00:00,-2.4181452,0,0
2010-08-27 22:00:00,-2.4753659,0,0
2010-08-27 23:00:00,-2.5187466,0,0
2010-08-28 00:00:00,-2.549241,1,0
2010-08-28 01:00:00,-2.480504,1,0
2010-08-28 02:00:00,-2.4792411,1,0
2010-08-28 03:00:00,-2.4993858,1,0
2010-08-28 04:00:00,-2.5468218,1,0
2010-08-28 05:00:00,-2.5382311,1,0
2010-08-28 06:00:00,-2.5418231,1,0
2010-08-28 07:00:00,-2.620137,1,0
2010-08-28 08:00:00,-2.4411628,1,0
2010-08-28 09:00:00,-2.0802217,1,0
2010-08-28 10:00:00,-1.8341799,1,0
2010-08-28 11:00:00,-1.6940802,1,0
2010-08-28 12:00:00,-1.5059795,1,0
2010-08-28 13:00:00,-1.4289511,1,0
2010-08-28 14:00:00,-1.3348844,1,0
2010-08-28 15:00:00,-1.2855929,1,0
2010-08-28 16:00:00,-1.3328873,1,0
2010-08-28 17:00:00,-1.2927122,1,0
2010-08-28 18:00:00,-1.3984956,1,0
2010-08-28 19:00:00,-1.4720063,1,0
2010-08-28 20:00:00,-1.5033631,1,0
2010-08-28 21:00:00,-1.5698745,1,0
2010-08-28 22:00:00,-1.6203842,1,0
2010-08-28 23:00:00,-1.8235117,1,0
2010-08-29 00:00:00,-2.0285175,1,0
2010-08-29 01:00:00,-2.2241461,1,0
2010-08-29 02:00:00,-2.2891057,1,0
2010-08-29 03:00:00,-2.3633642,1,0
2010-08-29 04:00:00,-2.4681125,1,0
2010-08-29 05:00:00,-2.6120648,1,0
2010-08-29 06:00:00,-2.627275,1,0
2010-08-29 07:00:00,-2.6689935,1,0
2010-08-29 08:00:00,-2.4587004,1,0
2010-08-29 09:00:00,-2.0318837,1,0
2010-08-29 10:00:00,-1.6751258,1,0
2010-08-29 11:00:00,-1.352883,1,0
2010-08-29 12:00:00,-1.2752843,1,0
2010-08-29 13:00:00,-1.183132,1,0
2010-08-29 14:00:00,-1.1635886,1,0
2010-08-29 15:00:00,-1.2026657,1,0
2010-08-29 16:00:00,-1.26163,1,0
2010-08-29 17:00:00,-1.3104745,1,0
2010-08-29 18:00:00,-1.4910765,1,0
2010-08-29 19:00:00,-1.6595923,1,0
2010-08-29 20:00:00,-1.7337596,1,0
2010-08-29 21:00:00,-1.886241,1,0
2010-08-29 22:00:00,-2.0900683,1,0
2010-08-29 23:00:00,-2.2867994,1,0
2010-08-30 00:00:00,-2.4467723,0,0
2010-08-30 01:00:00,-2.53588,0,0
2010-08-30 02:00:00,-2.6731684,0,0
2010-08-30 03:00:00,-2.8082347,0,0
2010-08-30 04:00:00,-2.7865121,0,0
2010-08-30 05:00:00,-2.6610975,0,0
2010-08-30 06:00:00,-2.7571528,0,0
2010-08-30 07:00:00,-2.9290774,0,0
2010-08-30 08:00:00,-2.6615827,0,0
2010-08-30 09:00:00,-2.1158206,0,0
2010-08-30 10:00:00,-1.7560474,0,0
2010-08-30 11:00:00,-1.5628651,0,0
2010-08-30 12:00:00,-1.3924886,0,0
2010-08-30 13:00:00,-1.2419893,0,0
2010-08-30 14:00:00,-1.0703394,0,0
2010-08-30 15:00:00,-1.0485345,0,0
2010-08-30 16:00:00,-1.0046755,0,0
2010-08-30 17:00:00,-0.9474034,0,0
2010-08-30 18:00:00,-1.2059997,0,0
2010-08-30 19:00:00,-1.3589166,0,0
2010-08-30 20:00:00,-1.4674523,0,0
2010-08-30 21:00:00,-1.5931971,0,0
2010-08-30 22:00:00,-1.7022182,0,0
2010-08-30 23:00:00,-1.7825038,0,0
2010-08-31 00:00:00,-1.8889087,0,0
2010-08-31 01:00:00,-1.9536923,0,0
2010-08-31 02:00:00,-1.980738,0,0
2010-08-31 03:00:00,-1.9973873,0,0
2010-08-31 04:00:00,-2.0297098,0,0
2010-08-31 05:00:00,-2.0936136,0,0
2010-08-31 06:00:00,-2.165336,0,0
2010-08-31 07:00:00,-2.224172,0,0
2010-08-31 08:00:00,-2.1013162,0,0
2010-08-31 09:00:00,-1.8503499,0,0
2010-08-31 10:00:00,-1.5535529,0,0
2010-08-31 11:00:00,-1.2960591,0,0
2010-08-31 12:00:00,-1.2019976,0,0
2010-08-31 13:00:00,-1.2385017,0,0
2010-08-31 14:00:00,-1.2860587,0,0
2010-08-31 15:00:00,-1.3687842,0,0
2010-08-31 16:00:00,-1.3970015,0,0
2010-08-31 17:00:00,-1.4112025,0,0
2010-08-31 18:00:00,-1.426316,0,0
2010-08-31 19:00:00,-1.4322097,0,0
2010-08-31 20:00:00,-1.4430054,0,0
2010-08-31 21:00:00,-1.4431487,0,0
2010-08-31 22:00:00,-1.3841001,0,0
2010-08-31 23:00:00,-1.3357949,0,0
2010-09-01 00:00:00,-1.2920308,0,0
2010-09-01 01:00:00,-1.2571769,0,0
2010-09-01 02:00:00,-1.2338028,0,0
2010-09-01 03:00:00,-1.2173675,0,0
2010-09-01 04:00:00,-1.2480798,0,0
2010-09-01 05:00:00,-1.291317,0,0
2010-09-01 06:00:00,-1.3136786,0,0
2010-09-01 07:00:00,-1.3325499,0,0
2010-09-01 08:00:00,-1.3249129,0,0
2010-09-01 09:00:00,-1.2382587,0,0
2010-09-01 10:00:00,-1.1454014,0,0
2010-09-01 11:00:00,-1.0131495,0,0
2010-09-01 12:00:00,-0.938108,0,0
2010-09-01 13:00:00,-0.932071,0,0
2010-09-01 14:00:00,-0.95476943,0,0
2010-09-01 15:00:00,-0.9755156,0,0
2010-09-01 16:00:00,-0.9685179,0,0
2010-09-01 17:00:00,-1.0578797,0,0
2010-09-01 18:00:00,-1.1640172,0,0
2010-09-01 19:00:00,-1.3192009,0,0
2010-09-01 20:00:00,-1.5251791,0,0
2010-09-01 21:00:00,-1.6276084,0,0
2010-09-01 22:00:00,-1.7460257,0,0
2010-09-01 23:00:00,-1.8646137,0,0
2010-09-02 00:00:00,-1.9929916,0,0
2010-09-02 01:00:00,-2.032882,0,0
2010-09-02 02:00:00,-2.1115105,0,0
2010-09-02 03:00:00,-2.0571043,0,0
2010-09-02 04:00:00,-2.0470743,0,0
2010-09-02 05:00:00,-2.029573,0,0
2010-09-02 06:00:00,-2.1143992,0,0
2010-09-02 07:00:00,-2.0218616,0,0
2010-09-02 08:00:00,-1.8795223,0,0
2010-09-02 09:00:00,-1.7928973,0,0
2010-09-02 10:00:00,-1.765848,0,0
2010-09-02 11:00:00,-1.6355673,0,0
2010-09-02 12:00:00,-1.600589,0,0
2010-09-02 13:00:00,-1.5954952,0,0
2010-09-02 14:00:00,-1.6508845,0,0
2010-09-02 15:00:00,-1.7916028,0,0
2010-09-02 16:00:00,-1.9495822,0,0
2010-09-02 17:00:00,-1.8862281,0,0
2010-09-02 18:00:00,-2.0115914,0,0
2010-09-02 19:00:00,-2.0789564,0,0
2010-09-02 20:00:00,-2.1028197,0,0
2010-09-02 21:00:00,-2.153927,0,0
2010-09-02 22:00:00,-2.2111583,0,0
2010-09-02 23:00:00,-2.3535388,0,0
2010-09-03 00:00:00,-2.5657165,0,0
2010-09-03 01:00:00,-2.8370764,0,0
2010-09-03 02:00:00,-3.0429661,0,0
2010-09-03 03:00:00,-3.1191602,0,0
2010-09-03 04:00:00,-3.1737752,0,0
2010-09-03 05:00:00,-3.1673422,0,0
2010-09-03 06:00:00,-3.1955678,0,0
2010-09-03 07:00:00,-3.218227,0,0
2010-09-03 08:00:00,-2.8480434,0,0
2010-09-03 09:00:00,-2.3541672,0,0
2010-09-03 10:00:00,-2.0063474,0,0
2010-09-03 11:00:00,-1.5557562,0,0
2010-09-03 12:00:00,-1.054536,0,0
2010-09-03 13:00:00,-0.6538672,0,0
2010-09-03 14:00:00,-0.4708487,0,0
2010-09-03 15:00:00,-0.37212938,0,0
2010-09-03 16:00:00,-0.3110094,0,0
2010-09-03 17:00:00,-0.40392914,0,0
2010-09-03 18:00:00,-0.61601585,0,0
2010-09-03 19:00:00,-0.81587785,0,0
2010-09-03 20:00:00,-0.95297825,0,0
2010-09-03 21:00:00,-0.9873517,0,0
2010-09-03 22:00:00,-0.89561087,0,0
2010-09-03 23:00:00,-0.83215964,0,0
2010-09-04 00:00:00,-0.7416628,1,0
2010-09-04 01:00:00,-0.65757257,1,0
2010-09-04 02:00:00,-0.5720758,1,0
2010-09-04 03:00:00,-0.540574,1,0
2010-09-04 04:00:00,-0.5171999,1,0
2010-09-04 05:00:00,-0.4831288,1,0
2010-09-04 06:00:00,-0.43155125,1,0
2010-09-04 07:00:00,-0.37328544,1,0
2010-09-04 08:00:00,-0.25797495,1,0
2010-09-04 09:00:00,-0.1259409,1,0
2010-09-04 10:00:00,0.025747309,1,0
2010-09-04 11:00:00,0.2358723,1,0
2010-09-04 12:00:00,0.41294938,1,0
2010-09-04 13:00:00,0.26784083,1,0
2010-09-04 14:00:00,0.07874508,1,0
2010-09-04 15:00:00,-0.081481956,1,0
2010-09-04 16:00:00,-0.37872455,1,0
2010-09-04 17:00:00,-0.31315002,1,0
2010-09-04 18:00:00,-0.3852559,1,0
2010-09-04 19:00:00,-0.5909147,1,0
2010-09-04 20:00:00,-0.7186311,1,0
2010-09-04 21:00:00,-0.7874697,1,0
2010-09-04 22:00:00,-0.817959,1,0
2010-09-04 23:00:00,-0.83372897,1,0
2010-09-05 00:00:00,-0.9884337,1,0
2010-09-05 01:00:00,-1.3543041,1,0
2010-09-05 02:00:00,-1.4391164,1,0
2010-09-05 03:00:00,-1.4651548,1,0
2010-09-05 04:00:00,-1.6041001,1,0
2010-09-05 05:00:00,-1.6843113,1,0
2010-09-05 06:00:00,-1.7302285,1,0
2010-09-05 07:00:00,-1.7260072,1,0
2010-09-05 08:00:00,-1.6821686,1,0
2010-09-05 09:00:00,-1.5388707,1,0
2010-09-05 10:00:00,-1.40586,1,0
2010-09-05 11:00:00,-1.2862091,1,0
2010-09-05 12:00:00,-1.1816665,1,0
2010-09-05 13:00:00,-1.1095779,1,0
2010-09-05 14:00:00,-1.1043704,1,0
2010-09-05 15:00:00,-1.0686266,1,0
2010-09-05 16:00:00,-1.0680169,1,0
2010-09-05 17:00:00,-1.0141191,1,0
2010-09-05 18:00:00,-1.2014422,1,0
2010-09-05 19:00:00,-1.3285073,1,0
2010-09-05 20:00:00,-1.5022204,1,0
2010-09-05 21:00:00,-1.6281136,1,0
2010-09-05 22:00:00,-1.7587187,1,0
2010-09-05 23:00:00,-1.8746046,1,0
2010-09-06 00:00:00,-1.926289,0,0
2010-09-06 01:00:00,-2.0154436,0,0
2010-09-06 02:00:00,-2.0082972,0,0
2010-09-06 03:00:00,-1.9717118,0,0
2010-09-06 04:00:00,-1.9821633,0,0
2010-09-06 05:00:00,-2.0849018,0,0
2010-09-06 06:00:00,-2.1832762,0,0
2010-09-06 07:00:00,-2.3340104,0,0
2010-09-06 08:00:00,-2.2109091,0,0
2010-09-06 09:00:00,-2.035152,0,0
2010-09-06 10:00:00,-1.877461,0,0
2010-09-06 11:00:00,-1.7113383,0,0
2010-09-06 12:00:00,-1.4880745,0,0
2010-09-06 13:00:00,-1.3168341,0,0
2010-09-06 14:00:00,-1.1959552,0,0
2010-09-06 15:00:00,-1.2274674,0,0
2010-09-06 16:00:00,-1.4220284,0,0
2010-09-06 17:00:00,-1.4580438,0,0
2010-09-06 18:00:00,-1.5817171,0,0
2010-09-06 19:00:00,-1.7640263,0,0
2010-09-06 20:00:00,-1.8685169,0,0
2010-09-06 21:00:00,-1.927011,0,0
2010-09-06 22:00:00,-2.0732098,0,0
2010-09-06 23:00:00,-2.185429,0,0
2010-09-07 00:00:00,-2.2939818,0,0
2010-09-07 01:00:00,-2.4437678,0,0
2010-09-07 02:00:00,-2.5292556,0,0
2010-09-07 03:00:00,-2.6321757,0,0
2010-09-07 04:00:00,-2.6660862,0,0
2010-09-07 05:00:00,-2.5011055,0,0
2010-09-07 06:00:00,-2.4908576,0,0
2010-09-07 07:00:00,-2.5469067,0,0
2010-09-07 08:00:00,-2.1906154,0,0
2010-09-07 09:00:00,-1.6745282,0,0
2010-09-07 10:00:00,-1.5625855,0,0
2010-09-07 11:00:00,-1.4364067,0,0
2010-09-07 12:00:00,-1.2708955,0,0
2010-09-07 13:00:00,-1.2172292,0,0
2010-09-07 14:00:00,-1.1409439,0,0
2010-09-07 15:00:00,-1.1584473,0,0
2010-09-07 16:00:00,-1.2054862,0,0
2010-09-07 17:00:00,-1.1453941,0,0
2010-09-07 18:00:00,-1.2524561,0,0
2010-09-07 19:00:00,-1.471898,0,0
2010-09-07 20:00:00,-1.6870618,0,0
2010-09-07 21:00:00,-1.8313359,0,0
2010-09-07 22:00:00,-2.0226002,0,0
2010-09-07 23:00:00,-2.2171092,0,0
2010-09-08 00:00:00,-2.411276,0,0
2010-09-08 01:00:00,-2.658636,0,0
2010-09-08 02:00:00,-2.963507,0,0
2010-09-08 03:00:00,-3.2146194,0,0
2010-09-08 04:00:00,-3.431535,0,0
2010-09-08 05:00:00,-3.5729005,0,0
2010-09-08 06:00:00,-3.6897573,0,0
2010-09-08 07:00:00,-3.706875,0,0
2010-09-08 08:00:00,-2.9564753,0,0
2010-09-08 09:00:00,-2.1799557,0,0
2010-09-08 10:00:00,-1.6868284,0,0
2010-09-08 11:00:00,-1.3924035,0,0
2010-09-08 12:00:00,-1.2299736,0,0
2010-09-08 13:00:00,-1.1061951,0,0
2010-09-08 14:00:00,-1.019332,0,0
2010-09-08 15:00:00,-1.0463055,0,0
2010-09-08 16:00:00,-1.0359803,0,0
2010-09-08 17:00:00,-1.0856681,0,0
2010-09-08 18:00:00,-1.3554555,0,0
2010-09-08 19:00:00,-1.5167179,0,0
2010-09-08 20:00:00,-1.5675906,0,0
2010-09-08 21:00:00,-1.5925459,0,0
2010-09-08 22:00:00,-1.6448838,0,0
2010-09-08 23:00:00,-1.657775,0,0
2010-09-09 00:00:00,-1.6844319,0,0
2010-09-09 01:00:00,-1.6585801,0,0
2010-09-09 02:00:00,-1.6214991,0,0
2010-09-09 03:00:00,-1.6078302,0,0
2010-09-09 04:00:00,-1.5676476,0,0
2010-09-09 05:00:00,-1.5245866,0,0
2010-09-09 06:00:00,-1.5073307,0,0
2010-09-09 07:00:00,-1.517371,0,0
2010-09-09 08:00:00,-1.3618782,0,0
2010-09-09 09:00:00,-1.0671372,0,0
2010-09-09 10:00:00,-0.78854996,0,0
2010-09-09 11:00:00,-0.53798467,0,0
2010-09-09 12:00:00,-0.382504,0,0
2010-09-09 13:00:00,-0.1909477,0,0
2010-09-09 14:00:00,0.0011214067,0,0
2010-09-09 15:00:00,0.11859676,0,0
2010-09-09 16:00:00,0.030869018,0,0
2010-09-09 17:00:00,-0.34286326,0,0
2010-09-09 18:00:00,-0.51193875,0,0
2010-09-09 19:00:00,-0.5645792,0,0
2010-09-09 20:00:00,-0.5879518,0,0
2010-09-09 21:00:00,-0.57018787,0,0
2010-09-09 22:00:00,-0.6010711,0,0
2010-09-09 23:00:00,-0.6824399,0,0
2010-09-10 00:00:00,-0.7062461,0,0
2010-09-10 01:00:00,-0.7340277,0,0
2010-09-10 02:00:00,-0.94000614,0,0
2010-09-10 03:00:00,-1.050781,0,0
2010-09-10 04:00:00,-1.0890559,0,0
2010-09-10 05:00:00,-1.1155227,0,0
2010-09-10 06:00:00,-1.276916,0,0
2010-09-10 07:00:00,-1.3602563,0,0
2010-09-10 08:00:00,-1.4259139,0,0
2010-09-10 09:00:00,-1.4179692,0,0
2010-09-10 10:00:00,-1.2760533,0,0
2010-09-10 11:00:00,-1.172713,0,0
2010-09-10 12:00:00,-1.1767112,0,0
2010-09-10 13:00:00,-1.2057165,0,0
2010-09-10 14:00:00,-1.197608,0,0
2010-09-10 15:00:00,-1.1301239,0,0
2010-09-10 16:00:00,-1.1432279,0,0
2010-09-10 17:00:00,-1.1689659,0,0
2010-09-10 18:00:00,-1.3223631,0,0
2010-09-10 19:00:00,-1.521363,0,0
2010-09-10 20:00:00,-1.6961265,0,0
2010-09-10 21:00:00,-1.8549023,0,0
2010-09-10 22:00:00,-1.9880438,0,0
2010-09-10 23:00:00,-2.0971668,0,0
2010-09-11 00:00:00,-2.1399875,1,0
2010-09-11 01:00:00,-2.156077,1,0
2010-09-11 02:00:00,-2.2430093,1,0
2010-09-11 03:00:00,-2.3050904,1,0
2010-09-11 04:00:00,-2.3673422,1,0
2010-09-11 05:00:00,-2.4272015,1,0
2010-09-11 06:00:00,-2.4374819,1,0
2010-09-11 07:00:00,-2.4702952,1,0
2010-09-11 08:00:00,-2.1055734,1,0
2010-09-11 09:00:00,-1.6575736,1,0
2010-09-11 10:00:00,-1.3574473,1,0
2010-09-11 11:00:00,-1.2365644,1,0
2010-09-11 12:00:00,-1.1524259,1,0
2010-09-11 13:00:00,-1.081305,1,0
2010-09-11 14:00:00,-0.9965101,1,0
2010-09-11 15:00:00,-0.93343055,1,0
2010-09-11 16:00:00,-0.7860086,1,0
2010-09-11 17:00:00,-0.80307645,1,0
2010-09-11 18:00:00,-1.0007441,1,0
2010-09-11 19:00:00,-1.2070717,1,0
2010-09-11 20:00:00,-1.3315951,1,0
2010-09-11 21:00:00,-1.4233601,1,0
2010-09-11 22:00:00,-1.5345618,1,0
2010-09-11 23:00:00,-1.6232308,1,0
2010-09-12 00:00:00,-1.726619,1,0
2010-09-12 01:00:00,-1.8054237,1,0
2010-09-12 02:00:00,-1.8453141,1,0
2010-09-12 03:00:00,-1.9092232,1,0
2010-09-12 04:00:00,-1.994711,1,0
2010-09-12 05:00:00,-2.0168276,1,0
2010-09-12 06:00:00,-2.0447059,1,0
2010-09-12 07:00:00,-2.1164281,1,0
2010-09-12 08:00:00,-1.8757839,1,0
2010-09-12 09:00:00,-1.5358464,1,0
2010-09-12 10:00:00,-1.3290229,1,0
2010-09-12 11:00:00,-1.067325,1,0
2010-09-12 12:00:00,-0.9053908,1,0
2010-09-12 13:00:00,-0.88034606,1,0
2010-09-12 14:00:00,-0.8145452,1,0
2010-09-12 15:00:00,-0.7657392,1,0
2010-09-12 16:00:00,-0.79529905,1,0
2010-09-12 17:00:00,-0.9163878,1,0
2010-09-12 18:00:00,-1.0963728,1,0
2010-09-12 19:00:00,-1.2149162,1,0
2010-09-12 20:00:00,-1.341055,1,0
2010-09-12 21:00:00,-1.370328,1,0
2010-09-12 22:00:00,-1.411955,1,0
2010-09-12 23:00:00,-1.4904451,1,0
2010-09-13 00:00:00,-1.520454,0,0
2010-09-13 01:00:00,-1.5796841,0,0
2010-09-13 02:00:00,-1.6279997,0,0
2010-09-13 03:00:00,-1.6817352,0,0
2010-09-13 04:00:00,-1.738567,0,0
2010-09-13 05:00:00,-1.8451103,0,0
2010-09-13 06:00:00,-1.9153138,0,0
2010-09-13 07:00:00,-1.9041864,0,0
2010-09-13 08:00:00,-1.6371187,0,0
2010-09-13 09:00:00,-1.2673466,0,0
2010-09-13 10:00:00,-1.111185,0,0
2010-09-13 11:00:00,-1.0621991,0,0
2010-09-13 12:00:00,-1.0609531,0,0
2010-09-13 13:00:00,-0.95876205,0,0
2010-09-13 14:00:00,-0.9158323,0,0
2010-09-13 15:00:00,-1.0620848,0,0
2010-09-13 16:00:00,-1.2708019,0,0
2010-09-13 17:00:00,-1.2992942,0,0
2010-09-13 18:00:00,-1.5399625,0,0
2010-09-13 19:00:00,-1.7084455,0,0
2010-09-13 20:00:00,-1.8149027,0,0
2010-09-13 21:00:00,-1.8930508,0,0
2010-09-13 22:00:00,-1.9397937,0,0
2010-09-13 23:00:00,-2.0763981,0,0
2010-09-14 00:00:00,-2.1539452,0,0
2010-09-14 01:00:00,-2.273541,0,0
2010-09-14 02:00:00,-2.3768325,0,0
2010-09-14 03:00:00,-2.5052402,0,0
2010-09-14 04:00:00,-2.6394095,0,0
2010-09-14 05:00:00,-3.1779156,0,0
2010-09-14 06:00:00,-3.3683226,0,0
2010-09-14 07:00:00,-3.3818011,0,0
2010-09-14 08:00:00,-2.6963072,0,0
2010-09-14 09:00:00,-2.1770113,0,0
2010-09-14 10:00:00,-1.9810401,0,0
2010-09-14 11:00:00,-1.763523,0,0
2010-09-14 12:00:00,-1.531024,0,0
2010-09-14 13:00:00,-1.3113197,0,0
2010-09-14 14:00:00,-1.1826965,0,0
2010-09-14 15:00:00,-1.1714917,0,0
2010-09-14 16:00:00,-1.2894945,0,0
2010-09-14 17:00:00,-1.4832473,0,0
2010-09-14 18:00:00,-1.6999094,0,0
2010-09-14 19:00:00,-1.8869151,0,0
2010-09-14 20:00:00,-2.0536923,0,0
2010-09-14 21:00:00,-2.1239433,0,0
2010-09-14 22:00:00,-2.236515,0,0
2010-09-14 23:00:00,-2.529752,0,0
2010-09-15 00:00:00,-2.5203836,0,0
2010-09-15 01:00:00,-2.5277061,0,0
2010-09-15 02:00:00,-2.660545,0,0
2010-09-15 03:00:00,-2.7899685,0,0
2010-09-15 04:00:00,-2.8374214,0,0
2010-09-15 05:00:00,-2.8391528,0,0
2010-09-15 06:00:00,-2.738802,0,0
2010-09-15 07:00:00,-2.6511989,0,0
2010-09-15 08:00:00,-2.2931933,0,0
2010-09-15 09:00:00,-1.9683968,0,0
2010-09-15 10:00:00,-1.7012043,0,0
2010-09-15 11:00:00,-1.6073332,0,0
2010-09-15 12:00:00,-1.4862881,0,0
2010-09-15 13:00:00,-1.3710848,0,0
2010-09-15 14:00:00,-1.2330414,0,0
2010-09-15 15:00:00,-1.220423,0,0
2010-09-15 16:00:00,-1.3166462,0,0
2010-09-15 17:00:00,-1.3051218,0,0
2010-09-15 18:00:00,-1.5473435,0,0
2010-09-15 19:00:00,-1.7650332,0,0
2010-09-15 20:00:00,-1.9526725,0,0
2010-09-15 21:00:00,-2.0696452,0,0
2010-09-15 22:00:00,-2.1519349,0,0
2010-09-15 23:00:00,-2.212257,0,0
2010-09-16 00:00:00,-2.2394788,0,0
2010-09-16 01:00:00,-2.2421916,0,0
2010-09-16 02:00:00,-2.265044,0,0
2010-09-16 03:00:00,-2.2870166,0,0
2010-09-16 04:00:00,-2.3316655,0,0
2010-09-16 05:00:00,-2.4210327,0,0
2010-09-16 06:00:00,-2.480401,0,0
2010-09-16 07:00:00,-2.4589238,0,0
2010-09-16 08:00:00,-2.2504537,0,0
2010-09-16 09:00:00,-2.0514882,0,0
2010-09-16 10:00:00,-1.9787031,0,0
2010-09-16 11:00:00,-1.950294,0,0
2010-09-16 12:00:00,-1.856153,0,0
2010-09-16 13:00:00,-1.7928038,0,0
2010-09-16 14:00:00,-1.7242054,0,0
2010-09-16 15:00:00,-1.7097781,0,0
2010-09-16 16:00:00,-1.7613108,0,0
2010-09-16 17:00:00,-1.72484,0,0
2010-09-16 18:00:00,-1.8615983,0,0
2010-09-16 19:00:00,-1.9752916,0,0
2010-09-16 20:00:00,-2.0538337,0,0
2010-09-16 21:00:00,-2.1183598,0,0
2010-09-16 22:00:00,-2.134667,0,0
2010-09-16 23:00:00,-2.1998444,0,0
2010-09-17 00:00:00,-2.2530098,0,0
2010-09-17 01:00:00,-2.3334713,0,0
2010-09-17 02:00:00,-2.3544905,0,0
2010-09-17 03:00:00,-2.356249,0,0
2010-09-17 04:00:00,-2.4279716,0,0
2010-09-17 05:00:00,-2.457165,0,0
2010-09-17 06:00:00,-2.5023737,0,0
2010-09-17 07:00:00,-2.4790635,0,0
2010-09-17 08:00:00,-2.249505,0,0
2010-09-17 09:00:00,-2.019005,0,0
2010-09-17 10:00:00,-1.8275903,0,0
2010-09-17 11:00:00,-1.7502247,0,0
2010-09-17 12:00:00,-1.6081729,0,0
2010-09-17 13:00:00,-1.4961245,0,0
2010-09-17 14:00:00,-1.4606038,0,0
2010-09-17 15:00:00,-1.4358269,0,0
2010-09-17 16:00:00,-1.4363472,0,0
2010-09-17 17:00:00,-1.4212409,0,0
2010-09-17 18:00:00,-1.5466385,0,0
2010-09-17 19:00:00,-1.6697176,0,0
2010-09-17 20:00:00,-1.825295,0,0
2010-09-17 21:00:00,-1.9299515,0,0
2010-09-17 22:00:00,-2.0279198,0,0
2010-09-17 23:00:00,-2.1072843,0,0
2010-09-18 00:00:00,-2.1430228,1,0
2010-09-18 01:00:00,-2.1847413,1,0
2010-09-18 02:00:00,-2.2339308,1,0
2010-09-18 03:00:00,-2.2402306,1,0
2010-09-18 04:00:00,-2.2115,1,0
2010-09-18 05:00:00,-2.1823757,1,0
2010-09-18 06:00:00,-2.140759,1,0
2010-09-18 07:00:00,-2.0624554,1,0
2010-09-18 08:00:00,-1.8753015,1,0
2010-09-18 09:00:00,-1.7092358,1,0
2010-09-18 10:00:00,-1.4424428,1,0
2010-09-18 11:00:00,-1.3267334,1,0
2010-09-18 12:00:00,-1.1558074,1,0
2010-09-18 13:00:00,-1.086815,1,0
2010-09-18 14:00:00,-1.011231,1,0
2010-09-18 15:00:00,-1.0523517,1,0
2010-09-18 16:00:00,-1.1027821,1,0
2010-09-18 17:00:00,-1.0548592,1,0
2010-09-18 18:00:00,-1.1849289,1,0
2010-09-18 19:00:00,-1.3329163,1,0
2010-09-18 20:00:00,-1.4537783,1,0
2010-09-18 21:00:00,-1.4997748,1,0
2010-09-18 22:00:00,-1.5760847,1,0
2010-09-18 23:00:00,-1.6418271,1,0
2010-09-19 00:00:00,-1.7384473,1,0
2010-09-19 01:00:00,-1.8081654,1,0
2010-09-19 02:00:00,-1.9029527,1,0
2010-09-19 03:00:00,-1.9239715,1,0
2010-09-19 04:00:00,-1.905031,1,0
2010-09-19 05:00:00,-1.8597531,1,0
2010-09-19 06:00:00,-1.9727032,1,0
2010-09-19 07:00:00,-1.9470743,1,0
2010-09-19 08:00:00,-1.7136785,1,0
2010-09-19 09:00:00,-1.5174726,1,0
2010-09-19 10:00:00,-1.4393533,1,0
2010-09-19 11:00:00,-1.3177259,1,0
2010-09-19 12:00:00,-1.2228765,1,0
2010-09-19 13:00:00,-1.140656,1,0
2010-09-19 14:00:00,-1.0290864,1,0
2010-09-19 15:00:00,-1.0472841,1,0
2010-09-19 16:00:00,-1.0972065,1,0
2010-09-19 17:00:00,-1.0029224,1,0
2010-09-19 18:00:00,-1.124562,1,0
2010-09-19 19:00:00,-1.2630687,1,0
2010-09-19 20:00:00,-1.3833658,1,0
2010-09-19 21:00:00,-1.5139658,1,0
2010-09-19 22:00:00,-1.6605535,1,0
2010-09-19 23:00:00,-1.7319285,1,0
2010-09-20 00:00:00,-1.7696712,0,0
2010-09-20 01:00:00,-1.7852752,0,0
2010-09-20 02:00:00,-1.7567209,0,0
2010-09-20 03:00:00,-1.6664053,0,0
2010-09-20 04:00:00,-1.5850002,0,0
2010-09-20 05:00:00,-1.4932452,0,0
2010-09-20 06:00:00,-1.4401817,0,0
2010-09-20 07:00:00,-1.3784255,0,0
2010-09-20 08:00:00,-1.2632066,0,0
2010-09-20 09:00:00,-1.1317719,0,0
2010-09-20 10:00:00,-1.0334047,0,0
2010-09-20 11:00:00,-0.99778533,0,0
2010-09-20 12:00:00,-0.86586,0,0
2010-09-20 13:00:00,-0.76624686,0,0
2010-09-20 14:00:00,-0.72032446,0,0
2010-09-20 15:00:00,-0.6781154,0,0
2010-09-20 16:00:00,-0.68859154,0,0
2010-09-20 17:00:00,-0.64810693,0,0
2010-09-20 18:00:00,-0.72964346,0,0
2010-09-20 19:00:00,-0.84237784,0,0
2010-09-20 20:00:00,-0.90021026,0,0
2010-09-20 21:00:00,-0.95725995,0,0
2010-09-20 22:00:00,-1.0319074,0,0
2010-09-20 23:00:00,-1.1212745,0,0
2010-09-21 00:00:00,-1.2108124,0,0
2010-09-21 01:00:00,-1.3154638,0,0
2010-09-21 02:00:00,-1.3691943,0,0
2010-09-21 03:00:00,-1.3836958,0,0
2010-09-21 04:00:00,-1.3887271,0,0
2010-09-21 05:00:00,-1.3545818,0,0
2010-09-21 06:00:00,-1.3393025,0,0
2010-09-21 07:00:00,-1.3003935,0,0
2010-09-21 08:00:00,-1.1982318,0,0
2010-09-21 09:00:00,-1.1687082,0,0
2010-09-21 10:00:00,-1.1816237,0,0
2010-09-21 11:00:00,-1.1394073,0,0
2010-09-21 12:00:00,-1.0484921,0,0
2010-09-21 13:00:00,-1.0129194,0,0
2010-09-21 14:00:00,-0.9989777,0,0
2010-09-21 15:00:00,-0.9792268,0,0
2010-09-21 16:00:00,-0.9901832,0,0
2010-09-21 17:00:00,-0.8895527,0,0
2010-09-21 18:00:00,-0.9427579,0,0
2010-09-21 19:00:00,-1.0575484,0,0
2010-09-21 20:00:00,-1.1001017,0,0
2010-09-21 21:00:00,-1.1867663,0,0
2010-09-21 22:00:00,-1.2411084,0,0
2010-09-21 23:00:00,-1.2759726,0,0
2010-09-22 00:00:00,-1.349357,0,0
2010-09-22 01:00:00,-1.4240099,0,0
2010-09-22 02:00:00,-1.5407698,0,0
2010-09-22 03:00:00,-1.5739719,0,0
2010-09-22 04:00:00,-1.6082242,0,0
2010-09-22 05:00:00,-1.7190182,0,0
2010-09-22 06:00:00,-1.6798728,0,0
2010-09-22 07:00:00,-1.7052667,0,0
2010-09-22 08:00:00,-1.3228152,0,0
2010-09-22 09:00:00,-1.2374877,0,0
2010-09-22 10:00:00,-1.152034,0,0
2010-09-22 11:00:00,-1.0677105,0,0
2010-09-22 12:00:00,-0.96429265,0,0
2010-09-22 13:00:00,-0.8932441,0,0
2010-09-22 14:00:00,-0.8170036,0,0
2010-09-22 15:00:00,-0.79030174,0,0
2010-09-22 16:00:00,-0.77316713,0,0
2010-09-22 17:00:00,-0.81701815,0,0
2010-09-22 18:00:00,-0.9002791,0,0
2010-09-22 19:00:00,-1.0432454,0,0
2010-09-22 20:00:00,-1.161623,0,0
2010-09-22 21:00:00,-1.2524862,0,0
2010-09-22 22:00:00,-1.3292868,0,0
2010-09-22 23:00:00,-1.4226346,0,0
2010-09-23 00:00:00,-1.4976017,0,0
2010-09-23 01:00:00,-1.5482308,0,0
2010-09-23 02:00:00,-1.6573484,0,0
2010-09-23 03:00:00,-1.7168878,0,0
2010-09-23 04:00:00,-1.7433271,0,0
2010-09-23 05:00:00,-1.744915,0,0
2010-09-23 06:00:00,-1.833893,0,0
2010-09-23 07:00:00,-1.8290602,0,0
2010-09-23 08:00:00,-1.6457455,0,0
2010-09-23 09:00:00,-1.5328693,0,0
2010-09-23 10:00:00,-1.4573767,0,0
2010-09-23 11:00:00,-1.297571,0,0
2010-09-23 12:00:00,-1.2368773,0,0
2010-09-23 13:00:00,-0.9730127,0,0
2010-09-23 14:00:00,-0.8954987,0,0
2010-09-23 15:00:00,-0.9067471,0,0
2010-09-23 16:00:00,-0.9208515,0,0
2010-09-23 17:00:00,-0.89479125,0,0
2010-09-23 18:00:00,-1.0053107,0,0
2010-09-23 19:00:00,-1.1017672,0,0
2010-09-23 20:00:00,-1.2066935,0,0
2010-09-23 21:00:00,-1.2892063,0,0
2010-09-23 22:00:00,-1.3736438,0,0
2010-09-23 23:00:00,-1.5222358,0,0
2010-09-24 00:00:00,-1.630868,0,0
2010-09-24 01:00:00,-1.7718227,0,0
2010-09-24 02:00:00,-1.8813345,0,0
2010-09-24 03:00:00,-2.0231688,0,0
2010-09-24 04:00:00,-2.1090508,0,0
2010-09-24 05:00:00,-2.1747186,0,0
2010-09-24 06:00:00,-2.2336981,0,0
2010-09-24 07:00:00,-2.1741865,0,0
2010-09-24 08:00:00,-1.912226,0,0
2010-09-24 09:00:00,-1.6023073,0,0
2010-09-24 10:00:00,-1.2927657,0,0
2010-09-24 11:00:00,-1.0523322,0,0
2010-09-24 12:00:00,-0.7261882,0,0
2010-09-24 13:00:00,-0.50191545,0,0
2010-09-24 14:00:00,-0.29238638,0,0
2010-09-24 15:00:00,-0.1770819,0,0
2010-09-24 16:00:00,-0.17258467,0,0
2010-09-24 17:00:00,-0.31098798,0,0
2010-09-24 18:00:00,-0.50928664,0,0
2010-09-24 19:00:00,-0.75999546,0,0
2010-09-24 20:00:00,-0.9726227,0,0
2010-09-24 21:00:00,-1.1289035,0,0
2010-09-24 22:00:00,-1.2344344,0,0
2010-09-24 23:00:00,-1.3395765,0,0
2010-09-25 00:00:00,-1.3964083,1,0
2010-09-25 01:00:00,-1.4706722,1,0
2010-09-25 02:00:00,-1.5080729,1,0
2010-09-25 03:00:00,-1.5556054,1,0
2010-09-25 04:00:00,-1.5895159,1,0
2010-09-25 05:00:00,-1.6085306,1,0
2010-09-25 06:00:00,-1.6212041,1,0
2010-09-25 07:00:00,-1.562646,1,0
2010-09-25 08:00:00,-1.2767466,1,0
2010-09-25 09:00:00,-0.90578747,1,0
2010-09-25 10:00:00,-0.56355876,1,0
2010-09-25 11:00:00,-0.45792773,1,0
2010-09-25 12:00:00,-0.4201745,1,0
2010-09-25 13:00:00,-0.29951483,1,0
2010-09-25 14:00:00,-0.2130905,1,0
2010-09-25 15:00:00,-0.16995369,1,0
2010-09-25 16:00:00,-0.11400117,1,0
2010-09-25 17:00:00,-0.19926347,1,0
2010-09-25 18:00:00,-0.29884893,1,0
2010-09-25 19:00:00,-0.5864487,1,0
2010-09-25 20:00:00,-0.7386209,1,0
2010-09-25 21:00:00,-0.85204947,1,0
2010-09-25 22:00:00,-1.069874,1,0
2010-09-25 23:00:00,-1.1217765,1,0
2010-09-26 00:00:00,-1.3576841,1,0
2010-09-26 01:00:00,-1.5296607,1,0
2010-09-26 02:00:00,-1.5973328,1,0
2010-09-26 03:00:00,-1.6166947,1,0
2010-09-26 04:00:00,-1.5722497,1,0
2010-09-26 05:00:00,-1.7443918,1,0
2010-09-26 06:00:00,-1.7444936,1,0
2010-09-26 07:00:00,-1.6063584,1,0
2010-09-26 08:00:00,-1.284537,1,0
2010-09-26 09:00:00,-1.0054762,1,0
2010-09-26 10:00:00,-0.5578408,1,0
2010-09-26 11:00:00,-0.13732067,1,0
2010-09-26 12:00:00,0.15285859,1,0
2010-09-26 13:00:00,0.3550306,1,0
2010-09-26 14:00:00,0.47605464,1,0
2010-09-26 15:00:00,0.49730498,1,0
2010-09-26 16:00:00,0.47084948,1,0
2010-09-26 17:00:00,0.5505506,1,0
2010-09-26 18:00:00,0.24975336,1,0
2010-09-26 19:00:00,-0.08856897,1,0
2010-09-26 20:00:00,-0.29887742,1,0
2010-09-26 21:00:00,-0.4771311,1,0
2010-09-26 22:00:00,-0.6124948,1,0
2010-09-26 23:00:00,-0.7223953,1,0
2010-09-27 00:00:00,-0.8300738,0,0
2010-09-27 01:00:00,-0.9121183,0,0
2010-09-27 02:00:00,-0.9665518,0,0
2010-09-27 03:00:00,-1.022036,0,0
2010-09-27 04:00:00,-1.0753723,0,0
2010-09-27 05:00:00,-1.0731555,0,0
2010-09-27 06:00:00,-1.1061397,0,0
2010-09-27 07:00:00,-1.065088,0,0
2010-09-27 08:00:00,-0.93039644,0,0
2010-09-27 09:00:00,-0.7726296,0,0
2010-09-27 10:00:00,-0.5887774,0,0
2010-09-27 11:00:00,-0.24911787,0,0
2010-09-27 12:00:00,-0.18223333,0,0
2010-09-27 13:00:00,-0.50152665,0,0
2010-09-27 14:00:00,-0.8205072,0,0
2010-09-27 15:00:00,-0.9646191,0,0
2010-09-27 16:00:00,-0.9825798,0,0
2010-09-27 17:00:00,-1.0733466,0,0
2010-09-27 18:00:00,-1.1849561,0,0
2010-09-27 19:00:00,-1.3271397,0,0
2010-09-27 20:00:00,-1.4196184,0,0
2010-09-27 21:00:00,-1.5142397,0,0
2010-09-27 22:00:00,-1.6344105,0,0
2010-09-27 23:00:00,-1.8032802,0,0
2010-09-28 00:00:00,-1.9741541,0,0
2010-09-28 01:00:00,-2.0592532,0,0
2010-09-28 02:00:00,-2.1111557,0,0
2010-09-28 03:00:00,-2.229925,0,0
2010-09-28 04:00:00,-2.297815,0,0
2010-09-28 05:00:00,-2.4328814,0,0
2010-09-28 06:00:00,-2.4804192,0,0
2010-09-28 07:00:00,-2.3820777,0,0
2010-09-28 08:00:00,-2.083772,0,0
2010-09-28 09:00:00,-1.9061626,0,0
2010-09-28 10:00:00,-1.8395338,0,0
2010-09-28 11:00:00,-1.7637266,0,0
2010-09-28 12:00:00,-1.6531519,0,0
2010-09-28 13:00:00,-1.6018163,0,0
2010-09-28 14:00:00,-1.5963806,0,0
2010-09-28 15:00:00,-1.63468,0,0
2010-09-28 16:00:00,-1.7257456,0,0
2010-09-28 17:00:00,-1.6103265,0,0
2010-09-28 18:00:00,-1.8148593,0,0
2010-09-28 19:00:00,-2.0278478,0,0
2010-09-28 20:00:00,-2.1694193,0,0
2010-09-28 21:00:00,-2.2335567,0,0
2010-09-28 22:00:00,-2.3276458,0,0
2010-09-28 23:00:00,-2.4170232,0,0
2010-09-29 00:00:00,-2.5087192,0,0
2010-09-29 01:00:00,-2.563334,0,0
2010-09-29 02:00:00,-2.6370332,0,0
2010-09-29 03:00:00,-2.6936197,0,0
2010-09-29 04:00:00,-2.7536497,0,0
2010-09-29 05:00:00,-2.77721,0,0
2010-09-29 06:00:00,-2.7566128,0,0
2010-09-29 07:00:00,-2.6290035,0,0
2010-09-29 08:00:00,-2.4266047,0,0
2010-09-29 09:00:00,-2.1817324,0,0
2010-09-29 10:00:00,-1.9906596,0,0
2010-09-29 11:00:00,-1.7957718,0,0
2010-09-29 12:00:00,-1.7038009,0,0
2010-09-29 13:00:00,-1.6318781,0,0
2010-09-29 14:00:00,-1.5251483,0,0
2010-09-29 15:00:00,-1.5845358,0,0
2010-09-29 16:00:00,-1.6385999,0,0
2010-09-29 17:00:00,-1.7132686,0,0
2010-09-29 18:00:00,-1.808851,0,0
2010-09-29 19:00:00,-1.9249618,0,0
2010-09-29 20:00:00,-2.0427794,0,0
2010-09-29 21:00:00,-2.098224,0,0
2010-09-29 22:00:00,-2.241235,0,0
2010-09-29 23:00:00,-2.2668,0,0
2010-09-30 00:00:00,-2.3828566,0,0
2010-09-30 01:00:00,-2.5105314,0,0
2010-09-30 02:00:00,-2.588771,0,0
2010-09-30 03:00:00,-2.685882,0,0
2010-09-30 04:00:00,-2.7463007,0,0
2010-09-30 05:00:00,-2.7880244,0,0
2010-09-30 06:00:00,-2.8762252,0,0
2010-09-30 07:00:00,-2.7522442,0,0
2010-09-30 08:00:00,-2.3792117,0,0
2010-09-30 09:00:00,-2.0301683,0,0
2010-09-30 10:00:00,-1.7688469,0,0
2010-09-30 11:00:00,-1.6880897,0,0
2010-09-30 12:00:00,-1.5364136,0,0
2010-09-30 13:00:00,-1.4331739,0,0
2010-09-30 14:00:00,-1.3822203,0,0
2010-09-30 15:00:00,-1.454598,0,0
2010-09-30 16:00:00,-1.4624131,0,0
2010-09-30 17:00:00,-1.447701,0,0
2010-09-30 18:00:00,-1.4864894,0,0
2010-09-30 19:00:00,-1.5945966,0,0
2010-09-30 20:00:00,-1.657592,0,0
2010-09-30 21:00:00,-1.6956422,0,0
2010-09-30 22:00:00,-1.8103585,0,0
2010-09-30 23:00:00,-1.8223203,0,0
2010-10-01 00:00:00,-1.8975816,0,0
2010-10-01 01:00:00,-1.9889356,0,0
2010-10-01 02:00:00,-2.1069446,0,0
2010-10-01 03:00:00,-2.2470458,0,0
2010-10-01 04:00:00,-2.391221,0,0
2010-10-01 05:00:00,-2.6231012,0,0
2010-10-01 06:00:00,-2.8753388,0,0
2010-10-01 07:00:00,-2.5842247,0,0
2010-10-01 08:00:00,-1.7514553,0,0
2010-10-01 09:00:00,-1.5079322,0,0
2010-10-01 10:00:00,-1.2708281,0,0
2010-10-01 11:00:00,-1.1012172,0,0
2010-10-01 12:00:00,-1.0060551,0,0
2010-10-01 13:00:00,-0.9043066,0,0
2010-10-01 14:00:00,-0.86890715,0,0
2010-10-01 15:00:00,-0.7782117,0,0
2010-10-01 16:00:00,-0.7769352,0,0
2010-10-01 17:00:00,-0.99236184,0,0
2010-10-01 18:00:00,-1.1006801,0,0
2010-10-01 19:00:00,-1.3814499,0,0
2010-10-01 20:00:00,-1.4714324,0,0
2010-10-01 21:00:00,-1.5093169,0,0
2010-10-01 22:00:00,-1.593279,0,0
2010-10-01 23:00:00,-1.7411729,0,0
2010-10-02 00:00:00,-1.8500249,1,0
2010-10-02 01:00:00,-1.9073045,1,0
2010-10-02 02:00:00,-2.0324724,1,0
2010-10-02 03:00:00,-2.1570282,1,0
2010-10-02 04:00:00,-2.279186,1,0
2010-10-02 05:00:00,-2.4338322,1,0
2010-10-02 06:00:00,-2.7531474,1,0
2010-10-02 07:00:00,-2.6378798,1,0
2010-10-02 08:00:00,-1.7841305,1,0
2010-10-02 09:00:00,-1.2146082,1,0
2010-10-02 10:00:00,-0.69942504,1,0
2010-10-02 11:00:00,-0.25683528,1,0
2010-10-02 12:00:00,0.14059037,1,0
2010-10-02 13:00:00,0.44820854,1,0
2010-10-02 14:00:00,0.57677615,1,0
2010-10-02 15:00:00,0.6801848,1,0
2010-10-02 16:00:00,0.70432025,1,0
2010-10-02 17:00:00,0.5998032,1,0
2010-10-02 18:00:00,0.33983952,1,0
2010-10-02 19:00:00,0.009455137,1,0
2010-10-02 20:00:00,-0.19164775,1,0
2010-10-02 21:00:00,-0.3882873,1,0
2010-10-02 22:00:00,-0.6661142,1,0
2010-10-02 23:00:00,-0.91132134,1,0
2010-10-03 00:00:00,-0.98699707,1,0
2010-10-03 01:00:00,-1.091403,1,0
2010-10-03 02:00:00,-1.125348,1,0
2010-10-03 03:00:00,-1.1592928,1,0
2010-10-03 04:00:00,-1.2338715,1,0
2010-10-03 05:00:00,-1.3282697,1,0
2010-10-03 06:00:00,-1.4976577,1,0
2010-10-03 07:00:00,-1.5873443,1,0
2010-10-03 08:00:00,-1.3376291,1,0
2010-10-03 09:00:00,-0.5833051,1,0
2010-10-03 10:00:00,0.053909503,1,0
2010-10-03 11:00:00,0.44473892,1,0
2010-10-03 12:00:00,0.7694491,1,0
2010-10-03 13:00:00,0.9424052,1,0
2010-10-03 14:00:00,1.0351204,1,0
2010-10-03 15:00:00,1.0666356,1,0
2010-10-03 16:00:00,1.1693156,1,0
2010-10-03 17:00:00,1.219607,1,0
2010-10-03 18:00:00,1.2230071,1,0
2010-10-03 19:00:00,1.0003148,1,0
2010-10-03 20:00:00,0.6873763,1,0
2010-10-03 21:00:00,0.45829287,1,0
2010-10-03 22:00:00,0.2943647,1,0
2010-10-03 23:00:00,0.15097012,1,0
2010-10-04 00:00:00,0.016560175,0,0
2010-10-04 01:00:00,-0.041901015,0,0
2010-10-04 02:00:00,-0.035675712,0,0
2010-10-04 03:00:00,-0.05503248,0,0
2010-10-04 04:00:00,-0.12325936,0,0
2010-10-04 05:00:00,-0.20930706,0,0
2010-10-04 06:00:00,-0.26701316,0,0
2010-10-04 07:00:00,-0.29894686,0,0
2010-10-04 08:00:00,-0.18827392,0,0
2010-10-04 09:00:00,0.12306116,0,0
2010-10-04 10:00:00,0.44878393,0,0
2010-10-04 11:00:00,0.69741935,0,0
2010-10-04 12:00:00,0.8854733,0,0
2010-10-04 13:00:00,0.8436458,0,0
2010-10-04 14:00:00,1.0330489,0,0
2010-10-04 15:00:00,1.187854,0,0
2010-10-04 16:00:00,1.1841893,0,0
2010-10-04 17:00:00,1.2809062,0,0
2010-10-04 18:00:00,1.3326719,0,0
2010-10-04 19:00:00,1.1244695,0,0
2010-10-04 20:00:00,0.93918824,0,0
2010-10-04 21:00:00,0.82645404,0,0
2010-10-04 22:00:00,0.7564386,0,0
2010-10-04 23:00:00,0.60847056,0,0
2010-10-05 00:00:00,0.46269175,0,0
2010-10-05 01:00:00,0.35494766,0,0
2010-10-05 02:00:00,0.21562733,0,0
2010-10-05 03:00:00,0.05763956,0,0
2010-10-05 04:00:00,-0.08052312,0,0
2010-10-05 05:00:00,-0.18548898,0,0
2010-10-05 06:00:00,-0.30565968,0,0
2010-10-05 07:00:00,-0.3577054,0,0
2010-10-05 08:00:00,-0.38706988,0,0
2010-10-05 09:00:00,-0.4035825,0,0
2010-10-05 10:00:00,-0.30433884,0,0
2010-10-05 11:00:00,-0.19809763,0,0
2010-10-05 12:00:00,0.13184808,0,0
2010-10-05 13:00:00,0.49389338,0,0
2010-10-05 14:00:00,0.82141984,0,0
2010-10-05 15:00:00,0.95041287,0,0
2010-10-05 16:00:00,0.86951846,0,0
2010-10-05 17:00:00,0.67987823,0,0
2010-10-05 18:00:00,0.63972116,0,0
2010-10-05 19:00:00,0.42674473,0,0
2010-10-05 20:00:00,0.17527054,0,0
2010-10-05 21:00:00,0.028008772,0,0
2010-10-05 22:00:00,-0.08465639,0,0
2010-10-05 23:00:00,-0.20237537,0,0
2010-10-06 00:00:00,-0.3814808,0,0
2010-10-06 01:00:00,-0.5608817,0,0
2010-10-06 02:00:00,-0.8570596,0,0
2010-10-06 03:00:00,-1.0155382,0,0
2010-10-06 04:00:00,-1.1353253,0,0
2010-10-06 05:00:00,-1.2018726,0,0
2010-10-06 06:00:00,-1.2682489,0,0
2010-10-06 07:00:00,-1.1695378,0,0
2010-10-06 08:00:00,-0.60629195,0,0
2010-10-06 09:00:00,0.24334943,0,0
2010-10-06 10:00:00,0.95704514,0,0
2010-10-06 11:00:00,1.3708491,0,0
2010-10-06 12:00:00,1.643531,0,0
2010-10-06 13:00:00,1.7029786,0,0
2010-10-06 14:00:00,1.8118563,0,0
2010-10-06 15:00:00,1.9770852,0,0
2010-10-06 16:00:00,1.9716182,0,0
2010-10-06 17:00:00,1.8855581,0,0
2010-10-06 18:00:00,1.5421457,0,0
2010-10-06 19:00:00,1.2661222,0,0
2010-10-06 20:00:00,1.0195794,0,0
2010-10-06 21:00:00,0.06036277,0,0
2010-10-06 22:00:00,-0.5139552,0,0
2010-10-06 23:00:00,-0.8944552,0,0
2010-10-07 00:00:00,-1.1877271,0,0
2010-10-07 01:00:00,-1.360977,0,0
2010-10-07 02:00:00,-1.5025659,0,0
2010-10-07 03:00:00,-1.6267226,0,0
2010-10-07 04:00:00,-1.7415804,0,0
2010-10-07 05:00:00,-1.8475275,0,0
2010-10-07 06:00:00,-1.8783467,0,0
2010-10-07 07:00:00,-1.9287355,0,0
2010-10-07 08:00:00,-1.8514992,0,0
2010-10-07 09:00:00,-1.729163,0,0
2010-10-07 10:00:00,-1.6661278,0,0
2010-10-07 11:00:00,-1.6232202,0,0
2010-10-07 12:00:00,-1.4904602,0,0
2010-10-07 13:00:00,-1.4139274,0,0
2010-10-07 14:00:00,-1.2571042,0,0
2010-10-07 15:00:00,-1.2653997,0,0
2010-10-07 16:00:00,-1.1800551,0,0
2010-10-07 17:00:00,-1.1500928,0,0
2010-10-07 18:00:00,-1.1570634,0,0
2010-10-07 19:00:00,-1.2366581,0,0
2010-10-07 20:00:00,-1.3508887,0,0
2010-10-07 21:00:00,-1.4201783,0,0
2010-10-07 22:00:00,-1.469985,0,0
2010-10-07 23:00:00,-1.472143,0,0
2010-10-08 00:00:00,-1.4290924,0,0
2010-10-08 01:00:00,-1.4282283,0,0
2010-10-08 02:00:00,-1.3217593,0,0
2010-10-08 03:00:00,-1.2539816,0,0
2010-10-08 04:00:00,-1.1798297,0,0
2010-10-08 05:00:00,-1.1387782,0,0
2010-10-08 06:00:00,-1.1358529,0,0
2010-10-08 07:00:00,-1.1180423,0,0
2010-10-08 08:00:00,-1.0117389,0,0
2010-10-08 09:00:00,-0.92170835,0,0
2010-10-08 10:00:00,-0.76354235,0,0
2010-10-08 11:00:00,-0.6089805,0,0
2010-10-08 12:00:00,-0.51098293,0,0
2010-10-08 13:00:00,-0.44845593,0,0
2010-10-08 14:00:00,-0.3694559,0,0
2010-10-08 15:00:00,-0.38773492,0,0
2010-10-08 16:00:00,-0.42305174,0,0
2010-10-08 17:00:00,-0.5171326,0,0
2010-10-08 18:00:00,-0.42681894,0,0
2010-10-08 19:00:00,-0.53943425,0,0
2010-10-08 20:00:00,-0.67458737,0,0
2010-10-08 21:00:00,-0.81039685,0,0
2010-10-08 22:00:00,-0.9639753,0,0
2010-10-08 23:00:00,-1.0996861,0,0
2010-10-09 00:00:00,-1.224626,1,0
2010-10-09 01:00:00,-1.3483164,1,0
2010-10-09 02:00:00,-1.5064805,1,0
2010-10-09 03:00:00,-1.6742389,1,0
2010-10-09 04:00:00,-1.7771591,1,0
2010-10-09 05:00:00,-1.8382862,1,0
2010-10-09 06:00:00,-1.8852834,1,0
2010-10-09 07:00:00,-2.0014315,1,0
2010-10-09 08:00:00,-1.5781795,1,0
2010-10-09 09:00:00,-0.9684866,1,0
2010-10-09 10:00:00,-0.7577496,1,0
2010-10-09 11:00:00,-0.6005546,1,0
2010-10-09 12:00:00,-0.44667897,1,0
2010-10-09 13:00:00,-0.3397208,1,0
2010-10-09 14:00:00,-0.27071825,1,0
2010-10-09 15:00:00,-0.27973425,1,0
2010-10-09 16:00:00,-0.2703176,1,0
2010-10-09 17:00:00,-0.37709805,1,0
2010-10-09 18:00:00,-0.3093243,1,0
2010-10-09 19:00:00,-0.35044393,1,0
2010-10-09 20:00:00,-0.4719679,1,0
2010-10-09 21:00:00,-0.54300445,1,0
2010-10-09 22:00:00,-0.60377777,1,0
2010-10-09 23:00:00,-0.6742837,1,0
2010-10-10 00:00:00,-0.8074253,1,0
2010-10-10 01:00:00,-0.9590442,1,0
2010-10-10 02:00:00,-1.1406618,1,0
2010-10-10 03:00:00,-1.3631186,1,0
2010-10-10 04:00:00,-1.5367054,1,0
2010-10-10 05:00:00,-1.5967354,1,0
2010-10-10 06:00:00,-1.4928992,1,0
2010-10-10 07:00:00,-1.4091256,1,0
2010-10-10 08:00:00,-1.3217086,1,0
2010-10-10 09:00:00,-0.98805475,1,0
2010-10-10 10:00:00,-0.60799515,1,0
2010-10-10 11:00:00,-0.05666214,1,0
2010-10-10 12:00:00,0.54440093,1,0
2010-10-10 13:00:00,1.0855392,1,0
2010-10-10 14:00:00,1.3485324,1,0
2010-10-10 15:00:00,1.3508213,1,0
2010-10-10 16:00:00,1.304019,1,0
2010-10-10 17:00:00,1.3467873,1,0
2010-10-10 18:00:00,1.3026717,1,0
2010-10-10 19:00:00,1.1619549,1,0
2010-10-10 20:00:00,0.8504557,1,0
2010-10-10 21:00:00,0.59407604,1,0
2010-10-10 22:00:00,0.30490774,1,0
2010-10-10 23:00:00,0.10704658,1,0
2010-10-11 00:00:00,-0.010468546,0,0
2010-10-11 01:00:00,-0.089910924,0,0
2010-10-11 02:00:00,-0.20327568,0,0
2010-10-11 03:00:00,-0.32627314,0,0
2010-10-11 04:00:00,-0.44153664,0,0
2010-10-11 05:00:00,-0.5657108,0,0
2010-10-11 06:00:00,-0.6916854,0,0
2010-10-11 07:00:00,-0.74415267,0,0
2010-10-11 08:00:00,-0.5967925,0,0
2010-10-11 09:00:00,-0.2618276,0,0
2010-10-11 10:00:00,0.12753671,0,0
2010-10-11 11:00:00,0.49664,0,0
2010-10-11 12:00:00,0.81753,0,0
2010-10-11 13:00:00,1.0694602,0,0
2010-10-11 14:00:00,1.2859194,0,0
2010-10-11 15:00:00,1.3962693,0,0
2010-10-11 16:00:00,1.3954098,0,0
2010-10-11 17:00:00,1.379769,0,0
2010-10-11 18:00:00,1.369564,0,0
2010-10-11 19:00:00,1.2467477,0,0
2010-10-11 20:00:00,1.0832633,0,0
2010-10-11 21:00:00,0.995598,0,0
2010-10-11 22:00:00,0.93688637,0,0
2010-10-11 23:00:00,0.8709261,0,0
2010-10-12 00:00:00,0.860039,0,0
2010-10-12 01:00:00,0.889649,0,0
2010-10-12 02:00:00,0.9120054,0,0
2010-10-12 03:00:00,0.8687684,0,0
2010-10-12 04:00:00,0.80697423,0,0
2010-10-12 05:00:00,0.7279239,0,0
2010-10-12 06:00:00,0.6436628,0,0
2010-10-12 07:00:00,0.600282,0,0
2010-10-12 08:00:00,0.73165977,0,0
2010-10-12 09:00:00,0.9573855,0,0
2010-10-12 10:00:00,1.1490182,0,0
2010-10-12 11:00:00,1.3294716,0,0
2010-10-12 12:00:00,1.6280743,0,0
2010-10-12 13:00:00,1.8669695,0,0
2010-10-12 14:00:00,1.960984,0,0
2010-10-12 15:00:00,2.1260269,0,0
2010-10-12 16:00:00,2.2148166,0,0
2010-10-12 17:00:00,2.0790398,0,0
2010-10-12 18:00:00,2.05118,0,0
2010-10-12 19:00:00,1.8460168,0,0
2010-10-12 20:00:00,1.6400914,0,0
2010-10-12 21:00:00,1.5410538,0,0
2010-10-12 22:00:00,1.4376979,0,0
2010-10-12 23:00:00,1.3507241,0,0
2010-10-13 00:00:00,1.2606491,0,0
2010-10-13 01:00:00,1.2114592,0,0
2010-10-13 02:00:00,1.164806,0,0
2010-10-13 03:00:00,1.08422,0,0
2010-10-13 04:00:00,0.9471269,0,0
2010-10-13 05:00:00,0.7404921,0,0
2010-10-13 06:00:00,0.62993526,0,0
2010-10-13 07:00:00,0.5146196,0,0
2010-10-13 08:00:00,0.44385123,0,0
2010-10-13 09:00:00,0.40833032,0,0
2010-10-13 10:00:00,0.390242,0,0
2010-10-13 11:00:00,0.35494936,0,0
2010-10-13 12:00:00,0.2833981,0,0
2010-10-13 13:00:00,0.20062283,0,0
2010-10-13 14:00:00,0.14220832,0,0
2010-10-13 15:00:00,0.12787771,0,0
2010-10-13 16:00:00,0.078517176,0,0
2010-10-13 17:00:00,-0.038946215,0,0
2010-10-13 18:00:00,-0.16387536,0,0
2010-10-13 19:00:00,-0.28243583,0,0
2010-10-13 20:00:00,-0.4204275,0,0
2010-10-13 21:00:00,-0.52898026,0,0
2010-10-13 22:00:00,-0.637533,0,0
2010-10-13 23:00:00,-0.7024925,0,0
2010-10-14 00:00:00,-0.7480209,0,0
2010-10-14 01:00:00,-0.803899,0,0
2010-10-14 02:00:00,-0.8191091,0,0
2010-10-14 03:00:00,-0.83829993,0,0
2010-10-14 04:00:00,-0.8480431,0,0
2010-10-14 05:00:00,-0.85290325,0,0
2010-10-14 06:00:00,-0.917863,0,0
2010-10-14 07:00:00,-0.89804804,0,0
2010-10-14 08:00:00,-0.79986733,0,0
2010-10-14 09:00:00,-0.6019699,0,0
2010-10-14 10:00:00,-0.3079374,0,0
2010-10-14 11:00:00,0.003084662,0,0
2010-10-14 12:00:00,0.16184644,0,0
2010-10-14 13:00:00,0.28283784,0,0
2010-10-14 14:00:00,0.47238308,0,0
2010-10-14 15:00:00,0.5278827,0,0
2010-10-14 16:00:00,0.552836,0,0
2010-10-14 17:00:00,0.58342695,0,0
2010-10-14 18:00:00,0.65921795,0,0
2010-10-14 19:00:00,0.5398122,0,0
2010-10-14 20:00:00,0.37344435,0,0
2010-10-14 21:00:00,0.31084833,0,0
2010-10-14 22:00:00,0.27974185,0,0
2010-10-14 23:00:00,0.2624809,0,0
2010-10-15 00:00:00,0.2439516,0,0
2010-10-15 01:00:00,0.23599501,0,0
2010-10-15 02:00:00,0.23765197,0,0
2010-10-15 03:00:00,0.25448114,0,0
2010-10-15 04:00:00,0.23971865,0,0
2010-10-15 05:00:00,0.24442522,0,0
2010-10-15 06:00:00,0.22101323,0,0
2010-10-15 07:00:00,0.1723557,0,0
2010-10-15 08:00:00,0.20288658,0,0
2010-10-15 09:00:00,0.14153826,0,0
2010-10-15 10:00:00,-0.20842367,0,0
2010-10-15 11:00:00,-0.36169463,0,0
2010-10-15 12:00:00,-0.48984444,0,0
2010-10-15 13:00:00,-0.7360968,0,0
2010-10-15 14:00:00,-0.944926,0,0
2010-10-15 15:00:00,-1.1290284,0,0
2010-10-15 16:00:00,-1.309687,0,0
2010-10-15 17:00:00,-1.4796071,0,0
2010-10-15 18:00:00,-1.6635437,0,0
2010-10-15 19:00:00,-1.7742442,0,0
2010-10-15 20:00:00,-1.8980536,0,0
2010-10-15 21:00:00,-2.044738,0,0
2010-10-15 22:00:00,-2.1874466,0,0
2010-10-15 23:00:00,-2.341555,0,0
2010-10-16 00:00:00,-2.5082028,1,0
2010-10-16 01:00:00,-2.5314128,1,0
2010-10-16 02:00:00,-2.5887353,1,0
2010-10-16 03:00:00,-2.6602123,1,0
2010-10-16 04:00:00,-2.702079,1,0
2010-10-16 05:00:00,-2.7390442,1,0
2010-10-16 06:00:00,-2.7100737,1,0
2010-10-16 07:00:00,-2.6913095,1,0
2010-10-16 08:00:00,-2.5545857,1,0
2010-10-16 09:00:00,-2.3602753,1,0
2010-10-16 10:00:00,-2.15826,1,0
2010-10-16 11:00:00,-1.980331,1,0
2010-10-16 12:00:00,-1.779852,1,0
2010-10-16 13:00:00,-1.7623523,1,0
2010-10-16 14:00:00,-1.6846346,1,0
2010-10-16 15:00:00,-1.5898026,1,0
2010-10-16 16:00:00,-1.4378693,1,0
2010-10-16 17:00:00,-1.4773178,1,0
2010-10-16 18:00:00,-1.4037262,1,0
2010-10-16 19:00:00,-1.4563667,1,0
2010-10-16 20:00:00,-1.5544335,1,0
2010-10-16 21:00:00,-1.5942792,1,0
2010-10-16 22:00:00,-1.6097122,1,0
2010-10-16 23:00:00,-1.6288067,1,0
2010-10-17 00:00:00,-1.6402587,1,0
2010-10-17 01:00:00,-1.6362085,1,0
2010-10-17 02:00:00,-1.66836,1,0
2010-10-17 03:00:00,-1.6781499,1,0
2010-10-17 04:00:00,-1.6682909,1,0
2010-10-17 05:00:00,-1.6626581,1,0
2010-10-17 06:00:00,-1.6765947,1,0
2010-10-17 07:00:00,-1.6542382,1,0
2010-10-17 08:00:00,-1.5526935,1,0
2010-10-17 09:00:00,-1.4122638,1,0
2010-10-17 10:00:00,-1.3149416,1,0
2010-10-17 11:00:00,-1.2585902,1,0
2010-10-17 12:00:00,-1.0729448,1,0
2010-10-17 13:00:00,-0.91275734,1,0
2010-10-17 14:00:00,-0.7963394,1,0
2010-10-17 15:00:00,-0.76741046,1,0
2010-10-17 16:00:00,-0.7602833,1,0
2010-10-17 17:00:00,-0.7587475,1,0
2010-10-17 18:00:00,-0.6195966,1,0
2010-10-17 19:00:00,-0.6941476,1,0
2010-10-17 20:00:00,-0.843569,1,0
2010-10-17 21:00:00,-0.9833768,1,0
2010-10-17 22:00:00,-1.0853206,1,0
2010-10-17 23:00:00,-1.1730305,1,0
2010-10-18 00:00:00,-1.3038017,0,0
2010-10-18 01:00:00,-1.3957051,0,0
2010-10-18 02:00:00,-1.513334,0,0
2010-10-18 03:00:00,-1.6013534,0,0
2010-10-18 04:00:00,-1.6795877,0,0
2010-10-18 05:00:00,-1.7641962,0,0
2010-10-18 06:00:00,-1.7547692,0,0
2010-10-18 07:00:00,-1.81143,0,0
2010-10-18 08:00:00,-1.6302285,0,0
2010-10-18 09:00:00,-1.4398366,0,0
2010-10-18 10:00:00,-1.1828575,0,0
2010-10-18 11:00:00,-1.1503588,0,0
2010-10-18 12:00:00,-1.0004362,0,0
2010-10-18 13:00:00,-0.9053865,0,0
2010-10-18 14:00:00,-0.821732,0,0
2010-10-18 15:00:00,-0.7434923,0,0
2010-10-18 16:00:00,-0.6534636,0,0
2010-10-18 17:00:00,-0.64422685,0,0
2010-10-18 18:00:00,-0.63113844,0,0
2010-10-18 19:00:00,-0.8165956,0,0
2010-10-18 20:00:00,-0.92789584,0,0
2010-10-18 21:00:00,-1.0494612,0,0
2010-10-18 22:00:00,-1.2280241,0,0
2010-10-18 23:00:00,-1.3576704,0,0
2010-10-19 00:00:00,-1.474648,0,0
2010-10-19 01:00:00,-1.609229,0,0
2010-10-19 02:00:00,-1.7189118,0,0
2010-10-19 03:00:00,-1.8085515,0,0
2010-10-19 04:00:00,-1.9554864,0,0
2010-10-19 05:00:00,-2.135276,0,0
2010-10-19 06:00:00,-2.1672256,0,0
2010-10-19 07:00:00,-2.1656947,0,0
2010-10-19 08:00:00,-1.8826406,0,0
2010-10-19 09:00:00,-1.5468991,0,0
2010-10-19 10:00:00,-1.4151394,0,0
2010-10-19 11:00:00,-1.1990668,0,0
2010-10-19 12:00:00,-0.9856053,0,0
2010-10-19 13:00:00,-0.7385577,0,0
2010-10-19 14:00:00,-0.5859057,0,0
2010-10-19 15:00:00,-0.49179423,0,0
2010-10-19 16:00:00,-0.49186027,0,0
2010-10-19 17:00:00,-0.59218544,0,0
2010-10-19 18:00:00,-0.68912446,0,0
2010-10-19 19:00:00,-0.8471266,0,0
2010-10-19 20:00:00,-1.0844933,0,0
2010-10-19 21:00:00,-1.2615877,0,0
2010-10-19 22:00:00,-1.4018965,0,0
2010-10-19 23:00:00,-1.5743048,0,0
2010-10-20 00:00:00,-1.6497147,0,0
2010-10-20 01:00:00,-1.6820686,0,0
2010-10-20 02:00:00,-1.8142667,0,0
2010-10-20 03:00:00,-2.0798671,0,0
2010-10-20 04:00:00,-2.2446728,0,0
2010-10-20 05:00:00,-2.4432352,0,0
2010-10-20 06:00:00,-2.2965767,0,0
2010-10-20 07:00:00,-2.5701044,0,0
2010-10-20 08:00:00,-1.9683669,0,0
2010-10-20 09:00:00,-1.357036,0,0
2010-10-20 10:00:00,-0.9921018,0,0
2010-10-20 11:00:00,-0.7030385,0,0
2010-10-20 12:00:00,-0.43345335,0,0
2010-10-20 13:00:00,-0.21212836,0,0
2010-10-20 14:00:00,-0.007893513,0,0
2010-10-20 15:00:00,0.10216377,0,0
2010-10-20 16:00:00,0.10720366,0,0
2010-10-20 17:00:00,0.009373211,0,0
2010-10-20 18:00:00,-0.066940814,0,0
2010-10-20 19:00:00,-0.1552679,0,0
2010-10-20 20:00:00,-0.41882864,0,0
2010-10-20 21:00:00,-0.5943404,0,0
2010-10-20 22:00:00,-0.7648239,0,0
2010-10-20 23:00:00,-0.9035089,0,0
2010-10-21 00:00:00,-0.95844215,0,0
2010-10-21 01:00:00,-1.125375,0,0
2010-10-21 02:00:00,-1.5918187,0,0
2010-10-21 03:00:00,-1.9354998,0,0
2010-10-21 04:00:00,-2.2165177,0,0
2010-10-21 05:00:00,-2.3787541,0,0
2010-10-21 06:00:00,-2.4153028,0,0
2010-10-21 07:00:00,-2.369562,0,0
2010-10-21 08:00:00,-1.5190563,0,0
2010-10-21 09:00:00,-0.57808673,0,0
2010-10-21 10:00:00,0.022010647,0,0
2010-10-21 11:00:00,0.41078904,0,0
2010-10-21 12:00:00,0.7259822,0,0
2010-10-21 13:00:00,1.0003756,0,0
2010-10-21 14:00:00,1.2243614,0,0
2010-10-21 15:00:00,1.3576599,0,0
2010-10-21 16:00:00,1.4291452,0,0
2010-10-21 17:00:00,1.4123088,0,0
2010-10-21 18:00:00,1.4026582,0,0
2010-10-21 19:00:00,1.2725534,0,0
2010-10-21 20:00:00,0.85243237,0,0
2010-10-21 21:00:00,0.5241645,0,0
2010-10-21 22:00:00,0.27101278,0,0
2010-10-21 23:00:00,0.08367763,0,0
2010-10-22 00:00:00,-0.07326495,0,0
2010-10-22 01:00:00,-0.20618865,0,0
2010-10-22 02:00:00,-0.3202412,0,0
2010-10-22 03:00:00,-0.42626262,0,0
2010-10-22 04:00:00,-0.46686158,0,0
2010-10-22 05:00:00,-0.47059703,0,0
2010-10-22 06:00:00,-0.47901148,0,0
2010-10-22 07:00:00,-0.4418613,0,0
2010-10-22 08:00:00,-0.03900833,0,0
2010-10-22 09:00:00,0.53306365,0,0
2010-10-22 10:00:00,1.0195664,0,0
2010-10-22 11:00:00,1.4605305,0,0
2010-10-22 12:00:00,1.7957091,0,0
2010-10-22 13:00:00,1.8408679,0,0
2010-10-22 14:00:00,1.8812695,0,0
2010-10-22 15:00:00,1.9351985,0,0
2010-10-22 16:00:00,1.9546156,0,0
2010-10-22 17:00:00,2.0499396,0,0
2010-10-22 18:00:00,1.9937726,0,0
2010-10-22 19:00:00,1.7557098,0,0
2010-10-22 20:00:00,1.4632137,0,0
2010-10-22 21:00:00,1.2238271,0,0
2010-10-22 22:00:00,1.0535303,0,0
2010-10-22 23:00:00,0.9102149,0,0
2010-10-23 00:00:00,0.77560645,1,0
2010-10-23 01:00:00,0.69034815,1,0
2010-10-23 02:00:00,0.6592508,1,0
2010-10-23 03:00:00,0.6172387,1,0
2010-10-23 04:00:00,0.5718487,1,0
2010-10-23 05:00:00,0.4412956,1,0
2010-10-23 06:00:00,0.407214,1,0
2010-10-23 07:00:00,0.25328165,1,0
2010-10-23 08:00:00,0.15656963,1,0
2010-10-23 09:00:00,0.086200364,1,0
2010-10-23 10:00:00,-0.024975276,1,0
2010-10-23 11:00:00,-0.18792686,1,0
2010-10-23 12:00:00,-0.32834083,1,0
2010-10-23 13:00:00,-0.48020688,1,0
2010-10-23 14:00:00,-0.48024124,1,0
2010-10-23 15:00:00,-0.4766938,1,0
2010-10-23 16:00:00,-0.48371908,1,0
2010-10-23 17:00:00,-0.5009751,1,0
2010-10-23 18:00:00,-0.37026623,1,0
2010-10-23 19:00:00,-0.43238726,1,0
2010-10-23 20:00:00,-0.5699438,1,0
2010-10-23 21:00:00,-0.6628685,1,0
2010-10-23 22:00:00,-0.73679554,1,0
2010-10-23 23:00:00,-0.81176794,1,0
2010-10-24 00:00:00,-0.89254916,1,0
2010-10-24 01:00:00,-0.98822093,1,0
2010-10-24 02:00:00,-1.089873,1,0
2010-10-24 03:00:00,-1.1818781,1,0
2010-10-24 04:00:00,-1.2945828,1,0
2010-10-24 05:00:00,-1.4116572,1,0
2010-10-24 06:00:00,-1.5030439,1,0
2010-10-24 07:00:00,-1.5505021,1,0
2010-10-24 08:00:00,-1.3627954,1,0
2010-10-24 09:00:00,-1.3894932,1,0
2010-10-24 10:00:00,-1.2386372,1,0
2010-10-24 11:00:00,-0.99229103,1,0
2010-10-24 12:00:00,-0.7662108,1,0
2010-10-24 13:00:00,-0.54660314,1,0
2010-10-24 14:00:00,-0.37940785,1,0
2010-10-24 15:00:00,-0.27966365,1,0
2010-10-24 16:00:00,-0.2711716,1,0
2010-10-24 17:00:00,-0.36952552,1,0
2010-10-24 18:00:00,-0.46480715,1,0
2010-10-24 19:00:00,-0.74458534,1,0
2010-10-24 20:00:00,-0.9951527,1,0
2010-10-24 21:00:00,-1.1903772,1,0
2010-10-24 22:00:00,-1.341003,1,0
2010-10-24 23:00:00,-1.4638,1,0
2010-10-25 00:00:00,-1.5638467,0,0
2010-10-25 01:00:00,-1.6717066,0,0
2010-10-25 02:00:00,-1.7848432,0,0
2010-10-25 03:00:00,-1.9244798,0,0
2010-10-25 04:00:00,-2.0504942,0,0
2010-10-25 05:00:00,-2.0520892,0,0
2010-10-25 06:00:00,-1.9600959,0,0
2010-10-25 07:00:00,-1.9946679,0,0
2010-10-25 08:00:00,-1.7073264,0,0
2010-10-25 09:00:00,-1.2524837,0,0
2010-10-25 10:00:00,-0.82081705,0,0
2010-10-25 11:00:00,-0.41238827,0,0
2010-10-25 12:00:00,0.008709099,0,0
2010-10-25 13:00:00,0.4046904,0,0
2010-10-25 14:00:00,0.54320866,0,0
2010-10-25 15:00:00,0.77956575,0,0
2010-10-25 16:00:00,0.91559917,0,0
2010-10-25 17:00:00,0.96256995,0,0
2010-10-25 18:00:00,0.87784505,0,0
2010-10-25 19:00:00,0.6877605,0,0
2010-10-25 20:00:00,0.36754924,0,0
2010-10-25 21:00:00,0.14957413,0,0
2010-10-25 22:00:00,-0.03440215,0,0
2010-10-25 23:00:00,-0.37867472,0,0
2010-10-26 00:00:00,-0.66765124,0,0
2010-10-26 01:00:00,-0.92042613,0,0
2010-10-26 02:00:00,-1.0958185,0,0
2010-10-26 03:00:00,-1.22378,0,0
2010-10-26 04:00:00,-1.3159287,0,0
2010-10-26 05:00:00,-1.410956,0,0
2010-10-26 06:00:00,-1.2918874,0,0
2010-10-26 07:00:00,-1.2533567,0,0
2010-10-26 08:00:00,-0.8836211,0,0
2010-10-26 09:00:00,-0.33732122,0,0
2010-10-26 10:00:00,0.12839052,0,0
2010-10-26 11:00:00,0.51436627,0,0
2010-10-26 12:00:00,0.6254091,0,0
2010-10-26 13:00:00,0.6583811,0,0
2010-10-26 14:00:00,0.71187645,0,0
2010-10-26 15:00:00,0.7861819,0,0
2010-10-26 16:00:00,0.6622147,0,0
2010-10-26 17:00:00,0.5394227,0,0
2010-10-26 18:00:00,0.43953294,0,0
2010-10-26 19:00:00,0.28814667,0,0
2010-10-26 20:00:00,0.09648147,0,0
2010-10-26 21:00:00,-0.041555364,0,0
2010-10-26 22:00:00,-0.15246677,0,0
2010-10-26 23:00:00,-0.31688577,0,0
2010-10-27 00:00:00,-0.39114964,0,0
2010-10-27 01:00:00,-0.37907362,0,0
2010-10-27 02:00:00,-0.4028054,0,0
2010-10-27 03:00:00,-0.49156567,0,0
2010-10-27 04:00:00,-0.51363516,0,0
2010-10-27 05:00:00,-0.5651384,0,0
2010-10-27 06:00:00,-0.7261428,0,0
2010-10-27 07:00:00,-0.7909263,0,0
2010-10-27 08:00:00,-0.8330403,0,0
2010-10-27 09:00:00,-0.8113695,0,0
2010-10-27 10:00:00,-0.7243833,0,0
2010-10-27 11:00:00,-0.4761623,0,0
2010-10-27 12:00:00,-0.30983916,0,0
2010-10-27 13:00:00,-0.14937678,0,0
2010-10-27 14:00:00,0.046653014,0,0
2010-10-27 15:00:00,0.09726461,0,0
2010-10-27 16:00:00,0.06985737,0,0
2010-10-27 17:00:00,-0.094057254,0,0
2010-10-27 18:00:00,-0.2406281,0,0
2010-10-27 19:00:00,-0.42164847,0,0
2010-10-27 20:00:00,-0.6331633,0,0
2010-10-27 21:00:00,-0.8276847,0,0
2010-10-27 22:00:00,-0.97997254,0,0
2010-10-27 23:00:00,-1.1044319,0,0
2010-10-28 00:00:00,-1.2402914,0,0
2010-10-28 01:00:00,-1.3855742,0,0
2010-10-28 02:00:00,-1.5630227,0,0
2010-10-28 03:00:00,-1.7489654,0,0
2010-10-28 04:00:00,-1.8815247,0,0
2010-10-28 05:00:00,-1.9591872,0,0
2010-10-28 06:00:00,-2.2861447,0,0
2010-10-28 07:00:00,-2.2362103,0,0
2010-10-28 08:00:00,-1.475429,0,0
2010-10-28 09:00:00,-0.999597,0,0
2010-10-28 10:00:00,-0.56007016,0,0
2010-10-28 11:00:00,-0.10755015,0,0
2010-10-28 12:00:00,0.33015162,0,0
2010-10-28 13:00:00,0.7415937,0,0
2010-10-28 14:00:00,1.0428514,0,0
2010-10-28 15:00:00,1.2148741,0,0
2010-10-28 16:00:00,1.25027,0,0
2010-10-28 17:00:00,1.2127149,0,0
2010-10-28 18:00:00,1.2150244,0,0
2010-10-28 19:00:00,1.0702277,0,0
2010-10-28 20:00:00,0.7276135,0,0
2010-10-28 21:00:00,0.42453414,0,0
2010-10-28 22:00:00,0.19563065,0,0
2010-10-28 23:00:00,0.048782025,0,0
2010-10-29 00:00:00,-0.037322685,0,0
2010-10-29 01:00:00,-0.10757821,0,0
2010-10-29 02:00:00,-0.1596187,0,0
2010-10-29 03:00:00,-0.20585026,0,0
2010-10-29 04:00:00,-0.2673663,0,0
2010-10-29 05:00:00,-0.28145146,0,0
2010-10-29 06:00:00,-0.34400764,0,0
2010-10-29 07:00:00,-0.25784382,0,0
2010-10-29 08:00:00,0.08924676,0,0
2010-10-29 09:00:00,0.50926614,0,0
2010-10-29 10:00:00,0.9347056,0,0
2010-10-29 11:00:00,1.3411578,0,0
2010-10-29 12:00:00,1.7146807,0,0
2010-10-29 13:00:00,2.0320334,0,0
2010-10-29 14:00:00,2.2567968,0,0
2010-10-29 15:00:00,2.386161,0,0
2010-10-29 16:00:00,2.451005,0,0
2010-10-29 17:00:00,2.448055,0,0
2010-10-29 18:00:00,2.3211417,0,0
2010-10-29 19:00:00,2.119358,0,0
2010-10-29 20:00:00,1.8780781,0,0
2010-10-29 21:00:00,1.7576549,0,0
2010-10-29 22:00:00,1.6716518,0,0
2010-10-29 23:00:00,1.6116716,0,0
2010-10-30 00:00:00,1.5689527,1,0
2010-10-30 01:00:00,1.5104637,1,0
2010-10-30 02:00:00,1.4697957,1,0
2010-10-30 03:00:00,1.440357,1,0
2010-10-30 04:00:00,1.3838394,1,0
2010-10-30 05:00:00,1.2851493,1,0
2010-10-30 06:00:00,1.253079,1,0
2010-10-30 07:00:00,1.1952881,1,0
2010-10-30 08:00:00,1.3053907,1,0
2010-10-30 09:00:00,1.4709139,1,0
2010-10-30 10:00:00,1.763502,1,0
2010-10-30 11:00:00,2.0669477,1,0
2010-10-30 12:00:00,2.1643803,1,0
2010-10-30 13:00:00,2.0851748,1,0
2010-10-30 14:00:00,2.0040858,1,0
2010-10-30 15:00:00,1.8859953,1,0
2010-10-30 16:00:00,1.7114995,1,0
2010-10-30 17:00:00,1.5527012,1,0
2010-10-30 18:00:00,1.0793598,1,0
2010-10-30 19:00:00,0.89315456,1,0
2010-10-30 20:00:00,0.7289915,1,0
2010-10-30 21:00:00,0.6316625,1,0
2010-10-30 22:00:00,0.5392685,1,0
2010-10-30 23:00:00,0.4614178,1,0
2010-10-31 00:00:00,0.39662915,1,0
2010-10-31 01:00:00,0.34367645,1,0
2010-10-31 02:00:00,0.22931476,1,0
2010-10-31 03:00:00,0.17360765,1,0
2010-10-31 04:00:00,0.15607381,1,0
2010-10-31 05:00:00,0.105833545,1,0
2010-10-31 06:00:00,-0.029227527,1,0
2010-10-31 07:00:00,-0.105634,1,0
2010-10-31 08:00:00,-0.16932525,1,0
2010-10-31 09:00:00,-0.25114664,1,0
2010-10-31 10:00:00,-0.33296812,1,0
2010-10-31 11:00:00,-0.39949995,1,0
2010-10-31 12:00:00,-0.44803983,1,0
2010-10-31 13:00:00,-0.44266447,1,0
2010-10-31 14:00:00,-0.37341946,1,0
2010-10-31 15:00:00,-0.42093667,1,0
2010-10-31 16:00:00,-0.4725661,1,0
2010-10-31 17:00:00,-0.509908,1,0
2010-10-31 18:00:00,-0.55282223,1,0
2010-10-31 19:00:00,-0.6756938,1,0
2010-10-31 20:00:00,-0.8286605,1,0
2010-10-31 21:00:00,-0.95909464,1,0
2010-10-31 22:00:00,-1.0818071,1,0
2010-10-31 23:00:00,-1.1727619,1,0
2010-11-01 00:00:00,-1.232621,0,0
2010-11-01 01:00:00,-1.300682,0,0
2010-11-01 02:00:00,-1.3770934,0,0
2010-11-01 03:00:00,-1.442053,0,0
2010-11-01 04:00:00,-1.5580302,0,0
2010-11-01 05:00:00,-1.6685871,0,0
2010-11-01 06:00:00,-1.6850758,0,0
2010-11-01 07:00:00,-1.6586694,0,0
2010-11-01 08:00:00,-1.4557108,0,0
2010-11-01 09:00:00,-1.2543472,0,0
2010-11-01 10:00:00,-1.0998768,0,0
2010-11-01 11:00:00,-1.01829,0,0
2010-11-01 12:00:00,-0.87783784,0,0
2010-11-01 13:00:00,-0.84668183,0,0
2010-11-01 14:00:00,-0.7070176,0,0
2010-11-01 15:00:00,-0.57468104,0,0
2010-11-01 16:00:00,-0.5230813,0,0
2010-11-01 17:00:00,-0.54420954,0,0
2010-11-01 18:00:00,-0.63069993,0,0
2010-11-01 19:00:00,-0.74099654,0,0
2010-11-01 20:00:00,-0.8778637,0,0
2010-11-01 21:00:00,-0.9902715,0,0
2010-11-01 22:00:00,-1.0471605,0,0
2010-11-01 23:00:00,-1.0549892,0,0
2010-11-02 00:00:00,-1.1143627,0,1
2010-11-02 01:00:00,-1.2409126,0,1
2010-11-02 02:00:00,-1.328804,0,1
2010-11-02 03:00:00,-1.2426126,0,1
2010-11-02 04:00:00,-1.233068,0,1
2010-11-02 05:00:00,-1.1895387,0,1
2010-11-02 06:00:00,-1.0923738,0,1
2010-11-02 07:00:00,-1.0049418,0,1
2010-11-02 08:00:00,-0.8889351,0,1
2010-11-02 09:00:00,-0.70968086,0,1
2010-11-02 10:00:00,-0.541948,0,1
2010-11-02 11:00:00,-0.32593924,0,1
2010-11-02 12:00:00,-0.20982526,0,1
2010-11-02 13:00:00,-0.067178845,0,1
2010-11-02 14:00:00,-0.009712828,0,1
2010-11-02 15:00:00,0.0002651593,0,1
2010-11-02 16:00:00,0.0055263997,0,1
2010-11-02 17:00:00,-0.03985559,0,1
2010-11-02 18:00:00,0.04535234,0,1
2010-11-02 19:00:00,-0.11551599,0,1
2010-11-02 20:00:00,-0.31163216,0,1
2010-11-02 21:00:00,-0.4702318,0,1
2010-11-02 22:00:00,-0.63009435,0,1
2010-11-02 23:00:00,-0.72981626,0,1
2010-11-03 00:00:00,-0.8280194,0,0
2010-11-03 01:00:00,-0.9761844,0,0
2010-11-03 02:00:00,-1.1344815,0,0
2010-11-03 03:00:00,-1.2552121,0,0
2010-11-03 04:00:00,-1.3773872,0,0
2010-11-03 05:00:00,-1.4928788,0,0
2010-11-03 06:00:00,-1.4877884,0,0
2010-11-03 07:00:00,-1.4414186,0,0
2010-11-03 08:00:00,-1.2866737,0,0
2010-11-03 09:00:00,-1.1799538,0,0
2010-11-03 10:00:00,-1.1458324,0,0
2010-11-03 11:00:00,-1.0231074,0,0
2010-11-03 12:00:00,-0.99391425,0,0
2010-11-03 13:00:00,-0.8434647,0,0
2010-11-03 14:00:00,-0.7646408,0,0
2010-11-03 15:00:00,-0.7200715,0,0
2010-11-03 16:00:00,-0.71892434,0,0
2010-11-03 17:00:00,-0.8297012,0,0
2010-11-03 18:00:00,-0.88016117,0,0
2010-11-03 19:00:00,-0.9961403,0,0
2010-11-03 20:00:00,-1.0759975,0,0
2010-11-03 21:00:00,-1.132572,0,0
2010-11-03 22:00:00,-1.2314247,0,0
2010-11-03 23:00:00,-1.2986635,0,0
2010-11-04 00:00:00,-1.413281,0,0
2010-11-04 01:00:00,-1.4771951,0,0
2010-11-04 02:00:00,-1.4992698,0,0
2010-11-04 03:00:00,-1.592229,0,0
2010-11-04 04:00:00,-1.6313832,0,0
2010-11-04 05:00:00,-1.727786,0,0
2010-11-04 06:00:00,-1.7885711,0,0
2010-11-04 07:00:00,-1.753254,0,0
2010-11-04 08:00:00,-1.3629603,0,0
2010-11-04 09:00:00,-1.308625,0,0
2010-11-04 10:00:00,-1.2027295,0,0
2010-11-04 11:00:00,-1.0386403,0,0
2010-11-04 12:00:00,-0.9188875,0,0
2010-11-04 13:00:00,-0.8332512,0,0
2010-11-04 14:00:00,-0.76724106,0,0
2010-11-04 15:00:00,-0.60324365,0,0
2010-11-04 16:00:00,-0.6163877,0,0
2010-11-04 17:00:00,-0.5287194,0,0
2010-11-04 18:00:00,-0.50361943,0,0
2010-11-04 19:00:00,-0.594433,0,0
2010-11-04 20:00:00,-0.8213409,0,0
2010-11-04 21:00:00,-1.004576,0,0
2010-11-04 22:00:00,-1.1833947,0,0
2010-11-04 23:00:00,-1.2894957,0,0
2010-11-05 00:00:00,-1.391621,0,0
2010-11-05 01:00:00,-1.4681121,0,0
2010-11-05 02:00:00,-1.5539992,0,0
2010-11-05 03:00:00,-1.6489677,0,0
2010-11-05 04:00:00,-1.760095,0,0
2010-11-05 05:00:00,-1.8842794,0,0
2010-11-05 06:00:00,-2.0218873,0,0
2010-11-05 07:00:00,-1.9193196,0,0
2010-11-05 08:00:00,-1.4296565,0,0
2010-11-05 09:00:00,-1.0233457,0,0
2010-11-05 10:00:00,-0.60371,0,0
2010-11-05 11:00:00,-0.21380538,0,0
2010-11-05 12:00:00,0.16890843,0,0
2010-11-05 13:00:00,0.24379742,0,0
2010-11-05 14:00:00,0.3128775,0,0
2010-11-05 15:00:00,0.40253824,0,0
2010-11-05 16:00:00,0.3628874,0,0
2010-11-05 17:00:00,0.29742607,0,0
2010-11-05 18:00:00,0.27777523,0,0
2010-11-05 19:00:00,0.17295748,0,0
2010-11-05 20:00:00,-0.21694212,0,0
2010-11-05 21:00:00,-0.47835317,0,0
2010-11-05 22:00:00,-0.6428515,0,0
2010-11-05 23:00:00,-0.78769577,0,0
2010-11-06 00:00:00,-0.913627,1,0
2010-11-06 01:00:00,-1.0393598,1,0
2010-11-06 02:00:00,-1.2922195,1,0
2010-11-06 03:00:00,-1.5500535,1,0
2010-11-06 04:00:00,-1.6611011,1,0
2010-11-06 05:00:00,-1.7445155,1,0
2010-11-06 06:00:00,-1.793636,1,0
2010-11-06 07:00:00,-1.687578,1,0
2010-11-06 08:00:00,-0.99101216,1,0
2010-11-06 09:00:00,-0.37178916,1,0
2010-11-06 10:00:00,0.009810023,1,0
2010-11-06 11:00:00,0.2891732,1,0
2010-11-06 12:00:00,0.49198124,1,0
2010-11-06 13:00:00,0.5904675,1,0
2010-11-06 14:00:00,0.8349041,1,0
2010-11-06 15:00:00,0.91063464,1,0
2010-11-06 16:00:00,0.928001,1,0
2010-11-06 17:00:00,0.87720716,1,0
2010-11-06 18:00:00,0.9078983,1,0
2010-11-06 19:00:00,0.90967906,1,0
2010-11-06 20:00:00,0.67206717,1,0
2010-11-06 21:00:00,0.40930828,1,0
2010-11-06 22:00:00,0.18668745,1,0
2010-11-06 23:00:00,-0.046986565,1,0
2010-11-07 00:00:00,-0.24713346,1,0
2010-11-07 01:00:00,-0.3883699,1,0
2010-11-07 02:00:00,-0.4732652,1,0
2010-11-07 03:00:00,-0.4515101,1,0
2010-11-07 04:00:00,-0.3965389,1,0
2010-11-07 05:00:00,-0.37374178,1,0
2010-11-07 06:00:00,-0.3809155,1,0
2010-11-07 07:00:00,-0.33798403,1,0
2010-11-07 08:00:00,-0.09959477,1,0
2010-11-07 09:00:00,0.23266773,1,0
2010-11-07 10:00:00,0.63752705,1,0
2010-11-07 11:00:00,0.99942166,1,0
2010-11-07 12:00:00,1.2486341,1,0
2010-11-07 13:00:00,1.4175195,1,0
2010-11-07 14:00:00,1.6429219,1,0
2010-11-07 15:00:00,1.723439,1,0
2010-11-07 16:00:00,1.7669557,1,0
2010-11-07 17:00:00,1.8141389,1,0
2010-11-07 18:00:00,1.8252797,1,0
2010-11-07 19:00:00,1.5978501,1,0
2010-11-07 20:00:00,1.3624308,1,0
2010-11-07 21:00:00,1.1350427,1,0
2010-11-07 22:00:00,0.97074443,1,0
2010-11-07 23:00:00,0.83739215,1,0
2010-11-08 00:00:00,0.5314934,0,0
2010-11-08 01:00:00,0.29632166,0,0
2010-11-08 02:00:00,0.10980187,0,0
2010-11-08 03:00:00,-0.03928578,0,0
2010-11-08 04:00:00,-0.16019757,0,0
2010-11-08 05:00:00,-0.2053372,0,0
2010-11-08 06:00:00,-0.3209779,0,0
2010-11-08 07:00:00,-0.33429393,0,0
2010-11-08 08:00:00,-0.031411134,0,0
2010-11-08 09:00:00,0.20037971,0,0
2010-11-08 10:00:00,0.48758724,0,0
2010-11-08 11:00:00,0.8469303,0,0
2010-11-08 12:00:00,1.1927288,0,0
2010-11-08 13:00:00,1.3492117,0,0
2010-11-08 14:00:00,1.4067068,0,0
2010-11-08 15:00:00,1.4241849,0,0
2010-11-08 16:00:00,1.4566542,0,0
2010-11-08 17:00:00,1.4328773,0,0
2010-11-08 18:00:00,1.206538,0,0
2010-11-08 19:00:00,0.94162256,0,0
2010-11-08 20:00:00,0.6567387,0,0
2010-11-08 21:00:00,0.45037654,0,0
2010-11-08 22:00:00,0.3104097,0,0
2010-11-08 23:00:00,0.22683626,0,0
2010-11-09 00:00:00,0.13386683,0,0
2010-11-09 01:00:00,0.060380436,0,0
2010-11-09 02:00:00,-0.0027509776,0,0
2010-11-09 03:00:00,-0.13457753,0,0
2010-11-09 04:00:00,-0.28983542,0,0
2010-11-09 05:00:00,-0.47289434,0,0
2010-11-09 06:00:00,-0.76073194,0,0
2010-11-09 07:00:00,-0.70645523,0,0
2010-11-09 08:00:00,0.058002543,0,0
2010-11-09 09:00:00,0.5107507,0,0
2010-11-09 10:00:00,1.0468265,0,0
2010-11-09 11:00:00,1.552325,0,0
2010-11-09 12:00:00,1.9210361,0,0
2010-11-09 13:00:00,2.1210756,0,0
2010-11-09 14:00:00,2.2514098,0,0
2010-11-09 15:00:00,2.3369632,0,0
2010-11-09 16:00:00,2.36778,0,0
2010-11-09 17:00:00,2.378715,0,0
2010-11-09 18:00:00,2.4696503,0,0
2010-11-09 19:00:00,2.3542595,0,0
2010-11-09 20:00:00,1.9430493,0,0
2010-11-09 21:00:00,1.5647088,0,0
2010-11-09 22:00:00,1.3032495,0,0
2010-11-09 23:00:00,1.1028519,0,0
2010-11-10 00:00:00,0.9751253,0,0
2010-11-10 01:00:00,1.0009147,0,0
2010-11-10 02:00:00,1.1306148,0,0
2010-11-10 03:00:00,1.243596,0,0
2010-11-10 04:00:00,1.3115916,0,0
2010-11-10 05:00:00,1.3439505,0,0
2010-11-10 06:00:00,1.3933805,0,0
2010-11-10 07:00:00,1.436483,0,0
2010-11-10 08:00:00,1.6151203,0,0
2010-11-10 09:00:00,1.9177213,0,0
2010-11-10 10:00:00,2.105331,0,0
2010-11-10 11:00:00,2.266386,0,0
2010-11-10 12:00:00,2.4239507,0,0
2010-11-10 13:00:00,2.5927446,0,0
2010-11-10 14:00:00,2.5695014,0,0
2010-11-10 15:00:00,2.4003346,0,0
2010-11-10 16:00:00,2.0484529,0,0
2010-11-10 17:00:00,1.824565,0,0
2010-11-10 18:00:00,1.7493728,0,0
2010-11-10 19:00:00,1.6822311,0,0
2010-11-10 20:00:00,1.4395725,0,0
2010-11-10 21:00:00,1.153704,0,0
2010-11-10 22:00:00,0.9805457,0,0
2010-11-10 23:00:00,0.8197881,0,0
2010-11-11 00:00:00,0.66322917,0,0
2010-11-11 01:00:00,0.4136749,0,0
2010-11-11 02:00:00,0.18452466,0,0
2010-11-11 03:00:00,0.40413028,0,0
2010-11-11 04:00:00,0.3028674,0,0
2010-11-11 05:00:00,0.19860683,0,0
2010-11-11 06:00:00,0.020287942,0,0
2010-11-11 07:00:00,0.10491567,0,0
2010-11-11 08:00:00,0.38891485,0,0
2010-11-11 09:00:00,0.8546632,0,0
2010-11-11 10:00:00,1.3846159,0,0
2010-11-11 11:00:00,1.8568603,0,0
2010-11-11 12:00:00,2.428799,0,0
2010-11-11 13:00:00,2.8565981,0,0
2010-11-11 14:00:00,3.1187363,0,0
2010-11-11 15:00:00,3.2546887,0,0
2010-11-11 16:00:00,3.303674,0,0
2010-11-11 17:00:00,3.335704,0,0
2010-11-11 18:00:00,3.2684824,0,0
2010-11-11 19:00:00,3.214926,0,0
2010-11-11 20:00:00,2.837439,0,0
2010-11-11 21:00:00,2.556018,0,0
2010-11-11 22:00:00,2.3698523,0,0
2010-11-11 23:00:00,2.186882,0,0
2010-11-12 00:00:00,1.9503622,0,0
2010-11-12 01:00:00,1.7974285,0,0
2010-11-12 02:00:00,1.6610936,0,0
2010-11-12 03:00:00,1.6077607,0,0
2010-11-12 04:00:00,1.5872579,0,0
2010-11-12 05:00:00,1.4204063,0,0
2010-11-12 06:00:00,1.4421026,0,0
2010-11-12 07:00:00,1.6776583,0,0
2010-11-12 08:00:00,1.9198178,0,0
2010-11-12 09:00:00,2.2511268,0,0
2010-11-12 10:00:00,2.6463912,0,0
2010-11-12 11:00:00,2.9142122,0,0
2010-11-12 12:00:00,3.2143564,0,0
2010-11-12 13:00:00,3.537347,0,0
2010-11-12 14:00:00,3.7946975,0,0
2010-11-12 15:00:00,3.9497476,0,0
2010-11-12 16:00:00,3.983404,0,0
2010-11-12 17:00:00,3.8701375,0,0
2010-11-12 18:00:00,3.6845005,0,0
2010-11-12 19:00:00,3.4454734,0,0
2010-11-12 20:00:00,3.1193016,0,0
2010-11-12 21:00:00,2.8620422,0,0
2010-11-12 22:00:00,2.6886387,0,0
2010-11-12 23:00:00,2.5628834,0,0
2010-11-13 00:00:00,2.4849532,1,0
2010-11-13 01:00:00,2.4174519,1,0
2010-11-13 02:00:00,2.239862,1,0
2010-11-13 03:00:00,1.8249075,1,0
2010-11-13 04:00:00,1.398316,1,0
2010-11-13 05:00:00,1.1506469,1,0
2010-11-13 06:00:00,1.0517303,1,0
2010-11-13 07:00:00,0.9764434,1,0
2010-11-13 08:00:00,0.93950593,1,0
2010-11-13 09:00:00,0.9136265,1,0
2010-11-13 10:00:00,0.8570867,1,0
2010-11-13 11:00:00,0.8457558,1,0
2010-11-13 12:00:00,0.74960905,1,0
2010-11-13 13:00:00,0.7184528,1,0
2010-11-13 14:00:00,0.6669445,1,0
2010-11-13 15:00:00,0.6110665,1,0
2010-11-13 16:00:00,0.5524757,1,0
2010-11-13 17:00:00,0.5436346,1,0
2010-11-13 18:00:00,0.3958255,1,0
2010-11-13 19:00:00,0.34863472,1,0
2010-11-13 20:00:00,0.33127204,1,0
2010-11-13 21:00:00,0.3385895,1,0
2010-11-13 22:00:00,0.36516684,1,0
2010-11-13 23:00:00,0.41664264,1,0
2010-11-14 00:00:00,0.46772945,1,0
2010-11-14 01:00:00,0.4935764,1,0
2010-11-14 02:00:00,0.47278014,1,0
2010-11-14 03:00:00,0.46918797,1,0
2010-11-14 04:00:00,0.42415056,1,0
2010-11-14 05:00:00,0.39876172,1,0
2010-11-14 06:00:00,0.31471813,1,0
2010-11-14 07:00:00,0.30571106,1,0
2010-11-14 08:00:00,0.39315322,1,0
2010-11-14 09:00:00,0.57367563,1,0
2010-11-14 10:00:00,0.8243104,1,0
2010-11-14 11:00:00,1.0013009,1,0
2010-11-14 12:00:00,1.3083733,1,0
2010-11-14 13:00:00,1.5177782,1,0
2010-11-14 14:00:00,1.7721012,1,0
2010-11-14 15:00:00,1.8355522,1,0
2010-11-14 16:00:00,1.7914733,1,0
2010-11-14 17:00:00,1.5569439,1,0
2010-11-14 18:00:00,1.2767167,1,0
2010-11-14 19:00:00,1.1539228,1,0
2010-11-14 20:00:00,1.0250245,1,0
2010-11-14 21:00:00,0.8736731,1,0
2010-11-14 22:00:00,0.74905324,1,0
2010-11-14 23:00:00,0.6324641,1,0
2010-11-15 00:00:00,0.52788717,0,0
2010-11-15 01:00:00,0.4658113,0,0
2010-11-15 02:00:00,0.39521393,0,0
2010-11-15 03:00:00,0.31099427,0,0
2010-11-15 04:00:00,0.2040242,0,0
2010-11-15 05:00:00,0.052063126,0,0
2010-11-15 06:00:00,-0.18524615,0,0
2010-11-15 07:00:00,-0.30939263,0,0
2010-11-15 08:00:00,-0.34268603,0,0
2010-11-15 09:00:00,-0.2625367,0,0
2010-11-15 10:00:00,-0.14882419,0,0
2010-11-15 11:00:00,-0.14217545,0,0
2010-11-15 12:00:00,0.13267829,0,0
2010-11-15 13:00:00,0.33066756,0,0
2010-11-15 14:00:00,0.36824968,0,0
2010-11-15 15:00:00,0.31906828,0,0
2010-11-15 16:00:00,0.3191181,0,0
2010-11-15 17:00:00,0.2726011,0,0
2010-11-15 18:00:00,0.23242548,0,0
2010-11-15 19:00:00,0.055512376,0,0
2010-11-15 20:00:00,-0.11153639,0,0
2010-11-15 21:00:00,-0.23093681,0,0
2010-11-15 22:00:00,-0.31940714,0,0
2010-11-15 23:00:00,-0.4189682,0,0
2010-11-16 00:00:00,-0.5522861,0,0
2010-11-16 01:00:00,-0.6873576,0,0
2010-11-16 02:00:00,-0.7566919,0,0
2010-11-16 03:00:00,-0.89032423,0,0
2010-11-16 04:00:00,-0.93036324,0,0
2010-11-16 05:00:00,-0.96859646,0,0
2010-11-16 06:00:00,-0.9027159,0,0
2010-11-16 07:00:00,-0.86119604,0,0
2010-11-16 08:00:00,-0.7257508,0,0
2010-11-16 09:00:00,-0.60221565,0,0
2010-11-16 10:00:00,-0.48282728,0,0
2010-11-16 11:00:00,-0.34696054,0,0
2010-11-16 12:00:00,-0.22244929,0,0
2010-11-16 13:00:00,-0.114542685,0,0
2010-11-16 14:00:00,0.045478906,0,0
2010-11-16 15:00:00,0.07074124,0,0
2010-11-16 16:00:00,0.17642589,0,0
2010-11-16 17:00:00,0.15578146,0,0
2010-11-16 18:00:00,0.065453574,0,0
2010-11-16 19:00:00,-0.07934974,0,0
2010-11-16 20:00:00,-0.23220448,0,0
2010-11-16 21:00:00,-0.39170122,0,0
2010-11-16 22:00:00,-0.5089916,0,0
2010-11-16 23:00:00,-0.66689825,0,0
2010-11-17 00:00:00,-0.8011146,0,0
2010-11-17 01:00:00,-0.8740829,0,0
2010-11-17 02:00:00,-0.9968247,0,0
2010-11-17 03:00:00,-1.1996652,0,0
2010-11-17 04:00:00,-1.4707601,0,0
2010-11-17 05:00:00,-1.636834,0,0
2010-11-17 06:00:00,-1.7177069,0,0
2010-11-17 07:00:00,-1.5119321,0,0
2010-11-17 08:00:00,-0.7660175,0,0
2010-11-17 09:00:00,-0.5773412,0,0
2010-11-17 10:00:00,-0.21489675,0,0
2010-11-17 11:00:00,0.13929912,0,0
2010-11-17 12:00:00,0.50183314,0,0
2010-11-17 13:00:00,0.8280222,0,0
2010-11-17 14:00:00,1.0426118,0,0
2010-11-17 15:00:00,1.1668566,0,0
2010-11-17 16:00:00,1.238817,0,0
2010-11-17 17:00:00,1.2459143,0,0
2010-11-17 18:00:00,1.1344185,0,0
2010-11-17 19:00:00,1.0517724,0,0
2010-11-17 20:00:00,0.8655995,0,0
2010-11-17 21:00:00,0.6520805,0,0
2010-11-17 22:00:00,0.4920433,0,0
2010-11-17 23:00:00,0.33264548,0,0
2010-11-18 00:00:00,-0.022489876,0,0
2010-11-18 01:00:00,-0.120309316,0,0
2010-11-18 02:00:00,-0.26716977,0,0
2010-11-18 03:00:00,-0.36554915,0,0
2010-11-18 04:00:00,-0.49695414,0,0
2010-11-18 05:00:00,-0.6123714,0,0
2010-11-18 06:00:00,-0.6413523,0,0
2010-11-18 07:00:00,-0.46462244,0,0
2010-11-18 08:00:00,-0.080104984,0,0
2010-11-18 09:00:00,0.18642578,0,0
2010-11-18 10:00:00,0.43598214,0,0
2010-11-18 11:00:00,0.40384772,0,0
2010-11-18 12:00:00,0.43120787,0,0
2010-11-18 13:00:00,0.3464783,0,0
2010-11-18 14:00:00,0.14194952,0,0
2010-11-18 15:00:00,-0.035899837,0,0
2010-11-18 16:00:00,-0.20213121,0,0
2010-11-18 17:00:00,-0.3468805,0,0
2010-11-18 18:00:00,-0.37804025,0,0
2010-11-18 19:00:00,-0.47116,0,0
2010-11-18 20:00:00,-0.6112822,0,0
2010-11-18 21:00:00,-0.7789305,0,0
2010-11-18 22:00:00,-0.95741385,0,0
2010-11-18 23:00:00,-1.0823432,0,0
2010-11-19 00:00:00,-1.185652,0,0
2010-11-19 01:00:00,-1.2517087,0,0
2010-11-19 02:00:00,-1.3125215,0,0
2010-11-19 03:00:00,-1.3562962,0,0
2010-11-19 04:00:00,-1.3916457,0,0
2010-11-19 05:00:00,-1.4615397,0,0
2010-11-19 06:00:00,-1.5211692,0,0
2010-11-19 07:00:00,-1.4580754,0,0
2010-11-19 08:00:00,-1.3580164,0,0
2010-11-19 09:00:00,-1.1279826,0,0
2010-11-19 10:00:00,-0.86116505,0,0
2010-11-19 11:00:00,-0.55362767,0,0
2010-11-19 12:00:00,-0.28980976,0,0
2010-11-19 13:00:00,-0.05238125,0,0
2010-11-19 14:00:00,0.14608626,0,0
2010-11-19 15:00:00,0.28706348,0,0
2010-11-19 16:00:00,0.34967968,0,0
2010-11-19 17:00:00,0.3027375,0,0
2010-11-19 18:00:00,0.34840024,0,0
2010-11-19 19:00:00,0.15010166,0,0
2010-11-19 20:00:00,-0.11337952,0,0
2010-11-19 21:00:00,-0.35117984,0,0
2010-11-19 22:00:00,-0.51149875,0,0
2010-11-19 23:00:00,-0.6403277,0,0
2010-11-20 00:00:00,-0.7367873,1,0
2010-11-20 01:00:00,-0.87831235,1,0
2010-11-20 02:00:00,-0.968585,1,0
2010-11-20 03:00:00,-1.0904199,1,0
2010-11-20 04:00:00,-1.312835,1,0
2010-11-20 05:00:00,-1.4184728,1,0
2010-11-20 06:00:00,-1.282762,1,0
2010-11-20 07:00:00,-1.2563289,1,0
2010-11-20 08:00:00,-0.78901976,1,0
2010-11-20 09:00:00,-0.30676892,1,0
2010-11-20 10:00:00,0.19332331,1,0
2010-11-20 11:00:00,0.71779853,1,0
2010-11-20 12:00:00,1.2504015,1,0
2010-11-20 13:00:00,1.7391655,1,0
2010-11-20 14:00:00,1.9100254,1,0
2010-11-20 15:00:00,1.8522757,1,0
2010-11-20 16:00:00,1.7770023,1,0
2010-11-20 17:00:00,1.5319967,1,0
2010-11-20 18:00:00,1.0767746,1,0
2010-11-20 19:00:00,0.76207346,1,0
2010-11-20 20:00:00,0.48246658,1,0
2010-11-20 21:00:00,0.2547069,1,0
2010-11-20 22:00:00,0.118022956,1,0
2010-11-20 23:00:00,-0.05530642,1,0
2010-11-21 00:00:00,-0.15264031,1,0
2010-11-21 01:00:00,-0.26652697,1,0
2010-11-21 02:00:00,-0.3267798,1,0
2010-11-21 03:00:00,-0.37829334,1,0
2010-11-21 04:00:00,-0.44452626,1,0
2010-11-21 05:00:00,-0.5178364,1,0
2010-11-21 06:00:00,-0.48815742,1,0
2010-11-21 07:00:00,-0.40287304,1,0
2010-11-21 08:00:00,-0.2213501,1,0
2010-11-21 09:00:00,0.03316335,1,0
2010-11-21 10:00:00,0.22618325,1,0
2010-11-21 11:00:00,0.64014834,1,0
2010-11-21 12:00:00,1.089537,1,0
2010-11-21 13:00:00,1.357626,1,0
2010-11-21 14:00:00,1.7109352,1,0
2010-11-21 15:00:00,1.8475945,1,0
2010-11-21 16:00:00,1.9102161,1,0
2010-11-21 17:00:00,1.8073267,1,0
2010-11-21 18:00:00,1.7690723,1,0
2010-11-21 19:00:00,1.5177565,1,0
2010-11-21 20:00:00,1.2157604,1,0
2010-11-21 21:00:00,0.93651456,1,0
2010-11-21 22:00:00,0.7233499,1,0
2010-11-21 23:00:00,0.5725585,1,0
2010-11-22 00:00:00,0.42962688,0,0
2010-11-22 01:00:00,0.30578452,0,0
2010-11-22 02:00:00,0.08532687,0,0
2010-11-22 03:00:00,-0.06939352,0,0
2010-11-22 04:00:00,-0.18210335,0,0
2010-11-22 05:00:00,-0.2859028,0,0
2010-11-22 06:00:00,-0.36136073,0,0
2010-11-22 07:00:00,-0.07766591,0,0
2010-11-22 08:00:00,0.8667423,0,0
2010-11-22 09:00:00,1.5336392,0,0
2010-11-22 10:00:00,2.0392692,0,0
2010-11-22 11:00:00,2.4473472,0,0
2010-11-22 12:00:00,2.8215315,0,0
2010-11-22 13:00:00,3.105572,0,0
2010-11-22 14:00:00,3.2496715,0,0
2010-11-22 15:00:00,3.2729084,0,0
2010-11-22 16:00:00,3.2077672,0,0
2010-11-22 17:00:00,3.1855104,0,0
2010-11-22 18:00:00,2.9738417,0,0
2010-11-22 19:00:00,2.8815732,0,0
2010-11-22 20:00:00,2.520164,0,0
2010-11-22 21:00:00,2.2108004,0,0
2010-11-22 22:00:00,1.9919754,0,0
2010-11-22 23:00:00,1.828441,0,0
2010-11-23 00:00:00,1.6776218,0,0
2010-11-23 01:00:00,1.5644437,0,0
2010-11-23 02:00:00,1.4812694,0,0
2010-11-23 03:00:00,1.381936,0,0
2010-11-23 04:00:00,1.2844363,0,0
2010-11-23 05:00:00,1.1829609,0,0
2010-11-23 06:00:00,0.9890013,0,0
2010-11-23 07:00:00,1.1017202,0,0
2010-11-23 08:00:00,1.4615259,0,0
2010-11-23 09:00:00,1.9045582,0,0
2010-11-23 10:00:00,2.3236237,0,0
2010-11-23 11:00:00,2.7297282,0,0
2010-11-23 12:00:00,3.0587513,0,0
2010-11-23 13:00:00,3.1737454,0,0
2010-11-23 14:00:00,3.2552457,0,0
2010-11-23 15:00:00,3.2359715,0,0
2010-11-23 16:00:00,3.2221866,0,0
2010-11-23 17:00:00,3.2129424,0,0
2010-11-23 18:00:00,3.2837641,0,0
2010-11-23 19:00:00,3.1505182,0,0
2010-11-23 20:00:00,2.8359692,0,0
2010-11-23 21:00:00,2.509345,0,0
2010-11-23 22:00:00,2.323791,0,0
2010-11-23 23:00:00,2.198777,0,0
2010-11-24 00:00:00,2.0965135,0,0
2010-11-24 01:00:00,2.005697,0,0
2010-11-24 02:00:00,1.9354091,0,0
2010-11-24 03:00:00,1.9156529,0,0
2010-11-24 04:00:00,1.872096,0,0
2010-11-24 05:00:00,1.8330797,0,0
2010-11-24 06:00:00,1.8766956,0,0
2010-11-24 07:00:00,1.9690571,0,0
2010-11-24 08:00:00,2.2336922,0,0
2010-11-24 09:00:00,2.5497963,0,0
2010-11-24 10:00:00,2.8682237,0,0
2010-11-24 11:00:00,3.145994,0,0
2010-11-24 12:00:00,3.3049738,0,0
2010-11-24 13:00:00,3.449184,0,0
2010-11-24 14:00:00,3.3800707,0,0
2010-11-24 15:00:00,3.4682705,0,0
2010-11-24 16:00:00,3.5757368,0,0
2010-11-24 17:00:00,3.54985,0,0
2010-11-24 18:00:00,3.389059,0,0
2010-11-24 19:00:00,3.243487,0,0
2010-11-24 20:00:00,3.0282438,0,0
2010-11-24 21:00:00,2.830362,0,0
2010-11-24 22:00:00,2.7600477,0,0
2010-11-24 23:00:00,2.742915,0,0
2010-11-25 00:00:00,2.6727974,0,0
2010-11-25 01:00:00,2.5914564,0,0
2010-11-25 02:00:00,2.4857495,0,0
2010-11-25 03:00:00,2.3998678,0,0
2010-11-25 04:00:00,2.3345141,0,0
2010-11-25 05:00:00,2.2464895,0,0
2010-11-25 06:00:00,2.254196,0,0
2010-11-25 07:00:00,2.229196,0,0
2010-11-25 08:00:00,2.2517703,0,0
2010-11-25 09:00:00,2.2689242,0,0
2010-11-25 10:00:00,2.3402495,0,0
2010-11-25 11:00:00,2.4536817,0,0
2010-11-25 12:00:00,2.469018,0,0
2010-11-25 13:00:00,2.395012,0,0
2010-11-25 14:00:00,2.3349178,0,0
2010-11-25 15:00:00,2.2602375,0,0
2010-11-25 16:00:00,2.1587448,0,0
2010-11-25 17:00:00,2.0127273,0,0
2010-11-25 18:00:00,1.857832,0,0
2010-11-25 19:00:00,1.7188346,0,0
2010-11-25 20:00:00,1.613817,0,0
2010-11-25 21:00:00,1.5077486,0,0
2010-11-25 22:00:00,1.4458388,0,0
2010-11-25 23:00:00,1.3941076,0,0
2010-11-26 00:00:00,1.3543881,0,0
2010-11-26 01:00:00,1.3360766,0,0
2010-11-26 02:00:00,1.3123447,0,0
2010-11-26 03:00:00,1.2679139,0,0
2010-11-26 04:00:00,1.2245331,0,0
2010-11-26 05:00:00,1.1815414,0,0
2010-11-26 06:00:00,1.0878514,0,0
2010-11-26 07:00:00,1.0771819,0,0
2010-11-26 08:00:00,1.1334264,0,0
2010-11-26 09:00:00,1.2757655,0,0
2010-11-26 10:00:00,1.6041906,0,0
2010-11-26 11:00:00,1.9272971,0,0
2010-11-26 12:00:00,2.3663366,0,0
2010-11-26 13:00:00,2.5759368,0,0
2010-11-26 14:00:00,2.9701786,0,0
2010-11-26 15:00:00,3.1336932,0,0
2010-11-26 16:00:00,3.073476,0,0
2010-11-26 17:00:00,2.8842885,0,0
2010-11-26 18:00:00,2.6997883,0,0
2010-11-26 19:00:00,2.617472,0,0
2010-11-26 20:00:00,2.4169483,0,0
2010-11-26 21:00:00,2.2411323,0,0
2010-11-26 22:00:00,2.1143126,0,0
2010-11-26 23:00:00,2.0009496,0,0
2010-11-27 00:00:00,1.9263242,1,0
2010-11-27 01:00:00,1.9209267,1,0
2010-11-27 02:00:00,1.872126,1,0
2010-11-27 03:00:00,1.8071665,1,0
2010-11-27 04:00:00,1.761078,1,0
2010-11-27 05:00:00,1.6993911,1,0
2010-11-27 06:00:00,1.569232,1,0
2010-11-27 07:00:00,1.6606722,1,0
2010-11-27 08:00:00,1.948353,1,0
2010-11-27 09:00:00,2.3091662,1,0
2010-11-27 10:00:00,2.5689719,1,0
2010-11-27 11:00:00,2.6976628,1,0
2010-11-27 12:00:00,2.881005,1,0
2010-11-27 13:00:00,2.95158,1,0
2010-11-27 14:00:00,2.7777019,1,0
2010-11-27 15:00:00,2.693355,1,0
2010-11-27 16:00:00,2.6935139,1,0
2010-11-27 17:00:00,2.4387376,1,0
2010-11-27 18:00:00,2.0151129,1,0
2010-11-27 19:00:00,1.8082035,1,0
2010-11-27 20:00:00,1.5967579,1,0
2010-11-27 21:00:00,1.3922931,1,0
2010-11-27 22:00:00,1.1473368,1,0
2010-11-27 23:00:00,0.98536783,1,0
2010-11-28 00:00:00,0.88916415,1,0
2010-11-28 01:00:00,0.79388624,1,0
2010-11-28 02:00:00,0.6639256,1,0
2010-11-28 03:00:00,0.53562206,1,0
2010-11-28 04:00:00,0.45396653,1,0
2010-11-28 05:00:00,0.40755862,1,0
2010-11-28 06:00:00,0.3386183,1,0
2010-11-28 07:00:00,0.30112103,1,0
2010-11-28 08:00:00,0.23148249,1,0
2010-11-28 09:00:00,0.1776934,1,0
2010-11-28 10:00:00,0.16664758,1,0
2010-11-28 11:00:00,0.22548553,1,0
2010-11-28 12:00:00,0.27501947,1,0
2010-11-28 13:00:00,0.31827566,1,0
2010-11-28 14:00:00,0.19532327,1,0
2010-11-28 15:00:00,0.028046388,1,0
2010-11-28 16:00:00,-0.11935813,1,0
2010-11-28 17:00:00,-0.25646526,1,0
2010-11-28 18:00:00,-0.23830754,1,0
2010-11-28 19:00:00,-0.27942154,1,0
2010-11-28 20:00:00,-0.32744658,1,0
2010-11-28 21:00:00,-0.28755465,1,0
2010-11-28 22:00:00,-0.25434035,1,0
2010-11-28 23:00:00,-0.25864103,1,0
2010-11-29 00:00:00,-0.25935447,0,0
2010-11-29 01:00:00,-0.256749,0,0
2010-11-29 02:00:00,-0.30235693,0,0
2010-11-29 03:00:00,-0.31486452,0,0
2010-11-29 04:00:00,-0.29068002,0,0
2010-11-29 05:00:00,-0.2710361,0,0
2010-11-29 06:00:00,-0.20706317,0,0
2010-11-29 07:00:00,-0.094562076,0,0
2010-11-29 08:00:00,0.054550063,0,0
2010-11-29 09:00:00,0.21305814,0,0
2010-11-29 10:00:00,0.4417579,0,0
2010-11-29 11:00:00,0.59551257,0,0
2010-11-29 12:00:00,0.71123224,0,0
2010-11-29 13:00:00,0.8549,0,0
2010-11-29 14:00:00,1.0115969,0,0
2010-11-29 15:00:00,1.0445536,0,0
2010-11-29 16:00:00,1.0086716,0,0
2010-11-29 17:00:00,0.9762383,0,0
2010-11-29 18:00:00,1.1171083,0,0
2010-11-29 19:00:00,0.90114474,0,0
2010-11-29 20:00:00,0.5764103,0,0
2010-11-29 21:00:00,0.2773051,0,0
2010-11-29 22:00:00,0.06380358,0,0
2010-11-29 23:00:00,-0.09282458,0,0
2010-11-30 00:00:00,-0.20984542,0,0
2010-11-30 01:00:00,-0.26887694,0,0
2010-11-30 02:00:00,-0.33891445,0,0
2010-11-30 03:00:00,-0.33447552,0,0
2010-11-30 04:00:00,-0.3883873,0,0
2010-11-30 05:00:00,-0.36835465,0,0
2010-11-30 06:00:00,-0.2884321,0,0
2010-11-30 07:00:00,-0.23607683,0,0
2010-11-30 08:00:00,-0.0627802,0,0
2010-11-30 09:00:00,0.115238614,0,0
2010-11-30 10:00:00,0.52869904,0,0
2010-11-30 11:00:00,1.0355589,0,0
2010-11-30 12:00:00,1.4574198,0,0
2010-11-30 13:00:00,1.719876,0,0
2010-11-30 14:00:00,1.8933986,0,0
2010-11-30 15:00:00,2.0507627,0,0
2010-11-30 16:00:00,2.029997,0,0
2010-11-30 17:00:00,1.8787129,0,0
2010-11-30 18:00:00,1.8237815,0,0
2010-11-30 19:00:00,1.6376847,0,0
2010-11-30 20:00:00,1.4109995,0,0
2010-11-30 21:00:00,1.1892443,0,0
2010-11-30 22:00:00,1.0743623,0,0
2010-11-30 23:00:00,0.9775189,0,0
2010-12-01 00:00:00,0.9167062,0,0
2010-12-01 01:00:00,0.8889193,0,0
2010-12-01 02:00:00,0.84838426,0,0
2010-12-01 03:00:00,0.8036974,0,0
2010-12-01 04:00:00,0.79739255,0,0
2010-12-01 05:00:00,0.754012,0,0
2010-12-01 06:00:00,0.7524517,0,0
2010-12-01 07:00:00,0.8553391,0,0
2010-12-01 08:00:00,1.025631,0,0
2010-12-01 09:00:00,1.3515472,0,0
2010-12-01 10:00:00,1.6353784,0,0
2010-12-01 11:00:00,1.8605032,0,0
2010-12-01 12:00:00,2.1359665,0,0
2010-12-01 13:00:00,2.3226726,0,0
2010-12-01 14:00:00,2.541976,0,0
2010-12-01 15:00:00,2.6923096,0,0
2010-12-01 16:00:00,2.79953,0,0
2010-12-01 17:00:00,2.69239,0,0
2010-12-01 18:00:00,2.531693,0,0
2010-12-01 19:00:00,2.418243,0,0
2010-12-01 20:00:00,2.255004,0,0
2010-12-01 21:00:00,2.0634751,0,0
2010-12-01 22:00:00,1.9935342,0,0
2010-12-01 23:00:00,1.9156091,0,0
2010-12-02 00:00:00,1.7070421,0,0
2010-12-02 01:00:00,1.5030628,0,0
2010-12-02 02:00:00,1.2290286,0,0
2010-12-02 03:00:00,1.0289338,0,0
2010-12-02 04:00:00,0.9265785,0,0
2010-12-02 05:00:00,0.89816266,0,0
2010-12-02 06:00:00,0.91185415,0,0
2010-12-02 07:00:00,1.164671,0,0
2010-12-02 08:00:00,1.5419418,0,0
2010-12-02 09:00:00,1.8529207,0,0
2010-12-02 10:00:00,2.131954,0,0
2010-12-02 11:00:00,2.2967393,0,0
2010-12-02 12:00:00,2.4540482,0,0
2010-12-02 13:00:00,2.7034886,0,0
2010-12-02 14:00:00,2.9639869,0,0
2010-12-02 15:00:00,3.064044,0,0
2010-12-02 16:00:00,3.0672162,0,0
2010-12-02 17:00:00,3.041739,0,0
2010-12-02 18:00:00,3.039482,0,0
2010-12-02 19:00:00,2.8755503,0,0
2010-12-02 20:00:00,2.5206757,0,0
2010-12-02 21:00:00,2.2967014,0,0
2010-12-02 22:00:00,2.1084397,0,0
2010-12-02 23:00:00,1.9093434,0,0
2010-12-03 00:00:00,1.7624358,0,0
2010-12-03 01:00:00,1.7368987,0,0
2010-12-03 02:00:00,1.733163,0,0
2010-12-03 03:00:00,1.7094312,0,0
2010-12-03 04:00:00,1.6722486,0,0
2010-12-03 05:00:00,1.6337975,0,0
2010-12-03 06:00:00,1.5147239,0,0
2010-12-03 07:00:00,1.6780992,0,0
2010-12-03 08:00:00,1.9332918,0,0
2010-12-03 09:00:00,2.202169,0,0
2010-12-03 10:00:00,2.5071454,0,0
2010-12-03 11:00:00,2.780637,0,0
2010-12-03 12:00:00,3.1262593,0,0
2010-12-03 13:00:00,3.3726037,0,0
2010-12-03 14:00:00,3.5218124,0,0
2010-12-03 15:00:00,3.6396968,0,0
2010-12-03 16:00:00,3.3452375,0,0
2010-12-03 17:00:00,3.303681,0,0
2010-12-03 18:00:00,3.4701276,0,0
2010-12-03 19:00:00,3.2083821,0,0
2010-12-03 20:00:00,2.892625,0,0
2010-12-03 21:00:00,2.6759512,0,0
2010-12-03 22:00:00,2.5245948,0,0
2010-12-03 23:00:00,2.3563435,0,0
2010-12-04 00:00:00,2.16581,1,0
2010-12-04 01:00:00,2.1048539,1,0
2010-12-04 02:00:00,2.0552065,1,0
2010-12-04 03:00:00,1.9960887,1,0
2010-12-04 04:00:00,1.955884,1,0
2010-12-04 05:00:00,1.9205341,1,0
2010-12-04 06:00:00,1.8032614,1,0
2010-12-04 07:00:00,1.9422705,1,0
2010-12-04 08:00:00,2.3131623,1,0
2010-12-04 09:00:00,2.7087967,1,0
2010-12-04 10:00:00,2.9647126,1,0
2010-12-04 11:00:00,3.2565904,1,0
2010-12-04 12:00:00,3.5697052,1,0
2010-12-04 13:00:00,3.7303076,1,0
2010-12-04 14:00:00,3.8759727,1,0
2010-12-04 15:00:00,3.7541153,1,0
2010-12-04 16:00:00,3.7725494,1,0
2010-12-04 17:00:00,3.7676227,1,0
2010-12-04 18:00:00,3.5762153,1,0
2010-12-04 19:00:00,3.4089844,1,0
2010-12-04 20:00:00,3.0908763,1,0
2010-12-04 21:00:00,2.7628071,1,0
2010-12-04 22:00:00,2.5256658,1,0
2010-12-04 23:00:00,2.3176205,1,0
2010-12-05 00:00:00,2.0333974,1,0
2010-12-05 01:00:00,1.8083991,1,0
2010-12-05 02:00:00,1.6564605,1,0
2010-12-05 03:00:00,1.5965719,1,0
2010-12-05 04:00:00,1.5466911,1,0
2010-12-05 05:00:00,1.3210832,1,0
2010-12-05 06:00:00,1.399731,1,0
2010-12-05 07:00:00,1.6787605,1,0
2010-12-05 08:00:00,1.92688,1,0
2010-12-05 09:00:00,2.180445,1,0
2010-12-05 10:00:00,2.5368278,1,0
2010-12-05 11:00:00,2.9186325,1,0
2010-12-05 12:00:00,3.3269231,1,0
2010-12-05 13:00:00,3.5714202,1,0
2010-12-05 14:00:00,3.7150238,1,0
2010-12-05 15:00:00,3.7580705,1,0
2010-12-05 16:00:00,3.7772644,1,0
2010-12-05 17:00:00,3.7169042,1,0
2010-12-05 18:00:00,3.6500256,1,0
2010-12-05 19:00:00,3.5131414,1,0
2010-12-05 20:00:00,3.143067,1,0
2010-12-05 21:00:00,2.778843,1,0
2010-12-05 22:00:00,2.5142393,1,0
2010-12-05 23:00:00,2.297849,1,0
2010-12-06 00:00:00,2.108579,0,0
2010-12-06 01:00:00,1.9325887,0,0
2010-12-06 02:00:00,1.7297755,0,0
2010-12-06 03:00:00,1.6204574,0,0
2010-12-06 04:00:00,1.5402827,0,0
2010-12-06 05:00:00,1.4390717,0,0
2010-12-06 06:00:00,1.4604988,0,0
2010-12-06 07:00:00,1.6227046,0,0
2010-12-06 08:00:00,1.820248,0,0
2010-12-06 09:00:00,2.3620071,0,0
2010-12-06 10:00:00,2.8752358,0,0
2010-12-06 11:00:00,3.3342571,0,0
2010-12-06 12:00:00,3.729563,0,0
2010-12-06 13:00:00,3.9943848,0,0
2010-12-06 14:00:00,4.189538,0,0
2010-12-06 15:00:00,4.245272,0,0
2010-12-06 16:00:00,4.098275,0,0
2010-12-06 17:00:00,3.9252942,0,0
2010-12-06 18:00:00,3.721247,0,0
2010-12-06 19:00:00,3.6065805,0,0
2010-12-06 20:00:00,3.420244,0,0
2010-12-06 21:00:00,3.2076168,0,0
2010-12-06 22:00:00,3.0571399,0,0
2010-12-06 23:00:00,2.9323432,0,0
2010-12-07 00:00:00,2.8157544,0,0
2010-12-07 01:00:00,2.6795912,0,0
2010-12-07 02:00:00,2.5852253,0,0
2010-12-07 03:00:00,2.5381472,0,0
2010-12-07 04:00:00,2.51262,0,0
2010-12-07 05:00:00,2.463339,0,0
2010-12-07 06:00:00,2.5315435,0,0
2010-12-07 07:00:00,2.489877,0,0
2010-12-07 08:00:00,2.5613785,0,0
2010-12-07 09:00:00,2.7342587,0,0
2010-12-07 10:00:00,2.9861617,0,0
2010-12-07 11:00:00,3.2337859,0,0
2010-12-07 12:00:00,3.4214356,0,0
2010-12-07 13:00:00,3.4505496,0,0
2010-12-07 14:00:00,3.6263254,0,0
2010-12-07 15:00:00,3.7206442,0,0
2010-12-07 16:00:00,3.6156108,0,0
2010-12-07 17:00:00,3.4480333,0,0
2010-12-07 18:00:00,3.4423707,0,0
2010-12-07 19:00:00,3.5459254,0,0
2010-12-07 20:00:00,3.4276843,0,0
2010-12-07 21:00:00,3.2581282,0,0
2010-12-07 22:00:00,3.1429837,0,0
2010-12-07 23:00:00,3.0935764,0,0
2010-12-08 00:00:00,3.071631,0,0
2010-12-08 01:00:00,3.0520563,0,0
2010-12-08 02:00:00,3.0215673,0,0
2010-12-08 03:00:00,2.9709384,0,0
2010-12-08 04:00:00,2.9437215,0,0
2010-12-08 05:00:00,2.9266834,0,0
2010-12-08 06:00:00,2.8891172,0,0
2010-12-08 07:00:00,2.8686354,0,0
2010-12-08 08:00:00,2.8659747,0,0
2010-12-08 09:00:00,2.9362993,0,0
2010-12-08 10:00:00,3.020298,0,0
2010-12-08 11:00:00,3.2003522,0,0
2010-12-08 12:00:00,3.2527764,0,0
2010-12-08 13:00:00,3.2655778,0,0
2010-12-08 14:00:00,3.3311782,0,0
2010-12-08 15:00:00,3.377066,0,0
2010-12-08 16:00:00,3.283158,0,0
2010-12-08 17:00:00,3.1461892,0,0
2010-12-08 18:00:00,2.8564923,0,0
2010-12-08 19:00:00,2.7128353,0,0
2010-12-08 20:00:00,2.5453773,0,0
2010-12-08 21:00:00,2.3185558,0,0
2010-12-08 22:00:00,2.1227837,0,0
2010-12-08 23:00:00,1.9133894,0,0
2010-12-09 00:00:00,1.723644,0,0
2010-12-09 01:00:00,1.5693177,0,0
2010-12-09 02:00:00,1.4257296,0,0
2010-12-09 03:00:00,1.3377001,0,0
2010-12-09 04:00:00,1.2064387,0,0
2010-12-09 05:00:00,1.0820916,0,0
2010-12-09 06:00:00,1.1302567,0,0
2010-12-09 07:00:00,1.2105911,0,0
2010-12-09 08:00:00,1.4109803,0,0
2010-12-09 09:00:00,1.4957185,0,0
2010-12-09 10:00:00,1.7023834,0,0
2010-12-09 11:00:00,1.9054834,0,0
2010-12-09 12:00:00,2.186115,0,0
2010-12-09 13:00:00,2.238969,0,0
2010-12-09 14:00:00,2.3304005,0,0
2010-12-09 15:00:00,2.4560292,0,0
2010-12-09 16:00:00,2.4905822,0,0
2010-12-09 17:00:00,2.4015136,0,0
2010-12-09 18:00:00,2.3279612,0,0
2010-12-09 19:00:00,2.2677183,0,0
2010-12-09 20:00:00,2.1129303,0,0
2010-12-09 21:00:00,1.9142673,0,0
2010-12-09 22:00:00,1.7641463,0,0
2010-12-09 23:00:00,1.7001474,0,0
2010-12-10 00:00:00,1.6129074,0,0
2010-12-10 01:00:00,1.461454,0,0
2010-12-10 02:00:00,1.3009573,0,0
2010-12-10 03:00:00,1.1016778,0,0
2010-12-10 04:00:00,0.92673683,0,0
2010-12-10 05:00:00,0.74922115,0,0
2010-12-10 06:00:00,0.3952868,0,0
2010-12-10 07:00:00,0.18875918,0,0
2010-12-10 08:00:00,0.082394145,0,0
2010-12-10 09:00:00,0.09249372,0,0
2010-12-10 10:00:00,0.08181257,0,0
2010-12-10 11:00:00,0.16699836,0,0
2010-12-10 12:00:00,0.35714504,0,0
2010-12-10 13:00:00,0.5025216,0,0
2010-12-10 14:00:00,0.50003475,0,0
2010-12-10 15:00:00,0.5952161,0,0
2010-12-10 16:00:00,0.5589157,0,0
2010-12-10 17:00:00,0.510512,0,0
2010-12-10 18:00:00,0.55996233,0,0
2010-12-10 19:00:00,0.514342,0,0
2010-12-10 20:00:00,0.4090217,0,0
2010-12-10 21:00:00,0.28434464,0,0
2010-12-10 22:00:00,0.18456584,0,0
2010-12-10 23:00:00,0.0643051,0,0
2010-12-11 00:00:00,-0.06447188,1,0
2010-12-11 01:00:00,-0.16612881,1,0
2010-12-11 02:00:00,-0.25345522,1,0
2010-12-11 03:00:00,-0.30331162,1,0
2010-12-11 04:00:00,-0.32848784,1,0
2010-12-11 05:00:00,-0.31968436,1,0
2010-12-11 06:00:00,-0.3183469,1,0
2010-12-11 07:00:00,-0.18929845,1,0
2010-12-11 08:00:00,-0.00948948,1,0
2010-12-11 09:00:00,0.24823946,1,0
2010-12-11 10:00:00,0.48021153,1,0
2010-12-11 11:00:00,0.62073296,1,0
2010-12-11 12:00:00,0.79049456,1,0
2010-12-11 13:00:00,0.940023,1,0
2010-12-11 14:00:00,1.0177354,1,0
2010-12-11 15:00:00,1.0359483,1,0
2010-12-11 16:00:00,1.09471,1,0
2010-12-11 17:00:00,1.1506726,1,0
2010-12-11 18:00:00,1.1416221,1,0
2010-12-11 19:00:00,1.105854,1,0
2010-12-11 20:00:00,0.9776176,1,0
2010-12-11 21:00:00,0.8763249,1,0
2010-12-11 22:00:00,0.8399628,1,0
2010-12-11 23:00:00,0.75736004,1,0
2010-12-12 00:00:00,0.65868336,1,0
2010-12-12 01:00:00,0.51231354,1,0
2010-12-12 02:00:00,0.33960637,1,0
2010-12-12 03:00:00,0.15838279,1,0
2010-12-12 04:00:00,-0.050057836,1,0
2010-12-12 05:00:00,-0.22054313,1,0
2010-12-12 06:00:00,-0.44894683,1,0
2010-12-12 07:00:00,-0.35912716,1,0
2010-12-12 08:00:00,-0.18577865,1,0
2010-12-12 09:00:00,0.0037909865,1,0
2010-12-12 10:00:00,0.12998186,1,0
2010-12-12 11:00:00,0.23434296,1,0
2010-12-12 12:00:00,0.3757109,1,0
2010-12-12 13:00:00,0.620343,1,0
2010-12-12 14:00:00,0.7387704,1,0
2010-12-12 15:00:00,0.8077109,1,0
2010-12-12 16:00:00,0.83607495,1,0
2010-12-12 17:00:00,0.82752347,1,0
2010-12-12 18:00:00,0.7621938,1,0
2010-12-12 19:00:00,0.6299245,1,0
2010-12-12 20:00:00,0.5191374,1,0
2010-12-12 21:00:00,0.36572993,1,0
2010-12-12 22:00:00,0.29682902,1,0
2010-12-12 23:00:00,0.28483436,1,0
2010-12-13 00:00:00,0.22641993,0,0
2010-12-13 01:00:00,0.1538181,0,0
2010-12-13 02:00:00,0.04408342,0,0
2010-12-13 03:00:00,-0.051588345,0,0
2010-12-13 04:00:00,-0.19613011,0,0
2010-12-13 05:00:00,-0.35993227,0,0
2010-12-13 06:00:00,-0.40222585,0,0
2010-12-13 07:00:00,-0.27658793,0,0
2010-12-13 08:00:00,-0.042440295,0,0
2010-12-13 09:00:00,0.08056273,0,0
2010-12-13 10:00:00,0.3787612,0,0
2010-12-13 11:00:00,0.6505237,0,0
2010-12-13 12:00:00,0.7728855,0,0
2010-12-13 13:00:00,0.9880714,0,0
2010-12-13 14:00:00,1.1151117,0,0
2010-12-13 15:00:00,1.1801213,0,0
2010-12-13 16:00:00,1.3106521,0,0
2010-12-13 17:00:00,1.3009621,0,0
2010-12-13 18:00:00,1.4532651,0,0
2010-12-13 19:00:00,1.3356789,0,0
2010-12-13 20:00:00,1.2386966,0,0
2010-12-13 21:00:00,1.0021179,0,0
2010-12-13 22:00:00,0.80866605,0,0
2010-12-13 23:00:00,0.7386872,0,0
2010-12-14 00:00:00,0.66163087,0,0
2010-12-14 01:00:00,0.58640814,0,0
2010-12-14 02:00:00,0.5134073,0,0
2010-12-14 03:00:00,0.44914585,0,0
2010-12-14 04:00:00,0.34473452,0,0
2010-12-14 05:00:00,0.38725638,0,0
2010-12-14 06:00:00,0.29462895,0,0
2010-12-14 07:00:00,0.36053404,0,0
2010-12-14 08:00:00,0.7358414,0,0
2010-12-14 09:00:00,1.1029007,0,0
2010-12-14 10:00:00,1.4357163,0,0
2010-12-14 11:00:00,1.7729983,0,0
2010-12-14 12:00:00,2.1092794,0,0
2010-12-14 13:00:00,2.4038923,0,0
2010-12-14 14:00:00,2.6570022,0,0
2010-12-14 15:00:00,2.8573806,0,0
2010-12-14 16:00:00,2.9588175,0,0
2010-12-14 17:00:00,2.9973962,0,0
2010-12-14 18:00:00,2.83297,0,0
2010-12-14 19:00:00,2.8826666,0,0
2010-12-14 20:00:00,2.7171605,0,0
2010-12-14 21:00:00,2.3865082,0,0
2010-12-14 22:00:00,2.0733817,0,0
2010-12-14 23:00:00,1.8099595,0,0
2010-12-15 00:00:00,1.5952696,0,0
2010-12-15 01:00:00,1.4571344,0,0
2010-12-15 02:00:00,1.3555155,0,0
2010-12-15 03:00:00,1.3138248,0,0
2010-12-15 04:00:00,1.3083352,0,0
2010-12-15 05:00:00,1.3116822,0,0
2010-12-15 06:00:00,1.3655561,0,0
2010-12-15 07:00:00,1.5475991,0,0
2010-12-15 08:00:00,1.8432504,0,0
2010-12-15 09:00:00,2.231514,0,0
2010-12-15 10:00:00,2.5783694,0,0
2010-12-15 11:00:00,2.916239,0,0
2010-12-15 12:00:00,3.1094503,0,0
2010-12-15 13:00:00,3.198363,0,0
2010-12-15 14:00:00,3.1653285,0,0
2010-12-15 15:00:00,3.096015,0,0
2010-12-15 16:00:00,2.7882142,0,0
2010-12-15 17:00:00,2.1062155,0,0
2010-12-15 18:00:00,1.5876527,0,0
2010-12-15 19:00:00,1.3405288,0,0
2010-12-15 20:00:00,1.1687908,0,0
2010-12-15 21:00:00,0.9804084,0,0
2010-12-15 22:00:00,0.8253216,0,0
2010-12-15 23:00:00,0.65351105,0,0
2010-12-16 00:00:00,0.49554032,0,0
2010-12-16 01:00:00,0.37465096,0,0
2010-12-16 02:00:00,0.25612676,0,0
2010-12-16 03:00:00,0.1823261,0,0
2010-12-16 04:00:00,0.10342483,0,0
2010-12-16 05:00:00,-0.038367867,0,0
2010-12-16 06:00:00,-0.21188024,0,0
2010-12-16 07:00:00,-0.07638332,0,0
2010-12-16 08:00:00,0.049498335,0,0
2010-12-16 09:00:00,0.13712928,0,0
2010-12-16 10:00:00,0.27613366,0,0
2010-12-16 11:00:00,0.415235,0,0
2010-12-16 12:00:00,0.65388733,0,0
2010-12-16 13:00:00,0.78110564,0,0
2010-12-16 14:00:00,0.8888466,0,0
2010-12-16 15:00:00,0.96630865,0,0
2010-12-16 16:00:00,0.93084115,0,0
2010-12-16 17:00:00,0.8737375,0,0
2010-12-16 18:00:00,1.0047657,0,0
2010-12-16 19:00:00,0.90831435,0,0
2010-12-16 20:00:00,0.76947576,0,0
2010-12-16 21:00:00,0.62552613,0,0
2010-12-16 22:00:00,0.5900362,0,0
2010-12-16 23:00:00,0.38161936,0,0
2010-12-17 00:00:00,0.31071758,0,0
2010-12-17 01:00:00,0.2262404,0,0
2010-12-17 02:00:00,-0.18449256,0,0
2010-12-17 03:00:00,-0.45155975,0,0
2010-12-17 04:00:00,-0.606377,0,0
2010-12-17 05:00:00,-0.6910596,0,0
2010-12-17 06:00:00,-0.63888425,0,0
2010-12-17 07:00:00,-0.46220797,0,0
2010-12-17 08:00:00,-0.08900442,0,0
2010-12-17 09:00:00,0.26919472,0,0
2010-12-17 10:00:00,0.41594198,0,0
2010-12-17 11:00:00,0.49787068,0,0
2010-12-17 12:00:00,0.7211053,0,0
2010-12-17 13:00:00,0.87623173,0,0
2010-12-17 14:00:00,1.2231046,0,0
2010-12-17 15:00:00,1.5854573,0,0
2010-12-17 16:00:00,1.7544341,0,0
2010-12-17 17:00:00,1.6503817,0,0
2010-12-17 18:00:00,1.6228054,0,0
2010-12-17 19:00:00,1.1577104,0,0
2010-12-17 20:00:00,1.0041919,0,0
2010-12-17 21:00:00,0.747928,0,0
2010-12-17 22:00:00,0.51079977,0,0
2010-12-17 23:00:00,0.3605026,0,0
2010-12-18 00:00:00,0.22176461,1,0
2010-12-18 01:00:00,0.21475142,1,0
2010-12-18 02:00:00,0.21975005,1,0
2010-12-18 03:00:00,0.11888107,1,0
2010-12-18 04:00:00,0.04811268,1,0
2010-12-18 05:00:00,-0.038254578,1,0
2010-12-18 06:00:00,-0.10697204,1,0
2010-12-18 07:00:00,-0.17988306,1,0
2010-12-18 08:00:00,-0.13771345,1,0
2010-12-18 09:00:00,0.003835939,1,0
2010-12-18 10:00:00,0.16865091,1,0
2010-12-18 11:00:00,0.30089766,1,0
2010-12-18 12:00:00,0.5842162,1,0
2010-12-18 13:00:00,0.8323832,1,0
2010-12-18 14:00:00,0.84813577,1,0
2010-12-18 15:00:00,0.77845037,1,0
2010-12-18 16:00:00,0.7158698,1,0
2010-12-18 17:00:00,0.69652134,1,0
2010-12-18 18:00:00,0.6225592,1,0
2010-12-18 19:00:00,0.5193729,1,0
2010-12-18 20:00:00,0.43907484,1,0
2010-12-18 21:00:00,0.39398175,1,0
2010-12-18 22:00:00,0.3271957,1,0
2010-12-18 23:00:00,0.23048544,1,0
2010-12-19 00:00:00,0.14888863,1,0
2010-12-19 01:00:00,0.0467634,1,0
2010-12-19 02:00:00,-0.10324545,1,0
2010-12-19 03:00:00,-0.21962179,1,0
2010-12-19 04:00:00,-0.3122113,1,0
2010-12-19 05:00:00,-0.41103786,1,0
2010-12-19 06:00:00,-0.5050685,1,0
2010-12-19 07:00:00,-0.4911021,1,0
2010-12-19 08:00:00,-0.3686797,1,0
2010-12-19 09:00:00,-0.15026394,1,0
2010-12-19 10:00:00,-0.035985015,1,0
2010-12-19 11:00:00,0.07783449,1,0
2010-12-19 12:00:00,0.33461982,1,0
2010-12-19 13:00:00,0.66268563,1,0
2010-12-19 14:00:00,0.5588881,1,0
2010-12-19 15:00:00,0.18610284,1,0
2010-12-19 16:00:00,-0.0049252883,1,0
2010-12-19 17:00:00,-0.11777024,1,0
2010-12-19 18:00:00,-0.34590635,1,0
2010-12-19 19:00:00,-0.21754916,1,0
2010-12-19 20:00:00,-0.5488648,1,0
2010-12-19 21:00:00,-0.77373886,1,0
2010-12-19 22:00:00,-0.76521033,1,0
2010-12-19 23:00:00,-0.8167706,1,0
2010-12-20 00:00:00,-0.85596293,0,0
2010-12-20 01:00:00,-0.93451697,0,0
2010-12-20 02:00:00,-0.9576888,0,0
2010-12-20 03:00:00,-0.9530789,0,0
2010-12-20 04:00:00,-0.9379482,0,0
2010-12-20 05:00:00,-0.93207014,0,0
2010-12-20 06:00:00,-0.79303306,0,0
2010-12-20 07:00:00,-0.71447885,0,0
2010-12-20 08:00:00,-0.5844608,0,0
2010-12-20 09:00:00,-0.47513726,0,0
2010-12-20 10:00:00,-0.37601998,0,0
2010-12-20 11:00:00,-0.23536041,0,0
2010-12-20 12:00:00,-0.08592358,0,0
2010-12-20 13:00:00,-0.014481046,0,0
2010-12-20 14:00:00,0.014019747,0,0
2010-12-20 15:00:00,0.087860286,0,0
2010-12-20 16:00:00,0.02576527,0,0
2010-12-20 17:00:00,-0.038876645,0,0
2010-12-20 18:00:00,0.006684378,0,0
2010-12-20 19:00:00,-0.037152633,0,0
2010-12-20 20:00:00,-0.14239495,0,0
2010-12-20 21:00:00,-0.21088997,0,0
2010-12-20 22:00:00,-0.3195743,0,0
2010-12-20 23:00:00,-0.3958891,0,0
2010-12-21 00:00:00,-0.5317383,0,0
2010-12-21 01:00:00,-0.6327283,0,0
2010-12-21 02:00:00,-0.73459786,0,0
2010-12-21 03:00:00,-0.8259,0,0
2010-12-21 04:00:00,-0.8596393,0,0
2010-12-21 05:00:00,-0.8506596,0,0
2010-12-21 06:00:00,-0.8277434,0,0
2010-12-21 07:00:00,-0.7279575,0,0
2010-12-21 08:00:00,-0.55068004,0,0
2010-12-21 09:00:00,-0.329752,0,0
2010-12-21 10:00:00,-0.15195425,0,0
2010-12-21 11:00:00,-0.027842145,0,0
2010-12-21 12:00:00,0.23785044,0,0
2010-12-21 13:00:00,0.1562621,0,0
2010-12-21 14:00:00,0.19471857,0,0
2010-12-21 15:00:00,0.06735244,0,0
2010-12-21 16:00:00,0.004737584,0,0
2010-12-21 17:00:00,-0.1321813,0,0
2010-12-21 18:00:00,-0.21665001,0,0
2010-12-21 19:00:00,-0.4066151,0,0
2010-12-21 20:00:00,-0.53626335,0,0
2010-12-21 21:00:00,-0.65534914,0,0
2010-12-21 22:00:00,-0.7264722,0,0
2010-12-21 23:00:00,-0.7588569,0,0
2010-12-22 00:00:00,-0.8212784,0,0
2010-12-22 01:00:00,-0.9208311,0,0
2010-12-22 02:00:00,-0.96826047,0,0
2010-12-22 03:00:00,-1.0516355,0,0
2010-12-22 04:00:00,-1.1336952,0,0
2010-12-22 05:00:00,-1.1950315,0,0
2010-12-22 06:00:00,-1.3534167,0,0
2010-12-22 07:00:00,-1.3130469,0,0
2010-12-22 08:00:00,-0.8980704,0,0
2010-12-22 09:00:00,-0.5354183,0,0
2010-12-22 10:00:00,-0.21979988,0,0
2010-12-22 11:00:00,0.11434765,0,0
2010-12-22 12:00:00,0.45330384,0,0
2010-12-22 13:00:00,0.81960094,0,0
2010-12-22 14:00:00,1.1498898,0,0
2010-12-22 15:00:00,1.4433929,0,0
2010-12-22 16:00:00,1.6489164,0,0
2010-12-22 17:00:00,1.7501307,0,0
2010-12-22 18:00:00,1.7141479,0,0
2010-12-22 19:00:00,1.5389589,0,0
2010-12-22 20:00:00,1.2353646,0,0
2010-12-22 21:00:00,0.8013014,0,0
2010-12-22 22:00:00,0.49217796,0,0
2010-12-22 23:00:00,0.30591562,0,0
2010-12-23 00:00:00,0.1582204,0,0
2010-12-23 01:00:00,0.04218615,0,0
2010-12-23 02:00:00,-0.07624124,0,0
2010-12-23 03:00:00,-0.2549388,0,0
2010-12-23 04:00:00,-0.4128574,0,0
2010-12-23 05:00:00,-0.5548351,0,0
2010-12-23 06:00:00,-0.70074195,0,0
2010-12-23 07:00:00,-0.49423102,0,0
2010-12-23 08:00:00,-0.21990418,0,0
2010-12-23 09:00:00,-0.016517112,0,0
2010-12-23 10:00:00,0.15603144,0,0
2010-12-23 11:00:00,0.4237558,0,0
2010-12-23 12:00:00,0.60762525,0,0
2010-12-23 13:00:00,0.76530045,0,0
2010-12-23 14:00:00,0.773074,0,0
2010-12-23 15:00:00,0.6474465,0,0
2010-12-23 16:00:00,0.53058624,0,0
2010-12-23 17:00:00,0.46329373,0,0
2010-12-23 18:00:00,0.5079578,0,0
2010-12-23 19:00:00,0.3782301,0,0
2010-12-23 20:00:00,0.1899616,0,0
2010-12-23 21:00:00,-0.02618549,0,0
2010-12-23 22:00:00,-0.19921939,0,0
2010-12-23 23:00:00,-0.34547547,0,0
2010-12-24 00:00:00,-0.4736927,0,0
2010-12-24 01:00:00,-0.5875795,0,0
2010-12-24 02:00:00,-0.6948743,0,0
2010-12-24 03:00:00,-0.7874498,0,0
2010-12-24 04:00:00,-0.8723829,0,0
2010-12-24 05:00:00,-0.9336863,0,0
2010-12-24 06:00:00,-0.99425375,0,0
2010-12-24 07:00:00,-0.8696662,0,0
2010-12-24 08:00:00,-0.60825855,0,0
2010-12-24 09:00:00,-0.34328622,0,0
2010-12-24 10:00:00,-0.0073277294,0,0
2010-12-24 11:00:00,0.41792354,0,0
2010-12-24 12:00:00,0.90502757,0,0
2010-12-24 13:00:00,1.3738701,0,0
2010-12-24 14:00:00,1.7432116,0,0
2010-12-24 15:00:00,1.972384,0,0
2010-12-24 16:00:00,2.0169618,0,0
2010-12-24 17:00:00,1.91273,0,0
2010-12-24 18:00:00,1.8515292,0,0
2010-12-24 19:00:00,1.646468,0,0
2010-12-24 20:00:00,1.433227,0,0
2010-12-24 21:00:00,1.1610063,0,0
2010-12-24 22:00:00,0.937098,0,0
2010-12-24 23:00:00,0.80351055,0,0
2010-12-25 00:00:00,0.6861337,1,0
2010-12-25 01:00:00,0.5853561,1,0
2010-12-25 02:00:00,0.5031357,1,0
2010-12-25 03:00:00,0.391305,1,0
2010-12-25 04:00:00,0.2807428,1,0
2010-12-25 05:00:00,0.21558811,1,0
2010-12-25 06:00:00,0.16475348,1,0
2010-12-25 07:00:00,0.19633688,1,0
2010-12-25 08:00:00,0.7095534,1,0
2010-12-25 09:00:00,1.1603076,1,0
2010-12-25 10:00:00,1.7636344,1,0
2010-12-25 11:00:00,2.173815,1,0
2010-12-25 12:00:00,2.4767852,1,0
2010-12-25 13:00:00,2.6025298,1,0
2010-12-25 14:00:00,2.72522,1,0
2010-12-25 15:00:00,2.8886573,1,0
2010-12-25 16:00:00,2.8311148,1,0
2010-12-25 17:00:00,2.8445363,1,0
2010-12-25 18:00:00,2.7075481,1,0
2010-12-25 19:00:00,2.7526548,1,0
2010-12-25 20:00:00,2.488545,1,0
2010-12-25 21:00:00,1.984904,1,0
2010-12-25 22:00:00,1.6207318,1,0
2010-12-25 23:00:00,1.4003242,1,0
2010-12-26 00:00:00,1.1843606,1,1
2010-12-26 01:00:00,1.0061866,1,1
2010-12-26 02:00:00,0.88076675,1,1
2010-12-26 03:00:00,0.74386716,1,1
2010-12-26 04:00:00,0.64732116,1,1
2010-12-26 05:00:00,0.5636612,1,1
2010-12-26 06:00:00,0.52816826,1,1
2010-12-26 07:00:00,0.5288544,1,1
2010-12-26 08:00:00,0.5998703,1,1
2010-12-26 09:00:00,0.7644174,1,1
2010-12-26 10:00:00,0.88306993,1,1
2010-12-26 11:00:00,1.0368093,1,1
2010-12-26 12:00:00,1.2414299,1,1
2010-12-26 13:00:00,1.3271993,1,1
2010-12-26 14:00:00,1.2223991,1,1
2010-12-26 15:00:00,0.914,1,1
2010-12-26 16:00:00,0.67905414,1,1
2010-12-26 17:00:00,0.51551104,1,1
2010-12-26 18:00:00,0.44389376,1,1
2010-12-26 19:00:00,0.25501394,1,1
2010-12-26 20:00:00,0.11238291,1,1
2010-12-26 21:00:00,0.0467546,1,1
2010-12-26 22:00:00,0.01341058,1,1
2010-12-26 23:00:00,-0.028535828,1,1
2010-12-27 00:00:00,-0.21173616,0,1
2010-12-27 01:00:00,-0.44625822,0,1
2010-12-27 02:00:00,-0.6459266,0,1
2010-12-27 03:00:00,-0.70984083,0,1
2010-12-27 04:00:00,-0.7583374,0,1
2010-12-27 05:00:00,-0.7717247,0,1
2010-12-27 06:00:00,-0.8250715,0,1
2010-12-27 07:00:00,-0.7719387,0,1
2010-12-27 08:00:00,-0.66894746,0,1
2010-12-27 09:00:00,-0.47876462,0,1
2010-12-27 10:00:00,-0.44477102,0,1
2010-12-27 11:00:00,-0.3012777,0,1
2010-12-27 12:00:00,-0.4000076,0,1
2010-12-27 13:00:00,-0.47642094,0,1
2010-12-27 14:00:00,-0.43513086,0,1
2010-12-27 15:00:00,-0.36474377,0,1
2010-12-27 16:00:00,-0.42772347,0,1
2010-12-27 17:00:00,-0.4206877,0,1
2010-12-27 18:00:00,-0.40335974,0,1
2010-12-27 19:00:00,-0.50334615,0,1
2010-12-27 20:00:00,-0.67061263,0,1
2010-12-27 21:00:00,-0.8057381,0,1
2010-12-27 22:00:00,-0.8808091,0,1
2010-12-27 23:00:00,-0.9260803,0,1
2010-12-28 00:00:00,-0.9315629,0,1
2010-12-28 01:00:00,-0.9061151,0,1
2010-12-28 02:00:00,-0.8662038,0,1
2010-12-28 03:00:00,-0.89249647,0,1
2010-12-28 04:00:00,-1.0194786,0,1
2010-12-28 05:00:00,-1.0431291,0,1
2010-12-28 06:00:00,-1.2316113,0,1
2010-12-28 07:00:00,-1.2372661,0,1
2010-12-28 08:00:00,-0.86066335,0,1
2010-12-28 09:00:00,-0.661931,0,1
2010-12-28 10:00:00,-0.351292,0,1
2010-12-28 11:00:00,-0.00015617063,0,1
2010-12-28 12:00:00,0.35867175,0,1
2010-12-28 13:00:00,0.7068801,0,1
2010-12-28 14:00:00,0.99035025,0,1
2010-12-28 15:00:00,1.2250693,0,1
2010-12-28 16:00:00,1.3770058,0,1
2010-12-28 17:00:00,1.4053677,0,1
2010-12-28 18:00:00,1.3682827,0,1
2010-12-28 19:00:00,1.2281979,0,1
2010-12-28 20:00:00,1.0632102,0,1
2010-12-28 21:00:00,0.7789776,0,1
2010-12-28 22:00:00,0.5991287,0,1
2010-12-28 23:00:00,0.49343705,0,1
2010-12-29 00:00:00,0.34657264,0,0
2010-12-29 01:00:00,0.07154147,0,0
2010-12-29 02:00:00,-0.2101209,0,0
2010-12-29 03:00:00,-0.41017437,0,0
2010-12-29 04:00:00,-0.47564375,0,0
2010-12-29 05:00:00,-0.49495047,0,0
2010-12-29 06:00:00,-0.6048026,0,0
2010-12-29 07:00:00,-0.45144185,0,0
2010-12-29 08:00:00,0.16720916,0,0
2010-12-29 09:00:00,0.87695175,0,0
2010-12-29 10:00:00,1.3501449,0,0
2010-12-29 11:00:00,1.7423806,0,0
2010-12-29 12:00:00,2.0413427,0,0
2010-12-29 13:00:00,2.3155897,0,0
2010-12-29 14:00:00,2.568332,0,0
2010-12-29 15:00:00,2.5434046,0,0
2010-12-29 16:00:00,2.375774,0,0
2010-12-29 17:00:00,2.1696825,0,0
2010-12-29 18:00:00,1.8844304,0,0
2010-12-29 19:00:00,1.6203531,0,0
2010-12-29 20:00:00,1.3203092,0,0
2010-12-29 21:00:00,1.0490423,0,0
2010-12-29 22:00:00,0.86504173,0,0
2010-12-29 23:00:00,0.7083842,0,0
2010-12-30 00:00:00,0.59427464,0,0
2010-12-30 01:00:00,0.47640696,0,0
2010-12-30 02:00:00,0.3752355,0,0
2010-12-30 03:00:00,0.22470343,0,0
2010-12-30 04:00:00,0.06927448,0,0
2010-12-30 05:00:00,-0.06252449,0,0
2010-12-30 06:00:00,-0.15978418,0,0
2010-12-30 07:00:00,0.017649096,0,0
2010-12-30 08:00:00,0.4615316,0,0
2010-12-30 09:00:00,0.72909224,0,0
2010-12-30 10:00:00,1.0689075,0,0
2010-12-30 11:00:00,1.3977612,0,0
2010-12-30 12:00:00,1.7248318,0,0
2010-12-30 13:00:00,2.0089602,0,0
2010-12-30 14:00:00,2.2201478,0,0
2010-12-30 15:00:00,2.3206058,0,0
2010-12-30 16:00:00,2.326007,0,0
2010-12-30 17:00:00,2.2500198,0,0
2010-12-30 18:00:00,2.1654453,0,0
2010-12-30 19:00:00,1.9371754,0,0
2010-12-30 20:00:00,1.6881492,0,0
2010-12-30 21:00:00,1.4050415,0,0
2010-12-30 22:00:00,1.2015626,0,0
2010-12-30 23:00:00,1.0686734,0,0
2010-12-31 00:00:00,0.95796883,0,0
2010-12-31 01:00:00,0.70275795,0,0
2010-12-31 02:00:00,0.4535838,0,0
2010-12-31 03:00:00,0.29256356,0,0
2010-12-31 04:00:00,0.22762653,0,0
2010-12-31 05:00:00,0.23191689,0,0
2010-12-31 06:00:00,0.26891848,0,0
2010-12-31 07:00:00,0.5855235,0,0
2010-12-31 08:00:00,1.2312285,0,0
2010-12-31 09:00:00,1.886786,0,0
2010-12-31 10:00:00,2.5987332,0,0
2010-12-31 11:00:00,3.0776608,0,0
2010-12-31 12:00:00,3.432546,0,0
2010-12-31 13:00:00,3.7880926,0,0
2010-12-31 14:00:00,4.0961623,0,0
2010-12-31 15:00:00,4.269396,0,0
2010-12-31 16:00:00,4.3809876,0,0
2010-12-31 17:00:00,4.4662905,0,0
2010-12-31 18:00:00,4.5525293,0,0
2010-12-31 19:00:00,4.484788,0,0
2010-12-31 20:00:00,4.119558,0,0
2010-12-31 21:00:00,3.6399658,0,0
2010-12-31 22:00:00,3.3233612,0,0
2010-12-31 23:00:00,3.1264396,0,0
2011-01-01 00:00:00,2.7181041,1,1
2011-01-01 01:00:00,2.469141,1,1
2011-01-01 02:00:00,2.28075,1,1
2011-01-01 03:00:00,2.1265616,1,1
2011-01-01 04:00:00,1.9500121,1,1
2011-01-01 05:00:00,1.7308172,1,1
2011-01-01 06:00:00,1.4619166,1,1
2011-01-01 07:00:00,1.4411567,1,1
2011-01-01 08:00:00,1.56731,1,1
2011-01-01 09:00:00,1.7465959,1,1
2011-01-01 10:00:00,1.9620141,1,1
2011-01-01 11:00:00,2.1324444,1,1
2011-01-01 12:00:00,2.272168,1,1
2011-01-01 13:00:00,2.3509777,1,1
2011-01-01 14:00:00,2.335852,1,1
2011-01-01 15:00:00,2.451401,1,1
2011-01-01 16:00:00,2.3473177,1,1
2011-01-01 17:00:00,2.23742,1,1
2011-01-01 18:00:00,2.1072984,1,1
2011-01-01 19:00:00,1.9135633,1,1
2011-01-01 20:00:00,1.7238778,1,1
2011-01-01 21:00:00,1.5338452,1,1
2011-01-01 22:00:00,1.3582693,1,1
2011-01-01 23:00:00,1.2018297,1,1
2011-01-02 00:00:00,1.0770557,1,0
2011-01-02 01:00:00,0.958314,1,0
2011-01-02 02:00:00,0.88285613,1,0
2011-01-02 03:00:00,0.79417014,1,0
2011-01-02 04:00:00,0.7007204,1,0
2011-01-02 05:00:00,0.64706457,1,0
2011-01-02 06:00:00,0.51653385,1,0
2011-01-02 07:00:00,0.4968521,1,0
2011-01-02 08:00:00,0.53774345,1,0
2011-01-02 09:00:00,0.61760277,1,0
2011-01-02 10:00:00,0.7553909,1,0
2011-01-02 11:00:00,0.92061883,1,0
2011-01-02 12:00:00,1.1097445,1,0
2011-01-02 13:00:00,1.2797859,1,0
2011-01-02 14:00:00,1.4008589,1,0
2011-01-02 15:00:00,1.4678522,1,0
2011-01-02 16:00:00,1.5063947,1,0
2011-01-02 17:00:00,1.445293,1,0
2011-01-02 18:00:00,1.308303,1,0
2011-01-02 19:00:00,1.0936505,1,0
2011-01-02 20:00:00,0.8314184,1,0
2011-01-02 21:00:00,0.6049889,1,0
2011-01-02 22:00:00,0.41901138,1,0
2011-01-02 23:00:00,0.28051692,1,0
2011-01-03 00:00:00,0.16299139,0,1
2011-01-03 01:00:00,0.056741726,0,1
2011-01-03 02:00:00,-0.028414479,0,1
2011-01-03 03:00:00,-0.06591695,0,1
2011-01-03 04:00:00,-0.115213625,0,1
2011-01-03 05:00:00,-0.12183275,0,1
2011-01-03 06:00:00,-0.24537267,0,1
2011-01-03 07:00:00,-0.21468797,0,1
2011-01-03 08:00:00,-0.22726434,0,1
2011-01-03 09:00:00,-0.013656933,0,1
2011-01-03 10:00:00,0.21730301,0,1
2011-01-03 11:00:00,0.44333345,0,1
2011-01-03 12:00:00,0.6631141,0,1
2011-01-03 13:00:00,0.86739266,0,1
2011-01-03 14:00:00,1.0714585,0,1
2011-01-03 15:00:00,1.18261,0,1
2011-01-03 16:00:00,1.2402469,0,1
2011-01-03 17:00:00,1.1993316,0,1
2011-01-03 18:00:00,1.0254039,0,1
2011-01-03 19:00:00,0.8090943,0,1
2011-01-03 20:00:00,0.5354153,0,1
2011-01-03 21:00:00,0.3064544,0,1
2011-01-03 22:00:00,0.13480765,0,1
2011-01-03 23:00:00,0.0077600754,0,1
2011-01-04 00:00:00,-0.08835776,0,0
2011-01-04 01:00:00,-0.15830912,0,0
2011-01-04 02:00:00,-0.22931094,0,0
2011-01-04 03:00:00,-0.29847953,0,0
2011-01-04 04:00:00,-0.3667684,0,0
2011-01-04 05:00:00,-0.44191685,0,0
2011-01-04 06:00:00,-0.5488232,0,0
2011-01-04 07:00:00,-0.53564996,0,0
2011-01-04 08:00:00,-0.23812675,0,0
2011-01-04 09:00:00,0.068927355,0,0
2011-01-04 10:00:00,0.48365957,0,0
2011-01-04 11:00:00,0.92998374,0,0
2011-01-04 12:00:00,1.3298291,0,0
2011-01-04 13:00:00,1.6655922,0,0
2011-01-04 14:00:00,1.9144258,0,0
2011-01-04 15:00:00,2.0317786,0,0
2011-01-04 16:00:00,2.0145998,0,0
2011-01-04 17:00:00,1.8727496,0,0
2011-01-04 18:00:00,1.6308159,0,0
2011-01-04 19:00:00,1.4171618,0,0
2011-01-04 20:00:00,1.2381335,0,0
2011-01-04 21:00:00,1.0881001,0,0
2011-01-04 22:00:00,0.98721135,0,0
2011-01-04 23:00:00,0.88029814,0,0
2011-01-05 00:00:00,0.7864991,0,0
2011-01-05 01:00:00,0.68496656,0,0
2011-01-05 02:00:00,0.60872585,0,0
2011-01-05 03:00:00,0.5221355,0,0
2011-01-05 04:00:00,0.4255843,0,0
2011-01-05 05:00:00,0.40058437,0,0
2011-01-05 06:00:00,0.39627883,0,0
2011-01-05 07:00:00,0.48417905,0,0
2011-01-05 08:00:00,0.73794985,0,0
2011-01-05 09:00:00,0.86525005,0,0
2011-01-05 10:00:00,1.0521364,0,0
2011-01-05 11:00:00,1.298049,0,0
2011-01-05 12:00:00,1.4756534,0,0
2011-01-05 13:00:00,1.5746738,0,0
2011-01-05 14:00:00,1.7153162,0,0
2011-01-05 15:00:00,1.8286154,0,0
2011-01-05 16:00:00,1.8642846,0,0
2011-01-05 17:00:00,1.820662,0,0
2011-01-05 18:00:00,1.8045406,0,0
2011-01-05 19:00:00,1.6519587,0,0
2011-01-05 20:00:00,1.4294356,0,0
2011-01-05 21:00:00,1.2105738,0,0
2011-01-05 22:00:00,1.0538175,0,0
2011-01-05 23:00:00,0.9756451,0,0
2011-01-06 00:00:00,0.94168293,0,0
2011-01-06 01:00:00,0.9431911,0,0
2011-01-06 02:00:00,0.94850427,0,0
2011-01-06 03:00:00,0.9552568,0,0
2011-01-06 04:00:00,0.954367,0,0
2011-01-06 05:00:00,0.9329489,0,0
2011-01-06 06:00:00,0.936776,0,0
2011-01-06 07:00:00,0.9474179,0,0
2011-01-06 08:00:00,0.9929363,0,0
2011-01-06 09:00:00,1.1986836,0,0
2011-01-06 10:00:00,1.5749477,0,0
2011-01-06 11:00:00,2.0007436,0,0
2011-01-06 12:00:00,2.5233307,0,0
2011-01-06 13:00:00,2.985936,0,0
2011-01-06 14:00:00,3.4055521,0,0
2011-01-06 15:00:00,3.6932065,0,0
2011-01-06 16:00:00,3.8646643,0,0
2011-01-06 17:00:00,3.8943706,0,0
2011-01-06 18:00:00,3.8833048,0,0
2011-01-06 19:00:00,3.7391891,0,0
2011-01-06 20:00:00,3.6105337,0,0
2011-01-06 21:00:00,3.4182837,0,0
2011-01-06 22:00:00,2.850681,0,0
2011-01-06 23:00:00,2.3873107,0,0
2011-01-07 00:00:00,2.197073,0,0
2011-01-07 01:00:00,2.1057568,0,0
2011-01-07 02:00:00,2.0540583,0,0
2011-01-07 03:00:00,1.9954262,0,0
2011-01-07 04:00:00,2.0084143,0,0
2011-01-07 05:00:00,2.0924354,0,0
2011-01-07 06:00:00,2.0565777,0,0
2011-01-07 07:00:00,2.1420054,0,0
2011-01-07 08:00:00,2.3482952,0,0
2011-01-07 09:00:00,2.6263587,0,0
2011-01-07 10:00:00,2.9401166,0,0
2011-01-07 11:00:00,3.2488978,0,0
2011-01-07 12:00:00,3.5323925,0,0
2011-01-07 13:00:00,3.8127906,0,0
2011-01-07 14:00:00,4.0588202,0,0
2011-01-07 15:00:00,4.185038,0,0
2011-01-07 16:00:00,4.2490544,0,0
2011-01-07 17:00:00,4.3680243,0,0
2011-01-07 18:00:00,4.2818623,0,0
2011-01-07 19:00:00,4.238668,0,0
2011-01-07 20:00:00,3.9970055,0,0
2011-01-07 21:00:00,3.6240401,0,0
2011-01-07 22:00:00,3.3632717,0,0
2011-01-07 23:00:00,3.1758378,0,0
2011-01-08 00:00:00,3.0140848,1,0
2011-01-08 01:00:00,2.8512866,1,0
2011-01-08 02:00:00,2.6676977,1,0
2011-01-08 03:00:00,2.5033681,1,0
2011-01-08 04:00:00,2.3813646,1,0
2011-01-08 05:00:00,2.3609967,1,0
2011-01-08 06:00:00,2.4579523,1,0
2011-01-08 07:00:00,2.6359243,1,0
2011-01-08 08:00:00,3.0090055,1,0
2011-01-08 09:00:00,3.4368849,1,0
2011-01-08 10:00:00,3.839923,1,0
2011-01-08 11:00:00,4.226248,1,0
2011-01-08 12:00:00,4.4620247,1,0
2011-01-08 13:00:00,4.607046,1,0
2011-01-08 14:00:00,4.676386,1,0
2011-01-08 15:00:00,4.7668533,1,0
2011-01-08 16:00:00,4.753388,1,0
2011-01-08 17:00:00,4.589525,1,0
2011-01-08 18:00:00,3.9423099,1,0
2011-01-08 19:00:00,3.4832463,1,0
2011-01-08 20:00:00,3.1985433,1,0
2011-01-08 21:00:00,3.0463624,1,0
2011-01-08 22:00:00,2.941823,1,0
2011-01-08 23:00:00,2.8820312,1,0
2011-01-09 00:00:00,2.8041754,1,0
2011-01-09 01:00:00,2.5982661,1,0
2011-01-09 02:00:00,2.4117882,1,0
2011-01-09 03:00:00,2.3265402,1,0
2011-01-09 04:00:00,2.2318225,1,0
2011-01-09 05:00:00,2.1387665,1,0
2011-01-09 06:00:00,2.0042982,1,0
2011-01-09 07:00:00,1.9130757,1,0
2011-01-09 08:00:00,1.8958493,1,0
2011-01-09 09:00:00,2.0022447,1,0
2011-01-09 10:00:00,2.1460402,1,0
2011-01-09 11:00:00,2.4073737,1,0
2011-01-09 12:00:00,2.6304493,1,0
2011-01-09 13:00:00,2.7716742,1,0
2011-01-09 14:00:00,2.7485344,1,0
2011-01-09 15:00:00,2.7755854,1,0
2011-01-09 16:00:00,2.6720762,1,0
2011-01-09 17:00:00,2.5736153,1,0
2011-01-09 18:00:00,2.7092934,1,0
2011-01-09 19:00:00,2.720973,1,0
2011-01-09 20:00:00,2.70832,1,0
2011-01-09 21:00:00,2.6114244,1,0
2011-01-09 22:00:00,2.5374231,1,0
2011-01-09 23:00:00,2.4698424,1,0
2011-01-10 00:00:00,2.4202538,0,0
2011-01-10 01:00:00,2.4208083,0,0
2011-01-10 02:00:00,2.4190445,0,0
2011-01-10 03:00:00,2.3930907,0,0
2011-01-10 04:00:00,2.360981,0,0
2011-01-10 05:00:00,2.323409,0,0
2011-01-10 06:00:00,2.3202057,0,0
2011-01-10 07:00:00,2.3300648,0,0
2011-01-10 08:00:00,2.4116876,0,0
2011-01-10 09:00:00,2.539867,0,0
2011-01-10 10:00:00,2.7009392,0,0
2011-01-10 11:00:00,2.863983,0,0
2011-01-10 12:00:00,2.9921257,0,0
2011-01-10 13:00:00,3.0943792,0,0
2011-01-10 14:00:00,3.2513683,0,0
2011-01-10 15:00:00,3.3405747,0,0
2011-01-10 16:00:00,3.3604965,0,0
2011-01-10 17:00:00,3.3939214,0,0
2011-01-10 18:00:00,3.4015434,0,0
2011-01-10 19:00:00,3.3417926,0,0
2011-01-10 20:00:00,3.2414124,0,0
2011-01-10 21:00:00,3.0865757,0,0
2011-01-10 22:00:00,2.956855,0,0
2011-01-10 23:00:00,2.8351655,0,0
2011-01-11 00:00:00,2.741818,0,0
2011-01-11 01:00:00,2.6504223,0,0
2011-01-11 02:00:00,2.592322,0,0
2011-01-11 03:00:00,2.4732208,0,0
2011-01-11 04:00:00,2.4429495,0,0
2011-01-11 05:00:00,2.3924916,0,0
2011-01-11 06:00:00,2.4192455,0,0
2011-01-11 07:00:00,2.4732628,0,0
2011-01-11 08:00:00,2.7629201,0,0
2011-01-11 09:00:00,3.0147934,0,0
2011-01-11 10:00:00,3.294169,0,0
2011-01-11 11:00:00,3.5151398,0,0
2011-01-11 12:00:00,3.580115,0,0
2011-01-11 13:00:00,3.6665397,0,0
2011-01-11 14:00:00,3.6000144,0,0
2011-01-11 15:00:00,3.5140283,0,0
2011-01-11 16:00:00,3.5396798,0,0
2011-01-11 17:00:00,3.5748878,0,0
2011-01-11 18:00:00,3.740034,0,0
2011-01-11 19:00:00,3.6803212,0,0
2011-01-11 20:00:00,3.5453966,0,0
2011-01-11 21:00:00,3.4183316,0,0
2011-01-11 22:00:00,3.3120177,0,0
2011-01-11 23:00:00,3.2311673,0,0
2011-01-12 00:00:00,3.177608,0,0
2011-01-12 01:00:00,3.1530986,0,0
2011-01-12 02:00:00,3.0980997,0,0
2011-01-12 03:00:00,3.0532799,0,0
2011-01-12 04:00:00,2.987932,0,0
2011-01-12 05:00:00,2.9325442,0,0
2011-01-12 06:00:00,2.9329607,0,0
2011-01-12 07:00:00,2.9308407,0,0
2011-01-12 08:00:00,2.9577708,0,0
2011-01-12 09:00:00,3.0204806,0,0
2011-01-12 10:00:00,3.0463326,0,0
2011-01-12 11:00:00,3.2242148,0,0
2011-01-12 12:00:00,3.3428824,0,0
2011-01-12 13:00:00,3.510885,0,0
2011-01-12 14:00:00,3.6844318,0,0
2011-01-12 15:00:00,3.8035576,0,0
2011-01-12 16:00:00,3.9792001,0,0
2011-01-12 17:00:00,4.0732045,0,0
2011-01-12 18:00:00,3.9369805,0,0
2011-01-12 19:00:00,3.8652616,0,0
2011-01-12 20:00:00,3.7030969,0,0
2011-01-12 21:00:00,3.5863822,0,0
2011-01-12 22:00:00,3.5209074,0,0
2011-01-12 23:00:00,3.4774802,0,0
2011-01-13 00:00:00,3.4066372,0,0
2011-01-13 01:00:00,3.3472688,0,0
2011-01-13 02:00:00,3.3331094,0,0
2011-01-13 03:00:00,3.3485596,0,0
2011-01-13 04:00:00,3.3193386,0,0
2011-01-13 05:00:00,3.2492783,0,0
2011-01-13 06:00:00,3.2414925,0,0
2011-01-13 07:00:00,3.2703943,0,0
2011-01-13 08:00:00,3.3670835,0,0
2011-01-13 09:00:00,3.523142,0,0
2011-01-13 10:00:00,3.6785102,0,0
2011-01-13 11:00:00,3.7017512,0,0
2011-01-13 12:00:00,3.7749596,0,0
2011-01-13 13:00:00,3.809088,0,0
2011-01-13 14:00:00,3.8188777,0,0
2011-01-13 15:00:00,3.764323,0,0
2011-01-13 16:00:00,3.7962515,0,0
2011-01-13 17:00:00,3.744451,0,0
2011-01-13 18:00:00,3.9086125,0,0
2011-01-13 19:00:00,3.8748043,0,0
2011-01-13 20:00:00,3.7906861,0,0
2011-01-13 21:00:00,3.7112799,0,0
2011-01-13 22:00:00,3.6751523,0,0
2011-01-13 23:00:00,3.6344848,0,0
2011-01-14 00:00:00,3.5850825,0,0
2011-01-14 01:00:00,3.5706136,0,0
2011-01-14 02:00:00,3.5283406,0,0
2011-01-14 03:00:00,3.4464447,0,0
2011-01-14 04:00:00,3.334721,0,0
2011-01-14 05:00:00,3.2502887,0,0
2011-01-14 06:00:00,3.2121572,0,0
2011-01-14 07:00:00,3.1376948,0,0
2011-01-14 08:00:00,3.1060755,0,0
2011-01-14 09:00:00,3.1091719,0,0
2011-01-14 10:00:00,3.1564264,0,0
2011-01-14 11:00:00,3.063635,0,0
2011-01-14 12:00:00,2.7022398,0,0
2011-01-14 13:00:00,2.3880856,0,0
2011-01-14 14:00:00,2.3467941,0,0
2011-01-14 15:00:00,3.0127206,0,0
2011-01-14 16:00:00,3.3818069,0,0
2011-01-14 17:00:00,3.4472382,0,0
2011-01-14 18:00:00,3.3041937,0,0
2011-01-14 19:00:00,3.2977984,0,0
2011-01-14 20:00:00,3.2238228,0,0
2011-01-14 21:00:00,3.0430255,0,0
2011-01-14 22:00:00,2.9108443,0,0
2011-01-14 23:00:00,2.8059728,0,0
2011-01-15 00:00:00,2.4237509,1,0
2011-01-15 01:00:00,2.2803063,1,0
2011-01-15 02:00:00,2.0787666,1,0
2011-01-15 03:00:00,1.9200705,1,0
2011-01-15 04:00:00,1.9947335,1,0
2011-01-15 05:00:00,1.9584749,1,0
2011-01-15 06:00:00,1.9689734,1,0
2011-01-15 07:00:00,1.9366009,1,0
2011-01-15 08:00:00,2.1745608,1,0
2011-01-15 09:00:00,2.5976386,1,0
2011-01-15 10:00:00,2.8750145,1,0
2011-01-15 11:00:00,3.130302,1,0
2011-01-15 12:00:00,3.3354511,1,0
2011-01-15 13:00:00,3.5855532,1,0
2011-01-15 14:00:00,3.7901769,1,0
2011-01-15 15:00:00,3.9357,1,0
2011-01-15 16:00:00,3.9797974,1,0
2011-01-15 17:00:00,3.8878279,1,0
2011-01-15 18:00:00,3.6421938,1,0
2011-01-15 19:00:00,3.4407933,1,0
2011-01-15 20:00:00,3.2230532,1,0
2011-01-15 21:00:00,2.982855,1,0
2011-01-15 22:00:00,2.7898195,1,0
2011-01-15 23:00:00,2.6429982,1,0
2011-01-16 00:00:00,2.4864397,1,0
2011-01-16 01:00:00,2.300836,1,0
2011-01-16 02:00:00,2.145065,1,0
2011-01-16 03:00:00,1.9973251,1,0
2011-01-16 04:00:00,1.919279,1,0
2011-01-16 05:00:00,1.9513974,1,0
2011-01-16 06:00:00,2.035726,1,0
2011-01-16 07:00:00,2.0326216,1,0
2011-01-16 08:00:00,2.2628198,1,0
2011-01-16 09:00:00,2.5466118,1,0
2011-01-16 10:00:00,3.0510497,1,0
2011-01-16 11:00:00,3.497119,1,0
2011-01-16 12:00:00,3.8958821,1,0
2011-01-16 13:00:00,4.1831846,1,0
2011-01-16 14:00:00,4.2712884,1,0
2011-01-16 15:00:00,4.2580132,1,0
2011-01-16 16:00:00,4.0190067,1,0
2011-01-16 17:00:00,3.7580156,1,0
2011-01-16 18:00:00,3.2027676,1,0
2011-01-16 19:00:00,2.738286,1,0
2011-01-16 20:00:00,2.316769,1,0
2011-01-16 21:00:00,2.0175424,1,0
2011-01-16 22:00:00,1.8336732,1,0
2011-01-16 23:00:00,1.7187637,1,0
2011-01-17 00:00:00,1.6699852,0,0
2011-01-17 01:00:00,1.6486415,0,0
2011-01-17 02:00:00,1.5925353,0,0
2011-01-17 03:00:00,1.4654948,0,0
2011-01-17 04:00:00,1.2460533,0,0
2011-01-17 05:00:00,1.0029715,0,0
2011-01-17 06:00:00,0.83854586,0,0
2011-01-17 07:00:00,0.8311388,0,0
2011-01-17 08:00:00,0.9215754,0,0
2011-01-17 09:00:00,1.0622076,0,0
2011-01-17 10:00:00,1.2233782,0,0
2011-01-17 11:00:00,1.4198885,0,0
2011-01-17 12:00:00,1.5552471,0,0
2011-01-17 13:00:00,1.6421294,0,0
2011-01-17 14:00:00,1.721375,0,0
2011-01-17 15:00:00,1.6475599,0,0
2011-01-17 16:00:00,1.6859144,0,0
2011-01-17 17:00:00,1.6731198,0,0
2011-01-17 18:00:00,1.5531045,0,0
2011-01-17 19:00:00,1.4788383,0,0
2011-01-17 20:00:00,1.3466952,0,0
2011-01-17 21:00:00,1.2194817,0,0
2011-01-17 22:00:00,1.1037152,0,0
2011-01-17 23:00:00,1.0192672,0,0
2011-01-18 00:00:00,0.94119865,0,0
2011-01-18 01:00:00,0.8673237,0,0
2011-01-18 02:00:00,0.8216241,0,0
2011-01-18 03:00:00,0.7655701,0,0
2011-01-18 04:00:00,0.7225781,0,0
2011-01-18 05:00:00,0.66486156,0,0
2011-01-18 06:00:00,0.6136953,0,0
2011-01-18 07:00:00,0.6345161,0,0
2011-01-18 08:00:00,0.6815079,0,0
2011-01-18 09:00:00,0.74051195,0,0
2011-01-18 10:00:00,0.9027332,0,0
2011-01-18 11:00:00,1.0167929,0,0
2011-01-18 12:00:00,1.1715207,0,0
2011-01-18 13:00:00,1.3234664,0,0
2011-01-18 14:00:00,1.5497125,0,0
2011-01-18 15:00:00,1.6677235,0,0
2011-01-18 16:00:00,1.6008648,0,0
2011-01-18 17:00:00,1.5650966,0,0
2011-01-18 18:00:00,1.4455528,0,0
2011-01-18 19:00:00,1.3161671,0,0
2011-01-18 20:00:00,1.176506,0,0
2011-01-18 21:00:00,1.0516059,0,0
2011-01-18 22:00:00,0.9727027,0,0
2011-01-18 23:00:00,0.9103987,0,0
2011-01-19 00:00:00,0.8215812,0,0
2011-01-19 01:00:00,0.75019574,0,0
2011-01-19 02:00:00,0.6885035,0,0
2011-01-19 03:00:00,0.6245893,0,0
2011-01-19 04:00:00,0.5941694,0,0
2011-01-19 05:00:00,0.57353896,0,0
2011-01-19 06:00:00,0.4712738,0,0
2011-01-19 07:00:00,0.46082753,0,0
2011-01-19 08:00:00,0.47606725,0,0
2011-01-19 09:00:00,0.55975145,0,0
2011-01-19 10:00:00,0.73198056,0,0
2011-01-19 11:00:00,0.9286393,0,0
2011-01-19 12:00:00,1.0978355,0,0
2011-01-19 13:00:00,1.2348341,0,0
2011-01-19 14:00:00,1.4699959,0,0
2011-01-19 15:00:00,1.5971402,0,0
2011-01-19 16:00:00,1.5985208,0,0
2011-01-19 17:00:00,1.5625972,0,0
2011-01-19 18:00:00,1.5872701,0,0
2011-01-19 19:00:00,1.435357,0,0
2011-01-19 20:00:00,1.2481389,0,0
2011-01-19 21:00:00,1.0281075,0,0
2011-01-19 22:00:00,0.8577811,0,0
2011-01-19 23:00:00,0.71606594,0,0
2011-01-20 00:00:00,0.58745986,0,0
2011-01-20 01:00:00,0.47213385,0,0
2011-01-20 02:00:00,0.35846502,0,0
2011-01-20 03:00:00,0.23842752,0,0
2011-01-20 04:00:00,0.08973379,0,0
2011-01-20 05:00:00,0.043078717,0,0
2011-01-20 06:00:00,-0.049127176,0,0
2011-01-20 07:00:00,0.029221263,0,0
2011-01-20 08:00:00,0.3649679,0,0
2011-01-20 09:00:00,0.8754674,0,0
2011-01-20 10:00:00,1.2703487,0,0
2011-01-20 11:00:00,1.7465931,0,0
2011-01-20 12:00:00,2.323164,0,0
2011-01-20 13:00:00,2.8684163,0,0
2011-01-20 14:00:00,3.2846422,0,0
2011-01-20 15:00:00,3.4732697,0,0
2011-01-20 16:00:00,3.5359395,0,0
2011-01-20 17:00:00,3.519896,0,0
2011-01-20 18:00:00,3.534589,0,0
2011-01-20 19:00:00,3.509996,0,0
2011-01-20 20:00:00,3.5283313,0,0
2011-01-20 21:00:00,3.0520673,0,0
2011-01-20 22:00:00,2.5194175,0,0
2011-01-20 23:00:00,2.0424857,0,0
2011-01-21 00:00:00,1.7768832,0,0
2011-01-21 01:00:00,1.6021943,0,0
2011-01-21 02:00:00,1.463147,0,0
2011-01-21 03:00:00,1.3375509,0,0
2011-01-21 04:00:00,1.2388574,0,0
2011-01-21 05:00:00,1.1899128,0,0
2011-01-21 06:00:00,1.1120032,0,0
2011-01-21 07:00:00,1.212382,0,0
2011-01-21 08:00:00,1.7344519,0,0
2011-01-21 09:00:00,2.3774996,0,0
2011-01-21 10:00:00,2.7923665,0,0
2011-01-21 11:00:00,3.220524,0,0
2011-01-21 12:00:00,3.5167818,0,0
2011-01-21 13:00:00,3.6842036,0,0
2011-01-21 14:00:00,3.7451048,0,0
2011-01-21 15:00:00,3.627438,0,0
2011-01-21 16:00:00,3.3651628,0,0
2011-01-21 17:00:00,3.137797,0,0
2011-01-21 18:00:00,2.904617,0,0
2011-01-21 19:00:00,2.6905763,0,0
2011-01-21 20:00:00,2.4562244,0,0
2011-01-21 21:00:00,2.1757896,0,0
2011-01-21 22:00:00,1.9525262,0,0
2011-01-21 23:00:00,1.7661726,0,0
2011-01-22 00:00:00,1.6281757,1,0
2011-01-22 01:00:00,1.5197889,1,0
2011-01-22 02:00:00,1.4295318,1,0
2011-01-22 03:00:00,1.3651271,1,0
2011-01-22 04:00:00,1.3125166,1,0
2011-01-22 05:00:00,1.2968156,1,0
2011-01-22 06:00:00,1.3608632,1,0
2011-01-22 07:00:00,1.3831228,1,0
2011-01-22 08:00:00,1.4968008,1,0
2011-01-22 09:00:00,1.7157191,1,0
2011-01-22 10:00:00,2.0220058,1,0
2011-01-22 11:00:00,2.4207656,1,0
2011-01-22 12:00:00,2.913102,1,0
2011-01-22 13:00:00,3.3056865,1,0
2011-01-22 14:00:00,3.6071951,1,0
2011-01-22 15:00:00,3.7594533,1,0
2011-01-22 16:00:00,3.7606556,1,0
2011-01-22 17:00:00,3.623004,1,0
2011-01-22 18:00:00,3.466731,1,0
2011-01-22 19:00:00,3.3224082,1,0
2011-01-22 20:00:00,3.212008,1,0
2011-01-22 21:00:00,2.9883153,1,0
2011-01-22 22:00:00,2.7917948,1,0
2011-01-22 23:00:00,2.6271584,1,0
2011-01-23 00:00:00,2.479292,1,0
2011-01-23 01:00:00,2.3225675,1,0
2011-01-23 02:00:00,2.2501369,1,0
2011-01-23 03:00:00,2.289115,1,0
2011-01-23 04:00:00,2.311375,1,0
2011-01-23 05:00:00,2.2894762,1,0
2011-01-23 06:00:00,2.2628713,1,0
2011-01-23 07:00:00,2.25784,1,0
2011-01-23 08:00:00,2.3461115,1,0
2011-01-23 09:00:00,2.5311403,1,0
2011-01-23 10:00:00,2.827239,1,0
2011-01-23 11:00:00,3.1400864,1,0
2011-01-23 12:00:00,3.4249907,1,0
2011-01-23 13:00:00,3.6223266,1,0
2011-01-23 14:00:00,3.9100418,1,0
2011-01-23 15:00:00,4.105893,1,0
2011-01-23 16:00:00,4.2073917,1,0
2011-01-23 17:00:00,4.238342,1,0
2011-01-23 18:00:00,4.1050544,1,0
2011-01-23 19:00:00,3.8685775,1,0
2011-01-23 20:00:00,3.6086364,1,0
2011-01-23 21:00:00,3.280469,1,0
2011-01-23 22:00:00,3.0496023,1,0
2011-01-23 23:00:00,2.8715096,1,0
2011-01-24 00:00:00,2.729623,0,0
2011-01-24 01:00:00,2.6443288,0,0
2011-01-24 02:00:00,2.5814013,0,0
2011-01-24 03:00:00,2.4960253,0,0
2011-01-24 04:00:00,2.367029,0,0
2011-01-24 05:00:00,2.2793608,0,0
2011-01-24 06:00:00,2.16822,0,0
2011-01-24 07:00:00,1.8063477,0,0
2011-01-24 08:00:00,1.523061,0,0
2011-01-24 09:00:00,1.4866558,0,0
2011-01-24 10:00:00,1.6465482,0,0
2011-01-24 11:00:00,1.6117963,0,0
2011-01-24 12:00:00,2.0746608,0,0
2011-01-24 13:00:00,2.1221347,0,0
2011-01-24 14:00:00,2.102082,0,0
2011-01-24 15:00:00,1.9765934,0,0
2011-01-24 16:00:00,1.6658803,0,0
2011-01-24 17:00:00,1.6237886,0,0
2011-01-24 18:00:00,1.5265945,0,0
2011-01-24 19:00:00,1.3135643,0,0
2011-01-24 20:00:00,1.052167,0,0
2011-01-24 21:00:00,0.86308837,0,0
2011-01-24 22:00:00,0.7453398,0,0
2011-01-24 23:00:00,0.64777786,0,0
2011-01-25 00:00:00,0.56843066,0,0
2011-01-25 01:00:00,0.515388,0,0
2011-01-25 02:00:00,0.33270925,0,0
2011-01-25 03:00:00,0.3010243,0,0
2011-01-25 04:00:00,0.23530783,0,0
2011-01-25 05:00:00,0.15366946,0,0
2011-01-25 06:00:00,0.10462838,0,0
2011-01-25 07:00:00,-0.05165012,0,0
2011-01-25 08:00:00,0.4449885,0,0
2011-01-25 09:00:00,0.83092684,0,0
2011-01-25 10:00:00,1.117768,0,0
2011-01-25 11:00:00,1.5522994,0,0
2011-01-25 12:00:00,1.8990664,0,0
2011-01-25 13:00:00,2.4266486,0,0
2011-01-25 14:00:00,2.8067613,0,0
2011-01-25 15:00:00,3.027834,0,0
2011-01-25 16:00:00,3.1181607,0,0
2011-01-25 17:00:00,3.1243787,0,0
2011-01-25 18:00:00,2.962033,0,0
2011-01-25 19:00:00,2.8983622,0,0
2011-01-25 20:00:00,2.679497,0,0
2011-01-25 21:00:00,2.249856,0,0
2011-01-25 22:00:00,1.8968215,0,0
2011-01-25 23:00:00,1.7787999,0,0
2011-01-26 00:00:00,1.6793771,0,1
2011-01-26 01:00:00,1.6000348,0,1
2011-01-26 02:00:00,1.5641531,0,1
2011-01-26 03:00:00,1.521156,0,1
2011-01-26 04:00:00,1.4634447,0,1
2011-01-26 05:00:00,1.3739756,0,1
2011-01-26 06:00:00,1.4316027,0,1
2011-01-26 07:00:00,1.403895,0,1
2011-01-26 08:00:00,1.4289472,0,1
2011-01-26 09:00:00,1.4783374,0,1
2011-01-26 10:00:00,1.5894616,0,1
2011-01-26 11:00:00,1.7413054,0,1
2011-01-26 12:00:00,1.8942,0,1
2011-01-26 13:00:00,2.1054122,0,1
2011-01-26 14:00:00,2.2234976,0,1
2011-01-26 15:00:00,2.3984616,0,1
2011-01-26 16:00:00,2.4728742,0,1
2011-01-26 17:00:00,2.4576967,0,1
2011-01-26 18:00:00,2.2800682,0,1
2011-01-26 19:00:00,2.0860012,0,1
2011-01-26 20:00:00,1.8365414,0,1
2011-01-26 21:00:00,1.5833132,0,1
2011-01-26 22:00:00,1.4411572,0,1
2011-01-26 23:00:00,1.33469,0,1
2011-01-27 00:00:00,1.1887951,0,0
2011-01-27 01:00:00,1.0604068,0,0
2011-01-27 02:00:00,0.959486,0,0
2011-01-27 03:00:00,0.8049832,0,0
2011-01-27 04:00:00,0.8203074,0,0
2011-01-27 05:00:00,0.8373179,0,0
2011-01-27 06:00:00,0.91002846,0,0
2011-01-27 07:00:00,0.7082905,0,0
2011-01-27 08:00:00,1.0755229,0,0
2011-01-27 09:00:00,1.4432117,0,0
2011-01-27 10:00:00,1.5980865,0,0
2011-01-27 11:00:00,1.8667529,0,0
2011-01-27 12:00:00,2.1042712,0,0
2011-01-27 13:00:00,2.3100767,0,0
2011-01-27 14:00:00,2.4787495,0,0
2011-01-27 15:00:00,2.6358905,0,0
2011-01-27 16:00:00,2.7275517,0,0
2011-01-27 17:00:00,2.7061782,0,0
2011-01-27 18:00:00,2.591719,0,0
2011-01-27 19:00:00,2.391226,0,0
2011-01-27 20:00:00,2.2014663,0,0
2011-01-27 21:00:00,1.9881182,0,0
2011-01-27 22:00:00,1.8486696,0,0
2011-01-27 23:00:00,1.7511129,0,0
2011-01-28 00:00:00,1.671382,0,0
2011-01-28 01:00:00,1.5464946,0,0
2011-01-28 02:00:00,1.4192933,0,0
2011-01-28 03:00:00,1.2344824,0,0
2011-01-28 04:00:00,1.0425999,0,0
2011-01-28 05:00:00,0.86503774,0,0
2011-01-28 06:00:00,0.71803874,0,0
2011-01-28 07:00:00,0.63582337,0,0
2011-01-28 08:00:00,0.6079054,0,0
2011-01-28 09:00:00,0.6843881,0,0
2011-01-28 10:00:00,0.8293727,0,0
2011-01-28 11:00:00,1.139744,0,0
2011-01-28 12:00:00,1.4431344,0,0
2011-01-28 13:00:00,1.6628737,0,0
2011-01-28 14:00:00,1.8185308,0,0
2011-01-28 15:00:00,1.9422988,0,0
2011-01-28 16:00:00,1.9838961,0,0
2011-01-28 17:00:00,1.944814,0,0
2011-01-28 18:00:00,1.9961147,0,0
2011-01-28 19:00:00,1.8033103,0,0
2011-01-28 20:00:00,1.570175,0,0
2011-01-28 21:00:00,1.3163352,0,0
2011-01-28 22:00:00,1.1200602,0,0
2011-01-28 23:00:00,0.9590849,0,0
2011-01-29 00:00:00,0.83103865,1,0
2011-01-29 01:00:00,0.72334975,1,0
2011-01-29 02:00:00,0.61587876,1,0
2011-01-29 03:00:00,0.49002692,1,0
2011-01-29 04:00:00,0.3006651,1,0
2011-01-29 05:00:00,0.17430887,1,0
2011-01-29 06:00:00,-0.07444375,1,0
2011-01-29 07:00:00,-0.043085195,1,0
2011-01-29 08:00:00,0.4547697,1,0
2011-01-29 09:00:00,0.79872835,1,0
2011-01-29 10:00:00,1.218463,1,0
2011-01-29 11:00:00,1.701916,1,0
2011-01-29 12:00:00,2.2656996,1,0
2011-01-29 13:00:00,2.7631066,1,0
2011-01-29 14:00:00,3.1542776,1,0
2011-01-29 15:00:00,3.4594781,1,0
2011-01-29 16:00:00,3.631074,1,0
2011-01-29 17:00:00,3.633071,1,0
2011-01-29 18:00:00,3.3908057,1,0
2011-01-29 19:00:00,3.18897,1,0
2011-01-29 20:00:00,2.9248028,1,0
2011-01-29 21:00:00,2.5711772,1,0
2011-01-29 22:00:00,2.369893,1,0
2011-01-29 23:00:00,2.2278886,1,0
2011-01-30 00:00:00,1.9232148,1,0
2011-01-30 01:00:00,1.7924665,1,0
2011-01-30 02:00:00,1.7749134,1,0
2011-01-30 03:00:00,1.7574124,1,0
2011-01-30 04:00:00,1.7170691,1,0
2011-01-30 05:00:00,1.6383822,1,0
2011-01-30 06:00:00,1.498825,1,0
2011-01-30 07:00:00,1.5522239,1,0
2011-01-30 08:00:00,1.8958244,1,0
2011-01-30 09:00:00,2.4674695,1,0
2011-01-30 10:00:00,3.0228007,1,0
2011-01-30 11:00:00,3.4278982,1,0
2011-01-30 12:00:00,3.7263036,1,0
2011-01-30 13:00:00,3.9694185,1,0
2011-01-30 14:00:00,4.1835747,1,0
2011-01-30 15:00:00,4.3587646,1,0
2011-01-30 16:00:00,4.485689,1,0
2011-01-30 17:00:00,4.565515,1,0
2011-01-30 18:00:00,4.812475,1,0
2011-01-30 19:00:00,4.886668,1,0
2011-01-30 20:00:00,4.469671,1,0
2011-01-30 21:00:00,3.8769581,1,0
2011-01-30 22:00:00,3.5570166,1,0
2011-01-30 23:00:00,3.2768192,1,0
2011-01-31 00:00:00,2.9701653,0,0
2011-01-31 01:00:00,2.7623758,0,0
2011-01-31 02:00:00,2.6119733,0,0
2011-01-31 03:00:00,2.4636216,0,0
2011-01-31 04:00:00,2.3679168,0,0
2011-01-31 05:00:00,2.2911391,0,0
2011-01-31 06:00:00,2.3002467,0,0
2011-01-31 07:00:00,2.3288753,0,0
2011-01-31 08:00:00,2.5825315,0,0
2011-01-31 09:00:00,3.0485032,0,0
2011-01-31 10:00:00,3.5909083,0,0
2011-01-31 11:00:00,4.1608586,0,0
2011-01-31 12:00:00,4.6874366,0,0
2011-01-31 13:00:00,5.111089,0,0
2011-01-31 14:00:00,5.3986053,0,0
2011-01-31 15:00:00,5.459249,0,0
2011-01-31 16:00:00,5.58044,0,0
2011-01-31 17:00:00,5.6806183,0,0
2011-01-31 18:00:00,4.974508,0,0
2011-01-31 19:00:00,4.926414,0,0
2011-01-31 20:00:00,4.8367653,0,0
2011-01-31 21:00:00,4.573118,0,0
2011-01-31 22:00:00,4.372451,0,0
2011-01-31 23:00:00,4.2130632,0,0
2011-02-01 00:00:00,4.093544,0,0
2011-02-01 01:00:00,4.0124397,0,0
2011-02-01 02:00:00,3.9483194,0,0
2011-02-01 03:00:00,3.8627832,0,0
2011-02-01 04:00:00,3.808013,0,0
2011-02-01 05:00:00,3.7389116,0,0
2011-02-01 06:00:00,3.8179512,0,0
2011-02-01 07:00:00,3.7007213,0,0
2011-02-01 08:00:00,3.744617,0,0
2011-02-01 09:00:00,3.9949374,0,0
2011-02-01 10:00:00,4.3851285,0,0
2011-02-01 11:00:00,4.6531663,0,0
2011-02-01 12:00:00,4.890593,0,0
2011-02-01 13:00:00,5.0652585,0,0
2011-02-01 14:00:00,5.1810455,0,0
2011-02-01 15:00:00,5.3355308,0,0
2011-02-01 16:00:00,5.2832227,0,0
2011-02-01 17:00:00,4.618576,0,0
2011-02-01 18:00:00,3.9312344,0,0
2011-02-01 19:00:00,3.4971611,0,0
2011-02-01 20:00:00,3.1858184,0,0
2011-02-01 21:00:00,2.915803,0,0
2011-02-01 22:00:00,2.6793337,0,0
2011-02-01 23:00:00,2.48668,0,0
2011-02-02 00:00:00,2.3143842,0,0
2011-02-02 01:00:00,2.1688197,0,0
2011-02-02 02:00:00,2.0392425,0,0
2011-02-02 03:00:00,1.9329013,0,0
2011-02-02 04:00:00,1.8414508,0,0
2011-02-02 05:00:00,1.7589107,0,0
2011-02-02 06:00:00,1.6720006,0,0
2011-02-02 07:00:00,1.6546328,0,0
2011-02-02 08:00:00,1.7484406,0,0
2011-02-02 09:00:00,2.0805535,0,0
2011-02-02 10:00:00,2.5287178,0,0
2011-02-02 11:00:00,3.049774,0,0
2011-02-02 12:00:00,3.6884918,0,0
2011-02-02 13:00:00,4.31747,0,0
2011-02-02 14:00:00,4.8113575,0,0
2011-02-02 15:00:00,5.1481857,0,0
2011-02-02 16:00:00,5.2604327,0,0
2011-02-02 17:00:00,5.1137,0,0
2011-02-02 18:00:00,5.329738,0,0
2011-02-02 19:00:00,5.1400995,0,0
2011-02-02 20:00:00,4.9139204,0,0
2011-02-02 21:00:00,4.6184173,0,0
2011-02-02 22:00:00,4.370832,0,0
2011-02-02 23:00:00,4.0860987,0,0
2011-02-03 00:00:00,3.755506,0,0
2011-02-03 01:00:00,3.4648724,0,0
2011-02-03 02:00:00,3.2149808,0,0
2011-02-03 03:00:00,3.0034337,0,0
2011-02-03 04:00:00,2.841465,0,0
2011-02-03 05:00:00,2.7340837,0,0
2011-02-03 06:00:00,2.5683622,0,0
2011-02-03 07:00:00,2.4028118,0,0
2011-02-03 08:00:00,2.2917693,0,0
2011-02-03 09:00:00,2.230523,0,0
2011-02-03 10:00:00,2.2575986,0,0
2011-02-03 11:00:00,2.3608127,0,0
2011-02-03 12:00:00,2.4999833,0,0
2011-02-03 13:00:00,2.7637734,0,0
2011-02-03 14:00:00,3.208126,0,0
2011-02-03 15:00:00,3.3544288,0,0
2011-02-03 16:00:00,3.3457909,0,0
2011-02-03 17:00:00,3.3466237,0,0
2011-02-03 18:00:00,3.3578732,0,0
2011-02-03 19:00:00,3.0297108,0,0
2011-02-03 20:00:00,2.837855,0,0
2011-02-03 21:00:00,2.6805859,0,0
2011-02-03 22:00:00,2.5389948,0,0
2011-02-03 23:00:00,2.439183,0,0
2011-02-04 00:00:00,2.368187,0,0
2011-02-04 01:00:00,2.3095958,0,0
2011-02-04 02:00:00,2.2847617,0,0
2011-02-04 03:00:00,2.339116,0,0
2011-02-04 04:00:00,2.4298427,0,0
2011-02-04 05:00:00,2.562677,0,0
2011-02-04 06:00:00,3.275565,0,0
2011-02-04 07:00:00,3.4517126,0,0
2011-02-04 08:00:00,3.61109,0,0
2011-02-04 09:00:00,3.753211,0,0
2011-02-04 10:00:00,3.9253082,0,0
2011-02-04 11:00:00,4.2886305,0,0
2011-02-04 12:00:00,4.2942457,0,0
2011-02-04 13:00:00,4.259974,0,0
2011-02-04 14:00:00,4.176309,0,0
2011-02-04 15:00:00,4.1473093,0,0
2011-02-04 16:00:00,4.2719564,0,0
2011-02-04 17:00:00,4.431263,0,0
2011-02-04 18:00:00,4.56319,0,0
2011-02-04 19:00:00,4.348527,0,0
2011-02-04 20:00:00,4.172209,0,0
2011-02-04 21:00:00,3.9554121,0,0
2011-02-04 22:00:00,3.8570554,0,0
2011-02-04 23:00:00,3.8439407,0,0
2011-02-05 00:00:00,3.8504808,1,0
2011-02-05 01:00:00,3.824703,1,0
2011-02-05 02:00:00,3.799805,1,0
2011-02-05 03:00:00,3.7525918,1,0
2011-02-05 04:00:00,3.607297,1,0
2011-02-05 05:00:00,3.3786666,1,0
2011-02-05 06:00:00,3.0604846,1,0
2011-02-05 07:00:00,2.8792613,1,0
2011-02-05 08:00:00,2.7419777,1,0
2011-02-05 09:00:00,2.6537824,1,0
2011-02-05 10:00:00,2.6169987,1,0
2011-02-05 11:00:00,2.5658894,1,0
2011-02-05 12:00:00,2.441183,1,0
2011-02-05 13:00:00,2.3256967,1,0
2011-02-05 14:00:00,2.3148508,1,0
2011-02-05 15:00:00,2.255483,1,0
2011-02-05 16:00:00,2.240615,1,0
2011-02-05 17:00:00,2.1999416,1,0
2011-02-05 18:00:00,2.0299075,1,0
2011-02-05 19:00:00,1.9111292,1,0
2011-02-05 20:00:00,1.8203456,1,0
2011-02-05 21:00:00,1.7519234,1,0
2011-02-05 22:00:00,1.5937643,1,0
2011-02-05 23:00:00,1.2730547,1,0
2011-02-06 00:00:00,1.033,1,0
2011-02-06 01:00:00,0.8311047,1,0
2011-02-06 02:00:00,0.6813189,1,0
2011-02-06 03:00:00,0.5175965,1,0
2011-02-06 04:00:00,0.3264445,1,0
2011-02-06 05:00:00,0.15835242,1,0
2011-02-06 06:00:00,0.06586153,1,0
2011-02-06 07:00:00,-0.060465295,1,0
2011-02-06 08:00:00,-0.109357625,1,0
2011-02-06 09:00:00,-0.053888716,1,0
2011-02-06 10:00:00,0.098029844,1,0
2011-02-06 11:00:00,0.21431163,1,0
2011-02-06 12:00:00,0.35466155,1,0
2011-02-06 13:00:00,0.55028033,1,0
2011-02-06 14:00:00,0.598259,1,0
2011-02-06 15:00:00,0.66863835,1,0
2011-02-06 16:00:00,0.727053,1,0
2011-02-06 17:00:00,0.7014635,1,0
2011-02-06 18:00:00,0.64051586,1,0
2011-02-06 19:00:00,0.5202635,1,0
2011-02-06 20:00:00,0.3412027,1,0
2011-02-06 21:00:00,0.202411,1,0
2011-02-06 22:00:00,0.08951743,1,0
2011-02-06 23:00:00,0.022273554,1,0
2011-02-07 00:00:00,-0.08724847,0,0
2011-02-07 01:00:00,-0.2341937,0,0
2011-02-07 02:00:00,-0.40490702,0,0
2011-02-07 03:00:00,-0.54159385,0,0
2011-02-07 04:00:00,-0.6263562,0,0
2011-02-07 05:00:00,-0.7375991,0,0
2011-02-07 06:00:00,-0.7849106,0,0
2011-02-07 07:00:00,-0.59538156,0,0
2011-02-07 08:00:00,-0.42265108,0,0
2011-02-07 09:00:00,0.038431108,0,0
2011-02-07 10:00:00,0.28554773,0,0
2011-02-07 11:00:00,0.59950393,0,0
2011-02-07 12:00:00,0.8809198,0,0
2011-02-07 13:00:00,1.0810497,0,0
2011-02-07 14:00:00,1.2395107,0,0
2011-02-07 15:00:00,1.3556417,0,0
2011-02-07 16:00:00,1.3981183,0,0
2011-02-07 17:00:00,1.3851558,0,0
2011-02-07 18:00:00,1.3687255,0,0
2011-02-07 19:00:00,1.2430977,0,0
2011-02-07 20:00:00,1.1079894,0,0
2011-02-07 21:00:00,0.99155897,0,0
2011-02-07 22:00:00,0.925324,0,0
2011-02-07 23:00:00,0.89717054,0,0
2011-02-08 00:00:00,0.89772534,0,0
2011-02-08 01:00:00,0.91697526,0,0
2011-02-08 02:00:00,0.92006606,0,0
2011-02-08 03:00:00,0.914641,0,0
2011-02-08 04:00:00,0.87523586,0,0
2011-02-08 05:00:00,0.801537,0,0
2011-02-08 06:00:00,0.73802185,0,0
2011-02-08 07:00:00,0.6396478,0,0
2011-02-08 08:00:00,0.5402389,0,0
2011-02-08 09:00:00,0.43131477,0,0
2011-02-08 10:00:00,0.43657637,0,0
2011-02-08 11:00:00,0.55731916,0,0
2011-02-08 12:00:00,0.74599355,0,0
2011-02-08 13:00:00,0.96970344,0,0
2011-02-08 14:00:00,1.0772628,0,0
2011-02-08 15:00:00,1.1825533,0,0
2011-02-08 16:00:00,1.2529852,0,0
2011-02-08 17:00:00,1.1661578,0,0
2011-02-08 18:00:00,1.2094673,0,0
2011-02-08 19:00:00,1.0650251,0,0
2011-02-08 20:00:00,0.86862904,0,0
2011-02-08 21:00:00,0.66354,0,0
2011-02-08 22:00:00,0.52121323,0,0
2011-02-08 23:00:00,0.40256807,0,0
2011-02-09 00:00:00,0.3124823,0,0
2011-02-09 01:00:00,0.24585551,0,0
2011-02-09 02:00:00,0.19521615,0,0
2011-02-09 03:00:00,0.1311257,0,0
2011-02-09 04:00:00,0.07030789,0,0
2011-02-09 05:00:00,-0.007719211,0,0
2011-02-09 06:00:00,-0.1549686,0,0
2011-02-09 07:00:00,-0.2675073,0,0
2011-02-09 08:00:00,-0.013370525,0,0
2011-02-09 09:00:00,0.45331314,0,0
2011-02-09 10:00:00,0.75315964,0,0
2011-02-09 11:00:00,1.2126563,0,0
2011-02-09 12:00:00,1.7449672,0,0
2011-02-09 13:00:00,2.3397202,0,0
2011-02-09 14:00:00,2.8368573,0,0
2011-02-09 15:00:00,3.128778,0,0
2011-02-09 16:00:00,3.283512,0,0
2011-02-09 17:00:00,3.288078,0,0
2011-02-09 18:00:00,3.089375,0,0
2011-02-09 19:00:00,2.9176815,0,0
2011-02-09 20:00:00,2.727243,0,0
2011-02-09 21:00:00,2.4946969,0,0
2011-02-09 22:00:00,2.3346975,0,0
2011-02-09 23:00:00,2.2246983,0,0
2011-02-10 00:00:00,1.9777963,0,0
2011-02-10 01:00:00,1.878463,0,0
2011-02-10 02:00:00,1.7845778,0,0
2011-02-10 03:00:00,1.6436752,0,0
2011-02-10 04:00:00,1.5169541,0,0
2011-02-10 05:00:00,1.4894176,0,0
2011-02-10 06:00:00,1.4800442,0,0
2011-02-10 07:00:00,1.5399305,0,0
2011-02-10 08:00:00,1.7697258,0,0
2011-02-10 09:00:00,2.1261642,0,0
2011-02-10 10:00:00,2.4884357,0,0
2011-02-10 11:00:00,2.8042526,0,0
2011-02-10 12:00:00,3.1302536,0,0
2011-02-10 13:00:00,3.3827434,0,0
2011-02-10 14:00:00,3.6513176,0,0
2011-02-10 15:00:00,3.7179565,0,0
2011-02-10 16:00:00,3.631089,0,0
2011-02-10 17:00:00,3.5559711,0,0
2011-02-10 18:00:00,3.8778596,0,0
2011-02-10 19:00:00,3.959686,0,0
2011-02-10 20:00:00,3.800938,0,0
2011-02-10 21:00:00,3.58694,0,0
2011-02-10 22:00:00,3.4500115,0,0
2011-02-10 23:00:00,3.346234,0,0
2011-02-11 00:00:00,3.30893,0,0
2011-02-11 01:00:00,3.2698398,0,0
2011-02-11 02:00:00,3.2465985,0,0
2011-02-11 03:00:00,3.1592498,0,0
2011-02-11 04:00:00,3.0631666,0,0
2011-02-11 05:00:00,2.9954255,0,0
2011-02-11 06:00:00,2.95261,0,0
2011-02-11 07:00:00,2.969328,0,0
2011-02-11 08:00:00,3.073266,0,0
2011-02-11 09:00:00,3.1935854,0,0
2011-02-11 10:00:00,3.4834192,0,0
2011-02-11 11:00:00,3.5795593,0,0
2011-02-11 12:00:00,3.759014,0,0
2011-02-11 13:00:00,3.7104065,0,0
2011-02-11 14:00:00,3.5575714,0,0
2011-02-11 15:00:00,3.4737263,0,0
2011-02-11 16:00:00,3.3739927,0,0
2011-02-11 17:00:00,3.1764092,0,0
2011-02-11 18:00:00,2.754034,0,0
2011-02-11 19:00:00,2.3656464,0,0
2011-02-11 20:00:00,2.1521723,0,0
2011-02-11 21:00:00,1.9906698,0,0
2011-02-11 22:00:00,1.8545061,0,0
2011-02-11 23:00:00,1.7136308,0,0
2011-02-12 00:00:00,1.5781758,1,0
2011-02-12 01:00:00,1.4642029,1,0
2011-02-12 02:00:00,1.3967017,1,0
2011-02-12 03:00:00,1.338111,1,0
2011-02-12 04:00:00,1.2768129,1,0
2011-02-12 05:00:00,1.1887884,1,0
2011-02-12 06:00:00,1.0070792,1,0
2011-02-12 07:00:00,0.7977644,1,0
2011-02-12 08:00:00,0.5995875,1,0
2011-02-12 09:00:00,0.44523168,1,0
2011-02-12 10:00:00,0.42868614,1,0
2011-02-12 11:00:00,0.55353093,1,0
2011-02-12 12:00:00,0.7359112,1,0
2011-02-12 13:00:00,0.9373856,1,0
2011-02-12 14:00:00,1.062377,1,0
2011-02-12 15:00:00,1.1771845,1,0
2011-02-12 16:00:00,1.1959819,1,0
2011-02-12 17:00:00,1.1233088,1,0
2011-02-12 18:00:00,1.086414,1,0
2011-02-12 19:00:00,0.88548225,1,0
2011-02-12 20:00:00,0.6533527,1,0
2011-02-12 21:00:00,0.46759826,1,0
2011-02-12 22:00:00,0.3422128,1,0
2011-02-12 23:00:00,0.22722392,1,0
2011-02-13 00:00:00,0.13188897,1,0
2011-02-13 01:00:00,0.05293567,1,0
2011-02-13 02:00:00,-0.010200939,1,0
2011-02-13 03:00:00,-0.070064984,1,0
2011-02-13 04:00:00,-0.1359091,1,0
2011-02-13 05:00:00,-0.20302154,1,0
2011-02-13 06:00:00,-0.22069372,1,0
2011-02-13 07:00:00,-0.17083336,1,0
2011-02-13 08:00:00,0.10360874,1,0
2011-02-13 09:00:00,0.26674953,1,0
2011-02-13 10:00:00,0.43924084,1,0
2011-02-13 11:00:00,0.6075856,1,0
2011-02-13 12:00:00,0.7560636,1,0
2011-02-13 13:00:00,0.86850584,1,0
2011-02-13 14:00:00,1.0805975,1,0
2011-02-13 15:00:00,1.2728174,1,0
2011-02-13 16:00:00,1.4215355,1,0
2011-02-13 17:00:00,1.4687707,1,0
2011-02-13 18:00:00,1.4375018,1,0
2011-02-13 19:00:00,1.3133652,1,0
2011-02-13 20:00:00,1.1993452,1,0
2011-02-13 21:00:00,1.0764613,1,0
2011-02-13 22:00:00,0.9831476,1,0
2011-02-13 23:00:00,0.8993618,1,0
2011-02-14 00:00:00,0.8221671,0,0
2011-02-14 01:00:00,0.8029763,0,0
2011-02-14 02:00:00,0.7385021,0,0
2011-02-14 03:00:00,0.66733974,0,0
2011-02-14 04:00:00,0.58416545,0,0
2011-02-14 05:00:00,0.5368038,0,0
2011-02-14 06:00:00,0.48053187,0,0
2011-02-14 07:00:00,0.43173093,0,0
2011-02-14 08:00:00,0.54994947,0,0
2011-02-14 09:00:00,0.7796689,0,0
2011-02-14 10:00:00,1.0194405,0,0
2011-02-14 11:00:00,1.3822222,0,0
2011-02-14 12:00:00,1.7782899,0,0
2011-02-14 13:00:00,2.2088819,0,0
2011-02-14 14:00:00,2.5325344,0,0
2011-02-14 15:00:00,2.76218,0,0
2011-02-14 16:00:00,2.9014537,0,0
2011-02-14 17:00:00,2.9198601,0,0
2011-02-14 18:00:00,2.836132,0,0
2011-02-14 19:00:00,2.627404,0,0
2011-02-14 20:00:00,2.3832798,0,0
2011-02-14 21:00:00,2.1490197,0,0
2011-02-14 22:00:00,1.9795728,0,0
2011-02-14 23:00:00,1.7900378,0,0
2011-02-15 00:00:00,1.5331557,0,0
2011-02-15 01:00:00,1.4305015,0,0
2011-02-15 02:00:00,1.1826284,0,0
2011-02-15 03:00:00,0.9006567,0,0
2011-02-15 04:00:00,0.70969,0,0
2011-02-15 05:00:00,0.6191706,0,0
2011-02-15 06:00:00,0.6361295,0,0
2011-02-15 07:00:00,0.5737808,0,0
2011-02-15 08:00:00,1.0460218,0,0
2011-02-15 09:00:00,1.8669695,0,0
2011-02-15 10:00:00,2.3669508,0,0
2011-02-15 11:00:00,2.715621,0,0
2011-02-15 12:00:00,3.0581002,0,0
2011-02-15 13:00:00,3.3521948,0,0
2011-02-15 14:00:00,3.5668833,0,0
2011-02-15 15:00:00,3.7036963,0,0
2011-02-15 16:00:00,3.7281396,0,0
2011-02-15 17:00:00,3.6731195,0,0
2011-02-15 18:00:00,3.5805607,0,0
2011-02-15 19:00:00,3.5743625,0,0
2011-02-15 20:00:00,3.3678567,0,0
2011-02-15 21:00:00,3.0363026,0,0
2011-02-15 22:00:00,2.8067338,0,0
2011-02-15 23:00:00,2.6613297,0,0
2011-02-16 00:00:00,2.5395555,0,0
2011-02-16 01:00:00,2.393101,0,0
2011-02-16 02:00:00,2.2301733,0,0
2011-02-16 03:00:00,2.0467224,0,0
2011-02-16 04:00:00,1.9041848,0,0
2011-02-16 05:00:00,1.8102027,0,0
2011-02-16 06:00:00,1.8339156,0,0
2011-02-16 07:00:00,1.8769544,0,0
2011-02-16 08:00:00,2.0776339,0,0
2011-02-16 09:00:00,2.4487536,0,0
2011-02-16 10:00:00,2.768358,0,0
2011-02-16 11:00:00,2.9336634,0,0
2011-02-16 12:00:00,3.0823367,0,0
2011-02-16 13:00:00,3.3058803,0,0
2011-02-16 14:00:00,3.3459196,0,0
2011-02-16 15:00:00,3.4226456,0,0
2011-02-16 16:00:00,3.5099442,0,0
2011-02-16 17:00:00,3.3599994,0,0
2011-02-16 18:00:00,3.4432232,0,0
2011-02-16 19:00:00,3.3248909,0,0
2011-02-16 20:00:00,3.1799064,0,0
2011-02-16 21:00:00,3.0211701,0,0
2011-02-16 22:00:00,2.853831,0,0
2011-02-16 23:00:00,2.6699862,0,0
2011-02-17 00:00:00,2.4890716,0,0
2011-02-17 01:00:00,2.3548846,0,0
2011-02-17 02:00:00,2.2490392,0,0
2011-02-17 03:00:00,2.1196115,0,0
2011-02-17 04:00:00,2.0637329,0,0
2011-02-17 05:00:00,2.0216951,0,0
2011-02-17 06:00:00,2.0210283,0,0
2011-02-17 07:00:00,1.9144466,0,0
2011-02-17 08:00:00,2.119273,0,0
2011-02-17 09:00:00,2.5321236,0,0
2011-02-17 10:00:00,2.694811,0,0
2011-02-17 11:00:00,2.9055953,0,0
2011-02-17 12:00:00,3.0969925,0,0
2011-02-17 13:00:00,3.3004885,0,0
2011-02-17 14:00:00,3.4935875,0,0
2011-02-17 15:00:00,3.5868716,0,0
2011-02-17 16:00:00,3.6180725,0,0
2011-02-17 17:00:00,3.5351408,0,0
2011-02-17 18:00:00,3.527274,0,0
2011-02-17 19:00:00,3.4468963,0,0
2011-02-17 20:00:00,3.257721,0,0
2011-02-17 21:00:00,3.0102797,0,0
2011-02-17 22:00:00,2.8490863,0,0
2011-02-17 23:00:00,2.801507,0,0
2011-02-18 00:00:00,2.7412589,0,0
2011-02-18 01:00:00,2.6641166,0,0
2011-02-18 02:00:00,2.601647,0,0
2011-02-18 03:00:00,2.5604882,0,0
2011-02-18 04:00:00,2.5176723,0,0
2011-02-18 05:00:00,2.4321847,0,0
2011-02-18 06:00:00,2.341985,0,0
2011-02-18 07:00:00,2.2531781,0,0
2011-02-18 08:00:00,2.2636487,0,0
2011-02-18 09:00:00,2.3652062,0,0
2011-02-18 10:00:00,2.5856588,0,0
2011-02-18 11:00:00,2.8670573,0,0
2011-02-18 12:00:00,3.2125828,0,0
2011-02-18 13:00:00,3.4707437,0,0
2011-02-18 14:00:00,3.6870596,0,0
2011-02-18 15:00:00,3.7856877,0,0
2011-02-18 16:00:00,3.8508952,0,0
2011-02-18 17:00:00,3.8858373,0,0
2011-02-18 18:00:00,3.770789,0,0
2011-02-18 19:00:00,3.5234907,0,0
2011-02-18 20:00:00,3.3227491,0,0
2011-02-18 21:00:00,3.1573296,0,0
2011-02-18 22:00:00,3.0529828,0,0
2011-02-18 23:00:00,2.950548,0,0
2011-02-19 00:00:00,2.8611758,1,0
2011-02-19 01:00:00,2.80583,1,0
2011-02-19 02:00:00,2.726151,1,0
2011-02-19 03:00:00,2.665903,1,0
2011-02-19 04:00:00,2.7199013,1,0
2011-02-19 05:00:00,2.9012446,1,0
2011-02-19 06:00:00,3.0491176,1,0
2011-02-19 07:00:00,3.0586345,1,0
2011-02-19 08:00:00,3.1233487,1,0
2011-02-19 09:00:00,3.3917744,1,0
2011-02-19 10:00:00,3.5313544,1,0
2011-02-19 11:00:00,3.5002587,1,0
2011-02-19 12:00:00,3.5259795,1,0
2011-02-19 13:00:00,3.6219318,1,0
2011-02-19 14:00:00,3.5623384,1,0
2011-02-19 15:00:00,3.386429,1,0
2011-02-19 16:00:00,3.3473594,1,0
2011-02-19 17:00:00,3.2529416,1,0
2011-02-19 18:00:00,2.9918559,1,0
2011-02-19 19:00:00,2.8140354,1,0
2011-02-19 20:00:00,2.6266484,1,0
2011-02-19 21:00:00,2.407984,1,0
2011-02-19 22:00:00,2.2626028,1,0
2011-02-19 23:00:00,2.1098015,1,0
2011-02-20 00:00:00,1.9677912,1,0
2011-02-20 01:00:00,1.7862098,1,0
2011-02-20 02:00:00,1.5978987,1,0
2011-02-20 03:00:00,1.4695898,1,0
2011-02-20 04:00:00,1.3591021,1,0
2011-02-20 05:00:00,1.3530426,1,0
2011-02-20 06:00:00,1.3611704,1,0
2011-02-20 07:00:00,1.3018764,1,0
2011-02-20 08:00:00,1.3749192,1,0
2011-02-20 09:00:00,1.4964707,1,0
2011-02-20 10:00:00,1.6728121,1,0
2011-02-20 11:00:00,1.7941737,1,0
2011-02-20 12:00:00,1.6965114,1,0
2011-02-20 13:00:00,1.4551816,1,0
2011-02-20 14:00:00,1.175392,1,0
2011-02-20 15:00:00,0.88156664,1,0
2011-02-20 16:00:00,0.71908134,1,0
2011-02-20 17:00:00,0.73136836,1,0
2011-02-20 18:00:00,0.67583025,1,0
2011-02-20 19:00:00,0.51988626,1,0
2011-02-20 20:00:00,0.32493648,1,0
2011-02-20 21:00:00,0.22022288,1,0
2011-02-20 22:00:00,0.12105551,1,0
2011-02-20 23:00:00,0.0050263978,1,0
2011-02-21 00:00:00,-0.10409655,0,0
2011-02-21 01:00:00,-0.1877616,0,0
2011-02-21 02:00:00,-0.27181548,0,0
2011-02-21 03:00:00,-0.33294246,0,0
2011-02-21 04:00:00,-0.4031513,0,0
2011-02-21 05:00:00,-0.48061338,0,0
2011-02-21 06:00:00,-0.5526551,0,0
2011-02-21 07:00:00,-0.53276604,0,0
2011-02-21 08:00:00,-0.3726683,0,0
2011-02-21 09:00:00,-0.08877827,0,0
2011-02-21 10:00:00,0.3389645,0,0
2011-02-21 11:00:00,0.541992,0,0
2011-02-21 12:00:00,0.6346609,0,0
2011-02-21 13:00:00,0.7191503,0,0
2011-02-21 14:00:00,0.80618125,0,0
2011-02-21 15:00:00,0.7737429,0,0
2011-02-21 16:00:00,0.7275388,0,0
2011-02-21 17:00:00,0.7040056,0,0
2011-02-21 18:00:00,0.6574351,0,0
2011-02-21 19:00:00,0.4614035,0,0
2011-02-21 20:00:00,0.3097825,0,0
2011-02-21 21:00:00,0.19690478,0,0
2011-02-21 22:00:00,0.09354926,0,0
2011-02-21 23:00:00,0.021289496,0,0
2011-02-22 00:00:00,0.005685639,0,0
2011-02-22 01:00:00,-0.022101425,0,0
2011-02-22 02:00:00,-0.058410067,0,0
2011-02-22 03:00:00,-0.100351445,0,0
2011-02-22 04:00:00,-0.13172027,0,0
2011-02-22 05:00:00,-0.20454487,0,0
2011-02-22 06:00:00,-0.15188047,0,0
2011-02-22 07:00:00,-0.15054294,0,0
2011-02-22 08:00:00,-0.068749055,0,0
2011-02-22 09:00:00,0.031235788,0,0
2011-02-22 10:00:00,0.2612175,0,0
2011-02-22 11:00:00,0.5180274,0,0
2011-02-22 12:00:00,0.7693427,0,0
2011-02-22 13:00:00,1.0071601,0,0
2011-02-22 14:00:00,1.197106,0,0
2011-02-22 15:00:00,1.3856124,0,0
2011-02-22 16:00:00,1.4397588,0,0
2011-02-22 17:00:00,1.400117,0,0
2011-02-22 18:00:00,1.2400019,0,0
2011-02-22 19:00:00,1.0504702,0,0
2011-02-22 20:00:00,0.87438476,0,0
2011-02-22 21:00:00,0.7247626,0,0
2011-02-22 22:00:00,0.6342413,0,0
2011-02-22 23:00:00,0.5701096,0,0
2011-02-23 00:00:00,0.4929149,0,0
2011-02-23 01:00:00,0.45717147,0,0
2011-02-23 02:00:00,0.39015567,0,0
2011-02-23 03:00:00,0.32314,0,0
2011-02-23 04:00:00,0.27848604,0,0
2011-02-23 05:00:00,0.22802275,0,0
2011-02-23 06:00:00,0.15397675,0,0
2011-02-23 07:00:00,0.15094459,0,0
2011-02-23 08:00:00,0.24531545,0,0
2011-02-23 09:00:00,0.49524865,0,0
2011-02-23 10:00:00,0.7284754,0,0
2011-02-23 11:00:00,1.0202428,0,0
2011-02-23 12:00:00,1.3813398,0,0
2011-02-23 13:00:00,1.6729393,0,0
2011-02-23 14:00:00,1.8952075,0,0
2011-02-23 15:00:00,2.1005347,0,0
2011-02-23 16:00:00,2.163545,0,0
2011-02-23 17:00:00,2.1178763,0,0
2011-02-23 18:00:00,2.0342224,0,0
2011-02-23 19:00:00,1.737652,0,0
2011-02-23 20:00:00,1.4123677,0,0
2011-02-23 21:00:00,1.1351207,0,0
2011-02-23 22:00:00,0.9691641,0,0
2011-02-23 23:00:00,0.8176314,0,0
2011-02-24 00:00:00,0.7476176,0,0
2011-02-24 01:00:00,0.47610933,0,0
2011-02-24 02:00:00,0.19545782,0,0
2011-02-24 03:00:00,0.31388885,0,0
2011-02-24 04:00:00,0.4475629,0,0
2011-02-24 05:00:00,0.43440405,0,0
2011-02-24 06:00:00,0.40779385,0,0
2011-02-24 07:00:00,0.34917533,0,0
2011-02-24 08:00:00,0.35581398,0,0
2011-02-24 09:00:00,0.54788196,0,0
2011-02-24 10:00:00,0.90436375,0,0
2011-02-24 11:00:00,1.2327524,0,0
2011-02-24 12:00:00,1.4984312,0,0
2011-02-24 13:00:00,1.8253582,0,0
2011-02-24 14:00:00,2.1131063,0,0
2011-02-24 15:00:00,2.2833893,0,0
2011-02-24 16:00:00,2.3516762,0,0
2011-02-24 17:00:00,2.374703,0,0
2011-02-24 18:00:00,2.4468653,0,0
2011-02-24 19:00:00,2.1919746,0,0
2011-02-24 20:00:00,1.8331242,0,0
2011-02-24 21:00:00,1.5914915,0,0
2011-02-24 22:00:00,1.4355477,0,0
2011-02-24 23:00:00,1.3258127,0,0
2011-02-25 00:00:00,1.2442486,0,0
2011-02-25 01:00:00,1.1732574,0,0
2011-02-25 02:00:00,1.1220583,0,0
2011-02-25 03:00:00,1.0165551,0,0
2011-02-25 04:00:00,0.97356313,0,0
2011-02-25 05:00:00,0.9269844,0,0
2011-02-25 06:00:00,1.0087212,0,0
2011-02-25 07:00:00,0.87414014,0,0
2011-02-25 08:00:00,0.9187618,0,0
2011-02-25 09:00:00,1.112525,0,0
2011-02-25 10:00:00,1.3018438,0,0
2011-02-25 11:00:00,1.6163669,0,0
2011-02-25 12:00:00,1.9133368,0,0
2011-02-25 13:00:00,2.2806175,0,0
2011-02-25 14:00:00,2.513825,0,0
2011-02-25 15:00:00,2.5857458,0,0
2011-02-25 16:00:00,2.6480474,0,0
2011-02-25 17:00:00,2.554976,0,0
2011-02-25 18:00:00,2.2743783,0,0
2011-02-25 19:00:00,2.1073797,0,0
2011-02-25 20:00:00,1.9261882,0,0
2011-02-25 21:00:00,1.7522004,0,0
2011-02-25 22:00:00,1.6445613,0,0
2011-02-25 23:00:00,1.5729201,0,0
2011-02-26 00:00:00,1.4931841,1,0
2011-02-26 01:00:00,1.374933,1,0
2011-02-26 02:00:00,1.2935678,1,0
2011-02-26 03:00:00,1.2565314,1,0
2011-02-26 04:00:00,1.1200397,1,0
2011-02-26 05:00:00,0.97205436,1,0
2011-02-26 06:00:00,0.9564729,1,0
2011-02-26 07:00:00,0.6876102,1,0
2011-02-26 08:00:00,0.90300393,1,0
2011-02-26 09:00:00,1.7052045,1,0
2011-02-26 10:00:00,2.2878594,1,0
2011-02-26 11:00:00,2.827042,1,0
2011-02-26 12:00:00,3.2749553,1,0
2011-02-26 13:00:00,3.5291228,1,0
2011-02-26 14:00:00,3.626398,1,0
2011-02-26 15:00:00,3.672381,1,0
2011-02-26 16:00:00,3.6421933,1,0
2011-02-26 17:00:00,3.443143,1,0
2011-02-26 18:00:00,3.3715823,1,0
2011-02-26 19:00:00,3.1361306,1,0
2011-02-26 20:00:00,2.9050758,1,0
2011-02-26 21:00:00,2.798316,1,0
2011-02-26 22:00:00,2.687804,1,0
2011-02-26 23:00:00,2.6180012,1,0
2011-02-27 00:00:00,2.4959178,1,0
2011-02-27 01:00:00,2.4739723,1,0
2011-02-27 02:00:00,2.4322486,1,0
2011-02-27 03:00:00,2.401787,1,0
2011-02-27 04:00:00,2.3680532,1,0
2011-02-27 05:00:00,2.3012328,1,0
2011-02-27 06:00:00,2.2178926,1,0
2011-02-27 07:00:00,2.1258597,1,0
2011-02-27 08:00:00,2.05873,1,0
2011-02-27 09:00:00,2.0033894,1,0
2011-02-27 10:00:00,1.9976274,1,0
2011-02-27 11:00:00,1.9561315,1,0
2011-02-27 12:00:00,1.9674872,1,0
2011-02-27 13:00:00,2.1066108,1,0
2011-02-27 14:00:00,2.1015947,1,0
2011-02-27 15:00:00,2.0861099,1,0
2011-02-27 16:00:00,2.0639815,1,0
2011-02-27 17:00:00,2.045121,1,0
2011-02-27 18:00:00,1.881327,1,0
2011-02-27 19:00:00,1.7497544,1,0
2011-02-27 20:00:00,1.5811002,1,0
2011-02-27 21:00:00,1.4694854,1,0
2011-02-27 22:00:00,1.3763034,1,0
2011-02-27 23:00:00,1.2974521,1,0
2011-02-28 00:00:00,1.1895974,0,0
2011-02-28 01:00:00,1.1217074,0,0
2011-02-28 02:00:00,1.0492766,0,0
2011-02-28 03:00:00,0.9781141,0,0
2011-02-28 04:00:00,0.9427647,0,0
2011-02-28 05:00:00,0.8788504,0,0
2011-02-28 06:00:00,0.82733697,0,0
2011-02-28 07:00:00,0.778142,0,0
2011-02-28 08:00:00,0.80494267,0,0
2011-02-28 09:00:00,1.0243398,0,0
2011-02-28 10:00:00,1.2584684,0,0
2011-02-28 11:00:00,1.5167173,0,0
2011-02-28 12:00:00,1.6837196,0,0
2011-02-28 13:00:00,1.6948743,0,0
2011-02-28 14:00:00,1.7269516,0,0
2011-02-28 15:00:00,1.6708779,0,0
2011-02-28 16:00:00,1.6161523,0,0
2011-02-28 17:00:00,1.4561633,0,0
2011-02-28 18:00:00,1.2977123,0,0
2011-02-28 19:00:00,1.1055998,0,0
2011-02-28 20:00:00,1.0003587,0,0
2011-02-28 21:00:00,0.938226,0,0
2011-02-28 22:00:00,0.8888133,0,0
2011-02-28 23:00:00,0.82419574,0,0
2011-03-01 00:00:00,0.744517,0,0
2011-03-01 01:00:00,0.6799047,0,0
2011-03-01 02:00:00,0.6155102,0,0
2011-03-01 03:00:00,0.584136,0,0
2011-03-01 04:00:00,0.5451253,0,0
2011-03-01 05:00:00,0.43329996,0,0
2011-03-01 06:00:00,0.18778881,0,0
2011-03-01 07:00:00,0.027824331,0,0
2011-03-01 08:00:00,0.026060246,0,0
2011-03-01 09:00:00,0.17882861,0,0
2011-03-01 10:00:00,0.33145535,0,0
2011-03-01 11:00:00,0.40563655,0,0
2011-03-01 12:00:00,0.50387955,0,0
2011-03-01 13:00:00,0.39667273,0,0
2011-03-01 14:00:00,0.37245893,0,0
2011-03-01 15:00:00,0.26472172,0,0
2011-03-01 16:00:00,0.19223225,0,0
2011-03-01 17:00:00,0.068278916,0,0
2011-03-01 18:00:00,0.049172282,0,0
2011-03-01 19:00:00,-0.1248966,0,0
2011-03-01 20:00:00,-0.2742957,0,0
2011-03-01 21:00:00,-0.38988623,0,0
2011-03-01 22:00:00,-0.47669417,0,0
2011-03-01 23:00:00,-0.54004335,0,0
2011-03-02 00:00:00,-0.5623357,0,0
2011-03-02 01:00:00,-0.5667158,0,0
2011-03-02 02:00:00,-0.58162177,0,0
2011-03-02 03:00:00,-0.6139546,0,0
2011-03-02 04:00:00,-0.6685697,0,0
2011-03-02 05:00:00,-0.7419593,0,0
2011-03-02 06:00:00,-0.77643996,0,0
2011-03-02 07:00:00,-0.8293012,0,0
2011-03-02 08:00:00,-0.7659897,0,0
2011-03-02 09:00:00,-0.49301076,0,0
2011-03-02 10:00:00,-0.20319228,0,0
2011-03-02 11:00:00,-0.008448068,0,0
2011-03-02 12:00:00,0.24204487,0,0
2011-03-02 13:00:00,0.44859564,0,0
2011-03-02 14:00:00,0.65404886,0,0
2011-03-02 15:00:00,0.736708,0,0
2011-03-02 16:00:00,0.892308,0,0
2011-03-02 17:00:00,0.83133036,0,0
2011-03-02 18:00:00,0.76638603,0,0
2011-03-02 19:00:00,0.6480861,0,0
2011-03-02 20:00:00,0.5124922,0,0
2011-03-02 21:00:00,0.38681468,0,0
2011-03-02 22:00:00,0.2884801,0,0
2011-03-02 23:00:00,0.19910274,0,0
2011-03-03 00:00:00,0.09278397,0,0
2011-03-03 01:00:00,-0.037432518,0,0
2011-03-03 02:00:00,-0.13803366,0,0
2011-03-03 03:00:00,-0.22208226,0,0
2011-03-03 04:00:00,-0.30574223,0,0
2011-03-03 05:00:00,-0.34563267,0,0
2011-03-03 06:00:00,-0.34722552,0,0
2011-03-03 07:00:00,-0.3222581,0,0
2011-03-03 08:00:00,-0.21500121,0,0
2011-03-03 09:00:00,0.00079663505,0,0
2011-03-03 10:00:00,0.19944765,0,0
2011-03-03 11:00:00,0.3895994,0,0
2011-03-03 12:00:00,0.4802917,0,0
2011-03-03 13:00:00,0.574742,0,0
2011-03-03 14:00:00,0.61944807,0,0
2011-03-03 15:00:00,0.55381805,0,0
2011-03-03 16:00:00,0.48193294,0,0
2011-03-03 17:00:00,0.47596326,0,0
2011-03-03 18:00:00,0.4734144,0,0
2011-03-03 19:00:00,0.407722,0,0
2011-03-03 20:00:00,0.2284679,0,0
2011-03-03 21:00:00,0.0706956,0,0
2011-03-03 22:00:00,-0.060127217,0,0
2011-03-03 23:00:00,-0.17474481,0,0
2011-03-04 00:00:00,-0.26014107,0,0
2011-03-04 01:00:00,-0.3242265,0,0
2011-03-04 02:00:00,-0.41067338,0,0
2011-03-04 03:00:00,-0.48366904,0,0
2011-03-04 04:00:00,-0.540112,0,0
2011-03-04 05:00:00,-0.60092497,0,0
2011-03-04 06:00:00,-0.61610717,0,0
2011-03-04 07:00:00,-0.6373025,0,0
2011-03-04 08:00:00,-0.57166713,0,0
2011-03-04 09:00:00,-0.3293089,0,0
2011-03-04 10:00:00,-0.096586764,0,0
2011-03-04 11:00:00,0.078669205,0,0
2011-03-04 12:00:00,0.19623649,0,0
2011-03-04 13:00:00,0.38556725,0,0
2011-03-04 14:00:00,0.36637625,0,0
2011-03-04 15:00:00,0.27619,0,0
2011-03-04 16:00:00,0.2018154,0,0
2011-03-04 17:00:00,0.060606267,0,0
2011-03-04 18:00:00,0.053340573,0,0
2011-03-04 19:00:00,-0.096219234,0,0
2011-03-04 20:00:00,-0.22739811,0,0
2011-03-04 21:00:00,-0.3351183,0,0
2011-03-04 22:00:00,-0.46712458,0,0
2011-03-04 23:00:00,-0.56317997,0,0
2011-03-05 00:00:00,-0.6378328,1,0
2011-03-05 01:00:00,-0.69920546,1,0
2011-03-05 02:00:00,-0.78198063,1,0
2011-03-05 03:00:00,-0.9196579,1,0
2011-03-05 04:00:00,-1.049304,1,0
2011-03-05 05:00:00,-1.1466328,1,0
2011-03-05 06:00:00,-1.2381526,1,0
2011-03-05 07:00:00,-1.3109773,1,0
2011-03-05 08:00:00,-1.2420746,1,0
2011-03-05 09:00:00,-0.98189557,1,0
2011-03-05 10:00:00,-0.6785741,1,0
2011-03-05 11:00:00,-0.29509315,1,0
2011-03-05 12:00:00,0.116872676,1,0
2011-03-05 13:00:00,0.5309397,1,0
2011-03-05 14:00:00,0.88092417,1,0
2011-03-05 15:00:00,1.2152357,1,0
2011-03-05 16:00:00,1.4194136,1,0
2011-03-05 17:00:00,1.4988776,1,0
2011-03-05 18:00:00,1.5048865,1,0
2011-03-05 19:00:00,1.4177909,1,0
2011-03-05 20:00:00,1.0709919,1,0
2011-03-05 21:00:00,0.7410154,1,0
2011-03-05 22:00:00,0.49401444,1,0
2011-03-05 23:00:00,0.31121495,1,0
2011-03-06 00:00:00,0.18179314,1,0
2011-03-06 01:00:00,0.07237633,1,0
2011-03-06 02:00:00,-0.036632694,1,0
2011-03-06 03:00:00,-0.3299132,1,0
2011-03-06 04:00:00,-0.5555956,1,0
2011-03-06 05:00:00,-0.68136257,1,0
2011-03-06 06:00:00,-0.7684384,1,0
2011-03-06 07:00:00,-0.8110138,1,0
2011-03-06 08:00:00,-0.64302343,1,0
2011-03-06 09:00:00,0.023623217,1,0
2011-03-06 10:00:00,0.57064867,1,0
2011-03-06 11:00:00,0.98312587,1,0
2011-03-06 12:00:00,1.3852656,1,0
2011-03-06 13:00:00,1.7206676,1,0
2011-03-06 14:00:00,1.9974595,1,0
2011-03-06 15:00:00,2.1861005,1,0
2011-03-06 16:00:00,2.2831008,1,0
2011-03-06 17:00:00,2.2933896,1,0
2011-03-06 18:00:00,2.2589257,1,0
2011-03-06 19:00:00,2.2809377,1,0
2011-03-06 20:00:00,2.0519009,1,0
2011-03-06 21:00:00,1.5111876,1,0
2011-03-06 22:00:00,1.1302396,1,0
2011-03-06 23:00:00,0.8605768,1,0
2011-03-07 00:00:00,0.6425761,0,0
2011-03-07 01:00:00,0.49727923,0,0
2011-03-07 02:00:00,0.40927717,0,0
2011-03-07 03:00:00,0.34237394,0,0
2011-03-07 04:00:00,0.29568958,0,0
2011-03-07 05:00:00,0.27827308,0,0
2011-03-07 06:00:00,0.23702812,0,0
2011-03-07 07:00:00,0.24239835,0,0
2011-03-07 08:00:00,0.3153339,0,0
2011-03-07 09:00:00,0.6339172,0,0
2011-03-07 10:00:00,1.0003824,0,0
2011-03-07 11:00:00,1.431807,0,0
2011-03-07 12:00:00,1.8462903,0,0
2011-03-07 13:00:00,2.2080243,0,0
2011-03-07 14:00:00,2.5013585,0,0
2011-03-07 15:00:00,2.7207017,0,0
2011-03-07 16:00:00,2.838443,0,0
2011-03-07 17:00:00,2.865811,0,0
2011-03-07 18:00:00,2.8954692,0,0
2011-03-07 19:00:00,2.6896765,0,0
2011-03-07 20:00:00,2.3069837,0,0
2011-03-07 21:00:00,2.019759,0,0
2011-03-07 22:00:00,1.8016702,0,0
2011-03-07 23:00:00,1.6223241,0,0
2011-03-08 00:00:00,1.4764727,0,0
2011-03-08 01:00:00,1.3971409,0,0
2011-03-08 02:00:00,1.3458087,0,0
2011-03-08 03:00:00,1.2913752,0,0
2011-03-08 04:00:00,1.2556419,0,0
2011-03-08 05:00:00,1.2259353,0,0
2011-03-08 06:00:00,1.2281576,0,0
2011-03-08 07:00:00,1.2258385,0,0
2011-03-08 08:00:00,1.2685527,0,0
2011-03-08 09:00:00,1.377221,0,0
2011-03-08 10:00:00,1.4603992,0,0
2011-03-08 11:00:00,1.497086,0,0
2011-03-08 12:00:00,1.7056427,0,0
2011-03-08 13:00:00,1.9392736,0,0
2011-03-08 14:00:00,2.2105231,0,0
2011-03-08 15:00:00,2.3074195,0,0
2011-03-08 16:00:00,2.5603015,0,0
2011-03-08 17:00:00,2.7059548,0,0
2011-03-08 18:00:00,2.7295234,0,0
2011-03-08 19:00:00,2.6531637,0,0
2011-03-08 20:00:00,2.4424386,0,0
2011-03-08 21:00:00,2.2911513,0,0
2011-03-08 22:00:00,2.1818275,0,0
2011-03-08 23:00:00,2.0852659,0,0
2011-03-09 00:00:00,2.0354266,0,0
2011-03-09 01:00:00,1.960912,0,0
2011-03-09 02:00:00,1.9216781,0,0
2011-03-09 03:00:00,1.8444891,0,0
2011-03-09 04:00:00,1.7656896,0,0
2011-03-09 05:00:00,1.6783686,0,0
2011-03-09 06:00:00,1.5134795,0,0
2011-03-09 07:00:00,1.4488101,0,0
2011-03-09 08:00:00,1.3618691,0,0
2011-03-09 09:00:00,1.8359904,0,0
2011-03-09 10:00:00,2.0815282,0,0
2011-03-09 11:00:00,2.3886745,0,0
2011-03-09 12:00:00,2.6919613,0,0
2011-03-09 13:00:00,2.8715854,0,0
2011-03-09 14:00:00,2.9681504,0,0
2011-03-09 15:00:00,2.9638028,0,0
2011-03-09 16:00:00,2.9888945,0,0
2011-03-09 17:00:00,2.9019773,0,0
2011-03-09 18:00:00,2.7068596,0,0
2011-03-09 19:00:00,2.592634,0,0
2011-03-09 20:00:00,2.4553902,0,0
2011-03-09 21:00:00,2.3547423,0,0
2011-03-09 22:00:00,2.2944202,0,0
2011-03-09 23:00:00,2.2261412,0,0
2011-03-10 00:00:00,2.1800532,0,0
2011-03-10 01:00:00,2.134812,0,0
2011-03-10 02:00:00,2.0854514,0,0
2011-03-10 03:00:00,2.009017,0,0
2011-03-10 04:00:00,1.8010863,0,0
2011-03-10 05:00:00,1.5588146,0,0
2011-03-10 06:00:00,1.2339442,0,0
2011-03-10 07:00:00,1.1951268,0,0
2011-03-10 08:00:00,1.1837488,0,0
2011-03-10 09:00:00,1.1576571,0,0
2011-03-10 10:00:00,1.1345748,0,0
2011-03-10 11:00:00,1.18104,0,0
2011-03-10 12:00:00,1.1833141,0,0
2011-03-10 13:00:00,1.2519368,0,0
2011-03-10 14:00:00,1.3546879,0,0
2011-03-10 15:00:00,1.476652,0,0
2011-03-10 16:00:00,1.4804674,0,0
2011-03-10 17:00:00,1.4035511,0,0
2011-03-10 18:00:00,1.2119756,0,0
2011-03-10 19:00:00,1.1421587,0,0
2011-03-10 20:00:00,1.1111717,0,0
2011-03-10 21:00:00,1.114776,0,0
2011-03-10 22:00:00,1.0827901,0,0
2011-03-10 23:00:00,1.0448245,0,0
2011-03-11 00:00:00,0.9697778,0,0
2011-03-11 01:00:00,0.94111127,0,0
2011-03-11 02:00:00,0.9414952,0,0
2011-03-11 03:00:00,0.90479785,0,0
2011-03-11 04:00:00,0.89976126,0,0
2011-03-11 05:00:00,0.9057827,0,0
2011-03-11 06:00:00,0.91764593,0,0
2011-03-11 07:00:00,0.91422474,0,0
2011-03-11 08:00:00,0.98095727,0,0
2011-03-11 09:00:00,1.283714,0,0
2011-03-11 10:00:00,1.6615845,0,0
2011-03-11 11:00:00,2.0515306,0,0
2011-03-11 12:00:00,2.4466796,0,0
2011-03-11 13:00:00,2.828382,0,0
2011-03-11 14:00:00,2.998803,0,0
2011-03-11 15:00:00,3.1204736,0,0
2011-03-11 16:00:00,3.0414767,0,0
2011-03-11 17:00:00,2.9818141,0,0
2011-03-11 18:00:00,2.9339733,0,0
2011-03-11 19:00:00,2.8298519,0,0
2011-03-11 20:00:00,2.6252592,0,0
2011-03-11 21:00:00,2.4036748,0,0
2011-03-11 22:00:00,2.1915796,0,0
2011-03-11 23:00:00,2.036741,0,0
2011-03-12 00:00:00,1.8730582,1,0
2011-03-12 01:00:00,1.4239727,1,0
2011-03-12 02:00:00,1.2856336,1,0
2011-03-12 03:00:00,1.1948965,1,0
2011-03-12 04:00:00,1.1099685,1,0
2011-03-12 05:00:00,1.0590199,1,0
2011-03-12 06:00:00,1.0534512,1,0
2011-03-12 07:00:00,1.0866203,1,0
2011-03-12 08:00:00,1.2283703,1,0
2011-03-12 09:00:00,1.8710847,1,0
2011-03-12 10:00:00,2.4888163,1,0
2011-03-12 11:00:00,2.8910303,1,0
2011-03-12 12:00:00,3.113772,1,0
2011-03-12 13:00:00,3.3190076,1,0
2011-03-12 14:00:00,3.4815242,1,0
2011-03-12 15:00:00,3.6027608,1,0
2011-03-12 16:00:00,3.648173,1,0
2011-03-12 17:00:00,3.6659176,1,0
2011-03-12 18:00:00,3.721256,1,0
2011-03-12 19:00:00,3.6085393,1,0
2011-03-12 20:00:00,3.353215,1,0
2011-03-12 21:00:00,3.167587,1,0
2011-03-12 22:00:00,3.004367,1,0
2011-03-12 23:00:00,2.8846025,1,0
2011-03-13 00:00:00,2.775016,1,0
2011-03-13 01:00:00,2.6811032,1,0
2011-03-13 02:00:00,2.652613,1,0
2011-03-13 03:00:00,2.6150415,1,0
2011-03-13 04:00:00,2.5640185,1,0
2011-03-13 05:00:00,2.5353572,1,0
2011-03-13 06:00:00,2.3730896,1,0
2011-03-13 07:00:00,2.3220668,1,0
2011-03-13 08:00:00,2.4020329,1,0
2011-03-13 09:00:00,2.6081324,1,0
2011-03-13 10:00:00,3.0016189,1,0
2011-03-13 11:00:00,3.387788,1,0
2011-03-13 12:00:00,3.7813144,1,0
2011-03-13 13:00:00,4.0005317,1,0
2011-03-13 14:00:00,4.080849,1,0
2011-03-13 15:00:00,4.0620427,1,0
2011-03-13 16:00:00,4.022093,1,0
2011-03-13 17:00:00,3.8104,1,0
2011-03-13 18:00:00,2.8110044,1,0
2011-03-13 19:00:00,2.4841654,1,0
2011-03-13 20:00:00,2.1809165,1,0
2011-03-13 21:00:00,2.0101838,1,0
2011-03-13 22:00:00,1.8923547,1,0
2011-03-13 23:00:00,1.7640041,1,0
2011-03-14 00:00:00,1.6259158,0,1
2011-03-14 01:00:00,1.4738165,0,1
2011-03-14 02:00:00,1.2850302,0,1
2011-03-14 03:00:00,1.1082507,0,1
2011-03-14 04:00:00,0.9356228,0,1
2011-03-14 05:00:00,0.7631662,0,1
2011-03-14 06:00:00,0.7258347,0,1
2011-03-14 07:00:00,0.6512563,0,1
2011-03-14 08:00:00,0.61860913,0,1
2011-03-14 09:00:00,0.62865144,0,1
2011-03-14 10:00:00,0.7880359,0,1
2011-03-14 11:00:00,1.0271512,0,1
2011-03-14 12:00:00,1.2833045,0,1
2011-03-14 13:00:00,1.5237377,0,1
2011-03-14 14:00:00,1.683445,0,1
2011-03-14 15:00:00,1.8085088,0,1
2011-03-14 16:00:00,1.8657796,0,1
2011-03-14 17:00:00,1.8581352,0,1
2011-03-14 18:00:00,1.8627878,0,1
2011-03-14 19:00:00,1.7130067,0,1
2011-03-14 20:00:00,1.4375607,0,1
2011-03-14 21:00:00,1.2472378,0,1
2011-03-14 22:00:00,1.1153072,0,1
2011-03-14 23:00:00,0.97722566,0,1
2011-03-15 00:00:00,0.78048426,0,0
2011-03-15 01:00:00,0.5639782,0,0
2011-03-15 02:00:00,0.2622037,0,0
2011-03-15 03:00:00,0.08922366,0,0
2011-03-15 04:00:00,-0.02016704,0,0
2011-03-15 05:00:00,-0.076146826,0,0
2011-03-15 06:00:00,-0.06765787,0,0
2011-03-15 07:00:00,-0.088607684,0,0
2011-03-15 08:00:00,0.08628874,0,0
2011-03-15 09:00:00,0.5566624,0,0
2011-03-15 10:00:00,1.0050509,0,0
2011-03-15 11:00:00,1.5137392,0,0
2011-03-15 12:00:00,1.8747598,0,0
2011-03-15 13:00:00,2.1922781,0,0
2011-03-15 14:00:00,2.3685827,0,0
2011-03-15 15:00:00,2.6107335,0,0
2011-03-15 16:00:00,2.7050674,0,0
2011-03-15 17:00:00,2.7164955,0,0
2011-03-15 18:00:00,2.2036414,0,0
2011-03-15 19:00:00,1.8928782,0,0
2011-03-15 20:00:00,1.6004956,0,0
2011-03-15 21:00:00,1.4388341,0,0
2011-03-15 22:00:00,1.3457437,0,0
2011-03-15 23:00:00,1.2525616,0,0
2011-03-16 00:00:00,1.1214762,0,0
2011-03-16 01:00:00,0.93771595,0,0
2011-03-16 02:00:00,0.7298455,0,0
2011-03-16 03:00:00,0.5296175,0,0
2011-03-16 04:00:00,0.4177923,0,0
2011-03-16 05:00:00,0.29141873,0,0
2011-03-16 06:00:00,0.24715333,0,0
2011-03-16 07:00:00,0.18873882,0,0
2011-03-16 08:00:00,0.15705563,0,0
2011-03-16 09:00:00,0.19011612,0,0
2011-03-16 10:00:00,0.32525894,0,0
2011-03-16 11:00:00,0.4923822,0,0
2011-03-16 12:00:00,0.7265159,0,0
2011-03-16 13:00:00,0.9422688,0,0
2011-03-16 14:00:00,1.1088822,0,0
2011-03-16 15:00:00,1.2176632,0,0
2011-03-16 16:00:00,1.226938,0,0
2011-03-16 17:00:00,1.1944475,0,0
2011-03-16 18:00:00,1.1896765,0,0
2011-03-16 19:00:00,1.0927414,0,0
2011-03-16 20:00:00,0.93046296,0,0
2011-03-16 21:00:00,0.7699733,0,0
2011-03-16 22:00:00,0.6026289,0,0
2011-03-16 23:00:00,0.4476906,0,0
2011-03-17 00:00:00,0.31589696,0,0
2011-03-17 01:00:00,0.19882236,0,0
2011-03-17 02:00:00,0.10826158,0,0
2011-03-17 03:00:00,0.0017596941,0,0
2011-03-17 04:00:00,-0.08403738,0,0
2011-03-17 05:00:00,-0.18367977,0,0
2011-03-17 06:00:00,-0.24593686,0,0
2011-03-17 07:00:00,-0.3240055,0,0
2011-03-17 08:00:00,-0.3432018,0,0
2011-03-17 09:00:00,-0.2549834,0,0
2011-03-17 10:00:00,-0.06217407,0,0
2011-03-17 11:00:00,0.14733122,0,0
2011-03-17 12:00:00,0.337844,0,0
2011-03-17 13:00:00,0.5601145,0,0
2011-03-17 14:00:00,0.73141193,0,0
2011-03-17 15:00:00,0.82469076,0,0
2011-03-17 16:00:00,0.8463713,0,0
2011-03-17 17:00:00,0.7944031,0,0
2011-03-17 18:00:00,0.6555472,0,0
2011-03-17 19:00:00,0.46076635,0,0
2011-03-17 20:00:00,0.31013852,0,0
2011-03-17 21:00:00,0.17960584,0,0
2011-03-17 22:00:00,0.09367185,0,0
2011-03-17 23:00:00,9.5994335e-05,0,0
2011-03-18 00:00:00,-0.06054569,0,0
2011-03-18 01:00:00,-0.114984505,0,0
2011-03-18 02:00:00,-0.18160622,0,0
2011-03-18 03:00:00,-0.2575325,0,0
2011-03-18 04:00:00,-0.29559466,0,0
2011-03-18 05:00:00,-0.34295616,0,0
2011-03-18 06:00:00,-0.37957427,0,0
2011-03-18 07:00:00,-0.37640357,0,0
2011-03-18 08:00:00,-0.37252957,0,0
2011-03-18 09:00:00,-0.26076093,0,0
2011-03-18 10:00:00,-0.073057435,0,0
2011-03-18 11:00:00,0.18983093,0,0
2011-03-18 12:00:00,0.4486695,0,0
2011-03-18 13:00:00,0.6367374,0,0
2011-03-18 14:00:00,0.796199,0,0
2011-03-18 15:00:00,0.81080264,0,0
2011-03-18 16:00:00,0.84134704,0,0
2011-03-18 17:00:00,0.84903896,0,0
2011-03-18 18:00:00,0.708578,0,0
2011-03-18 19:00:00,0.5219248,0,0
2011-03-18 20:00:00,0.32203323,0,0
2011-03-18 21:00:00,0.18617165,0,0
2011-03-18 22:00:00,0.09364097,0,0
2011-03-18 23:00:00,-0.016099114,0,0
2011-03-19 00:00:00,-0.09822811,1,0
2011-03-19 01:00:00,-0.16031411,1,0
2011-03-19 02:00:00,-0.21929888,1,0
2011-03-19 03:00:00,-0.28426367,1,0
2011-03-19 04:00:00,-0.34070665,1,0
2011-03-19 05:00:00,-0.43815958,1,0
2011-03-19 06:00:00,-0.5866772,1,0
2011-03-19 07:00:00,-0.6806867,1,0
2011-03-19 08:00:00,-0.58339053,1,0
2011-03-19 09:00:00,-0.21575378,1,0
2011-03-19 10:00:00,0.076962225,1,0
2011-03-19 11:00:00,0.49684012,1,0
2011-03-19 12:00:00,0.9331718,1,0
2011-03-19 13:00:00,1.3433871,1,0
2011-03-19 14:00:00,1.6608644,1,0
2011-03-19 15:00:00,1.8485223,1,0
2011-03-19 16:00:00,2.0100086,1,0
2011-03-19 17:00:00,2.0120609,1,0
2011-03-19 18:00:00,2.1013079,1,0
2011-03-19 19:00:00,1.9530729,1,0
2011-03-19 20:00:00,1.6955496,1,0
2011-03-19 21:00:00,1.4929746,1,0
2011-03-19 22:00:00,1.3371742,1,0
2011-03-19 23:00:00,1.1608919,1,0
2011-03-20 00:00:00,0.97953683,1,0
2011-03-20 01:00:00,0.7539265,1,0
2011-03-20 02:00:00,0.5835849,1,0
2011-03-20 03:00:00,0.48049384,1,0
2011-03-20 04:00:00,0.40535566,1,0
2011-03-20 05:00:00,0.3302175,1,0
2011-03-20 06:00:00,0.43366465,1,0
2011-03-20 07:00:00,0.3232786,1,0
2011-03-20 08:00:00,0.31282714,1,0
2011-03-20 09:00:00,0.88723505,1,0
2011-03-20 10:00:00,1.5785637,1,0
2011-03-20 11:00:00,2.099834,1,0
2011-03-20 12:00:00,2.5194905,1,0
2011-03-20 13:00:00,2.7875502,1,0
2011-03-20 14:00:00,2.8725383,1,0
2011-03-20 15:00:00,3.015406,1,0
2011-03-20 16:00:00,3.0311098,1,0
2011-03-20 17:00:00,3.0243032,1,0
2011-03-20 18:00:00,2.9788663,1,0
2011-03-20 19:00:00,2.871261,1,0
2011-03-20 20:00:00,2.5383267,1,0
2011-03-20 21:00:00,2.2956212,1,0
2011-03-20 22:00:00,2.1432364,1,0
2011-03-20 23:00:00,2.0156534,1,0
2011-03-21 00:00:00,1.9437082,0,0
2011-03-21 01:00:00,1.8790162,0,0
2011-03-21 02:00:00,1.8310949,0,0
2011-03-21 03:00:00,1.7684542,0,0
2011-03-21 04:00:00,1.7238051,0,0
2011-03-21 05:00:00,1.6731765,0,0
2011-03-21 06:00:00,1.5781801,0,0
2011-03-21 07:00:00,1.4797266,0,0
2011-03-21 08:00:00,1.4801102,0,0
2011-03-21 09:00:00,1.9024929,0,0
2011-03-21 10:00:00,2.445064,0,0
2011-03-21 11:00:00,2.7801068,0,0
2011-03-21 12:00:00,3.1029391,0,0
2011-03-21 13:00:00,3.293284,0,0
2011-03-21 14:00:00,3.4106834,0,0
2011-03-21 15:00:00,3.3637083,0,0
2011-03-21 16:00:00,3.3116605,0,0
2011-03-21 17:00:00,3.1914198,0,0
2011-03-21 18:00:00,3.2479768,0,0
2011-03-21 19:00:00,3.0994697,0,0
2011-03-21 20:00:00,2.8238628,0,0
2011-03-21 21:00:00,2.5939794,0,0
2011-03-21 22:00:00,2.4440675,0,0
2011-03-21 23:00:00,2.2813158,0,0
2011-03-22 00:00:00,2.1714153,0,0
2011-03-22 01:00:00,2.047578,0,0
2011-03-22 02:00:00,1.9301096,0,0
2011-03-22 03:00:00,1.8031709,0,0
2011-03-22 04:00:00,1.7189513,0,0
2011-03-22 05:00:00,1.6839906,0,0
2011-03-22 06:00:00,1.6727839,0,0
2011-03-22 07:00:00,1.6859622,0,0
2011-03-22 08:00:00,1.7933904,0,0
2011-03-22 09:00:00,1.9817209,0,0
2011-03-22 10:00:00,2.0730474,0,0
2011-03-22 11:00:00,2.192859,0,0
2011-03-22 12:00:00,2.300664,0,0
2011-03-22 13:00:00,2.4472167,0,0
2011-03-22 14:00:00,2.5482917,0,0
2011-03-22 15:00:00,2.745526,0,0
2011-03-22 16:00:00,2.6870918,0,0
2011-03-22 17:00:00,2.709042,0,0
2011-03-22 18:00:00,2.607425,0,0
2011-03-22 19:00:00,2.4224858,0,0
2011-03-22 20:00:00,2.259418,0,0
2011-03-22 21:00:00,2.114394,0,0
2011-03-22 22:00:00,1.9460098,0,0
2011-03-22 23:00:00,1.7660072,0,0
2011-03-23 00:00:00,1.6018217,0,0
2011-03-23 01:00:00,1.4061879,0,0
2011-03-23 02:00:00,1.2419971,0,0
2011-03-23 03:00:00,1.1419611,0,0
2011-03-23 04:00:00,1.0197808,0,0
2011-03-23 05:00:00,0.8910089,0,0
2011-03-23 06:00:00,0.91706824,0,0
2011-03-23 07:00:00,0.88045037,0,0
2011-03-23 08:00:00,0.77530825,0,0
2011-03-23 09:00:00,0.89313126,0,0
2011-03-23 10:00:00,1.0696957,0,0
2011-03-23 11:00:00,1.2472634,0,0
2011-03-23 12:00:00,1.42422,0,0
2011-03-23 13:00:00,1.460271,0,0
2011-03-23 14:00:00,1.5022228,0,0
2011-03-23 15:00:00,1.5977182,0,0
2011-03-23 16:00:00,1.5792633,0,0
2011-03-23 17:00:00,1.4683741,0,0
2011-03-23 18:00:00,1.3912364,0,0
2011-03-23 19:00:00,1.2812909,0,0
2011-03-23 20:00:00,1.1599827,0,0
2011-03-23 21:00:00,1.0821764,0,0
2011-03-23 22:00:00,1.0064214,0,0
2011-03-23 23:00:00,0.95447224,0,0
2011-03-24 00:00:00,0.91291976,0,0
2011-03-24 01:00:00,0.88442963,0,0
2011-03-24 02:00:00,0.8447102,0,0
2011-03-24 03:00:00,0.8309394,0,0
2011-03-24 04:00:00,0.8244635,0,0
2011-03-24 05:00:00,0.82340807,0,0
2011-03-24 06:00:00,0.90875095,0,0
2011-03-24 07:00:00,0.88008976,0,0
2011-03-24 08:00:00,0.8477947,0,0
2011-03-24 09:00:00,0.8524099,0,0
2011-03-24 10:00:00,0.98639804,0,0
2011-03-24 11:00:00,1.239255,0,0
2011-03-24 12:00:00,1.3763793,0,0
2011-03-24 13:00:00,1.4473311,0,0
2011-03-24 14:00:00,1.3159832,0,0
2011-03-24 15:00:00,1.2357944,0,0
2011-03-24 16:00:00,1.0981617,0,0
2011-03-24 17:00:00,1.0174357,0,0
2011-03-24 18:00:00,0.9539653,0,0
2011-03-24 19:00:00,0.8489475,0,0
2011-03-24 20:00:00,0.8005855,0,0
2011-03-24 21:00:00,0.76152235,0,0
2011-03-24 22:00:00,0.7377112,0,0
2011-03-24 23:00:00,0.70140785,0,0
2011-03-25 00:00:00,0.6420395,0,0
2011-03-25 01:00:00,0.5490856,0,0
2011-03-25 02:00:00,0.4804924,0,0
2011-03-25 03:00:00,0.4035261,0,0
2011-03-25 04:00:00,0.3234583,0,0
2011-03-25 05:00:00,0.31278887,0,0
2011-03-25 06:00:00,0.3497216,0,0
2011-03-25 07:00:00,0.30743816,0,0
2011-03-25 08:00:00,0.30384606,0,0
2011-03-25 09:00:00,0.3404363,0,0
2011-03-25 10:00:00,0.38148648,0,0
2011-03-25 11:00:00,0.43649724,0,0
2011-03-25 12:00:00,0.40305364,0,0
2011-03-25 13:00:00,0.33311287,0,0
2011-03-25 14:00:00,0.21301635,0,0
2011-03-25 15:00:00,0.19088805,0,0
2011-03-25 16:00:00,0.1355975,0,0
2011-03-25 17:00:00,0.08230578,0,0
2011-03-25 18:00:00,0.08696552,0,0
2011-03-25 19:00:00,0.046337146,0,0
2011-03-25 20:00:00,-0.03583882,0,0
2011-03-25 21:00:00,-0.06494089,0,0
2011-03-25 22:00:00,-0.076004006,0,0
2011-03-25 23:00:00,-0.08435476,0,0
2011-03-26 00:00:00,-0.12048723,1,0
2011-03-26 01:00:00,-0.11809406,1,0
2011-03-26 02:00:00,-0.12168618,1,0
2011-03-26 03:00:00,-0.108240135,1,0
2011-03-26 04:00:00,-0.13292566,1,0
2011-03-26 05:00:00,-0.11327662,1,0
2011-03-26 06:00:00,-0.07261905,1,0
2011-03-26 07:00:00,-0.104775816,1,0
2011-03-26 08:00:00,-0.06809388,1,0
2011-03-26 09:00:00,0.0818873,1,0
2011-03-26 10:00:00,0.19712897,1,0
2011-03-26 11:00:00,0.31040606,1,0
2011-03-26 12:00:00,0.44116175,1,0
2011-03-26 13:00:00,0.5317796,1,0
2011-03-26 14:00:00,0.6009899,1,0
2011-03-26 15:00:00,0.5683805,1,0
2011-03-26 16:00:00,0.5348966,1,0
2011-03-26 17:00:00,0.42578718,1,0
2011-03-26 18:00:00,0.3952905,1,0
2011-03-26 19:00:00,0.33901644,1,0
2011-03-26 20:00:00,0.32506752,1,0
2011-03-26 21:00:00,0.33352697,1,0
2011-03-26 22:00:00,0.35055465,1,0
2011-03-26 23:00:00,0.36177343,1,0
2011-03-27 00:00:00,0.3630364,1,0
2011-03-27 01:00:00,0.35866156,1,0
2011-03-27 02:00:00,0.32196423,1,0
2011-03-27 03:00:00,0.24928288,1,0
2011-03-27 04:00:00,0.08955351,1,0
2011-03-27 05:00:00,-0.07976233,1,0
2011-03-27 06:00:00,-0.114090964,1,0
2011-03-27 07:00:00,-0.25953475,1,0
2011-03-27 08:00:00,-0.3391667,1,0
2011-03-27 09:00:00,0.2572659,1,0
2011-03-27 10:00:00,0.4054938,1,0
2011-03-27 11:00:00,0.5015665,1,0
2011-03-27 12:00:00,0.7826526,1,0
2011-03-27 13:00:00,0.9540076,1,0
2011-03-27 14:00:00,1.1209403,1,0
2011-03-27 15:00:00,1.2638493,1,0
2011-03-27 16:00:00,1.3123581,1,0
2011-03-27 17:00:00,1.2330984,1,0
2011-03-27 18:00:00,1.1904119,1,0
2011-03-27 19:00:00,0.9459782,1,0
2011-03-27 20:00:00,0.7152136,1,0
2011-03-27 21:00:00,0.5417909,1,0
2011-03-27 22:00:00,0.43908668,1,0
2011-03-27 23:00:00,0.28135622,1,0
2011-03-28 00:00:00,0.09894532,0,0
2011-03-28 01:00:00,0.026590224,0,0
2011-03-28 02:00:00,0.01967175,0,0
2011-03-28 03:00:00,-0.07549216,0,0
2011-03-28 04:00:00,-0.19567828,0,0
2011-03-28 05:00:00,-0.3539665,0,0
2011-03-28 06:00:00,-0.28812933,0,0
2011-03-28 07:00:00,-0.3692302,0,0
2011-03-28 08:00:00,-0.4086851,0,0
2011-03-28 09:00:00,-0.24144518,0,0
2011-03-28 10:00:00,0.46123803,0,0
2011-03-28 11:00:00,0.73927075,0,0
2011-03-28 12:00:00,1.1213623,0,0
2011-03-28 13:00:00,1.5148538,0,0
2011-03-28 14:00:00,1.8447092,0,0
2011-03-28 15:00:00,2.0131588,0,0
2011-03-28 16:00:00,2.126437,0,0
2011-03-28 17:00:00,2.119019,0,0
2011-03-28 18:00:00,2.0541193,0,0
2011-03-28 19:00:00,1.7865084,0,0
2011-03-28 20:00:00,1.4495788,0,0
2011-03-28 21:00:00,1.2192547,0,0
2011-03-28 22:00:00,1.0375057,0,0
2011-03-28 23:00:00,0.92875034,0,0
2011-03-29 00:00:00,0.76863015,0,0
2011-03-29 01:00:00,0.37233827,0,0
2011-03-29 02:00:00,0.1364771,0,0
2011-03-29 03:00:00,-0.036891807,0,0
2011-03-29 04:00:00,-0.1764988,0,0
2011-03-29 05:00:00,-0.2931845,0,0
2011-03-29 06:00:00,-0.37484023,0,0
2011-03-29 07:00:00,-0.40303826,0,0
2011-03-29 08:00:00,-0.35536718,0,0
2011-03-29 09:00:00,0.18906447,0,0
2011-03-29 10:00:00,0.9967126,0,0
2011-03-29 11:00:00,1.5563654,0,0
2011-03-29 12:00:00,1.9371486,0,0
2011-03-29 13:00:00,2.142526,0,0
2011-03-29 14:00:00,2.2181413,0,0
2011-03-29 15:00:00,2.254168,0,0
2011-03-29 16:00:00,2.248687,0,0
2011-03-29 17:00:00,2.3181524,0,0
2011-03-29 18:00:00,2.416217,0,0
2011-03-29 19:00:00,2.213094,0,0
2011-03-29 20:00:00,1.9470212,0,0
2011-03-29 21:00:00,1.8213161,0,0
2011-03-29 22:00:00,1.728939,0,0
2011-03-29 23:00:00,1.601703,0,0
2011-03-30 00:00:00,1.4877473,0,0
2011-03-30 01:00:00,1.4145337,0,0
2011-03-30 02:00:00,1.3802345,0,0
2011-03-30 03:00:00,1.3453757,0,0
2011-03-30 04:00:00,1.308198,0,0
2011-03-30 05:00:00,1.2201458,0,0
2011-03-30 06:00:00,0.9961101,0,0
2011-03-30 07:00:00,0.93307525,0,0
2011-03-30 08:00:00,0.8600795,0,0
2011-03-30 09:00:00,0.9178152,0,0
2011-03-30 10:00:00,0.85012424,0,0
2011-03-30 11:00:00,0.919905,0,0
2011-03-30 12:00:00,1.1837579,0,0
2011-03-30 13:00:00,1.4512073,0,0
2011-03-30 14:00:00,1.5580702,0,0
2011-03-30 15:00:00,1.3476077,0,0
2011-03-30 16:00:00,1.0798987,0,0
2011-03-30 17:00:00,0.85516447,0,0
2011-03-30 18:00:00,0.68634474,0,0
2011-03-30 19:00:00,0.37268394,0,0
2011-03-30 20:00:00,0.14943083,0,0
2011-03-30 21:00:00,0.06437106,0,0
2011-03-30 22:00:00,0.033957783,0,0
2011-03-30 23:00:00,0.03721478,0,0
2011-03-31 00:00:00,-0.024866275,0,0
2011-03-31 01:00:00,-0.13032271,0,0
2011-03-31 02:00:00,-0.20362765,0,0
2011-03-31 03:00:00,-0.26841614,0,0
2011-03-31 04:00:00,-0.35032228,0,0
2011-03-31 05:00:00,-0.44018504,0,0
2011-03-31 06:00:00,-0.48689687,0,0
2011-03-31 07:00:00,-0.53403544,0,0
2011-03-31 08:00:00,-0.56611276,0,0
2011-03-31 09:00:00,-0.49658796,0,0
2011-03-31 10:00:00,-0.5475035,0,0
2011-03-31 11:00:00,-0.43903512,0,0
2011-03-31 12:00:00,-0.18356566,0,0
2011-03-31 13:00:00,-0.046686586,0,0
2011-03-31 14:00:00,0.13889152,0,0
2011-03-31 15:00:00,0.24423411,0,0
2011-03-31 16:00:00,0.28460997,0,0
2011-03-31 17:00:00,0.23390478,0,0
2011-03-31 18:00:00,0.16735354,0,0
2011-03-31 19:00:00,-4.466232e-05,0,0
2011-03-31 20:00:00,-0.16888736,0,0
2011-03-31 21:00:00,-0.2850998,0,0
2011-03-31 22:00:00,-0.37182152,0,0
2011-03-31 23:00:00,-0.46906397,0,0
2011-04-01 00:00:00,-0.59516644,0,0
2011-04-01 01:00:00,-0.73304933,0,0
2011-04-01 02:00:00,-0.7855325,0,0
2011-04-01 03:00:00,-0.7822395,0,0
2011-04-01 04:00:00,-0.83792925,0,0
2011-04-01 05:00:00,-0.9092403,0,0
2011-04-01 06:00:00,-1.1548997,0,0
2011-04-01 07:00:00,-1.5045745,0,0
2011-04-01 08:00:00,-1.616168,0,0
2011-04-01 09:00:00,-0.90476876,0,0
2011-04-01 10:00:00,-0.3879402,0,0
2011-04-01 11:00:00,0.030327458,0,0
2011-04-01 12:00:00,0.43050957,0,0
2011-04-01 13:00:00,0.7701048,0,0
2011-04-01 14:00:00,1.0576302,0,0
2011-04-01 15:00:00,1.256393,0,0
2011-04-01 16:00:00,1.286645,0,0
2011-04-01 17:00:00,1.0915499,0,0
2011-04-01 18:00:00,0.8639746,0,0
2011-04-01 19:00:00,0.6402403,0,0
2011-04-01 20:00:00,0.42053396,0,0
2011-04-01 21:00:00,0.32539222,0,0
2011-04-01 22:00:00,0.3723393,0,0
2011-04-01 23:00:00,0.3353911,0,0
2011-04-02 00:00:00,0.20168982,1,0
2011-04-02 01:00:00,0.009110667,1,0
2011-04-02 02:00:00,-0.14342426,1,0
2011-04-02 03:00:00,-0.2859566,1,0
2011-04-02 04:00:00,-0.3402193,1,0
2011-04-02 05:00:00,-0.37683704,1,0
2011-04-02 06:00:00,-0.4087708,1,0
2011-04-02 07:00:00,-0.4534249,1,0
2011-04-02 08:00:00,-0.46226096,1,0
2011-04-02 09:00:00,-0.40235004,1,0
2011-04-02 10:00:00,-0.42474765,1,0
2011-04-02 11:00:00,-0.31483987,1,0
2011-04-02 12:00:00,-0.1345161,1,0
2011-04-02 13:00:00,-0.03875076,1,0
2011-04-02 14:00:00,0.09099949,1,0
2011-04-02 15:00:00,0.120757766,1,0
2011-04-02 16:00:00,0.14161102,1,0
2011-04-02 17:00:00,0.103700325,1,0
2011-04-02 18:00:00,0.092635065,1,0
2011-04-02 19:00:00,0.007231444,1,0
2011-04-02 20:00:00,-0.077783436,1,0
2011-04-02 21:00:00,-0.1414818,1,0
2011-04-02 22:00:00,-0.20784114,1,0
2011-04-02 23:00:00,-0.30324528,1,0
2011-04-03 00:00:00,-0.3974726,1,0
2011-04-03 01:00:00,-0.4340853,1,0
2011-04-03 02:00:00,-0.50498164,1,0
2011-04-03 03:00:00,-0.54626805,1,0
2011-04-03 04:00:00,-0.57637364,1,0
2011-04-03 05:00:00,-0.5408805,1,0
2011-04-03 06:00:00,-0.5628585,1,0
2011-04-03 07:00:00,-0.5181403,1,0
2011-04-03 08:00:00,-0.3725288,1,0
2011-04-03 09:00:00,-0.12941034,1,0
2011-04-03 10:00:00,-0.017715976,1,0
2011-04-03 11:00:00,0.14990292,1,0
2011-04-03 12:00:00,0.2588966,1,0
2011-04-03 13:00:00,0.32224578,1,0
2011-04-03 14:00:00,0.35178137,1,0
2011-04-03 15:00:00,0.32278082,1,0
2011-04-03 16:00:00,0.3053988,1,0
2011-04-03 17:00:00,0.38679674,1,0
2011-04-03 18:00:00,0.34577957,1,0
2011-04-03 19:00:00,0.2835723,1,0
2011-04-03 20:00:00,0.2651345,1,0
2011-04-03 21:00:00,0.2518491,1,0
2011-04-03 22:00:00,0.2412764,1,0
2011-04-03 23:00:00,0.18493016,1,0
2011-04-04 00:00:00,0.15531495,0,0
2011-04-04 01:00:00,0.17369579,0,0
2011-04-04 02:00:00,0.12450613,0,0
2011-04-04 03:00:00,0.09418793,0,0
2011-04-04 04:00:00,0.026617493,0,0
2011-04-04 05:00:00,0.0077461563,0,0
2011-04-04 06:00:00,-0.06197185,0,0
2011-04-04 07:00:00,-0.09229005,0,0
2011-04-04 08:00:00,0.037333798,0,0
2011-04-04 09:00:00,0.0625915,0,0
2011-04-04 10:00:00,0.112923525,0,0
2011-04-04 11:00:00,0.15220937,0,0
2011-04-04 12:00:00,0.23954292,0,0
2011-04-04 13:00:00,0.4168275,0,0
2011-04-04 14:00:00,0.43108884,0,0
2011-04-04 15:00:00,0.4490118,0,0
2011-04-04 16:00:00,0.38930428,0,0
2011-04-04 17:00:00,0.49005398,0,0
2011-04-04 18:00:00,0.3919076,0,0
2011-04-04 19:00:00,0.27640852,0,0
2011-04-04 20:00:00,0.14894979,0,0
2011-04-04 21:00:00,0.04822201,0,0
2011-04-04 22:00:00,-0.04774681,0,0
2011-04-04 23:00:00,-0.12948216,0,0
2011-04-05 00:00:00,-0.23850843,0,0
2011-04-05 01:00:00,-0.3126012,0,0
2011-04-05 02:00:00,-0.38940173,0,0
2011-04-05 03:00:00,-0.4369342,0,0
2011-04-05 04:00:00,-0.41650775,0,0
2011-04-05 05:00:00,-0.59282947,0,0
2011-04-05 06:00:00,-0.6185846,0,0
2011-04-05 07:00:00,-0.6944069,0,0
2011-04-05 08:00:00,-0.51906246,0,0
2011-04-05 09:00:00,-0.2663301,0,0
2011-04-05 10:00:00,0.06869695,0,0
2011-04-05 11:00:00,0.5245118,0,0
2011-04-05 12:00:00,0.9956164,0,0
2011-04-05 13:00:00,1.3521117,0,0
2011-04-05 14:00:00,1.585642,0,0
2011-04-05 15:00:00,1.7009711,0,0
2011-04-05 16:00:00,1.6606979,0,0
2011-04-05 17:00:00,1.5903645,0,0
2011-04-05 18:00:00,1.3361578,0,0
2011-04-05 19:00:00,1.0459505,0,0
2011-04-05 20:00:00,0.79143685,0,0
2011-04-05 21:00:00,0.56225705,0,0
2011-04-05 22:00:00,0.37103269,0,0
2011-04-05 23:00:00,0.23815678,0,0
2011-04-06 00:00:00,0.07896268,0,0
2011-04-06 01:00:00,-0.16371313,0,0
2011-04-06 02:00:00,-0.5301446,0,0
2011-04-06 03:00:00,-0.7389323,0,0
2011-04-06 04:00:00,-0.88395953,0,0
2011-04-06 05:00:00,-0.99229985,0,0
2011-04-06 06:00:00,-1.1389374,0,0
2011-04-06 07:00:00,-1.195306,0,0
2011-04-06 08:00:00,-0.50412613,0,0
2011-04-06 09:00:00,0.35590684,0,0
2011-04-06 10:00:00,0.8992763,0,0
2011-04-06 11:00:00,1.3378923,0,0
2011-04-06 12:00:00,1.6615521,0,0
2011-04-06 13:00:00,1.8693862,0,0
2011-04-06 14:00:00,1.9641714,0,0
2011-04-06 15:00:00,1.9701425,0,0
2011-04-06 16:00:00,1.9293619,0,0
2011-04-06 17:00:00,1.901353,0,0
2011-04-06 18:00:00,1.6621753,0,0
2011-04-06 19:00:00,1.3157704,0,0
2011-04-06 20:00:00,1.0768507,0,0
2011-04-06 21:00:00,0.9013958,0,0
2011-04-06 22:00:00,0.7098292,0,0
2011-04-06 23:00:00,0.47415107,0,0
2011-04-07 00:00:00,0.23432615,0,0
2011-04-07 01:00:00,0.048727497,0,0
2011-04-07 02:00:00,-0.11887903,0,0
2011-04-07 03:00:00,-0.27264574,0,0
2011-04-07 04:00:00,-0.3913824,0,0
2011-04-07 05:00:00,-0.4715987,0,0
2011-04-07 06:00:00,-0.5238155,0,0
2011-04-07 07:00:00,-0.53170294,0,0
2011-04-07 08:00:00,-0.1333215,0,0
2011-04-07 09:00:00,0.66581017,0,0
2011-04-07 10:00:00,1.2297028,0,0
2011-04-07 11:00:00,1.5796605,0,0
2011-04-07 12:00:00,1.7919906,0,0
2011-04-07 13:00:00,1.9459236,0,0
2011-04-07 14:00:00,2.0575707,0,0
2011-04-07 15:00:00,2.0931985,0,0
2011-04-07 16:00:00,2.0477006,0,0
2011-04-07 17:00:00,1.9346999,0,0
2011-04-07 18:00:00,1.7407585,0,0
2011-04-07 19:00:00,1.4112102,0,0
2011-04-07 20:00:00,1.1430364,0,0
2011-04-07 21:00:00,0.8950768,0,0
2011-04-07 22:00:00,0.60523266,0,0
2011-04-07 23:00:00,0.34199563,0,0
2011-04-08 00:00:00,0.16128002,0,0
2011-04-08 01:00:00,0.015497617,0,0
2011-04-08 02:00:00,-0.07506855,0,0
2011-04-08 03:00:00,-0.14073639,0,0
2011-04-08 04:00:00,-0.2140466,0,0
2011-04-08 05:00:00,-0.2677077,0,0
2011-04-08 06:00:00,-0.32319713,0,0
2011-04-08 07:00:00,-0.3209526,0,0
2011-04-08 08:00:00,0.035891857,0,0
2011-04-08 09:00:00,0.58796597,0,0
2011-04-08 10:00:00,0.9598689,0,0
2011-04-08 11:00:00,1.3458914,0,0
2011-04-08 12:00:00,1.6840425,0,0
2011-04-08 13:00:00,1.9429582,0,0
2011-04-08 14:00:00,2.1042066,0,0
2011-04-08 15:00:00,2.1590943,0,0
2011-04-08 16:00:00,2.1272655,0,0
2011-04-08 17:00:00,1.9968895,0,0
2011-04-08 18:00:00,1.6808028,0,0
2011-04-08 19:00:00,1.4041901,0,0
2011-04-08 20:00:00,1.2180244,0,0
2011-04-08 21:00:00,1.0840534,0,0
2011-04-08 22:00:00,0.98301655,0,0
2011-04-08 23:00:00,0.8996295,0,0
2011-04-09 00:00:00,0.81209046,1,0
2011-04-09 01:00:00,0.7481816,1,0
2011-04-09 02:00:00,0.68737406,1,0
2011-04-09 03:00:00,0.6307181,1,0
2011-04-09 04:00:00,0.5993496,1,0
2011-04-09 05:00:00,0.60794044,1,0
2011-04-09 06:00:00,0.6139671,1,0
2011-04-09 07:00:00,0.62763095,1,0
2011-04-09 08:00:00,0.82115877,1,0
2011-04-09 09:00:00,1.1279532,1,0
2011-04-09 10:00:00,1.473501,1,0
2011-04-09 11:00:00,1.798446,1,0
2011-04-09 12:00:00,2.065559,1,0
2011-04-09 13:00:00,2.320442,1,0
2011-04-09 14:00:00,2.4646003,1,0
2011-04-09 15:00:00,2.4660947,1,0
2011-04-09 16:00:00,2.3534672,1,0
2011-04-09 17:00:00,2.189266,1,0
2011-04-09 18:00:00,2.0582006,1,0
2011-04-09 19:00:00,1.8781391,1,0
2011-04-09 20:00:00,1.7304027,1,0
2011-04-09 21:00:00,1.5769088,1,0
2011-04-09 22:00:00,1.3762071,1,0
2011-04-09 23:00:00,1.100345,1,0
2011-04-10 00:00:00,0.8980279,1,0
2011-04-10 01:00:00,0.7026445,1,0
2011-04-10 02:00:00,0.47677708,1,0
2011-04-10 03:00:00,0.294674,1,0
2011-04-10 04:00:00,0.11981909,1,0
2011-04-10 05:00:00,-0.019760415,1,0
2011-04-10 06:00:00,-0.105956666,1,0
2011-04-10 07:00:00,-0.18175654,1,0
2011-04-10 08:00:00,-0.26445228,1,0
2011-04-10 09:00:00,-0.21025157,1,0
2011-04-10 10:00:00,-0.16058108,1,0
2011-04-10 11:00:00,-0.057665862,1,0
2011-04-10 12:00:00,-0.03118679,1,0
2011-04-10 13:00:00,0.037104573,1,0
2011-04-10 14:00:00,0.07236241,1,0
2011-04-10 15:00:00,0.003316522,1,0
2011-04-10 16:00:00,-0.113407455,1,0
2011-04-10 17:00:00,-0.083111934,1,0
2011-04-10 18:00:00,-0.22393586,1,0
2011-04-10 19:00:00,-0.3794047,1,0
2011-04-10 20:00:00,-0.5028134,1,0
2011-04-10 21:00:00,-0.5783509,1,0
2011-04-10 22:00:00,-0.5942693,1,0
2011-04-10 23:00:00,-0.65564716,1,0
2011-04-11 00:00:00,-0.7173394,0,0
2011-04-11 01:00:00,-0.7570587,0,0
2011-04-11 02:00:00,-0.8218523,0,0
2011-04-11 03:00:00,-0.88139683,0,0
2011-04-11 04:00:00,-0.94224745,0,0
2011-04-11 05:00:00,-1.1268528,0,0
2011-04-11 06:00:00,-1.1381133,0,0
2011-04-11 07:00:00,-1.2065978,0,0
2011-04-11 08:00:00,-1.0197372,0,0
2011-04-11 09:00:00,-0.51381254,0,0
2011-04-11 10:00:00,-0.20799081,0,0
2011-04-11 11:00:00,-0.050230738,0,0
2011-04-11 12:00:00,0.13844162,0,0
2011-04-11 13:00:00,0.33091888,0,0
2011-04-11 14:00:00,0.44899178,0,0
2011-04-11 15:00:00,0.47454953,0,0
2011-04-11 16:00:00,0.37604696,0,0
2011-04-11 17:00:00,0.29428908,0,0
2011-04-11 18:00:00,0.1349221,0,0
2011-04-11 19:00:00,0.03775687,0,0
2011-04-11 20:00:00,-0.15792884,0,0
2011-04-11 21:00:00,-0.27075997,0,0
2011-04-11 22:00:00,-0.32773513,0,0
2011-04-11 23:00:00,-0.3688936,0,0
2011-04-12 00:00:00,-0.33723798,0,0
2011-04-12 01:00:00,-0.35079098,0,0
2011-04-12 02:00:00,-0.3274808,0,0
2011-04-12 03:00:00,-0.27639392,0,0
2011-04-12 04:00:00,-0.20477854,0,0
2011-04-12 05:00:00,-0.16460131,0,0
2011-04-12 06:00:00,-0.12224863,0,0
2011-04-12 07:00:00,-0.13435711,0,0
2011-04-12 08:00:00,-0.08383009,0,0
2011-04-12 09:00:00,0.009198208,0,0
2011-04-12 10:00:00,0.063364126,0,0
2011-04-12 11:00:00,0.14426136,0,0
2011-04-12 12:00:00,0.4035314,0,0
2011-04-12 13:00:00,0.49842232,0,0
2011-04-12 14:00:00,0.5949288,0,0
2011-04-12 15:00:00,0.5529287,0,0
2011-04-12 16:00:00,0.5088721,0,0
2011-04-12 17:00:00,0.31519216,0,0
2011-04-12 18:00:00,0.16153935,0,0
2011-04-12 19:00:00,0.014820269,0,0
2011-04-12 20:00:00,-0.06223075,0,0
2011-04-12 21:00:00,-0.030621788,0,0
2011-04-12 22:00:00,-0.048757076,0,0
2011-04-12 23:00:00,-0.10336181,0,0
2011-04-13 00:00:00,-0.19416782,0,0
2011-04-13 01:00:00,-0.29803658,0,0
2011-04-13 02:00:00,-0.34976274,0,0
2011-04-13 03:00:00,-0.3815202,0,0
2011-04-13 04:00:00,-0.40253925,0,0
2011-04-13 05:00:00,-0.3796179,0,0
2011-04-13 06:00:00,-0.3734201,0,0
2011-04-13 07:00:00,-0.37701213,0,0
2011-04-13 08:00:00,-0.3045122,0,0
2011-04-13 09:00:00,-0.2388718,0,0
2011-04-13 10:00:00,-0.1619175,0,0
2011-04-13 11:00:00,-0.049704965,0,0
2011-04-13 12:00:00,-0.045468338,0,0
2011-04-13 13:00:00,0.013984601,0,0
2011-04-13 14:00:00,0.03731722,0,0
2011-04-13 15:00:00,0.035409663,0,0
2011-04-13 16:00:00,0.013528288,0,0
2011-04-13 17:00:00,0.020835267,0,0
2011-04-13 18:00:00,-0.0487862,0,0
2011-04-13 19:00:00,-0.10583588,0,0
2011-04-13 20:00:00,-0.15890451,0,0
2011-04-13 21:00:00,-0.22647484,0,0
2011-04-13 22:00:00,-0.24788265,0,0
2011-04-13 23:00:00,-0.28998992,0,0
2011-04-14 00:00:00,-0.31720683,0,0
2011-04-14 01:00:00,-0.33280557,0,0
2011-04-14 02:00:00,-0.32428908,0,0
2011-04-14 03:00:00,-0.31992465,0,0
2011-04-14 04:00:00,-0.3064786,0,0
2011-04-14 05:00:00,-0.4257975,0,0
2011-04-14 06:00:00,-0.43161166,0,0
2011-04-14 07:00:00,-0.41362485,0,0
2011-04-14 08:00:00,-0.32785004,0,0
2011-04-14 09:00:00,-0.22735064,0,0
2011-04-14 10:00:00,-0.09901728,0,0
2011-04-14 11:00:00,0.075307384,0,0
2011-04-14 12:00:00,0.2017657,0,0
2011-04-14 13:00:00,0.33811796,0,0
2011-04-14 14:00:00,0.45253673,0,0
2011-04-14 15:00:00,0.49491692,0,0
2011-04-14 16:00:00,0.5100801,0,0
2011-04-14 17:00:00,0.547154,0,0
2011-04-14 18:00:00,0.45625582,0,0
2011-04-14 19:00:00,0.36055455,0,0
2011-04-14 20:00:00,0.2752548,0,0
2011-04-14 21:00:00,0.19112651,0,0
2011-04-14 22:00:00,0.1224261,0,0
2011-04-14 23:00:00,0.052979086,0,0
2011-04-15 00:00:00,-0.010080107,0,0
2011-04-15 01:00:00,-0.23324831,0,0
2011-04-15 02:00:00,-0.4508498,0,0
2011-04-15 03:00:00,-0.4812029,0,0
2011-04-15 04:00:00,-0.5460636,0,0
2011-04-15 05:00:00,-0.4989057,0,0
2011-04-15 06:00:00,-0.5218772,0,0
2011-04-15 07:00:00,-0.45457962,0,0
2011-04-15 08:00:00,-0.20107697,0,0
2011-04-15 09:00:00,-0.036827102,0,0
2011-04-15 10:00:00,0.17510211,0,0
2011-04-15 11:00:00,0.43505135,0,0
2011-04-15 12:00:00,0.6027998,0,0
2011-04-15 13:00:00,0.6537861,0,0
2011-04-15 14:00:00,0.6447132,0,0
2011-04-15 15:00:00,0.699499,0,0
2011-04-15 16:00:00,0.67112267,0,0
2011-04-15 17:00:00,0.6999426,0,0
2011-04-15 18:00:00,0.5718443,0,0
2011-04-15 19:00:00,0.42168164,0,0
2011-04-15 20:00:00,0.30606878,0,0
2011-04-15 21:00:00,0.18127775,0,0
2011-04-15 22:00:00,0.061907038,0,0
2011-04-15 23:00:00,-0.033445325,0,0
2011-04-16 00:00:00,-0.13404645,1,0
2011-04-16 01:00:00,-0.17432578,1,0
2011-04-16 02:00:00,-0.22207607,1,0
2011-04-16 03:00:00,-0.22073343,1,0
2011-04-16 04:00:00,-0.20611072,1,0
2011-04-16 05:00:00,-0.18899825,1,0
2011-04-16 06:00:00,-0.23730837,1,0
2011-04-16 07:00:00,-0.28212833,1,0
2011-04-16 08:00:00,-0.22229691,1,0
2011-04-16 09:00:00,-0.093661174,1,0
2011-04-16 10:00:00,0.030050177,1,0
2011-04-16 11:00:00,0.10515406,1,0
2011-04-16 12:00:00,0.21446028,1,0
2011-04-16 13:00:00,0.3068305,1,0
2011-04-16 14:00:00,0.35563645,1,0
2011-04-16 15:00:00,0.40858918,1,0
2011-04-16 16:00:00,0.35810682,1,0
2011-04-16 17:00:00,0.389235,1,0
2011-04-16 18:00:00,0.1729861,1,0
2011-04-16 19:00:00,0.028186336,1,0
2011-04-16 20:00:00,-0.08599744,1,0
2011-04-16 21:00:00,-0.19900467,1,0
2011-04-16 22:00:00,-0.3103496,1,0
2011-04-16 23:00:00,-0.42711478,1,0
2011-04-17 00:00:00,-0.56623644,1,0
2011-04-17 01:00:00,-0.7181974,1,0
2011-04-17 02:00:00,-0.9141457,1,0
2011-04-17 03:00:00,-1.060493,1,0
2011-04-17 04:00:00,-1.0415821,1,0
2011-04-17 05:00:00,-0.9079223,1,0
2011-04-17 06:00:00,-0.9894121,1,0
2011-04-17 07:00:00,-1.0160518,1,0
2011-04-17 08:00:00,-0.8979812,1,0
2011-04-17 09:00:00,-0.33048886,1,0
2011-04-17 10:00:00,-0.07203086,1,0
2011-04-17 11:00:00,0.02202896,1,0
2011-04-17 12:00:00,0.1474249,1,0
2011-04-17 13:00:00,0.29566273,1,0
2011-04-17 14:00:00,0.4094748,1,0
2011-04-17 15:00:00,0.48505685,1,0
2011-04-17 16:00:00,0.4606474,1,0
2011-04-17 17:00:00,0.5186122,1,0
2011-04-17 18:00:00,0.2536174,1,0
2011-04-17 19:00:00,0.037054006,1,0
2011-04-17 20:00:00,-0.1369147,1,0
2011-04-17 21:00:00,-0.360771,1,0
2011-04-17 22:00:00,-0.6708409,1,0
2011-04-17 23:00:00,-0.9701205,1,0
2011-04-18 00:00:00,-1.086853,0,0
2011-04-18 01:00:00,-1.1196109,0,0
2011-04-18 02:00:00,-1.1249292,0,0
2011-04-18 03:00:00,-1.1515064,0,0
2011-04-18 04:00:00,-1.1811388,0,0
2011-04-18 05:00:00,-1.2874972,0,0
2011-04-18 06:00:00,-1.3184769,0,0
2011-04-18 07:00:00,-1.3187968,0,0
2011-04-18 08:00:00,-1.0837955,0,0
2011-04-18 09:00:00,-0.5704304,0,0
2011-04-18 10:00:00,-0.069921724,0,0
2011-04-18 11:00:00,0.34512648,0,0
2011-04-18 12:00:00,0.6062229,0,0
2011-04-18 13:00:00,0.76825887,0,0
2011-04-18 14:00:00,0.8766097,0,0
2011-04-18 15:00:00,0.9427214,0,0
2011-04-18 16:00:00,0.9844049,0,0
2011-04-18 17:00:00,0.88125455,0,0
2011-04-18 18:00:00,0.58670723,0,0
2011-04-18 19:00:00,0.3979827,0,0
2011-04-18 20:00:00,0.2529309,0,0
2011-04-18 21:00:00,0.15155205,0,0
2011-04-18 22:00:00,0.067994,0,0
2011-04-18 23:00:00,0.008236842,0,0
2011-04-19 00:00:00,-0.04588223,0,0
2011-04-19 01:00:00,-0.101834685,0,0
2011-04-19 02:00:00,-0.11616527,0,0
2011-04-19 03:00:00,-0.11577647,0,0
2011-04-19 04:00:00,-0.124298155,0,0
2011-04-19 05:00:00,-0.076307476,0,0
2011-04-19 06:00:00,-0.090809174,0,0
2011-04-19 07:00:00,-0.098062605,0,0
2011-04-19 08:00:00,-0.035038136,0,0
2011-04-19 09:00:00,0.13429475,0,0
2011-04-19 10:00:00,0.42632285,0,0
2011-04-19 11:00:00,0.644023,0,0
2011-04-19 12:00:00,0.80914,0,0
2011-04-19 13:00:00,1.1112828,0,0
2011-04-19 14:00:00,1.3870882,0,0
2011-04-19 15:00:00,1.4870827,0,0
2011-04-19 16:00:00,1.4793591,0,0
2011-04-19 17:00:00,1.4039267,0,0
2011-04-19 18:00:00,1.1520932,0,0
2011-04-19 19:00:00,0.9155907,0,0
2011-04-19 20:00:00,0.7805414,0,0
2011-04-19 21:00:00,0.64405286,0,0
2011-04-19 22:00:00,0.52323776,0,0
2011-04-19 23:00:00,0.40552387,0,0
2011-04-20 00:00:00,0.29440188,0,0
2011-04-20 01:00:00,0.17436942,0,0
2011-04-20 02:00:00,0.08211871,0,0
2011-04-20 03:00:00,-0.0393529,0,0
2011-04-20 04:00:00,-0.09850358,0,0
2011-04-20 05:00:00,-0.077873126,0,0
2011-04-20 06:00:00,-0.10216474,0,0
2011-04-20 07:00:00,-0.17533149,0,0
2011-04-20 08:00:00,-0.02264788,0,0
2011-04-20 09:00:00,0.48806196,0,0
2011-04-20 10:00:00,0.8119894,0,0
2011-04-20 11:00:00,0.98665816,0,0
2011-04-20 12:00:00,1.0046204,0,0
2011-04-20 13:00:00,1.004836,0,0
2011-04-20 14:00:00,1.1627047,0,0
2011-04-20 15:00:00,1.1770803,0,0
2011-04-20 16:00:00,1.0959893,0,0
2011-04-20 17:00:00,0.959228,0,0
2011-04-20 18:00:00,0.77833915,0,0
2011-04-20 19:00:00,0.65796256,0,0
2011-04-20 20:00:00,0.6060134,0,0
2011-04-20 21:00:00,0.482667,0,0
2011-04-20 22:00:00,0.4527375,0,0
2011-04-20 23:00:00,0.38079724,0,0
2011-04-21 00:00:00,0.34195733,0,0
2011-04-21 01:00:00,0.2111865,0,0
2011-04-21 02:00:00,0.17981766,0,0
2011-04-21 03:00:00,0.15281864,0,0
2011-04-21 04:00:00,0.0622303,0,0
2011-04-21 05:00:00,-0.049983848,0,0
2011-04-21 06:00:00,-0.15368144,0,0
2011-04-21 07:00:00,-0.22650105,0,0
2011-04-21 08:00:00,-0.13322727,0,0
2011-04-21 09:00:00,0.06444564,0,0
2011-04-21 10:00:00,0.12140718,0,0
2011-04-21 11:00:00,0.20408462,0,0
2011-04-21 12:00:00,0.3313932,0,0
2011-04-21 13:00:00,0.48529652,0,0
2011-04-21 14:00:00,0.5755065,0,0
2011-04-21 15:00:00,0.59040534,0,0
2011-04-21 16:00:00,0.6014041,0,0
2011-04-21 17:00:00,0.6889273,0,0
2011-04-21 18:00:00,0.49089321,0,0
2011-04-21 19:00:00,0.28385696,0,0
2011-04-21 20:00:00,0.15828334,0,0
2011-04-21 21:00:00,0.17400478,0,0
2011-04-21 22:00:00,0.16412498,0,0
2011-04-21 23:00:00,0.15176088,0,0
2011-04-22 00:00:00,0.11165265,0,1
2011-04-22 01:00:00,-0.043404818,0,1
2011-04-22 02:00:00,-0.19501851,0,1
2011-04-22 03:00:00,-0.31885055,0,1
2011-04-22 04:00:00,-0.45574498,0,1
2011-04-22 05:00:00,-0.55194384,0,1
2011-04-22 06:00:00,-0.5800452,0,1
2011-04-22 07:00:00,-0.5921589,0,1
2011-04-22 08:00:00,-0.45219052,0,1
2011-04-22 09:00:00,-0.32714182,0,1
2011-04-22 10:00:00,-0.24872386,0,1
2011-04-22 11:00:00,-0.2847369,0,1
2011-04-22 12:00:00,-0.11009788,0,1
2011-04-22 13:00:00,-0.1184381,0,1
2011-04-22 14:00:00,-0.05495209,0,1
2011-04-22 15:00:00,-0.12024544,0,1
2011-04-22 16:00:00,-0.175811,0,1
2011-04-22 17:00:00,-0.19827656,0,1
2011-04-22 18:00:00,-0.32429108,0,1
2011-04-22 19:00:00,-0.41340077,0,1
2011-04-22 20:00:00,-0.5022926,0,1
2011-04-22 21:00:00,-0.6114952,0,1
2011-04-22 22:00:00,-0.688546,0,1
2011-04-22 23:00:00,-0.7793628,0,1
2011-04-23 00:00:00,-0.87742746,1,1
2011-04-23 01:00:00,-0.9629205,1,1
2011-04-23 02:00:00,-0.997002,1,1
2011-04-23 03:00:00,-1.1039773,1,1
2011-04-23 04:00:00,-1.1952794,1,1
2011-04-23 05:00:00,-1.2651736,1,1
2011-04-23 06:00:00,-1.3252035,1,1
2011-04-23 07:00:00,-1.3502034,1,1
2011-04-23 08:00:00,-1.1813285,1,1
2011-04-23 09:00:00,-0.75273734,1,1
2011-04-23 10:00:00,-0.33302727,1,1
2011-04-23 11:00:00,-0.03944065,1,1
2011-04-23 12:00:00,0.06567726,1,1
2011-04-23 13:00:00,0.21713574,1,1
2011-04-23 14:00:00,0.29604214,1,1
2011-04-23 15:00:00,0.22453903,1,1
2011-04-23 16:00:00,0.23192318,1,1
2011-04-23 17:00:00,0.12763132,1,1
2011-04-23 18:00:00,0.0146738,1,1
2011-04-23 19:00:00,-0.120987184,1,1
2011-04-23 20:00:00,-0.2285691,1,1
2011-04-23 21:00:00,-0.3528746,1,1
2011-04-23 22:00:00,-0.46351114,1,1
2011-04-23 23:00:00,-0.5696071,1,1
2011-04-24 00:00:00,-0.6326418,1,0
2011-04-24 01:00:00,-0.6451442,1,0
2011-04-24 02:00:00,-0.6963434,1,0
2011-04-24 03:00:00,-0.6959597,1,0
2011-04-24 04:00:00,-0.7622672,1,0
2011-04-24 05:00:00,-0.8472746,1,0
2011-04-24 06:00:00,-0.9006163,1,0
2011-04-24 07:00:00,-0.9892056,1,0
2011-04-24 08:00:00,-0.8216316,1,0
2011-04-24 09:00:00,-0.2752801,1,0
2011-04-24 10:00:00,0.031187652,1,0
2011-04-24 11:00:00,0.18513775,1,0
2011-04-24 12:00:00,0.30401108,1,0
2011-04-24 13:00:00,0.42585438,1,0
2011-04-24 14:00:00,0.48326844,1,0
2011-04-24 15:00:00,0.5049491,1,0
2011-04-24 16:00:00,0.46975103,1,0
2011-04-24 17:00:00,0.5962212,1,0
2011-04-24 18:00:00,0.43068066,1,0
2011-04-24 19:00:00,0.21870987,1,0
2011-04-24 20:00:00,-0.010076169,1,0
2011-04-24 21:00:00,-0.22933464,1,0
2011-04-24 22:00:00,-0.42096,1,0
2011-04-24 23:00:00,-0.44010288,1,0
2011-04-25 00:00:00,-0.42251208,0,1
2011-04-25 01:00:00,-0.5098628,0,1
2011-04-25 02:00:00,-0.60375327,0,1
2011-04-25 03:00:00,-0.7179542,0,1
2011-04-25 04:00:00,-0.86572176,0,1
2011-04-25 05:00:00,-0.9754922,0,1
2011-04-25 06:00:00,-1.0395926,0,1
2011-04-25 07:00:00,-1.0830923,0,1
2011-04-25 08:00:00,-1.0089558,0,1
2011-04-25 09:00:00,-0.74353594,0,1
2011-04-25 10:00:00,-0.42694655,0,1
2011-04-25 11:00:00,-0.10873667,0,1
2011-04-25 12:00:00,0.20931269,0,1
2011-04-25 13:00:00,0.45131466,0,1
2011-04-25 14:00:00,0.6054338,0,1
2011-04-25 15:00:00,0.66537017,0,1
2011-04-25 16:00:00,0.6282457,0,1
2011-04-25 17:00:00,0.6053841,0,1
2011-04-25 18:00:00,0.30209216,0,1
2011-04-25 19:00:00,0.078845404,0,1
2011-04-25 20:00:00,-0.092548884,0,1
2011-04-25 21:00:00,-0.26499364,0,1
2011-04-25 22:00:00,-0.5256561,0,1
2011-04-25 23:00:00,-0.5041554,0,1
2011-04-26 00:00:00,-0.6360583,0,0
2011-04-26 01:00:00,-0.7630541,0,0
2011-04-26 02:00:00,-0.97782683,0,0
2011-04-26 03:00:00,-1.4579962,0,0
2011-04-26 04:00:00,-1.6550623,0,0
2011-04-26 05:00:00,-1.6916336,0,0
2011-04-26 06:00:00,-1.6681054,0,0
2011-04-26 07:00:00,-1.6147965,0,0
2011-04-26 08:00:00,-1.4155616,0,0
2011-04-26 09:00:00,-0.94673437,0,0
2011-04-26 10:00:00,-0.478239,0,0
2011-04-26 11:00:00,0.01460499,0,0
2011-04-26 12:00:00,0.4096102,0,0
2011-04-26 13:00:00,0.7743989,0,0
2011-04-26 14:00:00,0.94070095,0,0
2011-04-26 15:00:00,0.9950046,0,0
2011-04-26 16:00:00,0.95312154,0,0
2011-04-26 17:00:00,0.8517525,0,0
2011-04-26 18:00:00,0.5529545,0,0
2011-04-26 19:00:00,0.3080545,0,0
2011-04-26 20:00:00,0.04145149,0,0
2011-04-26 21:00:00,-0.072790034,0,0
2011-04-26 22:00:00,-0.21382104,0,0
2011-04-26 23:00:00,-0.50133914,0,0
2011-04-27 00:00:00,-0.92007905,0,0
2011-04-27 01:00:00,-1.1671641,0,0
2011-04-27 02:00:00,-1.3394306,0,0
2011-04-27 03:00:00,-1.4755474,0,0
2011-04-27 04:00:00,-1.5724356,0,0
2011-04-27 05:00:00,-1.436961,0,0
2011-04-27 06:00:00,-1.3396648,0,0
2011-04-27 07:00:00,-1.2914567,0,0
2011-04-27 08:00:00,-1.1355006,0,0
2011-04-27 09:00:00,-0.7578685,0,0
2011-04-27 10:00:00,-0.23945265,0,0
2011-04-27 11:00:00,0.29611024,0,0
2011-04-27 12:00:00,0.69732356,0,0
2011-04-27 13:00:00,0.9574662,0,0
2011-04-27 14:00:00,1.103772,0,0
2011-04-27 15:00:00,1.1345841,0,0
2011-04-27 16:00:00,1.0946724,0,0
2011-04-27 17:00:00,0.99875116,0,0
2011-04-27 18:00:00,0.6840121,0,0
2011-04-27 19:00:00,0.44382933,0,0
2011-04-27 20:00:00,0.19831969,0,0
2011-04-27 21:00:00,0.048146404,0,0
2011-04-27 22:00:00,-0.103623345,0,0
2011-04-27 23:00:00,-0.5024518,0,0
2011-04-28 00:00:00,-0.86036164,0,0
2011-04-28 01:00:00,-1.056087,0,0
2011-04-28 02:00:00,-1.1729437,0,0
2011-04-28 03:00:00,-1.2444205,0,0
2011-04-28 04:00:00,-1.2850193,0,0
2011-04-28 05:00:00,-1.0391417,0,0
2011-04-28 06:00:00,-0.98363304,0,0
2011-04-28 07:00:00,-0.9753844,0,0
2011-04-28 08:00:00,-0.89917636,0,0
2011-04-28 09:00:00,-0.59257215,0,0
2011-04-28 10:00:00,-0.05901018,0,0
2011-04-28 11:00:00,0.38301986,0,0
2011-04-28 12:00:00,0.71452546,0,0
2011-04-28 13:00:00,0.90329313,0,0
2011-04-28 14:00:00,1.0043952,0,0
2011-04-28 15:00:00,0.98978084,0,0
2011-04-28 16:00:00,0.9827983,0,0
2011-04-28 17:00:00,0.97606796,0,0
2011-04-28 18:00:00,0.6691094,0,0
2011-04-28 19:00:00,0.41766447,0,0
2011-04-28 20:00:00,0.20081103,0,0
2011-04-28 21:00:00,-0.027784823,0,0
2011-04-28 22:00:00,-0.28137016,0,0
2011-04-28 23:00:00,-0.4595443,0,0
2011-04-29 00:00:00,-0.5913382,0,0
2011-04-29 01:00:00,-0.68683386,0,0
2011-04-29 02:00:00,-0.77105343,0,0
2011-04-29 03:00:00,-0.8650629,0,0
2011-04-29 04:00:00,-0.9538233,0,0
2011-04-29 05:00:00,-1.0387514,0,0
2011-04-29 06:00:00,-1.0946295,0,0
2011-04-29 07:00:00,-1.1252674,0,0
2011-04-29 08:00:00,-0.9384056,0,0
2011-04-29 09:00:00,-0.35561427,0,0
2011-04-29 10:00:00,0.20921977,0,0
2011-04-29 11:00:00,0.5456966,0,0
2011-04-29 12:00:00,0.77740085,0,0
2011-04-29 13:00:00,0.90545243,0,0
2011-04-29 14:00:00,0.96239126,0,0
2011-04-29 15:00:00,0.9847335,0,0
2011-04-29 16:00:00,0.98741156,0,0
2011-04-29 17:00:00,0.834688,0,0
2011-04-29 18:00:00,0.5140208,0,0
2011-04-29 19:00:00,0.29314476,0,0
2011-04-29 20:00:00,0.12612021,0,0
2011-04-29 21:00:00,-0.0036055604,0,0
2011-04-29 22:00:00,-0.13699265,0,0
2011-04-29 23:00:00,-0.27213842,0,0
2011-04-30 00:00:00,-0.3749618,1,0
2011-04-30 01:00:00,-0.46084365,1,0
2011-04-30 02:00:00,-0.5320061,1,0
2011-04-30 03:00:00,-0.5942581,1,0
2011-04-30 04:00:00,-0.61981785,1,0
2011-04-30 05:00:00,-0.6564357,1,0
2011-04-30 06:00:00,-0.72633,1,0
2011-04-30 07:00:00,-0.78770256,1,0
2011-04-30 08:00:00,-0.66953075,1,0
2011-04-30 09:00:00,-0.13634542,1,0
2011-04-30 10:00:00,0.4383252,1,0
2011-04-30 11:00:00,0.80402297,1,0
2011-04-30 12:00:00,0.97453606,1,0
2011-04-30 13:00:00,1.0209199,1,0
2011-04-30 14:00:00,1.0433192,1,0
2011-04-30 15:00:00,1.0118846,1,0
2011-04-30 16:00:00,1.0275676,1,0
2011-04-30 17:00:00,0.9505595,1,0
2011-04-30 18:00:00,0.6133397,1,0
2011-04-30 19:00:00,0.32599053,1,0
2011-04-30 20:00:00,0.122982174,1,0
2011-04-30 21:00:00,-0.0247355,1,0
2011-04-30 22:00:00,-0.13297898,1,0
2011-04-30 23:00:00,-0.18400188,1,0
2011-05-01 00:00:00,-0.23917672,1,0
2011-05-01 01:00:00,-0.29984602,1,0
2011-05-01 02:00:00,-0.3804839,1,0
2011-05-01 03:00:00,-0.35573438,1,0
2011-05-01 04:00:00,-0.40510023,1,0
2011-05-01 05:00:00,-0.4386962,1,0
2011-05-01 06:00:00,-0.5009482,1,0
2011-05-01 07:00:00,-0.56717587,1,0
2011-05-01 08:00:00,-0.4606221,1,0
2011-05-01 09:00:00,-0.08388355,1,0
2011-05-01 10:00:00,0.37984666,1,0
2011-05-01 11:00:00,0.67270243,1,0
2011-05-01 12:00:00,0.9149415,1,0
2011-05-01 13:00:00,0.9686889,1,0
2011-05-01 14:00:00,0.98879373,1,0
2011-05-01 15:00:00,0.9804653,1,0
2011-05-01 16:00:00,0.9391508,1,0
2011-05-01 17:00:00,0.8015442,1,0
2011-05-01 18:00:00,0.6415451,1,0
2011-05-01 19:00:00,0.55754626,1,0
2011-05-01 20:00:00,0.4814076,1,0
2011-05-01 21:00:00,0.443618,1,0
2011-05-01 22:00:00,0.40333897,1,0
2011-05-01 23:00:00,0.34795147,1,0
2011-05-02 00:00:00,0.3040111,0,0
2011-05-02 01:00:00,0.25443256,0,0
2011-05-02 02:00:00,0.18454354,0,0
2011-05-02 03:00:00,0.13950595,0,0
2011-05-02 04:00:00,0.11267784,0,0
2011-05-02 05:00:00,0.103058964,0,0
2011-05-02 06:00:00,0.042251438,0,0
2011-05-02 07:00:00,-0.02309694,0,0
2011-05-02 08:00:00,-0.009256869,0,0
2011-05-02 09:00:00,0.061318304,0,0
2011-05-02 10:00:00,0.13888948,0,0
2011-05-02 11:00:00,0.24080418,0,0
2011-05-02 12:00:00,0.30955163,0,0
2011-05-02 13:00:00,0.33186162,0,0
2011-05-02 14:00:00,0.3685366,0,0
2011-05-02 15:00:00,0.35893986,0,0
2011-05-02 16:00:00,0.28277177,0,0
2011-05-02 17:00:00,0.23256402,0,0
2011-05-02 18:00:00,0.049586035,0,0
2011-05-02 19:00:00,-0.08971903,0,0
2011-05-02 20:00:00,-0.15917967,0,0
2011-05-02 21:00:00,-0.21130499,0,0
2011-05-02 22:00:00,-0.3081015,0,0
2011-05-02 23:00:00,-0.41014206,0,0
2011-05-03 00:00:00,-0.5269021,0,0
2011-05-03 01:00:00,-0.7428656,0,0
2011-05-03 02:00:00,-0.8304341,0,0
2011-05-03 03:00:00,-0.7640455,0,0
2011-05-03 04:00:00,-0.68761986,0,0
2011-05-03 05:00:00,-0.79898,0,0
2011-05-03 06:00:00,-0.71098316,0,0
2011-05-03 07:00:00,-0.69221365,0,0
2011-05-03 08:00:00,-0.5349893,0,0
2011-05-03 09:00:00,-0.2640888,0,0
2011-05-03 10:00:00,-0.12168236,0,0
2011-05-03 11:00:00,0.0041765,0,0
2011-05-03 12:00:00,0.07491058,0,0
2011-05-03 13:00:00,0.14787884,0,0
2011-05-03 14:00:00,0.1657168,0,0
2011-05-03 15:00:00,0.07981038,0,0
2011-05-03 16:00:00,-0.024008324,0,0
2011-05-03 17:00:00,-0.10063452,0,0
2011-05-03 18:00:00,-0.26819134,0,0
2011-05-03 19:00:00,-0.37486094,0,0
2011-05-03 20:00:00,-0.46986583,0,0
2011-05-03 21:00:00,-0.5784981,0,0
2011-05-03 22:00:00,-0.62808174,0,0
2011-05-03 23:00:00,-0.72893363,0,0
2011-05-04 00:00:00,-0.9607743,0,0
2011-05-04 01:00:00,-1.0773633,0,0
2011-05-04 02:00:00,-1.0963832,0,0
2011-05-04 03:00:00,-1.1108623,0,0
2011-05-04 04:00:00,-1.0769846,0,0
2011-05-04 05:00:00,-1.146485,0,0
2011-05-04 06:00:00,-1.2559915,0,0
2011-05-04 07:00:00,-1.3678168,0,0
2011-05-04 08:00:00,-1.3687928,0,0
2011-05-04 09:00:00,-0.99575514,0,0
2011-05-04 10:00:00,-0.6614312,0,0
2011-05-04 11:00:00,-0.3788162,0,0
2011-05-04 12:00:00,-0.18862493,0,0
2011-05-04 13:00:00,-0.07775863,0,0
2011-05-04 14:00:00,-0.062984,0,0
2011-05-04 15:00:00,-0.10088957,0,0
2011-05-04 16:00:00,-0.081394486,0,0
2011-05-04 17:00:00,-0.12720817,0,0
2011-05-04 18:00:00,-0.27160856,0,0
2011-05-04 19:00:00,-0.34057856,0,0
2011-05-04 20:00:00,-0.41798556,0,0
2011-05-04 21:00:00,-0.5280192,0,0
2011-05-04 22:00:00,-0.72321594,0,0
2011-05-04 23:00:00,-0.93164617,0,0
2011-05-05 00:00:00,-1.1186737,0,0
2011-05-05 01:00:00,-1.2062075,0,0
2011-05-05 02:00:00,-1.2504623,0,0
2011-05-05 03:00:00,-1.2845386,0,0
2011-05-05 04:00:00,-1.3337231,0,0
2011-05-05 05:00:00,-1.3543999,0,0
2011-05-05 06:00:00,-1.3521781,0,0
2011-05-05 07:00:00,-1.3706605,0,0
2011-05-05 08:00:00,-1.3424951,0,0
2011-05-05 09:00:00,-1.2927853,0,0
2011-05-05 10:00:00,-1.2216208,0,0
2011-05-05 11:00:00,-1.1294425,0,0
2011-05-05 12:00:00,-1.0036732,0,0
2011-05-05 13:00:00,-0.9500621,0,0
2011-05-05 14:00:00,-0.89501137,0,0
2011-05-05 15:00:00,-0.9295975,0,0
2011-05-05 16:00:00,-0.9961643,0,0
2011-05-05 17:00:00,-0.9992781,0,0
2011-05-05 18:00:00,-1.1563988,0,0
2011-05-05 19:00:00,-1.2640377,0,0
2011-05-05 20:00:00,-1.335641,0,0
2011-05-05 21:00:00,-1.381952,0,0
2011-05-05 22:00:00,-1.464247,0,0
2011-05-05 23:00:00,-1.5525271,0,0
2011-05-06 00:00:00,-1.6364377,0,0
2011-05-06 01:00:00,-1.7599657,0,0
2011-05-06 02:00:00,-1.9486655,0,0
2011-05-06 03:00:00,-2.0129654,0,0
2011-05-06 04:00:00,-1.8436778,0,0
2011-05-06 05:00:00,-1.8376583,0,0
2011-05-06 06:00:00,-1.9323518,0,0
2011-05-06 07:00:00,-2.0461345,0,0
2011-05-06 08:00:00,-1.9820108,0,0
2011-05-06 09:00:00,-1.5217482,0,0
2011-05-06 10:00:00,-1.2149361,0,0
2011-05-06 11:00:00,-1.0825597,0,0
2011-05-06 12:00:00,-0.94118136,0,0
2011-05-06 13:00:00,-0.8125978,0,0
2011-05-06 14:00:00,-0.7634773,0,0
2011-05-06 15:00:00,-0.7876638,0,0
2011-05-06 16:00:00,-0.8790839,0,0
2011-05-06 17:00:00,-1.0050589,0,0
2011-05-06 18:00:00,-1.1920592,0,0
2011-05-06 19:00:00,-1.3453752,0,0
2011-05-06 20:00:00,-1.5027913,0,0
2011-05-06 21:00:00,-1.6848549,0,0
2011-05-06 22:00:00,-1.8479726,0,0
2011-05-06 23:00:00,-1.7898519,0,0
2011-05-07 00:00:00,-1.7520939,1,0
2011-05-07 01:00:00,-1.8209155,1,0
2011-05-07 02:00:00,-1.8744574,1,0
2011-05-07 03:00:00,-1.9593906,1,0
2011-05-07 04:00:00,-2.2205195,1,0
2011-05-07 05:00:00,-2.7415934,1,0
2011-05-07 06:00:00,-2.7476287,1,0
2011-05-07 07:00:00,-2.7004704,1,0
2011-05-07 08:00:00,-2.545223,1,0
2011-05-07 09:00:00,-1.8757771,1,0
2011-05-07 10:00:00,-1.5207882,1,0
2011-05-07 11:00:00,-1.1839969,1,0
2011-05-07 12:00:00,-0.9344717,1,0
2011-05-07 13:00:00,-0.7722697,1,0
2011-05-07 14:00:00,-0.755961,1,0
2011-05-07 15:00:00,-0.78910476,1,0
2011-05-07 16:00:00,-0.815833,1,0
2011-05-07 17:00:00,-0.7266754,1,0
2011-05-07 18:00:00,-0.78869975,1,0
2011-05-07 19:00:00,-0.904392,1,0
2011-05-07 20:00:00,-0.98912674,1,0
2011-05-07 21:00:00,-1.0694919,1,0
2011-05-07 22:00:00,-1.118196,1,0
2011-05-07 23:00:00,-1.2277821,1,0
2011-05-08 00:00:00,-1.2877154,1,0
2011-05-08 01:00:00,-1.3641963,1,0
2011-05-08 02:00:00,-1.4102844,1,0
2011-05-08 03:00:00,-1.4273225,1,0
2011-05-08 04:00:00,-1.5373942,1,0
2011-05-08 05:00:00,-1.6750714,1,0
2011-05-08 06:00:00,-1.73007,1,0
2011-05-08 07:00:00,-1.7599995,1,0
2011-05-08 08:00:00,-1.6320378,1,0
2011-05-08 09:00:00,-1.3130277,1,0
2011-05-08 10:00:00,-1.006052,1,0
2011-05-08 11:00:00,-0.7229567,1,0
2011-05-08 12:00:00,-0.5367791,1,0
2011-05-08 13:00:00,-0.34821573,1,0
2011-05-08 14:00:00,-0.32595608,1,0
2011-05-08 15:00:00,-0.43123648,1,0
2011-05-08 16:00:00,-0.54982144,1,0
2011-05-08 17:00:00,-0.78349376,1,0
2011-05-08 18:00:00,-0.99878544,1,0
2011-05-08 19:00:00,-1.1560787,1,0
2011-05-08 20:00:00,-1.3449862,1,0
2011-05-08 21:00:00,-1.4219993,1,0
2011-05-08 22:00:00,-1.4406996,1,0
2011-05-08 23:00:00,-1.4870383,1,0
2011-05-09 00:00:00,-1.5536548,0,0
2011-05-09 01:00:00,-1.6366479,0,0
2011-05-09 02:00:00,-1.7421787,0,0
2011-05-09 03:00:00,-1.7673963,0,0
2011-05-09 04:00:00,-1.7889806,0,0
2011-05-09 05:00:00,-1.7763604,0,0
2011-05-09 06:00:00,-1.8395662,0,0
2011-05-09 07:00:00,-1.900944,0,0
2011-05-09 08:00:00,-1.8771014,0,0
2011-05-09 09:00:00,-1.4647211,0,0
2011-05-09 10:00:00,-1.2449472,0,0
2011-05-09 11:00:00,-1.1798854,0,0
2011-05-09 12:00:00,-1.1496758,0,0
2011-05-09 13:00:00,-1.1155373,0,0
2011-05-09 14:00:00,-1.1117691,0,0
2011-05-09 15:00:00,-1.0962913,0,0
2011-05-09 16:00:00,-1.1947417,0,0
2011-05-09 17:00:00,-1.2880968,0,0
2011-05-09 18:00:00,-1.4788828,0,0
2011-05-09 19:00:00,-1.5987047,0,0
2011-05-09 20:00:00,-1.7290475,0,0
2011-05-09 21:00:00,-1.822651,0,0
2011-05-09 22:00:00,-1.9706881,0,0
2011-05-09 23:00:00,-2.0793447,0,0
2011-05-10 00:00:00,-2.083523,0,0
2011-05-10 01:00:00,-2.1337202,0,0
2011-05-10 02:00:00,-2.2466583,0,0
2011-05-10 03:00:00,-2.3530269,0,0
2011-05-10 04:00:00,-2.4025414,0,0
2011-05-10 05:00:00,-2.4022787,0,0
2011-05-10 06:00:00,-2.5605671,0,0
2011-05-10 07:00:00,-2.9276307,0,0
2011-05-10 08:00:00,-2.975132,0,0
2011-05-10 09:00:00,-2.176707,0,0
2011-05-10 10:00:00,-1.7531693,0,0
2011-05-10 11:00:00,-1.662672,0,0
2011-05-10 12:00:00,-1.5356243,0,0
2011-05-10 13:00:00,-1.4942272,0,0
2011-05-10 14:00:00,-1.55353,0,0
2011-05-10 15:00:00,-1.5848855,0,0
2011-05-10 16:00:00,-1.618696,0,0
2011-05-10 17:00:00,-1.582804,0,0
2011-05-10 18:00:00,-1.7476466,0,0
2011-05-10 19:00:00,-1.8798121,0,0
2011-05-10 20:00:00,-1.946508,0,0
2011-05-10 21:00:00,-1.909688,0,0
2011-05-10 22:00:00,-1.8868512,0,0
2011-05-10 23:00:00,-1.795523,0,0
2011-05-11 00:00:00,-1.7737317,0,0
2011-05-11 01:00:00,-1.8788635,0,0
2011-05-11 02:00:00,-1.9794871,0,0
2011-05-11 03:00:00,-2.1185982,0,0
2011-05-11 04:00:00,-2.282219,0,0
2011-05-11 05:00:00,-2.4685104,0,0
2011-05-11 06:00:00,-2.5554843,0,0
2011-05-11 07:00:00,-2.6337242,0,0
2011-05-11 08:00:00,-2.5975275,0,0
2011-05-11 09:00:00,-2.445542,0,0
2011-05-11 10:00:00,-2.308219,0,0
2011-05-11 11:00:00,-2.1424105,0,0
2011-05-11 12:00:00,-2.049662,0,0
2011-05-11 13:00:00,-1.9725868,0,0
2011-05-11 14:00:00,-1.9469752,0,0
2011-05-11 15:00:00,-1.9487585,0,0
2011-05-11 16:00:00,-2.021476,0,0
2011-05-11 17:00:00,-2.0922258,0,0
2011-05-11 18:00:00,-2.1827025,0,0
2011-05-11 19:00:00,-2.258537,0,0
2011-05-11 20:00:00,-2.3085146,0,0
2011-05-11 21:00:00,-2.3226795,0,0
2011-05-11 22:00:00,-2.3737023,0,0
2011-05-11 23:00:00,-2.45814,0,0
2011-05-12 00:00:00,-2.5413094,0,0
2011-05-12 01:00:00,-2.5824676,0,0
2011-05-12 02:00:00,-2.5885963,0,0
2011-05-12 03:00:00,-2.5754647,0,0
2011-05-12 04:00:00,-2.5964837,0,0
2011-05-12 05:00:00,-2.4473097,0,0
2011-05-12 06:00:00,-2.3655105,0,0
2011-05-12 07:00:00,-2.270654,0,0
2011-05-12 08:00:00,-2.1647396,0,0
2011-05-12 09:00:00,-2.0099552,0,0
2011-05-12 10:00:00,-1.8159419,0,0
2011-05-12 11:00:00,-1.6199571,0,0
2011-05-12 12:00:00,-1.2829951,0,0
2011-05-12 13:00:00,-1.0330763,0,0
2011-05-12 14:00:00,-0.7684657,0,0
2011-05-12 15:00:00,-0.9063015,0,0
2011-05-12 16:00:00,-0.90297914,0,0
2011-05-12 17:00:00,-0.96215403,0,0
2011-05-12 18:00:00,-1.0421996,0,0
2011-05-12 19:00:00,-1.161954,0,0
2011-05-12 20:00:00,-1.167421,0,0
2011-05-12 21:00:00,-1.218513,0,0
2011-05-12 22:00:00,-1.2479517,0,0
2011-05-12 23:00:00,-1.3026308,0,0
2011-05-13 00:00:00,-1.3042879,0,0
2011-05-13 01:00:00,-1.3569626,0,0
2011-05-13 02:00:00,-1.3478812,0,0
2011-05-13 03:00:00,-1.3800274,0,0
2011-05-13 04:00:00,-1.4401267,0,0
2011-05-13 05:00:00,-1.3910856,0,0
2011-05-13 06:00:00,-1.4250652,0,0
2011-05-13 07:00:00,-1.3703861,0,0
2011-05-13 08:00:00,-1.2978863,0,0
2011-05-13 09:00:00,-1.0940037,0,0
2011-05-13 10:00:00,-0.99834394,0,0
2011-05-13 11:00:00,-0.85104936,0,0
2011-05-13 12:00:00,-0.7298627,0,0
2011-05-13 13:00:00,-0.6702075,0,0
2011-05-13 14:00:00,-0.6249349,0,0
2011-05-13 15:00:00,-0.8949036,0,0
2011-05-13 16:00:00,-1.177617,0,0
2011-05-13 17:00:00,-1.3953537,0,0
2011-05-13 18:00:00,-1.6404313,0,0
2011-05-13 19:00:00,-1.7427692,0,0
2011-05-13 20:00:00,-1.8545029,0,0
2011-05-13 21:00:00,-1.9638714,0,0
2011-05-13 22:00:00,-2.0475779,0,0
2011-05-13 23:00:00,-2.117999,0,0
2011-05-14 00:00:00,-2.2024367,1,0
2011-05-14 01:00:00,-2.2512372,1,0
2011-05-14 02:00:00,-2.2681096,1,0
2011-05-14 03:00:00,-2.3047276,1,0
2011-05-14 04:00:00,-2.3083196,1,0
2011-05-14 05:00:00,-2.139049,1,0
2011-05-14 06:00:00,-2.1202796,1,0
2011-05-14 07:00:00,-2.101899,1,0
2011-05-14 08:00:00,-2.0542555,1,0
2011-05-14 09:00:00,-1.887065,1,0
2011-05-14 10:00:00,-1.7361991,1,0
2011-05-14 11:00:00,-1.6591358,1,0
2011-05-14 12:00:00,-1.6341376,1,0
2011-05-14 13:00:00,-1.5499521,1,0
2011-05-14 14:00:00,-1.4862939,1,0
2011-05-14 15:00:00,-1.50511,1,0
2011-05-14 16:00:00,-1.5409645,1,0
2011-05-14 17:00:00,-1.5909249,1,0
2011-05-14 18:00:00,-1.6462728,1,0
2011-05-14 19:00:00,-1.6881175,1,0
2011-05-14 20:00:00,-1.7434133,1,0
2011-05-14 21:00:00,-1.7837721,1,0
2011-05-14 22:00:00,-1.8272324,1,0
2011-05-14 23:00:00,-1.8332175,1,0
2011-05-15 00:00:00,-1.8359301,1,0
2011-05-15 01:00:00,-1.8746268,1,0
2011-05-15 02:00:00,-1.9063895,1,0
2011-05-15 03:00:00,-1.9565328,1,0
2011-05-15 04:00:00,-2.040096,1,0
2011-05-15 05:00:00,-2.1092489,1,0
2011-05-15 06:00:00,-2.1598778,1,0
2011-05-15 07:00:00,-2.1202328,1,0
2011-05-15 08:00:00,-2.0607953,1,0
2011-05-15 09:00:00,-1.8049463,1,0
2011-05-15 10:00:00,-1.493041,1,0
2011-05-15 11:00:00,-1.2602223,1,0
2011-05-15 12:00:00,-1.1382424,1,0
2011-05-15 13:00:00,-1.0935831,1,0
2011-05-15 14:00:00,-1.0991193,1,0
2011-05-15 15:00:00,-1.0712875,1,0
2011-05-15 16:00:00,-1.0865273,1,0
2011-05-15 17:00:00,-1.1176164,1,0
2011-05-15 18:00:00,-1.2465096,1,0
2011-05-15 19:00:00,-1.3281426,1,0
2011-05-15 20:00:00,-1.427768,1,0
2011-05-15 21:00:00,-1.5578825,1,0
2011-05-15 22:00:00,-1.6428849,1,0
2011-05-15 23:00:00,-1.7664076,1,0
2011-05-16 00:00:00,-1.8483086,0,0
2011-05-16 01:00:00,-1.9345794,0,0
2011-05-16 02:00:00,-2.003029,0,0
2011-05-16 03:00:00,-2.0834908,0,0
2011-05-16 04:00:00,-2.1310234,0,0
2011-05-16 05:00:00,-2.0830052,0,0
2011-05-16 06:00:00,-2.0982153,0,0
2011-05-16 07:00:00,-2.0763443,0,0
2011-05-16 08:00:00,-2.0303578,0,0
2011-05-16 09:00:00,-1.6659732,0,0
2011-05-16 10:00:00,-1.3527946,0,0
2011-05-16 11:00:00,-1.0627034,0,0
2011-05-16 12:00:00,-1.0016624,0,0
2011-05-16 13:00:00,-0.95796216,0,0
2011-05-16 14:00:00,-0.9213391,0,0
2011-05-16 15:00:00,-0.92534447,0,0
2011-05-16 16:00:00,-0.9316739,0,0
2011-05-16 17:00:00,-0.95311636,0,0
2011-05-16 18:00:00,-1.1107451,0,0
2011-05-16 19:00:00,-1.1720676,0,0
2011-05-16 20:00:00,-1.2533122,0,0
2011-05-16 21:00:00,-1.3020164,0,0
2011-05-16 22:00:00,-1.3745214,0,0
2011-05-16 23:00:00,-1.3919536,0,0
2011-05-17 00:00:00,-1.4980493,0,0
2011-05-17 01:00:00,-1.5968918,0,0
2011-05-17 02:00:00,-1.6640733,0,0
2011-05-17 03:00:00,-1.732523,0,0
2011-05-17 04:00:00,-1.7907943,0,0
2011-05-17 05:00:00,-1.8227004,0,0
2011-05-17 06:00:00,-1.9580122,0,0
2011-05-17 07:00:00,-1.9541329,0,0
2011-05-17 08:00:00,-1.9535264,0,0
2011-05-17 09:00:00,-1.5677063,0,0
2011-05-17 10:00:00,-1.2086552,0,0
2011-05-17 11:00:00,-0.9893671,0,0
2011-05-17 12:00:00,-0.8080345,0,0
2011-05-17 13:00:00,-0.6637256,0,0
2011-05-17 14:00:00,-0.6578046,0,0
2011-05-17 15:00:00,-0.6784957,0,0
2011-05-17 16:00:00,-0.7386437,0,0
2011-05-17 17:00:00,-0.60075945,0,0
2011-05-17 18:00:00,-0.7323204,0,0
2011-05-17 19:00:00,-0.8695969,0,0
2011-05-17 20:00:00,-0.9937313,0,0
2011-05-17 21:00:00,-1.2217293,0,0
2011-05-17 22:00:00,-1.4215567,0,0
2011-05-17 23:00:00,-1.6195041,0,0
2011-05-18 00:00:00,-1.9115304,0,0
2011-05-18 01:00:00,-2.1494372,0,0
2011-05-18 02:00:00,-2.2592633,0,0
2011-05-18 03:00:00,-2.2204561,0,0
2011-05-18 04:00:00,-2.1983674,0,0
2011-05-18 05:00:00,-2.2874646,0,0
2011-05-18 06:00:00,-2.2830257,0,0
2011-05-18 07:00:00,-2.238451,0,0
2011-05-18 08:00:00,-2.186063,0,0
2011-05-18 09:00:00,-1.946905,0,0
2011-05-18 10:00:00,-1.5963328,0,0
2011-05-18 11:00:00,-1.1955875,0,0
2011-05-18 12:00:00,-0.93393654,0,0
2011-05-18 13:00:00,-0.76807845,0,0
2011-05-18 14:00:00,-0.6331728,0,0
2011-05-18 15:00:00,-0.6200085,0,0
2011-05-18 16:00:00,-0.6807491,0,0
2011-05-18 17:00:00,-0.8181468,0,0
2011-05-18 18:00:00,-0.99652153,0,0
2011-05-18 19:00:00,-1.1254146,0,0
2011-05-18 20:00:00,-1.2524277,0,0
2011-05-18 21:00:00,-1.3807088,0,0
2011-05-18 22:00:00,-1.5086012,0,0
2011-05-18 23:00:00,-1.5863503,0,0
2011-05-19 00:00:00,-1.6842389,0,0
2011-05-19 01:00:00,-1.7417741,0,0
2011-05-19 02:00:00,-1.7634963,0,0
2011-05-19 03:00:00,-1.7768731,0,0
2011-05-19 04:00:00,-1.7670089,0,0
2011-05-19 05:00:00,-1.8054549,0,0
2011-05-19 06:00:00,-1.8286959,0,0
2011-05-19 07:00:00,-1.869929,0,0
2011-05-19 08:00:00,-1.8440822,0,0
2011-05-19 09:00:00,-1.5544248,0,0
2011-05-19 10:00:00,-1.1818553,0,0
2011-05-19 11:00:00,-0.8384051,0,0
2011-05-19 12:00:00,-0.61925024,0,0
2011-05-19 13:00:00,-0.47879788,0,0
2011-05-19 14:00:00,-0.42854768,0,0
2011-05-19 15:00:00,-0.39476347,0,0
2011-05-19 16:00:00,-0.455675,0,0
2011-05-19 17:00:00,-0.6168735,0,0
2011-05-19 18:00:00,-0.86193913,0,0
2011-05-19 19:00:00,-1.042415,0,0
2011-05-19 20:00:00,-1.1589073,0,0
2011-05-19 21:00:00,-1.2352171,0,0
2011-05-19 22:00:00,-1.3202195,0,0
2011-05-19 23:00:00,-1.363989,0,0
2011-05-20 00:00:00,-1.4579018,0,0
2011-05-20 01:00:00,-1.5263516,0,0
2011-05-20 02:00:00,-1.5768095,0,0
2011-05-20 03:00:00,-1.5773002,0,0
2011-05-20 04:00:00,-1.5699775,0,0
2011-05-20 05:00:00,-1.5312066,0,0
2011-05-20 06:00:00,-1.567505,0,0
2011-05-20 07:00:00,-1.6274331,0,0
2011-05-20 08:00:00,-1.6297569,0,0
2011-05-20 09:00:00,-1.3944364,0,0
2011-05-20 10:00:00,-1.0502657,0,0
2011-05-20 11:00:00,-0.73005664,0,0
2011-05-20 12:00:00,-0.4578382,0,0
2011-05-20 13:00:00,-0.27074316,0,0
2011-05-20 14:00:00,-0.12072926,0,0
2011-05-20 15:00:00,-0.04566536,0,0
2011-05-20 16:00:00,-0.07897139,0,0
2011-05-20 17:00:00,-0.28559124,0,0
2011-05-20 18:00:00,-0.57953197,0,0
2011-05-20 19:00:00,-0.763498,0,0
2011-05-20 20:00:00,-0.9386503,0,0
2011-05-20 21:00:00,-1.0547487,0,0
2011-05-20 22:00:00,-1.1475315,0,0
2011-05-20 23:00:00,-1.2417538,0,0
2011-05-21 00:00:00,-1.3154474,1,0
2011-05-21 01:00:00,-1.3775233,1,0
2011-05-21 02:00:00,-1.4236115,1,0
2011-05-21 03:00:00,-1.4607892,1,0
2011-05-21 04:00:00,-1.4956483,1,0
2011-05-21 05:00:00,-1.501915,1,0
2011-05-21 06:00:00,-1.5087743,1,0
2011-05-21 07:00:00,-1.5138057,1,0
2011-05-21 08:00:00,-1.4620106,1,0
2011-05-21 09:00:00,-1.1816523,1,0
2011-05-21 10:00:00,-0.798035,1,0
2011-05-21 11:00:00,-0.41719463,1,0
2011-05-21 12:00:00,-0.07875869,1,0
2011-05-21 13:00:00,0.1956939,1,0
2011-05-21 14:00:00,0.37540916,1,0
2011-05-21 15:00:00,0.45916054,1,0
2011-05-21 16:00:00,0.4044517,1,0
2011-05-21 17:00:00,0.12886032,1,0
2011-05-21 18:00:00,-0.053884212,1,0
2011-05-21 19:00:00,-0.17076531,1,0
2011-05-21 20:00:00,-0.24768157,1,0
2011-05-21 21:00:00,-0.2738479,1,0
2011-05-21 22:00:00,-0.28346676,1,0
2011-05-21 23:00:00,-0.26603988,1,0
2011-05-22 00:00:00,-0.27224287,1,0
2011-05-22 01:00:00,-0.309495,1,0
2011-05-22 02:00:00,-0.33273605,1,0
2011-05-22 03:00:00,-0.32111806,1,0
2011-05-22 04:00:00,-0.3243906,1,0
2011-05-22 05:00:00,-0.31618342,1,0
2011-05-22 06:00:00,-0.31596553,1,0
2011-05-22 07:00:00,-0.32504702,1,0
2011-05-22 08:00:00,-0.31032756,1,0
2011-05-22 09:00:00,-0.20894864,1,0
2011-05-22 10:00:00,-0.027940832,1,0
2011-05-22 11:00:00,0.23025121,1,0
2011-05-22 12:00:00,0.44534066,1,0
2011-05-22 13:00:00,0.59159124,1,0
2011-05-22 14:00:00,0.6083374,1,0
2011-05-22 15:00:00,0.5487355,1,0
2011-05-22 16:00:00,0.4520527,1,0
2011-05-22 17:00:00,0.3983152,1,0
2011-05-22 18:00:00,0.2959306,1,0
2011-05-22 19:00:00,0.25901535,1,0
2011-05-22 20:00:00,0.2704571,1,0
2011-05-22 21:00:00,0.29439613,1,0
2011-05-22 22:00:00,0.26644328,1,0
2011-05-22 23:00:00,0.22377117,1,0
2011-05-23 00:00:00,0.17402175,0,0
2011-05-23 01:00:00,0.10391483,0,0
2011-05-23 02:00:00,-0.013228728,0,0
2011-05-23 03:00:00,-0.13928288,0,0
2011-05-23 04:00:00,-0.19572067,0,0
2011-05-23 05:00:00,-0.36278483,0,0
2011-05-23 06:00:00,-0.41690403,0,0
2011-05-23 07:00:00,-0.43067473,0,0
2011-05-23 08:00:00,-0.41046605,0,0
2011-05-23 09:00:00,-0.29652047,0,0
2011-05-23 10:00:00,-0.16291572,0,0
2011-05-23 11:00:00,-0.25764072,0,0
2011-05-23 12:00:00,-0.291259,0,0
2011-05-23 13:00:00,-0.1984017,0,0
2011-05-23 14:00:00,-0.20762143,0,0
2011-05-23 15:00:00,-0.29570985,0,0
2011-05-23 16:00:00,-0.41031176,0,0
2011-05-23 17:00:00,-0.53117377,0,0
2011-05-23 18:00:00,-0.696142,0,0
2011-05-23 19:00:00,-0.80587167,0,0
2011-05-23 20:00:00,-0.8425691,0,0
2011-05-23 21:00:00,-0.9201002,0,0
2011-05-23 22:00:00,-0.96858674,0,0
2011-05-23 23:00:00,-1.045553,0,0
2011-05-24 00:00:00,-1.2171304,0,0
2011-05-24 01:00:00,-1.3222672,0,0
2011-05-24 02:00:00,-1.4224746,0,0
2011-05-24 03:00:00,-1.4671234,0,0
2011-05-24 04:00:00,-1.4670542,0,0
2011-05-24 05:00:00,-1.3663939,0,0
2011-05-24 06:00:00,-1.3694539,0,0
2011-05-24 07:00:00,-1.366501,0,0
2011-05-24 08:00:00,-1.2420399,0,0
2011-05-24 09:00:00,-1.1389765,0,0
2011-05-24 10:00:00,-1.0707614,0,0
2011-05-24 11:00:00,-1.0350298,0,0
2011-05-24 12:00:00,-0.9393559,0,0
2011-05-24 13:00:00,-0.9078835,0,0
2011-05-24 14:00:00,-0.97042245,0,0
2011-05-24 15:00:00,-0.9880999,0,0
2011-05-24 16:00:00,-1.0278816,0,0
2011-05-24 17:00:00,-1.3789465,0,0
2011-05-24 18:00:00,-1.4389267,0,0
2011-05-24 19:00:00,-1.4916116,0,0
2011-05-24 20:00:00,-1.4959866,0,0
2011-05-24 21:00:00,-1.5194038,0,0
2011-05-24 22:00:00,-1.5702558,0,0
2011-05-24 23:00:00,-1.6059942,0,0
2011-05-25 00:00:00,-1.6439545,0,0
2011-05-25 01:00:00,-1.7258556,0,0
2011-05-25 02:00:00,-1.7852238,0,0
2011-05-25 03:00:00,-1.8545531,0,0
2011-05-25 04:00:00,-1.905576,0,0
2011-05-25 05:00:00,-1.8766797,0,0
2011-05-25 06:00:00,-1.8400892,0,0
2011-05-25 07:00:00,-1.8602289,0,0
2011-05-25 08:00:00,-1.8178295,0,0
2011-05-25 09:00:00,-1.6033794,0,0
2011-05-25 10:00:00,-1.4738643,0,0
2011-05-25 11:00:00,-1.370937,0,0
2011-05-25 12:00:00,-1.3260652,0,0
2011-05-25 13:00:00,-1.3022815,0,0
2011-05-25 14:00:00,-1.3364217,0,0
2011-05-25 15:00:00,-1.3849394,0,0
2011-05-25 16:00:00,-1.4549965,0,0
2011-05-25 17:00:00,-1.4201082,0,0
2011-05-25 18:00:00,-1.5368181,0,0
2011-05-25 19:00:00,-1.5952207,0,0
2011-05-25 20:00:00,-1.6012578,0,0
2011-05-25 21:00:00,-1.5364054,0,0
2011-05-25 22:00:00,-1.4944744,0,0
2011-05-25 23:00:00,-1.486134,0,0
2011-05-26 00:00:00,-1.4979281,0,0
2011-05-26 01:00:00,-1.5033482,0,0
2011-05-26 02:00:00,-1.523659,0,0
2011-05-26 03:00:00,-1.5768987,0,0
2011-05-26 04:00:00,-1.6293555,0,0
2011-05-26 05:00:00,-1.7788218,0,0
2011-05-26 06:00:00,-1.8176565,0,0
2011-05-26 07:00:00,-1.8895966,0,0
2011-05-26 08:00:00,-1.9064691,0,0
2011-05-26 09:00:00,-1.6901855,0,0
2011-05-26 10:00:00,-1.491889,0,0
2011-05-26 11:00:00,-1.2205031,0,0
2011-05-26 12:00:00,-1.0539762,0,0
2011-05-26 13:00:00,-1.0412923,0,0
2011-05-26 14:00:00,-1.0235062,0,0
2011-05-26 15:00:00,-1.0267667,0,0
2011-05-26 16:00:00,-0.9955345,0,0
2011-05-26 17:00:00,-1.0883054,0,0
2011-05-26 18:00:00,-1.2296045,0,0
2011-05-26 19:00:00,-1.3210275,0,0
2011-05-26 20:00:00,-1.374981,0,0
2011-05-26 21:00:00,-1.4058642,0,0
2011-05-26 22:00:00,-1.4492449,0,0
2011-05-26 23:00:00,-1.4134371,0,0
2011-05-27 00:00:00,-1.3937883,0,0
2011-05-27 01:00:00,-1.390127,0,0
2011-05-27 02:00:00,-1.5034657,0,0
2011-05-27 03:00:00,-1.6187814,0,0
2011-05-27 04:00:00,-1.7255754,0,0
2011-05-27 05:00:00,-1.7027973,0,0
2011-05-27 06:00:00,-1.7770509,0,0
2011-05-27 07:00:00,-1.7993381,0,0
2011-05-27 08:00:00,-1.7424371,0,0
2011-05-27 09:00:00,-1.576909,0,0
2011-05-27 10:00:00,-1.3257717,0,0
2011-05-27 11:00:00,-1.0873721,0,0
2011-05-27 12:00:00,-0.98581696,0,0
2011-05-27 13:00:00,-0.88101697,0,0
2011-05-27 14:00:00,-0.7409692,0,0
2011-05-27 15:00:00,-0.750125,0,0
2011-05-27 16:00:00,-0.80270314,0,0
2011-05-27 17:00:00,-0.831052,0,0
2011-05-27 18:00:00,-1.0182904,0,0
2011-05-27 19:00:00,-1.1515064,0,0
2011-05-27 20:00:00,-1.214536,0,0
2011-05-27 21:00:00,-1.2158042,0,0
2011-05-27 22:00:00,-1.2524966,0,0
2011-05-27 23:00:00,-1.3496767,0,0
2011-05-28 00:00:00,-1.409216,1,0
2011-05-28 01:00:00,-1.3926685,1,0
2011-05-28 02:00:00,-1.4469588,1,0
2011-05-28 03:00:00,-1.6291362,1,0
2011-05-28 04:00:00,-1.7373747,1,0
2011-05-28 05:00:00,-1.767522,1,0
2011-05-28 06:00:00,-1.8871604,1,0
2011-05-28 07:00:00,-1.990858,1,0
2011-05-28 08:00:00,-1.9913486,1,0
2011-05-28 09:00:00,-1.4315686,1,0
2011-05-28 10:00:00,-1.2724438,1,0
2011-05-28 11:00:00,-1.1759095,1,0
2011-05-28 12:00:00,-1.041192,1,0
2011-05-28 13:00:00,-0.9452506,1,0
2011-05-28 14:00:00,-0.89176553,1,0
2011-05-28 15:00:00,-0.8611276,1,0
2011-05-28 16:00:00,-0.88832223,1,0
2011-05-28 17:00:00,-0.96176076,1,0
2011-05-28 18:00:00,-1.1442012,1,0
2011-05-28 19:00:00,-1.3432444,1,0
2011-05-28 20:00:00,-1.4236114,1,0
2011-05-28 21:00:00,-1.4697046,1,0
2011-05-28 22:00:00,-1.5245374,1,0
2011-05-28 23:00:00,-1.58374,1,0
2011-05-29 00:00:00,-1.6265606,1,0
2011-05-29 01:00:00,-1.616774,1,0
2011-05-29 02:00:00,-1.7428812,1,0
2011-05-29 03:00:00,-1.7978555,1,0
2011-05-29 04:00:00,-1.8562976,1,0
2011-05-29 05:00:00,-1.8202913,1,0
2011-05-29 06:00:00,-1.8302522,1,0
2011-05-29 07:00:00,-1.8654534,1,0
2011-05-29 08:00:00,-1.8957249,1,0
2011-05-29 09:00:00,-1.592839,1,0
2011-05-29 10:00:00,-1.2010524,1,0
2011-05-29 11:00:00,-1.0018988,1,0
2011-05-29 12:00:00,-0.84131235,1,0
2011-05-29 13:00:00,-0.75821215,1,0
2011-05-29 14:00:00,-0.6734499,1,0
2011-05-29 15:00:00,-0.80778927,1,0
2011-05-29 16:00:00,-0.90965056,1,0
2011-05-29 17:00:00,-0.98652726,1,0
2011-05-29 18:00:00,-1.1978416,1,0
2011-05-29 19:00:00,-1.3569146,1,0
2011-05-29 20:00:00,-1.5502298,1,0
2011-05-29 21:00:00,-1.7046307,1,0
2011-05-29 22:00:00,-1.9258658,1,0
2011-05-29 23:00:00,-2.0522447,1,0
2011-05-30 00:00:00,-2.1657324,0,0
2011-05-30 01:00:00,-2.2099924,0,0
2011-05-30 02:00:00,-2.3509197,0,0
2011-05-30 03:00:00,-2.396059,0,0
2011-05-30 04:00:00,-2.4359496,0,0
2011-05-30 05:00:00,-2.4058144,0,0
2011-05-30 06:00:00,-2.3340058,0,0
2011-05-30 07:00:00,-2.136091,0,0
2011-05-30 08:00:00,-2.1028922,0,0
2011-05-30 09:00:00,-1.9168264,0,0
2011-05-30 10:00:00,-1.6743817,0,0
2011-05-30 11:00:00,-1.3794076,0,0
2011-05-30 12:00:00,-1.1789478,0,0
2011-05-30 13:00:00,-1.0714247,0,0
2011-05-30 14:00:00,-1.0767795,0,0
2011-05-30 15:00:00,-1.111796,0,0
2011-05-30 16:00:00,-1.1445093,0,0
2011-05-30 17:00:00,-1.2125604,0,0
2011-05-30 18:00:00,-1.3210565,0,0
2011-05-30 19:00:00,-1.3682299,0,0
2011-05-30 20:00:00,-1.4369823,0,0
2011-05-30 21:00:00,-1.4918894,0,0
2011-05-30 22:00:00,-1.5756235,0,0
2011-05-30 23:00:00,-1.6977019,0,0
2011-05-31 00:00:00,-1.8807588,0,0
2011-05-31 01:00:00,-2.1266968,0,0
2011-05-31 02:00:00,-2.3423183,0,0
2011-05-31 03:00:00,-2.3507748,0,0
2011-05-31 04:00:00,-2.5490744,0,0
2011-05-31 05:00:00,-2.9617977,0,0
2011-05-31 06:00:00,-3.060296,0,0
2011-05-31 07:00:00,-2.9951982,0,0
2011-05-31 08:00:00,-2.8977313,0,0
2011-05-31 09:00:00,-2.6658072,0,0
2011-05-31 10:00:00,-2.4122527,0,0
2011-05-31 11:00:00,-2.1160207,0,0
2011-05-31 12:00:00,-1.7236534,0,0
2011-05-31 13:00:00,-1.4255385,0,0
2011-05-31 14:00:00,-1.1556407,0,0
2011-05-31 15:00:00,-1.0269624,0,0
2011-05-31 16:00:00,-1.0398972,0,0
2011-05-31 17:00:00,-1.157824,0,0
2011-05-31 18:00:00,-1.4636061,0,0
2011-05-31 19:00:00,-1.6285508,0,0
2011-05-31 20:00:00,-1.7769287,0,0
2011-05-31 21:00:00,-2.3187008,0,0
2011-05-31 22:00:00,-2.7832093,0,0
2011-05-31 23:00:00,-3.0185053,0,0
2011-06-01 00:00:00,-3.132872,0,0
2011-06-01 01:00:00,-3.1965413,0,0
2011-06-01 02:00:00,-3.279807,0,0
2011-06-01 03:00:00,-3.2996545,0,0
2011-06-01 04:00:00,-3.2773948,0,0
2011-06-01 05:00:00,-3.2905536,0,0
2011-06-01 06:00:00,-3.250867,0,0
2011-06-01 07:00:00,-3.2197485,0,0
2011-06-01 08:00:00,-3.1777432,0,0
2011-06-01 09:00:00,-2.6173463,0,0
2011-06-01 10:00:00,-2.1141403,0,0
2011-06-01 11:00:00,-1.620887,0,0
2011-06-01 12:00:00,-1.1594605,0,0
2011-06-01 13:00:00,-0.76153195,0,0
2011-06-01 14:00:00,-0.4817529,0,0
2011-06-01 15:00:00,-0.33977717,0,0
2011-06-01 16:00:00,-0.3063474,0,0
2011-06-01 17:00:00,-0.5828064,0,0
2011-06-01 18:00:00,-0.87027687,0,0
2011-06-01 19:00:00,-1.0966005,0,0
2011-06-01 20:00:00,-1.3673642,0,0
2011-06-01 21:00:00,-1.7147279,0,0
2011-06-01 22:00:00,-2.0242553,0,0
2011-06-01 23:00:00,-2.251984,0,0
2011-06-02 00:00:00,-2.4522498,0,0
2011-06-02 01:00:00,-2.563904,0,0
2011-06-02 02:00:00,-2.6010594,0,0
2011-06-02 03:00:00,-2.5723064,0,0
2011-06-02 04:00:00,-2.4892166,0,0
2011-06-02 05:00:00,-2.4208217,0,0
2011-06-02 06:00:00,-2.3488126,0,0
2011-06-02 07:00:00,-2.2726517,0,0
2011-06-02 08:00:00,-2.169982,0,0
2011-06-02 09:00:00,-1.7537295,0,0
2011-06-02 10:00:00,-1.1750158,0,0
2011-06-02 11:00:00,-0.7419757,0,0
2011-06-02 12:00:00,-0.47104788,0,0
2011-06-02 13:00:00,-0.31595072,0,0
2011-06-02 14:00:00,-0.230698,0,0
2011-06-02 15:00:00,-0.20144929,0,0
2011-06-02 16:00:00,-0.27890822,0,0
2011-06-02 17:00:00,-0.5279914,0,0
2011-06-02 18:00:00,-0.7696412,0,0
2011-06-02 19:00:00,-0.9421603,0,0
2011-06-02 20:00:00,-1.050696,0,0
2011-06-02 21:00:00,-1.1257374,0,0
2011-06-02 22:00:00,-1.1742655,0,0
2011-06-02 23:00:00,-1.1911325,0,0
2011-06-03 00:00:00,-1.1901788,0,0
2011-06-03 01:00:00,-1.1870773,0,0
2011-06-03 02:00:00,-1.226477,0,0
2011-06-03 03:00:00,-1.2368267,0,0
2011-06-03 04:00:00,-1.2898488,0,0
2011-06-03 05:00:00,-1.3272443,0,0
2011-06-03 06:00:00,-1.3241428,0,0
2011-06-03 07:00:00,-1.325582,0,0
2011-06-03 08:00:00,-1.2644825,0,0
2011-06-03 09:00:00,-1.1238798,0,0
2011-06-03 10:00:00,-0.96768373,0,0
2011-06-03 11:00:00,-0.82691014,0,0
2011-06-03 12:00:00,-0.6208471,0,0
2011-06-03 13:00:00,-0.47106808,0,0
2011-06-03 14:00:00,-0.35334402,0,0
2011-06-03 15:00:00,-0.24295805,0,0
2011-06-03 16:00:00,-0.22695309,0,0
2011-06-03 17:00:00,-0.37644902,0,0
2011-06-03 18:00:00,-0.5495279,0,0
2011-06-03 19:00:00,-0.716015,0,0
2011-06-03 20:00:00,-0.78834385,0,0
2011-06-03 21:00:00,-0.86155224,0,0
2011-06-03 22:00:00,-0.9276833,0,0
2011-06-03 23:00:00,-0.97909486,0,0
2011-06-04 00:00:00,-1.0126858,1,0
2011-06-04 01:00:00,-1.0301179,1,0
2011-06-04 02:00:00,-1.0817006,1,0
2011-06-04 03:00:00,-1.1332834,1,0
2011-06-04 04:00:00,-1.1781031,1,0
2011-06-04 05:00:00,-1.3442223,1,0
2011-06-04 06:00:00,-1.4636846,1,0
2011-06-04 07:00:00,-1.6060735,1,0
2011-06-04 08:00:00,-1.714877,1,0
2011-06-04 09:00:00,-1.5440252,1,0
2011-06-04 10:00:00,-1.3375609,1,0
2011-06-04 11:00:00,-1.1424798,1,0
2011-06-04 12:00:00,-1.1030521,1,0
2011-06-04 13:00:00,-1.1527755,1,0
2011-06-04 14:00:00,-1.1817187,1,0
2011-06-04 15:00:00,-1.176905,1,0
2011-06-04 16:00:00,-1.1716164,1,0
2011-06-04 17:00:00,-1.149357,1,0
2011-06-04 18:00:00,-1.3724604,1,0
2011-06-04 19:00:00,-1.5634619,1,0
2011-06-04 20:00:00,-1.7812864,1,0
2011-06-04 21:00:00,-1.937664,1,0
2011-06-04 22:00:00,-2.0260823,1,0
2011-06-04 23:00:00,-2.098513,1,0
2011-06-05 00:00:00,-2.1651347,1,0
2011-06-05 01:00:00,-2.221578,1,0
2011-06-05 02:00:00,-2.261297,1,0
2011-06-05 03:00:00,-2.298086,1,0
2011-06-05 04:00:00,-2.3272326,1,0
2011-06-05 05:00:00,-2.32476,1,0
2011-06-05 06:00:00,-2.3839052,1,0
2011-06-05 07:00:00,-2.4250588,1,0
2011-06-05 08:00:00,-2.416074,1,0
2011-06-05 09:00:00,-2.2276192,1,0
2011-06-05 10:00:00,-1.9348084,1,0
2011-06-05 11:00:00,-1.6473105,1,0
2011-06-05 12:00:00,-1.4502718,1,0
2011-06-05 13:00:00,-1.4274093,1,0
2011-06-05 14:00:00,-1.3404248,1,0
2011-06-05 15:00:00,-1.309051,1,0
2011-06-05 16:00:00,-1.3375986,1,0
2011-06-05 17:00:00,-1.5954657,1,0
2011-06-05 18:00:00,-1.6386254,1,0
2011-06-05 19:00:00,-1.5968966,1,0
2011-06-05 20:00:00,-1.5049567,1,0
2011-06-05 21:00:00,-1.7543575,1,0
2011-06-05 22:00:00,-1.991181,1,0
2011-06-05 23:00:00,-2.168087,1,0
2011-06-06 00:00:00,-2.2825284,0,0
2011-06-06 01:00:00,-2.413054,0,0
2011-06-06 02:00:00,-2.5497775,0,0
2011-06-06 03:00:00,-2.6570618,0,0
2011-06-06 04:00:00,-2.7411106,0,0
2011-06-06 05:00:00,-2.9084616,0,0
2011-06-06 06:00:00,-2.9481807,0,0
2011-06-06 07:00:00,-3.0171213,0,0
2011-06-06 08:00:00,-3.0555723,0,0
2011-06-06 09:00:00,-2.798775,0,0
2011-06-06 10:00:00,-2.4570088,0,0
2011-06-06 11:00:00,-2.1874237,0,0
2011-06-06 12:00:00,-2.0294182,0,0
2011-06-06 13:00:00,-1.9492882,0,0
2011-06-06 14:00:00,-1.9324628,0,0
2011-06-06 15:00:00,-1.9361656,0,0
2011-06-06 16:00:00,-1.9252908,0,0
2011-06-06 17:00:00,-1.9335105,0,0
2011-06-06 18:00:00,-2.004314,0,0
2011-06-06 19:00:00,-2.0869062,0,0
2011-06-06 20:00:00,-2.2497373,0,0
2011-06-06 21:00:00,-2.2704089,0,0
2011-06-06 22:00:00,-2.414066,0,0
2011-06-06 23:00:00,-2.5564551,0,0
2011-06-07 00:00:00,-2.6436,0,0
2011-06-07 01:00:00,-2.7750742,0,0
2011-06-07 02:00:00,-2.8799608,0,0
2011-06-07 03:00:00,-2.9543576,0,0
2011-06-07 04:00:00,-2.9775193,0,0
2011-06-07 05:00:00,-2.9658217,0,0
2011-06-07 06:00:00,-2.9557397,0,0
2011-06-07 07:00:00,-2.9106278,0,0
2011-06-07 08:00:00,-2.834717,0,0
2011-06-07 09:00:00,-2.6369042,0,0
2011-06-07 10:00:00,-2.3555715,0,0
2011-06-07 11:00:00,-2.114777,0,0
2011-06-07 12:00:00,-2.1621025,0,0
2011-06-07 13:00:00,-2.3314352,0,0
2011-06-07 14:00:00,-2.405822,0,0
2011-06-07 15:00:00,-2.574092,0,0
2011-06-07 16:00:00,-2.6245067,0,0
2011-06-07 17:00:00,-2.8255594,0,0
2011-06-07 18:00:00,-2.944056,0,0
2011-06-07 19:00:00,-2.9648502,0,0
2011-06-07 20:00:00,-2.9894443,0,0
2011-06-07 21:00:00,-3.0726137,0,0
2011-06-07 22:00:00,-3.0940263,0,0
2011-06-07 23:00:00,-3.165189,0,0
2011-06-08 00:00:00,-3.1320937,0,0
2011-06-08 01:00:00,-3.1168146,0,0
2011-06-08 02:00:00,-3.1324186,0,0
2011-06-08 03:00:00,-3.112604,0,0
2011-06-08 04:00:00,-3.078944,0,0
2011-06-08 05:00:00,-3.0598273,0,0
2011-06-08 06:00:00,-3.04328,0,0
2011-06-08 07:00:00,-3.0663033,0,0
2011-06-08 08:00:00,-2.9736738,0,0
2011-06-08 09:00:00,-2.7654786,0,0
2011-06-08 10:00:00,-2.5829988,0,0
2011-06-08 11:00:00,-2.386003,0,0
2011-06-08 12:00:00,-2.1510937,0,0
2011-06-08 13:00:00,-2.0193393,0,0
2011-06-08 14:00:00,-2.028713,0,0
2011-06-08 15:00:00,-1.9991723,0,0
2011-06-08 16:00:00,-2.026372,0,0
2011-06-08 17:00:00,-2.0867877,0,0
2011-06-08 18:00:00,-2.140074,0,0
2011-06-08 19:00:00,-2.1864545,0,0
2011-06-08 20:00:00,-2.2041044,0,0
2011-06-08 21:00:00,-2.2308357,0,0
2011-06-08 22:00:00,-2.2308357,0,0
2011-06-08 23:00:00,-2.213547,0,0
2011-06-09 00:00:00,-2.2197447,0,0
2011-06-09 01:00:00,-2.2122736,0,0
2011-06-09 02:00:00,-2.225725,0,0
2011-06-09 03:00:00,-2.189741,0,0
2011-06-09 04:00:00,-2.1579833,0,0
2011-06-09 05:00:00,-2.0729914,0,0
2011-06-09 06:00:00,-2.0514126,0,0
2011-06-09 07:00:00,-2.011795,0,0
2011-06-09 08:00:00,-1.9702526,0,0
2011-06-09 09:00:00,-1.8425364,0,0
2011-06-09 10:00:00,-1.7525525,0,0
2011-06-09 11:00:00,-1.6660535,0,0
2011-06-09 12:00:00,-1.603532,0,0
2011-06-09 13:00:00,-1.5374233,0,0
2011-06-09 14:00:00,-1.474022,0,0
2011-06-09 15:00:00,-1.4875945,0,0
2011-06-09 16:00:00,-1.5392982,0,0
2011-06-09 17:00:00,-1.5355059,0,0
2011-06-09 18:00:00,-1.6571506,0,0
2011-06-09 19:00:00,-1.6777309,0,0
2011-06-09 20:00:00,-1.7827765,0,0
2011-06-09 21:00:00,-1.8372896,0,0
2011-06-09 22:00:00,-1.8398311,0,0
2011-06-09 23:00:00,-1.8730799,0,0
2011-06-10 00:00:00,-1.8675905,0,0
2011-06-10 01:00:00,-1.7907209,0,0
2011-06-10 02:00:00,-1.8057876,0,0
2011-06-10 03:00:00,-1.8277605,0,0
2011-06-10 04:00:00,-1.8344488,0,0
2011-06-10 05:00:00,-1.7919528,0,0
2011-06-10 06:00:00,-1.8077228,0,0
2011-06-10 07:00:00,-1.8077228,0,0
2011-06-10 08:00:00,-1.8741958,0,0
2011-06-10 09:00:00,-1.7042979,0,0
2011-06-10 10:00:00,-1.492498,0,0
2011-06-10 11:00:00,-1.5182894,0,0
2011-06-10 12:00:00,-1.4999259,0,0
2011-06-10 13:00:00,-1.4038084,0,0
2011-06-10 14:00:00,-1.3851824,0,0
2011-06-10 15:00:00,-1.3989308,0,0
2011-06-10 16:00:00,-1.4371835,0,0
2011-06-10 17:00:00,-1.3611141,0,0
2011-06-10 18:00:00,-1.5025842,0,0
2011-06-10 19:00:00,-1.5702064,0,0
2011-06-10 20:00:00,-1.6407073,0,0
2011-06-10 21:00:00,-1.7362771,0,0
2011-06-10 22:00:00,-1.841808,0,0
2011-06-10 23:00:00,-1.870687,0,0
2011-06-11 00:00:00,-1.9358642,1,0
2011-06-11 01:00:00,-1.937623,1,0
2011-06-11 02:00:00,-1.9513887,1,0
2011-06-11 03:00:00,-1.9407417,1,0
2011-06-11 04:00:00,-1.9784793,1,0
2011-06-11 05:00:00,-1.9621875,1,0
2011-06-11 06:00:00,-2.127327,1,0
2011-06-11 07:00:00,-2.191236,1,0
2011-06-11 08:00:00,-2.0408893,1,0
2011-06-11 09:00:00,-1.7961462,1,0
2011-06-11 10:00:00,-1.4090469,1,0
2011-06-11 11:00:00,-1.2746663,1,0
2011-06-11 12:00:00,-1.231441,1,0
2011-06-11 13:00:00,-1.1778661,1,0
2011-06-11 14:00:00,-1.1541814,1,0
2011-06-11 15:00:00,-1.1151257,1,0
2011-06-11 16:00:00,-1.0824542,1,0
2011-06-11 17:00:00,-1.1951438,1,0
2011-06-11 18:00:00,-1.2828938,1,0
2011-06-11 19:00:00,-1.292815,1,0
2011-06-11 20:00:00,-1.3822668,1,0
2011-06-11 21:00:00,-1.4972731,1,0
2011-06-11 22:00:00,-1.6269938,1,0
2011-06-11 23:00:00,-1.8383921,1,0
2011-06-12 00:00:00,-1.9303771,1,0
2011-06-12 01:00:00,-1.9958069,1,0
2011-06-12 02:00:00,-2.1861174,1,0
2011-06-12 03:00:00,-2.3129573,1,0
2011-06-12 04:00:00,-2.2426825,1,0
2011-06-12 05:00:00,-2.1572742,1,0
2011-06-12 06:00:00,-2.031688,1,0
2011-06-12 07:00:00,-1.9898485,1,0
2011-06-12 08:00:00,-2.0171895,1,0
2011-06-12 09:00:00,-2.011961,1,0
2011-06-12 10:00:00,-1.6828616,1,0
2011-06-12 11:00:00,-1.4907577,1,0
2011-06-12 12:00:00,-1.296729,1,0
2011-06-12 13:00:00,-1.1511762,1,0
2011-06-12 14:00:00,-1.0779991,1,0
2011-06-12 15:00:00,-1.1204921,1,0
2011-06-12 16:00:00,-1.1292664,1,0
2011-06-12 17:00:00,-1.2083236,1,0
2011-06-12 18:00:00,-1.3371251,1,0
2011-06-12 19:00:00,-1.402776,1,0
2011-06-12 20:00:00,-1.4760637,1,0
2011-06-12 21:00:00,-1.589237,1,0
2011-06-12 22:00:00,-1.6907867,1,0
2011-06-12 23:00:00,-1.7534274,1,0
2011-06-13 00:00:00,-1.8224373,0,1
2011-06-13 01:00:00,-1.7876798,0,1
2011-06-13 02:00:00,-1.84634,0,1
2011-06-13 03:00:00,-1.8177805,0,1
2011-06-13 04:00:00,-1.8580596,0,1
2011-06-13 05:00:00,-1.9537488,0,1
2011-06-13 06:00:00,-1.9987864,0,1
2011-06-13 07:00:00,-2.0786834,0,1
2011-06-13 08:00:00,-2.0988228,0,1
2011-06-13 09:00:00,-1.9799426,0,1
2011-06-13 10:00:00,-1.7179526,0,1
2011-06-13 11:00:00,-1.5915858,0,1
2011-06-13 12:00:00,-1.449962,0,1
2011-06-13 13:00:00,-1.3637673,0,1
2011-06-13 14:00:00,-1.3267174,0,1
2011-06-13 15:00:00,-1.3230011,0,1
2011-06-13 16:00:00,-1.3023363,0,1
2011-06-13 17:00:00,-1.3360193,0,1
2011-06-13 18:00:00,-1.4631637,0,1
2011-06-13 19:00:00,-1.5501256,0,1
2011-06-13 20:00:00,-1.5888741,0,1
2011-06-13 21:00:00,-1.6479332,0,1
2011-06-13 22:00:00,-1.6684667,0,1
2011-06-13 23:00:00,-1.7002294,0,1
2011-06-14 00:00:00,-1.6747714,0,0
2011-06-14 01:00:00,-1.6314926,0,0
2011-06-14 02:00:00,-1.6356446,0,0
2011-06-14 03:00:00,-1.6159956,0,0
2011-06-14 04:00:00,-1.6156067,0,0
2011-06-14 05:00:00,-1.7234788,0,0
2011-06-14 06:00:00,-1.7612684,0,0
2011-06-14 07:00:00,-1.746378,0,0
2011-06-14 08:00:00,-1.7279971,0,0
2011-06-14 09:00:00,-1.6140465,0,0
2011-06-14 10:00:00,-1.4051771,0,0
2011-06-14 11:00:00,-1.3289537,0,0
2011-06-14 12:00:00,-1.1828411,0,0
2011-06-14 13:00:00,-1.11233,0,0
2011-06-14 14:00:00,-1.0933621,0,0
2011-06-14 15:00:00,-1.0829155,0,0
2011-06-14 16:00:00,-1.1020792,0,0
2011-06-14 17:00:00,-1.2319258,0,0
2011-06-14 18:00:00,-1.3332133,0,0
2011-06-14 19:00:00,-1.4322788,0,0
2011-06-14 20:00:00,-1.500072,0,0
2011-06-14 21:00:00,-1.5487761,0,0
2011-06-14 22:00:00,-1.5873017,0,0
2011-06-14 23:00:00,-1.6517758,0,0
2011-06-15 00:00:00,-1.6795576,0,0
2011-06-15 01:00:00,-1.7585281,0,0
2011-06-15 02:00:00,-1.8320785,0,0
2011-06-15 03:00:00,-1.9508376,0,0
2011-06-15 04:00:00,-2.023657,0,0
2011-06-15 05:00:00,-2.1538632,0,0
2011-06-15 06:00:00,-2.2544124,0,0
2011-06-15 07:00:00,-2.3344803,0,0
2011-06-15 08:00:00,-2.3998287,0,0
2011-06-15 09:00:00,-2.241673,0,0
2011-06-15 10:00:00,-2.0693057,0,0
2011-06-15 11:00:00,-1.8642218,0,0
2011-06-15 12:00:00,-1.6314031,0,0
2011-06-15 13:00:00,-1.4175493,0,0
2011-06-15 14:00:00,-1.2316949,0,0
2011-06-15 15:00:00,-1.1667492,0,0
2011-06-15 16:00:00,-1.189863,0,0
2011-06-15 17:00:00,-1.3167641,0,0
2011-06-15 18:00:00,-1.6768689,0,0
2011-06-15 19:00:00,-2.0780895,0,0
2011-06-15 20:00:00,-2.4373906,0,0
2011-06-15 21:00:00,-2.7512186,0,0
2011-06-15 22:00:00,-3.0079966,0,0
2011-06-15 23:00:00,-3.1481411,0,0
2011-06-16 00:00:00,-3.1965258,0,0
2011-06-16 01:00:00,-3.1788309,0,0
2011-06-16 02:00:00,-3.1438284,0,0
2011-06-16 03:00:00,-3.153326,0,0
2011-06-16 04:00:00,-3.215355,0,0
2011-06-16 05:00:00,-3.3753004,0,0
2011-06-16 06:00:00,-3.4280767,0,0
2011-06-16 07:00:00,-3.4632554,0,0
2011-06-16 08:00:00,-3.4406538,0,0
2011-06-16 09:00:00,-3.0581632,0,0
2011-06-16 10:00:00,-2.4463272,0,0
2011-06-16 11:00:00,-1.8483481,0,0
2011-06-16 12:00:00,-1.4644009,0,0
2011-06-16 13:00:00,-1.163383,0,0
2011-06-16 14:00:00,-1.016768,0,0
2011-06-16 15:00:00,-1.0177512,0,0
2011-06-16 16:00:00,-1.0898869,0,0
2011-06-16 17:00:00,-1.2181458,0,0
2011-06-16 18:00:00,-1.3651052,0,0
2011-06-16 19:00:00,-1.457477,0,0
2011-06-16 20:00:00,-1.557491,0,0
2011-06-16 21:00:00,-1.6169337,0,0
2011-06-16 22:00:00,-1.6482056,0,0
2011-06-16 23:00:00,-1.6883882,0,0
2011-06-17 00:00:00,-1.7528572,0,0
2011-06-17 01:00:00,-1.8218615,0,0
2011-06-17 02:00:00,-1.9328023,0,0
2011-06-17 03:00:00,-1.9832498,0,0
2011-06-17 04:00:00,-2.062215,0,0
2011-06-17 05:00:00,-2.0306666,0,0
2011-06-17 06:00:00,-2.0606756,0,0
2011-06-17 07:00:00,-2.0781078,0,0
2011-06-17 08:00:00,-2.0457628,0,0
2011-06-17 09:00:00,-1.8993237,0,0
2011-06-17 10:00:00,-1.753536,0,0
2011-06-17 11:00:00,-1.6256778,0,0
2011-06-17 12:00:00,-1.664991,0,0
2011-06-17 13:00:00,-1.5714719,0,0
2011-06-17 14:00:00,-1.5505341,0,0
2011-06-17 15:00:00,-1.566026,0,0
2011-06-17 16:00:00,-1.6260804,0,0
2011-06-17 17:00:00,-1.7397686,0,0
2011-06-17 18:00:00,-1.834511,0,0
2011-06-17 19:00:00,-1.9239248,0,0
2011-06-17 20:00:00,-1.9952998,0,0
2011-06-17 21:00:00,-2.0198092,0,0
2011-06-17 22:00:00,-2.0143943,0,0
2011-06-17 23:00:00,-1.9731716,0,0
2011-06-18 00:00:00,-2.0089896,1,0
2011-06-18 01:00:00,-2.0026207,1,0
2011-06-18 02:00:00,-1.9368091,1,0
2011-06-18 03:00:00,-1.886671,1,0
2011-06-18 04:00:00,-1.801114,1,0
2011-06-18 05:00:00,-1.7497125,1,0
2011-06-18 06:00:00,-1.661619,1,0
2011-06-18 07:00:00,-1.5308532,1,0
2011-06-18 08:00:00,-1.446203,1,0
2011-06-18 09:00:00,-1.303852,1,0
2011-06-18 10:00:00,-1.1810706,1,0
2011-06-18 11:00:00,-0.98975956,1,0
2011-06-18 12:00:00,-0.89046097,1,0
2011-06-18 13:00:00,-0.8462351,1,0
2011-06-18 14:00:00,-0.8110566,1,0
2011-06-18 15:00:00,-0.7630385,1,0
2011-06-18 16:00:00,-0.79294574,1,0
2011-06-18 17:00:00,-0.9458574,1,0
2011-06-18 18:00:00,-1.0640864,1,0
2011-06-18 19:00:00,-1.2343832,1,0
2011-06-18 20:00:00,-1.3644979,1,0
2011-06-18 21:00:00,-1.4306289,1,0
2011-06-18 22:00:00,-1.4031669,1,0
2011-06-18 23:00:00,-1.4465473,1,0
2011-06-19 00:00:00,-1.4770367,1,0
2011-06-19 01:00:00,-1.5798548,1,0
2011-06-19 02:00:00,-1.6497439,1,0
2011-06-19 03:00:00,-1.7140418,1,0
2011-06-19 04:00:00,-1.7735811,1,0
2011-06-19 05:00:00,-1.8004092,1,0
2011-06-19 06:00:00,-1.7480488,1,0
2011-06-19 07:00:00,-1.7194893,1,0
2011-06-19 08:00:00,-1.624239,1,0
2011-06-19 09:00:00,-1.476309,1,0
2011-06-19 10:00:00,-1.3276702,1,0
2011-06-19 11:00:00,-1.1079658,1,0
2011-06-19 12:00:00,-0.9976712,1,0
2011-06-19 13:00:00,-0.90755796,1,0
2011-06-19 14:00:00,-0.78599626,1,0
2011-06-19 15:00:00,-0.7395937,1,0
2011-06-19 16:00:00,-0.75167984,1,0
2011-06-19 17:00:00,-0.82915616,1,0
2011-06-19 18:00:00,-0.9693475,1,0
2011-06-19 19:00:00,-1.0885422,1,0
2011-06-19 20:00:00,-1.156325,1,0
2011-06-19 21:00:00,-1.1524876,1,0
2011-06-19 22:00:00,-1.1323481,1,0
2011-06-19 23:00:00,-1.1169255,1,0
2011-06-20 00:00:00,-1.1142179,0,0
2011-06-20 01:00:00,-1.1251327,0,0
2011-06-20 02:00:00,-1.169856,0,0
2011-06-20 03:00:00,-1.1876768,0,0
2011-06-20 04:00:00,-1.2729245,0,0
2011-06-20 05:00:00,-1.383385,0,0
2011-06-20 06:00:00,-1.4571581,0,0
2011-06-20 07:00:00,-1.500539,0,0
2011-06-20 08:00:00,-1.529589,0,0
2011-06-20 09:00:00,-1.417221,0,0
2011-06-20 10:00:00,-1.1927581,0,0
2011-06-20 11:00:00,-0.9419524,0,0
2011-06-20 12:00:00,-0.77037686,0,0
2011-06-20 13:00:00,-0.69205254,0,0
2011-06-20 14:00:00,-0.67688406,0,0
2011-06-20 15:00:00,-0.7305593,0,0
2011-06-20 16:00:00,-0.7359296,0,0
2011-06-20 17:00:00,-0.8920619,0,0
2011-06-20 18:00:00,-0.9148642,0,0
2011-06-20 19:00:00,-0.9508947,0,0
2011-06-20 20:00:00,-0.9708582,0,0
2011-06-20 21:00:00,-0.99575114,0,0
2011-06-20 22:00:00,-1.0477227,0,0
2011-06-20 23:00:00,-1.0593407,0,0
2011-06-21 00:00:00,-1.0631782,0,0
2011-06-21 01:00:00,-1.0621984,0,0
2011-06-21 02:00:00,-1.0784796,0,0
2011-06-21 03:00:00,-1.1312443,0,0
2011-06-21 04:00:00,-1.3072517,0,0
2011-06-21 05:00:00,-1.6319788,0,0
2011-06-21 06:00:00,-1.9419588,0,0
2011-06-21 07:00:00,-2.1146336,0,0
2011-06-21 08:00:00,-2.2395678,0,0
2011-06-21 09:00:00,-2.230194,0,0
2011-06-21 10:00:00,-2.1988819,0,0
2011-06-21 11:00:00,-2.1861734,0,0
2011-06-21 12:00:00,-2.105672,0,0
2011-06-21 13:00:00,-2.057054,0,0
2011-06-21 14:00:00,-2.0953982,0,0
2011-06-21 15:00:00,-2.0342865,0,0
2011-06-21 16:00:00,-2.0066464,0,0
2011-06-21 17:00:00,-2.231025,0,0
2011-06-21 18:00:00,-2.3626356,0,0
2011-06-21 19:00:00,-2.4244542,0,0
2011-06-21 20:00:00,-2.4516811,0,0
2011-06-21 21:00:00,-2.460037,0,0
2011-06-21 22:00:00,-2.4527194,0,0
2011-06-21 23:00:00,-2.4196246,0,0
2011-06-22 00:00:00,-2.4219484,0,0
2011-06-22 01:00:00,-2.4019108,0,0
2011-06-22 02:00:00,-2.3984258,0,0
2011-06-22 03:00:00,-2.4020176,0,0
2011-06-22 04:00:00,-2.4167426,0,0
2011-06-22 05:00:00,-2.3482287,0,0
2011-06-22 06:00:00,-2.3273115,0,0
2011-06-22 07:00:00,-2.3371015,0,0
2011-06-22 08:00:00,-2.3523116,0,0
2011-06-22 09:00:00,-2.2145598,0,0
2011-06-22 10:00:00,-2.073484,0,0
2011-06-22 11:00:00,-1.9247551,0,0
2011-06-22 12:00:00,-1.767424,0,0
2011-06-22 13:00:00,-1.5904335,0,0
2011-06-22 14:00:00,-1.5335101,0,0
2011-06-22 15:00:00,-1.5489205,0,0
2011-06-22 16:00:00,-1.5416138,0,0
2011-06-22 17:00:00,-1.4013901,0,0
2011-06-22 18:00:00,-1.3887268,0,0
2011-06-22 19:00:00,-1.3308548,0,0
2011-06-22 20:00:00,-1.2540699,0,0
2011-06-22 21:00:00,-1.2464746,0,0
2011-06-22 22:00:00,-1.2904098,0,0
2011-06-22 23:00:00,-1.2814993,0,0
2011-06-23 00:00:00,-1.2602625,0,0
2011-06-23 01:00:00,-1.2234372,0,0
2011-06-23 02:00:00,-1.2485064,0,0
2011-06-23 03:00:00,-1.3179048,0,0
2011-06-23 04:00:00,-1.3974818,0,0
2011-06-23 05:00:00,-1.470685,0,0
2011-06-23 06:00:00,-1.5042758,0,0
2011-06-23 07:00:00,-1.548605,0,0
2011-06-23 08:00:00,-1.5436754,0,0
2011-06-23 09:00:00,-1.4044847,0,0
2011-06-23 10:00:00,-1.2022123,0,0
2011-06-23 11:00:00,-1.0970253,0,0
2011-06-23 12:00:00,-0.9654938,0,0
2011-06-23 13:00:00,-0.81802166,0,0
2011-06-23 14:00:00,-0.7670264,0,0
2011-06-23 15:00:00,-0.78872114,0,0
2011-06-23 16:00:00,-0.9018392,0,0
2011-06-23 17:00:00,-0.9748266,0,0
2011-06-23 18:00:00,-1.1494881,0,0
2011-06-23 19:00:00,-1.3037924,0,0
2011-06-23 20:00:00,-1.3693584,0,0
2011-06-23 21:00:00,-1.4394652,0,0
2011-06-23 22:00:00,-1.4904829,0,0
2011-06-23 23:00:00,-1.6369271,0,0
2011-06-24 00:00:00,-1.7192222,0,0
2011-06-24 01:00:00,-1.7412002,0,0
2011-06-24 02:00:00,-1.7310318,0,0
2011-06-24 03:00:00,-1.6939611,0,0
2011-06-24 04:00:00,-1.7113984,0,0
2011-06-24 05:00:00,-1.6412691,0,0
2011-06-24 06:00:00,-1.5634508,0,0
2011-06-24 07:00:00,-1.4807724,0,0
2011-06-24 08:00:00,-1.4702047,0,0
2011-06-24 09:00:00,-1.2939328,0,0
2011-06-24 10:00:00,-1.0295053,0,0
2011-06-24 11:00:00,-0.91580147,0,0
2011-06-24 12:00:00,-0.78854996,0,0
2011-06-24 13:00:00,-0.6788102,0,0
2011-06-24 14:00:00,-0.6016626,0,0
2011-06-24 15:00:00,-0.52586776,0,0
2011-06-24 16:00:00,-0.44108155,0,0
2011-06-24 17:00:00,-0.5175971,0,0
2011-06-24 18:00:00,-0.7244846,0,0
2011-06-24 19:00:00,-0.8582605,0,0
2011-06-24 20:00:00,-0.89932233,0,0
2011-06-24 21:00:00,-0.9009845,0,0
2011-06-24 22:00:00,-0.8673989,0,0
2011-06-24 23:00:00,-0.8584937,0,0
2011-06-25 00:00:00,-0.90792876,1,0
2011-06-25 01:00:00,-0.98768204,1,0
2011-06-25 02:00:00,-1.0449027,1,0
2011-06-25 03:00:00,-1.0592334,1,0
2011-06-25 04:00:00,-1.0781046,1,0
2011-06-25 05:00:00,-1.1133575,1,0
2011-06-25 06:00:00,-1.180928,1,0
2011-06-25 07:00:00,-1.2095894,1,0
2011-06-25 08:00:00,-1.2489889,1,0
2011-06-25 09:00:00,-1.1050396,1,0
2011-06-25 10:00:00,-0.8480363,1,0
2011-06-25 11:00:00,-0.71842974,1,0
2011-06-25 12:00:00,-0.58340293,1,0
2011-06-25 13:00:00,-0.5414564,1,0
2011-06-25 14:00:00,-0.48749787,1,0
2011-06-25 15:00:00,-0.5494667,1,0
2011-06-25 16:00:00,-0.6202596,1,0
2011-06-25 17:00:00,-0.6765286,1,0
2011-06-25 18:00:00,-0.857958,1,0
2011-06-25 19:00:00,-1.0373366,1,0
2011-06-25 20:00:00,-1.1579757,1,0
2011-06-25 21:00:00,-1.25984,1,0
2011-06-25 22:00:00,-1.3591679,1,0
2011-06-25 23:00:00,-1.4249051,1,0
2011-06-26 00:00:00,-1.4589813,1,0
2011-06-26 01:00:00,-1.4948908,1,0
2011-06-26 02:00:00,-1.4868597,1,0
2011-06-26 03:00:00,-1.4730197,1,0
2011-06-26 04:00:00,-1.4548101,1,0
2011-06-26 05:00:00,-1.5667096,1,0
2011-06-26 06:00:00,-1.613895,1,0
2011-06-26 07:00:00,-1.6752625,1,0
2011-06-26 08:00:00,-1.7261091,1,0
2011-06-26 09:00:00,-1.6335664,1,0
2011-06-26 10:00:00,-1.4708648,1,0
2011-06-26 11:00:00,-1.2489383,1,0
2011-06-26 12:00:00,-1.0394073,1,0
2011-06-26 13:00:00,-0.8976646,1,0
2011-06-26 14:00:00,-0.81575835,1,0
2011-06-26 15:00:00,-0.75827,1,0
2011-06-26 16:00:00,-0.80988234,1,0
2011-06-26 17:00:00,-0.927631,1,0
2011-06-26 18:00:00,-1.031678,1,0
2011-06-26 19:00:00,-1.1494384,1,0
2011-06-26 20:00:00,-1.2360979,1,0
2011-06-26 21:00:00,-1.2427863,1,0
2011-06-26 22:00:00,-1.3058159,1,0
2011-06-26 23:00:00,-1.3541261,1,0
2011-06-27 00:00:00,-1.40532,0,0
2011-06-27 01:00:00,-1.5401461,0,0
2011-06-27 02:00:00,-1.6451449,0,0
2011-06-27 03:00:00,-1.6963438,0,0
2011-06-27 04:00:00,-1.7592077,0,0
2011-06-27 05:00:00,-1.8065692,0,0
2011-06-27 06:00:00,-1.8999171,0,0
2011-06-27 07:00:00,-2.0131817,0,0
2011-06-27 08:00:00,-2.1486368,0,0
2011-06-27 09:00:00,-1.9465182,0,0
2011-06-27 10:00:00,-1.596065,0,0
2011-06-27 11:00:00,-1.2941105,0,0
2011-06-27 12:00:00,-1.0692707,0,0
2011-06-27 13:00:00,-0.9709259,0,0
2011-06-27 14:00:00,-0.91027373,0,0
2011-06-27 15:00:00,-0.92389286,0,0
2011-06-27 16:00:00,-0.92590433,0,0
2011-06-27 17:00:00,-0.7608277,0,0
2011-06-27 18:00:00,-1.1125513,0,0
2011-06-27 19:00:00,-1.2894888,0,0
2011-06-27 20:00:00,-1.4099394,0,0
2011-06-27 21:00:00,-1.6044294,0,0
2011-06-27 22:00:00,-1.9169214,0,0
2011-06-27 23:00:00,-2.1191726,0,0
2011-06-28 00:00:00,-2.1939495,0,0
2011-06-28 01:00:00,-2.306122,0,0
2011-06-28 02:00:00,-2.3847036,0,0
2011-06-28 03:00:00,-2.339379,0,0
2011-06-28 04:00:00,-2.3291311,0,0
2011-06-28 05:00:00,-2.4218674,0,0
2011-06-28 06:00:00,-2.4252884,0,0
2011-06-28 07:00:00,-2.4504592,0,0
2011-06-28 08:00:00,-2.4431176,0,0
2011-06-28 09:00:00,-2.0550168,0,0
2011-06-28 10:00:00,-1.7138764,0,0
2011-06-28 11:00:00,-1.4127892,0,0
2011-06-28 12:00:00,-1.2780665,0,0
2011-06-28 13:00:00,-1.1879808,0,0
2011-06-28 14:00:00,-1.0881051,0,0
2011-06-28 15:00:00,-1.0556809,0,0
2011-06-28 16:00:00,-1.1069185,0,0
2011-06-28 17:00:00,-1.1662492,0,0
2011-06-28 18:00:00,-1.4312834,0,0
2011-06-28 19:00:00,-1.634824,0,0
2011-06-28 20:00:00,-1.8822533,0,0
2011-06-28 21:00:00,-1.9223377,0,0
2011-06-28 22:00:00,-2.015767,0,0
2011-06-28 23:00:00,-2.3356025,0,0
2011-06-29 00:00:00,-2.8501508,0,0
2011-06-29 01:00:00,-3.0801456,0,0
2011-06-29 02:00:00,-3.0473185,0,0
2011-06-29 03:00:00,-3.0001605,0,0
2011-06-29 04:00:00,-3.0236692,0,0
2011-06-29 05:00:00,-3.0666091,0,0
2011-06-29 06:00:00,-3.117067,0,0
2011-06-29 07:00:00,-3.1095266,0,0
2011-06-29 08:00:00,-3.1305456,0,0
2011-06-29 09:00:00,-2.9549823,0,0
2011-06-29 10:00:00,-2.5048645,0,0
2011-06-29 11:00:00,-1.9380778,0,0
2011-06-29 12:00:00,-1.4878011,0,0
2011-06-29 13:00:00,-1.1389774,0,0
2011-06-29 14:00:00,-0.93472016,0,0
2011-06-29 15:00:00,-0.83573115,0,0
2011-06-29 16:00:00,-0.8365435,0,0
2011-06-29 17:00:00,-0.8903434,0,0
2011-06-29 18:00:00,-1.2239294,0,0
2011-06-29 19:00:00,-1.4723918,0,0
2011-06-29 20:00:00,-1.732958,0,0
2011-06-29 21:00:00,-1.9714764,0,0
2011-06-29 22:00:00,-2.1251416,0,0
2011-06-29 23:00:00,-2.2469745,0,0
2011-06-30 00:00:00,-2.3101475,0,0
2011-06-30 01:00:00,-2.3554997,0,0
2011-06-30 02:00:00,-2.3913817,0,0
2011-06-30 03:00:00,-2.3925755,0,0
2011-06-30 04:00:00,-2.411761,0,0
2011-06-30 05:00:00,-2.4353116,0,0
2011-06-30 06:00:00,-2.4308677,0,0
2011-06-30 07:00:00,-2.419735,0,0
2011-06-30 08:00:00,-2.3737485,0,0
2011-06-30 09:00:00,-2.1108224,0,0
2011-06-30 10:00:00,-1.6791179,0,0
2011-06-30 11:00:00,-1.2862654,0,0
2011-06-30 12:00:00,-0.98031795,0,0
2011-06-30 13:00:00,-0.77032924,0,0
2011-06-30 14:00:00,-0.65944743,0,0
2011-06-30 15:00:00,-0.6310783,0,0
2011-06-30 16:00:00,-0.699067,0,0
2011-06-30 17:00:00,-0.8767802,0,0
2011-06-30 18:00:00,-1.1412772,0,0
2011-06-30 19:00:00,-1.3324914,0,0
2011-06-30 20:00:00,-1.4845737,0,0
2011-06-30 21:00:00,-1.6321151,0,0
2011-06-30 22:00:00,-1.7538044,0,0
2011-06-30 23:00:00,-1.8723925,0,0
2011-07-01 00:00:00,-1.9877082,0,0
2011-07-01 01:00:00,-2.0953815,0,0
2011-07-01 02:00:00,-2.1805222,0,0
2011-07-01 03:00:00,-2.2511144,0,0
2011-07-01 04:00:00,-2.2786458,0,0
2011-07-01 05:00:00,-2.3395915,0,0
2011-07-01 06:00:00,-2.3660254,0,0
2011-07-01 07:00:00,-2.348519,0,0
2011-07-01 08:00:00,-2.3212278,0,0
2011-07-01 09:00:00,-2.1643925,0,0
2011-07-01 10:00:00,-1.8060673,0,0
2011-07-01 11:00:00,-1.484761,0,0
2011-07-01 12:00:00,-1.216774,0,0
2011-07-01 13:00:00,-1.0036888,0,0
2011-07-01 14:00:00,-0.8764306,0,0
2011-07-01 15:00:00,-0.8262648,0,0
2011-07-01 16:00:00,-0.8778772,0,0
2011-07-01 17:00:00,-1.0773922,0,0
2011-07-01 18:00:00,-1.3431625,0,0
2011-07-01 19:00:00,-1.5267397,0,0
2011-07-01 20:00:00,-1.6688662,0,0
2011-07-01 21:00:00,-1.79986,0,0
2011-07-01 22:00:00,-1.9111999,0,0
2011-07-01 23:00:00,-1.9979559,0,0
2011-07-02 00:00:00,-2.0523896,1,0
2011-07-02 01:00:00,-2.0902705,1,0
2011-07-02 02:00:00,-2.137233,1,0
2011-07-02 03:00:00,-2.1980355,1,0
2011-07-02 04:00:00,-2.283518,1,0
2011-07-02 05:00:00,-2.3991756,1,0
2011-07-02 06:00:00,-2.46252,1,0
2011-07-02 07:00:00,-2.4906158,1,0
2011-07-02 08:00:00,-2.4811456,1,0
2011-07-02 09:00:00,-2.304485,1,0
2011-07-02 10:00:00,-2.011897,1,0
2011-07-02 11:00:00,-1.6935263,1,0
2011-07-02 12:00:00,-1.392657,1,0
2011-07-02 13:00:00,-1.1953886,1,0
2011-07-02 14:00:00,-1.0586601,1,0
2011-07-02 15:00:00,-1.0044441,1,0
2011-07-02 16:00:00,-1.0550976,1,0
2011-07-02 17:00:00,-1.232166,1,0
2011-07-02 18:00:00,-1.3618419,1,0
2011-07-02 19:00:00,-1.3928515,1,0
2011-07-02 20:00:00,-1.3903669,1,0
2011-07-02 21:00:00,-1.384387,1,0
2011-07-02 22:00:00,-1.3823828,1,0
2011-07-02 23:00:00,-1.4056187,1,0
2011-07-03 00:00:00,-1.432127,1,0
2011-07-03 01:00:00,-1.4571961,1,0
2011-07-03 02:00:00,-1.4868062,1,0
2011-07-03 03:00:00,-1.5176841,1,0
2011-07-03 04:00:00,-1.558523,1,0
2011-07-03 05:00:00,-1.5501449,1,0
2011-07-03 06:00:00,-1.5606656,1,0
2011-07-03 07:00:00,-1.5908405,1,0
2011-07-03 08:00:00,-1.5582466,1,0
2011-07-03 09:00:00,-1.5079424,1,0
2011-07-03 10:00:00,-1.4152563,1,0
2011-07-03 11:00:00,-1.2704551,1,0
2011-07-03 12:00:00,-1.1694183,1,0
2011-07-03 13:00:00,-1.0064816,1,0
2011-07-03 14:00:00,-1.0127313,1,0
2011-07-03 15:00:00,-1.0327224,1,0
2011-07-03 16:00:00,-1.0602365,1,0
2011-07-03 17:00:00,-1.1008925,1,0
2011-07-03 18:00:00,-1.1658075,1,0
2011-07-03 19:00:00,-1.1910995,1,0
2011-07-03 20:00:00,-1.2379704,1,0
2011-07-03 21:00:00,-1.2419513,1,0
2011-07-03 22:00:00,-1.2415625,1,0
2011-07-03 23:00:00,-1.2312127,1,0
2011-07-04 00:00:00,-1.2320923,0,0
2011-07-04 01:00:00,-1.2244501,0,0
2011-07-04 02:00:00,-1.282545,0,0
2011-07-04 03:00:00,-1.4098672,0,0
2011-07-04 04:00:00,-1.5257427,0,0
2011-07-04 05:00:00,-1.658309,0,0
2011-07-04 06:00:00,-1.7808727,0,0
2011-07-04 07:00:00,-1.8684063,0,0
2011-07-04 08:00:00,-1.9344579,0,0
2011-07-04 09:00:00,-1.8660253,0,0
2011-07-04 10:00:00,-1.6836697,0,0
2011-07-04 11:00:00,-1.5238363,0,0
2011-07-04 12:00:00,-1.4443352,0,0
2011-07-04 13:00:00,-1.3902918,0,0
2011-07-04 14:00:00,-1.3894868,0,0
2011-07-04 15:00:00,-1.3534391,0,0
2011-07-04 16:00:00,-1.3773664,0,0
2011-07-04 17:00:00,-1.5314081,0,0
2011-07-04 18:00:00,-1.7018433,0,0
2011-07-04 19:00:00,-1.863197,0,0
2011-07-04 20:00:00,-1.9484172,0,0
2011-07-04 21:00:00,-2.0112758,0,0
2011-07-04 22:00:00,-2.0430386,0,0
2011-07-04 23:00:00,-2.0533934,0,0
2011-07-05 00:00:00,-2.095506,0,0
2011-07-05 01:00:00,-2.1272633,0,0
2011-07-05 02:00:00,-2.1669776,0,0
2011-07-05 03:00:00,-2.2488787,0,0
2011-07-05 04:00:00,-2.2895467,0,0
2011-07-05 05:00:00,-2.3338015,0,0
2011-07-05 06:00:00,-2.365953,0,0
2011-07-05 07:00:00,-2.3790207,0,0
2011-07-05 08:00:00,-2.3072293,0,0
2011-07-05 09:00:00,-2.1902149,0,0
2011-07-05 10:00:00,-2.1131794,0,0
2011-07-05 11:00:00,-1.9567327,0,0
2011-07-05 12:00:00,-1.8129768,0,0
2011-07-05 13:00:00,-1.6248918,0,0
2011-07-05 14:00:00,-1.5383117,0,0
2011-07-05 15:00:00,-1.7550511,0,0
2011-07-05 16:00:00,-1.8449109,0,0
2011-07-05 17:00:00,-1.8638809,0,0
2011-07-05 18:00:00,-1.9553039,0,0
2011-07-05 19:00:00,-1.9841831,0,0
2011-07-05 20:00:00,-2.0592246,0,0
2011-07-05 21:00:00,-2.0553923,0,0
2011-07-05 22:00:00,-2.0898626,0,0
2011-07-05 23:00:00,-2.115811,0,0
2011-07-06 00:00:00,-2.096162,0,0
2011-07-06 01:00:00,-2.0719721,0,0
2011-07-06 02:00:00,-2.0559845,0,0
2011-07-06 03:00:00,-2.0765183,0,0
2011-07-06 04:00:00,-2.079231,0,0
2011-07-06 05:00:00,-2.093529,0,0
2011-07-06 06:00:00,-2.0591552,0,0
2011-07-06 07:00:00,-2.0838356,0,0
2011-07-06 08:00:00,-2.1121824,0,0
2011-07-06 09:00:00,-1.952463,0,0
2011-07-06 10:00:00,-1.7803656,0,0
2011-07-06 11:00:00,-1.6529863,0,0
2011-07-06 12:00:00,-1.5772035,0,0
2011-07-06 13:00:00,-1.5041611,0,0
2011-07-06 14:00:00,-1.4841874,0,0
2011-07-06 15:00:00,-1.5493424,0,0
2011-07-06 16:00:00,-1.6352018,0,0
2011-07-06 17:00:00,-1.5627004,0,0
2011-07-06 18:00:00,-1.6183902,0,0
2011-07-06 19:00:00,-1.7608209,0,0
2011-07-06 20:00:00,-1.9014232,0,0
2011-07-06 21:00:00,-2.0258203,0,0
2011-07-06 22:00:00,-2.125537,0,0
2011-07-06 23:00:00,-2.2114136,0,0
2011-07-07 00:00:00,-2.2858436,0,0
2011-07-07 01:00:00,-2.3208787,0,0
2011-07-07 02:00:00,-2.340315,0,0
2011-07-07 03:00:00,-2.43344,0,0
2011-07-07 04:00:00,-2.5669186,0,0
2011-07-07 05:00:00,-2.602486,0,0
2011-07-07 06:00:00,-2.6699822,0,0
2011-07-07 07:00:00,-2.7545905,0,0
2011-07-07 08:00:00,-2.8012435,0,0
2011-07-07 09:00:00,-2.695255,0,0
2011-07-07 10:00:00,-2.566894,0,0
2011-07-07 11:00:00,-2.4223225,0,0
2011-07-07 12:00:00,-2.3053792,0,0
2011-07-07 13:00:00,-2.2549229,0,0
2011-07-07 14:00:00,-2.2614768,0,0
2011-07-07 15:00:00,-2.1797986,0,0
2011-07-07 16:00:00,-2.1766524,0,0
2011-07-07 17:00:00,-2.1876984,0,0
2011-07-07 18:00:00,-2.2589822,0,0
2011-07-07 19:00:00,-2.3598757,0,0
2011-07-07 20:00:00,-2.4676285,0,0
2011-07-07 21:00:00,-2.535199,0,0
2011-07-07 22:00:00,-2.6178825,0,0
2011-07-07 23:00:00,-2.7047184,0,0
2011-07-08 00:00:00,-2.7570093,0,0
2011-07-08 01:00:00,-2.8362029,0,0
2011-07-08 02:00:00,-2.857222,0,0
2011-07-08 03:00:00,-2.8780699,0,0
2011-07-08 04:00:00,-2.9139795,0,0
2011-07-08 05:00:00,-2.7911427,0,0
2011-07-08 06:00:00,-2.735852,0,0
2011-07-08 07:00:00,-2.7567275,0,0
2011-07-08 08:00:00,-2.6945772,0,0
2011-07-08 09:00:00,-2.6044326,0,0
2011-07-08 10:00:00,-2.3816319,0,0
2011-07-08 11:00:00,-2.207919,0,0
2011-07-08 12:00:00,-2.0305395,0,0
2011-07-08 13:00:00,-1.9660603,0,0
2011-07-08 14:00:00,-1.8940237,0,0
2011-07-08 15:00:00,-1.8701261,0,0
2011-07-08 16:00:00,-1.8491864,0,0
2011-07-08 17:00:00,-1.94029,0,0
2011-07-08 18:00:00,-1.9632635,0,0
2011-07-08 19:00:00,-1.9891206,0,0
2011-07-08 20:00:00,-1.981952,0,0
2011-07-08 21:00:00,-1.9787642,0,0
2011-07-08 22:00:00,-1.9420823,0,0
2011-07-08 23:00:00,-1.9379355,0,0
2011-07-09 00:00:00,-1.9673742,1,0
2011-07-09 01:00:00,-2.0345507,1,0
2011-07-09 02:00:00,-2.0872252,1,0
2011-07-09 03:00:00,-2.126625,1,0
2011-07-09 04:00:00,-2.1135678,1,0
2011-07-09 05:00:00,-2.1093416,1,0
2011-07-09 06:00:00,-2.11659,1,0
2011-07-09 07:00:00,-2.2415469,1,0
2011-07-09 08:00:00,-2.3637962,1,0
2011-07-09 09:00:00,-2.2745256,1,0
2011-07-09 10:00:00,-2.1237464,1,0
2011-07-09 11:00:00,-1.9477541,1,0
2011-07-09 12:00:00,-1.76219,1,0
2011-07-09 13:00:00,-1.656431,1,0
2011-07-09 14:00:00,-1.5777922,1,0
2011-07-09 15:00:00,-1.5864245,1,0
2011-07-09 16:00:00,-1.6341994,1,0
2011-07-09 17:00:00,-1.8621475,1,0
2011-07-09 18:00:00,-2.056121,1,0
2011-07-09 19:00:00,-2.173396,1,0
2011-07-09 20:00:00,-2.2457354,1,0
2011-07-09 21:00:00,-2.2712035,1,0
2011-07-09 22:00:00,-2.3168116,1,0
2011-07-09 23:00:00,-2.3404465,1,0
2011-07-10 00:00:00,-2.3620305,1,0
2011-07-10 01:00:00,-2.3919601,1,0
2011-07-10 02:00:00,-2.4166405,1,0
2011-07-10 03:00:00,-2.453818,1,0
2011-07-10 04:00:00,-2.4912136,1,0
2011-07-10 05:00:00,-2.591416,1,0
2011-07-10 06:00:00,-2.5575795,1,0
2011-07-10 07:00:00,-2.542786,1,0
2011-07-10 08:00:00,-2.4535623,1,0
2011-07-10 09:00:00,-2.2745829,1,0
2011-07-10 10:00:00,-2.117039,1,0
2011-07-10 11:00:00,-1.9485164,1,0
2011-07-10 12:00:00,-1.8087347,1,0
2011-07-10 13:00:00,-1.717481,1,0
2011-07-10 14:00:00,-1.7164686,1,0
2011-07-10 15:00:00,-1.8667071,1,0
2011-07-10 16:00:00,-2.0009685,1,0
2011-07-10 17:00:00,-1.9901056,1,0
2011-07-10 18:00:00,-2.2309325,1,0
2011-07-10 19:00:00,-2.323401,1,0
2011-07-10 20:00:00,-2.4470623,1,0
2011-07-10 21:00:00,-2.567622,1,0
2011-07-10 22:00:00,-2.6313546,1,0
2011-07-10 23:00:00,-2.679979,1,0
2011-07-11 00:00:00,-2.6771975,0,0
2011-07-11 01:00:00,-2.6820521,0,0
2011-07-11 02:00:00,-2.719225,0,0
2011-07-11 03:00:00,-2.7409472,0,0
2011-07-11 04:00:00,-2.7643592,0,0
2011-07-11 05:00:00,-2.717466,0,0
2011-07-11 06:00:00,-2.7232752,0,0
2011-07-11 07:00:00,-2.721618,0,0
2011-07-11 08:00:00,-2.6992614,0,0
2011-07-11 09:00:00,-2.5486236,0,0
2011-07-11 10:00:00,-2.308396,0,0
2011-07-11 11:00:00,-2.1344602,0,0
2011-07-11 12:00:00,-1.9623523,0,0
2011-07-11 13:00:00,-1.8838847,0,0
2011-07-11 14:00:00,-1.8363519,0,0
2011-07-11 15:00:00,-1.7958963,0,0
2011-07-11 16:00:00,-1.780424,0,0
2011-07-11 17:00:00,-1.7980618,0,0
2011-07-11 18:00:00,-1.8823111,0,0
2011-07-11 19:00:00,-1.943416,0,0
2011-07-11 20:00:00,-2.0326917,0,0
2011-07-11 21:00:00,-2.0505123,0,0
2011-07-11 22:00:00,-2.0750217,0,0
2011-07-11 23:00:00,-2.1153753,0,0
2011-07-12 00:00:00,-2.1653478,0,0
2011-07-12 01:00:00,-2.2096822,0,0
2011-07-12 02:00:00,-2.2167647,0,0
2011-07-12 03:00:00,-2.168945,0,0
2011-07-12 04:00:00,-2.2486982,0,0
2011-07-12 05:00:00,-2.2321181,0,0
2011-07-12 06:00:00,-2.279331,0,0
2011-07-12 07:00:00,-2.3058448,0,0
2011-07-12 08:00:00,-2.3309188,0,0
2011-07-12 09:00:00,-2.1733472,0,0
2011-07-12 10:00:00,-1.879481,0,0
2011-07-12 11:00:00,-1.7488306,0,0
2011-07-12 12:00:00,-1.6799815,0,0
2011-07-12 13:00:00,-1.6398683,0,0
2011-07-12 14:00:00,-1.6057868,0,0
2011-07-12 15:00:00,-1.5845966,0,0
2011-07-12 16:00:00,-1.5983453,0,0
2011-07-12 17:00:00,-1.6697032,0,0
2011-07-12 18:00:00,-1.7384502,0,0
2011-07-12 19:00:00,-1.8282908,0,0
2011-07-12 20:00:00,-1.8003432,0,0
2011-07-12 21:00:00,-1.8199973,0,0
2011-07-12 22:00:00,-1.8212707,0,0
2011-07-12 23:00:00,-1.8396566,0,0
2011-07-13 00:00:00,-1.8545521,0,0
2011-07-13 01:00:00,-1.8796264,0,0
2011-07-13 02:00:00,-1.8621995,0,0
2011-07-13 03:00:00,-1.839843,0,0
2011-07-13 04:00:00,-1.832377,0,0
2011-07-13 05:00:00,-1.8239989,0,0
2011-07-13 06:00:00,-1.8236102,0,0
2011-07-13 07:00:00,-1.7761794,0,0
2011-07-13 08:00:00,-1.770403,0,0
2011-07-13 09:00:00,-1.6854111,0,0
2011-07-13 10:00:00,-1.6871405,0,0
2011-07-13 11:00:00,-1.6135381,0,0
2011-07-13 12:00:00,-1.5532452,0,0
2011-07-13 13:00:00,-1.5856714,0,0
2011-07-13 14:00:00,-1.587489,0,0
2011-07-13 15:00:00,-1.6389699,0,0
2011-07-13 16:00:00,-1.6870972,0,0
2011-07-13 17:00:00,-1.8181845,0,0
2011-07-13 18:00:00,-1.8871597,0,0
2011-07-13 19:00:00,-1.9994584,0,0
2011-07-13 20:00:00,-2.006764,0,0
2011-07-13 21:00:00,-2.0853925,0,0
2011-07-13 22:00:00,-2.1080737,0,0
2011-07-13 23:00:00,-2.1687102,0,0
2011-07-14 00:00:00,-2.2240977,0,0
2011-07-14 01:00:00,-2.234767,0,0
2011-07-14 02:00:00,-2.3386357,0,0
2011-07-14 03:00:00,-2.3536747,0,0
2011-07-14 04:00:00,-2.4074051,0,0
2011-07-14 05:00:00,-2.4360664,0,0
2011-07-14 06:00:00,-2.454378,0,0
2011-07-14 07:00:00,-2.4490595,0,0
2011-07-14 08:00:00,-2.479725,0,0
2011-07-14 09:00:00,-2.1612453,0,0
2011-07-14 10:00:00,-1.8804414,0,0
2011-07-14 11:00:00,-1.7366476,0,0
2011-07-14 12:00:00,-1.6691858,0,0
2011-07-14 13:00:00,-1.6328253,0,0
2011-07-14 14:00:00,-1.597733,0,0
2011-07-14 15:00:00,-1.6159323,0,0
2011-07-14 16:00:00,-1.6616561,0,0
2011-07-14 17:00:00,-1.5511546,0,0
2011-07-14 18:00:00,-1.744425,0,0
2011-07-14 19:00:00,-1.87149,0,0
2011-07-14 20:00:00,-1.9721656,0,0
2011-07-14 21:00:00,-2.0855098,0,0
2011-07-14 22:00:00,-2.277695,0,0
2011-07-14 23:00:00,-2.333231,0,0
2011-07-15 00:00:00,-2.3015945,0,0
2011-07-15 01:00:00,-2.2605588,0,0
2011-07-15 02:00:00,-2.3500743,0,0
2011-07-15 03:00:00,-2.447061,0,0
2011-07-15 04:00:00,-2.6016104,0,0
2011-07-15 05:00:00,-2.763161,0,0
2011-07-15 06:00:00,-2.9035041,0,0
2011-07-15 07:00:00,-3.0138953,0,0
2011-07-15 08:00:00,-3.072367,0,0
2011-07-15 09:00:00,-2.7636976,0,0
2011-07-15 10:00:00,-2.2202482,0,0
2011-07-15 11:00:00,-1.9405687,0,0
2011-07-15 12:00:00,-1.833868,0,0
2011-07-15 13:00:00,-1.7385279,0,0
2011-07-15 14:00:00,-1.6732436,0,0
2011-07-15 15:00:00,-1.6694305,0,0
2011-07-15 16:00:00,-1.7268711,0,0
2011-07-15 17:00:00,-1.7764499,0,0
2011-07-15 18:00:00,-1.9875932,0,0
2011-07-15 19:00:00,-2.1848447,0,0
2011-07-15 20:00:00,-2.387464,0,0
2011-07-15 21:00:00,-2.6652117,0,0
2011-07-15 22:00:00,-2.8231046,0,0
2011-07-15 23:00:00,-3.1899767,0,0
2011-07-16 00:00:00,-3.5023136,1,0
2011-07-16 01:00:00,-3.727089,1,0
2011-07-16 02:00:00,-3.918593,1,0
2011-07-16 03:00:00,-4.070698,1,0
2011-07-16 04:00:00,-4.2035418,1,0
2011-07-16 05:00:00,-4.2860303,1,0
2011-07-16 06:00:00,-4.2926493,1,0
2011-07-16 07:00:00,-4.2414885,1,0
2011-07-16 08:00:00,-4.1756077,1,0
2011-07-16 09:00:00,-3.7086105,1,0
2011-07-16 10:00:00,-3.0105708,1,0
2011-07-16 11:00:00,-2.4216733,1,0
2011-07-16 12:00:00,-1.9933916,1,0
2011-07-16 13:00:00,-1.7521722,1,0
2011-07-16 14:00:00,-1.6013256,1,0
2011-07-16 15:00:00,-1.5709939,1,0
2011-07-16 16:00:00,-1.58255,1,0
2011-07-16 17:00:00,-1.7241411,1,0
2011-07-16 18:00:00,-2.0355833,1,0
2011-07-16 19:00:00,-2.2755294,1,0
2011-07-16 20:00:00,-2.408037,1,0
2011-07-16 21:00:00,-2.4632533,1,0
2011-07-16 22:00:00,-2.4379337,1,0
2011-07-16 23:00:00,-2.3390636,1,0
2011-07-17 00:00:00,-2.2435455,1,0
2011-07-17 01:00:00,-2.1432688,1,0
2011-07-17 02:00:00,-2.0756986,1,0
2011-07-17 03:00:00,-2.018478,1,0
2011-07-17 04:00:00,-1.9734402,1,0
2011-07-17 05:00:00,-1.9333373,1,0
2011-07-17 06:00:00,-1.9121004,1,0
2011-07-17 07:00:00,-1.8894244,1,0
2011-07-17 08:00:00,-1.8725574,1,0
2011-07-17 09:00:00,-1.8351619,1,0
2011-07-17 10:00:00,-1.7870227,1,0
2011-07-17 11:00:00,-1.7197944,1,0
2011-07-17 12:00:00,-1.666406,1,0
2011-07-17 13:00:00,-1.639749,1,0
2011-07-17 14:00:00,-1.617638,1,0
2011-07-17 15:00:00,-1.6111206,1,0
2011-07-17 16:00:00,-1.6149997,1,0
2011-07-17 17:00:00,-1.37061,1,0
2011-07-17 18:00:00,-1.4235353,1,0
2011-07-17 19:00:00,-1.4624497,1,0
2011-07-17 20:00:00,-1.4812242,1,0
2011-07-17 21:00:00,-1.5304883,1,0
2011-07-17 22:00:00,-1.6062607,1,0
2011-07-17 23:00:00,-1.6649206,1,0
2011-07-18 00:00:00,-1.7137907,0,0
2011-07-18 01:00:00,-1.7370317,0,0
2011-07-18 02:00:00,-1.7608324,0,0
2011-07-18 03:00:00,-1.7809721,0,0
2011-07-18 04:00:00,-1.8398032,0,0
2011-07-18 05:00:00,-1.8970186,0,0
2011-07-18 06:00:00,-1.9925365,0,0
2011-07-18 07:00:00,-2.0880547,0,0
2011-07-18 08:00:00,-2.2536795,0,0
2011-07-18 09:00:00,-2.2742994,0,0
2011-07-18 10:00:00,-2.2256866,0,0
2011-07-18 11:00:00,-2.1617894,0,0
2011-07-18 12:00:00,-2.0845208,0,0
2011-07-18 13:00:00,-1.9209346,0,0
2011-07-18 14:00:00,-1.9373578,0,0
2011-07-18 15:00:00,-1.892372,0,0
2011-07-18 16:00:00,-1.8593981,0,0
2011-07-18 17:00:00,-1.7552775,0,0
2011-07-18 18:00:00,-1.8175642,0,0
2011-07-18 19:00:00,-1.8359551,0,0
2011-07-18 20:00:00,-1.8966662,0,0
2011-07-18 21:00:00,-1.9077243,0,0
2011-07-18 22:00:00,-1.9129735,0,0
2011-07-18 23:00:00,-1.8829749,0,0
2011-07-19 00:00:00,-1.8199505,0,0
2011-07-19 01:00:00,-1.7718164,0,0
2011-07-19 02:00:00,-1.7718216,0,0
2011-07-19 03:00:00,-1.7512931,0,0
2011-07-19 04:00:00,-1.7369677,0,0
2011-07-19 05:00:00,-1.7236925,0,0
2011-07-19 06:00:00,-1.751692,0,0
2011-07-19 07:00:00,-1.7376813,0,0
2011-07-19 08:00:00,-1.7004291,0,0
2011-07-19 09:00:00,-1.5245513,0,0
2011-07-19 10:00:00,-1.3214514,0,0
2011-07-19 11:00:00,-1.1453731,0,0
2011-07-19 12:00:00,-1.0334439,0,0
2011-07-19 13:00:00,-0.9309573,0,0
2011-07-19 14:00:00,-0.9362187,0,0
2011-07-19 15:00:00,-1.0083938,0,0
2011-07-19 16:00:00,-1.0868237,0,0
2011-07-19 17:00:00,-1.1881579,0,0
2011-07-19 18:00:00,-1.33614,0,0
2011-07-19 19:00:00,-1.462982,0,0
2011-07-19 20:00:00,-1.5337006,0,0
2011-07-19 21:00:00,-1.5223973,0,0
2011-07-19 22:00:00,-1.5303539,0,0
2011-07-19 23:00:00,-1.5419718,0,0
2011-07-20 00:00:00,-1.5397497,0,0
2011-07-20 01:00:00,-1.5907674,0,0
2011-07-20 02:00:00,-1.6140033,0,0
2011-07-20 03:00:00,-1.6977324,0,0
2011-07-20 04:00:00,-1.7622012,0,0
2011-07-20 05:00:00,-1.8366778,0,0
2011-07-20 06:00:00,-1.8317484,0,0
2011-07-20 07:00:00,-1.8313594,0,0
2011-07-20 08:00:00,-1.8131497,0,0
2011-07-20 09:00:00,-1.748069,0,0
2011-07-20 10:00:00,-1.6724106,0,0
2011-07-20 11:00:00,-1.5929146,0,0
2011-07-20 12:00:00,-1.5236821,0,0
2011-07-20 13:00:00,-1.5059355,0,0
2011-07-20 14:00:00,-1.4490517,0,0
2011-07-20 15:00:00,-1.475949,0,0
2011-07-20 16:00:00,-1.5330677,0,0
2011-07-20 17:00:00,-1.5867534,0,0
2011-07-20 18:00:00,-1.7537727,0,0
2011-07-20 19:00:00,-1.9338546,0,0
2011-07-20 20:00:00,-2.043755,0,0
2011-07-20 21:00:00,-2.126045,0,0
2011-07-20 22:00:00,-2.2065067,0,0
2011-07-20 23:00:00,-2.230627,0,0
2011-07-21 00:00:00,-2.2471054,0,0
2011-07-21 01:00:00,-2.3219292,0,0
2011-07-21 02:00:00,-2.322249,0,0
2011-07-21 03:00:00,-2.3049185,0,0
2011-07-21 04:00:00,-2.2929118,0,0
2011-07-21 05:00:00,-2.2302017,0,0
2011-07-21 06:00:00,-2.24239,0,0
2011-07-21 07:00:00,-2.2125676,0,0
2011-07-21 08:00:00,-2.1696827,0,0
2011-07-21 09:00:00,-2.037037,0,0
2011-07-21 10:00:00,-1.9199795,0,0
2011-07-21 11:00:00,-1.7017713,0,0
2011-07-21 12:00:00,-1.5547897,0,0
2011-07-21 13:00:00,-1.4944625,0,0
2011-07-21 14:00:00,-1.5041833,0,0
2011-07-21 15:00:00,-1.540162,0,0
2011-07-21 16:00:00,-1.5960125,0,0
2011-07-21 17:00:00,-1.4909846,0,0
2011-07-21 18:00:00,-1.5535288,0,0
2011-07-21 19:00:00,-1.6378696,0,0
2011-07-21 20:00:00,-1.6903787,0,0
2011-07-21 21:00:00,-1.7739365,0,0
2011-07-21 22:00:00,-1.8137251,0,0
2011-07-21 23:00:00,-1.8812956,0,0
2011-07-22 00:00:00,-1.9568225,0,0
2011-07-22 01:00:00,-2.0167506,0,0
2011-07-22 02:00:00,-2.0944996,0,0
2011-07-22 03:00:00,-2.1585798,0,0
2011-07-22 04:00:00,-2.2624485,0,0
2011-07-22 05:00:00,-2.245559,0,0
2011-07-22 06:00:00,-2.3721313,0,0
2011-07-22 07:00:00,-2.4305732,0,0
2011-07-22 08:00:00,-2.3956451,0,0
2011-07-22 09:00:00,-2.1423326,0,0
2011-07-22 10:00:00,-1.8922405,0,0
2011-07-22 11:00:00,-1.6534419,0,0
2011-07-22 12:00:00,-1.5014358,0,0
2011-07-22 13:00:00,-1.3453102,0,0
2011-07-22 14:00:00,-1.2735724,0,0
2011-07-22 15:00:00,-1.2720261,0,0
2011-07-22 16:00:00,-1.301106,0,0
2011-07-22 17:00:00,-1.4068893,0,0
2011-07-22 18:00:00,-1.6651884,0,0
2011-07-22 19:00:00,-1.8829163,0,0
2011-07-22 20:00:00,-2.0430348,0,0
2011-07-22 21:00:00,-2.1862116,0,0
2011-07-22 22:00:00,-2.371667,0,0
2011-07-22 23:00:00,-2.5861666,0,0
2011-07-23 00:00:00,-2.602922,1,0
2011-07-23 01:00:00,-2.8087394,1,0
2011-07-23 02:00:00,-3.301681,1,0
2011-07-23 03:00:00,-3.451928,1,0
2011-07-23 04:00:00,-3.4438276,1,0
2011-07-23 05:00:00,-3.4139311,1,0
2011-07-23 06:00:00,-3.415301,1,0
2011-07-23 07:00:00,-3.3885005,1,0
2011-07-23 08:00:00,-3.3342655,1,0
2011-07-23 09:00:00,-3.1610482,1,0
2011-07-23 10:00:00,-2.8766158,1,0
2011-07-23 11:00:00,-2.5275378,1,0
2011-07-23 12:00:00,-2.2020519,1,0
2011-07-23 13:00:00,-1.8715346,1,0
2011-07-23 14:00:00,-1.6974053,1,0
2011-07-23 15:00:00,-1.6772159,1,0
2011-07-23 16:00:00,-1.6988714,1,0
2011-07-23 17:00:00,-1.6560923,1,0
2011-07-23 18:00:00,-1.8437716,1,0
2011-07-23 19:00:00,-2.0270343,1,0
2011-07-23 20:00:00,-2.105805,1,0
2011-07-23 21:00:00,-2.175746,1,0
2011-07-23 22:00:00,-2.4261534,1,0
2011-07-23 23:00:00,-2.5646858,1,0
2011-07-24 00:00:00,-2.568838,1,0
2011-07-24 01:00:00,-2.5113769,1,0
2011-07-24 02:00:00,-2.4897237,1,0
2011-07-24 03:00:00,-2.4929218,1,0
2011-07-24 04:00:00,-2.47493,1,0
2011-07-24 05:00:00,-2.4727077,1,0
2011-07-24 06:00:00,-2.4189084,1,0
2011-07-24 07:00:00,-2.3951075,1,0
2011-07-24 08:00:00,-2.360739,1,0
2011-07-24 09:00:00,-2.2915118,1,0
2011-07-24 10:00:00,-2.2364335,1,0
2011-07-24 11:00:00,-2.1646698,1,0
2011-07-24 12:00:00,-2.0923355,1,0
2011-07-24 13:00:00,-1.987508,1,0
2011-07-24 14:00:00,-1.896617,1,0
2011-07-24 15:00:00,-1.7991172,1,0
2011-07-24 16:00:00,-1.7871796,1,0
2011-07-24 17:00:00,-1.7524052,1,0
2011-07-24 18:00:00,-1.9161798,1,0
2011-07-24 19:00:00,-2.0301304,1,0
2011-07-24 20:00:00,-2.1171784,1,0
2011-07-24 21:00:00,-2.1184468,1,0
2011-07-24 22:00:00,-2.1327775,1,0
2011-07-24 23:00:00,-2.135879,1,0
2011-07-25 00:00:00,-2.167151,0,0
2011-07-25 01:00:00,-2.169864,0,0
2011-07-25 02:00:00,-2.1475074,0,0
2011-07-25 03:00:00,-2.12117,0,0
2011-07-25 04:00:00,-2.15078,0,0
2011-07-25 05:00:00,-2.1578622,0,0
2011-07-25 06:00:00,-2.1745858,0,0
2011-07-25 07:00:00,-2.1445873,0,0
2011-07-25 08:00:00,-2.1240587,0,0
2011-07-25 09:00:00,-1.9867011,0,0
2011-07-25 10:00:00,-1.809721,0,0
2011-07-25 11:00:00,-1.634175,0,0
2011-07-25 12:00:00,-1.5066192,0,0
2011-07-25 13:00:00,-1.3967135,0,0
2011-07-25 14:00:00,-1.2327558,0,0
2011-07-25 15:00:00,-1.2142285,0,0
2011-07-25 16:00:00,-1.1877892,0,0
2011-07-25 17:00:00,-1.2515897,0,0
2011-07-25 18:00:00,-1.4793667,0,0
2011-07-25 19:00:00,-1.603325,0,0
2011-07-25 20:00:00,-1.765192,0,0
2011-07-25 21:00:00,-1.8396685,0,0
2011-07-25 22:00:00,-1.8591048,0,0
2011-07-25 23:00:00,-1.8914274,0,0
2011-07-26 00:00:00,-2.024906,0,0
2011-07-26 01:00:00,-2.1542325,0,0
2011-07-26 02:00:00,-2.256268,0,0
2011-07-26 03:00:00,-2.3684819,0,0
2011-07-26 04:00:00,-2.4748871,0,0
2011-07-26 05:00:00,-2.536227,0,0
2011-07-26 06:00:00,-2.5725303,0,0
2011-07-26 07:00:00,-2.5941145,0,0
2011-07-26 08:00:00,-2.5726376,0,0
2011-07-26 09:00:00,-2.3436959,0,0
2011-07-26 10:00:00,-2.1284578,0,0
2011-07-26 11:00:00,-1.8962611,0,0
2011-07-26 12:00:00,-1.6376181,0,0
2011-07-26 13:00:00,-1.5307046,0,0
2011-07-26 14:00:00,-1.6093022,0,0
2011-07-26 15:00:00,-1.6512629,0,0
2011-07-26 16:00:00,-1.651778,0,0
2011-07-26 17:00:00,-1.6810582,0,0
2011-07-26 18:00:00,-1.8405719,0,0
2011-07-26 19:00:00,-2.030385,0,0
2011-07-26 20:00:00,-2.13879,0,0
2011-07-26 21:00:00,-2.2172766,0,0
2011-07-26 22:00:00,-2.4540918,0,0
2011-07-26 23:00:00,-2.9019094,0,0
2011-07-27 00:00:00,-3.2194707,0,0
2011-07-27 01:00:00,-3.3457975,0,0
2011-07-27 02:00:00,-3.3364294,0,0
2011-07-27 03:00:00,-3.4216993,0,0
2011-07-27 04:00:00,-3.4290025,0,0
2011-07-27 05:00:00,-3.5904531,0,0
2011-07-27 06:00:00,-3.7197108,0,0
2011-07-27 07:00:00,-3.7750287,0,0
2011-07-27 08:00:00,-3.73151,0,0
2011-07-27 09:00:00,-3.140292,0,0
2011-07-27 10:00:00,-2.4049137,0,0
2011-07-27 11:00:00,-2.051537,0,0
2011-07-27 12:00:00,-1.9864597,0,0
2011-07-27 13:00:00,-1.9007332,0,0
2011-07-27 14:00:00,-1.8261911,0,0
2011-07-27 15:00:00,-1.7985253,0,0
2011-07-27 16:00:00,-1.8049756,0,0
2011-07-27 17:00:00,-1.9972701,0,0
2011-07-27 18:00:00,-2.2750523,0,0
2011-07-27 19:00:00,-2.4652212,0,0
2011-07-27 20:00:00,-2.615864,0,0
2011-07-27 21:00:00,-2.7495656,0,0
2011-07-27 22:00:00,-2.875625,0,0
2011-07-27 23:00:00,-2.9631639,0,0
2011-07-28 00:00:00,-3.0099604,0,0
2011-07-28 01:00:00,-3.0264387,0,0
2011-07-28 02:00:00,-3.030031,0,0
2011-07-28 03:00:00,-3.0412652,0,0
2011-07-28 04:00:00,-3.0642884,0,0
2011-07-28 05:00:00,-3.0896773,0,0
2011-07-28 06:00:00,-3.105276,0,0
2011-07-28 07:00:00,-3.1219254,0,0
2011-07-28 08:00:00,-3.0888252,0,0
2011-07-28 09:00:00,-2.8549438,0,0
2011-07-28 10:00:00,-2.534351,0,0
2011-07-28 11:00:00,-2.1818247,0,0
2011-07-28 12:00:00,-1.9058483,0,0
2011-07-28 13:00:00,-1.7098428,0,0
2011-07-28 14:00:00,-1.5749422,0,0
2011-07-28 15:00:00,-1.5036832,0,0
2011-07-28 16:00:00,-1.5140626,0,0
2011-07-28 17:00:00,-1.6149061,0,0
2011-07-28 18:00:00,-1.8407066,0,0
2011-07-28 19:00:00,-2.0108273,0,0
2011-07-28 20:00:00,-2.1291478,0,0
2011-07-28 21:00:00,-2.2189088,0,0
2011-07-28 22:00:00,-2.2797906,0,0
2011-07-28 23:00:00,-2.3312023,0,0
2011-07-29 00:00:00,-2.3952823,0,0
2011-07-29 01:00:00,-2.452503,0,0
2011-07-29 02:00:00,-2.506622,0,0
2011-07-29 03:00:00,-2.575072,0,0
2011-07-29 04:00:00,-2.6382725,0,0
2011-07-29 05:00:00,-2.7003486,0,0
2011-07-29 06:00:00,-2.7656968,0,0
2011-07-29 07:00:00,-2.8241856,0,0
2011-07-29 08:00:00,-2.8323185,0,0
2011-07-29 09:00:00,-2.596609,0,0
2011-07-29 10:00:00,-2.2436938,0,0
2011-07-29 11:00:00,-1.8953193,0,0
2011-07-29 12:00:00,-1.578286,0,0
2011-07-29 13:00:00,-1.3880895,0,0
2011-07-29 14:00:00,-1.3054699,0,0
2011-07-29 15:00:00,-1.3016049,0,0
2011-07-29 16:00:00,-1.3267038,0,0
2011-07-29 17:00:00,-1.3661902,0,0
2011-07-29 18:00:00,-1.6099877,0,0
2011-07-29 19:00:00,-1.7380066,0,0
2011-07-29 20:00:00,-1.8248888,0,0
2011-07-29 21:00:00,-1.8801053,0,0
2011-07-29 22:00:00,-1.9058776,0,0
2011-07-29 23:00:00,-1.9339688,0,0
2011-07-30 00:00:00,-1.9599122,1,0
2011-07-30 01:00:00,-1.993109,1,0
2011-07-30 02:00:00,-2.0150766,1,0
2011-07-30 03:00:00,-2.082818,1,0
2011-07-30 04:00:00,-2.1195052,1,0
2011-07-30 05:00:00,-2.0961568,1,0
2011-07-30 06:00:00,-2.1357224,1,0
2011-07-30 07:00:00,-2.208393,1,0
2011-07-30 08:00:00,-2.248358,1,0
2011-07-30 09:00:00,-2.1426146,1,0
2011-07-30 10:00:00,-1.9935284,1,0
2011-07-30 11:00:00,-1.8957884,1,0
2011-07-30 12:00:00,-1.7731779,1,0
2011-07-30 13:00:00,-1.5513829,1,0
2011-07-30 14:00:00,-1.3652639,1,0
2011-07-30 15:00:00,-1.3296051,1,0
2011-07-30 16:00:00,-1.3922287,1,0
2011-07-30 17:00:00,-1.2704585,1,0
2011-07-30 18:00:00,-1.3584138,1,0
2011-07-30 19:00:00,-1.4239161,1,0
2011-07-30 20:00:00,-1.4859332,1,0
2011-07-30 21:00:00,-1.4732699,1,0
2011-07-30 22:00:00,-1.5116243,1,0
2011-07-30 23:00:00,-1.557398,1,0
2011-07-31 00:00:00,-1.6326106,1,0
2011-07-31 01:00:00,-1.6783844,1,0
2011-07-31 02:00:00,-1.7254263,1,0
2011-07-31 03:00:00,-1.8267585,1,0
2011-07-31 04:00:00,-1.8988695,1,0
2011-07-31 05:00:00,-1.9673193,1,0
2011-07-31 06:00:00,-2.0299602,1,0
2011-07-31 07:00:00,-2.07915,1,0
2011-07-31 08:00:00,-2.0809085,1,0
2011-07-31 09:00:00,-1.8039663,1,0
2011-07-31 10:00:00,-1.4192191,1,0
2011-07-31 11:00:00,-1.0365454,1,0
2011-07-31 12:00:00,-0.72947294,1,0
2011-07-31 13:00:00,-0.50751907,1,0
2011-07-31 14:00:00,-0.38821235,1,0
2011-07-31 15:00:00,-0.3378704,1,0
2011-07-31 16:00:00,-0.37314776,1,0
2011-07-31 17:00:00,-0.46914133,1,0
2011-07-31 18:00:00,-0.67315036,1,0
2011-07-31 19:00:00,-0.7766598,1,0
2011-07-31 20:00:00,-0.8906155,1,0
2011-07-31 21:00:00,-0.9884076,1,0
2011-07-31 22:00:00,-1.0796077,1,0
2011-07-31 23:00:00,-1.1820371,1,0
2011-08-01 00:00:00,-1.2539772,0,0
2011-08-01 01:00:00,-1.3166181,0,0
2011-08-01 02:00:00,-1.3591194,0,0
2011-08-01 03:00:00,-1.4012316,0,0
2011-08-01 04:00:00,-1.4402426,0,0
2011-08-01 05:00:00,-1.4229592,0,0
2011-08-01 06:00:00,-1.4423159,0,0
2011-08-01 07:00:00,-1.4606222,0,0
2011-08-01 08:00:00,-1.4418477,0,0
2011-08-01 09:00:00,-1.2401125,0,0
2011-08-01 10:00:00,-0.9377296,0,0
2011-08-01 11:00:00,-0.64298356,0,0
2011-08-01 12:00:00,-0.39168745,0,0
2011-08-01 13:00:00,-0.22455598,0,0
2011-08-01 14:00:00,-0.17758332,0,0
2011-08-01 15:00:00,-0.19097926,0,0
2011-08-01 16:00:00,-0.23485939,0,0
2011-08-01 17:00:00,-0.37724018,0,0
2011-08-01 18:00:00,-0.50892013,0,0
2011-08-01 19:00:00,-0.572076,0,0
2011-08-01 20:00:00,-0.63007945,0,0
2011-08-01 21:00:00,-0.7160306,0,0
2011-08-01 22:00:00,-0.80437994,0,0
2011-08-01 23:00:00,-0.8750517,0,0
2011-08-02 00:00:00,-0.93610996,0,0
2011-08-02 01:00:00,-1.0176965,0,0
2011-08-02 02:00:00,-1.121394,0,0
2011-08-02 03:00:00,-1.2219901,0,0
2011-08-02 04:00:00,-1.3038911,0,0
2011-08-02 05:00:00,-1.4275521,0,0
2011-08-02 06:00:00,-1.5057867,0,0
2011-08-02 07:00:00,-1.5691307,0,0
2011-08-02 08:00:00,-1.5735972,0,0
2011-08-02 09:00:00,-1.3669325,0,0
2011-08-02 10:00:00,-1.0327177,0,0
2011-08-02 11:00:00,-0.7535653,0,0
2011-08-02 12:00:00,-0.48986852,0,0
2011-08-02 13:00:00,-0.28844815,0,0
2011-08-02 14:00:00,-0.16390254,0,0
2011-08-02 15:00:00,-0.11667249,0,0
2011-08-02 16:00:00,-0.17186636,0,0
2011-08-02 17:00:00,-0.2748576,0,0
2011-08-02 18:00:00,-0.47663954,0,0
2011-08-02 19:00:00,-0.6171504,0,0
2011-08-02 20:00:00,-0.6789586,0,0
2011-08-02 21:00:00,-0.7554394,0,0
2011-08-02 22:00:00,-0.78924793,0,0
2011-08-02 23:00:00,-0.85738325,0,0
2011-08-03 00:00:00,-0.9160482,0,0
2011-08-03 01:00:00,-0.95457387,0,0
2011-08-03 02:00:00,-1.0223204,0,0
2011-08-03 03:00:00,-1.0980978,0,0
2011-08-03 04:00:00,-1.1818321,0,0
2011-08-03 05:00:00,-1.2382425,0,0
2011-08-03 06:00:00,-1.293241,0,0
2011-08-03 07:00:00,-1.320069,0,0
2011-08-03 08:00:00,-1.2677088,0,0
2011-08-03 09:00:00,-0.9862256,0,0
2011-08-03 10:00:00,-0.5442629,0,0
2011-08-03 11:00:00,-0.15919095,0,0
2011-08-03 12:00:00,0.1273581,0,0
2011-08-03 13:00:00,0.28007942,0,0
2011-08-03 14:00:00,0.38991094,0,0
2011-08-03 15:00:00,0.38652757,0,0
2011-08-03 16:00:00,0.290453,0,0
2011-08-03 17:00:00,0.23450366,0,0
2011-08-03 18:00:00,0.08334559,0,0
2011-08-03 19:00:00,0.025604766,0,0
2011-08-03 20:00:00,0.014249271,0,0
2011-08-03 21:00:00,-0.051002182,0,0
2011-08-03 22:00:00,-0.13385192,0,0
2011-08-03 23:00:00,-0.23395734,0,0
2011-08-04 00:00:00,-0.32380468,0,0
2011-08-04 01:00:00,-0.43893898,0,0
2011-08-04 02:00:00,-0.5739898,0,0
2011-08-04 03:00:00,-0.69637215,0,0
2011-08-04 04:00:00,-0.79456496,0,0
2011-08-04 05:00:00,-0.83663934,0,0
2011-08-04 06:00:00,-0.8491316,0,0
2011-08-04 07:00:00,-0.8890912,0,0
2011-08-04 08:00:00,-0.82933915,0,0
2011-08-04 09:00:00,-0.68166465,0,0
2011-08-04 10:00:00,-0.37914863,0,0
2011-08-04 11:00:00,-0.07958544,0,0
2011-08-04 12:00:00,0.12825061,0,0
2011-08-04 13:00:00,0.3503652,0,0
2011-08-04 14:00:00,0.525614,0,0
2011-08-04 15:00:00,0.6113645,0,0
2011-08-04 16:00:00,0.5581746,0,0
2011-08-04 17:00:00,0.9066403,0,0
2011-08-04 18:00:00,0.36502323,0,0
2011-08-04 19:00:00,0.055364482,0,0
2011-08-04 20:00:00,-0.18048482,0,0
2011-08-04 21:00:00,-0.33694184,0,0
2011-08-04 22:00:00,-0.56416225,0,0
2011-08-04 23:00:00,-0.74250734,0,0
2011-08-05 00:00:00,-0.88283676,0,0
2011-08-05 01:00:00,-1.023239,0,0
2011-08-05 02:00:00,-1.0353407,0,0
2011-08-05 03:00:00,-0.9960496,0,0
2011-08-05 04:00:00,-0.9922845,0,0
2011-08-05 05:00:00,-1.0797472,0,0
2011-08-05 06:00:00,-1.1509044,0,0
2011-08-05 07:00:00,-1.2051947,0,0
2011-08-05 08:00:00,-1.1744928,0,0
2011-08-05 09:00:00,-0.9520911,0,0
2011-08-05 10:00:00,-0.6215754,0,0
2011-08-05 11:00:00,-0.35512424,0,0
2011-08-05 12:00:00,-0.1249216,0,0
2011-08-05 13:00:00,0.0389324,0,0
2011-08-05 14:00:00,0.0710145,0,0
2011-08-05 15:00:00,0.11781797,0,0
2011-08-05 16:00:00,0.063565716,0,0
2011-08-05 17:00:00,-0.20139587,0,0
2011-08-05 18:00:00,-0.3614471,0,0
2011-08-05 19:00:00,-0.54333436,0,0
2011-08-05 20:00:00,-0.7505534,0,0
2011-08-05 21:00:00,-0.8615512,0,0
2011-08-05 22:00:00,-1.0019411,0,0
2011-08-05 23:00:00,-1.1555644,0,0
2011-08-06 00:00:00,-1.3504155,1,0
2011-08-06 01:00:00,-1.5009373,1,0
2011-08-06 02:00:00,-1.657097,1,0
2011-08-06 03:00:00,-1.6846386,1,0
2011-08-06 04:00:00,-1.7875587,1,0
2011-08-06 05:00:00,-1.8543237,1,0
2011-08-06 06:00:00,-1.8789349,1,0
2011-08-06 07:00:00,-1.9138957,1,0
2011-08-06 08:00:00,-1.8535097,1,0
2011-08-06 09:00:00,-1.3243378,1,0
2011-08-06 10:00:00,-1.0647461,1,0
2011-08-06 11:00:00,-0.8330817,1,0
2011-08-06 12:00:00,-0.62589717,1,0
2011-08-06 13:00:00,-0.3692532,1,0
2011-08-06 14:00:00,-0.3780895,1,0
2011-08-06 15:00:00,-0.4289102,1,0
2011-08-06 16:00:00,-0.5573921,1,0
2011-08-06 17:00:00,-0.5872892,1,0
2011-08-06 18:00:00,-1.084235,1,0
2011-08-06 19:00:00,-1.3100042,1,0
2011-08-06 20:00:00,-1.4222753,1,0
2011-08-06 21:00:00,-1.646441,1,0
2011-08-06 22:00:00,-1.8256657,1,0
2011-08-06 23:00:00,-1.979992,1,0
2011-08-07 00:00:00,-2.1799161,1,0
2011-08-07 01:00:00,-2.3342426,1,0
2011-08-07 02:00:00,-2.432404,1,0
2011-08-07 03:00:00,-2.4750073,1,0
2011-08-07 04:00:00,-2.4362001,1,0
2011-08-07 05:00:00,-2.6155906,1,0
2011-08-07 06:00:00,-2.643645,1,0
2011-08-07 07:00:00,-2.5788894,1,0
2011-08-07 08:00:00,-2.501071,1,0
2011-08-07 09:00:00,-2.3910215,1,0
2011-08-07 10:00:00,-2.0327208,1,0
2011-08-07 11:00:00,-1.7016073,1,0
2011-08-07 12:00:00,-1.3637813,1,0
2011-08-07 13:00:00,-1.1772045,1,0
2011-08-07 14:00:00,-1.0557551,1,0
2011-08-07 15:00:00,-1.1345271,1,0
2011-08-07 16:00:00,-1.2489654,1,0
2011-08-07 17:00:00,-1.3893521,1,0
2011-08-07 18:00:00,-1.5991426,1,0
2011-08-07 19:00:00,-1.7736381,1,0
2011-08-07 20:00:00,-1.9794507,1,0
2011-08-07 21:00:00,-2.0388188,1,0
2011-08-07 22:00:00,-2.212086,1,0
2011-08-07 23:00:00,-2.3360941,1,0
2011-08-08 00:00:00,-2.4304929,0,0
2011-08-08 01:00:00,-2.5147123,0,0
2011-08-08 02:00:00,-2.5693223,0,0
2011-08-08 03:00:00,-2.6731908,0,0
2011-08-08 04:00:00,-2.7837477,0,0
2011-08-08 05:00:00,-2.8356502,0,0
2011-08-08 06:00:00,-2.9752572,0,0
2011-08-08 07:00:00,-3.1036353,0,0
2011-08-08 08:00:00,-3.1184564,0,0
2011-08-08 09:00:00,-2.3947637,0,0
2011-08-08 10:00:00,-1.9905608,0,0
2011-08-08 11:00:00,-1.8734413,0,0
2011-08-08 12:00:00,-1.7373933,0,0
2011-08-08 13:00:00,-1.6725477,0,0
2011-08-08 14:00:00,-1.573683,0,0
2011-08-08 15:00:00,-1.5671676,0,0
2011-08-08 16:00:00,-1.6112812,0,0
2011-08-08 17:00:00,-1.6219991,0,0
2011-08-08 18:00:00,-1.7729965,0,0
2011-08-08 19:00:00,-1.8960859,0,0
2011-08-08 20:00:00,-2.0296957,0,0
2011-08-08 21:00:00,-2.1638346,0,0
2011-08-08 22:00:00,-2.5350523,0,0
2011-08-08 23:00:00,-2.7278993,0,0
2011-08-09 00:00:00,-2.8279355,0,0
2011-08-09 01:00:00,-2.8687055,0,0
2011-08-09 02:00:00,-2.8995142,0,0
2011-08-09 03:00:00,-2.875644,0,0
2011-08-09 04:00:00,-2.8815548,0,0
2011-08-09 05:00:00,-2.950148,0,0
2011-08-09 06:00:00,-2.8961308,0,0
2011-08-09 07:00:00,-3.0259483,0,0
2011-08-09 08:00:00,-2.8760238,0,0
2011-08-09 09:00:00,-2.4649963,0,0
2011-08-09 10:00:00,-2.1830897,0,0
2011-08-09 11:00:00,-1.9104825,0,0
2011-08-09 12:00:00,-1.7678604,0,0
2011-08-09 13:00:00,-1.7298031,0,0
2011-08-09 14:00:00,-1.6055995,0,0
2011-08-09 15:00:00,-1.6053786,0,0
2011-08-09 16:00:00,-1.5664473,0,0
2011-08-09 17:00:00,-1.5255687,0,0
2011-08-09 18:00:00,-1.6436266,0,0
2011-08-09 19:00:00,-1.76815,0,0
2011-08-09 20:00:00,-1.8026946,0,0
2011-08-09 21:00:00,-1.794349,0,0
2011-08-09 22:00:00,-1.8032595,0,0
2011-08-09 23:00:00,-1.848857,0,0
2011-08-10 00:00:00,-1.8497365,0,0
2011-08-10 01:00:00,-1.8586469,0,0
2011-08-10 02:00:00,-1.8644558,0,0
2011-08-10 03:00:00,-1.8851552,0,0
2011-08-10 04:00:00,-1.8918436,0,0
2011-08-10 05:00:00,-2.0057423,0,0
2011-08-10 06:00:00,-2.0037434,0,0
2011-08-10 07:00:00,-2.002304,0,0
2011-08-10 08:00:00,-1.9915655,0,0
2011-08-10 09:00:00,-1.8289106,0,0
2011-08-10 10:00:00,-1.7286632,0,0
2011-08-10 11:00:00,-1.6412108,0,0
2011-08-10 12:00:00,-1.5660257,0,0
2011-08-10 13:00:00,-1.4552785,0,0
2011-08-10 14:00:00,-1.426189,0,0
2011-08-10 15:00:00,-1.4366701,0,0
2011-08-10 16:00:00,-1.4854487,0,0
2011-08-10 17:00:00,-1.331893,0,0
2011-08-10 18:00:00,-1.2994045,0,0
2011-08-10 19:00:00,-1.3099719,0,0
2011-08-10 20:00:00,-1.3582771,0,0
2011-08-10 21:00:00,-1.4051428,0,0
2011-08-10 22:00:00,-1.4476388,0,0
2011-08-10 23:00:00,-1.4785169,0,0
2011-08-11 00:00:00,-1.4843259,0,0
2011-08-11 01:00:00,-1.490135,0,0
2011-08-11 02:00:00,-1.4959439,0,0
2011-08-11 03:00:00,-1.4914031,0,0
2011-08-11 04:00:00,-1.483761,0,0
2011-08-11 05:00:00,-1.5527655,0,0
2011-08-11 06:00:00,-1.5732938,0,0
2011-08-11 07:00:00,-1.5925539,0,0
2011-08-11 08:00:00,-1.588013,0,0
2011-08-11 09:00:00,-1.5094814,0,0
2011-08-11 10:00:00,-1.4372337,0,0
2011-08-11 11:00:00,-1.3274194,0,0
2011-08-11 12:00:00,-1.2216604,0,0
2011-08-11 13:00:00,-1.1173408,0,0
2011-08-11 14:00:00,-1.0654334,0,0
2011-08-11 15:00:00,-1.0663766,0,0
2011-08-11 16:00:00,-1.0817823,0,0
2011-08-11 17:00:00,-1.0222085,0,0
2011-08-11 18:00:00,-1.1866,0,0
2011-08-11 19:00:00,-1.3527502,0,0
2011-08-11 20:00:00,-1.497413,0,0
2011-08-11 21:00:00,-1.6176634,0,0
2011-08-11 22:00:00,-1.7886169,0,0
2011-08-11 23:00:00,-1.9399215,0,0
2011-08-12 00:00:00,-2.083413,0,0
2011-08-12 01:00:00,-2.2343235,0,0
2011-08-12 02:00:00,-2.449703,0,0
2011-08-12 03:00:00,-2.7047,0,0
2011-08-12 04:00:00,-2.7505999,0,0
2011-08-12 05:00:00,-2.672004,0,0
2011-08-12 06:00:00,-2.5967274,0,0
2011-08-12 07:00:00,-2.5966582,0,0
2011-08-12 08:00:00,-2.59544,0,0
2011-08-12 09:00:00,-2.351153,0,0
2011-08-12 10:00:00,-2.1364505,0,0
2011-08-12 11:00:00,-1.8940177,0,0
2011-08-12 12:00:00,-1.6888843,0,0
2011-08-12 13:00:00,-1.4515991,0,0
2011-08-12 14:00:00,-1.3219426,0,0
2011-08-12 15:00:00,-1.289,0,0
2011-08-12 16:00:00,-1.3767484,0,0
2011-08-12 17:00:00,-1.506319,0,0
2011-08-12 18:00:00,-1.6413479,0,0
2011-08-12 19:00:00,-1.8054023,0,0
2011-08-12 20:00:00,-2.013494,0,0
2011-08-12 21:00:00,-2.0381231,0,0
2011-08-12 22:00:00,-2.1702437,0,0
2011-08-12 23:00:00,-2.6518753,0,0
2011-08-13 00:00:00,-2.9863315,1,0
2011-08-13 01:00:00,-3.2352498,1,0
2011-08-13 02:00:00,-3.3856971,1,0
2011-08-13 03:00:00,-3.4862242,1,0
2011-08-13 04:00:00,-3.5175235,1,0
2011-08-13 05:00:00,-3.477396,1,0
2011-08-13 06:00:00,-3.3034532,1,0
2011-08-13 07:00:00,-3.2154565,1,0
2011-08-13 08:00:00,-3.1188915,1,0
2011-08-13 09:00:00,-2.7888854,1,0
2011-08-13 10:00:00,-2.308055,1,0
2011-08-13 11:00:00,-1.9111941,1,0
2011-08-13 12:00:00,-1.6049856,1,0
2011-08-13 13:00:00,-1.366085,1,0
2011-08-13 14:00:00,-1.3017789,1,0
2011-08-13 15:00:00,-1.2430638,1,0
2011-08-13 16:00:00,-1.2082918,1,0
2011-08-13 17:00:00,-1.2868063,1,0
2011-08-13 18:00:00,-1.3947322,1,0
2011-08-13 19:00:00,-1.4522502,1,0
2011-08-13 20:00:00,-1.5066668,1,0
2011-08-13 21:00:00,-1.5372354,1,0
2011-08-13 22:00:00,-1.5767149,1,0
2011-08-13 23:00:00,-1.625761,1,0
2011-08-14 00:00:00,-1.7269965,1,0
2011-08-14 01:00:00,-1.8421686,1,0
2011-08-14 02:00:00,-1.8950197,1,0
2011-08-14 03:00:00,-2.0579371,1,0
2011-08-14 04:00:00,-2.1957853,1,0
2011-08-14 05:00:00,-2.3745193,1,0
2011-08-14 06:00:00,-2.514515,1,0
2011-08-14 07:00:00,-2.6988404,1,0
2011-08-14 08:00:00,-2.4571562,1,0
2011-08-14 09:00:00,-1.7276438,1,0
2011-08-14 10:00:00,-1.3598382,1,0
2011-08-14 11:00:00,-1.0405258,1,0
2011-08-14 12:00:00,-0.9088423,1,0
2011-08-14 13:00:00,-0.8698107,1,0
2011-08-14 14:00:00,-0.7793206,1,0
2011-08-14 15:00:00,-0.798258,1,0
2011-08-14 16:00:00,-0.7659703,1,0
2011-08-14 17:00:00,-0.75409716,1,0
2011-08-14 18:00:00,-0.9894248,1,0
2011-08-14 19:00:00,-1.1841344,1,0
2011-08-14 20:00:00,-1.4069681,1,0
2011-08-14 21:00:00,-1.6229922,1,0
2011-08-14 22:00:00,-1.7894047,1,0
2011-08-14 23:00:00,-1.9059937,1,0
2011-08-15 00:00:00,-1.9707823,0,0
2011-08-15 01:00:00,-2.0740912,0,0
2011-08-15 02:00:00,-2.1537702,0,0
2011-08-15 03:00:00,-2.2479975,0,0
2011-08-15 04:00:00,-2.2506356,0,0
2011-08-15 05:00:00,-2.2196832,0,0
2011-08-15 06:00:00,-2.1958082,0,0
2011-08-15 07:00:00,-2.1853838,0,0
2011-08-15 08:00:00,-2.0361578,0,0
2011-08-15 09:00:00,-1.7822803,0,0
2011-08-15 10:00:00,-1.4566338,0,0
2011-08-15 11:00:00,-1.266192,0,0
2011-08-15 12:00:00,-1.0814209,0,0
2011-08-15 13:00:00,-1.0551008,0,0
2011-08-15 14:00:00,-1.039044,0,0
2011-08-15 15:00:00,-1.0904714,0,0
2011-08-15 16:00:00,-1.1262773,0,0
2011-08-15 17:00:00,-1.1283804,0,0
2011-08-15 18:00:00,-1.1916277,0,0
2011-08-15 19:00:00,-1.2851883,0,0
2011-08-15 20:00:00,-1.2815739,0,0
2011-08-15 21:00:00,-1.2801346,0,0
2011-08-15 22:00:00,-1.2770381,0,0
2011-08-15 23:00:00,-1.2448919,0,0
2011-08-16 00:00:00,-1.2512658,0,0
2011-08-16 01:00:00,-1.2827089,0,0
2011-08-16 02:00:00,-1.2734096,0,0
2011-08-16 03:00:00,-1.2599585,0,0
2011-08-16 04:00:00,-1.2895683,0,0
2011-08-16 05:00:00,-1.2535846,0,0
2011-08-16 06:00:00,-1.2755522,0,0
2011-08-16 07:00:00,-1.3551294,0,0
2011-08-16 08:00:00,-1.2878734,0,0
2011-08-16 09:00:00,-1.0276494,0,0
2011-08-16 10:00:00,-0.7646559,0,0
2011-08-16 11:00:00,-0.49785236,0,0
2011-08-16 12:00:00,-0.30105382,0,0
2011-08-16 13:00:00,-0.19169751,0,0
2011-08-16 14:00:00,-0.10095018,0,0
2011-08-16 15:00:00,-0.08419916,0,0
2011-08-16 16:00:00,-0.12623914,0,0
2011-08-16 17:00:00,-0.21529385,0,0
2011-08-16 18:00:00,-0.3929274,0,0
2011-08-16 19:00:00,-0.50382346,0,0
2011-08-16 20:00:00,-0.6126684,0,0
2011-08-16 21:00:00,-0.70041984,0,0
2011-08-16 22:00:00,-0.779997,0,0
2011-08-16 23:00:00,-0.8484884,0,0
2011-08-17 00:00:00,-0.8640821,0,0
2011-08-17 01:00:00,-0.8978439,0,0
2011-08-17 02:00:00,-0.94727886,0,0
2011-08-17 03:00:00,-0.9738252,0,0
2011-08-17 04:00:00,-0.99605376,0,0
2011-08-17 05:00:00,-0.9237092,0,0
2011-08-17 06:00:00,-0.9515758,0,0
2011-08-17 07:00:00,-1.0165821,0,0
2011-08-17 08:00:00,-1.0296168,0,0
2011-08-17 09:00:00,-0.9118339,0,0
2011-08-17 10:00:00,-0.7526278,0,0
2011-08-17 11:00:00,-0.6665714,0,0
2011-08-17 12:00:00,-0.647705,0,0
2011-08-17 13:00:00,-0.6781892,0,0
2011-08-17 14:00:00,-0.6500185,0,0
2011-08-17 15:00:00,-0.6614983,0,0
2011-08-17 16:00:00,-0.66355443,0,0
2011-08-17 17:00:00,-0.73693377,0,0
2011-08-17 18:00:00,-0.85280913,0,0
2011-08-17 19:00:00,-0.965806,0,0
2011-08-17 20:00:00,-1.1281585,0,0
2011-08-17 21:00:00,-1.3213888,0,0
2011-08-17 22:00:00,-1.5030013,0,0
2011-08-17 23:00:00,-1.6444365,0,0
2011-08-18 00:00:00,-1.8067888,0,0
2011-08-18 01:00:00,-1.94185,0,0
2011-08-18 02:00:00,-2.0921955,0,0
2011-08-18 03:00:00,-2.1159272,0,0
2011-08-18 04:00:00,-2.0524395,0,0
2011-08-18 05:00:00,-1.9023443,0,0
2011-08-18 06:00:00,-1.8414677,0,0
2011-08-18 07:00:00,-1.797629,0,0
2011-08-18 08:00:00,-1.7189313,0,0
2011-08-18 09:00:00,-1.6228015,0,0
2011-08-18 10:00:00,-1.5210339,0,0
2011-08-18 11:00:00,-1.4161595,0,0
2011-08-18 12:00:00,-1.3236065,0,0
2011-08-18 13:00:00,-1.2402141,0,0
2011-08-18 14:00:00,-1.1390011,0,0
2011-08-18 15:00:00,-1.1250594,0,0
2011-08-18 16:00:00,-1.102995,0,0
2011-08-18 17:00:00,-1.0640688,0,0
2011-08-18 18:00:00,-1.2146201,0,0
2011-08-18 19:00:00,-1.3024564,0,0
2011-08-18 20:00:00,-1.4578162,0,0
2011-08-18 21:00:00,-1.5476016,0,0
2011-08-18 22:00:00,-1.6311646,0,0
2011-08-18 23:00:00,-1.8189611,0,0
2011-08-19 00:00:00,-1.9460708,0,0
2011-08-19 01:00:00,-2.0006807,0,0
2011-08-19 02:00:00,-2.05424,0,0
2011-08-19 03:00:00,-1.9745936,0,0
2011-08-19 04:00:00,-1.8543259,0,0
2011-08-19 05:00:00,-1.6896824,0,0
2011-08-19 06:00:00,-1.5004053,0,0
2011-08-19 07:00:00,-1.4275166,0,0
2011-08-19 08:00:00,-1.3895093,0,0
2011-08-19 09:00:00,-1.0811272,0,0
2011-08-19 10:00:00,-0.82247895,0,0
2011-08-19 11:00:00,-0.6841227,0,0
2011-08-19 12:00:00,-0.59984064,0,0
2011-08-19 13:00:00,-0.37473327,0,0
2011-08-19 14:00:00,-0.21043555,0,0
2011-08-19 15:00:00,-0.19469532,0,0
2011-08-19 16:00:00,-0.2473134,0,0
2011-08-19 17:00:00,-0.24224767,0,0
2011-08-19 18:00:00,-0.51023996,0,0
2011-08-19 19:00:00,-0.7118558,0,0
2011-08-19 20:00:00,-0.8559538,0,0
2011-08-19 21:00:00,-0.90409297,0,0
2011-08-19 22:00:00,-0.97835165,0,0
2011-08-19 23:00:00,-1.0203398,0,0
2011-08-20 00:00:00,-1.0621104,1,0
2011-08-20 01:00:00,-1.0980717,1,0
2011-08-20 02:00:00,-1.2086287,1,0
2011-08-20 03:00:00,-1.3076144,1,0
2011-08-20 04:00:00,-1.4183426,1,0
2011-08-20 05:00:00,-1.7479006,1,0
2011-08-20 06:00:00,-1.8155676,1,0
2011-08-20 07:00:00,-1.9163347,1,0
2011-08-20 08:00:00,-1.8708339,1,0
2011-08-20 09:00:00,-1.64461,1,0
2011-08-20 10:00:00,-1.4422338,1,0
2011-08-20 11:00:00,-1.1966999,1,0
2011-08-20 12:00:00,-0.95487386,1,0
2011-08-20 13:00:00,-0.724666,1,0
2011-08-20 14:00:00,-0.56587493,1,0
2011-08-20 15:00:00,-0.53673166,1,0
2011-08-20 16:00:00,-0.59010655,1,0
2011-08-20 17:00:00,-0.3471289,1,0
2011-08-20 18:00:00,-0.61976594,1,0
2011-08-20 19:00:00,-0.9318749,1,0
2011-08-20 20:00:00,-1.2803737,1,0
2011-08-20 21:00:00,-1.5298506,1,0
2011-08-20 22:00:00,-1.7872182,1,0
2011-08-20 23:00:00,-2.1640515,1,0
2011-08-21 00:00:00,-2.454203,1,0
2011-08-21 01:00:00,-2.671901,1,0
2011-08-21 02:00:00,-2.8532267,1,0
2011-08-21 03:00:00,-2.999133,1,0
2011-08-21 04:00:00,-3.1112783,1,0
2011-08-21 05:00:00,-3.0877001,1,0
2011-08-21 06:00:00,-3.0043924,1,0
2011-08-21 07:00:00,-2.957772,1,0
2011-08-21 08:00:00,-2.7391057,1,0
2011-08-21 09:00:00,-2.0468183,1,0
2011-08-21 10:00:00,-1.3184601,1,0
2011-08-21 11:00:00,-0.91367185,1,0
2011-08-21 12:00:00,-0.902337,1,0
2011-08-21 13:00:00,-0.76263815,1,0
2011-08-21 14:00:00,-0.63435173,1,0
2011-08-21 15:00:00,-0.594092,1,0
2011-08-21 16:00:00,-0.62836576,1,0
2011-08-21 17:00:00,-0.43791935,1,0
2011-08-21 18:00:00,-0.8156259,1,0
2011-08-21 19:00:00,-1.068472,1,0
2011-08-21 20:00:00,-1.238769,1,0
2011-08-21 21:00:00,-1.3711108,1,0
2011-08-21 22:00:00,-1.504674,1,0
2011-08-21 23:00:00,-1.6357006,1,0
2011-08-22 00:00:00,-1.8048588,0,0
2011-08-22 01:00:00,-1.9892219,0,0
2011-08-22 02:00:00,-2.1419659,0,0
2011-08-22 03:00:00,-2.318825,0,0
2011-08-22 04:00:00,-2.5067425,0,0
2011-08-22 05:00:00,-2.7157478,0,0
2011-08-22 06:00:00,-2.835706,0,0
2011-08-22 07:00:00,-2.961302,0,0
2011-08-22 08:00:00,-2.6863468,0,0
2011-08-22 09:00:00,-1.694978,0,0
2011-08-22 10:00:00,-1.0271027,0,0
2011-08-22 11:00:00,-0.8009861,0,0
2011-08-22 12:00:00,-0.59668696,0,0
2011-08-22 13:00:00,-0.46118683,0,0
2011-08-22 14:00:00,-0.34234312,0,0
2011-08-22 15:00:00,-0.30461955,0,0
2011-08-22 16:00:00,-0.3437954,0,0
2011-08-22 17:00:00,-0.38707983,0,0
2011-08-22 18:00:00,-0.7249631,0,0
2011-08-22 19:00:00,-0.99349815,0,0
2011-08-22 20:00:00,-1.19293,0,0
2011-08-22 21:00:00,-1.4373477,0,0
2011-08-22 22:00:00,-1.7675846,0,0
2011-08-22 23:00:00,-1.9782524,0,0
2011-08-23 00:00:00,-2.1049457,0,0
2011-08-23 01:00:00,-2.1878695,0,0
2011-08-23 02:00:00,-2.2524126,0,0
2011-08-23 03:00:00,-2.3027961,0,0
2011-08-23 04:00:00,-2.3361416,0,0
2011-08-23 05:00:00,-2.3736389,0,0
2011-08-23 06:00:00,-2.3633912,0,0
2011-08-23 07:00:00,-2.380925,0,0
2011-08-23 08:00:00,-2.2100782,0,0
2011-08-23 09:00:00,-1.6977634,0,0
2011-08-23 10:00:00,-1.2579138,0,0
2011-08-23 11:00:00,-0.916245,0,0
2011-08-23 12:00:00,-0.63501936,0,0
2011-08-23 13:00:00,-0.43957373,0,0
2011-08-23 14:00:00,-0.3081584,0,0
2011-08-23 15:00:00,-0.25598317,0,0
2011-08-23 16:00:00,-0.26999122,0,0
2011-08-23 17:00:00,-0.26942143,0,0
2011-08-23 18:00:00,-0.6310071,0,0
2011-08-23 19:00:00,-0.8980456,0,0
2011-08-23 20:00:00,-1.0828911,0,0
2011-08-23 21:00:00,-1.2376858,0,0
2011-08-23 22:00:00,-1.38794,0,0
2011-08-23 23:00:00,-1.5303341,0,0
2011-08-24 00:00:00,-1.6460435,0,0
2011-08-24 01:00:00,-1.7636831,0,0
2011-08-24 02:00:00,-1.8464634,0,0
2011-08-24 03:00:00,-1.9305121,0,0
2011-08-24 04:00:00,-2.0029428,0,0
2011-08-24 05:00:00,-2.0917032,0,0
2011-08-24 06:00:00,-2.1457531,0,0
2011-08-24 07:00:00,-2.176562,0,0
2011-08-24 08:00:00,-2.0049796,0,0
2011-08-24 09:00:00,-1.4955951,0,0
2011-08-24 10:00:00,-0.9938182,0,0
2011-08-24 11:00:00,-0.627075,0,0
2011-08-24 12:00:00,-0.39026505,0,0
2011-08-24 13:00:00,-0.22076301,0,0
2011-08-24 14:00:00,-0.11839241,0,0
2011-08-24 15:00:00,-0.10456649,0,0
2011-08-24 16:00:00,-0.095024146,0,0
2011-08-24 17:00:00,-0.15001279,0,0
2011-08-24 18:00:00,-0.49128783,0,0
2011-08-24 19:00:00,-0.7421676,0,0
2011-08-24 20:00:00,-0.90775293,0,0
2011-08-24 21:00:00,-1.0342062,0,0
2011-08-24 22:00:00,-1.1382978,0,0
2011-08-24 23:00:00,-1.1936903,0,0
2011-08-25 00:00:00,-1.2240138,0,0
2011-08-25 01:00:00,-1.2352481,0,0
2011-08-25 02:00:00,-1.2581003,0,0
2011-08-25 03:00:00,-1.2913023,0,0
2011-08-25 04:00:00,-1.3272117,0,0
2011-08-25 05:00:00,-1.4319546,0,0
2011-08-25 06:00:00,-1.4820186,0,0
2011-08-25 07:00:00,-1.5163125,0,0
2011-08-25 08:00:00,-1.4159565,0,0
2011-08-25 09:00:00,-1.1513162,0,0
2011-08-25 10:00:00,-0.8191004,0,0
2011-08-25 11:00:00,-0.48290354,0,0
2011-08-25 12:00:00,-0.19618344,0,0
2011-08-25 13:00:00,0.022359734,0,0
2011-08-25 14:00:00,0.048334092,0,0
2011-08-25 15:00:00,-0.07702027,0,0
2011-08-25 16:00:00,-0.26013288,0,0
2011-08-25 17:00:00,-0.41498336,0,0
2011-08-25 18:00:00,-0.70810354,0,0
2011-08-25 19:00:00,-0.9603431,0,0
2011-08-25 20:00:00,-1.1769459,0,0
2011-08-25 21:00:00,-1.3427991,0,0
2011-08-25 22:00:00,-1.5115358,0,0
2011-08-25 23:00:00,-1.6319622,0,0
2011-08-26 00:00:00,-1.7192885,0,0
2011-08-26 01:00:00,-1.7815456,0,0
2011-08-26 02:00:00,-1.8410902,0,0
2011-08-26 03:00:00,-1.7906649,0,0
2011-08-26 04:00:00,-1.8336568,0,0
2011-08-26 05:00:00,-1.9429455,0,0
2011-08-26 06:00:00,-2.0589228,0,0
2011-08-26 07:00:00,-2.200187,0,0
2011-08-26 08:00:00,-2.1010575,0,0
2011-08-26 09:00:00,-1.7858865,0,0
2011-08-26 10:00:00,-1.6600151,0,0
2011-08-26 11:00:00,-1.4766986,0,0
2011-08-26 12:00:00,-1.3020247,0,0
2011-08-26 13:00:00,-1.1919706,0,0
2011-08-26 14:00:00,-1.0937572,0,0
2011-08-26 15:00:00,-1.0824728,0,0
2011-08-26 16:00:00,-1.1729338,0,0
2011-08-26 17:00:00,-1.2600933,0,0
2011-08-26 18:00:00,-1.4316709,0,0
2011-08-26 19:00:00,-1.5471699,0,0
2011-08-26 20:00:00,-1.6225241,0,0
2011-08-26 21:00:00,-1.79574,0,0
2011-08-26 22:00:00,-1.9580545,0,0
2011-08-26 23:00:00,-2.2318463,0,0
2011-08-27 00:00:00,-2.303527,1,0
2011-08-27 01:00:00,-2.4623942,1,0
2011-08-27 02:00:00,-2.6196046,1,0
2011-08-27 03:00:00,-2.705412,1,0
2011-08-27 04:00:00,-2.5966883,1,0
2011-08-27 05:00:00,-2.628088,1,0
2011-08-27 06:00:00,-2.6500726,1,0
2011-08-27 07:00:00,-2.6477711,1,0
2011-08-27 08:00:00,-2.4949114,1,0
2011-08-27 09:00:00,-2.118686,1,0
2011-08-27 10:00:00,-1.762617,1,0
2011-08-27 11:00:00,-1.3797482,1,0
2011-08-27 12:00:00,-1.1714559,1,0
2011-08-27 13:00:00,-1.0898242,1,0
2011-08-27 14:00:00,-1.1050433,1,0
2011-08-27 15:00:00,-1.0883441,1,0
2011-08-27 16:00:00,-1.0662351,1,0
2011-08-27 17:00:00,-0.995004,1,0
2011-08-27 18:00:00,-0.9919459,1,0
2011-08-27 19:00:00,-1.3128207,1,0
2011-08-27 20:00:00,-1.6632267,1,0
2011-08-27 21:00:00,-1.9038345,1,0
2011-08-27 22:00:00,-1.9793665,1,0
2011-08-27 23:00:00,-2.1353552,1,0
2011-08-28 00:00:00,-2.2430336,1,0
2011-08-28 01:00:00,-2.3234212,1,0
2011-08-28 02:00:00,-2.3676815,1,0
2011-08-28 03:00:00,-2.4160933,1,0
2011-08-28 04:00:00,-2.4621868,1,0
2011-08-28 05:00:00,-2.5289795,1,0
2011-08-28 06:00:00,-2.55852,1,0
2011-08-28 07:00:00,-2.595138,1,0
2011-08-28 08:00:00,-2.3672142,1,0
2011-08-28 09:00:00,-1.7820053,1,0
2011-08-28 10:00:00,-1.265675,1,0
2011-08-28 11:00:00,-0.88765603,1,0
2011-08-28 12:00:00,-0.6198243,1,0
2011-08-28 13:00:00,-0.5202477,1,0
2011-08-28 14:00:00,-0.49003497,1,0
2011-08-28 15:00:00,-0.5343836,1,0
2011-08-28 16:00:00,-0.6025902,1,0
2011-08-28 17:00:00,-0.8162872,1,0
2011-08-28 18:00:00,-1.0793915,1,0
2011-08-28 19:00:00,-1.2821046,1,0
2011-08-28 20:00:00,-1.4458567,1,0
2011-08-28 21:00:00,-1.543792,1,0
2011-08-28 22:00:00,-1.5990086,1,0
2011-08-28 23:00:00,-1.6413388,1,0
2011-08-29 00:00:00,-1.6610895,0,0
2011-08-29 01:00:00,-1.6708792,0,0
2011-08-29 02:00:00,-1.6839417,0,0
2011-08-29 03:00:00,-1.488788,0,0
2011-08-29 04:00:00,-1.5890422,0,0
2011-08-29 05:00:00,-1.5060267,0,0
2011-08-29 06:00:00,-1.4491585,0,0
2011-08-29 07:00:00,-1.4337738,0,0
2011-08-29 08:00:00,-1.4275812,0,0
2011-08-29 09:00:00,-1.3680018,0,0
2011-08-29 10:00:00,-1.3468857,0,0
2011-08-29 11:00:00,-1.3079764,0,0
2011-08-29 12:00:00,-1.2699016,0,0
2011-08-29 13:00:00,-1.2342771,0,0
2011-08-29 14:00:00,-1.2272172,0,0
2011-08-29 15:00:00,-1.3037276,0,0
2011-08-29 16:00:00,-1.3381479,0,0
2011-08-29 17:00:00,-1.438575,0,0
2011-08-29 18:00:00,-1.5808053,0,0
2011-08-29 19:00:00,-1.7021133,0,0
2011-08-29 20:00:00,-1.7468143,0,0
2011-08-29 21:00:00,-1.8136536,0,0
2011-08-29 22:00:00,-1.8646816,0,0
2011-08-29 23:00:00,-1.9516071,0,0
2011-08-30 00:00:00,-2.1948948,0,0
2011-08-30 01:00:00,-2.4026372,0,0
2011-08-30 02:00:00,-2.5747848,0,0
2011-08-30 03:00:00,-2.6695027,0,0
2011-08-30 04:00:00,-2.7513294,0,0
2011-08-30 05:00:00,-2.9980395,0,0
2011-08-30 06:00:00,-3.093317,0,0
2011-08-30 07:00:00,-3.1823974,0,0
2011-08-30 08:00:00,-2.8597882,0,0
2011-08-30 09:00:00,-2.36,0,0
2011-08-30 10:00:00,-1.966793,0,0
2011-08-30 11:00:00,-1.6456281,0,0
2011-08-30 12:00:00,-1.4907987,0,0
2011-08-30 13:00:00,-1.4011537,0,0
2011-08-30 14:00:00,-1.3666335,0,0
2011-08-30 15:00:00,-1.3541383,0,0
2011-08-30 16:00:00,-1.3574129,0,0
2011-08-30 17:00:00,-1.3309443,0,0
2011-08-30 18:00:00,-1.4312332,0,0
2011-08-30 19:00:00,-1.5371133,0,0
2011-08-30 20:00:00,-1.6369615,0,0
2011-08-30 21:00:00,-1.6887672,0,0
2011-08-30 22:00:00,-1.7518021,0,0
2011-08-30 23:00:00,-1.7915957,0,0
2011-08-31 00:00:00,-1.8726225,0,0
2011-08-31 01:00:00,-1.9016776,0,0
2011-08-31 02:00:00,-1.8994607,0,0
2011-08-31 03:00:00,-1.954539,0,0
2011-08-31 04:00:00,-2.0275345,0,0
2011-08-31 05:00:00,-2.0299106,0,0
2011-08-31 06:00:00,-2.0084336,0,0
2011-08-31 07:00:00,-1.9395256,0,0
2011-08-31 08:00:00,-1.7056442,0,0
2011-08-31 09:00:00,-1.4461908,0,0
2011-08-31 10:00:00,-1.234505,0,0
2011-08-31 11:00:00,-1.1614523,0,0
2011-08-31 12:00:00,-1.0529286,0,0
2011-08-31 13:00:00,-0.975506,0,0
2011-08-31 14:00:00,-0.88747144,0,0
2011-08-31 15:00:00,-0.90541345,0,0
2011-08-31 16:00:00,-0.9167242,0,0
2011-08-31 17:00:00,-0.93035364,0,0
2011-08-31 18:00:00,-1.0397239,0,0
2011-08-31 19:00:00,-1.096905,0,0
2011-08-31 20:00:00,-1.1473509,0,0
2011-08-31 21:00:00,-1.3554703,0,0
2011-08-31 22:00:00,-1.3992448,0,0
2011-08-31 23:00:00,-1.5167876,0,0
2011-09-01 00:00:00,-1.6210501,0,0
2011-09-01 01:00:00,-1.74816,0,0
2011-09-01 02:00:00,-1.9355867,0,0
2011-09-01 03:00:00,-1.9856557,0,0
2011-09-01 04:00:00,-2.025935,0,0
2011-09-01 05:00:00,-2.101244,0,0
2011-09-01 06:00:00,-2.2398007,0,0
2011-09-01 07:00:00,-2.2987802,0,0
2011-09-01 08:00:00,-2.0071287,0,0
2011-09-01 09:00:00,-1.3369707,0,0
2011-09-01 10:00:00,-1.1576666,0,0
2011-09-01 11:00:00,-1.0368805,0,0
2011-09-01 12:00:00,-0.8399833,0,0
2011-09-01 13:00:00,-0.7525136,0,0
2011-09-01 14:00:00,-0.68579507,0,0
2011-09-01 15:00:00,-0.63095737,0,0
2011-09-01 16:00:00,-0.6351337,0,0
2011-09-01 17:00:00,-0.5704147,0,0
2011-09-01 18:00:00,-0.81539416,0,0
2011-09-01 19:00:00,-1.0568504,0,0
2011-09-01 20:00:00,-1.2552904,0,0
2011-09-01 21:00:00,-1.4155521,0,0
2011-09-01 22:00:00,-1.561751,0,0
2011-09-01 23:00:00,-1.7083387,0,0
2011-09-02 00:00:00,-1.8775557,0,0
2011-09-02 01:00:00,-2.0798728,0,0
2011-09-02 02:00:00,-2.0853276,0,0
2011-09-02 03:00:00,-2.0929005,0,0
2011-09-02 04:00:00,-2.2120986,0,0
2011-09-02 05:00:00,-2.4323037,0,0
2011-09-02 06:00:00,-2.477832,0,0
2011-09-02 07:00:00,-2.4646535,0,0
2011-09-02 08:00:00,-2.3397467,0,0
2011-09-02 09:00:00,-2.0154924,0,0
2011-09-02 10:00:00,-1.4956634,0,0
2011-09-02 11:00:00,-1.0332623,0,0
2011-09-02 12:00:00,-0.47001618,0,0
2011-09-02 13:00:00,-0.11675891,0,0
2011-09-02 14:00:00,0.055889267,0,0
2011-09-02 15:00:00,0.09732613,0,0
2011-09-02 16:00:00,0.073453896,0,0
2011-09-02 17:00:00,-0.024946572,0,0
2011-09-02 18:00:00,-0.3651713,0,0
2011-09-02 19:00:00,-0.6549654,0,0
2011-09-02 20:00:00,-0.8418619,0,0
2011-09-02 21:00:00,-0.9696301,0,0
2011-09-02 22:00:00,-1.0756932,0,0
2011-09-02 23:00:00,-1.1597834,0,0
2011-09-03 00:00:00,-1.2459694,1,0
2011-09-03 01:00:00,-1.3487028,1,0
2011-09-03 02:00:00,-1.4547088,1,0
2011-09-03 03:00:00,-1.5576184,1,0
2011-09-03 04:00:00,-1.6364126,1,0
2011-09-03 05:00:00,-1.7159103,1,0
2011-09-03 06:00:00,-1.759633,1,0
2011-09-03 07:00:00,-1.7267886,1,0
2011-09-03 08:00:00,-1.5026385,1,0
2011-09-03 09:00:00,-1.1699008,1,0
2011-09-03 10:00:00,-0.8106392,1,0
2011-09-03 11:00:00,-0.47556713,1,0
2011-09-03 12:00:00,-0.176526,1,0
2011-09-03 13:00:00,0.035244167,1,0
2011-09-03 14:00:00,0.2167927,1,0
2011-09-03 15:00:00,0.30237728,1,0
2011-09-03 16:00:00,0.30920696,1,0
2011-09-03 17:00:00,0.15896134,1,0
2011-09-03 18:00:00,-0.058151517,1,0
2011-09-03 19:00:00,-0.21941397,1,0
2011-09-03 20:00:00,-0.3034128,1,0
2011-09-03 21:00:00,-0.32089162,1,0
2011-09-03 22:00:00,-0.3045619,1,0
2011-09-03 23:00:00,-0.2794927,1,0
2011-09-04 00:00:00,-0.2615009,1,0
2011-09-04 01:00:00,-0.27311888,1,0
2011-09-04 02:00:00,-0.29325318,1,0
2011-09-04 03:00:00,-0.33137953,1,0
2011-09-04 04:00:00,-0.38876608,1,0
2011-09-04 05:00:00,-0.38676187,1,0
2011-09-04 06:00:00,-0.44144082,1,0
2011-09-04 07:00:00,-0.5023227,1,0
2011-09-04 08:00:00,-0.42911953,1,0
2011-09-04 09:00:00,-0.12603833,1,0
2011-09-04 10:00:00,0.12967417,1,0
2011-09-04 11:00:00,0.42063466,1,0
2011-09-04 12:00:00,0.6188343,1,0
2011-09-04 13:00:00,0.77104276,1,0
2011-09-04 14:00:00,0.8706871,1,0
2011-09-04 15:00:00,0.8130307,1,0
2011-09-04 16:00:00,0.53762597,1,0
2011-09-04 17:00:00,0.4001125,1,0
2011-09-04 18:00:00,0.16524796,1,0
2011-09-04 19:00:00,-0.053378448,1,0
2011-09-04 20:00:00,-0.1331561,1,0
2011-09-04 21:00:00,-0.27830958,1,0
2011-09-04 22:00:00,-0.51697695,1,0
2011-09-04 23:00:00,-0.7563994,1,0
2011-09-05 00:00:00,-1.0449871,0,0
2011-09-05 01:00:00,-1.3660114,0,0
2011-09-05 02:00:00,-1.4207178,0,0
2011-09-05 03:00:00,-1.4015127,0,0
2011-09-05 04:00:00,-1.4969097,0,0
2011-09-05 05:00:00,-1.5331388,0,0
2011-09-05 06:00:00,-1.5403178,0,0
2011-09-05 07:00:00,-1.5654888,0,0
2011-09-05 08:00:00,-1.4135137,0,0
2011-09-05 09:00:00,-1.0162846,0,0
2011-09-05 10:00:00,-0.53566337,0,0
2011-09-05 11:00:00,-0.107089646,0,0
2011-09-05 12:00:00,0.2542711,0,0
2011-09-05 13:00:00,0.35649675,0,0
2011-09-05 14:00:00,0.4135256,0,0
2011-09-05 15:00:00,0.37930208,0,0
2011-09-05 16:00:00,0.2752239,0,0
2011-09-05 17:00:00,0.25617245,0,0
2011-09-05 18:00:00,-0.0730631,0,0
2011-09-05 19:00:00,-0.29686958,0,0
2011-09-05 20:00:00,-0.38309553,0,0
2011-09-05 21:00:00,-0.43568912,0,0
2011-09-05 22:00:00,-0.4455689,0,0
2011-09-05 23:00:00,-0.4303795,0,0
2011-09-06 00:00:00,-0.36958742,0,0
2011-09-06 01:00:00,-0.3490695,0,0
2011-09-06 02:00:00,-0.38664106,0,0
2011-09-06 03:00:00,-0.4579695,0,0
2011-09-06 04:00:00,-0.56852126,0,0
2011-09-06 05:00:00,-0.5604955,0,0
2011-09-06 06:00:00,-0.641688,0,0
2011-09-06 07:00:00,-0.7217556,0,0
2011-09-06 08:00:00,-0.59698707,0,0
2011-09-06 09:00:00,-0.3499067,0,0
2011-09-06 10:00:00,-0.535187,0,0
2011-09-06 11:00:00,-0.6729954,0,0
2011-09-06 12:00:00,-0.82594144,0,0
2011-09-06 13:00:00,-1.0110439,0,0
2011-09-06 14:00:00,-0.88707364,0,0
2011-09-06 15:00:00,-0.9311367,0,0
2011-09-06 16:00:00,-1.1810541,0,0
2011-09-06 17:00:00,-1.4071692,0,0
2011-09-06 18:00:00,-1.6265833,0,0
2011-09-06 19:00:00,-1.7623066,0,0
2011-09-06 20:00:00,-1.848719,0,0
2011-09-06 21:00:00,-1.9263126,0,0
2011-09-06 22:00:00,-1.9931574,0,0
2011-09-06 23:00:00,-2.0900972,0,0
2011-09-07 00:00:00,-2.1813993,0,0
2011-09-07 01:00:00,-2.246193,0,0
2011-09-07 02:00:00,-2.2848203,0,0
2011-09-07 03:00:00,-2.3354595,0,0
2011-09-07 04:00:00,-2.3695464,0,0
2011-09-07 05:00:00,-2.4383485,0,0
2011-09-07 06:00:00,-2.4678943,0,0
2011-09-07 07:00:00,-2.44913,0,0
2011-09-07 08:00:00,-2.2077081,0,0
2011-09-07 09:00:00,-1.9017032,0,0
2011-09-07 10:00:00,-1.7066046,0,0
2011-09-07 11:00:00,-1.5486664,0,0
2011-09-07 12:00:00,-1.4464598,0,0
2011-09-07 13:00:00,-1.4745233,0,0
2011-09-07 14:00:00,-1.3600525,0,0
2011-09-07 15:00:00,-1.3682048,0,0
2011-09-07 16:00:00,-1.4259871,0,0
2011-09-07 17:00:00,-1.4580735,0,0
2011-09-07 18:00:00,-1.5358005,0,0
2011-09-07 19:00:00,-1.6964738,0,0
2011-09-07 20:00:00,-1.8822888,0,0
2011-09-07 21:00:00,-2.0249903,0,0
2011-09-07 22:00:00,-1.9781424,0,0
2011-09-07 23:00:00,-2.004881,0,0
2011-09-08 00:00:00,-2.0854964,0,0
2011-09-08 01:00:00,-2.2502105,0,0
2011-09-08 02:00:00,-2.5479605,0,0
2011-09-08 03:00:00,-2.603042,0,0
2011-09-08 04:00:00,-2.6548975,0,0
2011-09-08 05:00:00,-2.6685991,0,0
2011-09-08 06:00:00,-2.7567997,0,0
2011-09-08 07:00:00,-2.7619796,0,0
2011-09-08 08:00:00,-2.3004973,0,0
2011-09-08 09:00:00,-1.7298847,0,0
2011-09-08 10:00:00,-1.4851161,0,0
2011-09-08 11:00:00,-1.3047142,0,0
2011-09-08 12:00:00,-1.1466019,0,0
2011-09-08 13:00:00,-1.1106375,0,0
2011-09-08 14:00:00,-1.1069905,0,0
2011-09-08 15:00:00,-1.1977019,0,0
2011-09-08 16:00:00,-1.28309,0,0
2011-09-08 17:00:00,-1.408633,0,0
2011-09-08 18:00:00,-1.522425,0,0
2011-09-08 19:00:00,-1.5706666,0,0
2011-09-08 20:00:00,-1.774995,0,0
2011-09-08 21:00:00,-1.9962821,0,0
2011-09-08 22:00:00,-2.111603,0,0
2011-09-08 23:00:00,-2.2416432,0,0
2011-09-09 00:00:00,-2.4236546,0,0
2011-09-09 01:00:00,-2.552912,0,0
2011-09-09 02:00:00,-2.6140392,0,0
2011-09-09 03:00:00,-2.5627348,0,0
2011-09-09 04:00:00,-2.3862553,0,0
2011-09-09 05:00:00,-2.1964042,0,0
2011-09-09 06:00:00,-2.1580603,0,0
2011-09-09 07:00:00,-2.1681974,0,0
2011-09-09 08:00:00,-2.0571306,0,0
2011-09-09 09:00:00,-1.9616052,0,0
2011-09-09 10:00:00,-1.8334429,0,0
2011-09-09 11:00:00,-1.6876309,0,0
2011-09-09 12:00:00,-1.5460399,0,0
2011-09-09 13:00:00,-1.434814,0,0
2011-09-09 14:00:00,-1.4220834,0,0
2011-09-09 15:00:00,-1.4608111,0,0
2011-09-09 16:00:00,-1.6952472,0,0
2011-09-09 17:00:00,-1.8218079,0,0
2011-09-09 18:00:00,-1.9735085,0,0
2011-09-09 19:00:00,-2.0506253,0,0
2011-09-09 20:00:00,-2.1218345,0,0
2011-09-09 21:00:00,-2.1603272,0,0
2011-09-09 22:00:00,-2.2060733,0,0
2011-09-09 23:00:00,-2.1835458,0,0
2011-09-10 00:00:00,-2.157357,1,0
2011-09-10 01:00:00,-2.1329963,1,0
2011-09-10 02:00:00,-2.098457,1,0
2011-09-10 03:00:00,-2.0445192,1,0
2011-09-10 04:00:00,-1.9887482,1,0
2011-09-10 05:00:00,-1.9792258,1,0
2011-09-10 06:00:00,-1.9959494,1,0
2011-09-10 07:00:00,-1.9679551,1,0
2011-09-10 08:00:00,-1.8447847,1,0
2011-09-10 09:00:00,-1.7480327,1,0
2011-09-10 10:00:00,-1.6300166,1,0
2011-09-10 11:00:00,-1.4773123,1,0
2011-09-10 12:00:00,-1.3440325,1,0
2011-09-10 13:00:00,-1.2379124,1,0
2011-09-10 14:00:00,-1.1985871,1,0
2011-09-10 15:00:00,-1.1599975,1,0
2011-09-10 16:00:00,-1.178852,1,0
2011-09-10 17:00:00,-1.1834326,1,0
2011-09-10 18:00:00,-1.3054713,1,0
2011-09-10 19:00:00,-1.4231404,1,0
2011-09-10 20:00:00,-1.5036488,1,0
2011-09-10 21:00:00,-1.5545007,1,0
2011-09-10 22:00:00,-1.6398919,1,0
2011-09-10 23:00:00,-1.6878134,1,0
2011-09-11 00:00:00,-1.6725342,1,0
2011-09-11 01:00:00,-1.7471817,1,0
2011-09-11 02:00:00,-1.806721,1,0
2011-09-11 03:00:00,-1.8188297,1,0
2011-09-11 04:00:00,-1.898018,1,0
2011-09-11 05:00:00,-1.8720001,1,0
2011-09-11 06:00:00,-1.8774202,1,0
2011-09-11 07:00:00,-1.8839377,1,0
2011-09-11 08:00:00,-1.7772405,1,0
2011-09-11 09:00:00,-1.6147618,1,0
2011-09-11 10:00:00,-1.50775,1,0
2011-09-11 11:00:00,-1.2169849,1,0
2011-09-11 12:00:00,-1.2577858,1,0
2011-09-11 13:00:00,-1.3401169,1,0
2011-09-11 14:00:00,-1.3586011,1,0
2011-09-11 15:00:00,-1.4168448,1,0
2011-09-11 16:00:00,-1.63365,1,0
2011-09-11 17:00:00,-1.5663149,1,0
2011-09-11 18:00:00,-1.7512071,1,0
2011-09-11 19:00:00,-1.9287716,1,0
2011-09-11 20:00:00,-2.0176256,1,0
2011-09-11 21:00:00,-2.1157372,1,0
2011-09-11 22:00:00,-2.1844096,1,0
2011-09-11 23:00:00,-2.230892,1,0
2011-09-12 00:00:00,-2.3324523,0,0
2011-09-12 01:00:00,-2.3871417,0,0
2011-09-12 02:00:00,-2.5279307,0,0
2011-09-12 03:00:00,-2.6232882,0,0
2011-09-12 04:00:00,-2.6393776,0,0
2011-09-12 05:00:00,-2.8069842,0,0
2011-09-12 06:00:00,-2.9598715,0,0
2011-09-12 07:00:00,-2.973739,0,0
2011-09-12 08:00:00,-2.6391075,0,0
2011-09-12 09:00:00,-2.2401884,0,0
2011-09-12 10:00:00,-2.0479286,0,0
2011-09-12 11:00:00,-1.8212883,0,0
2011-09-12 12:00:00,-1.6992221,0,0
2011-09-12 13:00:00,-1.5458838,0,0
2011-09-12 14:00:00,-1.4669825,0,0
2011-09-12 15:00:00,-1.4252142,0,0
2011-09-12 16:00:00,-1.4531637,0,0
2011-09-12 17:00:00,-1.4723588,0,0
2011-09-12 18:00:00,-1.5475785,0,0
2011-09-12 19:00:00,-1.6331532,0,0
2011-09-12 20:00:00,-1.7330066,0,0
2011-09-12 21:00:00,-1.8662226,0,0
2011-09-12 22:00:00,-1.9339365,0,0
2011-09-12 23:00:00,-2.0612638,0,0
2011-09-13 00:00:00,-2.1520753,0,0
2011-09-13 01:00:00,-2.2120085,0,0
2011-09-13 02:00:00,-2.2008812,0,0
2011-09-13 03:00:00,-2.2044735,0,0
2011-09-13 04:00:00,-2.1397123,0,0
2011-09-13 05:00:00,-2.2552786,0,0
2011-09-13 06:00:00,-2.29722,0,0
2011-09-13 07:00:00,-2.2935636,0,0
2011-09-13 08:00:00,-2.0565863,0,0
2011-09-13 09:00:00,-1.7280091,0,0
2011-09-13 10:00:00,-1.2770219,0,0
2011-09-13 11:00:00,-1.140979,0,0
2011-09-13 12:00:00,-0.92089266,0,0
2011-09-13 13:00:00,-0.75195545,0,0
2011-09-13 14:00:00,-0.60940236,0,0
2011-09-13 15:00:00,-0.57845896,0,0
2011-09-13 16:00:00,-0.58704656,0,0
2011-09-13 17:00:00,-0.5755949,0,0
2011-09-13 18:00:00,-0.8712396,0,0
2011-09-13 19:00:00,-1.1263183,0,0
2011-09-13 20:00:00,-1.2676172,0,0
2011-09-13 21:00:00,-1.356333,0,0
2011-09-13 22:00:00,-1.4179283,0,0
2011-09-13 23:00:00,-1.4455392,0,0
2011-09-14 00:00:00,-1.5069118,0,0
2011-09-14 01:00:00,-1.5583235,0,0
2011-09-14 02:00:00,-1.6209642,0,0
2011-09-14 03:00:00,-1.6939548,0,0
2011-09-14 04:00:00,-1.7669452,0,0
2011-09-14 05:00:00,-1.7557851,0,0
2011-09-14 06:00:00,-1.8115199,0,0
2011-09-14 07:00:00,-1.7840903,0,0
2011-09-14 08:00:00,-1.4649129,0,0
2011-09-14 09:00:00,-1.1323601,0,0
2011-09-14 10:00:00,-0.85906,0,0
2011-09-14 11:00:00,-0.6774575,0,0
2011-09-14 12:00:00,-0.6805191,0,0
2011-09-14 13:00:00,-0.6499105,0,0
2011-09-14 14:00:00,-0.69644624,0,0
2011-09-14 15:00:00,-0.7711578,0,0
2011-09-14 16:00:00,-0.88252217,0,0
2011-09-14 17:00:00,-0.9168234,0,0
2011-09-14 18:00:00,-1.100665,0,0
2011-09-14 19:00:00,-1.2637658,0,0
2011-09-14 20:00:00,-1.4208398,0,0
2011-09-14 21:00:00,-1.5551633,0,0
2011-09-14 22:00:00,-1.6938047,0,0
2011-09-14 23:00:00,-1.8409624,0,0
2011-09-15 00:00:00,-1.990268,0,0
2011-09-15 01:00:00,-2.1389618,0,0
2011-09-15 02:00:00,-2.2642434,0,0
2011-09-15 03:00:00,-2.3864236,0,0
2011-09-15 04:00:00,-2.509483,0,0
2011-09-15 05:00:00,-2.6283908,0,0
2011-09-15 06:00:00,-2.7176418,0,0
2011-09-15 07:00:00,-2.728973,0,0
2011-09-15 08:00:00,-2.2008708,0,0
2011-09-15 09:00:00,-1.5935283,0,0
2011-09-15 10:00:00,-1.2600491,0,0
2011-09-15 11:00:00,-1.1484532,0,0
2011-09-15 12:00:00,-0.9879424,0,0
2011-09-15 13:00:00,-0.93734497,0,0
2011-09-15 14:00:00,-0.9184705,0,0
2011-09-15 15:00:00,-0.9245787,0,0
2011-09-15 16:00:00,-0.8914219,0,0
2011-09-15 17:00:00,-0.8932416,0,0
2011-09-15 18:00:00,-0.97139174,0,0
2011-09-15 19:00:00,-1.1312996,0,0
2011-09-15 20:00:00,-1.350866,0,0
2011-09-15 21:00:00,-1.6258193,0,0
2011-09-15 22:00:00,-1.8372699,0,0
2011-09-15 23:00:00,-1.9750956,0,0
2011-09-16 00:00:00,-2.0476696,0,0
2011-09-16 01:00:00,-2.0624583,0,0
2011-09-16 02:00:00,-1.9716415,0,0
2011-09-16 03:00:00,-1.8314174,0,0
2011-09-16 04:00:00,-1.7016551,0,0
2011-09-16 05:00:00,-1.7074367,0,0
2011-09-16 06:00:00,-1.6927224,0,0
2011-09-16 07:00:00,-1.6458099,0,0
2011-09-16 08:00:00,-1.4821149,0,0
2011-09-16 09:00:00,-1.264249,0,0
2011-09-16 10:00:00,-0.9847648,0,0
2011-09-16 11:00:00,-0.40994555,0,0
2011-09-16 12:00:00,0.110704504,0,0
2011-09-16 13:00:00,0.34498003,0,0
2011-09-16 14:00:00,0.37617755,0,0
2011-09-16 15:00:00,0.23150228,0,0
2011-09-16 16:00:00,0.18347667,0,0
2011-09-16 17:00:00,0.186241,0,0
2011-09-16 18:00:00,-0.10201722,0,0
2011-09-16 19:00:00,-0.4128772,0,0
2011-09-16 20:00:00,-0.64210397,0,0
2011-09-16 21:00:00,-0.89651537,0,0
2011-09-16 22:00:00,-0.9355079,0,0
2011-09-16 23:00:00,-1.3332065,0,0
2011-09-17 00:00:00,-1.6825725,1,0
2011-09-17 01:00:00,-1.874783,1,0
2011-09-17 02:00:00,-1.9776512,1,0
2011-09-17 03:00:00,-1.9501199,1,0
2011-09-17 04:00:00,-1.9502215,1,0
2011-09-17 05:00:00,-1.9519336,1,0
2011-09-17 06:00:00,-1.9178848,1,0
2011-09-17 07:00:00,-1.7941271,1,0
2011-09-17 08:00:00,-1.4428293,1,0
2011-09-17 09:00:00,-0.7268687,1,0
2011-09-17 10:00:00,-0.08991842,1,0
2011-09-17 11:00:00,0.3565781,1,0
2011-09-17 12:00:00,0.6734559,1,0
2011-09-17 13:00:00,0.8850706,1,0
2011-09-17 14:00:00,1.0178837,1,0
2011-09-17 15:00:00,1.1126515,1,0
2011-09-17 16:00:00,1.1003972,1,0
2011-09-17 17:00:00,0.94410235,1,0
2011-09-17 18:00:00,0.64614916,1,0
2011-09-17 19:00:00,0.42026943,1,0
2011-09-17 20:00:00,0.24837387,1,0
2011-09-17 21:00:00,0.14369655,1,0
2011-09-17 22:00:00,-0.17163813,1,0
2011-09-17 23:00:00,-0.17791703,1,0
2011-09-18 00:00:00,-0.29819995,1,0
2011-09-18 01:00:00,-0.32071036,1,0
2011-09-18 02:00:00,-0.4634656,1,0
2011-09-18 03:00:00,-0.51155806,1,0
2011-09-18 04:00:00,-0.5334565,1,0
2011-09-18 05:00:00,-0.54976374,1,0
2011-09-18 06:00:00,-0.60166097,1,0
2011-09-18 07:00:00,-0.62682664,1,0
2011-09-18 08:00:00,-0.5011266,1,0
2011-09-18 09:00:00,-0.38467386,1,0
2011-09-18 10:00:00,-0.19867927,1,0
2011-09-18 11:00:00,-0.04027999,1,0
2011-09-18 12:00:00,0.1120598,1,0
2011-09-18 13:00:00,0.22605035,1,0
2011-09-18 14:00:00,0.35707897,1,0
2011-09-18 15:00:00,0.4165542,1,0
2011-09-18 16:00:00,0.43634975,1,0
2011-09-18 17:00:00,0.41715476,1,0
2011-09-18 18:00:00,0.20731935,1,0
2011-09-18 19:00:00,-0.12866172,1,0
2011-09-18 20:00:00,-0.37785694,1,0
2011-09-18 21:00:00,-0.57608443,1,0
2011-09-18 22:00:00,-0.78953904,1,0
2011-09-18 23:00:00,-1.091578,1,0
2011-09-19 00:00:00,-1.4155847,0,0
2011-09-19 01:00:00,-1.6087979,0,0
2011-09-19 02:00:00,-1.671171,0,0
2011-09-19 03:00:00,-1.5833416,0,0
2011-09-19 04:00:00,-1.4331446,0,0
2011-09-19 05:00:00,-1.3382139,0,0
2011-09-19 06:00:00,-1.1982179,0,0
2011-09-19 07:00:00,-1.0006073,0,0
2011-09-19 08:00:00,-0.5589262,0,0
2011-09-19 09:00:00,-0.038374644,0,0
2011-09-19 10:00:00,0.39550537,0,0
2011-09-19 11:00:00,0.80418986,0,0
2011-09-19 12:00:00,1.0928969,0,0
2011-09-19 13:00:00,1.3095844,0,0
2011-09-19 14:00:00,1.4979701,0,0
2011-09-19 15:00:00,1.6221768,0,0
2011-09-19 16:00:00,1.6567935,0,0
2011-09-19 17:00:00,1.4407794,0,0
2011-09-19 18:00:00,0.99668115,0,0
2011-09-19 19:00:00,0.62459713,0,0
2011-09-19 20:00:00,0.50507224,0,0
2011-09-19 21:00:00,0.4004328,0,0
2011-09-19 22:00:00,0.3893765,0,0
2011-09-19 23:00:00,0.28930753,0,0
2011-09-20 00:00:00,0.10484558,0,0
2011-09-20 01:00:00,-0.035202112,0,0
2011-09-20 02:00:00,-0.31072244,0,0
2011-09-20 03:00:00,-0.5606137,0,0
2011-09-20 04:00:00,-0.7412776,0,0
2011-09-20 05:00:00,-0.74157465,0,0
2011-09-20 06:00:00,-0.88118166,0,0
2011-09-20 07:00:00,-0.9392075,0,0
2011-09-20 08:00:00,-0.88742423,0,0
2011-09-20 09:00:00,-0.87551415,0,0
2011-09-20 10:00:00,-0.72486395,0,0
2011-09-20 11:00:00,-0.6134651,0,0
2011-09-20 12:00:00,-0.6823328,0,0
2011-09-20 13:00:00,-0.68681294,0,0
2011-09-20 14:00:00,-0.75673836,0,0
2011-09-20 15:00:00,-0.7766914,0,0
2011-09-20 16:00:00,-0.84182394,0,0
2011-09-20 17:00:00,-0.8614057,0,0
2011-09-20 18:00:00,-0.9231847,0,0
2011-09-20 19:00:00,-1.0129166,0,0
2011-09-20 20:00:00,-1.0962274,0,0
2011-09-20 21:00:00,-1.157657,0,0
2011-09-20 22:00:00,-1.2998855,0,0
2011-09-20 23:00:00,-1.4088373,0,0
2011-09-21 00:00:00,-1.4792638,0,0
2011-09-21 01:00:00,-1.5668993,0,0
2011-09-21 02:00:00,-1.6398156,0,0
2011-09-21 03:00:00,-1.7002343,0,0
2011-09-21 04:00:00,-1.7397358,0,0
2011-09-21 05:00:00,-1.6911907,0,0
2011-09-21 06:00:00,-1.6846093,0,0
2011-09-21 07:00:00,-1.5889753,0,0
2011-09-21 08:00:00,-1.2027941,0,0
2011-09-21 09:00:00,-0.8038405,0,0
2011-09-21 10:00:00,-0.47585255,0,0
2011-09-21 11:00:00,-0.30387777,0,0
2011-09-21 12:00:00,-0.12633944,0,0
2011-09-21 13:00:00,-0.027870396,0,0
2011-09-21 14:00:00,0.0799947,0,0
2011-09-21 15:00:00,0.11762146,0,0
2011-09-21 16:00:00,0.22892132,0,0
2011-09-21 17:00:00,0.21964094,0,0
2011-09-21 18:00:00,0.10765434,0,0
2011-09-21 19:00:00,-0.2022741,0,0
2011-09-21 20:00:00,-0.4003946,0,0
2011-09-21 21:00:00,-0.5324857,0,0
2011-09-21 22:00:00,-0.63299036,0,0
2011-09-21 23:00:00,-0.7538056,0,0
2011-09-22 00:00:00,-0.89476055,0,0
2011-09-22 01:00:00,-0.98356766,0,0
2011-09-22 02:00:00,-1.0599741,0,0
2011-09-22 03:00:00,-1.0957127,0,0
2011-09-22 04:00:00,-1.1123669,0,0
2011-09-22 05:00:00,-1.1154269,0,0
2011-09-22 06:00:00,-1.1413805,0,0
2011-09-22 07:00:00,-1.0751803,0,0
2011-09-22 08:00:00,-0.7547363,0,0
2011-09-22 09:00:00,-0.33307385,0,0
2011-09-22 10:00:00,0.06820881,0,0
2011-09-22 11:00:00,0.3746349,0,0
2011-09-22 12:00:00,0.58327436,0,0
2011-09-22 13:00:00,0.74020475,0,0
2011-09-22 14:00:00,0.8400387,0,0
2011-09-22 15:00:00,0.81926644,0,0
2011-09-22 16:00:00,0.8332115,0,0
2011-09-22 17:00:00,0.7285217,0,0
2011-09-22 18:00:00,0.44021505,0,0
2011-09-22 19:00:00,0.20338938,0,0
2011-09-22 20:00:00,0.060129277,0,0
2011-09-22 21:00:00,-0.050154906,0,0
2011-09-22 22:00:00,-0.1649799,0,0
2011-09-22 23:00:00,-0.28251234,0,0
2011-09-23 00:00:00,-0.35343462,0,0
2011-09-23 01:00:00,-0.22801986,0,0
2011-09-23 02:00:00,-0.2824655,0,0
2011-09-23 03:00:00,-0.68733466,0,0
2011-09-23 04:00:00,-0.9104359,0,0
2011-09-23 05:00:00,-1.0479852,0,0
2011-09-23 06:00:00,-1.1723925,0,0
2011-09-23 07:00:00,-1.2166528,0,0
2011-09-23 08:00:00,-1.2719481,0,0
2011-09-23 09:00:00,-1.2686685,0,0
2011-09-23 10:00:00,-1.1980238,0,0
2011-09-23 11:00:00,-1.1884445,0,0
2011-09-23 12:00:00,-1.1203763,0,0
2011-09-23 13:00:00,-1.0756756,0,0
2011-09-23 14:00:00,-1.0055166,0,0
2011-09-23 15:00:00,-1.0118804,0,0
2011-09-23 16:00:00,-1.115186,0,0
2011-09-23 17:00:00,-1.1738309,0,0
2011-09-23 18:00:00,-1.3026618,0,0
2011-09-23 19:00:00,-1.3972952,0,0
2011-09-23 20:00:00,-1.4887809,0,0
2011-09-23 21:00:00,-1.550919,0,0
2011-09-23 22:00:00,-1.5995538,0,0
2011-09-23 23:00:00,-1.6504109,0,0
2011-09-24 00:00:00,-1.6861598,1,0
2011-09-24 01:00:00,-1.7036937,1,0
2011-09-24 02:00:00,-1.7752502,1,0
2011-09-24 03:00:00,-1.8713158,1,0
2011-09-24 04:00:00,-1.9522684,1,0
2011-09-24 05:00:00,-2.0183303,1,0
2011-09-24 06:00:00,-2.1050916,1,0
2011-09-24 07:00:00,-2.0845852,1,0
2011-09-24 08:00:00,-1.8971685,1,0
2011-09-24 09:00:00,-1.744006,1,0
2011-09-24 10:00:00,-1.5920253,1,0
2011-09-24 11:00:00,-1.4857687,1,0
2011-09-24 12:00:00,-1.3304983,1,0
2011-09-24 13:00:00,-1.2489568,1,0
2011-09-24 14:00:00,-1.287992,1,0
2011-09-24 15:00:00,-1.2339473,1,0
2011-09-24 16:00:00,-1.3364531,1,0
2011-09-24 17:00:00,-1.3414521,1,0
2011-09-24 18:00:00,-1.5150012,1,0
2011-09-24 19:00:00,-1.7048056,1,0
2011-09-24 20:00:00,-1.807339,1,0
2011-09-24 21:00:00,-1.8744066,1,0
2011-09-24 22:00:00,-1.8917576,1,0
2011-09-24 23:00:00,-1.8909042,1,0
2011-09-25 00:00:00,-1.8971224,1,0
2011-09-25 01:00:00,-1.9310381,1,0
2011-09-25 02:00:00,-1.943855,1,0
2011-09-25 03:00:00,-1.956449,1,0
2011-09-25 04:00:00,-2.0083513,1,0
2011-09-25 05:00:00,-2.0038261,1,0
2011-09-25 06:00:00,-2.0441105,1,0
2011-09-25 07:00:00,-1.9864318,1,0
2011-09-25 08:00:00,-1.7009554,1,0
2011-09-25 09:00:00,-1.3916539,1,0
2011-09-25 10:00:00,-1.1363713,1,0
2011-09-25 11:00:00,-0.8011851,1,0
2011-09-25 12:00:00,-0.58724964,1,0
2011-09-25 13:00:00,-0.4091688,1,0
2011-09-25 14:00:00,-0.33789924,1,0
2011-09-25 15:00:00,-0.30106035,1,0
2011-09-25 16:00:00,-0.34114322,1,0
2011-09-25 17:00:00,-0.22187667,1,0
2011-09-25 18:00:00,-0.41938594,1,0
2011-09-25 19:00:00,-0.7526594,1,0
2011-09-25 20:00:00,-1.0215036,1,0
2011-09-25 21:00:00,-1.2517806,1,0
2011-09-25 22:00:00,-1.4073737,1,0
2011-09-25 23:00:00,-1.5557051,1,0
2011-09-26 00:00:00,-1.9017448,0,0
2011-09-26 01:00:00,-2.1480076,0,0
2011-09-26 02:00:00,-2.343738,0,0
2011-09-26 03:00:00,-2.502925,0,0
2011-09-26 04:00:00,-2.627082,0,0
2011-09-26 05:00:00,-2.7168703,0,0
2011-09-26 06:00:00,-2.6776934,0,0
2011-09-26 07:00:00,-2.3354545,0,0
2011-09-26 08:00:00,-1.8070395,0,0
2011-09-26 09:00:00,-1.3638254,0,0
2011-09-26 10:00:00,-0.98003703,0,0
2011-09-26 11:00:00,-0.6139728,0,0
2011-09-26 12:00:00,-0.31521124,0,0
2011-09-26 13:00:00,-0.082707144,0,0
2011-09-26 14:00:00,0.05671691,0,0
2011-09-26 15:00:00,0.11558061,0,0
2011-09-26 16:00:00,0.06698638,0,0
2011-09-26 17:00:00,-0.14556016,0,0
2011-09-26 18:00:00,-0.37918618,0,0
2011-09-26 19:00:00,-0.6092423,0,0
2011-09-26 20:00:00,-0.7771016,0,0
2011-09-26 21:00:00,-0.9498488,0,0
2011-09-26 22:00:00,-1.09748,0,0
2011-09-26 23:00:00,-1.2252864,0,0
2011-09-27 00:00:00,-1.3568503,0,0
2011-09-27 01:00:00,-1.5036194,0,0
2011-09-27 02:00:00,-1.5829562,0,0
2011-09-27 03:00:00,-1.6393665,0,0
2011-09-27 04:00:00,-1.6648191,0,0
2011-09-27 05:00:00,-1.5744431,0,0
2011-09-27 06:00:00,-1.5699663,0,0
2011-09-27 07:00:00,-1.3796366,0,0
2011-09-27 08:00:00,-1.0756346,0,0
2011-09-27 09:00:00,-0.71165234,0,0
2011-09-27 10:00:00,-0.43147346,0,0
2011-09-27 11:00:00,-0.10330784,0,0
2011-09-27 12:00:00,0.095452,0,0
2011-09-27 13:00:00,0.36164355,0,0
2011-09-27 14:00:00,0.66344965,0,0
2011-09-27 15:00:00,0.8099733,0,0
2011-09-27 16:00:00,0.82427937,0,0
2011-09-27 17:00:00,0.84809023,0,0
2011-09-27 18:00:00,0.6343414,0,0
2011-09-27 19:00:00,0.40485024,0,0
2011-09-27 20:00:00,0.2783086,0,0
2011-09-27 21:00:00,0.17037065,0,0
2011-09-27 22:00:00,0.11860307,0,0
2011-09-27 23:00:00,0.07303824,0,0
2011-09-28 00:00:00,0.049275067,0,0
2011-09-28 01:00:00,0.0028033287,0,0
2011-09-28 02:00:00,-0.020432606,0,0
2011-09-28 03:00:00,-0.041131847,0,0
2011-09-28 04:00:00,-0.07130682,0,0
2011-09-28 05:00:00,-0.11930257,0,0
2011-09-28 06:00:00,-0.12423719,0,0
2011-09-28 07:00:00,-0.04395687,0,0
2011-09-28 08:00:00,0.21933568,0,0
2011-09-28 09:00:00,0.51920146,0,0
2011-09-28 10:00:00,0.67402047,0,0
2011-09-28 11:00:00,0.810402,0,0
2011-09-28 12:00:00,1.0442674,0,0
2011-09-28 13:00:00,1.1956254,0,0
2011-09-28 14:00:00,1.2277236,0,0
2011-09-28 15:00:00,1.148554,0,0
2011-09-28 16:00:00,1.091321,0,0
2011-09-28 17:00:00,0.915372,0,0
2011-09-28 18:00:00,0.7120544,0,0
2011-09-28 19:00:00,0.57813513,0,0
2011-09-28 20:00:00,0.5363647,0,0
2011-09-28 21:00:00,0.6620472,0,0
2011-09-28 22:00:00,0.639024,0,0
2011-09-28 23:00:00,0.47320053,0,0
2011-09-29 00:00:00,0.40147817,0,0
2011-09-29 01:00:00,0.3068621,0,0
2011-09-29 02:00:00,0.1586641,0,0
2011-09-29 03:00:00,-0.11742097,0,0
2011-09-29 04:00:00,-0.3604529,0,0
2011-09-29 05:00:00,-0.42953157,0,0
2011-09-29 06:00:00,-0.45012897,0,0
2011-09-29 07:00:00,-0.5517237,0,0
2011-09-29 08:00:00,-0.6620525,0,0
2011-09-29 09:00:00,-0.6771311,0,0
2011-09-29 10:00:00,-0.5634949,0,0
2011-09-29 11:00:00,-0.48434615,0,0
2011-09-29 12:00:00,-0.37305108,0,0
2011-09-29 13:00:00,-0.41516167,0,0
2011-09-29 14:00:00,-0.58438057,0,0
2011-09-29 15:00:00,-0.66462815,0,0
2011-09-29 16:00:00,-0.7816627,0,0
2011-09-29 17:00:00,-1.0579123,0,0
2011-09-29 18:00:00,-1.1995308,0,0
2011-09-29 19:00:00,-1.306952,0,0
2011-09-29 20:00:00,-1.3881273,0,0
2011-09-29 21:00:00,-1.4169371,0,0
2011-09-29 22:00:00,-1.4693717,0,0
2011-09-29 23:00:00,-1.5012777,0,0
2011-09-30 00:00:00,-1.5578642,0,0
2011-09-30 01:00:00,-1.5706812,0,0
2011-09-30 02:00:00,-1.6438152,0,0
2011-09-30 03:00:00,-1.7067705,0,0
2011-09-30 04:00:00,-1.7363112,0,0
2011-09-30 05:00:00,-1.6970183,0,0
2011-09-30 06:00:00,-1.7122284,0,0
2011-09-30 07:00:00,-1.6743698,0,0
2011-09-30 08:00:00,-1.5713406,0,0
2011-09-30 09:00:00,-1.3777901,0,0
2011-09-30 10:00:00,-1.2255418,0,0
2011-09-30 11:00:00,-1.1320521,0,0
2011-09-30 12:00:00,-1.0311707,0,0
2011-09-30 13:00:00,-0.8244544,0,0
2011-09-30 14:00:00,-0.6162073,0,0
2011-09-30 15:00:00,-0.6004153,0,0
2011-09-30 16:00:00,-0.5968163,0,0
2011-09-30 17:00:00,-0.7703343,0,0
2011-09-30 18:00:00,-0.80756956,0,0
2011-09-30 19:00:00,-0.8736386,0,0
2011-09-30 20:00:00,-0.9282036,0,0
2011-09-30 21:00:00,-0.9788845,0,0
2011-09-30 22:00:00,-1.0438907,0,0
2011-09-30 23:00:00,-1.1144885,0,0
2011-10-01 00:00:00,-1.1881819,1,0
2011-10-01 01:00:00,-1.227193,1,0
2011-10-01 02:00:00,-1.2792662,1,0
2011-10-01 03:00:00,-1.4534076,1,0
2011-10-01 04:00:00,-1.5614282,1,0
2011-10-01 05:00:00,-1.5724915,1,0
2011-10-01 06:00:00,-1.6418207,1,0
2011-10-01 07:00:00,-1.6435796,1,0
2011-10-01 08:00:00,-1.5942413,1,0
2011-10-01 09:00:00,-1.5489582,1,0
2011-10-01 10:00:00,-1.440685,1,0
2011-10-01 11:00:00,-1.2542913,1,0
2011-10-01 12:00:00,-0.89102954,1,0
2011-10-01 13:00:00,-0.78754973,1,0
2011-10-01 14:00:00,-0.6626103,1,0
2011-10-01 15:00:00,-0.7053932,1,0
2011-10-01 16:00:00,-0.87922204,1,0
2011-10-01 17:00:00,-0.89071417,1,0
2011-10-01 18:00:00,-1.0645206,1,0
2011-10-01 19:00:00,-1.2625668,1,0
2011-10-01 20:00:00,-1.3656129,1,0
2011-10-01 21:00:00,-1.4379522,1,0
2011-10-01 22:00:00,-1.4735248,1,0
2011-10-01 23:00:00,-1.5356058,1,0
2011-10-02 00:00:00,-1.546275,1,0
2011-10-02 01:00:00,-1.5963441,1,0
2011-10-02 02:00:00,-1.64839,1,0
2011-10-02 03:00:00,-1.7004358,1,0
2011-10-02 04:00:00,-1.7312447,1,0
2011-10-02 05:00:00,-1.7724034,1,0
2011-10-02 06:00:00,-1.8632147,1,0
2011-10-02 07:00:00,-2.0017712,1,0
2011-10-02 08:00:00,-1.8877515,1,0
2011-10-02 09:00:00,-1.6258532,1,0
2011-10-02 10:00:00,-1.3831182,1,0
2011-10-02 11:00:00,-1.2330072,1,0
2011-10-02 12:00:00,-1.1153969,1,0
2011-10-02 13:00:00,-0.95785475,1,0
2011-10-02 14:00:00,-0.8614694,1,0
2011-10-02 15:00:00,-0.84615237,1,0
2011-10-02 16:00:00,-0.90720206,1,0
2011-10-02 17:00:00,-0.92880535,1,0
2011-10-02 18:00:00,-0.93834,1,0
2011-10-02 19:00:00,-1.1158925,1,0
2011-10-02 20:00:00,-1.3704112,1,0
2011-10-02 21:00:00,-1.5514296,1,0
2011-10-02 22:00:00,-1.7189449,1,0
2011-10-02 23:00:00,-1.879868,1,0
2011-10-03 00:00:00,-2.0171616,0,0
2011-10-03 01:00:00,-2.1133986,0,0
2011-10-03 02:00:00,-2.2127368,0,0
2011-10-03 03:00:00,-2.3311174,0,0
2011-10-03 04:00:00,-2.527413,0,0
2011-10-03 05:00:00,-2.5481436,0,0
2011-10-03 06:00:00,-2.6049633,0,0
2011-10-03 07:00:00,-2.8268135,0,0
2011-10-03 08:00:00,-2.6932447,0,0
2011-10-03 09:00:00,-1.9424465,0,0
2011-10-03 10:00:00,-1.4969021,0,0
2011-10-03 11:00:00,-1.0641987,0,0
2011-10-03 12:00:00,-0.662671,0,0
2011-10-03 13:00:00,-0.39352632,0,0
2011-10-03 14:00:00,-0.25905114,0,0
2011-10-03 15:00:00,-0.26313972,0,0
2011-10-03 16:00:00,-0.23525801,0,0
2011-10-03 17:00:00,-0.28225747,0,0
2011-10-03 18:00:00,-0.23867865,0,0
2011-10-03 19:00:00,-0.42020673,0,0
2011-10-03 20:00:00,-0.73049647,0,0
2011-10-03 21:00:00,-0.9585464,0,0
2011-10-03 22:00:00,-1.1342636,0,0
2011-10-03 23:00:00,-1.2903647,0,0
2011-10-04 00:00:00,-1.4110383,0,0
2011-10-04 01:00:00,-1.5402339,0,0
2011-10-04 02:00:00,-1.6759223,0,0
2011-10-04 03:00:00,-1.9337562,0,0
2011-10-04 04:00:00,-2.1872153,0,0
2011-10-04 05:00:00,-2.3614635,0,0
2011-10-04 06:00:00,-2.5740092,0,0
2011-10-04 07:00:00,-2.6926992,0,0
2011-10-04 08:00:00,-2.3453681,0,0
2011-10-04 09:00:00,-1.2949415,0,0
2011-10-04 10:00:00,-0.76602906,0,0
2011-10-04 11:00:00,-0.31623575,0,0
2011-10-04 12:00:00,0.015024594,0,0
2011-10-04 13:00:00,0.20014101,0,0
2011-10-04 14:00:00,0.2576946,0,0
2011-10-04 15:00:00,0.39431757,0,0
2011-10-04 16:00:00,0.38503727,0,0
2011-10-04 17:00:00,0.2823911,0,0
2011-10-04 18:00:00,0.34597132,0,0
2011-10-04 19:00:00,0.26040873,0,0
2011-10-04 20:00:00,-0.04767991,0,0
2011-10-04 21:00:00,-0.30633152,0,0
2011-10-04 22:00:00,-0.50824773,0,0
2011-10-04 23:00:00,-0.7230036,0,0
2011-10-05 00:00:00,-0.92335427,0,0
2011-10-05 01:00:00,-1.0927942,0,0
2011-10-05 02:00:00,-1.2187791,0,0
2011-10-05 03:00:00,-1.3672966,0,0
2011-10-05 04:00:00,-1.4920133,0,0
2011-10-05 05:00:00,-1.5647584,0,0
2011-10-05 06:00:00,-1.6719686,0,0
2011-10-05 07:00:00,-1.6949642,0,0
2011-10-05 08:00:00,-1.5051721,0,0
2011-10-05 09:00:00,-0.9270975,0,0
2011-10-05 10:00:00,-0.20759296,0,0
2011-10-05 11:00:00,0.15644781,0,0
2011-10-05 12:00:00,0.43296683,0,0
2011-10-05 13:00:00,0.6087636,0,0
2011-10-05 14:00:00,0.66889507,0,0
2011-10-05 15:00:00,0.6506612,0,0
2011-10-05 16:00:00,0.66617334,0,0
2011-10-05 17:00:00,0.69138384,0,0
2011-10-05 18:00:00,0.6888125,0,0
2011-10-05 19:00:00,0.5474341,0,0
2011-10-05 20:00:00,0.35526082,0,0
2011-10-05 21:00:00,0.17094769,0,0
2011-10-05 22:00:00,0.042804588,0,0
2011-10-05 23:00:00,-0.05438066,0,0
2011-10-06 00:00:00,-0.10867614,0,0
2011-10-06 01:00:00,-0.19384967,0,0
2011-10-06 02:00:00,-0.2450435,0,0
2011-10-06 03:00:00,-0.3018754,0,0
2011-10-06 04:00:00,-0.35433754,0,0
2011-10-06 05:00:00,-0.4033093,0,0
2011-10-06 06:00:00,-0.4846452,0,0
2011-10-06 07:00:00,-0.5265868,0,0
2011-10-06 08:00:00,-0.42496774,0,0
2011-10-06 09:00:00,-0.16503908,0,0
2011-10-06 10:00:00,0.04890321,0,0
2011-10-06 11:00:00,0.4445668,0,0
2011-10-06 12:00:00,0.747574,0,0
2011-10-06 13:00:00,1.0362431,0,0
2011-10-06 14:00:00,1.1082956,0,0
2011-10-06 15:00:00,1.1174145,0,0
2011-10-06 16:00:00,1.0472369,0,0
2011-10-06 17:00:00,0.9121387,0,0
2011-10-06 18:00:00,0.73071903,0,0
2011-10-06 19:00:00,0.64034796,0,0
2011-10-06 20:00:00,0.45886117,0,0
2011-10-06 21:00:00,0.38932115,0,0
2011-10-06 22:00:00,0.14820896,0,0
2011-10-06 23:00:00,-0.18422261,0,0
2011-10-07 00:00:00,-0.4134197,0,0
2011-10-07 01:00:00,-0.6589464,0,0
2011-10-07 02:00:00,-0.8366851,0,0
2011-10-07 03:00:00,-0.926273,0,0
2011-10-07 04:00:00,-0.86400694,0,0
2011-10-07 05:00:00,-0.8369885,0,0
2011-10-07 06:00:00,-0.85922897,0,0
2011-10-07 07:00:00,-0.886228,0,0
2011-10-07 08:00:00,-0.76496,0,0
2011-10-07 09:00:00,-0.34759125,0,0
2011-10-07 10:00:00,-0.038165495,0,0
2011-10-07 11:00:00,0.31010032,0,0
2011-10-07 12:00:00,0.70250183,0,0
2011-10-07 13:00:00,1.0331593,0,0
2011-10-07 14:00:00,1.0711851,0,0
2011-10-07 15:00:00,1.100729,0,0
2011-10-07 16:00:00,1.0484909,0,0
2011-10-07 17:00:00,0.9596936,0,0
2011-10-07 18:00:00,0.7722562,0,0
2011-10-07 19:00:00,0.6971229,0,0
2011-10-07 20:00:00,0.52327824,0,0
2011-10-07 21:00:00,0.3633258,0,0
2011-10-07 22:00:00,0.20032386,0,0
2011-10-07 23:00:00,0.054100703,0,0
2011-10-08 00:00:00,-0.046158563,1,0
2011-10-08 01:00:00,-0.16563132,1,0
2011-10-08 02:00:00,-0.25456268,1,0
2011-10-08 03:00:00,-0.53658134,1,0
2011-10-08 04:00:00,-0.67653024,1,0
2011-10-08 05:00:00,-0.76760936,1,0
2011-10-08 06:00:00,-0.76622,1,0
2011-10-08 07:00:00,-0.7083703,1,0
2011-10-08 08:00:00,-0.5653005,1,0
2011-10-08 09:00:00,-0.40133587,1,0
2011-10-08 10:00:00,-0.24985828,1,0
2011-10-08 11:00:00,0.07947908,1,0
2011-10-08 12:00:00,0.29439056,1,0
2011-10-08 13:00:00,0.5380171,1,0
2011-10-08 14:00:00,0.7321563,1,0
2011-10-08 15:00:00,0.85541147,1,0
2011-10-08 16:00:00,0.82690704,1,0
2011-10-08 17:00:00,0.6627296,1,0
2011-10-08 18:00:00,0.4990085,1,0
2011-10-08 19:00:00,0.38927686,1,0
2011-10-08 20:00:00,0.11695644,1,0
2011-10-08 21:00:00,-0.06309773,1,0
2011-10-08 22:00:00,-0.105656184,1,0
2011-10-08 23:00:00,-0.2216801,1,0
2011-10-09 00:00:00,-0.28454384,1,0
2011-10-09 01:00:00,-0.4191247,1,0
2011-10-09 02:00:00,-0.5591257,1,0
2011-10-09 03:00:00,-0.7214833,1,0
2011-10-09 04:00:00,-0.8182003,1,0
2011-10-09 05:00:00,-0.8555214,1,0
2011-10-09 06:00:00,-0.78932655,1,0
2011-10-09 07:00:00,-0.82083845,1,0
2011-10-09 08:00:00,-0.81002563,1,0
2011-10-09 09:00:00,-0.6693487,1,0
2011-10-09 10:00:00,-0.3902791,1,0
2011-10-09 11:00:00,-0.53645337,1,0
2011-10-09 12:00:00,-0.70601416,1,0
2011-10-09 13:00:00,-0.6531061,1,0
2011-10-09 14:00:00,-0.5708731,1,0
2011-10-09 15:00:00,-0.66730183,1,0
2011-10-09 16:00:00,-0.876152,1,0
2011-10-09 17:00:00,-0.995307,1,0
2011-10-09 18:00:00,-1.0651705,1,0
2011-10-09 19:00:00,-1.2286325,1,0
2011-10-09 20:00:00,-1.3543153,1,0
2011-10-09 21:00:00,-1.4199437,1,0
2011-10-09 22:00:00,-1.497532,1,0
2011-10-09 23:00:00,-1.5594422,1,0
2011-10-10 00:00:00,-1.6609228,0,0
2011-10-10 01:00:00,-1.8027571,0,0
2011-10-10 02:00:00,-1.9344126,0,0
2011-10-10 03:00:00,-2.0851574,0,0
2011-10-10 04:00:00,-2.208217,0,0
2011-10-10 05:00:00,-2.3151178,0,0
2011-10-10 06:00:00,-2.3799117,0,0
2011-10-10 07:00:00,-2.4426544,0,0
2011-10-10 08:00:00,-2.2808096,0,0
2011-10-10 09:00:00,-1.9823675,0,0
2011-10-10 10:00:00,-1.7079716,0,0
2011-10-10 11:00:00,-1.4902955,0,0
2011-10-10 12:00:00,-1.309101,0,0
2011-10-10 13:00:00,-1.1978874,0,0
2011-10-10 14:00:00,-1.1390445,0,0
2011-10-10 15:00:00,-1.0530748,0,0
2011-10-10 16:00:00,-1.0312387,0,0
2011-10-10 17:00:00,-0.99312466,0,0
2011-10-10 18:00:00,-1.0137898,0,0
2011-10-10 19:00:00,-1.0458223,0,0
2011-10-10 20:00:00,-1.1054603,0,0
2011-10-10 21:00:00,-1.2008591,0,0
2011-10-10 22:00:00,-1.2382598,0,0
2011-10-10 23:00:00,-1.2184399,0,0
2011-10-11 00:00:00,-1.216394,0,0
2011-10-11 01:00:00,-1.2725173,0,0
2011-10-11 02:00:00,-1.3662074,0,0
2011-10-11 03:00:00,-1.4450068,0,0
2011-10-11 04:00:00,-1.5389144,0,0
2011-10-11 05:00:00,-1.6376776,0,0
2011-10-11 06:00:00,-1.5934968,0,0
2011-10-11 07:00:00,-1.5999674,0,0
2011-10-11 08:00:00,-1.5092578,0,0
2011-10-11 09:00:00,-1.4346498,0,0
2011-10-11 10:00:00,-1.2934648,0,0
2011-10-11 11:00:00,-1.1517028,0,0
2011-10-11 12:00:00,-1.134129,0,0
2011-10-11 13:00:00,-1.0696774,0,0
2011-10-11 14:00:00,-0.87929595,0,0
2011-10-11 15:00:00,-0.8572264,0,0
2011-10-11 16:00:00,-0.8219235,0,0
2011-10-11 17:00:00,-0.8738502,0,0
2011-10-11 18:00:00,-0.87515855,0,0
2011-10-11 19:00:00,-0.97068894,0,0
2011-10-11 20:00:00,-1.1220006,0,0
2011-10-11 21:00:00,-1.1878417,0,0
2011-10-11 22:00:00,-1.2455996,0,0
2011-10-11 23:00:00,-1.3778619,0,0
2011-10-12 00:00:00,-1.4221219,0,0
2011-10-12 01:00:00,-1.510226,0,0
2011-10-12 02:00:00,-1.5788519,0,0
2011-10-12 03:00:00,-1.6344155,0,0
2011-10-12 04:00:00,-1.7101187,0,0
2011-10-12 05:00:00,-1.7928991,0,0
2011-10-12 06:00:00,-1.8311791,0,0
2011-10-12 07:00:00,-1.854517,0,0
2011-10-12 08:00:00,-1.6536614,0,0
2011-10-12 09:00:00,-1.3865708,0,0
2011-10-12 10:00:00,-1.1697793,0,0
2011-10-12 11:00:00,-1.0432638,0,0
2011-10-12 12:00:00,-0.8825786,0,0
2011-10-12 13:00:00,-0.8006949,0,0
2011-10-12 14:00:00,-0.69207984,0,0
2011-10-12 15:00:00,-0.6440047,0,0
2011-10-12 16:00:00,-0.61126584,0,0
2011-10-12 17:00:00,-0.6555401,0,0
2011-10-12 18:00:00,-0.5473987,0,0
2011-10-12 19:00:00,-0.6455972,0,0
2011-10-12 20:00:00,-0.8489324,0,0
2011-10-12 21:00:00,-1.0029516,0,0
2011-10-12 22:00:00,-1.1334376,0,0
2011-10-12 23:00:00,-1.2580628,0,0
2011-10-13 00:00:00,-1.4375379,0,0
2011-10-13 01:00:00,-1.6572871,0,0
2011-10-13 02:00:00,-1.8205487,0,0
2011-10-13 03:00:00,-1.7935064,0,0
2011-10-13 04:00:00,-1.8211244,0,0
2011-10-13 05:00:00,-2.156631,0,0
2011-10-13 06:00:00,-2.3606877,0,0
2011-10-13 07:00:00,-2.2744794,0,0
2011-10-13 08:00:00,-1.9303393,0,0
2011-10-13 09:00:00,-1.2290384,0,0
2011-10-13 10:00:00,-0.9258847,0,0
2011-10-13 11:00:00,-0.5780353,0,0
2011-10-13 12:00:00,-0.192134,0,0
2011-10-13 13:00:00,0.17328377,0,0
2011-10-13 14:00:00,0.5362842,0,0
2011-10-13 15:00:00,0.811481,0,0
2011-10-13 16:00:00,0.9525355,0,0
2011-10-13 17:00:00,0.9458587,0,0
2011-10-13 18:00:00,0.9014218,0,0
2011-10-13 19:00:00,0.63232493,0,0
2011-10-13 20:00:00,0.33391562,0,0
2011-10-13 21:00:00,0.15150803,0,0
2011-10-13 22:00:00,0.027145304,0,0
2011-10-13 23:00:00,-0.29842675,0,0
2011-10-14 00:00:00,-0.60451585,0,0
2011-10-14 01:00:00,-0.78667086,0,0
2011-10-14 02:00:00,-1.0321978,0,0
2011-10-14 03:00:00,-1.2409854,0,0
2011-10-14 04:00:00,-1.3493721,0,0
2011-10-14 05:00:00,-1.4735291,0,0
2011-10-14 06:00:00,-1.7011831,0,0
2011-10-14 07:00:00,-1.783889,0,0
2011-10-14 08:00:00,-1.0863402,0,0
2011-10-14 09:00:00,-0.15734972,0,0
2011-10-14 10:00:00,0.46710843,0,0
2011-10-14 11:00:00,0.8335199,0,0
2011-10-14 12:00:00,1.175211,0,0
2011-10-14 13:00:00,1.4470683,0,0
2011-10-14 14:00:00,1.5587535,0,0
2011-10-14 15:00:00,1.5502625,0,0
2011-10-14 16:00:00,1.5983822,0,0
2011-10-14 17:00:00,1.6114599,0,0
2011-10-14 18:00:00,1.5248086,0,0
2011-10-14 19:00:00,1.3324349,0,0
2011-10-14 20:00:00,0.99499214,0,0
2011-10-14 21:00:00,0.7848545,0,0
2011-10-14 22:00:00,0.6559565,0,0
2011-10-14 23:00:00,0.6132321,0,0
2011-10-15 00:00:00,0.5278356,1,0
2011-10-15 01:00:00,0.4693418,1,0
2011-10-15 02:00:00,0.4388473,1,0
2011-10-15 03:00:00,0.41726318,1,0
2011-10-15 04:00:00,0.4180409,1,0
2011-10-15 05:00:00,0.3399446,1,0
2011-10-15 06:00:00,0.35852394,1,0
2011-10-15 07:00:00,0.2795207,1,0
2011-10-15 08:00:00,0.45073357,1,0
2011-10-15 09:00:00,0.76142776,1,0
2011-10-15 10:00:00,0.9235073,1,0
2011-10-15 11:00:00,1.0589526,1,0
2011-10-15 12:00:00,1.1741301,1,0
2011-10-15 13:00:00,1.211071,1,0
2011-10-15 14:00:00,1.2639152,1,0
2011-10-15 15:00:00,1.1667157,1,0
2011-10-15 16:00:00,0.951132,1,0
2011-10-15 17:00:00,0.78202,1,0
2011-10-15 18:00:00,0.8360767,1,0
2011-10-15 19:00:00,0.5415792,1,0
2011-10-15 20:00:00,0.22322229,1,0
2011-10-15 21:00:00,-0.045666657,1,0
2011-10-15 22:00:00,-0.24767976,1,0
2011-10-15 23:00:00,-0.38201523,1,0
2011-10-16 00:00:00,-0.5986301,1,0
2011-10-16 01:00:00,-0.7760216,1,0
2011-10-16 02:00:00,-0.9361622,1,0
2011-10-16 03:00:00,-1.0296118,1,0
2011-10-16 04:00:00,-1.1288706,1,0
2011-10-16 05:00:00,-1.2048881,1,0
2011-10-16 06:00:00,-1.3199116,1,0
2011-10-16 07:00:00,-1.3964943,1,0
2011-10-16 08:00:00,-1.2629963,1,0
2011-10-16 09:00:00,-1.1410025,1,0
2011-10-16 10:00:00,-1.0208313,1,0
2011-10-16 11:00:00,-0.93686175,1,0
2011-10-16 12:00:00,-0.86918217,1,0
2011-10-16 13:00:00,-0.81486934,1,0
2011-10-16 14:00:00,-0.77286565,1,0
2011-10-16 15:00:00,-0.72982186,1,0
2011-10-16 16:00:00,-0.69658047,1,0
2011-10-16 17:00:00,-0.77250326,1,0
2011-10-16 18:00:00,-0.7158324,1,0
2011-10-16 19:00:00,-0.8096143,1,0
2011-10-16 20:00:00,-1.0264922,1,0
2011-10-16 21:00:00,-1.1779007,1,0
2011-10-16 22:00:00,-1.3130985,1,0
2011-10-16 23:00:00,-1.4255458,1,0
2011-10-17 00:00:00,-1.4961486,0,0
2011-10-17 01:00:00,-1.5385753,0,0
2011-10-17 02:00:00,-1.6066415,0,0
2011-10-17 03:00:00,-1.6282359,0,0
2011-10-17 04:00:00,-1.6958218,0,0
2011-10-17 05:00:00,-1.7862496,0,0
2011-10-17 06:00:00,-1.8953724,0,0
2011-10-17 07:00:00,-2.0068142,0,0
2011-10-17 08:00:00,-1.7161286,0,0
2011-10-17 09:00:00,-1.3453006,0,0
2011-10-17 10:00:00,-1.0383347,0,0
2011-10-17 11:00:00,-0.78795576,0,0
2011-10-17 12:00:00,-0.5022373,0,0
2011-10-17 13:00:00,-0.24771878,0,0
2011-10-17 14:00:00,-0.028717691,0,0
2011-10-17 15:00:00,0.104793385,0,0
2011-10-17 16:00:00,0.14451584,0,0
2011-10-17 17:00:00,0.10699728,0,0
2011-10-17 18:00:00,0.16541462,0,0
2011-10-17 19:00:00,0.018418636,0,0
2011-10-17 20:00:00,-0.25913057,0,0
2011-10-17 21:00:00,-0.48077214,0,0
2011-10-17 22:00:00,-0.6605222,0,0
2011-10-17 23:00:00,-0.82423794,0,0
2011-10-18 00:00:00,-1.0173647,0,0
2011-10-18 01:00:00,-1.2529876,0,0
2011-10-18 02:00:00,-1.5314019,0,0
2011-10-18 03:00:00,-1.837323,0,0
2011-10-18 04:00:00,-2.0112293,0,0
2011-10-18 05:00:00,-2.1466153,0,0
2011-10-18 06:00:00,-2.3600404,0,0
2011-10-18 07:00:00,-2.4074986,0,0
2011-10-18 08:00:00,-1.606183,0,0
2011-10-18 09:00:00,-0.6880276,0,0
2011-10-18 10:00:00,-0.031509347,0,0
2011-10-18 11:00:00,0.31284806,0,0
2011-10-18 12:00:00,0.5111481,0,0
2011-10-18 13:00:00,0.72989184,0,0
2011-10-18 14:00:00,0.92234313,0,0
2011-10-18 15:00:00,1.0413629,0,0
2011-10-18 16:00:00,1.0954678,0,0
2011-10-18 17:00:00,1.0960584,0,0
2011-10-18 18:00:00,1.0653939,0,0
2011-10-18 19:00:00,0.8925374,0,0
2011-10-18 20:00:00,0.46311203,0,0
2011-10-18 21:00:00,0.1746135,0,0
2011-10-18 22:00:00,-0.022637796,0,0
2011-10-18 23:00:00,-0.19836015,0,0
2011-10-19 00:00:00,-0.339538,0,0
2011-10-19 01:00:00,-0.47141135,0,0
2011-10-19 02:00:00,-0.6014515,0,0
2011-10-19 03:00:00,-0.70109904,0,0
2011-10-19 04:00:00,-0.7660309,0,0
2011-10-19 05:00:00,-0.7692014,0,0
2011-10-19 06:00:00,-0.8460881,0,0
2011-10-19 07:00:00,-0.7818645,0,0
2011-10-19 08:00:00,-0.40696436,0,0
2011-10-19 09:00:00,0.18123876,0,0
2011-10-19 10:00:00,0.6721527,0,0
2011-10-19 11:00:00,1.1507629,0,0
2011-10-19 12:00:00,1.556484,0,0
2011-10-19 13:00:00,1.895074,0,0
2011-10-19 14:00:00,2.1709015,0,0
2011-10-19 15:00:00,2.3554823,0,0
2011-10-19 16:00:00,2.4390264,0,0
2011-10-19 17:00:00,2.4225788,0,0
2011-10-19 18:00:00,2.365411,0,0
2011-10-19 19:00:00,2.1000051,0,0
2011-10-19 20:00:00,1.7250924,0,0
2011-10-19 21:00:00,1.4852982,0,0
2011-10-19 22:00:00,1.3039014,0,0
2011-10-19 23:00:00,1.151852,0,0
2011-10-20 00:00:00,1.0094961,0,0
2011-10-20 01:00:00,0.89291734,0,0
2011-10-20 02:00:00,0.77633864,0,0
2011-10-20 03:00:00,0.659978,0,0
2011-10-20 04:00:00,0.5620943,0,0
2011-10-20 05:00:00,0.47294512,0,0
2011-10-20 06:00:00,0.4475567,0,0
2011-10-20 07:00:00,0.4275549,0,0
2011-10-20 08:00:00,0.5894636,0,0
2011-10-20 09:00:00,0.93582356,0,0
2011-10-20 10:00:00,1.2755626,0,0
2011-10-20 11:00:00,1.63339,0,0
2011-10-20 12:00:00,1.9243037,0,0
2011-10-20 13:00:00,2.276818,0,0
2011-10-20 14:00:00,2.5035408,0,0
2011-10-20 15:00:00,2.6255655,0,0
2011-10-20 16:00:00,2.6208723,0,0
2011-10-20 17:00:00,2.6707633,0,0
2011-10-20 18:00:00,2.5280368,0,0
2011-10-20 19:00:00,2.3940067,0,0
2011-10-20 20:00:00,2.100185,0,0
2011-10-20 21:00:00,1.9394171,0,0
2011-10-20 22:00:00,1.8080497,0,0
2011-10-20 23:00:00,1.6640519,0,0
2011-10-21 00:00:00,1.508858,0,0
2011-10-21 01:00:00,1.3413895,0,0
2011-10-21 02:00:00,1.2088599,0,0
2011-10-21 03:00:00,1.0885127,0,0
2011-10-21 04:00:00,1.0124952,0,0
2011-10-21 05:00:00,0.9615467,0,0
2011-10-21 06:00:00,0.8281425,0,0
2011-10-21 07:00:00,0.7898625,0,0
2011-10-21 08:00:00,0.78871,0,0
2011-10-21 09:00:00,0.8048189,0,0
2011-10-21 10:00:00,0.7987422,0,0
2011-10-21 11:00:00,0.7937956,0,0
2011-10-21 12:00:00,0.8769997,0,0
2011-10-21 13:00:00,0.9096438,0,0
2011-10-21 14:00:00,0.9126262,0,0
2011-10-21 15:00:00,0.8910525,0,0
2011-10-21 16:00:00,0.78674823,0,0
2011-10-21 17:00:00,0.6684556,0,0
2011-10-21 18:00:00,0.6674722,0,0
2011-10-21 19:00:00,0.55066574,0,0
2011-10-21 20:00:00,0.45980227,0,0
2011-10-21 21:00:00,0.3867598,0,0
2011-10-21 22:00:00,0.32611802,0,0
2011-10-21 23:00:00,0.26093557,0,0
2011-10-22 00:00:00,0.22192463,1,0
2011-10-22 01:00:00,0.14639246,1,0
2011-10-22 02:00:00,0.08557954,1,0
2011-10-22 03:00:00,0.034071296,1,0
2011-10-22 04:00:00,0.0010402988,1,0
2011-10-22 05:00:00,-0.04505292,1,0
2011-10-22 06:00:00,-0.07188621,1,0
2011-10-22 07:00:00,-0.1014268,1,0
2011-10-22 08:00:00,-0.017039197,1,0
2011-10-22 09:00:00,0.1457954,1,0
2011-10-22 10:00:00,0.49291053,1,0
2011-10-22 11:00:00,0.81032234,1,0
2011-10-22 12:00:00,1.1106734,1,0
2011-10-22 13:00:00,1.4522626,1,0
2011-10-22 14:00:00,1.3980707,1,0
2011-10-22 15:00:00,1.5115166,1,0
2011-10-22 16:00:00,1.5525094,1,0
2011-10-22 17:00:00,1.3515605,1,0
2011-10-22 18:00:00,1.1108453,1,0
2011-10-22 19:00:00,0.95900625,1,0
2011-10-22 20:00:00,0.81446266,1,0
2011-10-22 21:00:00,0.635986,1,0
2011-10-22 22:00:00,0.48590276,1,0
2011-10-22 23:00:00,0.34023634,1,0
2011-10-23 00:00:00,0.25599217,1,0
2011-10-23 01:00:00,0.13871905,1,0
2011-10-23 02:00:00,0.15931673,1,0
2011-10-23 03:00:00,0.10016623,1,0
2011-10-23 04:00:00,0.080975175,1,0
2011-10-23 05:00:00,0.09302884,1,0
2011-10-23 06:00:00,0.14651391,1,0
2011-10-23 07:00:00,0.14275068,1,0
2011-10-23 08:00:00,0.22516692,1,0
2011-10-23 09:00:00,0.62353104,1,0
2011-10-23 10:00:00,1.235013,1,0
2011-10-23 11:00:00,1.8980832,1,0
2011-10-23 12:00:00,2.4080806,1,0
2011-10-23 13:00:00,2.631574,1,0
2011-10-23 14:00:00,2.7685907,1,0
2011-10-23 15:00:00,2.8320057,1,0
2011-10-23 16:00:00,2.8184936,1,0
2011-10-23 17:00:00,2.886867,1,0
2011-10-23 18:00:00,3.0103617,1,0
2011-10-23 19:00:00,2.8292446,1,0
2011-10-23 20:00:00,2.4177294,1,0
2011-10-23 21:00:00,1.9912744,1,0
2011-10-23 22:00:00,1.6940542,1,0
2011-10-23 23:00:00,1.4986345,1,0
2011-10-24 00:00:00,1.3401195,0,0
2011-10-24 01:00:00,1.2309275,0,0
2011-10-24 02:00:00,1.1425142,0,0
2011-10-24 03:00:00,1.0281198,0,0
2011-10-24 04:00:00,0.9681538,0,0
2011-10-24 05:00:00,0.9597272,0,0
2011-10-24 06:00:00,1.0894806,0,0
2011-10-24 07:00:00,1.0986364,0,0
2011-10-24 08:00:00,1.275995,0,0
2011-10-24 09:00:00,1.5155611,0,0
2011-10-24 10:00:00,1.5451143,0,0
2011-10-24 11:00:00,1.1062053,0,0
2011-10-24 12:00:00,0.73109293,0,0
2011-10-24 13:00:00,0.38778985,0,0
2011-10-24 14:00:00,0.15618587,0,0
2011-10-24 15:00:00,0.042337146,0,0
2011-10-24 16:00:00,-0.0052422206,0,0
2011-10-24 17:00:00,-0.06755142,0,0
2011-10-24 18:00:00,-0.14824632,0,0
2011-10-24 19:00:00,-0.2758935,0,0
2011-10-24 20:00:00,-0.3927969,0,0
2011-10-24 21:00:00,-0.47572064,0,0
2011-10-24 22:00:00,-0.5813156,0,0
2011-10-24 23:00:00,-0.6625772,0,0
2011-10-25 00:00:00,-0.7513099,0,0
2011-10-25 01:00:00,-0.85716033,0,0
2011-10-25 02:00:00,-0.9250554,0,0
2011-10-25 03:00:00,-0.9620726,0,0
2011-10-25 04:00:00,-0.965281,0,0
2011-10-25 05:00:00,-1.0008119,0,0
2011-10-25 06:00:00,-0.9012023,0,0
2011-10-25 07:00:00,-0.8482355,0,0
2011-10-25 08:00:00,-0.80395085,0,0
2011-10-25 09:00:00,-0.7085639,0,0
2011-10-25 10:00:00,-0.5493075,0,0
2011-10-25 11:00:00,-0.40253118,0,0
2011-10-25 12:00:00,-0.29113442,0,0
2011-10-25 13:00:00,-0.32938692,0,0
2011-10-25 14:00:00,-0.163482,0,0
2011-10-25 15:00:00,-0.2337099,0,0
2011-10-25 16:00:00,-0.22540615,0,0
2011-10-25 17:00:00,-0.26160774,0,0
2011-10-25 18:00:00,-0.25186822,0,0
2011-10-25 19:00:00,-0.35735425,0,0
2011-10-25 20:00:00,-0.47263035,0,0
2011-10-25 21:00:00,-0.60328233,0,0
2011-10-25 22:00:00,-0.6848412,0,0
2011-10-25 23:00:00,-0.7696726,0,0
2011-10-26 00:00:00,-0.8375625,0,0
2011-10-26 01:00:00,-0.8840448,0,0
2011-10-26 02:00:00,-0.94922715,0,0
2011-10-26 03:00:00,-1.0265926,0,0
2011-10-26 04:00:00,-1.103958,0,0
2011-10-26 05:00:00,-1.1767826,0,0
2011-10-26 06:00:00,-1.2357621,0,0
2011-10-26 07:00:00,-1.2613271,0,0
2011-10-26 08:00:00,-1.0641778,0,0
2011-10-26 09:00:00,-0.8151982,0,0
2011-10-26 10:00:00,-0.48067883,0,0
2011-10-26 11:00:00,-0.08932757,0,0
2011-10-26 12:00:00,0.17230107,0,0
2011-10-26 13:00:00,0.52461684,0,0
2011-10-26 14:00:00,0.75999945,0,0
2011-10-26 15:00:00,0.8609754,0,0
2011-10-26 16:00:00,0.9166856,0,0
2011-10-26 17:00:00,0.87747717,0,0
2011-10-26 18:00:00,0.8182429,0,0
2011-10-26 19:00:00,0.64910823,0,0
2011-10-26 20:00:00,0.40100303,0,0
2011-10-26 21:00:00,0.20731443,0,0
2011-10-26 22:00:00,0.0044667157,0,0
2011-10-26 23:00:00,-0.16418914,0,0
2011-10-27 00:00:00,-0.32753524,0,0
2011-10-27 01:00:00,-0.72073084,0,0
2011-10-27 02:00:00,-0.97092265,0,0
2011-10-27 03:00:00,-1.1855193,0,0
2011-10-27 04:00:00,-1.2177451,0,0
2011-10-27 05:00:00,-1.0646694,0,0
2011-10-27 06:00:00,-0.9593613,0,0
2011-10-27 07:00:00,-0.88414353,0,0
2011-10-27 08:00:00,-0.60628176,0,0
2011-10-27 09:00:00,-0.25549653,0,0
2011-10-27 10:00:00,0.16619007,0,0
2011-10-27 11:00:00,0.5684955,0,0
2011-10-27 12:00:00,0.915728,0,0
2011-10-27 13:00:00,1.2176305,0,0
2011-10-27 14:00:00,1.3652618,0,0
2011-10-27 15:00:00,1.3558102,0,0
2011-10-27 16:00:00,1.327259,0,0
2011-10-27 17:00:00,1.2991883,0,0
2011-10-27 18:00:00,1.3597656,0,0
2011-10-27 19:00:00,1.2534226,0,0
2011-10-27 20:00:00,0.93780917,0,0
2011-10-27 21:00:00,0.6707185,0,0
2011-10-27 22:00:00,0.50238794,0,0
2011-10-27 23:00:00,0.3537112,0,0
2011-10-28 00:00:00,0.23053066,0,0
2011-10-28 01:00:00,0.1824983,0,0
2011-10-28 02:00:00,0.20601268,0,0
2011-10-28 03:00:00,0.3074608,0,0
2011-10-28 04:00:00,0.35493815,0,0
2011-10-28 05:00:00,0.37097263,0,0
2011-10-28 06:00:00,0.45509058,0,0
2011-10-28 07:00:00,0.49143037,0,0
2011-10-28 08:00:00,0.67037714,0,0
2011-10-28 09:00:00,0.955466,0,0
2011-10-28 10:00:00,1.3888899,0,0
2011-10-28 11:00:00,1.7772067,0,0
2011-10-28 12:00:00,2.1693335,0,0
2011-10-28 13:00:00,2.4937687,0,0
2011-10-28 14:00:00,2.7532942,0,0
2011-10-28 15:00:00,2.8889806,0,0
2011-10-28 16:00:00,2.9297762,0,0
2011-10-28 17:00:00,2.7921262,0,0
2011-10-28 18:00:00,2.6005888,0,0
2011-10-28 19:00:00,2.3900363,0,0
2011-10-28 20:00:00,2.257406,0,0
2011-10-28 21:00:00,2.0400994,0,0
2011-10-28 22:00:00,1.9447007,0,0
2011-10-28 23:00:00,1.8784262,0,0
2011-10-29 00:00:00,1.7889158,1,0
2011-10-29 01:00:00,1.6825107,1,0
2011-10-29 02:00:00,1.5490322,1,0
2011-10-29 03:00:00,1.4043245,1,0
2011-10-29 04:00:00,1.3307691,1,0
2011-10-29 05:00:00,1.2536267,1,0
2011-10-29 06:00:00,1.2600697,1,0
2011-10-29 07:00:00,1.1842009,1,0
2011-10-29 08:00:00,1.0720905,1,0
2011-10-29 09:00:00,1.0627464,1,0
2011-10-29 10:00:00,1.148596,1,0
2011-10-29 11:00:00,1.2100382,1,0
2011-10-29 12:00:00,1.3693964,1,0
2011-10-29 13:00:00,1.4211315,1,0
2011-10-29 14:00:00,1.4573638,1,0
2011-10-29 15:00:00,1.3869754,1,0
2011-10-29 16:00:00,1.3549324,1,0
2011-10-29 17:00:00,1.2018566,1,0
2011-10-29 18:00:00,0.9920609,1,0
2011-10-29 19:00:00,0.74554574,1,0
2011-10-29 20:00:00,0.46181473,1,0
2011-10-29 21:00:00,0.268299,1,0
2011-10-29 22:00:00,0.10596398,1,0
2011-10-29 23:00:00,-0.07126155,1,0
2011-10-30 00:00:00,-0.21411358,1,0
2011-10-30 01:00:00,-0.34822604,1,0
2011-10-30 02:00:00,-0.47526142,1,0
2011-10-30 03:00:00,-0.5753944,1,0
2011-10-30 04:00:00,-0.6526804,1,0
2011-10-30 05:00:00,-0.7161262,1,0
2011-10-30 06:00:00,-0.7890424,1,0
2011-10-30 07:00:00,-0.80601126,1,0
2011-10-30 08:00:00,-0.73776525,1,0
2011-10-30 09:00:00,-0.5640728,1,0
2011-10-30 10:00:00,-0.21799818,1,0
2011-10-30 11:00:00,0.26947206,1,0
2011-10-30 12:00:00,0.17349805,1,0
2011-10-30 13:00:00,0.37462652,1,0
2011-10-30 14:00:00,0.21673217,1,0
2011-10-30 15:00:00,0.30251727,1,0
2011-10-30 16:00:00,-0.035189558,1,0
2011-10-30 17:00:00,-0.24210292,1,0
2011-10-30 18:00:00,-0.48329633,1,0
2011-10-30 19:00:00,-0.72558707,1,0
2011-10-30 20:00:00,-0.9039789,1,0
2011-10-30 21:00:00,-1.0327181,1,0
2011-10-30 22:00:00,-1.0514288,1,0
2011-10-30 23:00:00,-1.0626683,1,0
2011-10-31 00:00:00,-1.0791516,0,0
2011-10-31 01:00:00,-1.1105256,0,0
2011-10-31 02:00:00,-1.138798,0,0
2011-10-31 03:00:00,-1.1759809,0,0
2011-10-31 04:00:00,-1.1941215,0,0
2011-10-31 05:00:00,-1.241089,0,0
2011-10-31 06:00:00,-1.261372,0,0
2011-10-31 07:00:00,-1.2536606,0,0
2011-10-31 08:00:00,-1.2063214,0,0
2011-10-31 09:00:00,-1.1471412,0,0
2011-10-31 10:00:00,-0.9785786,0,0
2011-10-31 11:00:00,-0.84079766,0,0
2011-10-31 12:00:00,-0.6797755,0,0
2011-10-31 13:00:00,-0.49402624,0,0
2011-10-31 14:00:00,-0.3405497,0,0
2011-10-31 15:00:00,-0.24849254,0,0
2011-10-31 16:00:00,-0.28320506,0,0
2011-10-31 17:00:00,-0.29023224,0,0
2011-10-31 18:00:00,-0.3171939,0,0
2011-10-31 19:00:00,-0.40854457,0,0
2011-10-31 20:00:00,-0.4563074,0,0
2011-10-31 21:00:00,-0.48532313,0,0
2011-10-31 22:00:00,-0.51045436,0,0
2011-10-31 23:00:00,-0.51919895,0,0
2011-11-01 00:00:00,-0.5258927,0,1
2011-11-01 01:00:00,-0.53712684,0,1
2011-11-01 02:00:00,-0.5336418,0,1
2011-11-01 03:00:00,-0.57321775,0,1
2011-11-01 04:00:00,-0.5875484,0,1
2011-11-01 05:00:00,-0.61764884,0,1
2011-11-01 06:00:00,-0.7126019,0,1
2011-11-01 07:00:00,-0.7205637,0,1
2011-11-01 08:00:00,-0.6430823,0,1
2011-11-01 09:00:00,-0.44456795,0,1
2011-11-01 10:00:00,-0.22633712,0,1
2011-11-01 11:00:00,-0.062265452,0,1
2011-11-01 12:00:00,0.11977045,0,1
2011-11-01 13:00:00,0.20343034,0,1
2011-11-01 14:00:00,0.43560976,0,1
2011-11-01 15:00:00,0.4819657,0,1
2011-11-01 16:00:00,0.51337916,0,1
2011-11-01 17:00:00,0.46162334,0,1
2011-11-01 18:00:00,0.38657972,0,1
2011-11-01 19:00:00,0.29908556,0,1
2011-11-01 20:00:00,0.15891662,0,1
2011-11-01 21:00:00,-0.0013401349,0,1
2011-11-01 22:00:00,-0.15937464,0,1
2011-11-01 23:00:00,-0.2769121,0,1
2011-11-02 00:00:00,-0.41930625,0,0
2011-11-02 01:00:00,-0.46705666,0,0
2011-11-02 02:00:00,-0.5427599,0,0
2011-11-02 03:00:00,-0.60269314,0,0
2011-11-02 04:00:00,-0.6533272,0,0
2011-11-02 05:00:00,-0.6453014,0,0
2011-11-02 06:00:00,-0.6069676,0,0
2011-11-02 07:00:00,-0.54553103,0,0
2011-11-02 08:00:00,-0.4260859,0,0
2011-11-02 09:00:00,-0.3375188,0,0
2011-11-02 10:00:00,-0.25058955,0,0
2011-11-02 11:00:00,-0.21931742,0,0
2011-11-02 12:00:00,-0.1842407,0,0
2011-11-02 13:00:00,-0.070450686,0,0
2011-11-02 14:00:00,0.06921529,0,0
2011-11-02 15:00:00,0.08679095,0,0
2011-11-02 16:00:00,0.1947496,0,0
2011-11-02 17:00:00,0.031013127,0,0
2011-11-02 18:00:00,-0.027515754,0,0
2011-11-02 19:00:00,-0.17349367,0,0
2011-11-02 20:00:00,-0.32982123,0,0
2011-11-02 21:00:00,-0.47296545,0,0
2011-11-02 22:00:00,-0.56653106,0,0
2011-11-02 23:00:00,-0.6798424,0,0
2011-11-03 00:00:00,-0.7873447,0,0
2011-11-03 01:00:00,-0.850865,0,0
2011-11-03 02:00:00,-0.9120667,0,0
2011-11-03 03:00:00,-0.9496383,0,0
2011-11-03 04:00:00,-1.0006664,0,0
2011-11-03 05:00:00,-1.0920478,0,0
2011-11-03 06:00:00,-1.0202668,0,0
2011-11-03 07:00:00,-1.0225906,0,0
2011-11-03 08:00:00,-0.8714274,0,0
2011-11-03 09:00:00,-0.8363867,0,0
2011-11-03 10:00:00,-0.73704123,0,0
2011-11-03 11:00:00,-0.59122396,0,0
2011-11-03 12:00:00,-0.3692285,0,0
2011-11-03 13:00:00,-0.12875557,0,0
2011-11-03 14:00:00,-0.036631234,0,0
2011-11-03 15:00:00,0.019846376,0,0
2011-11-03 16:00:00,0.08105458,0,0
2011-11-03 17:00:00,0.08805751,0,0
2011-11-03 18:00:00,-0.01615014,0,0
2011-11-03 19:00:00,-0.13671678,0,0
2011-11-03 20:00:00,-0.23605186,0,0
2011-11-03 21:00:00,-0.31097943,0,0
2011-11-03 22:00:00,-0.3392071,0,0
2011-11-03 23:00:00,-0.41394463,0,0
2011-11-04 00:00:00,-0.4633296,0,0
2011-11-04 01:00:00,-0.48237717,0,0
2011-11-04 02:00:00,-0.49522176,0,0
2011-11-04 03:00:00,-0.53406173,0,0
2011-11-04 04:00:00,-0.5963137,0,0
2011-11-04 05:00:00,-0.64550334,0,0
2011-11-04 06:00:00,-0.68490833,0,0
2011-11-04 07:00:00,-0.60215527,0,0
2011-11-04 08:00:00,-0.47989884,0,0
2011-11-04 09:00:00,-0.38362715,0,0
2011-11-04 10:00:00,-0.21705858,0,0
2011-11-04 11:00:00,-0.01182629,0,0
2011-11-04 12:00:00,0.22023395,0,0
2011-11-04 13:00:00,0.47387332,0,0
2011-11-04 14:00:00,0.7343718,0,0
2011-11-04 15:00:00,0.96936065,0,0
2011-11-04 16:00:00,1.0592731,0,0
2011-11-04 17:00:00,1.0950147,0,0
2011-11-04 18:00:00,1.1217699,0,0
2011-11-04 19:00:00,0.96718854,0,0
2011-11-04 20:00:00,0.68708026,0,0
2011-11-04 21:00:00,0.43910143,0,0
2011-11-04 22:00:00,0.260231,0,0
2011-11-04 23:00:00,0.11771373,0,0
2011-11-05 00:00:00,0.022649866,1,0
2011-11-05 01:00:00,-0.40632588,1,0
2011-11-05 02:00:00,-0.7311875,1,0
2011-11-05 03:00:00,-0.96919644,1,0
2011-11-05 04:00:00,-1.170342,1,0
2011-11-05 05:00:00,-1.3220576,1,0
2011-11-05 06:00:00,-1.4476538,1,0
2011-11-05 07:00:00,-1.2494935,1,0
2011-11-05 08:00:00,-0.31154087,1,0
2011-11-05 09:00:00,0.5569151,1,0
2011-11-05 10:00:00,1.1403735,1,0
2011-11-05 11:00:00,1.5172243,1,0
2011-11-05 12:00:00,1.8333766,1,0
2011-11-05 13:00:00,2.0745838,1,0
2011-11-05 14:00:00,2.2867856,1,0
2011-11-05 15:00:00,2.426116,1,0
2011-11-05 16:00:00,2.5034156,1,0
2011-11-05 17:00:00,2.4998126,1,0
2011-11-05 18:00:00,2.5605783,1,0
2011-11-05 19:00:00,2.4082553,1,0
2011-11-05 20:00:00,1.9410175,1,0
2011-11-05 21:00:00,1.6352358,1,0
2011-11-05 22:00:00,1.4083745,1,0
2011-11-05 23:00:00,1.2057551,1,0
2011-11-06 00:00:00,1.020253,1,0
2011-11-06 01:00:00,0.85042435,1,0
2011-11-06 02:00:00,0.72898024,1,0
2011-11-06 03:00:00,0.66820025,1,0
2011-11-06 04:00:00,0.6646411,1,0
2011-11-06 05:00:00,0.703092,1,0
2011-11-06 06:00:00,0.7320732,1,0
2011-11-06 07:00:00,0.9361165,1,0
2011-11-06 08:00:00,1.3071517,1,0
2011-11-06 09:00:00,1.774859,1,0
2011-11-06 10:00:00,2.1619542,1,0
2011-11-06 11:00:00,2.457072,1,0
2011-11-06 12:00:00,2.4649663,1,0
2011-11-06 13:00:00,2.5248477,1,0
2011-11-06 14:00:00,2.6025763,1,0
2011-11-06 15:00:00,2.5943396,1,0
2011-11-06 16:00:00,2.6560888,1,0
2011-11-06 17:00:00,2.6964178,1,0
2011-11-06 18:00:00,2.6963282,1,0
2011-11-06 19:00:00,2.3414068,1,0
2011-11-06 20:00:00,1.9082557,1,0
2011-11-06 21:00:00,1.6305807,1,0
2011-11-06 22:00:00,1.4267205,1,0
2011-11-06 23:00:00,1.2508596,1,0
2011-11-07 00:00:00,1.0930377,0,0
2011-11-07 01:00:00,0.954476,0,0
2011-11-07 02:00:00,0.83063394,0,0
2011-11-07 03:00:00,0.7175299,0,0
2011-11-07 04:00:00,0.5860452,0,0
2011-11-07 05:00:00,0.3229155,0,0
2011-11-07 06:00:00,0.25372782,0,0
2011-11-07 07:00:00,0.32334074,0,0
2011-11-07 08:00:00,0.701089,0,0
2011-11-07 09:00:00,0.94189924,0,0
2011-11-07 10:00:00,1.32707,0,0
2011-11-07 11:00:00,1.7757748,0,0
2011-11-07 12:00:00,2.1914794,0,0
2011-11-07 13:00:00,2.5624192,0,0
2011-11-07 14:00:00,2.854077,0,0
2011-11-07 15:00:00,3.0279746,0,0
2011-11-07 16:00:00,3.0724986,0,0
2011-11-07 17:00:00,3.0193918,0,0
2011-11-07 18:00:00,3.0542362,0,0
2011-11-07 19:00:00,2.94457,0,0
2011-11-07 20:00:00,2.5789049,0,0
2011-11-07 21:00:00,2.3105412,0,0
2011-11-07 22:00:00,2.200504,0,0
2011-11-07 23:00:00,1.9607979,0,0
2011-11-08 00:00:00,1.778985,0,0
2011-11-08 01:00:00,1.6986305,0,0
2011-11-08 02:00:00,1.6653181,0,0
2011-11-08 03:00:00,1.6710577,0,0
2011-11-08 04:00:00,1.6903597,0,0
2011-11-08 05:00:00,1.6820176,0,0
2011-11-08 06:00:00,1.5971676,0,0
2011-11-08 07:00:00,1.5695981,0,0
2011-11-08 08:00:00,1.7164729,0,0
2011-11-08 09:00:00,1.6789011,0,0
2011-11-08 10:00:00,1.7645327,0,0
2011-11-08 11:00:00,2.0411656,0,0
2011-11-08 12:00:00,2.4267058,0,0
2011-11-08 13:00:00,2.8465695,0,0
2011-11-08 14:00:00,3.0810955,0,0
2011-11-08 15:00:00,3.1817987,0,0
2011-11-08 16:00:00,3.338743,0,0
2011-11-08 17:00:00,3.18231,0,0
2011-11-08 18:00:00,3.0790627,0,0
2011-11-08 19:00:00,3.01807,0,0
2011-11-08 20:00:00,2.826581,0,0
2011-11-08 21:00:00,2.6177115,0,0
2011-11-08 22:00:00,2.4299824,0,0
2011-11-08 23:00:00,2.2720861,0,0
2011-11-09 00:00:00,2.1836677,0,0
2011-11-09 01:00:00,2.0900054,0,0
2011-11-09 02:00:00,1.9903632,0,0
2011-11-09 03:00:00,1.9306802,0,0
2011-11-09 04:00:00,1.9298283,0,0
2011-11-09 05:00:00,1.9333929,0,0
2011-11-09 06:00:00,1.863727,0,0
2011-11-09 07:00:00,1.9129858,0,0
2011-11-09 08:00:00,2.0427482,0,0
2011-11-09 09:00:00,2.135035,0,0
2011-11-09 10:00:00,2.2134962,0,0
2011-11-09 11:00:00,2.3270526,0,0
2011-11-09 12:00:00,2.5325456,0,0
2011-11-09 13:00:00,2.6146972,0,0
2011-11-09 14:00:00,3.06358,0,0
2011-11-09 15:00:00,3.2852194,0,0
2011-11-09 16:00:00,3.3731694,0,0
2011-11-09 17:00:00,3.4745705,0,0
2011-11-09 18:00:00,3.243105,0,0
2011-11-09 19:00:00,2.9489324,0,0
2011-11-09 20:00:00,2.754,0,0
2011-11-09 21:00:00,2.504487,0,0
2011-11-09 22:00:00,2.2160475,0,0
2011-11-09 23:00:00,1.9192684,0,0
2011-11-10 00:00:00,1.5976651,0,0
2011-11-10 01:00:00,1.3855908,0,0
2011-11-10 02:00:00,1.27196,0,0
2011-11-10 03:00:00,1.1632308,0,0
2011-11-10 04:00:00,0.94444096,0,0
2011-11-10 05:00:00,0.7042429,0,0
2011-11-10 06:00:00,0.38743088,0,0
2011-11-10 07:00:00,0.2587384,0,0
2011-11-10 08:00:00,0.21429543,0,0
2011-11-10 09:00:00,0.33852184,0,0
2011-11-10 10:00:00,0.4136032,0,0
2011-11-10 11:00:00,0.51839143,0,0
2011-11-10 12:00:00,0.6179406,0,0
2011-11-10 13:00:00,0.71377134,0,0
2011-11-10 14:00:00,0.8392188,0,0
2011-11-10 15:00:00,0.89958054,0,0
2011-11-10 16:00:00,0.9110723,0,0
2011-11-10 17:00:00,0.8864366,0,0
2011-11-10 18:00:00,0.89910156,0,0
2011-11-10 19:00:00,0.84083724,0,0
2011-11-10 20:00:00,0.6844663,0,0
2011-11-10 21:00:00,0.56066364,0,0
2011-11-10 22:00:00,0.46310675,0,0
2011-11-10 23:00:00,0.35669133,0,0
2011-11-11 00:00:00,0.095662296,0,0
2011-11-11 01:00:00,-0.15624352,0,0
2011-11-11 02:00:00,-0.34599927,0,0
2011-11-11 03:00:00,-0.511218,0,0
2011-11-11 04:00:00,-0.6264695,0,0
2011-11-11 05:00:00,-0.76425374,0,0
2011-11-11 06:00:00,-0.9375809,0,0
2011-11-11 07:00:00,-0.8235195,0,0
2011-11-11 08:00:00,-0.17359819,0,0
2011-11-11 09:00:00,0.091260225,0,0
2011-11-11 10:00:00,0.4014188,0,0
2011-11-11 11:00:00,0.71185035,0,0
2011-11-11 12:00:00,1.004191,0,0
2011-11-11 13:00:00,1.2602785,0,0
2011-11-11 14:00:00,1.486875,0,0
2011-11-11 15:00:00,1.6450939,0,0
2011-11-11 16:00:00,1.6972947,0,0
2011-11-11 17:00:00,1.6926634,0,0
2011-11-11 18:00:00,1.6308601,0,0
2011-11-11 19:00:00,1.5464619,0,0
2011-11-11 20:00:00,1.2984087,0,0
2011-11-11 21:00:00,1.1238558,0,0
2011-11-11 22:00:00,1.0165731,0,0
2011-11-11 23:00:00,0.97272205,0,0
2011-11-12 00:00:00,0.7739486,1,0
2011-11-12 01:00:00,0.5763522,1,0
2011-11-12 02:00:00,0.4123791,1,0
2011-11-12 03:00:00,0.32420614,1,0
2011-11-12 04:00:00,0.2209717,1,0
2011-11-12 05:00:00,0.068478554,1,0
2011-11-12 06:00:00,-0.10088179,1,0
2011-11-12 07:00:00,-0.058440845,1,0
2011-11-12 08:00:00,0.46928972,1,0
2011-11-12 09:00:00,0.7374208,1,0
2011-11-12 10:00:00,1.0179694,1,0
2011-11-12 11:00:00,1.3400139,1,0
2011-11-12 12:00:00,1.6506559,1,0
2011-11-12 13:00:00,1.9228965,1,0
2011-11-12 14:00:00,2.069123,1,0
2011-11-12 15:00:00,2.118288,1,0
2011-11-12 16:00:00,2.1180456,1,0
2011-11-12 17:00:00,1.9916456,1,0
2011-11-12 18:00:00,1.7401785,1,0
2011-11-12 19:00:00,1.5106354,1,0
2011-11-12 20:00:00,1.2980233,1,0
2011-11-12 21:00:00,1.1183922,1,0
2011-11-12 22:00:00,0.99642265,1,0
2011-11-12 23:00:00,0.8721809,1,0
2011-11-13 00:00:00,0.75592893,1,0
2011-11-13 01:00:00,0.68420494,1,0
2011-11-13 02:00:00,0.40564403,1,0
2011-11-13 03:00:00,0.25336313,1,0
2011-11-13 04:00:00,0.14409682,1,0
2011-11-13 05:00:00,0.25704175,1,0
2011-11-13 06:00:00,0.39996326,1,0
2011-11-13 07:00:00,0.4996904,1,0
2011-11-13 08:00:00,0.81889904,1,0
2011-11-13 09:00:00,1.2867568,1,0
2011-11-13 10:00:00,1.614527,1,0
2011-11-13 11:00:00,1.7809689,1,0
2011-11-13 12:00:00,1.9354584,1,0
2011-11-13 13:00:00,2.0939023,1,0
2011-11-13 14:00:00,2.2021093,1,0
2011-11-13 15:00:00,2.2239993,1,0
2011-11-13 16:00:00,2.2336211,1,0
2011-11-13 17:00:00,1.9983695,1,0
2011-11-13 18:00:00,2.0433295,1,0
2011-11-13 19:00:00,1.8735607,1,0
2011-11-13 20:00:00,1.637656,1,0
2011-11-13 21:00:00,1.523339,1,0
2011-11-13 22:00:00,1.3948869,1,0
2011-11-13 23:00:00,1.2551258,1,0
2011-11-14 00:00:00,1.1356114,0,0
2011-11-14 01:00:00,1.0061364,0,0
2011-11-14 02:00:00,0.96532506,0,0
2011-11-14 03:00:00,0.924652,0,0
2011-11-14 04:00:00,0.9146531,0,0
2011-11-14 05:00:00,0.83232015,0,0
2011-11-14 06:00:00,0.8761743,0,0
2011-11-14 07:00:00,0.8568125,0,0
2011-11-14 08:00:00,0.95081216,0,0
2011-11-14 09:00:00,0.97140837,0,0
2011-11-14 10:00:00,1.181095,0,0
2011-11-14 11:00:00,1.5612237,0,0
2011-11-14 12:00:00,1.8810215,0,0
2011-11-14 13:00:00,1.9538912,0,0
2011-11-14 14:00:00,1.890253,0,0
2011-11-14 15:00:00,1.9913449,0,0
2011-11-14 16:00:00,1.9516388,0,0
2011-11-14 17:00:00,1.8477322,0,0
2011-11-14 18:00:00,1.7471685,0,0
2011-11-14 19:00:00,1.5963613,0,0
2011-11-14 20:00:00,1.3900092,0,0
2011-11-14 21:00:00,1.1630324,0,0
2011-11-14 22:00:00,1.0102643,0,0
2011-11-14 23:00:00,0.8874721,0,0
2011-11-15 00:00:00,0.7452439,0,0
2011-11-15 01:00:00,0.52941346,0,0
2011-11-15 02:00:00,0.3083664,0,0
2011-11-15 03:00:00,0.042496465,0,0
2011-11-15 04:00:00,-0.14865194,0,0
2011-11-15 05:00:00,-0.33945277,0,0
2011-11-15 06:00:00,-0.43395302,0,0
2011-11-15 07:00:00,-0.19197682,0,0
2011-11-15 08:00:00,0.49015862,0,0
2011-11-15 09:00:00,0.89648294,0,0
2011-11-15 10:00:00,1.20674,0,0
2011-11-15 11:00:00,1.5290675,0,0
2011-11-15 12:00:00,1.8824612,0,0
2011-11-15 13:00:00,2.1825635,0,0
2011-11-15 14:00:00,2.4130301,0,0
2011-11-15 15:00:00,2.47569,0,0
2011-11-15 16:00:00,2.4616938,0,0
2011-11-15 17:00:00,2.489793,0,0
2011-11-15 18:00:00,2.471293,0,0
2011-11-15 19:00:00,2.234291,0,0
2011-11-15 20:00:00,1.735329,0,0
2011-11-15 21:00:00,1.4853128,0,0
2011-11-15 22:00:00,1.2969944,0,0
2011-11-15 23:00:00,1.1903561,0,0
2011-11-16 00:00:00,1.0832373,0,0
2011-11-16 01:00:00,0.96432966,0,0
2011-11-16 02:00:00,0.8338043,0,0
2011-11-16 03:00:00,0.70638,0,0
2011-11-16 04:00:00,0.5254071,0,0
2011-11-16 05:00:00,0.41072565,0,0
2011-11-16 06:00:00,0.36536306,0,0
2011-11-16 07:00:00,0.3420201,0,0
2011-11-16 08:00:00,0.31689957,0,0
2011-11-16 09:00:00,0.43545517,0,0
2011-11-16 10:00:00,0.63610214,0,0
2011-11-16 11:00:00,0.8370685,0,0
2011-11-16 12:00:00,0.98038393,0,0
2011-11-16 13:00:00,1.0562012,0,0
2011-11-16 14:00:00,1.0333004,0,0
2011-11-16 15:00:00,0.93116474,0,0
2011-11-16 16:00:00,0.7880861,0,0
2011-11-16 17:00:00,0.6567911,0,0
2011-11-16 18:00:00,0.62615806,0,0
2011-11-16 19:00:00,0.47164607,0,0
2011-11-16 20:00:00,0.30987045,0,0
2011-11-16 21:00:00,0.13892175,0,0
2011-11-16 22:00:00,-0.014810464,0,0
2011-11-16 23:00:00,-0.14905961,0,0
2011-11-17 00:00:00,-0.28309116,0,0
2011-11-17 01:00:00,-0.4103873,0,0
2011-11-17 02:00:00,-0.56258154,0,0
2011-11-17 03:00:00,-0.638088,0,0
2011-11-17 04:00:00,-0.62096024,0,0
2011-11-17 05:00:00,-0.67355376,0,0
2011-11-17 06:00:00,-0.81658715,0,0
2011-11-17 07:00:00,-0.7870579,0,0
2011-11-17 08:00:00,-0.37860382,0,0
2011-11-17 09:00:00,0.11897313,0,0
2011-11-17 10:00:00,0.64413446,0,0
2011-11-17 11:00:00,1.1981281,0,0
2011-11-17 12:00:00,1.6715719,0,0
2011-11-17 13:00:00,2.0288477,0,0
2011-11-17 14:00:00,2.2196124,0,0
2011-11-17 15:00:00,2.4712832,0,0
2011-11-17 16:00:00,2.51655,0,0
2011-11-17 17:00:00,2.5152829,0,0
2011-11-17 18:00:00,2.500758,0,0
2011-11-17 19:00:00,2.481931,0,0
2011-11-17 20:00:00,2.2736385,0,0
2011-11-17 21:00:00,2.053946,0,0
2011-11-17 22:00:00,1.8944792,0,0
2011-11-17 23:00:00,1.720201,0,0
2011-11-18 00:00:00,1.6760652,0,0
2011-11-18 01:00:00,1.7100674,0,0
2011-11-18 02:00:00,1.7237636,0,0
2011-11-18 03:00:00,1.6846148,0,0
2011-11-18 04:00:00,1.6327227,0,0
2011-11-18 05:00:00,1.583927,0,0
2011-11-18 06:00:00,1.5592468,0,0
2011-11-18 07:00:00,1.6577697,0,0
2011-11-18 08:00:00,1.9965202,0,0
2011-11-18 09:00:00,2.3959644,0,0
2011-11-18 10:00:00,2.7805228,0,0
2011-11-18 11:00:00,3.1708167,0,0
2011-11-18 12:00:00,3.4614432,0,0
2011-11-18 13:00:00,3.66493,0,0
2011-11-18 14:00:00,3.8032894,0,0
2011-11-18 15:00:00,3.8636825,0,0
2011-11-18 16:00:00,3.8803973,0,0
2011-11-18 17:00:00,3.8946395,0,0
2011-11-18 18:00:00,3.798245,0,0
2011-11-18 19:00:00,3.4089553,0,0
2011-11-18 20:00:00,3.2248664,0,0
2011-11-18 21:00:00,3.0394697,0,0
2011-11-18 22:00:00,2.9061759,0,0
2011-11-18 23:00:00,2.8223414,0,0
2011-11-19 00:00:00,2.7292163,1,0
2011-11-19 01:00:00,2.613165,1,0
2011-11-19 02:00:00,2.489077,1,0
2011-11-19 03:00:00,2.301533,1,0
2011-11-19 04:00:00,2.1901224,1,0
2011-11-19 05:00:00,2.077694,1,0
2011-11-19 06:00:00,2.100073,1,0
2011-11-19 07:00:00,2.1145144,1,0
2011-11-19 08:00:00,2.4387634,1,0
2011-11-19 09:00:00,2.7095823,1,0
2011-11-19 10:00:00,3.0507603,1,0
2011-11-19 11:00:00,3.2920957,1,0
2011-11-19 12:00:00,3.5703378,1,0
2011-11-19 13:00:00,3.6746213,1,0
2011-11-19 14:00:00,3.3113084,1,0
2011-11-19 15:00:00,3.1223383,1,0
2011-11-19 16:00:00,2.5864835,1,0
2011-11-19 17:00:00,2.136716,1,0
2011-11-19 18:00:00,1.7442902,1,0
2011-11-19 19:00:00,1.4046241,1,0
2011-11-19 20:00:00,1.237211,1,0
2011-11-19 21:00:00,1.0683638,1,0
2011-11-19 22:00:00,0.93571806,1,0
2011-11-19 23:00:00,0.8230411,1,0
2011-11-20 00:00:00,0.713118,1,0
2011-11-20 01:00:00,0.5777373,1,0
2011-11-20 02:00:00,0.44633222,1,0
2011-11-20 03:00:00,0.33003542,1,0
2011-11-20 04:00:00,0.20133778,1,0
2011-11-20 05:00:00,0.08862803,1,0
2011-11-20 06:00:00,0.11231672,1,0
2011-11-20 07:00:00,0.0924642,1,0
2011-11-20 08:00:00,0.06987999,1,0
2011-11-20 09:00:00,0.14985828,1,0
2011-11-20 10:00:00,0.19041787,1,0
2011-11-20 11:00:00,0.26805663,1,0
2011-11-20 12:00:00,0.65732723,1,0
2011-11-20 13:00:00,0.7330354,1,0
2011-11-20 14:00:00,0.7797334,1,0
2011-11-20 15:00:00,0.82423514,1,0
2011-11-20 16:00:00,0.77124405,1,0
2011-11-20 17:00:00,0.86476976,1,0
2011-11-20 18:00:00,0.9857197,1,0
2011-11-20 19:00:00,0.89120185,1,0
2011-11-20 20:00:00,0.7156952,1,0
2011-11-20 21:00:00,0.5382587,1,0
2011-11-20 22:00:00,0.3525287,1,0
2011-11-20 23:00:00,0.19255899,1,0
2011-11-21 00:00:00,0.04858212,0,0
2011-11-21 01:00:00,-0.09373232,0,0
2011-11-21 02:00:00,-0.241861,0,0
2011-11-21 03:00:00,-0.35369164,0,0
2011-11-21 04:00:00,-0.4431656,0,0
2011-11-21 05:00:00,-0.5081355,0,0
2011-11-21 06:00:00,-0.5610399,0,0
2011-11-21 07:00:00,-0.50297225,0,0
2011-11-21 08:00:00,-0.34206566,0,0
2011-11-21 09:00:00,-0.16772337,0,0
2011-11-21 10:00:00,0.03282484,0,0
2011-11-21 11:00:00,0.25997812,0,0
2011-11-21 12:00:00,0.49328214,0,0
2011-11-21 13:00:00,0.7479475,0,0
2011-11-21 14:00:00,1.0248033,0,0
2011-11-21 15:00:00,1.2296257,0,0
2011-11-21 16:00:00,1.2668966,0,0
2011-11-21 17:00:00,1.2635475,0,0
2011-11-21 18:00:00,1.2069159,0,0
2011-11-21 19:00:00,1.0803292,0,0
2011-11-21 20:00:00,0.85043365,0,0
2011-11-21 21:00:00,0.6469549,0,0
2011-11-21 22:00:00,0.62912023,0,0
2011-11-21 23:00:00,0.41786844,0,0
2011-11-22 00:00:00,0.32599065,0,0
2011-11-22 01:00:00,0.27691817,0,0
2011-11-22 02:00:00,-0.028735042,0,0
2011-11-22 03:00:00,-0.28803578,0,0
2011-11-22 04:00:00,-0.38270688,0,0
2011-11-22 05:00:00,-0.4819656,0,0
2011-11-22 06:00:00,-0.4792909,0,0
2011-11-22 07:00:00,-0.30329695,0,0
2011-11-22 08:00:00,0.15320732,0,0
2011-11-22 09:00:00,0.30798015,0,0
2011-11-22 10:00:00,0.5643615,0,0
2011-11-22 11:00:00,0.8471252,0,0
2011-11-22 12:00:00,1.0091561,0,0
2011-11-22 13:00:00,1.1063311,0,0
2011-11-22 14:00:00,1.0938818,0,0
2011-11-22 15:00:00,1.1058071,0,0
2011-11-22 16:00:00,1.1990561,0,0
2011-11-22 17:00:00,1.1866331,0,0
2011-11-22 18:00:00,0.8873999,0,0
2011-11-22 19:00:00,0.63855696,0,0
2011-11-22 20:00:00,0.4618149,0,0
2011-11-22 21:00:00,0.2637117,0,0
2011-11-22 22:00:00,0.16799326,0,0
2011-11-22 23:00:00,0.05410652,0,0
2011-11-23 00:00:00,-0.02181968,0,0
2011-11-23 01:00:00,-0.086390145,0,0
2011-11-23 02:00:00,-0.23927762,0,0
2011-11-23 03:00:00,-0.27065673,0,0
2011-11-23 04:00:00,-0.328544,0,0
2011-11-23 05:00:00,-0.40639496,0,0
2011-11-23 06:00:00,-0.4904108,0,0
2011-11-23 07:00:00,-0.41435146,0,0
2011-11-23 08:00:00,-0.33089685,0,0
2011-11-23 09:00:00,-0.2547322,0,0
2011-11-23 10:00:00,-0.1756973,0,0
2011-11-23 11:00:00,-0.03419777,0,0
2011-11-23 12:00:00,0.18924922,0,0
2011-11-23 13:00:00,0.27493265,0,0
2011-11-23 14:00:00,0.28823498,0,0
2011-11-23 15:00:00,0.34250265,0,0
2011-11-23 16:00:00,0.3829306,0,0
2011-11-23 17:00:00,0.26050824,0,0
2011-11-23 18:00:00,0.22285329,0,0
2011-11-23 19:00:00,0.031763308,0,0
2011-11-23 20:00:00,-0.16568336,0,0
2011-11-23 21:00:00,-0.34841064,0,0
2011-11-23 22:00:00,-0.47291666,0,0
2011-11-23 23:00:00,-0.5602948,0,0
2011-11-24 00:00:00,-0.5960437,0,0
2011-11-24 01:00:00,-0.647077,0,0
2011-11-24 02:00:00,-0.69046795,0,0
2011-11-24 03:00:00,-0.7558266,0,0
2011-11-24 04:00:00,-0.8077341,0,0
2011-11-24 05:00:00,-0.8799522,0,0
2011-11-24 06:00:00,-0.9803357,0,0
2011-11-24 07:00:00,-0.8783276,0,0
2011-11-24 08:00:00,-0.41237682,0,0
2011-11-24 09:00:00,-0.034658298,0,0
2011-11-24 10:00:00,0.37350285,0,0
2011-11-24 11:00:00,0.7630655,0,0
2011-11-24 12:00:00,1.1080341,0,0
2011-11-24 13:00:00,1.3535817,0,0
2011-11-24 14:00:00,1.5240409,0,0
2011-11-24 15:00:00,1.6715214,0,0
2011-11-24 16:00:00,1.7557493,0,0
2011-11-24 17:00:00,1.7327377,0,0
2011-11-24 18:00:00,1.7439314,0,0
2011-11-24 19:00:00,1.6901263,0,0
2011-11-24 20:00:00,1.3786271,0,0
2011-11-24 21:00:00,1.0524827,0,0
2011-11-24 22:00:00,0.7918599,0,0
2011-11-24 23:00:00,0.5956089,0,0
2011-11-25 00:00:00,0.4646047,0,0
2011-11-25 01:00:00,0.39970705,0,0
2011-11-25 02:00:00,0.12289471,0,0
2011-11-25 03:00:00,-0.0828435,0,0
2011-11-25 04:00:00,-0.083094016,0,0
2011-11-25 05:00:00,-0.12623441,0,0
2011-11-25 06:00:00,0.033695545,0,0
2011-11-25 07:00:00,0.22350697,0,0
2011-11-25 08:00:00,0.73656684,0,0
2011-11-25 09:00:00,0.9777588,0,0
2011-11-25 10:00:00,1.2944052,0,0
2011-11-25 11:00:00,1.7547383,0,0
2011-11-25 12:00:00,1.828691,0,0
2011-11-25 13:00:00,1.9161088,0,0
2011-11-25 14:00:00,2.0233517,0,0
2011-11-25 15:00:00,2.0976605,0,0
2011-11-25 16:00:00,2.254672,0,0
2011-11-25 17:00:00,2.2264526,0,0
2011-11-25 18:00:00,2.1549044,0,0
2011-11-25 19:00:00,2.1431134,0,0
2011-11-25 20:00:00,2.0729148,0,0
2011-11-25 21:00:00,1.939253,0,0
2011-11-25 22:00:00,1.8512404,0,0
2011-11-25 23:00:00,1.7617886,0,0
2011-11-26 00:00:00,1.6283964,1,0
2011-11-26 01:00:00,1.4409178,1,0
2011-11-26 02:00:00,1.2414794,1,0
2011-11-26 03:00:00,1.3247402,1,0
2011-11-26 04:00:00,1.3329893,1,0
2011-11-26 05:00:00,1.2360733,1,0
2011-11-26 06:00:00,1.1640092,1,0
2011-11-26 07:00:00,1.2062376,1,0
2011-11-26 08:00:00,1.3757881,1,0
2011-11-26 09:00:00,1.4686922,1,0
2011-11-26 10:00:00,1.402618,1,0
2011-11-26 11:00:00,1.4722344,1,0
2011-11-26 12:00:00,1.5384173,1,0
2011-11-26 13:00:00,1.4846125,1,0
2011-11-26 14:00:00,1.4773124,1,0
2011-11-26 15:00:00,1.4475642,1,0
2011-11-26 16:00:00,1.4475642,1,0
2011-11-26 17:00:00,1.4541094,1,0
2011-11-26 18:00:00,1.2252424,1,0
2011-11-26 19:00:00,1.1029409,1,0
2011-11-26 20:00:00,1.0064914,1,0
2011-11-26 21:00:00,0.908603,1,0
2011-11-26 22:00:00,0.8125477,1,0
2011-11-26 23:00:00,0.746102,1,0
2011-11-27 00:00:00,0.6867336,1,0
2011-11-27 01:00:00,0.602343,1,0
2011-11-27 02:00:00,0.5028441,1,0
2011-11-27 03:00:00,0.3968279,1,0
2011-11-27 04:00:00,0.3006013,1,0
2011-11-27 05:00:00,0.1597313,1,0
2011-11-27 06:00:00,0.07715467,1,0
2011-11-27 07:00:00,0.13588384,1,0
2011-11-27 08:00:00,0.18832351,1,0
2011-11-27 09:00:00,0.27147573,1,0
2011-11-27 10:00:00,0.39294955,1,0
2011-11-27 11:00:00,0.59248674,1,0
2011-11-27 12:00:00,0.7866089,1,0
2011-11-27 13:00:00,1.0097344,1,0
2011-11-27 14:00:00,1.2286667,1,0
2011-11-27 15:00:00,1.4633683,1,0
2011-11-27 16:00:00,1.6312948,1,0
2011-11-27 17:00:00,1.7584734,1,0
2011-11-27 18:00:00,1.6726309,1,0
2011-11-27 19:00:00,1.6322562,1,0
2011-11-27 20:00:00,1.5053549,1,0
2011-11-27 21:00:00,1.2308401,1,0
2011-11-27 22:00:00,1.0785296,1,0
2011-11-27 23:00:00,0.9173559,1,0
2011-11-28 00:00:00,0.7086129,0,0
2011-11-28 01:00:00,0.6262021,0,0
2011-11-28 02:00:00,0.6686292,0,0
2011-11-28 03:00:00,0.6298361,0,0
2011-11-28 04:00:00,0.6051973,0,0
2011-11-28 05:00:00,0.52002376,0,0
2011-11-28 06:00:00,0.39220563,0,0
2011-11-28 07:00:00,0.5892184,0,0
2011-11-28 08:00:00,0.9722364,0,0
2011-11-28 09:00:00,1.1672138,0,0
2011-11-28 10:00:00,1.439598,0,0
2011-11-28 11:00:00,1.8135842,0,0
2011-11-28 12:00:00,2.3295758,0,0
2011-11-28 13:00:00,2.618863,0,0
2011-11-28 14:00:00,2.838923,0,0
2011-11-28 15:00:00,2.9325402,0,0
2011-11-28 16:00:00,3.000793,0,0
2011-11-28 17:00:00,3.0824172,0,0
2011-11-28 18:00:00,3.2338321,0,0
2011-11-28 19:00:00,3.287951,0,0
2011-11-28 20:00:00,3.016389,0,0
2011-11-28 21:00:00,2.7302284,0,0
2011-11-28 22:00:00,2.5549963,0,0
2011-11-28 23:00:00,2.3193617,0,0
2011-11-29 00:00:00,2.036408,0,0
2011-11-29 01:00:00,1.8280383,0,0
2011-11-29 02:00:00,1.7368122,0,0
2011-11-29 03:00:00,1.7409003,0,0
2011-11-29 04:00:00,1.7486167,0,0
2011-11-29 05:00:00,1.7281351,0,0
2011-11-29 06:00:00,1.7544346,0,0
2011-11-29 07:00:00,1.8739662,0,0
2011-11-29 08:00:00,2.1837633,0,0
2011-11-29 09:00:00,2.6222026,0,0
2011-11-29 10:00:00,2.978762,0,0
2011-11-29 11:00:00,3.3061502,0,0
2011-11-29 12:00:00,3.5889912,0,0
2011-11-29 13:00:00,3.528422,0,0
2011-11-29 14:00:00,3.6585882,0,0
2011-11-29 15:00:00,3.7022474,0,0
2011-11-29 16:00:00,3.871543,0,0
2011-11-29 17:00:00,3.8486712,0,0
2011-11-29 18:00:00,3.5914865,0,0
2011-11-29 19:00:00,3.4754868,0,0
2011-11-29 20:00:00,3.1325843,0,0
2011-11-29 21:00:00,2.8280637,0,0
2011-11-29 22:00:00,2.5762389,0,0
2011-11-29 23:00:00,2.3010454,0,0
2011-11-30 00:00:00,2.485633,0,0
2011-11-30 01:00:00,2.9055552,0,0
2011-11-30 02:00:00,3.0506883,0,0
2011-11-30 03:00:00,2.940674,0,0
2011-11-30 04:00:00,2.5251853,0,0
2011-11-30 05:00:00,1.7573644,0,0
2011-11-30 06:00:00,1.6256516,0,0
2011-11-30 07:00:00,1.6162732,0,0
2011-11-30 08:00:00,1.5918849,0,0
2011-11-30 09:00:00,1.3605974,0,0
2011-11-30 10:00:00,0.9876394,0,0
2011-11-30 11:00:00,0.97980773,0,0
2011-11-30 12:00:00,1.007951,0,0
2011-11-30 13:00:00,1.1280946,0,0
2011-11-30 14:00:00,0.9768769,0,0
2011-11-30 15:00:00,0.77880824,0,0
2011-11-30 16:00:00,0.8009467,0,0
2011-11-30 17:00:00,0.690348,0,0
2011-11-30 18:00:00,0.64830804,0,0
2011-11-30 19:00:00,0.42265126,0,0
2011-11-30 20:00:00,0.13682944,0,0
2011-11-30 21:00:00,-0.13637403,0,0
2011-11-30 22:00:00,-0.3061856,0,0
2011-11-30 23:00:00,-0.38714814,0,0
2011-12-01 00:00:00,-0.45793223,0,0
2011-12-01 01:00:00,-0.534914,0,0
2011-12-01 02:00:00,-0.6212917,0,0
2011-12-01 03:00:00,-0.7045678,0,0
2011-12-01 04:00:00,-0.7829094,0,0
2011-12-01 05:00:00,-0.86146873,0,0
2011-12-01 06:00:00,-0.9430827,0,0
2011-12-01 07:00:00,-0.8608256,0,0
2011-12-01 08:00:00,-0.5933186,0,0
2011-12-01 09:00:00,-0.30421364,0,0
2011-12-01 10:00:00,-0.039938077,0,0
2011-12-01 11:00:00,-0.010355645,0,0
2011-12-01 12:00:00,0.12026358,0,0
2011-12-01 13:00:00,0.22127795,0,0
2011-12-01 14:00:00,0.23998345,0,0
2011-12-01 15:00:00,0.31176278,0,0
2011-12-01 16:00:00,0.327372,0,0
2011-12-01 17:00:00,0.15800264,0,0
2011-12-01 18:00:00,0.0116688125,0,0
2011-12-01 19:00:00,-0.17121907,0,0
2011-12-01 20:00:00,-0.35735714,0,0
2011-12-01 21:00:00,-0.48374316,0,0
2011-12-01 22:00:00,-0.5709505,0,0
2011-12-01 23:00:00,-0.6114579,0,0
2011-12-02 00:00:00,-0.65650576,0,0
2011-12-02 01:00:00,-0.7258403,0,0
2011-12-02 02:00:00,-0.79644287,0,0
2011-12-02 03:00:00,-0.8866996,0,0
2011-12-02 04:00:00,-0.9514933,0,0
2011-12-02 05:00:00,-1.0279047,0,0
2011-12-02 06:00:00,-0.98345804,0,0
2011-12-02 07:00:00,-0.8696143,0,0
2011-12-02 08:00:00,-0.53657067,0,0
2011-12-02 09:00:00,-0.3620522,0,0
2011-12-02 10:00:00,-0.1618928,0,0
2011-12-02 11:00:00,0.114890754,0,0
2011-12-02 12:00:00,0.37870854,0,0
2011-12-02 13:00:00,0.600464,0,0
2011-12-02 14:00:00,0.76097625,0,0
2011-12-02 15:00:00,0.88540065,0,0
2011-12-02 16:00:00,0.95763046,0,0
2011-12-02 17:00:00,0.900871,0,0
2011-12-02 18:00:00,0.8511593,0,0
2011-12-02 19:00:00,0.59533036,0,0
2011-12-02 20:00:00,0.316432,0,0
2011-12-02 21:00:00,0.06918907,0,0
2011-12-02 22:00:00,-0.07711881,0,0
2011-12-02 23:00:00,-0.16926077,0,0
2011-12-03 00:00:00,-0.23921213,1,0
2011-12-03 01:00:00,-0.32383612,1,0
2011-12-03 02:00:00,-0.46099144,1,0
2011-12-03 03:00:00,-0.45462132,1,0
2011-12-03 04:00:00,-0.541241,1,0
2011-12-03 05:00:00,-0.787628,1,0
2011-12-03 06:00:00,-1.0809999,1,0
2011-12-03 07:00:00,-0.6569947,1,0
2011-12-03 08:00:00,-0.11622519,1,0
2011-12-03 09:00:00,0.07289366,1,0
2011-12-03 10:00:00,0.33241618,1,0
2011-12-03 11:00:00,0.61278665,1,0
2011-12-03 12:00:00,0.8498211,1,0
2011-12-03 13:00:00,0.9135762,1,0
2011-12-03 14:00:00,0.80465513,1,0
2011-12-03 15:00:00,0.9945942,1,0
2011-12-03 16:00:00,0.9801252,1,0
2011-12-03 17:00:00,0.8636031,1,0
2011-12-03 18:00:00,0.79708123,1,0
2011-12-03 19:00:00,0.6122752,1,0
2011-12-03 20:00:00,0.42081383,1,0
2011-12-03 21:00:00,0.23673199,1,0
2011-12-03 22:00:00,0.07903951,1,0
2011-12-03 23:00:00,-0.17137888,1,0
2011-12-04 00:00:00,-0.4014398,1,0
2011-12-04 01:00:00,-0.58481115,1,0
2011-12-04 02:00:00,-0.69537324,1,0
2011-12-04 03:00:00,-0.7117186,1,0
2011-12-04 04:00:00,-0.7777805,1,0
2011-12-04 05:00:00,-0.85904217,1,0
2011-12-04 06:00:00,-0.90344036,1,0
2011-12-04 07:00:00,-0.90607864,1,0
2011-12-04 08:00:00,-0.86498195,1,0
2011-12-04 09:00:00,-0.80597293,1,0
2011-12-04 10:00:00,-0.69095933,1,0
2011-12-04 11:00:00,-0.5755452,1,0
2011-12-04 12:00:00,-0.4016419,1,0
2011-12-04 13:00:00,-0.3224293,1,0
2011-12-04 14:00:00,-0.31607774,1,0
2011-12-04 15:00:00,-0.4132945,1,0
2011-12-04 16:00:00,-0.5028742,1,0
2011-12-04 17:00:00,-0.5575997,1,0
2011-12-04 18:00:00,-0.5591377,1,0
2011-12-04 19:00:00,-0.70477355,1,0
2011-12-04 20:00:00,-0.80293727,1,0
2011-12-04 21:00:00,-0.9080915,1,0
2011-12-04 22:00:00,-0.9877361,1,0
2011-12-04 23:00:00,-1.0688199,1,0
2011-12-05 00:00:00,-1.1536616,0,0
2011-12-05 01:00:00,-1.2279308,0,0
2011-12-05 02:00:00,-1.296002,0,0
2011-12-05 03:00:00,-1.3510112,0,0
2011-12-05 04:00:00,-1.4290382,0,0
2011-12-05 05:00:00,-1.5234418,0,0
2011-12-05 06:00:00,-1.633615,0,0
2011-12-05 07:00:00,-1.4915956,0,0
2011-12-05 08:00:00,-1.1052309,0,0
2011-12-05 09:00:00,-0.6960417,0,0
2011-12-05 10:00:00,-0.34174383,0,0
2011-12-05 11:00:00,-0.05435484,0,0
2011-12-05 12:00:00,0.13424157,0,0
2011-12-05 13:00:00,0.27701768,0,0
2011-12-05 14:00:00,0.44168162,0,0
2011-12-05 15:00:00,0.5609142,0,0
2011-12-05 16:00:00,0.57753897,0,0
2011-12-05 17:00:00,0.5889941,0,0
2011-12-05 18:00:00,0.5852841,0,0
2011-12-05 19:00:00,0.4461776,0,0
2011-12-05 20:00:00,0.16756064,0,0
2011-12-05 21:00:00,-0.13294968,0,0
2011-12-05 22:00:00,-0.34650818,0,0
2011-12-05 23:00:00,-0.48664072,0,0
2011-12-06 00:00:00,-0.5973343,0,0
2011-12-06 01:00:00,-0.70432,0,0
2011-12-06 02:00:00,-0.80391407,0,0
2011-12-06 03:00:00,-0.91128,0,0
2011-12-06 04:00:00,-1.017502,0,0
2011-12-06 05:00:00,-1.1449364,0,0
2011-12-06 06:00:00,-1.4096522,0,0
2011-12-06 07:00:00,-1.170022,0,0
2011-12-06 08:00:00,-0.4475901,0,0
2011-12-06 09:00:00,-0.032501955,0,0
2011-12-06 10:00:00,0.43894452,0,0
2011-12-06 11:00:00,0.8580307,0,0
2011-12-06 12:00:00,1.2578739,0,0
2011-12-06 13:00:00,1.5754324,0,0
2011-12-06 14:00:00,1.6674513,0,0
2011-12-06 15:00:00,1.6791275,0,0
2011-12-06 16:00:00,1.664855,0,0
2011-12-06 17:00:00,1.6727734,0,0
2011-12-06 18:00:00,1.568562,0,0
2011-12-06 19:00:00,1.5472504,0,0
2011-12-06 20:00:00,1.2796865,0,0
2011-12-06 21:00:00,0.9217102,0,0
2011-12-06 22:00:00,0.6612529,0,0
2011-12-06 23:00:00,0.46023852,0,0
2011-12-07 00:00:00,0.30718708,0,0
2011-12-07 01:00:00,0.1443733,0,0
2011-12-07 02:00:00,0.057141714,0,0
2011-12-07 03:00:00,-0.043665264,0,0
2011-12-07 04:00:00,-0.16511983,0,0
2011-12-07 05:00:00,-0.3650022,0,0
2011-12-07 06:00:00,-0.43138367,0,0
2011-12-07 07:00:00,-0.35297942,0,0
2011-12-07 08:00:00,0.4251768,0,0
2011-12-07 09:00:00,0.893847,0,0
2011-12-07 10:00:00,1.261819,0,0
2011-12-07 11:00:00,1.6421617,0,0
2011-12-07 12:00:00,2.0199459,0,0
2011-12-07 13:00:00,2.2543454,0,0
2011-12-07 14:00:00,2.4112585,0,0
2011-12-07 15:00:00,2.4477189,0,0
2011-12-07 16:00:00,2.4368677,0,0
2011-12-07 17:00:00,2.4015021,0,0
2011-12-07 18:00:00,2.2890124,0,0
2011-12-07 19:00:00,2.376974,0,0
2011-12-07 20:00:00,2.2085097,0,0
2011-12-07 21:00:00,1.8952048,0,0
2011-12-07 22:00:00,1.689038,0,0
2011-12-07 23:00:00,1.5090839,0,0
2011-12-08 00:00:00,1.279557,0,0
2011-12-08 01:00:00,1.0306731,0,0
2011-12-08 02:00:00,0.829396,0,0
2011-12-08 03:00:00,0.6418207,0,0
2011-12-08 04:00:00,0.50389844,0,0
2011-12-08 05:00:00,0.38580635,0,0
2011-12-08 06:00:00,0.28694156,0,0
2011-12-08 07:00:00,0.45663232,0,0
2011-12-08 08:00:00,1.0258806,0,0
2011-12-08 09:00:00,1.5291371,0,0
2011-12-08 10:00:00,1.9270331,0,0
2011-12-08 11:00:00,2.2752764,0,0
2011-12-08 12:00:00,2.5816803,0,0
2011-12-08 13:00:00,2.7684486,0,0
2011-12-08 14:00:00,2.880666,0,0
2011-12-08 15:00:00,2.9535234,0,0
2011-12-08 16:00:00,3.006184,0,0
2011-12-08 17:00:00,3.0444672,0,0
2011-12-08 18:00:00,2.9481936,0,0
2011-12-08 19:00:00,3.0250697,0,0
2011-12-08 20:00:00,2.7412674,0,0
2011-12-08 21:00:00,2.3384297,0,0
2011-12-08 22:00:00,2.0894108,0,0
2011-12-08 23:00:00,1.8537183,0,0
2011-12-09 00:00:00,1.7131057,0,0
2011-12-09 01:00:00,1.5930212,0,0
2011-12-09 02:00:00,1.5234691,0,0
2011-12-09 03:00:00,1.4939232,0,0
2011-12-09 04:00:00,1.4799762,0,0
2011-12-09 05:00:00,1.4583871,0,0
2011-12-09 06:00:00,1.4920092,0,0
2011-12-09 07:00:00,1.5994045,0,0
2011-12-09 08:00:00,1.892034,0,0
2011-12-09 09:00:00,2.228889,0,0
2011-12-09 10:00:00,2.5671885,0,0
2011-12-09 11:00:00,2.9074755,0,0
2011-12-09 12:00:00,3.1777523,0,0
2011-12-09 13:00:00,3.4016483,0,0
2011-12-09 14:00:00,3.4995298,0,0
2011-12-09 15:00:00,3.52486,0,0
2011-12-09 16:00:00,3.4701617,0,0
2011-12-09 17:00:00,3.31684,0,0
2011-12-09 18:00:00,3.1747978,0,0
2011-12-09 19:00:00,3.1560314,0,0
2011-12-09 20:00:00,3.0073428,0,0
2011-12-09 21:00:00,2.8236613,0,0
2011-12-09 22:00:00,2.7608318,0,0
2011-12-09 23:00:00,2.67735,0,0
2011-12-10 00:00:00,2.5664854,1,0
2011-12-10 01:00:00,2.431334,1,0
2011-12-10 02:00:00,2.2805898,1,0
2011-12-10 03:00:00,2.1218932,1,0
2011-12-10 04:00:00,1.9586892,1,0
2011-12-10 05:00:00,1.8188385,1,0
2011-12-10 06:00:00,1.8086045,1,0
2011-12-10 07:00:00,1.8160915,1,0
2011-12-10 08:00:00,2.0224931,1,0
2011-12-10 09:00:00,2.4095716,1,0
2011-12-10 10:00:00,2.782093,1,0
2011-12-10 11:00:00,3.127591,1,0
2011-12-10 12:00:00,3.41216,1,0
2011-12-10 13:00:00,3.6560147,1,0
2011-12-10 14:00:00,3.85908,1,0
2011-12-10 15:00:00,3.71977,1,0
2011-12-10 16:00:00,3.6865628,1,0
2011-12-10 17:00:00,3.544456,1,0
2011-12-10 18:00:00,3.3639846,1,0
2011-12-10 19:00:00,3.285508,1,0
2011-12-10 20:00:00,3.026226,1,0
2011-12-10 21:00:00,2.8431513,1,0
2011-12-10 22:00:00,2.6582038,1,0
2011-12-10 23:00:00,2.497063,1,0
2011-12-11 00:00:00,2.3425603,1,0
2011-12-11 01:00:00,2.1982412,1,0
2011-12-11 02:00:00,2.1178539,1,0
2011-12-11 03:00:00,2.0509179,1,0
2011-12-11 04:00:00,1.9792697,1,0
2011-12-11 05:00:00,1.8253374,1,0
2011-12-11 06:00:00,1.5906063,1,0
2011-12-11 07:00:00,1.3211454,1,0
2011-12-11 08:00:00,1.0511996,1,0
2011-12-11 09:00:00,0.80623615,1,0
2011-12-11 10:00:00,0.6623958,1,0
2011-12-11 11:00:00,0.7217544,1,0
2011-12-11 12:00:00,0.753329,1,0
2011-12-11 13:00:00,1.0508363,1,0
2011-12-11 14:00:00,1.2174915,1,0
2011-12-11 15:00:00,1.3383257,1,0
2011-12-11 16:00:00,1.2645177,1,0
2011-12-11 17:00:00,1.1298155,1,0
2011-12-11 18:00:00,0.96697044,1,0
2011-12-11 19:00:00,0.76910067,1,0
2011-12-11 20:00:00,0.4822006,1,0
2011-12-11 21:00:00,0.26014802,1,0
2011-12-11 22:00:00,0.11209165,1,0
2011-12-11 23:00:00,0.0216915,1,0
2011-12-12 00:00:00,-0.06307072,0,0
2011-12-12 01:00:00,-0.13088632,0,0
2011-12-12 02:00:00,-0.22704357,0,0
2011-12-12 03:00:00,-0.29996485,0,0
2011-12-12 04:00:00,-0.35855564,0,0
2011-12-12 05:00:00,-0.42169222,0,0
2011-12-12 06:00:00,-0.4031889,0,0
2011-12-12 07:00:00,-0.26681247,0,0
2011-12-12 08:00:00,-0.22439727,0,0
2011-12-12 09:00:00,-0.03818495,0,0
2011-12-12 10:00:00,0.14690258,0,0
2011-12-12 11:00:00,0.30958176,0,0
2011-12-12 12:00:00,0.4529539,0,0
2011-12-12 13:00:00,0.72917247,0,0
2011-12-12 14:00:00,0.8726415,0,0
2011-12-12 15:00:00,0.9748307,0,0
2011-12-12 16:00:00,1.0064721,0,0
2011-12-12 17:00:00,0.89740235,0,0
2011-12-12 18:00:00,0.7993216,0,0
2011-12-12 19:00:00,0.7235696,0,0
2011-12-12 20:00:00,0.6140039,0,0
2011-12-12 21:00:00,0.5362322,0,0
2011-12-12 22:00:00,0.4630478,0,0
2011-12-12 23:00:00,0.4371752,0,0
2011-12-13 00:00:00,0.41374776,0,0
2011-12-13 01:00:00,0.38110545,0,0
2011-12-13 02:00:00,0.25057983,0,0
2011-12-13 03:00:00,0.22811656,0,0
2011-12-13 04:00:00,0.13501897,0,0
2011-12-13 05:00:00,-0.0353814,0,0
2011-12-13 06:00:00,-0.16804418,0,0
2011-12-13 07:00:00,-0.31774032,0,0
2011-12-13 08:00:00,-0.46681383,0,0
2011-12-13 09:00:00,-0.5108804,0,0
2011-12-13 10:00:00,-0.4250537,0,0
2011-12-13 11:00:00,-0.18712023,0,0
2011-12-13 12:00:00,-0.09699817,0,0
2011-12-13 13:00:00,0.044278435,0,0
2011-12-13 14:00:00,0.11808113,0,0
2011-12-13 15:00:00,0.213292,0,0
2011-12-13 16:00:00,0.23628737,0,0
2011-12-13 17:00:00,0.21219438,0,0
2011-12-13 18:00:00,0.18004097,0,0
2011-12-13 19:00:00,0.006234576,0,0
2011-12-13 20:00:00,-0.21864153,0,0
2011-12-13 21:00:00,-0.37373057,0,0
2011-12-13 22:00:00,-0.52107847,0,0
2011-12-13 23:00:00,-0.58902043,0,0
2011-12-14 00:00:00,-0.6415397,0,0
2011-12-14 01:00:00,-0.6518252,0,0
2011-12-14 02:00:00,-0.66106063,0,0
2011-12-14 03:00:00,-0.6539141,0,0
2011-12-14 04:00:00,-0.67240185,0,0
2011-12-14 05:00:00,-0.7067062,0,0
2011-12-14 06:00:00,-0.71388537,0,0
2011-12-14 07:00:00,-0.59867674,0,0
2011-12-14 08:00:00,-0.57128316,0,0
2011-12-14 09:00:00,-0.4055473,0,0
2011-12-14 10:00:00,-0.19721371,0,0
2011-12-14 11:00:00,0.06743365,0,0
2011-12-14 12:00:00,0.3551511,0,0
2011-12-14 13:00:00,0.58747935,0,0
2011-12-14 14:00:00,0.7577763,0,0
2011-12-14 15:00:00,0.83354825,0,0
2011-12-14 16:00:00,0.8549319,0,0
2011-12-14 17:00:00,0.78951216,0,0
2011-12-14 18:00:00,0.79468834,0,0
2011-12-14 19:00:00,0.59223753,0,0
2011-12-14 20:00:00,0.3458274,0,0
2011-12-14 21:00:00,0.16592659,0,0
2011-12-14 22:00:00,0.064433545,0,0
2011-12-14 23:00:00,-0.009230833,0,0
2011-12-15 00:00:00,-0.06485682,0,0
2011-12-15 01:00:00,-0.096458755,0,0
2011-12-15 02:00:00,-0.14526993,0,0
2011-12-15 03:00:00,-0.20481974,0,0
2011-12-15 04:00:00,-0.33520693,0,0
2011-12-15 05:00:00,-0.5147788,0,0
2011-12-15 06:00:00,-0.64657784,0,0
2011-12-15 07:00:00,-0.39957532,0,0
2011-12-15 08:00:00,0.11680385,0,0
2011-12-15 09:00:00,0.3612529,0,0
2011-12-15 10:00:00,0.74531794,0,0
2011-12-15 11:00:00,1.1431863,0,0
2011-12-15 12:00:00,1.4384577,0,0
2011-12-15 13:00:00,1.660251,0,0
2011-12-15 14:00:00,1.6965351,0,0
2011-12-15 15:00:00,1.6364564,0,0
2011-12-15 16:00:00,1.7382046,0,0
2011-12-15 17:00:00,1.7300057,0,0
2011-12-15 18:00:00,1.709515,0,0
2011-12-15 19:00:00,1.629096,0,0
2011-12-15 20:00:00,1.4916168,0,0
2011-12-15 21:00:00,1.2996768,0,0
2011-12-15 22:00:00,1.1727257,0,0
2011-12-15 23:00:00,1.0525894,0,0
2011-12-16 00:00:00,0.897475,0,0
2011-12-16 01:00:00,0.7279884,0,0
2011-12-16 02:00:00,0.58601063,0,0
2011-12-16 03:00:00,0.5116032,0,0
2011-12-16 04:00:00,0.4648535,0,0
2011-12-16 05:00:00,0.4454913,0,0
2011-12-16 06:00:00,0.30737558,0,0
2011-12-16 07:00:00,0.47285393,0,0
2011-12-16 08:00:00,0.65279603,0,0
2011-12-16 09:00:00,0.9375606,0,0
2011-12-16 10:00:00,1.3779477,0,0
2011-12-16 11:00:00,1.8030279,0,0
2011-12-16 12:00:00,2.2531304,0,0
2011-12-16 13:00:00,2.6347861,0,0
2011-12-16 14:00:00,2.9704037,0,0
2011-12-16 15:00:00,3.1215181,0,0
2011-12-16 16:00:00,3.0735288,0,0
2011-12-16 17:00:00,2.9869225,0,0
2011-12-16 18:00:00,2.8943565,0,0
2011-12-16 19:00:00,2.8505967,0,0
2011-12-16 20:00:00,2.5933878,0,0
2011-12-16 21:00:00,2.2475946,0,0
2011-12-16 22:00:00,1.9753016,0,0
2011-12-16 23:00:00,1.7635486,0,0
2011-12-17 00:00:00,1.6085255,1,0
2011-12-17 01:00:00,1.4222775,1,0
2011-12-17 02:00:00,1.2333493,1,0
2011-12-17 03:00:00,1.0615387,1,0
2011-12-17 04:00:00,0.8420074,1,0
2011-12-17 05:00:00,0.69387865,1,0
2011-12-17 06:00:00,0.66711974,1,0
2011-12-17 07:00:00,0.8818048,1,0
2011-12-17 08:00:00,1.5232635,1,0
2011-12-17 09:00:00,2.0084236,1,0
2011-12-17 10:00:00,2.4421604,1,0
2011-12-17 11:00:00,2.7824,1,0
2011-12-17 12:00:00,3.156934,1,0
2011-12-17 13:00:00,3.456746,1,0
2011-12-17 14:00:00,3.6583827,1,0
2011-12-17 15:00:00,3.7301943,1,0
2011-12-17 16:00:00,3.6141598,1,0
2011-12-17 17:00:00,3.6154416,1,0
2011-12-17 18:00:00,3.4913027,1,0
2011-12-17 19:00:00,3.4372473,1,0
2011-12-17 20:00:00,3.2929914,1,0
2011-12-17 21:00:00,3.0597959,1,0
2011-12-17 22:00:00,2.882147,1,0
2011-12-17 23:00:00,2.7137105,1,0
2011-12-18 00:00:00,2.5205994,1,0
2011-12-18 01:00:00,2.378238,1,0
2011-12-18 02:00:00,2.2833076,1,0
2011-12-18 03:00:00,2.2225327,1,0
2011-12-18 04:00:00,2.1503575,1,0
2011-12-18 05:00:00,2.1105053,1,0
2011-12-18 06:00:00,2.1298072,1,0
2011-12-18 07:00:00,2.1015399,1,0
2011-12-18 08:00:00,2.1350012,1,0
2011-12-18 09:00:00,2.2270308,1,0
2011-12-18 10:00:00,2.38019,1,0
2011-12-18 11:00:00,2.5067744,1,0
2011-12-18 12:00:00,2.6018367,1,0
2011-12-18 13:00:00,2.8799834,1,0
2011-12-18 14:00:00,3.1344333,1,0
2011-12-18 15:00:00,3.0965848,1,0
2011-12-18 16:00:00,2.8840125,1,0
2011-12-18 17:00:00,2.8026469,1,0
2011-12-18 18:00:00,2.8468654,1,0
2011-12-18 19:00:00,2.7636373,1,0
2011-12-18 20:00:00,2.7050443,1,0
2011-12-18 21:00:00,2.5950398,1,0
2011-12-18 22:00:00,2.5758939,1,0
2011-12-18 23:00:00,2.5302806,1,0
2011-12-19 00:00:00,2.509742,0,0
2011-12-19 01:00:00,2.4788535,0,0
2011-12-19 02:00:00,2.411667,0,0
2011-12-19 03:00:00,2.359514,0,0
2011-12-19 04:00:00,2.3428595,0,0
2011-12-19 05:00:00,2.2221236,0,0
2011-12-19 06:00:00,2.071436,0,0
2011-12-19 07:00:00,1.9451145,0,0
2011-12-19 08:00:00,1.8228531,0,0
2011-12-19 09:00:00,1.87667,0,0
2011-12-19 10:00:00,2.0570443,0,0
2011-12-19 11:00:00,2.171759,0,0
2011-12-19 12:00:00,2.2992334,0,0
2011-12-19 13:00:00,2.372623,0,0
2011-12-19 14:00:00,2.4026492,0,0
2011-12-19 15:00:00,2.4289174,0,0
2011-12-19 16:00:00,2.4422665,0,0
2011-12-19 17:00:00,2.3132992,0,0
2011-12-19 18:00:00,2.1526363,0,0
2011-12-19 19:00:00,2.0378406,0,0
2011-12-19 20:00:00,1.9049095,0,0
2011-12-19 21:00:00,1.7625825,0,0
2011-12-19 22:00:00,1.6146696,0,0
2011-12-19 23:00:00,1.4750106,0,0
2011-12-20 00:00:00,1.284168,0,0
2011-12-20 01:00:00,1.1186123,0,0
2011-12-20 02:00:00,0.9817129,0,0
2011-12-20 03:00:00,0.8671696,0,0
2011-12-20 04:00:00,0.7934656,0,0
2011-12-20 05:00:00,0.736703,0,0
2011-12-20 06:00:00,0.79655176,0,0
2011-12-20 07:00:00,0.85230553,0,0
2011-12-20 08:00:00,0.97678417,0,0
2011-12-20 09:00:00,1.138743,0,0
2011-12-20 10:00:00,1.2952987,0,0
2011-12-20 11:00:00,1.4614732,0,0
2011-12-20 12:00:00,1.5294621,0,0
2011-12-20 13:00:00,1.6693906,0,0
2011-12-20 14:00:00,1.7138462,0,0
2011-12-20 15:00:00,1.7658526,0,0
2011-12-20 16:00:00,1.7431692,0,0
2011-12-20 17:00:00,1.6460443,0,0
2011-12-20 18:00:00,1.5542823,0,0
2011-12-20 19:00:00,1.3734846,0,0
2011-12-20 20:00:00,1.1755971,0,0
2011-12-20 21:00:00,1.0033857,0,0
2011-12-20 22:00:00,0.8508799,0,0
2011-12-20 23:00:00,0.7269856,0,0
2011-12-21 00:00:00,0.61676025,0,0
2011-12-21 01:00:00,0.5385155,0,0
2011-12-21 02:00:00,0.46520022,0,0
2011-12-21 03:00:00,0.40184563,0,0
2011-12-21 04:00:00,0.38709882,0,0
2011-12-21 05:00:00,0.34322765,0,0
2011-12-21 06:00:00,0.48130554,0,0
2011-12-21 07:00:00,0.56698394,0,0
2011-12-21 08:00:00,0.7247905,0,0
2011-12-21 09:00:00,0.9009953,0,0
2011-12-21 10:00:00,1.1683484,0,0
2011-12-21 11:00:00,1.5349153,0,0
2011-12-21 12:00:00,1.8967705,0,0
2011-12-21 13:00:00,2.250776,0,0
2011-12-21 14:00:00,2.5341547,0,0
2011-12-21 15:00:00,2.6604176,0,0
2011-12-21 16:00:00,2.640298,0,0
2011-12-21 17:00:00,2.5224092,0,0
2011-12-21 18:00:00,2.5244687,0,0
2011-12-21 19:00:00,2.4325356,0,0
2011-12-21 20:00:00,2.2046738,0,0
2011-12-21 21:00:00,1.8404081,0,0
2011-12-21 22:00:00,1.5661961,0,0
2011-12-21 23:00:00,1.3379695,0,0
2011-12-22 00:00:00,1.1909828,0,0
2011-12-22 01:00:00,1.0456533,0,0
2011-12-22 02:00:00,0.9195837,0,0
2011-12-22 03:00:00,0.8009852,0,0
2011-12-22 04:00:00,0.65643823,0,0
2011-12-22 05:00:00,0.48123607,0,0
2011-12-22 06:00:00,0.40916985,0,0
2011-12-22 07:00:00,0.49616325,0,0
2011-12-22 08:00:00,0.97824836,0,0
2011-12-22 09:00:00,1.353458,0,0
2011-12-22 10:00:00,1.8131245,0,0
2011-12-22 11:00:00,2.276554,0,0
2011-12-22 12:00:00,2.6922362,0,0
2011-12-22 13:00:00,3.0133522,0,0
2011-12-22 14:00:00,3.2179294,0,0
2011-12-22 15:00:00,3.1913025,0,0
2011-12-22 16:00:00,3.1468554,0,0
2011-12-22 17:00:00,3.09921,0,0
2011-12-22 18:00:00,3.2038262,0,0
2011-12-22 19:00:00,3.153634,0,0
2011-12-22 20:00:00,3.0388036,0,0
2011-12-22 21:00:00,2.7060676,0,0
2011-12-22 22:00:00,2.4571812,0,0
2011-12-22 23:00:00,2.240863,0,0
2011-12-23 00:00:00,2.0280685,0,0
2011-12-23 01:00:00,1.8449495,0,0
2011-12-23 02:00:00,1.6256082,0,0
2011-12-23 03:00:00,1.4560438,0,0
2011-12-23 04:00:00,1.3832936,0,0
2011-12-23 05:00:00,1.3662727,0,0
2011-12-23 06:00:00,1.2441912,0,0
2011-12-23 07:00:00,1.443426,0,0
2011-12-23 08:00:00,2.0023959,0,0
2011-12-23 09:00:00,2.4726903,0,0
2011-12-23 10:00:00,2.8355045,0,0
2011-12-23 11:00:00,3.2289512,0,0
2011-12-23 12:00:00,3.6577947,0,0
2011-12-23 13:00:00,4.0108185,0,0
2011-12-23 14:00:00,4.2494516,0,0
2011-12-23 15:00:00,4.282213,0,0
2011-12-23 16:00:00,4.1641026,0,0
2011-12-23 17:00:00,4.0374527,0,0
2011-12-23 18:00:00,4.035839,0,0
2011-12-23 19:00:00,3.919969,0,0
2011-12-23 20:00:00,3.6796541,0,0
2011-12-23 21:00:00,3.3189983,0,0
2011-12-23 22:00:00,3.0370917,0,0
2011-12-23 23:00:00,2.8072033,0,0
2011-12-24 00:00:00,2.6115177,1,0
2011-12-24 01:00:00,2.420276,1,0
2011-12-24 02:00:00,2.2419255,1,0
2011-12-24 03:00:00,2.083789,1,0
2011-12-24 04:00:00,1.9127389,1,0
2011-12-24 05:00:00,1.7411515,1,0
2011-12-24 06:00:00,1.8124226,1,0
2011-12-24 07:00:00,1.9697213,1,0
2011-12-24 08:00:00,2.4156191,1,0
2011-12-24 09:00:00,2.8639128,1,0
2011-12-24 10:00:00,3.3406775,1,0
2011-12-24 11:00:00,3.8361483,1,0
2011-12-24 12:00:00,4.227601,1,0
2011-12-24 13:00:00,4.499301,1,0
2011-12-24 14:00:00,4.5269756,1,0
2011-12-24 15:00:00,4.553418,1,0
2011-12-24 16:00:00,4.4372206,1,0
2011-12-24 17:00:00,4.4049463,1,0
2011-12-24 18:00:00,4.339117,1,0
2011-12-24 19:00:00,4.1582503,1,0
2011-12-24 20:00:00,3.7738848,1,0
2011-12-24 21:00:00,3.428238,1,0
2011-12-24 22:00:00,3.1516035,1,0
2011-12-24 23:00:00,2.9155588,1,0
2011-12-25 00:00:00,2.7802176,1,0
2011-12-25 01:00:00,2.689035,1,0
2011-12-25 02:00:00,2.6733098,1,0
2011-12-25 03:00:00,2.6372793,1,0
2011-12-25 04:00:00,2.6166766,1,0
2011-12-25 05:00:00,2.5206954,1,0
2011-12-25 06:00:00,2.415206,1,0
2011-12-25 07:00:00,2.4877894,1,0
2011-12-25 08:00:00,2.8024957,1,0
2011-12-25 09:00:00,2.9746482,1,0
2011-12-25 10:00:00,3.1914153,1,0
2011-12-25 11:00:00,3.5125492,1,0
2011-12-25 12:00:00,3.7254753,1,0
2011-12-25 13:00:00,4.0283055,1,0
2011-12-25 14:00:00,4.1309266,1,0
2011-12-25 15:00:00,4.2915564,1,0
2011-12-25 16:00:00,4.10907,1,0
2011-12-25 17:00:00,3.8619616,1,0
2011-12-25 18:00:00,3.7753296,1,0
2011-12-25 19:00:00,3.7187614,1,0
2011-12-25 20:00:00,3.6322017,1,0
2011-12-25 21:00:00,3.4428382,1,0
2011-12-25 22:00:00,3.2183979,1,0
2011-12-25 23:00:00,2.9195983,1,0
2011-12-26 00:00:00,2.8304908,0,1
2011-12-26 01:00:00,2.6727731,0,1
2011-12-26 02:00:00,2.4669209,0,1
2011-12-26 03:00:00,2.4108663,0,1
2011-12-26 04:00:00,2.3657272,0,1
2011-12-26 05:00:00,2.3205874,0,1
2011-12-26 06:00:00,2.197533,0,1
2011-12-26 07:00:00,2.1461954,0,1
2011-12-26 08:00:00,2.0382545,0,1
2011-12-26 09:00:00,1.962465,0,1
2011-12-26 10:00:00,1.9795382,0,1
2011-12-26 11:00:00,1.9739642,0,1
2011-12-26 12:00:00,2.10829,0,1
2011-12-26 13:00:00,2.0360181,0,1
2011-12-26 14:00:00,2.0141594,0,1
2011-12-26 15:00:00,1.9979441,0,1
2011-12-26 16:00:00,1.8699013,0,1
2011-12-26 17:00:00,1.7362154,0,1
2011-12-26 18:00:00,1.6972352,0,1
2011-12-26 19:00:00,1.5432487,0,1
2011-12-26 20:00:00,1.3864976,0,1
2011-12-26 21:00:00,1.2729405,0,1
2011-12-26 22:00:00,1.2379621,0,1
2011-12-26 23:00:00,1.2221198,0,1
2011-12-27 00:00:00,1.2368981,0,1
2011-12-27 01:00:00,1.2266122,0,1
2011-12-27 02:00:00,1.1876756,0,1
2011-12-27 03:00:00,1.0775074,0,1
2011-12-27 04:00:00,0.95261985,0,1
2011-12-27 05:00:00,0.83554536,0,1
2011-12-27 06:00:00,0.66164947,0,1
2011-12-27 07:00:00,0.6009161,0,1
2011-12-27 08:00:00,0.4393451,0,1
2011-12-27 09:00:00,0.45773807,0,1
2011-12-27 10:00:00,0.5680867,0,1
2011-12-27 11:00:00,0.70630836,0,1
2011-12-27 12:00:00,0.86881644,0,1
2011-12-27 13:00:00,0.9871195,0,1
2011-12-27 14:00:00,1.0730536,0,1
2011-12-27 15:00:00,1.2374395,0,1
2011-12-27 16:00:00,1.3225853,0,1
2011-12-27 17:00:00,1.301713,0,1
2011-12-27 18:00:00,1.2522515,0,1
2011-12-27 19:00:00,1.1219864,0,1
2011-12-27 20:00:00,0.97070736,0,1
2011-12-27 21:00:00,0.8681222,0,1
2011-12-27 22:00:00,0.7786463,0,1
2011-12-27 23:00:00,0.70401603,0,1
2011-12-28 00:00:00,0.64878935,0,0
2011-12-28 01:00:00,0.5830365,0,0
2011-12-28 02:00:00,0.5361553,0,0
2011-12-28 03:00:00,0.46044186,0,0
2011-12-28 04:00:00,0.41124174,0,0
2011-12-28 05:00:00,0.3773264,0,0
2011-12-28 06:00:00,0.315292,0,0
2011-12-28 07:00:00,0.46836436,0,0
2011-12-28 08:00:00,0.6103597,0,0
2011-12-28 09:00:00,0.7603309,0,0
2011-12-28 10:00:00,0.9377815,0,0
2011-12-28 11:00:00,1.1724577,0,0
2011-12-28 12:00:00,1.309907,0,0
2011-12-28 13:00:00,1.520005,0,0
2011-12-28 14:00:00,1.7283938,0,0
2011-12-28 15:00:00,1.9120035,0,0
2011-12-28 16:00:00,1.9806521,0,0
2011-12-28 17:00:00,1.8569837,0,0
2011-12-28 18:00:00,1.6187636,0,0
2011-12-28 19:00:00,1.4836932,0,0
2011-12-28 20:00:00,1.3665661,0,0
2011-12-28 21:00:00,1.188072,0,0
2011-12-28 22:00:00,1.0320709,0,0
2011-12-28 23:00:00,0.89904326,0,0
2011-12-29 00:00:00,0.7853275,0,0
2011-12-29 01:00:00,0.7094757,0,0
2011-12-29 02:00:00,0.5994733,0,0
2011-12-29 03:00:00,0.5486958,0,0
2011-12-29 04:00:00,0.52360445,0,0
2011-12-29 05:00:00,0.49087083,0,0
2011-12-29 06:00:00,0.47221208,0,0
2011-12-29 07:00:00,0.4529349,0,0
2011-12-29 08:00:00,0.4918562,0,0
2011-12-29 09:00:00,0.6337392,0,0
2011-12-29 10:00:00,0.7739603,0,0
2011-12-29 11:00:00,1.0282855,0,0
2011-12-29 12:00:00,1.3072047,0,0
2011-12-29 13:00:00,1.6566126,0,0
2011-12-29 14:00:00,1.9296033,0,0
2011-12-29 15:00:00,2.1233072,0,0
2011-12-29 16:00:00,2.2109928,0,0
2011-12-29 17:00:00,2.2038393,0,0
2011-12-29 18:00:00,2.0927374,0,0
2011-12-29 19:00:00,1.8951746,0,0
2011-12-29 20:00:00,1.6427844,0,0
2011-12-29 21:00:00,1.4005679,0,0
2011-12-29 22:00:00,1.2213305,0,0
2011-12-29 23:00:00,1.1024625,0,0
2011-12-30 00:00:00,1.0165238,0,0
2011-12-30 01:00:00,0.96439326,0,0
2011-12-30 02:00:00,0.89959437,0,0
2011-12-30 03:00:00,0.8155405,0,0
2011-12-30 04:00:00,0.8230758,0,0
2011-12-30 05:00:00,0.8789212,0,0
2011-12-30 06:00:00,0.89829725,0,0
2011-12-30 07:00:00,0.8637356,0,0
2011-12-30 08:00:00,0.9889224,0,0
2011-12-30 09:00:00,1.1555654,0,0
2011-12-30 10:00:00,1.5522871,0,0
2011-12-30 11:00:00,2.0147178,0,0
2011-12-30 12:00:00,2.454647,0,0
2011-12-30 13:00:00,2.7811437,0,0
2011-12-30 14:00:00,3.0273993,0,0
2011-12-30 15:00:00,3.1945062,0,0
2011-12-30 16:00:00,3.289616,0,0
2011-12-30 17:00:00,3.3163211,0,0
2011-12-30 18:00:00,3.3078282,0,0
2011-12-30 19:00:00,3.2275004,0,0
2011-12-30 20:00:00,3.0855777,0,0
2011-12-30 21:00:00,2.7481105,0,0
2011-12-30 22:00:00,2.448554,0,0
2011-12-30 23:00:00,2.236606,0,0
2011-12-31 00:00:00,2.0234168,1,0
2011-12-31 01:00:00,1.8409818,1,0
2011-12-31 02:00:00,1.4690453,1,0
2011-12-31 03:00:00,1.1146206,1,0
2011-12-31 04:00:00,0.9598033,1,0
2011-12-31 05:00:00,0.9028973,1,0
2011-12-31 06:00:00,0.98474133,1,0
2011-12-31 07:00:00,1.2768418,1,0
2011-12-31 08:00:00,1.6815491,1,0
2011-12-31 09:00:00,2.0630398,1,0
2011-12-31 10:00:00,2.4747758,1,0
2011-12-31 11:00:00,2.901499,1,0
2011-12-31 12:00:00,3.295293,1,0
2011-12-31 13:00:00,3.6199617,1,0
2011-12-31 14:00:00,3.8082266,1,0
2011-12-31 15:00:00,3.9095397,1,0
2011-12-31 16:00:00,4.0013204,1,0
2011-12-31 17:00:00,4.0181265,1,0
2011-12-31 18:00:00,4.1129494,1,0
2011-12-31 19:00:00,4.08171,1,0
2011-12-31 20:00:00,3.6815913,1,0
2011-12-31 21:00:00,3.275595,1,0
2011-12-31 22:00:00,3.0241206,1,0
2011-12-31 23:00:00,2.8127046,1,0
2012-01-01 00:00:00,2.5762658,1,1
2012-01-01 01:00:00,2.3313904,1,1
2012-01-01 02:00:00,2.1283598,1,1
2012-01-01 03:00:00,1.9484218,1,1
2012-01-01 04:00:00,1.8414966,1,1
2012-01-01 05:00:00,1.9742767,1,1
2012-01-01 06:00:00,1.9575928,1,1
2012-01-01 07:00:00,1.8410769,1,1
2012-01-01 08:00:00,2.3613074,1,1
2012-01-01 09:00:00,2.839704,1,1
2012-01-01 10:00:00,3.3243062,1,1
2012-01-01 11:00:00,3.7981513,1,1
2012-01-01 12:00:00,4.214488,1,1
2012-01-01 13:00:00,4.545748,1,1
2012-01-01 14:00:00,4.7597785,1,1
2012-01-01 15:00:00,4.81322,1,1
2012-01-01 16:00:00,4.86705,1,1
2012-01-01 17:00:00,4.8682003,1,1
2012-01-01 18:00:00,4.9496255,1,1
2012-01-01 19:00:00,4.880745,1,1
2012-01-01 20:00:00,4.5771503,1,1
2012-01-01 21:00:00,4.1419435,1,1
2012-01-01 22:00:00,3.8374522,1,1
2012-01-01 23:00:00,3.5833688,1,1
2012-01-02 00:00:00,3.301195,0,1
2012-01-02 01:00:00,3.0466783,0,1
2012-01-02 02:00:00,2.8432536,0,1
2012-01-02 03:00:00,2.6940224,0,1
2012-01-02 04:00:00,2.5753136,0,1
2012-01-02 05:00:00,2.4067545,0,1
2012-01-02 06:00:00,2.1045032,0,1
2012-01-02 07:00:00,2.1583703,0,1
2012-01-02 08:00:00,2.6038973,0,1
2012-01-02 09:00:00,3.1998744,0,1
2012-01-02 10:00:00,3.635496,0,1
2012-01-02 11:00:00,4.0038667,0,1
2012-01-02 12:00:00,4.2983484,0,1
2012-01-02 13:00:00,4.5201077,0,1
2012-01-02 14:00:00,4.7193737,0,1
2012-01-02 15:00:00,4.881112,0,1
2012-01-02 16:00:00,4.9381003,0,1
2012-01-02 17:00:00,4.961271,0,1
2012-01-02 18:00:00,5.058328,0,1
2012-01-02 19:00:00,5.084335,0,1
2012-01-02 20:00:00,4.6746597,0,1
2012-01-02 21:00:00,4.174685,0,1
2012-01-02 22:00:00,3.8399704,0,1
2012-01-02 23:00:00,3.5977714,0,1
2012-01-03 00:00:00,3.440051,0,0
2012-01-03 01:00:00,3.264125,0,0
2012-01-03 02:00:00,3.1517036,0,0
2012-01-03 03:00:00,3.0952294,0,0
2012-01-03 04:00:00,3.0210083,0,0
2012-01-03 05:00:00,2.8613045,0,0
2012-01-03 06:00:00,2.6030753,0,0
2012-01-03 07:00:00,2.857407,0,0
2012-01-03 08:00:00,3.2502203,0,0
2012-01-03 09:00:00,3.7462232,0,0
2012-01-03 10:00:00,4.1935368,0,0
2012-01-03 11:00:00,4.5513873,0,0
2012-01-03 12:00:00,4.872443,0,0
2012-01-03 13:00:00,5.1192737,0,0
2012-01-03 14:00:00,4.9559274,0,0
2012-01-03 15:00:00,4.796982,0,0
2012-01-03 16:00:00,4.6892467,0,0
2012-01-03 17:00:00,4.6269183,0,0
2012-01-03 18:00:00,4.2294855,0,0
2012-01-03 19:00:00,4.229311,0,0
2012-01-03 20:00:00,4.127553,0,0
2012-01-03 21:00:00,3.9952493,0,0
2012-01-03 22:00:00,3.923537,0,0
2012-01-03 23:00:00,3.8618844,0,0
2012-01-04 00:00:00,3.753413,0,0
2012-01-04 01:00:00,3.652839,0,0
2012-01-04 02:00:00,3.551785,0,0
2012-01-04 03:00:00,3.4120398,0,0
2012-01-04 04:00:00,3.2443466,0,0
2012-01-04 05:00:00,2.994803,0,0
2012-01-04 06:00:00,2.8406613,0,0
2012-01-04 07:00:00,2.681229,0,0
2012-01-04 08:00:00,2.4773815,0,0
2012-01-04 09:00:00,2.0828242,0,0
2012-01-04 10:00:00,2.0434544,0,0
2012-01-04 11:00:00,2.1782398,0,0
2012-01-04 12:00:00,2.303503,0,0
2012-01-04 13:00:00,2.2996035,0,0
2012-01-04 14:00:00,2.2865705,0,0
2012-01-04 15:00:00,2.347534,0,0
2012-01-04 16:00:00,2.303913,0,0
2012-01-04 17:00:00,2.179291,0,0
2012-01-04 18:00:00,2.0654404,0,0
2012-01-04 19:00:00,1.895632,0,0
2012-01-04 20:00:00,1.6847153,0,0
2012-01-04 21:00:00,1.4899467,0,0
2012-01-04 22:00:00,1.3509146,0,0
2012-01-04 23:00:00,1.2298937,0,0
2012-01-05 00:00:00,1.1328913,0,0
2012-01-05 01:00:00,1.0369914,0,0
2012-01-05 02:00:00,0.940606,0,0
2012-01-05 03:00:00,0.8395087,0,0
2012-01-05 04:00:00,0.72425735,0,0
2012-01-05 05:00:00,0.5959486,0,0
2012-01-05 06:00:00,0.38143137,0,0
2012-01-05 07:00:00,0.40463975,0,0
2012-01-05 08:00:00,0.41267142,0,0
2012-01-05 09:00:00,0.5770889,0,0
2012-01-05 10:00:00,0.7650622,0,0
2012-01-05 11:00:00,1.1049762,0,0
2012-01-05 12:00:00,1.4011655,0,0
2012-01-05 13:00:00,1.6038387,0,0
2012-01-05 14:00:00,1.725392,0,0
2012-01-05 15:00:00,1.7709309,0,0
2012-01-05 16:00:00,1.7573637,0,0
2012-01-05 17:00:00,1.6815424,0,0
2012-01-05 18:00:00,1.4866629,0,0
2012-01-05 19:00:00,1.2977635,0,0
2012-01-05 20:00:00,1.1469404,0,0
2012-01-05 21:00:00,0.99315405,0,0
2012-01-05 22:00:00,0.8616848,0,0
2012-01-05 23:00:00,0.8071423,0,0
2012-01-06 00:00:00,0.75334954,0,0
2012-01-06 01:00:00,0.6910351,0,0
2012-01-06 02:00:00,0.65672565,0,0
2012-01-06 03:00:00,0.6097476,0,0
2012-01-06 04:00:00,0.56801903,0,0
2012-01-06 05:00:00,0.53593665,0,0
2012-01-06 06:00:00,0.40069404,0,0
2012-01-06 07:00:00,0.39805076,0,0
2012-01-06 08:00:00,0.567783,0,0
2012-01-06 09:00:00,0.66416556,0,0
2012-01-06 10:00:00,0.7967672,0,0
2012-01-06 11:00:00,1.0723414,0,0
2012-01-06 12:00:00,1.3145411,0,0
2012-01-06 13:00:00,1.6055362,0,0
2012-01-06 14:00:00,1.8373839,0,0
2012-01-06 15:00:00,2.0306072,0,0
2012-01-06 16:00:00,2.155768,0,0
2012-01-06 17:00:00,2.1908925,0,0
2012-01-06 18:00:00,2.2508545,0,0
2012-01-06 19:00:00,2.0731516,0,0
2012-01-06 20:00:00,1.8398381,0,0
2012-01-06 21:00:00,1.6294928,0,0
2012-01-06 22:00:00,1.4908718,0,0
2012-01-06 23:00:00,1.3885046,0,0
2012-01-07 00:00:00,1.3557206,1,0
2012-01-07 01:00:00,1.195495,1,0
2012-01-07 02:00:00,0.98856616,1,0
2012-01-07 03:00:00,0.8572475,1,0
2012-01-07 04:00:00,0.690681,1,0
2012-01-07 05:00:00,0.57176816,1,0
2012-01-07 06:00:00,0.7699008,1,0
2012-01-07 07:00:00,0.93400013,1,0
2012-01-07 08:00:00,1.1635844,1,0
2012-01-07 09:00:00,1.620177,1,0
2012-01-07 10:00:00,2.005707,1,0
2012-01-07 11:00:00,2.4313507,1,0
2012-01-07 12:00:00,2.7179277,1,0
2012-01-07 13:00:00,2.9196384,1,0
2012-01-07 14:00:00,2.8164794,1,0
2012-01-07 15:00:00,2.9023092,1,0
2012-01-07 16:00:00,2.9553013,1,0
2012-01-07 17:00:00,2.8934584,1,0
2012-01-07 18:00:00,2.7960587,1,0
2012-01-07 19:00:00,2.8502223,1,0
2012-01-07 20:00:00,2.6665707,1,0
2012-01-07 21:00:00,2.524489,1,0
2012-01-07 22:00:00,2.5247998,1,0
2012-01-07 23:00:00,2.570822,1,0
2012-01-08 00:00:00,2.6378515,1,0
2012-01-08 01:00:00,2.6680748,1,0
2012-01-08 02:00:00,2.633316,1,0
2012-01-08 03:00:00,2.5694604,1,0
2012-01-08 04:00:00,2.5585635,1,0
2012-01-08 05:00:00,2.5475,1,0
2012-01-08 06:00:00,2.6094685,1,0
2012-01-08 07:00:00,2.6415133,1,0
2012-01-08 08:00:00,2.7183774,1,0
2012-01-08 09:00:00,2.7941916,1,0
2012-01-08 10:00:00,2.8579984,1,0
2012-01-08 11:00:00,2.9901595,1,0
2012-01-08 12:00:00,2.9654872,1,0
2012-01-08 13:00:00,3.234667,1,0
2012-01-08 14:00:00,3.4583757,1,0
2012-01-08 15:00:00,3.3393865,1,0
2012-01-08 16:00:00,3.1601963,1,0
2012-01-08 17:00:00,2.9152272,1,0
2012-01-08 18:00:00,2.5397584,1,0
2012-01-08 19:00:00,2.4217937,1,0
2012-01-08 20:00:00,2.2396317,1,0
2012-01-08 21:00:00,1.9927964,1,0
2012-01-08 22:00:00,1.7838306,1,0
2012-01-08 23:00:00,1.5883954,1,0
2012-01-09 00:00:00,1.4019501,0,0
2012-01-09 01:00:00,1.1444962,0,0
2012-01-09 02:00:00,0.91267633,0,0
2012-01-09 03:00:00,0.70479566,0,0
2012-01-09 04:00:00,0.5606426,0,0
2012-01-09 05:00:00,0.43032953,0,0
2012-01-09 06:00:00,0.26674548,0,0
2012-01-09 07:00:00,0.28938887,0,0
2012-01-09 08:00:00,0.46019077,0,0
2012-01-09 09:00:00,0.7018596,0,0
2012-01-09 10:00:00,1.0153354,0,0
2012-01-09 11:00:00,1.167475,0,0
2012-01-09 12:00:00,1.2574068,0,0
2012-01-09 13:00:00,1.3153634,0,0
2012-01-09 14:00:00,1.3474681,0,0
2012-01-09 15:00:00,1.4023235,0,0
2012-01-09 16:00:00,1.4593263,0,0
2012-01-09 17:00:00,1.5271248,0,0
2012-01-09 18:00:00,1.5131274,0,0
2012-01-09 19:00:00,1.5596439,0,0
2012-01-09 20:00:00,1.4964828,0,0
2012-01-09 21:00:00,1.2918986,0,0
2012-01-09 22:00:00,1.1458775,0,0
2012-01-09 23:00:00,1.0423458,0,0
2012-01-10 00:00:00,0.8854085,0,0
2012-01-10 01:00:00,0.7942826,0,0
2012-01-10 02:00:00,0.73473823,0,0
2012-01-10 03:00:00,0.7189251,0,0
2012-01-10 04:00:00,0.77831924,0,0
2012-01-10 05:00:00,0.7970182,0,0
2012-01-10 06:00:00,0.69712025,0,0
2012-01-10 07:00:00,0.5288155,0,0
2012-01-10 08:00:00,0.3820502,0,0
2012-01-10 09:00:00,0.3454548,0,0
2012-01-10 10:00:00,0.3154617,0,0
2012-01-10 11:00:00,0.3790687,0,0
2012-01-10 12:00:00,0.54868686,0,0
2012-01-10 13:00:00,0.6988269,0,0
2012-01-10 14:00:00,0.7076959,0,0
2012-01-10 15:00:00,0.7458326,0,0
2012-01-10 16:00:00,0.7982998,0,0
2012-01-10 17:00:00,0.7018486,0,0
2012-01-10 18:00:00,0.736125,0,0
2012-01-10 19:00:00,0.6929601,0,0
2012-01-10 20:00:00,0.647924,0,0
2012-01-10 21:00:00,0.52767533,0,0
2012-01-10 22:00:00,0.42109567,0,0
2012-01-10 23:00:00,0.3263845,0,0
2012-01-11 00:00:00,0.19594502,0,0
2012-01-11 01:00:00,0.12948935,0,0
2012-01-11 02:00:00,0.07106954,0,0
2012-01-11 03:00:00,0.0010320216,0,0
2012-01-11 04:00:00,-0.03629435,0,0
2012-01-11 05:00:00,-0.13952379,0,0
2012-01-11 06:00:00,-0.18286268,0,0
2012-01-11 07:00:00,-0.19331415,0,0
2012-01-11 08:00:00,-0.17043759,0,0
2012-01-11 09:00:00,-0.19902755,0,0
2012-01-11 10:00:00,-0.16492179,0,0
2012-01-11 11:00:00,-0.07345889,0,0
2012-01-11 12:00:00,0.041218065,0,0
2012-01-11 13:00:00,0.24693051,0,0
2012-01-11 14:00:00,0.4425834,0,0
2012-01-11 15:00:00,0.4368748,0,0
2012-01-11 16:00:00,0.25230587,0,0
2012-01-11 17:00:00,0.25568017,0,0
2012-01-11 18:00:00,0.19469945,0,0
2012-01-11 19:00:00,0.06697608,0,0
2012-01-11 20:00:00,-0.081766516,0,0
2012-01-11 21:00:00,-0.16709591,0,0
2012-01-11 22:00:00,-0.29867372,0,0
2012-01-11 23:00:00,-0.3765715,0,0
2012-01-12 00:00:00,-0.42432708,0,0
2012-01-12 01:00:00,-0.45775208,0,0
2012-01-12 02:00:00,-0.5205413,0,0
2012-01-12 03:00:00,-0.557548,0,0
2012-01-12 04:00:00,-0.55127585,0,0
2012-01-12 05:00:00,-0.5329003,0,0
2012-01-12 06:00:00,-0.5108635,0,0
2012-01-12 07:00:00,-0.43273595,0,0
2012-01-12 08:00:00,-0.25322956,0,0
2012-01-12 09:00:00,-0.0530582,0,0
2012-01-12 10:00:00,0.19285956,0,0
2012-01-12 11:00:00,0.3961493,0,0
2012-01-12 12:00:00,0.5618315,0,0
2012-01-12 13:00:00,0.6924885,0,0
2012-01-12 14:00:00,0.8954467,0,0
2012-01-12 15:00:00,1.065305,0,0
2012-01-12 16:00:00,1.1576246,0,0
2012-01-12 17:00:00,1.1119924,0,0
2012-01-12 18:00:00,1.1466733,0,0
2012-01-12 19:00:00,1.110905,0,0
2012-01-12 20:00:00,1.0120554,0,0
2012-01-12 21:00:00,0.8932373,0,0
2012-01-12 22:00:00,0.7939489,0,0
2012-01-12 23:00:00,0.7343578,0,0
2012-01-13 00:00:00,0.6625884,0,0
2012-01-13 01:00:00,0.5885009,0,0
2012-01-13 02:00:00,0.5065999,0,0
2012-01-13 03:00:00,0.43815002,0,0
2012-01-13 04:00:00,0.37407,0,0
2012-01-13 05:00:00,0.34287214,0,0
2012-01-13 06:00:00,0.2399628,0,0
2012-01-13 07:00:00,0.21767545,0,0
2012-01-13 08:00:00,0.2326972,0,0
2012-01-13 09:00:00,0.33481944,0,0
2012-01-13 10:00:00,0.38557974,0,0
2012-01-13 11:00:00,0.4566976,0,0
2012-01-13 12:00:00,0.6552415,0,0
2012-01-13 13:00:00,0.7126106,0,0
2012-01-13 14:00:00,0.75062835,0,0
2012-01-13 15:00:00,0.8162099,0,0
2012-01-13 16:00:00,0.922672,0,0
2012-01-13 17:00:00,0.9891623,0,0
2012-01-13 18:00:00,1.0707039,0,0
2012-01-13 19:00:00,1.0432293,0,0
2012-01-13 20:00:00,0.9796221,0,0
2012-01-13 21:00:00,0.8546476,0,0
2012-01-13 22:00:00,0.7613395,0,0
2012-01-13 23:00:00,0.66523206,0,0
2012-01-14 00:00:00,0.57428235,1,0
2012-01-14 01:00:00,0.4375642,1,0
2012-01-14 02:00:00,0.2876125,1,0
2012-01-14 03:00:00,0.15557325,1,0
2012-01-14 04:00:00,0.07645939,1,0
2012-01-14 05:00:00,0.0007612677,1,0
2012-01-14 06:00:00,-0.024238586,1,0
2012-01-14 07:00:00,-0.004200819,1,0
2012-01-14 08:00:00,0.05131294,1,0
2012-01-14 09:00:00,0.15535468,1,0
2012-01-14 10:00:00,0.32462552,1,0
2012-01-14 11:00:00,0.46502244,1,0
2012-01-14 12:00:00,0.6689866,1,0
2012-01-14 13:00:00,0.88798976,1,0
2012-01-14 14:00:00,1.0198927,1,0
2012-01-14 15:00:00,1.1164958,1,0
2012-01-14 16:00:00,1.1103996,1,0
2012-01-14 17:00:00,1.0284276,1,0
2012-01-14 18:00:00,0.87110466,1,0
2012-01-14 19:00:00,0.7090353,1,0
2012-01-14 20:00:00,0.5853149,1,0
2012-01-14 21:00:00,0.5041378,1,0
2012-01-14 22:00:00,0.44720203,1,0
2012-01-14 23:00:00,0.40337533,1,0
2012-01-15 00:00:00,0.33596566,1,0
2012-01-15 01:00:00,0.29363036,1,0
2012-01-15 02:00:00,0.25024453,1,0
2012-01-15 03:00:00,0.15776582,1,0
2012-01-15 04:00:00,0.08638025,1,0
2012-01-15 05:00:00,0.028663926,1,0
2012-01-15 06:00:00,-0.05482502,1,0
2012-01-15 07:00:00,-0.06042642,1,0
2012-01-15 08:00:00,0.2735536,1,0
2012-01-15 09:00:00,0.5528169,1,0
2012-01-15 10:00:00,0.8048286,1,0
2012-01-15 11:00:00,1.0940698,1,0
2012-01-15 12:00:00,1.4417157,1,0
2012-01-15 13:00:00,1.7556493,1,0
2012-01-15 14:00:00,1.995711,1,0
2012-01-15 15:00:00,2.1575365,1,0
2012-01-15 16:00:00,2.2245224,1,0
2012-01-15 17:00:00,2.17353,1,0
2012-01-15 18:00:00,2.05386,1,0
2012-01-15 19:00:00,1.8820227,1,0
2012-01-15 20:00:00,1.671123,1,0
2012-01-15 21:00:00,1.457728,1,0
2012-01-15 22:00:00,1.3047767,1,0
2012-01-15 23:00:00,1.1546365,1,0
2012-01-16 00:00:00,0.9800387,0,0
2012-01-16 01:00:00,0.7646073,0,0
2012-01-16 02:00:00,0.57358867,0,0
2012-01-16 03:00:00,0.45612028,0,0
2012-01-16 04:00:00,0.37158096,0,0
2012-01-16 05:00:00,0.35114422,0,0
2012-01-16 06:00:00,0.59791833,0,0
2012-01-16 07:00:00,0.8478701,0,0
2012-01-16 08:00:00,1.2967271,0,0
2012-01-16 09:00:00,1.7382855,0,0
2012-01-16 10:00:00,2.0880942,0,0
2012-01-16 11:00:00,2.4105654,0,0
2012-01-16 12:00:00,2.742215,0,0
2012-01-16 13:00:00,3.0285807,0,0
2012-01-16 14:00:00,3.2411268,0,0
2012-01-16 15:00:00,3.3748708,0,0
2012-01-16 16:00:00,3.4926226,0,0
2012-01-16 17:00:00,3.5374284,0,0
2012-01-16 18:00:00,3.4915748,0,0
2012-01-16 19:00:00,3.492412,0,0
2012-01-16 20:00:00,3.2792351,0,0
2012-01-16 21:00:00,2.8888154,0,0
2012-01-16 22:00:00,2.6411557,0,0
2012-01-16 23:00:00,2.455384,0,0
2012-01-17 00:00:00,2.3227606,0,0
2012-01-17 01:00:00,2.2450395,0,0
2012-01-17 02:00:00,2.1716597,0,0
2012-01-17 03:00:00,2.1070147,0,0
2012-01-17 04:00:00,2.0946505,0,0
2012-01-17 05:00:00,2.130026,0,0
2012-01-17 06:00:00,2.1244626,0,0
2012-01-17 07:00:00,2.2176242,0,0
2012-01-17 08:00:00,2.4201088,0,0
2012-01-17 09:00:00,2.7093108,0,0
2012-01-17 10:00:00,3.0212727,0,0
2012-01-17 11:00:00,3.3675342,0,0
2012-01-17 12:00:00,3.717388,0,0
2012-01-17 13:00:00,3.972727,0,0
2012-01-17 14:00:00,4.1522474,0,0
2012-01-17 15:00:00,4.229772,0,0
2012-01-17 16:00:00,4.2562714,0,0
2012-01-17 17:00:00,4.2424397,0,0
2012-01-17 18:00:00,4.1966324,0,0
2012-01-17 19:00:00,4.126142,0,0
2012-01-17 20:00:00,3.8831196,0,0
2012-01-17 21:00:00,3.5095031,0,0
2012-01-17 22:00:00,3.26009,0,0
2012-01-17 23:00:00,3.0934076,0,0
2012-01-18 00:00:00,2.9734993,0,0
2012-01-18 01:00:00,2.8757818,0,0
2012-01-18 02:00:00,2.789511,0,0
2012-01-18 03:00:00,2.7317998,0,0
2012-01-18 04:00:00,2.688248,0,0
2012-01-18 05:00:00,2.6217697,0,0
2012-01-18 06:00:00,2.5643678,0,0
2012-01-18 07:00:00,2.5234716,0,0
2012-01-18 08:00:00,2.69437,0,0
2012-01-18 09:00:00,3.0622365,0,0
2012-01-18 10:00:00,3.2834709,0,0
2012-01-18 11:00:00,3.3017223,0,0
2012-01-18 12:00:00,3.2780497,0,0
2012-01-18 13:00:00,3.1817267,0,0
2012-01-18 14:00:00,3.2802892,0,0
2012-01-18 15:00:00,3.3237736,0,0
2012-01-18 16:00:00,3.4754775,0,0
2012-01-18 17:00:00,3.4088833,0,0
2012-01-18 18:00:00,3.123023,0,0
2012-01-18 19:00:00,2.685359,0,0
2012-01-18 20:00:00,2.2529995,0,0
2012-01-18 21:00:00,1.9198554,0,0
2012-01-18 22:00:00,1.7335638,0,0
2012-01-18 23:00:00,1.5807384,0,0
2012-01-19 00:00:00,1.452155,0,0
2012-01-19 01:00:00,1.34703,0,0
2012-01-19 02:00:00,1.2595552,0,0
2012-01-19 03:00:00,1.1720803,0,0
2012-01-19 04:00:00,1.0955669,0,0
2012-01-19 05:00:00,1.0066528,0,0
2012-01-19 06:00:00,0.95936537,0,0
2012-01-19 07:00:00,0.9655357,0,0
2012-01-19 08:00:00,1.1130674,0,0
2012-01-19 09:00:00,1.342353,0,0
2012-01-19 10:00:00,1.625639,0,0
2012-01-19 11:00:00,1.9831042,0,0
2012-01-19 12:00:00,2.359921,0,0
2012-01-19 13:00:00,2.67847,0,0
2012-01-19 14:00:00,2.9171662,0,0
2012-01-19 15:00:00,3.0650964,0,0
2012-01-19 16:00:00,3.0830364,0,0
2012-01-19 17:00:00,2.9632003,0,0
2012-01-19 18:00:00,2.704761,0,0
2012-01-19 19:00:00,2.3901737,0,0
2012-01-19 20:00:00,2.0530763,0,0
2012-01-19 21:00:00,1.7706529,0,0
2012-01-19 22:00:00,1.5661515,0,0
2012-01-19 23:00:00,1.418575,0,0
2012-01-20 00:00:00,1.3051965,0,0
2012-01-20 01:00:00,1.2285566,0,0
2012-01-20 02:00:00,1.1711771,0,0
2012-01-20 03:00:00,1.1200006,0,0
2012-01-20 04:00:00,1.0793965,0,0
2012-01-20 05:00:00,1.0897189,0,0
2012-01-20 06:00:00,1.0931072,0,0
2012-01-20 07:00:00,1.1059712,0,0
2012-01-20 08:00:00,1.208135,0,0
2012-01-20 09:00:00,1.3905892,0,0
2012-01-20 10:00:00,1.658658,0,0
2012-01-20 11:00:00,1.952903,0,0
2012-01-20 12:00:00,2.4634614,0,0
2012-01-20 13:00:00,2.736826,0,0
2012-01-20 14:00:00,2.9128647,0,0
2012-01-20 15:00:00,2.9585516,0,0
2012-01-20 16:00:00,2.8855522,0,0
2012-01-20 17:00:00,2.7272809,0,0
2012-01-20 18:00:00,2.5857239,0,0
2012-01-20 19:00:00,2.354301,0,0
2012-01-20 20:00:00,2.1005385,0,0
2012-01-20 21:00:00,1.8527977,0,0
2012-01-20 22:00:00,1.69294,0,0
2012-01-20 23:00:00,1.6125402,0,0
2012-01-21 00:00:00,1.6050812,1,0
2012-01-21 01:00:00,1.6459843,1,0
2012-01-21 02:00:00,1.6903775,1,0
2012-01-21 03:00:00,1.7592801,1,0
2012-01-21 04:00:00,1.8325524,1,0
2012-01-21 05:00:00,1.8625458,1,0
2012-01-21 06:00:00,1.9198304,1,0
2012-01-21 07:00:00,1.9206082,1,0
2012-01-21 08:00:00,1.9559821,1,0
2012-01-21 09:00:00,2.0900605,1,0
2012-01-21 10:00:00,2.327712,1,0
2012-01-21 11:00:00,2.574594,1,0
2012-01-21 12:00:00,2.8623667,1,0
2012-01-21 13:00:00,3.1212378,1,0
2012-01-21 14:00:00,3.3450048,1,0
2012-01-21 15:00:00,3.4290876,1,0
2012-01-21 16:00:00,3.5038943,1,0
2012-01-21 17:00:00,3.554459,1,0
2012-01-21 18:00:00,3.5818172,1,0
2012-01-21 19:00:00,3.4858048,1,0
2012-01-21 20:00:00,3.2877634,1,0
2012-01-21 21:00:00,2.9783876,1,0
2012-01-21 22:00:00,2.6625013,1,0
2012-01-21 23:00:00,2.3962731,1,0
2012-01-22 00:00:00,2.2011054,1,0
2012-01-22 01:00:00,2.056123,1,0
2012-01-22 02:00:00,1.9231476,1,0
2012-01-22 03:00:00,1.8105289,1,0
2012-01-22 04:00:00,1.6695689,1,0
2012-01-22 05:00:00,1.5358899,1,0
2012-01-22 06:00:00,1.4053591,1,0
2012-01-22 07:00:00,1.4207073,1,0
2012-01-22 08:00:00,1.8927951,1,0
2012-01-22 09:00:00,2.3786902,1,0
2012-01-22 10:00:00,2.9013743,1,0
2012-01-22 11:00:00,3.43639,1,0
2012-01-22 12:00:00,3.9060326,1,0
2012-01-22 13:00:00,4.1882467,1,0
2012-01-22 14:00:00,4.3815327,1,0
2012-01-22 15:00:00,4.522354,1,0
2012-01-22 16:00:00,4.5182657,1,0
2012-01-22 17:00:00,4.5042157,1,0
2012-01-22 18:00:00,4.4018826,1,0
2012-01-22 19:00:00,4.1337504,1,0
2012-01-22 20:00:00,3.744329,1,0
2012-01-22 21:00:00,3.35131,1,0
2012-01-22 22:00:00,3.0788336,1,0
2012-01-22 23:00:00,2.8344836,1,0
2012-01-23 00:00:00,2.6212342,0,0
2012-01-23 01:00:00,2.4312675,0,0
2012-01-23 02:00:00,2.210483,0,0
2012-01-23 03:00:00,1.9502317,0,0
2012-01-23 04:00:00,1.8013753,0,0
2012-01-23 05:00:00,1.7155815,0,0
2012-01-23 06:00:00,1.5633317,0,0
2012-01-23 07:00:00,1.6716881,0,0
2012-01-23 08:00:00,1.9927633,0,0
2012-01-23 09:00:00,2.3608978,0,0
2012-01-23 10:00:00,2.7602353,0,0
2012-01-23 11:00:00,3.165701,0,0
2012-01-23 12:00:00,3.5702133,0,0
2012-01-23 13:00:00,3.9357421,0,0
2012-01-23 14:00:00,4.229256,0,0
2012-01-23 15:00:00,4.4333053,0,0
2012-01-23 16:00:00,4.5065565,0,0
2012-01-23 17:00:00,4.497144,0,0
2012-01-23 18:00:00,4.4750414,0,0
2012-01-23 19:00:00,4.3344173,0,0
2012-01-23 20:00:00,4.1512485,0,0
2012-01-23 21:00:00,3.7970457,0,0
2012-01-23 22:00:00,3.524426,0,0
2012-01-23 23:00:00,3.3092964,0,0
2012-01-24 00:00:00,3.116714,0,0
2012-01-24 01:00:00,2.775966,0,0
2012-01-24 02:00:00,2.5034,0,0
2012-01-24 03:00:00,2.268166,0,0
2012-01-24 04:00:00,2.0774841,0,0
2012-01-24 05:00:00,1.9464159,0,0
2012-01-24 06:00:00,1.8832152,0,0
2012-01-24 07:00:00,1.7909786,0,0
2012-01-24 08:00:00,2.0697167,0,0
2012-01-24 09:00:00,2.491794,0,0
2012-01-24 10:00:00,2.985029,0,0
2012-01-24 11:00:00,3.4880588,0,0
2012-01-24 12:00:00,3.9732506,0,0
2012-01-24 13:00:00,4.304983,0,0
2012-01-24 14:00:00,4.567196,0,0
2012-01-24 15:00:00,4.638067,0,0
2012-01-24 16:00:00,4.61858,0,0
2012-01-24 17:00:00,4.57042,0,0
2012-01-24 18:00:00,4.409238,0,0
2012-01-24 19:00:00,4.3841043,0,0
2012-01-24 20:00:00,4.1769633,0,0
2012-01-24 21:00:00,3.8129704,0,0
2012-01-24 22:00:00,3.528686,0,0
2012-01-24 23:00:00,3.368678,0,0
2012-01-25 00:00:00,2.996672,0,0
2012-01-25 01:00:00,2.7360005,0,0
2012-01-25 02:00:00,2.5920477,0,0
2012-01-25 03:00:00,2.406045,0,0
2012-01-25 04:00:00,2.2486067,0,0
2012-01-25 05:00:00,2.1569798,0,0
2012-01-25 06:00:00,2.0613494,0,0
2012-01-25 07:00:00,2.0524063,0,0
2012-01-25 08:00:00,2.551951,0,0
2012-01-25 09:00:00,2.789491,0,0
2012-01-25 10:00:00,3.0873718,0,0
2012-01-25 11:00:00,3.4030046,0,0
2012-01-25 12:00:00,3.700039,0,0
2012-01-25 13:00:00,3.9294956,0,0
2012-01-25 14:00:00,4.051757,0,0
2012-01-25 15:00:00,4.0831084,0,0
2012-01-25 16:00:00,4.092394,0,0
2012-01-25 17:00:00,3.9860556,0,0
2012-01-25 18:00:00,3.5406146,0,0
2012-01-25 19:00:00,3.2084968,0,0
2012-01-25 20:00:00,2.880429,0,0
2012-01-25 21:00:00,2.5902197,0,0
2012-01-25 22:00:00,2.313474,0,0
2012-01-25 23:00:00,2.0608044,0,0
2012-01-26 00:00:00,1.8808193,0,1
2012-01-26 01:00:00,1.7676634,0,1
2012-01-26 02:00:00,1.6924629,0,1
2012-01-26 03:00:00,1.6363516,0,1
2012-01-26 04:00:00,1.585393,0,1
2012-01-26 05:00:00,1.5326058,0,1
2012-01-26 06:00:00,1.4405956,0,1
2012-01-26 07:00:00,1.4229182,0,1
2012-01-26 08:00:00,1.5515317,0,1
2012-01-26 09:00:00,1.754081,0,1
2012-01-26 10:00:00,2.0801723,0,1
2012-01-26 11:00:00,2.4484224,0,1
2012-01-26 12:00:00,2.7040677,0,1
2012-01-26 13:00:00,2.9583657,0,1
2012-01-26 14:00:00,3.1681108,0,1
2012-01-26 15:00:00,3.2856035,0,1
2012-01-26 16:00:00,3.2574604,0,1
2012-01-26 17:00:00,3.1207573,0,1
2012-01-26 18:00:00,2.8315194,0,1
2012-01-26 19:00:00,2.5948472,0,1
2012-01-26 20:00:00,2.3223846,0,1
2012-01-26 21:00:00,2.100843,0,1
2012-01-26 22:00:00,1.9535623,0,1
2012-01-26 23:00:00,1.8652109,0,1
2012-01-27 00:00:00,1.816524,0,0
2012-01-27 01:00:00,1.7454753,0,0
2012-01-27 02:00:00,1.6978859,0,0
2012-01-27 03:00:00,1.6399463,0,0
2012-01-27 04:00:00,1.5772953,0,0
2012-01-27 05:00:00,1.4805212,0,0
2012-01-27 06:00:00,1.4281332,0,0
2012-01-27 07:00:00,1.4262257,0,0
2012-01-27 08:00:00,1.6287943,0,0
2012-01-27 09:00:00,1.9642366,0,0
2012-01-27 10:00:00,2.4584544,0,0
2012-01-27 11:00:00,2.998372,0,0
2012-01-27 12:00:00,3.5616496,0,0
2012-01-27 13:00:00,3.9926684,0,0
2012-01-27 14:00:00,4.383116,0,0
2012-01-27 15:00:00,4.618623,0,0
2012-01-27 16:00:00,4.6253643,0,0
2012-01-27 17:00:00,4.588284,0,0
2012-01-27 18:00:00,4.5796576,0,0
2012-01-27 19:00:00,4.446386,0,0
2012-01-27 20:00:00,4.2515135,0,0
2012-01-27 21:00:00,3.9148219,0,0
2012-01-27 22:00:00,3.651294,0,0
2012-01-27 23:00:00,3.4358554,0,0
2012-01-28 00:00:00,3.2456765,1,0
2012-01-28 01:00:00,3.0560896,1,0
2012-01-28 02:00:00,2.9332213,1,0
2012-01-28 03:00:00,2.8032951,1,0
2012-01-28 04:00:00,2.6641684,1,0
2012-01-28 05:00:00,2.5598042,1,0
2012-01-28 06:00:00,2.493965,1,0
2012-01-28 07:00:00,2.4788294,1,0
2012-01-28 08:00:00,2.9122393,1,0
2012-01-28 09:00:00,3.4056041,1,0
2012-01-28 10:00:00,3.800767,1,0
2012-01-28 11:00:00,4.284224,1,0
2012-01-28 12:00:00,4.6925654,1,0
2012-01-28 13:00:00,5.0768657,1,0
2012-01-28 14:00:00,5.1715717,1,0
2012-01-28 15:00:00,5.1532435,1,0
2012-01-28 16:00:00,5.252119,1,0
2012-01-28 17:00:00,5.1543283,1,0
2012-01-28 18:00:00,5.076596,1,0
2012-01-28 19:00:00,4.8679676,1,0
2012-01-28 20:00:00,4.621426,1,0
2012-01-28 21:00:00,4.319326,1,0
2012-01-28 22:00:00,4.1110888,1,0
2012-01-28 23:00:00,3.9265282,1,0
2012-01-29 00:00:00,3.795648,1,0
2012-01-29 01:00:00,3.619874,1,0
2012-01-29 02:00:00,3.4458413,1,0
2012-01-29 03:00:00,3.3012474,1,0
2012-01-29 04:00:00,3.1303165,1,0
2012-01-29 05:00:00,3.0068161,1,0
2012-01-29 06:00:00,3.0575264,1,0
2012-01-29 07:00:00,2.990025,1,0
2012-01-29 08:00:00,3.4078226,1,0
2012-01-29 09:00:00,3.936402,1,0
2012-01-29 10:00:00,4.398564,1,0
2012-01-29 11:00:00,4.7918177,1,0
2012-01-29 12:00:00,5.1257777,1,0
2012-01-29 13:00:00,5.4148307,1,0
2012-01-29 14:00:00,5.61014,1,0
2012-01-29 15:00:00,5.611519,1,0
2012-01-29 16:00:00,5.5443015,1,0
2012-01-29 17:00:00,5.556446,1,0
2012-01-29 18:00:00,5.4851565,1,0
2012-01-29 19:00:00,5.228433,1,0
2012-01-29 20:00:00,4.9182878,1,0
2012-01-29 21:00:00,4.67764,1,0
2012-01-29 22:00:00,4.5627522,1,0
2012-01-29 23:00:00,4.407021,1,0
2012-01-30 00:00:00,4.26016,0,0
2012-01-30 01:00:00,4.133,0,0
2012-01-30 02:00:00,3.9585164,0,0
2012-01-30 03:00:00,3.822472,0,0
2012-01-30 04:00:00,3.7088358,0,0
2012-01-30 05:00:00,3.6322806,0,0
2012-01-30 06:00:00,3.7264512,0,0
2012-01-30 07:00:00,3.721883,0,0
2012-01-30 08:00:00,3.7563722,0,0
2012-01-30 09:00:00,3.7993836,0,0
2012-01-30 10:00:00,3.953643,0,0
2012-01-30 11:00:00,4.208459,0,0
2012-01-30 12:00:00,4.4973516,0,0
2012-01-30 13:00:00,4.6393833,0,0
2012-01-30 14:00:00,4.615836,0,0
2012-01-30 15:00:00,4.350645,0,0
2012-01-30 16:00:00,4.0983624,0,0
2012-01-30 17:00:00,3.991563,0,0
2012-01-30 18:00:00,3.6368942,0,0
2012-01-30 19:00:00,3.32309,0,0
2012-01-30 20:00:00,3.0235338,0,0
2012-01-30 21:00:00,2.7299988,0,0
2012-01-30 22:00:00,2.4046602,0,0
2012-01-30 23:00:00,2.097852,0,0
2012-01-31 00:00:00,1.8226585,0,0
2012-01-31 01:00:00,1.7104843,0,0
2012-01-31 02:00:00,1.5440767,0,0
2012-01-31 03:00:00,1.3426116,0,0
2012-01-31 04:00:00,1.2212367,0,0
2012-01-31 05:00:00,1.1194831,0,0
2012-01-31 06:00:00,1.1088777,0,0
2012-01-31 07:00:00,1.0191691,0,0
2012-01-31 08:00:00,0.9617879,0,0
2012-01-31 09:00:00,0.9129406,0,0
2012-01-31 10:00:00,0.91905916,0,0
2012-01-31 11:00:00,1.0052924,0,0
2012-01-31 12:00:00,0.97149616,0,0
2012-01-31 13:00:00,0.966522,0,0
2012-01-31 14:00:00,1.052406,0,0
2012-01-31 15:00:00,1.0586607,0,0
2012-01-31 16:00:00,1.0568328,0,0
2012-01-31 17:00:00,1.0315404,0,0
2012-01-31 18:00:00,0.99204206,0,0
2012-01-31 19:00:00,0.8384443,0,0
2012-01-31 20:00:00,0.6908268,0,0
2012-01-31 21:00:00,0.65252906,0,0
2012-01-31 22:00:00,0.61340904,0,0
2012-01-31 23:00:00,0.59709156,0,0
2012-02-01 00:00:00,0.550376,0,0
2012-02-01 01:00:00,0.54838395,0,0
2012-02-01 02:00:00,0.5342088,0,0
2012-02-01 03:00:00,0.47975966,0,0
2012-02-01 04:00:00,0.39243338,0,0
2012-02-01 05:00:00,0.30510718,0,0
2012-02-01 06:00:00,0.22087716,0,0
2012-02-01 07:00:00,0.21352178,0,0
2012-02-01 08:00:00,0.3647213,0,0
2012-02-01 09:00:00,0.688732,0,0
2012-02-01 10:00:00,1.032184,0,0
2012-02-01 11:00:00,1.3342807,0,0
2012-02-01 12:00:00,1.5530921,0,0
2012-02-01 13:00:00,1.6897964,0,0
2012-02-01 14:00:00,1.8125191,0,0
2012-02-01 15:00:00,1.8913876,0,0
2012-02-01 16:00:00,1.9728255,0,0
2012-02-01 17:00:00,1.8814969,0,0
2012-02-01 18:00:00,1.9635811,0,0
2012-02-01 19:00:00,1.8314083,0,0
2012-02-01 20:00:00,1.6639827,0,0
2012-02-01 21:00:00,1.4268388,0,0
2012-02-01 22:00:00,1.242325,0,0
2012-02-01 23:00:00,1.11469,0,0
2012-02-02 00:00:00,1.0089259,0,0
2012-02-02 01:00:00,0.9338741,0,0
2012-02-02 02:00:00,0.8610442,0,0
2012-02-02 03:00:00,0.7751569,0,0
2012-02-02 04:00:00,0.6983515,0,0
2012-02-02 05:00:00,0.57289374,0,0
2012-02-02 06:00:00,0.38331923,0,0
2012-02-02 07:00:00,0.32511732,0,0
2012-02-02 08:00:00,0.59112793,0,0
2012-02-02 09:00:00,0.9428859,0,0
2012-02-02 10:00:00,1.332183,0,0
2012-02-02 11:00:00,1.7399623,0,0
2012-02-02 12:00:00,2.1612952,0,0
2012-02-02 13:00:00,2.516009,0,0
2012-02-02 14:00:00,2.7419493,0,0
2012-02-02 15:00:00,2.8272743,0,0
2012-02-02 16:00:00,2.798934,0,0
2012-02-02 17:00:00,2.7995934,0,0
2012-02-02 18:00:00,2.8142693,0,0
2012-02-02 19:00:00,2.7172508,0,0
2012-02-02 20:00:00,2.6129687,0,0
2012-02-02 21:00:00,2.3515832,0,0
2012-02-02 22:00:00,2.058715,0,0
2012-02-02 23:00:00,1.8197454,0,0
2012-02-03 00:00:00,1.6287388,0,0
2012-02-03 01:00:00,1.4697345,0,0
2012-02-03 02:00:00,1.4335486,0,0
2012-02-03 03:00:00,1.3247157,0,0
2012-02-03 04:00:00,1.2495427,0,0
2012-02-03 05:00:00,1.0011567,0,0
2012-02-03 06:00:00,1.0440537,0,0
2012-02-03 07:00:00,0.75124687,0,0
2012-02-03 08:00:00,1.1601012,0,0
2012-02-03 09:00:00,1.7939354,0,0
2012-02-03 10:00:00,2.1858985,0,0
2012-02-03 11:00:00,2.493303,0,0
2012-02-03 12:00:00,2.721254,0,0
2012-02-03 13:00:00,2.932435,0,0
2012-02-03 14:00:00,3.1323128,0,0
2012-02-03 15:00:00,3.1766331,0,0
2012-02-03 16:00:00,3.2076683,0,0
2012-02-03 17:00:00,3.177935,0,0
2012-02-03 18:00:00,3.0940585,0,0
2012-02-03 19:00:00,3.0553474,0,0
2012-02-03 20:00:00,2.9769292,0,0
2012-02-03 21:00:00,2.7669454,0,0
2012-02-03 22:00:00,2.5830414,0,0
2012-02-03 23:00:00,2.414344,0,0
2012-02-04 00:00:00,2.2901418,1,0
2012-02-04 01:00:00,2.0699418,1,0
2012-02-04 02:00:00,1.6959593,1,0
2012-02-04 03:00:00,1.4232349,1,0
2012-02-04 04:00:00,1.2558461,1,0
2012-02-04 05:00:00,1.1155306,1,0
2012-02-04 06:00:00,0.9634261,1,0
2012-02-04 07:00:00,0.96483797,1,0
2012-02-04 08:00:00,1.5038494,1,0
2012-02-04 09:00:00,2.2706761,1,0
2012-02-04 10:00:00,2.7504027,1,0
2012-02-04 11:00:00,3.141101,1,0
2012-02-04 12:00:00,3.3796875,1,0
2012-02-04 13:00:00,3.4106882,1,0
2012-02-04 14:00:00,3.6508574,1,0
2012-02-04 15:00:00,3.7387414,1,0
2012-02-04 16:00:00,3.7400339,1,0
2012-02-04 17:00:00,3.6635933,1,0
2012-02-04 18:00:00,3.583133,1,0
2012-02-04 19:00:00,3.5346615,1,0
2012-02-04 20:00:00,3.2718196,1,0
2012-02-04 21:00:00,2.9594789,1,0
2012-02-04 22:00:00,2.7364085,1,0
2012-02-04 23:00:00,2.6149347,1,0
2012-02-05 00:00:00,2.5699832,1,0
2012-02-05 01:00:00,2.5418022,1,0
2012-02-05 02:00:00,2.4881635,1,0
2012-02-05 03:00:00,2.4384086,1,0
2012-02-05 04:00:00,2.4113302,1,0
2012-02-05 05:00:00,2.363889,1,0
2012-02-05 06:00:00,2.381062,1,0
2012-02-05 07:00:00,2.3487394,1,0
2012-02-05 08:00:00,2.5143144,1,0
2012-02-05 09:00:00,2.8191044,1,0
2012-02-05 10:00:00,3.1550543,1,0
2012-02-05 11:00:00,3.310585,1,0
2012-02-05 12:00:00,3.72737,1,0
2012-02-05 13:00:00,4.1079755,1,0
2012-02-05 14:00:00,4.1260195,1,0
2012-02-05 15:00:00,4.1754975,1,0
2012-02-05 16:00:00,3.6803129,1,0
2012-02-05 17:00:00,3.000887,1,0
2012-02-05 18:00:00,2.4286714,1,0
2012-02-05 19:00:00,2.2723558,1,0
2012-02-05 20:00:00,2.0491953,1,0
2012-02-05 21:00:00,1.687831,1,0
2012-02-05 22:00:00,1.4588106,1,0
2012-02-05 23:00:00,1.2708085,1,0
2012-02-06 00:00:00,1.137138,0,0
2012-02-06 01:00:00,1.0125546,0,0
2012-02-06 02:00:00,0.90023357,0,0
2012-02-06 03:00:00,0.77861327,0,0
2012-02-06 04:00:00,0.63104427,0,0
2012-02-06 05:00:00,0.4776664,0,0
2012-02-06 06:00:00,0.42216688,0,0
2012-02-06 07:00:00,0.37160724,0,0
2012-02-06 08:00:00,0.36368027,0,0
2012-02-06 09:00:00,0.45868045,0,0
2012-02-06 10:00:00,0.61860037,0,0
2012-02-06 11:00:00,0.8858468,0,0
2012-02-06 12:00:00,1.1762077,0,0
2012-02-06 13:00:00,1.4128363,0,0
2012-02-06 14:00:00,1.6007144,0,0
2012-02-06 15:00:00,1.6678541,0,0
2012-02-06 16:00:00,1.7149462,0,0
2012-02-06 17:00:00,1.8040206,0,0
2012-02-06 18:00:00,1.6772668,0,0
2012-02-06 19:00:00,1.595265,0,0
2012-02-06 20:00:00,1.4960833,0,0
2012-02-06 21:00:00,1.3460222,0,0
2012-02-06 22:00:00,1.3050708,0,0
2012-02-06 23:00:00,1.1024218,0,0
2012-02-07 00:00:00,0.9635523,0,0
2012-02-07 01:00:00,0.87577486,0,0
2012-02-07 02:00:00,0.90321636,0,0
2012-02-07 03:00:00,0.90036905,0,0
2012-02-07 04:00:00,0.8503415,0,0
2012-02-07 05:00:00,0.75847435,0,0
2012-02-07 06:00:00,0.64956915,0,0
2012-02-07 07:00:00,0.57879555,0,0
2012-02-07 08:00:00,0.6916785,0,0
2012-02-07 09:00:00,0.9010011,0,0
2012-02-07 10:00:00,1.0768294,0,0
2012-02-07 11:00:00,1.1471249,0,0
2012-02-07 12:00:00,1.2388281,0,0
2012-02-07 13:00:00,1.2699915,0,0
2012-02-07 14:00:00,1.2562134,0,0
2012-02-07 15:00:00,1.2407166,0,0
2012-02-07 16:00:00,1.2435209,0,0
2012-02-07 17:00:00,1.2384597,0,0
2012-02-07 18:00:00,1.0719534,0,0
2012-02-07 19:00:00,0.905618,0,0
2012-02-07 20:00:00,0.74835914,0,0
2012-02-07 21:00:00,0.6135429,0,0
2012-02-07 22:00:00,0.49589115,0,0
2012-02-07 23:00:00,0.4186448,0,0
2012-02-08 00:00:00,0.35275385,0,0
2012-02-08 01:00:00,0.2832018,0,0
2012-02-08 02:00:00,0.23679398,0,0
2012-02-08 03:00:00,0.14636625,0,0
2012-02-08 04:00:00,0.093899064,0,0
2012-02-08 05:00:00,-0.010545026,0,0
2012-02-08 06:00:00,-0.15038025,0,0
2012-02-08 07:00:00,-0.22901912,0,0
2012-02-08 08:00:00,0.08690667,0,0
2012-02-08 09:00:00,0.43967393,0,0
2012-02-08 10:00:00,0.59982926,0,0
2012-02-08 11:00:00,0.7255691,0,0
2012-02-08 12:00:00,0.96139973,0,0
2012-02-08 13:00:00,1.1256719,0,0
2012-02-08 14:00:00,1.3459433,0,0
2012-02-08 15:00:00,1.4368289,0,0
2012-02-08 16:00:00,1.5621747,0,0
2012-02-08 17:00:00,1.5484757,0,0
2012-02-08 18:00:00,1.3452855,0,0
2012-02-08 19:00:00,1.16732,0,0
2012-02-08 20:00:00,0.94790375,0,0
2012-02-08 21:00:00,0.75450516,0,0
2012-02-08 22:00:00,0.61212605,0,0
2012-02-08 23:00:00,0.53824407,0,0
2012-02-09 00:00:00,0.5350748,0,0
2012-02-09 01:00:00,0.52670884,0,0
2012-02-09 02:00:00,0.48166075,0,0
2012-02-09 03:00:00,0.38105422,0,0
2012-02-09 04:00:00,0.27009803,0,0
2012-02-09 05:00:00,0.14368643,0,0
2012-02-09 06:00:00,-0.01435843,0,0
2012-02-09 07:00:00,-0.023590533,0,0
2012-02-09 08:00:00,0.19810992,0,0
2012-02-09 09:00:00,0.6995682,0,0
2012-02-09 10:00:00,1.1057323,0,0
2012-02-09 11:00:00,1.5258381,0,0
2012-02-09 12:00:00,1.923147,0,0
2012-02-09 13:00:00,2.1906223,0,0
2012-02-09 14:00:00,2.3708785,0,0
2012-02-09 15:00:00,2.6182265,0,0
2012-02-09 16:00:00,2.642191,0,0
2012-02-09 17:00:00,2.577829,0,0
2012-02-09 18:00:00,2.4411135,0,0
2012-02-09 19:00:00,2.256898,0,0
2012-02-09 20:00:00,2.1251292,0,0
2012-02-09 21:00:00,1.9870334,0,0
2012-02-09 22:00:00,1.8992541,0,0
2012-02-09 23:00:00,1.7957621,0,0
2012-02-10 00:00:00,1.6781619,0,0
2012-02-10 01:00:00,1.5504353,0,0
2012-02-10 02:00:00,1.4352857,0,0
2012-02-10 03:00:00,1.3928587,0,0
2012-02-10 04:00:00,1.3251917,0,0
2012-02-10 05:00:00,1.3407681,0,0
2012-02-10 06:00:00,1.3869152,0,0
2012-02-10 07:00:00,1.4336845,0,0
2012-02-10 08:00:00,1.5764642,0,0
2012-02-10 09:00:00,1.7436392,0,0
2012-02-10 10:00:00,1.97316,0,0
2012-02-10 11:00:00,2.3714247,0,0
2012-02-10 12:00:00,2.7859497,0,0
2012-02-10 13:00:00,3.0425243,0,0
2012-02-10 14:00:00,3.2057714,0,0
2012-02-10 15:00:00,3.1313155,0,0
2012-02-10 16:00:00,3.065578,0,0
2012-02-10 17:00:00,2.8843899,0,0
2012-02-10 18:00:00,2.5722182,0,0
2012-02-10 19:00:00,2.442577,0,0
2012-02-10 20:00:00,2.3162026,0,0
2012-02-10 21:00:00,2.1535301,0,0
2012-02-10 22:00:00,2.008805,0,0
2012-02-10 23:00:00,1.9291658,0,0
2012-02-11 00:00:00,1.8579515,1,0
2012-02-11 01:00:00,1.7793177,1,0
2012-02-11 02:00:00,1.7128671,1,0
2012-02-11 03:00:00,1.6942409,1,0
2012-02-11 04:00:00,1.6311148,1,0
2012-02-11 05:00:00,1.5470662,1,0
2012-02-11 06:00:00,1.4454195,1,0
2012-02-11 07:00:00,1.41605,1,0
2012-02-11 08:00:00,1.435602,1,0
2012-02-11 09:00:00,1.5589039,1,0
2012-02-11 10:00:00,1.7628803,1,0
2012-02-11 11:00:00,1.7236363,1,0
2012-02-11 12:00:00,1.7694912,1,0
2012-02-11 13:00:00,1.9924563,1,0
2012-02-11 14:00:00,1.9104725,1,0
2012-02-11 15:00:00,2.1346607,1,0
2012-02-11 16:00:00,2.0077286,1,0
2012-02-11 17:00:00,2.1248534,1,0
2012-02-11 18:00:00,1.9687864,1,0
2012-02-11 19:00:00,1.8838807,1,0
2012-02-11 20:00:00,1.6857033,1,0
2012-02-11 21:00:00,1.5591462,1,0
2012-02-11 22:00:00,1.5300391,1,0
2012-02-11 23:00:00,1.497739,1,0
2012-02-12 00:00:00,1.4616064,1,0
2012-02-12 01:00:00,1.3481189,1,0
2012-02-12 02:00:00,1.309279,1,0
2012-02-12 03:00:00,1.2399497,1,0
2012-02-12 04:00:00,1.1706207,1,0
2012-02-12 05:00:00,1.1043929,1,0
2012-02-12 06:00:00,1.0817115,1,0
2012-02-12 07:00:00,1.0567118,1,0
2012-02-12 08:00:00,1.1245742,1,0
2012-02-12 09:00:00,1.2335832,1,0
2012-02-12 10:00:00,1.4513286,1,0
2012-02-12 11:00:00,1.6237911,1,0
2012-02-12 12:00:00,1.8376297,1,0
2012-02-12 13:00:00,2.0447917,1,0
2012-02-12 14:00:00,2.298512,1,0
2012-02-12 15:00:00,2.4207044,1,0
2012-02-12 16:00:00,2.377475,1,0
2012-02-12 17:00:00,2.2126808,1,0
2012-02-12 18:00:00,2.0251765,1,0
2012-02-12 19:00:00,1.932706,1,0
2012-02-12 20:00:00,1.8102213,1,0
2012-02-12 21:00:00,1.6632276,1,0
2012-02-12 22:00:00,1.553755,1,0
2012-02-12 23:00:00,1.4372526,1,0
2012-02-13 00:00:00,1.3520217,0,0
2012-02-13 01:00:00,1.2877136,0,0
2012-02-13 02:00:00,1.2161571,0,0
2012-02-13 03:00:00,1.1544648,0,0
2012-02-13 04:00:00,1.1249244,0,0
2012-02-13 05:00:00,1.0466847,0,0
2012-02-13 06:00:00,1.1339732,0,0
2012-02-13 07:00:00,1.1324323,0,0
2012-02-13 08:00:00,1.2017858,0,0
2012-02-13 09:00:00,1.3426045,0,0
2012-02-13 10:00:00,1.5051384,0,0
2012-02-13 11:00:00,1.7228043,0,0
2012-02-13 12:00:00,1.9610955,0,0
2012-02-13 13:00:00,2.1940627,0,0
2012-02-13 14:00:00,2.3984377,0,0
2012-02-13 15:00:00,2.480888,0,0
2012-02-13 16:00:00,2.521269,0,0
2012-02-13 17:00:00,2.5407224,0,0
2012-02-13 18:00:00,2.4882233,0,0
2012-02-13 19:00:00,2.3503215,0,0
2012-02-13 20:00:00,2.2134647,0,0
2012-02-13 21:00:00,2.0399623,0,0
2012-02-13 22:00:00,1.9445063,0,0
2012-02-13 23:00:00,1.8665291,0,0
2012-02-14 00:00:00,1.7647511,0,0
2012-02-14 01:00:00,1.6413941,0,0
2012-02-14 02:00:00,1.4902605,0,0
2012-02-14 03:00:00,1.3687887,0,0
2012-02-14 04:00:00,1.3350962,0,0
2012-02-14 05:00:00,1.3367757,0,0
2012-02-14 06:00:00,1.2496775,0,0
2012-02-14 07:00:00,1.203978,0,0
2012-02-14 08:00:00,1.3511275,0,0
2012-02-14 09:00:00,1.5107125,0,0
2012-02-14 10:00:00,1.764998,0,0
2012-02-14 11:00:00,2.1755178,0,0
2012-02-14 12:00:00,2.6449847,0,0
2012-02-14 13:00:00,3.0234993,0,0
2012-02-14 14:00:00,3.3350072,0,0
2012-02-14 15:00:00,3.4886906,0,0
2012-02-14 16:00:00,3.5498533,0,0
2012-02-14 17:00:00,3.5623124,0,0
2012-02-14 18:00:00,3.4814112,0,0
2012-02-14 19:00:00,3.3923442,0,0
2012-02-14 20:00:00,3.2251756,0,0
2012-02-14 21:00:00,2.9180217,0,0
2012-02-14 22:00:00,2.6834664,0,0
2012-02-14 23:00:00,2.4478881,0,0
2012-02-15 00:00:00,2.207284,0,0
2012-02-15 01:00:00,1.9257408,0,0
2012-02-15 02:00:00,1.6743772,0,0
2012-02-15 03:00:00,1.4732265,0,0
2012-02-15 04:00:00,1.3594196,0,0
2012-02-15 05:00:00,1.3464539,0,0
2012-02-15 06:00:00,1.4106723,0,0
2012-02-15 07:00:00,1.4357002,0,0
2012-02-15 08:00:00,1.574236,0,0
2012-02-15 09:00:00,2.0515194,0,0
2012-02-15 10:00:00,2.5278504,0,0
2012-02-15 11:00:00,2.9381473,0,0
2012-02-15 12:00:00,3.3205466,0,0
2012-02-15 13:00:00,3.607381,0,0
2012-02-15 14:00:00,3.803682,0,0
2012-02-15 15:00:00,3.8387208,0,0
2012-02-15 16:00:00,3.8414192,0,0
2012-02-15 17:00:00,3.8134108,0,0
2012-02-15 18:00:00,3.7315829,0,0
2012-02-15 19:00:00,3.6621373,0,0
2012-02-15 20:00:00,3.3277168,0,0
2012-02-15 21:00:00,3.0224528,0,0
2012-02-15 22:00:00,2.8041463,0,0
2012-02-15 23:00:00,2.6228292,0,0
2012-02-16 00:00:00,2.5105684,0,0
2012-02-16 01:00:00,2.4301069,0,0
2012-02-16 02:00:00,2.3692193,0,0
2012-02-16 03:00:00,2.294705,0,0
2012-02-16 04:00:00,2.2510686,0,0
2012-02-16 05:00:00,2.2266924,0,0
2012-02-16 06:00:00,2.1420789,0,0
2012-02-16 07:00:00,2.149849,0,0
2012-02-16 08:00:00,2.3253744,0,0
2012-02-16 09:00:00,2.5819736,0,0
2012-02-16 10:00:00,2.891926,0,0
2012-02-16 11:00:00,3.3280697,0,0
2012-02-16 12:00:00,3.6501937,0,0
2012-02-16 13:00:00,3.903432,0,0
2012-02-16 14:00:00,4.113568,0,0
2012-02-16 15:00:00,4.2059827,0,0
2012-02-16 16:00:00,4.098974,0,0
2012-02-16 17:00:00,3.9964287,0,0
2012-02-16 18:00:00,3.756156,0,0
2012-02-16 19:00:00,3.445263,0,0
2012-02-16 20:00:00,3.0563254,0,0
2012-02-16 21:00:00,2.7479656,0,0
2012-02-16 22:00:00,2.5339546,0,0
2012-02-16 23:00:00,2.4006696,0,0
2012-02-17 00:00:00,2.3233318,0,0
2012-02-17 01:00:00,2.254733,0,0
2012-02-17 02:00:00,2.1999748,0,0
2012-02-17 03:00:00,2.1517339,0,0
2012-02-17 04:00:00,2.1098669,0,0
2012-02-17 05:00:00,2.074906,0,0
2012-02-17 06:00:00,2.0453653,0,0
2012-02-17 07:00:00,2.0287054,0,0
2012-02-17 08:00:00,2.0767379,0,0
2012-02-17 09:00:00,2.1406715,0,0
2012-02-17 10:00:00,2.2029479,0,0
2012-02-17 11:00:00,2.367272,0,0
2012-02-17 12:00:00,2.5122616,0,0
2012-02-17 13:00:00,2.756678,0,0
2012-02-17 14:00:00,2.8526711,0,0
2012-02-17 15:00:00,2.919516,0,0
2012-02-17 16:00:00,2.9109306,0,0
2012-02-17 17:00:00,2.7918324,0,0
2012-02-17 18:00:00,2.6455574,0,0
2012-02-17 19:00:00,2.4740644,0,0
2012-02-17 20:00:00,2.2965343,0,0
2012-02-17 21:00:00,2.125985,0,0
2012-02-17 22:00:00,1.9927394,0,0
2012-02-17 23:00:00,1.8833467,0,0
2012-02-18 00:00:00,1.8067123,1,0
2012-02-18 01:00:00,1.7420894,1,0
2012-02-18 02:00:00,1.6638448,1,0
2012-02-18 03:00:00,1.5554249,1,0
2012-02-18 04:00:00,1.3626972,1,0
2012-02-18 05:00:00,1.2472279,1,0
2012-02-18 06:00:00,1.1868507,1,0
2012-02-18 07:00:00,1.2170897,1,0
2012-02-18 08:00:00,1.4979526,1,0
2012-02-18 09:00:00,1.7279224,1,0
2012-02-18 10:00:00,2.0529218,1,0
2012-02-18 11:00:00,2.3958712,1,0
2012-02-18 12:00:00,2.7118766,1,0
2012-02-18 13:00:00,3.112254,1,0
2012-02-18 14:00:00,3.4071312,1,0
2012-02-18 15:00:00,3.5931118,1,0
2012-02-18 16:00:00,3.6761236,1,0
2012-02-18 17:00:00,3.6992412,1,0
2012-02-18 18:00:00,3.6452236,1,0
2012-02-18 19:00:00,3.4641736,1,0
2012-02-18 20:00:00,3.2077625,1,0
2012-02-18 21:00:00,2.9651,1,0
2012-02-18 22:00:00,2.8103204,1,0
2012-02-18 23:00:00,2.630722,1,0
2012-02-19 00:00:00,2.449533,1,0
2012-02-19 01:00:00,2.187939,1,0
2012-02-19 02:00:00,1.9881806,1,0
2012-02-19 03:00:00,1.8628993,1,0
2012-02-19 04:00:00,1.8036001,1,0
2012-02-19 05:00:00,1.748282,1,0
2012-02-19 06:00:00,1.8593141,1,0
2012-02-19 07:00:00,1.9671068,1,0
2012-02-19 08:00:00,1.9479197,1,0
2012-02-19 09:00:00,2.4651349,1,0
2012-02-19 10:00:00,2.7467787,1,0
2012-02-19 11:00:00,2.8987937,1,0
2012-02-19 12:00:00,3.0012805,1,0
2012-02-19 13:00:00,3.0616648,1,0
2012-02-19 14:00:00,3.292611,1,0
2012-02-19 15:00:00,3.6813881,1,0
2012-02-19 16:00:00,3.8203318,1,0
2012-02-19 17:00:00,3.8245492,1,0
2012-02-19 18:00:00,3.9089737,1,0
2012-02-19 19:00:00,3.7219439,1,0
2012-02-19 20:00:00,3.442093,1,0
2012-02-19 21:00:00,3.1532402,1,0
2012-02-19 22:00:00,2.9475863,1,0
2012-02-19 23:00:00,2.7906833,1,0
2012-02-20 00:00:00,2.6569247,0,0
2012-02-20 01:00:00,2.5382798,0,0
2012-02-20 02:00:00,2.415488,0,0
2012-02-20 03:00:00,2.4012263,0,0
2012-02-20 04:00:00,2.3953156,0,0
2012-02-20 05:00:00,2.383596,0,0
2012-02-20 06:00:00,2.3246684,0,0
2012-02-20 07:00:00,2.3067508,0,0
2012-02-20 08:00:00,2.3077512,0,0
2012-02-20 09:00:00,2.3400757,0,0
2012-02-20 10:00:00,2.4447343,0,0
2012-02-20 11:00:00,2.5700974,0,0
2012-02-20 12:00:00,2.667328,0,0
2012-02-20 13:00:00,2.903404,0,0
2012-02-20 14:00:00,3.0122836,0,0
2012-02-20 15:00:00,3.0931685,0,0
2012-02-20 16:00:00,3.0345366,0,0
2012-02-20 17:00:00,2.8583422,0,0
2012-02-20 18:00:00,2.691229,0,0
2012-02-20 19:00:00,2.5034065,0,0
2012-02-20 20:00:00,2.2699294,0,0
2012-02-20 21:00:00,2.075532,0,0
2012-02-20 22:00:00,1.9726845,0,0
2012-02-20 23:00:00,1.9087235,0,0
2012-02-21 00:00:00,1.8624074,0,0
2012-02-21 01:00:00,1.8164852,0,0
2012-02-21 02:00:00,1.7678552,0,0
2012-02-21 03:00:00,1.7366521,0,0
2012-02-21 04:00:00,1.7072825,0,0
2012-02-21 05:00:00,1.6924613,0,0
2012-02-21 06:00:00,1.6180265,0,0
2012-02-21 07:00:00,1.5497423,0,0
2012-02-21 08:00:00,1.5903933,0,0
2012-02-21 09:00:00,1.7187613,0,0
2012-02-21 10:00:00,1.8324547,0,0
2012-02-21 11:00:00,2.0817485,0,0
2012-02-21 12:00:00,2.2655728,0,0
2012-02-21 13:00:00,2.3575337,0,0
2012-02-21 14:00:00,2.4798644,0,0
2012-02-21 15:00:00,2.5815628,0,0
2012-02-21 16:00:00,2.6356077,0,0
2012-02-21 17:00:00,2.6405597,0,0
2012-02-21 18:00:00,2.6952124,0,0
2012-02-21 19:00:00,2.643228,0,0
2012-02-21 20:00:00,2.5020015,0,0
2012-02-21 21:00:00,2.3314626,0,0
2012-02-21 22:00:00,2.1385221,0,0
2012-02-21 23:00:00,1.9196056,0,0
2012-02-22 00:00:00,1.7417462,0,0
2012-02-22 01:00:00,1.5633162,0,0
2012-02-22 02:00:00,1.4167181,0,0
2012-02-22 03:00:00,1.2861078,0,0
2012-02-22 04:00:00,1.1496887,0,0
2012-02-22 05:00:00,0.9964072,0,0
2012-02-22 06:00:00,0.86260414,0,0
2012-02-22 07:00:00,0.8506888,0,0
2012-02-22 08:00:00,1.0305445,0,0
2012-02-22 09:00:00,1.4020746,0,0
2012-02-22 10:00:00,1.6841645,0,0
2012-02-22 11:00:00,2.0555992,0,0
2012-02-22 12:00:00,2.3750675,0,0
2012-02-22 13:00:00,2.6721272,0,0
2012-02-22 14:00:00,2.923411,0,0
2012-02-22 15:00:00,3.063566,0,0
2012-02-22 16:00:00,3.1651018,0,0
2012-02-22 17:00:00,3.2044253,0,0
2012-02-22 18:00:00,3.160705,0,0
2012-02-22 19:00:00,2.9509473,0,0
2012-02-22 20:00:00,2.6948779,0,0
2012-02-22 21:00:00,2.4596348,0,0
2012-02-22 22:00:00,2.2961156,0,0
2012-02-22 23:00:00,2.1321304,0,0
2012-02-23 00:00:00,1.9435166,0,0
2012-02-23 01:00:00,1.7918459,0,0
2012-02-23 02:00:00,1.6936376,0,0
2012-02-23 03:00:00,1.5863479,0,0
2012-02-23 04:00:00,1.4334604,0,0
2012-02-23 05:00:00,1.2702235,0,0
2012-02-23 06:00:00,1.1365913,0,0
2012-02-23 07:00:00,1.0529315,0,0
2012-02-23 08:00:00,1.2561698,0,0
2012-02-23 09:00:00,1.8979031,0,0
2012-02-23 10:00:00,2.3922577,0,0
2012-02-23 11:00:00,2.8035898,0,0
2012-02-23 12:00:00,3.2224848,0,0
2012-02-23 13:00:00,3.5831976,0,0
2012-02-23 14:00:00,3.8230934,0,0
2012-02-23 15:00:00,3.9198852,0,0
2012-02-23 16:00:00,3.8934488,0,0
2012-02-23 17:00:00,3.7305048,0,0
2012-02-23 18:00:00,3.33717,0,0
2012-02-23 19:00:00,2.9434862,0,0
2012-02-23 20:00:00,2.530005,0,0
2012-02-23 21:00:00,2.2546635,0,0
2012-02-23 22:00:00,2.0688624,0,0
2012-02-23 23:00:00,1.9105477,0,0
2012-02-24 00:00:00,1.765337,0,0
2012-02-24 01:00:00,1.6181496,0,0
2012-02-24 02:00:00,1.5659566,0,0
2012-02-24 03:00:00,1.4319061,0,0
2012-02-24 04:00:00,1.319704,0,0
2012-02-24 05:00:00,1.1038065,0,0
2012-02-24 06:00:00,1.0748152,0,0
2012-02-24 07:00:00,0.8225002,0,0
2012-02-24 08:00:00,0.9506488,0,0
2012-02-24 09:00:00,1.8077585,0,0
2012-02-24 10:00:00,2.49586,0,0
2012-02-24 11:00:00,3.1558065,0,0
2012-02-24 12:00:00,3.6805484,0,0
2012-02-24 13:00:00,3.9463499,0,0
2012-02-24 14:00:00,4.057768,0,0
2012-02-24 15:00:00,4.1970882,0,0
2012-02-24 16:00:00,4.280524,0,0
2012-02-24 17:00:00,4.2900343,0,0
2012-02-24 18:00:00,4.21101,0,0
2012-02-24 19:00:00,4.218689,0,0
2012-02-24 20:00:00,3.9160147,0,0
2012-02-24 21:00:00,3.560872,0,0
2012-02-24 22:00:00,3.2811527,0,0
2012-02-24 23:00:00,3.0653305,0,0
2012-02-25 00:00:00,2.8997726,1,0
2012-02-25 01:00:00,2.7845762,1,0
2012-02-25 02:00:00,2.7031882,1,0
2012-02-25 03:00:00,2.6388853,1,0
2012-02-25 04:00:00,2.5887368,1,0
2012-02-25 05:00:00,2.5300665,1,0
2012-02-25 06:00:00,2.4745355,1,0
2012-02-25 07:00:00,2.492735,1,0
2012-02-25 08:00:00,2.6468577,1,0
2012-02-25 09:00:00,3.0758102,1,0
2012-02-25 10:00:00,3.5257988,1,0
2012-02-25 11:00:00,3.9479833,1,0
2012-02-25 12:00:00,4.2607684,1,0
2012-02-25 13:00:00,4.471573,1,0
2012-02-25 14:00:00,4.6441197,1,0
2012-02-25 15:00:00,4.7778716,1,0
2012-02-25 16:00:00,4.8693323,1,0
2012-02-25 17:00:00,4.8736362,1,0
2012-02-25 18:00:00,4.7036476,1,0
2012-02-25 19:00:00,4.58484,1,0
2012-02-25 20:00:00,4.253845,1,0
2012-02-25 21:00:00,3.9206157,1,0
2012-02-25 22:00:00,3.6214066,1,0
2012-02-25 23:00:00,3.2959914,1,0
2012-02-26 00:00:00,2.9801037,1,0
2012-02-26 01:00:00,2.6980245,1,0
2012-02-26 02:00:00,2.4960496,1,0
2012-02-26 03:00:00,2.3855786,1,0
2012-02-26 04:00:00,2.3659089,1,0
2012-02-26 05:00:00,2.4332826,1,0
2012-02-26 06:00:00,2.7314425,1,0
2012-02-26 07:00:00,2.8919878,1,0
2012-02-26 08:00:00,3.0985298,1,0
2012-02-26 09:00:00,3.4484267,1,0
2012-02-26 10:00:00,3.8721213,1,0
2012-02-26 11:00:00,4.296168,1,0
2012-02-26 12:00:00,4.6195827,1,0
2012-02-26 13:00:00,4.754582,1,0
2012-02-26 14:00:00,4.963711,1,0
2012-02-26 15:00:00,5.1768994,1,0
2012-02-26 16:00:00,5.2847314,1,0
2012-02-26 17:00:00,5.2549024,1,0
2012-02-26 18:00:00,5.141172,1,0
2012-02-26 19:00:00,5.012738,1,0
2012-02-26 20:00:00,4.7947283,1,0
2012-02-26 21:00:00,4.607296,1,0
2012-02-26 22:00:00,4.476119,1,0
2012-02-26 23:00:00,4.373335,1,0
2012-02-27 00:00:00,4.2432103,0,0
2012-02-27 01:00:00,4.1221724,0,0
2012-02-27 02:00:00,4.0300875,0,0
2012-02-27 03:00:00,3.9806743,0,0
2012-02-27 04:00:00,3.9289432,0,0
2012-02-27 05:00:00,3.8559477,0,0
2012-02-27 06:00:00,3.8808768,0,0
2012-02-27 07:00:00,3.8539243,0,0
2012-02-27 08:00:00,3.8350995,0,0
2012-02-27 09:00:00,3.838414,0,0
2012-02-27 10:00:00,3.7931948,0,0
2012-02-27 11:00:00,3.7499988,0,0
2012-02-27 12:00:00,3.7484112,0,0
2012-02-27 13:00:00,3.800628,0,0
2012-02-27 14:00:00,3.8199298,0,0
2012-02-27 15:00:00,3.830492,0,0
2012-02-27 16:00:00,3.849623,0,0
2012-02-27 17:00:00,3.8058999,0,0
2012-02-27 18:00:00,3.7001312,0,0
2012-02-27 19:00:00,3.4657593,0,0
2012-02-27 20:00:00,3.3242722,0,0
2012-02-27 21:00:00,3.231484,0,0
2012-02-27 22:00:00,3.1725044,0,0
2012-02-27 23:00:00,3.1340532,0,0
2012-02-28 00:00:00,3.0941632,0,0
2012-02-28 01:00:00,2.958366,0,0
2012-02-28 02:00:00,2.682018,0,0
2012-02-28 03:00:00,2.433618,0,0
2012-02-28 04:00:00,2.29982,0,0
2012-02-28 05:00:00,2.2445018,0,0
2012-02-28 06:00:00,2.2209687,0,0
2012-02-28 07:00:00,2.17002,0,0
2012-02-28 08:00:00,2.1150959,0,0
2012-02-28 09:00:00,2.083413,0,0
2012-02-28 10:00:00,2.1437125,0,0
2012-02-28 11:00:00,2.1632752,0,0
2012-02-28 12:00:00,2.2872787,0,0
2012-02-28 13:00:00,2.3434248,0,0
2012-02-28 14:00:00,2.4109333,0,0
2012-02-28 15:00:00,2.4813204,0,0
2012-02-28 16:00:00,2.3612957,0,0
2012-02-28 17:00:00,2.262412,0,0
2012-02-28 18:00:00,2.1794066,0,0
2012-02-28 19:00:00,1.9522688,0,0
2012-02-28 20:00:00,1.8012599,0,0
2012-02-28 21:00:00,1.6424317,0,0
2012-02-28 22:00:00,1.5519572,0,0
2012-02-28 23:00:00,1.4615296,0,0
2012-02-29 00:00:00,1.3814514,0,0
2012-02-29 01:00:00,1.3046459,0,0
2012-02-29 02:00:00,1.2307707,0,0
2012-02-29 03:00:00,1.1794281,0,0
2012-02-29 04:00:00,1.1678795,0,0
2012-02-29 05:00:00,1.1329186,0,0
2012-02-29 06:00:00,1.031832,0,0
2012-02-29 07:00:00,0.99608845,0,0
2012-02-29 08:00:00,1.0475639,0,0
2012-02-29 09:00:00,1.2120023,0,0
2012-02-29 10:00:00,1.4444293,0,0
2012-02-29 11:00:00,1.7043351,0,0
2012-02-29 12:00:00,1.983992,0,0
2012-02-29 13:00:00,2.192004,0,0
2012-02-29 14:00:00,2.4245255,0,0
2012-02-29 15:00:00,2.6319313,0,0
2012-02-29 16:00:00,2.733365,0,0
2012-02-29 17:00:00,2.7409635,0,0
2012-02-29 18:00:00,2.6154742,0,0
2012-02-29 19:00:00,2.4742148,0,0
2012-02-29 20:00:00,2.3294203,0,0
2012-02-29 21:00:00,2.2030535,0,0
2012-02-29 22:00:00,2.132121,0,0
2012-02-29 23:00:00,2.0717936,0,0
2012-03-01 00:00:00,2.0211594,0,0
2012-03-01 01:00:00,1.9732381,0,0
2012-03-01 02:00:00,1.8786689,0,0
2012-03-01 03:00:00,1.7986012,0,0
2012-03-01 04:00:00,1.7129422,0,0
2012-03-01 05:00:00,1.6249175,0,0
2012-03-01 06:00:00,1.5435816,0,0
2012-03-01 07:00:00,1.4742525,0,0
2012-03-01 08:00:00,1.4583338,0,0
2012-03-01 09:00:00,1.4965345,0,0
2012-03-01 10:00:00,1.5345645,0,0
2012-03-01 11:00:00,1.5718908,0,0
2012-03-01 12:00:00,1.6149986,0,0
2012-03-01 13:00:00,1.6132121,0,0
2012-03-01 14:00:00,1.6603805,0,0
2012-03-01 15:00:00,1.5950426,0,0
2012-03-01 16:00:00,1.5013108,0,0
2012-03-01 17:00:00,1.4575413,0,0
2012-03-01 18:00:00,1.5472245,0,0
2012-03-01 19:00:00,1.4818536,0,0
2012-03-01 20:00:00,1.3357517,0,0
2012-03-01 21:00:00,1.2254621,0,0
2012-03-01 22:00:00,1.0975698,0,0
2012-03-01 23:00:00,1.0127383,0,0
2012-03-02 00:00:00,0.9177751,0,0
2012-03-02 01:00:00,0.8404147,0,0
2012-03-02 02:00:00,0.76654494,0,0
2012-03-02 03:00:00,0.72316426,0,0
2012-03-02 04:00:00,0.67309505,0,0
2012-03-02 05:00:00,0.61809653,0,0
2012-03-02 06:00:00,0.6871702,0,0
2012-03-02 07:00:00,0.672354,0,0
2012-03-02 08:00:00,0.6969376,0,0
2012-03-02 09:00:00,0.78284913,0,0
2012-03-02 10:00:00,0.90689725,0,0
2012-03-02 11:00:00,0.9780481,0,0
2012-03-02 12:00:00,1.1351271,0,0
2012-03-02 13:00:00,1.2390528,0,0
2012-03-02 14:00:00,1.3048002,0,0
2012-03-02 15:00:00,1.3925157,0,0
2012-03-02 16:00:00,1.4205699,0,0
2012-03-02 17:00:00,1.3783416,0,0
2012-03-02 18:00:00,1.5757535,0,0
2012-03-02 19:00:00,1.3807119,0,0
2012-03-02 20:00:00,1.1473955,0,0
2012-03-02 21:00:00,0.9602365,0,0
2012-03-02 22:00:00,0.8497762,0,0
2012-03-02 23:00:00,0.7796643,0,0
2012-03-03 00:00:00,0.75187725,1,0
2012-03-03 01:00:00,0.7781194,1,0
2012-03-03 02:00:00,0.77644706,1,0
2012-03-03 03:00:00,0.7611988,1,0
2012-03-03 04:00:00,0.7041962,1,0
2012-03-03 05:00:00,0.69767374,1,0
2012-03-03 06:00:00,0.74301195,1,0
2012-03-03 07:00:00,0.7525289,1,0
2012-03-03 08:00:00,0.7819625,1,0
2012-03-03 09:00:00,0.86302054,1,0
2012-03-03 10:00:00,0.98514557,1,0
2012-03-03 11:00:00,1.1288444,1,0
2012-03-03 12:00:00,1.3076199,1,0
2012-03-03 13:00:00,1.6129385,1,0
2012-03-03 14:00:00,1.8262601,1,0
2012-03-03 15:00:00,1.9566424,1,0
2012-03-03 16:00:00,2.016859,1,0
2012-03-03 17:00:00,2.057705,1,0
2012-03-03 18:00:00,1.7831328,1,0
2012-03-03 19:00:00,1.740362,1,0
2012-03-03 20:00:00,1.6936623,1,0
2012-03-03 21:00:00,1.6818213,1,0
2012-03-03 22:00:00,1.6859683,1,0
2012-03-03 23:00:00,1.6838205,1,0
2012-03-04 00:00:00,1.6720263,1,0
2012-03-04 01:00:00,1.6811076,1,0
2012-03-04 02:00:00,1.6876528,1,0
2012-03-04 03:00:00,1.6824034,1,0
2012-03-04 04:00:00,1.6740578,1,0
2012-03-04 05:00:00,1.6056136,1,0
2012-03-04 06:00:00,1.5647278,1,0
2012-03-04 07:00:00,1.554938,1,0
2012-03-04 08:00:00,1.5642369,1,0
2012-03-04 09:00:00,1.722688,1,0
2012-03-04 10:00:00,1.893469,1,0
2012-03-04 11:00:00,2.1122425,1,0
2012-03-04 12:00:00,2.2769413,1,0
2012-03-04 13:00:00,2.4404685,1,0
2012-03-04 14:00:00,2.5936463,1,0
2012-03-04 15:00:00,2.6006231,1,0
2012-03-04 16:00:00,2.5243838,1,0
2012-03-04 17:00:00,2.3649287,1,0
2012-03-04 18:00:00,2.232281,1,0
2012-03-04 19:00:00,2.0609365,1,0
2012-03-04 20:00:00,1.8300526,1,0
2012-03-04 21:00:00,1.6571345,1,0
2012-03-04 22:00:00,1.5119015,1,0
2012-03-04 23:00:00,1.3531257,1,0
2012-03-05 00:00:00,1.2771668,0,0
2012-03-05 01:00:00,1.256808,0,0
2012-03-05 02:00:00,1.2005031,0,0
2012-03-05 03:00:00,1.1130058,0,0
2012-03-05 04:00:00,1.0687457,0,0
2012-03-05 05:00:00,0.9983661,0,0
2012-03-05 06:00:00,0.8936178,0,0
2012-03-05 07:00:00,0.7708728,0,0
2012-03-05 08:00:00,0.78439325,0,0
2012-03-05 09:00:00,0.87235576,0,0
2012-03-05 10:00:00,0.94935673,0,0
2012-03-05 11:00:00,1.1200998,0,0
2012-03-05 12:00:00,1.307539,0,0
2012-03-05 13:00:00,1.3829464,0,0
2012-03-05 14:00:00,1.4019095,0,0
2012-03-05 15:00:00,1.4712853,0,0
2012-03-05 16:00:00,1.5054135,0,0
2012-03-05 17:00:00,1.4657218,0,0
2012-03-05 18:00:00,1.4942739,0,0
2012-03-05 19:00:00,1.3702637,0,0
2012-03-05 20:00:00,1.2522285,0,0
2012-03-05 21:00:00,1.1400486,0,0
2012-03-05 22:00:00,1.0688342,0,0
2012-03-05 23:00:00,1.0026981,0,0
2012-03-06 00:00:00,0.9880478,0,0
2012-03-06 01:00:00,0.89906424,0,0
2012-03-06 02:00:00,0.87008876,0,0
2012-03-06 03:00:00,0.8119884,0,0
2012-03-06 04:00:00,0.7764679,0,0
2012-03-06 05:00:00,0.678403,0,0
2012-03-06 06:00:00,0.6784723,0,0
2012-03-06 07:00:00,0.6630912,0,0
2012-03-06 08:00:00,0.66967773,0,0
2012-03-06 09:00:00,0.7165369,0,0
2012-03-06 10:00:00,0.84259784,0,0
2012-03-06 11:00:00,0.9759038,0,0
2012-03-06 12:00:00,1.0439773,0,0
2012-03-06 13:00:00,1.1784046,0,0
2012-03-06 14:00:00,1.3112146,0,0
2012-03-06 15:00:00,1.3919386,0,0
2012-03-06 16:00:00,1.4184173,0,0
2012-03-06 17:00:00,1.4367635,0,0
2012-03-06 18:00:00,1.3801526,0,0
2012-03-06 19:00:00,1.3278267,0,0
2012-03-06 20:00:00,1.189795,0,0
2012-03-06 21:00:00,1.0928996,0,0
2012-03-06 22:00:00,0.9764023,0,0
2012-03-06 23:00:00,0.9148067,0,0
2012-03-07 00:00:00,0.85565627,0,0
2012-03-07 01:00:00,0.7312592,0,0
2012-03-07 02:00:00,0.58728766,0,0
2012-03-07 03:00:00,0.43694186,0,0
2012-03-07 04:00:00,0.31930763,0,0
2012-03-07 05:00:00,0.17118423,0,0
2012-03-07 06:00:00,0.08459885,0,0
2012-03-07 07:00:00,-0.005258723,0,0
2012-03-07 08:00:00,0.0131965615,0,0
2012-03-07 09:00:00,0.120984174,0,0
2012-03-07 10:00:00,0.2520754,0,0
2012-03-07 11:00:00,0.34214392,0,0
2012-03-07 12:00:00,0.5326894,0,0
2012-03-07 13:00:00,0.71642053,0,0
2012-03-07 14:00:00,0.84620833,0,0
2012-03-07 15:00:00,0.9780126,0,0
2012-03-07 16:00:00,1.0445027,0,0
2012-03-07 17:00:00,1.0950868,0,0
2012-03-07 18:00:00,1.0736456,0,0
2012-03-07 19:00:00,1.0047618,0,0
2012-03-07 20:00:00,0.96134096,0,0
2012-03-07 21:00:00,0.9325485,0,0
2012-03-07 22:00:00,0.90654284,0,0
2012-03-07 23:00:00,0.8503622,0,0
2012-03-08 00:00:00,0.7989456,0,0
2012-03-08 01:00:00,0.78207326,0,0
2012-03-08 02:00:00,0.7283428,0,0
2012-03-08 03:00:00,0.63753134,0,0
2012-03-08 04:00:00,0.5414708,0,0
2012-03-08 05:00:00,0.45161322,0,0
2012-03-08 06:00:00,0.4591069,0,0
2012-03-08 07:00:00,0.40633032,0,0
2012-03-08 08:00:00,0.3857052,0,0
2012-03-08 09:00:00,0.5495836,0,0
2012-03-08 10:00:00,0.74076855,0,0
2012-03-08 11:00:00,0.93681383,0,0
2012-03-08 12:00:00,1.0873532,0,0
2012-03-08 13:00:00,1.224875,0,0
2012-03-08 14:00:00,1.2950318,0,0
2012-03-08 15:00:00,1.435,0,0
2012-03-08 16:00:00,1.4918438,0,0
2012-03-08 17:00:00,1.5277601,0,0
2012-03-08 18:00:00,1.4029669,0,0
2012-03-08 19:00:00,1.3858892,0,0
2012-03-08 20:00:00,1.3502814,0,0
2012-03-08 21:00:00,1.3438501,0,0
2012-03-08 22:00:00,1.3094717,0,0
2012-03-08 23:00:00,1.2723854,0,0
2012-03-09 00:00:00,1.234031,0,0
2012-03-09 01:00:00,1.2155484,0,0
2012-03-09 02:00:00,1.1861045,0,0
2012-03-09 03:00:00,1.1677927,0,0
2012-03-09 04:00:00,1.1754299,0,0
2012-03-09 05:00:00,1.093135,0,0
2012-03-09 06:00:00,1.1367556,0,0
2012-03-09 07:00:00,1.1060904,0,0
2012-03-09 08:00:00,1.1506374,0,0
2012-03-09 09:00:00,1.3053203,0,0
2012-03-09 10:00:00,1.394772,0,0
2012-03-09 11:00:00,1.5510582,0,0
2012-03-09 12:00:00,1.6451472,0,0
2012-03-09 13:00:00,1.9116606,0,0
2012-03-09 14:00:00,2.096551,0,0
2012-03-09 15:00:00,2.1063616,0,0
2012-03-09 16:00:00,2.1803043,0,0
2012-03-09 17:00:00,2.1583967,0,0
2012-03-09 18:00:00,2.1403093,0,0
2012-03-09 19:00:00,2.0647023,0,0
2012-03-09 20:00:00,1.8100195,0,0
2012-03-09 21:00:00,1.610318,0,0
2012-03-09 22:00:00,1.462011,0,0
2012-03-09 23:00:00,1.3126584,0,0
2012-03-10 00:00:00,1.1528652,1,0
2012-03-10 01:00:00,1.0806575,1,0
2012-03-10 02:00:00,1.0289781,1,0
2012-03-10 03:00:00,0.9640186,1,0
2012-03-10 04:00:00,0.8607099,1,0
2012-03-10 05:00:00,0.77578694,1,0
2012-03-10 06:00:00,0.6910818,1,0
2012-03-10 07:00:00,0.56964797,1,0
2012-03-10 08:00:00,0.4206554,1,0
2012-03-10 09:00:00,0.2972105,1,0
2012-03-10 10:00:00,0.3195846,1,0
2012-03-10 11:00:00,0.47396496,1,0
2012-03-10 12:00:00,0.54473555,1,0
2012-03-10 13:00:00,0.64560646,1,0
2012-03-10 14:00:00,0.821177,1,0
2012-03-10 15:00:00,0.9305696,1,0
2012-03-10 16:00:00,1.0088612,1,0
2012-03-10 17:00:00,0.9572817,1,0
2012-03-10 18:00:00,0.91720945,1,0
2012-03-10 19:00:00,0.77166516,1,0
2012-03-10 20:00:00,0.5939589,1,0
2012-03-10 21:00:00,0.4620732,1,0
2012-03-10 22:00:00,0.32918888,1,0
2012-03-10 23:00:00,0.20089208,1,0
2012-03-11 00:00:00,0.041763857,1,0
2012-03-11 01:00:00,-0.12934346,1,0
2012-03-11 02:00:00,-0.2740805,1,0
2012-03-11 03:00:00,-0.32925716,1,0
2012-03-11 04:00:00,-0.37005642,1,0
2012-03-11 05:00:00,-0.4126371,1,0
2012-03-11 06:00:00,-0.5942477,1,0
2012-03-11 07:00:00,-0.36569363,1,0
2012-03-11 08:00:00,-0.33408782,1,0
2012-03-11 09:00:00,0.08332146,1,0
2012-03-11 10:00:00,0.39757186,1,0
2012-03-11 11:00:00,0.6367941,1,0
2012-03-11 12:00:00,0.94459957,1,0
2012-03-11 13:00:00,1.0814818,1,0
2012-03-11 14:00:00,1.1391239,1,0
2012-03-11 15:00:00,1.231625,1,0
2012-03-11 16:00:00,1.2483761,1,0
2012-03-11 17:00:00,1.1545682,1,0
2012-03-11 18:00:00,1.0248317,1,0
2012-03-11 19:00:00,0.84962535,1,0
2012-03-11 20:00:00,0.6568109,1,0
2012-03-11 21:00:00,0.49859303,1,0
2012-03-11 22:00:00,0.36500552,1,0
2012-03-11 23:00:00,0.27142936,1,0
2012-03-12 00:00:00,0.17113738,0,1
2012-03-12 01:00:00,0.028173026,0,1
2012-03-12 02:00:00,-0.14490576,0,1
2012-03-12 03:00:00,-0.262203,0,1
2012-03-12 04:00:00,-0.4041807,0,1
2012-03-12 05:00:00,-0.52706933,0,1
2012-03-12 06:00:00,-0.61649126,0,1
2012-03-12 07:00:00,-0.636173,0,1
2012-03-12 08:00:00,-0.61225617,0,1
2012-03-12 09:00:00,0.033297203,0,1
2012-03-12 10:00:00,0.4017564,0,1
2012-03-12 11:00:00,0.74130195,0,1
2012-03-12 12:00:00,1.0653505,0,1
2012-03-12 13:00:00,1.372943,0,1
2012-03-12 14:00:00,1.6390326,0,1
2012-03-12 15:00:00,1.8632313,0,1
2012-03-12 16:00:00,1.9905393,0,1
2012-03-12 17:00:00,2.0267665,0,1
2012-03-12 18:00:00,1.9139885,0,1
2012-03-12 19:00:00,1.7315459,0,1
2012-03-12 20:00:00,1.4555845,0,1
2012-03-12 21:00:00,1.2816883,0,1
2012-03-12 22:00:00,1.1620371,0,1
2012-03-12 23:00:00,1.086211,0,1
2012-03-13 00:00:00,0.75391763,0,0
2012-03-13 01:00:00,0.5235959,0,0
2012-03-13 02:00:00,0.26703548,0,0
2012-03-13 03:00:00,0.06493606,0,0
2012-03-13 04:00:00,-0.044672407,0,0
2012-03-13 05:00:00,-0.16008985,0,0
2012-03-13 06:00:00,-0.24716553,0,0
2012-03-13 07:00:00,-0.2993823,0,0
2012-03-13 08:00:00,-0.18336332,0,0
2012-03-13 09:00:00,0.62360567,0,0
2012-03-13 10:00:00,1.4450248,0,0
2012-03-13 11:00:00,1.9866905,0,0
2012-03-13 12:00:00,2.2311134,0,0
2012-03-13 13:00:00,2.42702,0,0
2012-03-13 14:00:00,2.6126173,0,0
2012-03-13 15:00:00,2.761299,0,0
2012-03-13 16:00:00,2.8579054,0,0
2012-03-13 17:00:00,2.9070234,0,0
2012-03-13 18:00:00,2.7475288,0,0
2012-03-13 19:00:00,2.5741398,0,0
2012-03-13 20:00:00,2.2064705,0,0
2012-03-13 21:00:00,1.9669529,0,0
2012-03-13 22:00:00,1.801815,0,0
2012-03-13 23:00:00,1.6656306,0,0
2012-03-14 00:00:00,1.5662128,0,0
2012-03-14 01:00:00,1.4942622,0,0
2012-03-14 02:00:00,1.4394296,0,0
2012-03-14 03:00:00,1.4102311,0,0
2012-03-14 04:00:00,1.3781537,0,0
2012-03-14 05:00:00,1.3560377,0,0
2012-03-14 06:00:00,1.2612972,0,0
2012-03-14 07:00:00,1.2557284,0,0
2012-03-14 08:00:00,1.3709698,0,0
2012-03-14 09:00:00,1.8479847,0,0
2012-03-14 10:00:00,2.4259229,0,0
2012-03-14 11:00:00,2.90134,0,0
2012-03-14 12:00:00,3.2663932,0,0
2012-03-14 13:00:00,3.5539703,0,0
2012-03-14 14:00:00,3.715442,0,0
2012-03-14 15:00:00,3.7450945,0,0
2012-03-14 16:00:00,3.7419982,0,0
2012-03-14 17:00:00,3.7127733,0,0
2012-03-14 18:00:00,3.4537773,0,0
2012-03-14 19:00:00,3.1719446,0,0
2012-03-14 20:00:00,3.0245345,0,0
2012-03-14 21:00:00,3.0014246,0,0
2012-03-14 22:00:00,2.931233,0,0
2012-03-14 23:00:00,2.8405182,0,0
2012-03-15 00:00:00,2.7700171,0,0
2012-03-15 01:00:00,2.7102551,0,0
2012-03-15 02:00:00,2.6530342,0,0
2012-03-15 03:00:00,2.5589554,0,0
2012-03-15 04:00:00,2.4530828,0,0
2012-03-15 05:00:00,2.4011858,0,0
2012-03-15 06:00:00,2.4693108,0,0
2012-03-15 07:00:00,2.4408255,0,0
2012-03-15 08:00:00,2.4668484,0,0
2012-03-15 09:00:00,2.6213708,0,0
2012-03-15 10:00:00,2.8496385,0,0
2012-03-15 11:00:00,3.0841143,0,0
2012-03-15 12:00:00,3.3082452,0,0
2012-03-15 13:00:00,3.520375,0,0
2012-03-15 14:00:00,3.6715705,0,0
2012-03-15 15:00:00,3.8214188,0,0
2012-03-15 16:00:00,3.8870919,0,0
2012-03-15 17:00:00,3.8796809,0,0
2012-03-15 18:00:00,3.88512,0,0
2012-03-15 19:00:00,3.674894,0,0
2012-03-15 20:00:00,3.4381547,0,0
2012-03-15 21:00:00,3.2671075,0,0
2012-03-15 22:00:00,3.1422696,0,0
2012-03-15 23:00:00,3.0693707,0,0
2012-03-16 00:00:00,3.0182354,0,0
2012-03-16 01:00:00,2.9825559,0,0
2012-03-16 02:00:00,2.9145865,0,0
2012-03-16 03:00:00,2.8437383,0,0
2012-03-16 04:00:00,2.7618322,0,0
2012-03-16 05:00:00,2.714785,0,0
2012-03-16 06:00:00,2.7195334,0,0
2012-03-16 07:00:00,2.682461,0,0
2012-03-16 08:00:00,2.6294615,0,0
2012-03-16 09:00:00,2.5601373,0,0
2012-03-16 10:00:00,2.4304898,0,0
2012-03-16 11:00:00,2.355241,0,0
2012-03-16 12:00:00,2.3288693,0,0
2012-03-16 13:00:00,2.295816,0,0
2012-03-16 14:00:00,2.4144301,0,0
2012-03-16 15:00:00,2.5173573,0,0
2012-03-16 16:00:00,2.4047372,0,0
2012-03-16 17:00:00,2.319747,0,0
2012-03-16 18:00:00,2.1545951,0,0
2012-03-16 19:00:00,1.9586397,0,0
2012-03-16 20:00:00,1.8015934,0,0
2012-03-16 21:00:00,1.6676912,0,0
2012-03-16 22:00:00,1.5687002,0,0
2012-03-16 23:00:00,1.4390435,0,0
2012-03-17 00:00:00,1.3395674,1,0
2012-03-17 01:00:00,1.2392166,1,0
2012-03-17 02:00:00,1.0885565,1,0
2012-03-17 03:00:00,0.9351838,1,0
2012-03-17 04:00:00,0.7970161,1,0
2012-03-17 05:00:00,0.6368755,1,0
2012-03-17 06:00:00,0.50250727,1,0
2012-03-17 07:00:00,0.3897972,1,0
2012-03-17 08:00:00,0.3243472,1,0
2012-03-17 09:00:00,0.56441444,1,0
2012-03-17 10:00:00,0.8735672,1,0
2012-03-17 11:00:00,1.0670333,1,0
2012-03-17 12:00:00,1.1920989,1,0
2012-03-17 13:00:00,1.2599493,1,0
2012-03-17 14:00:00,1.3396457,1,0
2012-03-17 15:00:00,1.3500631,1,0
2012-03-17 16:00:00,1.3096782,1,0
2012-03-17 17:00:00,1.3484141,1,0
2012-03-17 18:00:00,1.4142253,1,0
2012-03-17 19:00:00,1.3624072,1,0
2012-03-17 20:00:00,1.2304418,1,0
2012-03-17 21:00:00,1.1400071,1,0
2012-03-17 22:00:00,1.0429354,1,0
2012-03-17 23:00:00,0.95643663,1,0
2012-03-18 00:00:00,0.9179805,1,0
2012-03-18 01:00:00,0.92966753,1,0
2012-03-18 02:00:00,0.89812267,1,0
2012-03-18 03:00:00,0.80840313,1,0
2012-03-18 04:00:00,0.67692393,1,0
2012-03-18 05:00:00,0.55928445,1,0
2012-03-18 06:00:00,0.5695322,1,0
2012-03-18 07:00:00,0.61375976,1,0
2012-03-18 08:00:00,0.6714384,1,0
2012-03-18 09:00:00,0.9848625,1,0
2012-03-18 10:00:00,1.0962994,1,0
2012-03-18 11:00:00,1.160568,1,0
2012-03-18 12:00:00,1.2628438,1,0
2012-03-18 13:00:00,1.4695258,1,0
2012-03-18 14:00:00,1.6297703,1,0
2012-03-18 15:00:00,1.8439629,1,0
2012-03-18 16:00:00,1.9357556,1,0
2012-03-18 17:00:00,1.9326572,1,0
2012-03-18 18:00:00,1.8720686,1,0
2012-03-18 19:00:00,1.7467501,1,0
2012-03-18 20:00:00,1.5099208,1,0
2012-03-18 21:00:00,1.3482542,1,0
2012-03-18 22:00:00,1.2077329,1,0
2012-03-18 23:00:00,1.0589129,1,0
2012-03-19 00:00:00,0.88848627,0,0
2012-03-19 01:00:00,0.8161259,0,0
2012-03-19 02:00:00,0.71780866,0,0
2012-03-19 03:00:00,0.2278839,0,0
2012-03-19 04:00:00,-0.02518125,0,0
2012-03-19 05:00:00,-0.17562845,0,0
2012-03-19 06:00:00,-0.23055798,0,0
2012-03-19 07:00:00,-0.24823532,0,0
2012-03-19 08:00:00,-0.1438343,0,0
2012-03-19 09:00:00,0.48621163,0,0
2012-03-19 10:00:00,1.1427611,0,0
2012-03-19 11:00:00,1.6230265,0,0
2012-03-19 12:00:00,2.0311978,0,0
2012-03-19 13:00:00,2.3411884,0,0
2012-03-19 14:00:00,2.5838766,0,0
2012-03-19 15:00:00,2.7567205,0,0
2012-03-19 16:00:00,2.8635054,0,0
2012-03-19 17:00:00,2.8591938,0,0
2012-03-19 18:00:00,2.7030318,0,0
2012-03-19 19:00:00,2.6714845,0,0
2012-03-19 20:00:00,2.4001224,0,0
2012-03-19 21:00:00,1.917407,0,0
2012-03-19 22:00:00,1.6204063,0,0
2012-03-19 23:00:00,1.4201796,0,0
2012-03-20 00:00:00,1.2689025,0,0
2012-03-20 01:00:00,1.1650567,0,0
2012-03-20 02:00:00,1.1088173,0,0
2012-03-20 03:00:00,1.0441412,0,0
2012-03-20 04:00:00,0.9578637,0,0
2012-03-20 05:00:00,0.8816854,0,0
2012-03-20 06:00:00,0.8271275,0,0
2012-03-20 07:00:00,0.81445396,0,0
2012-03-20 08:00:00,0.8577275,0,0
2012-03-20 09:00:00,1.1192613,0,0
2012-03-20 10:00:00,1.4737145,0,0
2012-03-20 11:00:00,1.900593,0,0
2012-03-20 12:00:00,2.3157794,0,0
2012-03-20 13:00:00,2.6444826,0,0
2012-03-20 14:00:00,2.8681042,0,0
2012-03-20 15:00:00,2.9657955,0,0
2012-03-20 16:00:00,3.030862,0,0
2012-03-20 17:00:00,3.021224,0,0
2012-03-20 18:00:00,2.9902174,0,0
2012-03-20 19:00:00,2.778473,0,0
2012-03-20 20:00:00,2.5411682,0,0
2012-03-20 21:00:00,2.4020445,0,0
2012-03-20 22:00:00,2.3396196,0,0
2012-03-20 23:00:00,2.3551614,0,0
2012-03-21 00:00:00,2.390575,0,0
2012-03-21 01:00:00,2.4083908,0,0
2012-03-21 02:00:00,2.4181755,0,0
2012-03-21 03:00:00,2.410751,0,0
2012-03-21 04:00:00,2.3627553,0,0
2012-03-21 05:00:00,2.2962823,0,0
2012-03-21 06:00:00,2.291598,0,0
2012-03-21 07:00:00,2.2619882,0,0
2012-03-21 08:00:00,2.293255,0,0
2012-03-21 09:00:00,2.28976,0,0
2012-03-21 10:00:00,1.6521693,0,0
2012-03-21 11:00:00,1.1544704,0,0
2012-03-21 12:00:00,0.99406546,0,0
2012-03-21 13:00:00,0.88401616,0,0
2012-03-21 14:00:00,0.6123077,0,0
2012-03-21 15:00:00,0.65093184,0,0
2012-03-21 16:00:00,0.768617,0,0
2012-03-21 17:00:00,0.6914949,0,0
2012-03-21 18:00:00,0.63487893,0,0
2012-03-21 19:00:00,0.73786104,0,0
2012-03-21 20:00:00,0.6724574,0,0
2012-03-21 21:00:00,0.5860447,0,0
2012-03-21 22:00:00,0.50137395,0,0
2012-03-21 23:00:00,0.41382468,0,0
2012-03-22 00:00:00,0.35047033,0,0
2012-03-22 01:00:00,0.28567666,0,0
2012-03-22 02:00:00,0.24634594,0,0
2012-03-22 03:00:00,0.15010937,0,0
2012-03-22 04:00:00,0.07225835,0,0
2012-03-22 05:00:00,-0.0044951173,0,0
2012-03-22 06:00:00,-0.0078747375,0,0
2012-03-22 07:00:00,-0.044103965,0,0
2012-03-22 08:00:00,-0.05962841,0,0
2012-03-22 09:00:00,0.026362594,0,0
2012-03-22 10:00:00,0.07030879,0,0
2012-03-22 11:00:00,0.22832136,0,0
2012-03-22 12:00:00,0.51019025,0,0
2012-03-22 13:00:00,0.7109492,0,0
2012-03-22 14:00:00,0.84381646,0,0
2012-03-22 15:00:00,0.9357799,0,0
2012-03-22 16:00:00,1.0098658,0,0
2012-03-22 17:00:00,0.962196,0,0
2012-03-22 18:00:00,0.8242488,0,0
2012-03-22 19:00:00,0.66793627,0,0
2012-03-22 20:00:00,0.5015439,0,0
2012-03-22 21:00:00,0.3919333,0,0
2012-03-22 22:00:00,0.3197654,0,0
2012-03-22 23:00:00,0.23055886,0,0
2012-03-23 00:00:00,0.19442654,0,0
2012-03-23 01:00:00,0.19153239,0,0
2012-03-23 02:00:00,0.18680523,0,0
2012-03-23 03:00:00,0.18225414,0,0
2012-03-23 04:00:00,0.10634207,0,0
2012-03-23 05:00:00,-0.02080046,0,0
2012-03-23 06:00:00,-0.19527541,0,0
2012-03-23 07:00:00,-0.40402517,0,0
2012-03-23 08:00:00,-0.5292549,0,0
2012-03-23 09:00:00,-0.60408545,0,0
2012-03-23 10:00:00,-0.55895567,0,0
2012-03-23 11:00:00,-0.5001522,0,0
2012-03-23 12:00:00,-0.4499909,0,0
2012-03-23 13:00:00,-0.4146861,0,0
2012-03-23 14:00:00,-0.3683247,0,0
2012-03-23 15:00:00,-0.368005,0,0
2012-03-23 16:00:00,-0.39883843,0,0
2012-03-23 17:00:00,-0.40277454,0,0
2012-03-23 18:00:00,-0.43843916,0,0
2012-03-23 19:00:00,-0.41853127,0,0
2012-03-23 20:00:00,-0.45214474,0,0
2012-03-23 21:00:00,-0.55572844,0,0
2012-03-23 22:00:00,-0.59933716,0,0
2012-03-23 23:00:00,-0.5898772,0,0
2012-03-24 00:00:00,-0.58002347,1,0
2012-03-24 01:00:00,-0.5696045,1,0
2012-03-24 02:00:00,-0.56157875,1,0
2012-03-24 03:00:00,-0.55626553,1,0
2012-03-24 04:00:00,-0.5306418,1,0
2012-03-24 05:00:00,-0.47575018,1,0
2012-03-24 06:00:00,-0.3647454,1,0
2012-03-24 07:00:00,-0.3912642,1,0
2012-03-24 08:00:00,-0.33253506,1,0
2012-03-24 09:00:00,-0.23125277,1,0
2012-03-24 10:00:00,-0.15607975,1,0
2012-03-24 11:00:00,0.0071576457,1,0
2012-03-24 12:00:00,0.19434452,1,0
2012-03-24 13:00:00,0.21852192,1,0
2012-03-24 14:00:00,0.34281036,1,0
2012-03-24 15:00:00,0.37261346,1,0
2012-03-24 16:00:00,0.3790894,1,0
2012-03-24 17:00:00,0.2980656,1,0
2012-03-24 18:00:00,0.13441029,1,0
2012-03-24 19:00:00,0.06197758,1,0
2012-03-24 20:00:00,-0.0018867032,1,0
2012-03-24 21:00:00,-0.04483389,1,0
2012-03-24 22:00:00,-0.06703471,1,0
2012-03-24 23:00:00,-0.045157023,1,0
2012-03-25 00:00:00,-0.21196382,1,0
2012-03-25 01:00:00,-0.32204053,1,0
2012-03-25 02:00:00,-0.42137352,1,0
2012-03-25 03:00:00,-0.47366473,1,0
2012-03-25 04:00:00,-0.5417257,1,0
2012-03-25 05:00:00,-0.5847174,1,0
2012-03-25 06:00:00,-0.56626236,1,0
2012-03-25 07:00:00,-0.578936,1,0
2012-03-25 08:00:00,-0.5472803,1,0
2012-03-25 09:00:00,-0.35358837,1,0
2012-03-25 10:00:00,-0.12806253,1,0
2012-03-25 11:00:00,0.13666427,1,0
2012-03-25 12:00:00,0.2682529,1,0
2012-03-25 13:00:00,0.37393236,1,0
2012-03-25 14:00:00,0.46218488,1,0
2012-03-25 15:00:00,0.5253163,1,0
2012-03-25 16:00:00,0.5175061,1,0
2012-03-25 17:00:00,0.4899503,1,0
2012-03-25 18:00:00,0.36560845,1,0
2012-03-25 19:00:00,0.2791128,1,0
2012-03-25 20:00:00,0.12941128,1,0
2012-03-25 21:00:00,0.028460748,1,0
2012-03-25 22:00:00,-0.049943086,1,0
2012-03-25 23:00:00,-0.19660692,1,0
2012-03-26 00:00:00,-0.2720392,0,0
2012-03-26 01:00:00,-0.35092023,0,0
2012-03-26 02:00:00,-0.44122887,0,0
2012-03-26 03:00:00,-0.6131912,0,0
2012-03-26 04:00:00,-0.7785567,0,0
2012-03-26 05:00:00,-0.95138824,0,0
2012-03-26 06:00:00,-0.904621,0,0
2012-03-26 07:00:00,-0.9979274,0,0
2012-03-26 08:00:00,-1.0466347,0,0
2012-03-26 09:00:00,-0.5217097,0,0
2012-03-26 10:00:00,0.05371848,0,0
2012-03-26 11:00:00,0.3284116,0,0
2012-03-26 12:00:00,0.5577747,0,0
2012-03-26 13:00:00,0.7653755,0,0
2012-03-26 14:00:00,0.91737115,0,0
2012-03-26 15:00:00,0.89877594,0,0
2012-03-26 16:00:00,0.87645704,0,0
2012-03-26 17:00:00,0.8527456,0,0
2012-03-26 18:00:00,0.7661219,0,0
2012-03-26 19:00:00,0.688286,0,0
2012-03-26 20:00:00,0.49784228,0,0
2012-03-26 21:00:00,0.37963587,0,0
2012-03-26 22:00:00,0.29546106,0,0
2012-03-26 23:00:00,0.21587364,0,0
2012-03-27 00:00:00,0.11065198,0,0
2012-03-27 01:00:00,-0.0068959817,0,0
2012-03-27 02:00:00,-0.13895957,0,0
2012-03-27 03:00:00,-0.20457944,0,0
2012-03-27 04:00:00,-0.4975126,0,0
2012-03-27 05:00:00,-0.40610164,0,0
2012-03-27 06:00:00,-0.469043,0,0
2012-03-27 07:00:00,-0.29593158,0,0
2012-03-27 08:00:00,-0.3002321,0,0
2012-03-27 09:00:00,-0.1708804,0,0
2012-03-27 10:00:00,0.46718323,0,0
2012-03-27 11:00:00,0.6025231,0,0
2012-03-27 12:00:00,0.699434,0,0
2012-03-27 13:00:00,0.84797907,0,0
2012-03-27 14:00:00,0.9789663,0,0
2012-03-27 15:00:00,1.0647843,0,0
2012-03-27 16:00:00,1.05196,0,0
2012-03-27 17:00:00,0.9550796,0,0
2012-03-27 18:00:00,0.8750495,0,0
2012-03-27 19:00:00,0.80668396,0,0
2012-03-27 20:00:00,0.70949143,0,0
2012-03-27 21:00:00,0.6227006,0,0
2012-03-27 22:00:00,0.57958215,0,0
2012-03-27 23:00:00,0.5070719,0,0
2012-03-28 00:00:00,0.4391026,0,0
2012-03-28 01:00:00,0.37550268,0,0
2012-03-28 02:00:00,0.34461415,0,0
2012-03-28 03:00:00,0.32715777,0,0
2012-03-28 04:00:00,0.2416422,0,0
2012-03-28 05:00:00,0.14817004,0,0
2012-03-28 06:00:00,0.14675313,0,0
2012-03-28 07:00:00,0.07615579,0,0
2012-03-28 08:00:00,0.114356555,0,0
2012-03-28 09:00:00,0.23495084,0,0
2012-03-28 10:00:00,0.5402767,0,0
2012-03-28 11:00:00,0.83394325,0,0
2012-03-28 12:00:00,1.0549489,0,0
2012-03-28 13:00:00,1.2630751,0,0
2012-03-28 14:00:00,1.489285,0,0
2012-03-28 15:00:00,1.606152,0,0
2012-03-28 16:00:00,1.6229426,0,0
2012-03-28 17:00:00,1.5782292,0,0
2012-03-28 18:00:00,1.5917648,0,0
2012-03-28 19:00:00,1.4545724,0,0
2012-03-28 20:00:00,1.216817,0,0
2012-03-28 21:00:00,1.021171,0,0
2012-03-28 22:00:00,0.87352884,0,0
2012-03-28 23:00:00,0.76462483,0,0
2012-03-29 00:00:00,0.6194472,0,0
2012-03-29 01:00:00,0.2366581,0,0
2012-03-29 02:00:00,0.03409249,0,0
2012-03-29 03:00:00,-0.15184793,0,0
2012-03-29 04:00:00,-0.32665613,0,0
2012-03-29 05:00:00,-0.45657,0,0
2012-03-29 06:00:00,-0.44336408,0,0
2012-03-29 07:00:00,-0.38822198,0,0
2012-03-29 08:00:00,-0.27236903,0,0
2012-03-29 09:00:00,0.021029498,0,0
2012-03-29 10:00:00,0.52632415,0,0
2012-03-29 11:00:00,0.97599113,0,0
2012-03-29 12:00:00,1.4007899,0,0
2012-03-29 13:00:00,1.795562,0,0
2012-03-29 14:00:00,2.081358,0,0
2012-03-29 15:00:00,2.2021782,0,0
2012-03-29 16:00:00,2.3071766,0,0
2012-03-29 17:00:00,2.284521,0,0
2012-03-29 18:00:00,2.2021098,0,0
2012-03-29 19:00:00,2.0615983,0,0
2012-03-29 20:00:00,1.7841977,0,0
2012-03-29 21:00:00,1.5909219,0,0
2012-03-29 22:00:00,1.445865,0,0
2012-03-29 23:00:00,1.2683147,0,0
2012-03-30 00:00:00,1.1055164,0,0
2012-03-30 01:00:00,0.9502361,0,0
2012-03-30 02:00:00,0.71537864,0,0
2012-03-30 03:00:00,0.6164396,0,0
2012-03-30 04:00:00,0.43267438,0,0
2012-03-30 05:00:00,0.2578193,0,0
2012-03-30 06:00:00,0.1292705,0,0
2012-03-30 07:00:00,0.118110515,0,0
2012-03-30 08:00:00,0.1343902,0,0
2012-03-30 09:00:00,0.459883,0,0
2012-03-30 10:00:00,1.1486735,0,0
2012-03-30 11:00:00,1.717093,0,0
2012-03-30 12:00:00,2.1006687,0,0
2012-03-30 13:00:00,2.3163853,0,0
2012-03-30 14:00:00,2.5187476,0,0
2012-03-30 15:00:00,2.6491177,0,0
2012-03-30 16:00:00,2.6409807,0,0
2012-03-30 17:00:00,2.5963578,0,0
2012-03-30 18:00:00,2.370075,0,0
2012-03-30 19:00:00,2.120731,0,0
2012-03-30 20:00:00,1.8592368,0,0
2012-03-30 21:00:00,1.6327227,0,0
2012-03-30 22:00:00,1.4902352,0,0
2012-03-30 23:00:00,1.417198,0,0
2012-03-31 00:00:00,1.3748676,1,0
2012-03-31 01:00:00,1.3323667,1,0
2012-03-31 02:00:00,1.2853246,1,0
2012-03-31 03:00:00,1.2372323,1,0
2012-03-31 04:00:00,1.2125518,1,0
2012-03-31 05:00:00,1.1507905,1,0
2012-03-31 06:00:00,1.2272607,1,0
2012-03-31 07:00:00,1.233388,1,0
2012-03-31 08:00:00,1.2478274,1,0
2012-03-31 09:00:00,1.2723001,1,0
2012-03-31 10:00:00,1.6082294,1,0
2012-03-31 11:00:00,1.9912524,1,0
2012-03-31 12:00:00,2.3596525,1,0
2012-03-31 13:00:00,2.6859956,1,0
2012-03-31 14:00:00,2.9200134,1,0
2012-03-31 15:00:00,3.117292,1,0
2012-03-31 16:00:00,3.0816882,1,0
2012-03-31 17:00:00,2.894721,1,0
2012-03-31 18:00:00,2.3009994,1,0
2012-03-31 19:00:00,1.763401,1,0
2012-03-31 20:00:00,1.5025218,1,0
2012-03-31 21:00:00,1.3572971,1,0
2012-03-31 22:00:00,1.2592131,1,0
2012-03-31 23:00:00,1.1914945,1,0
2012-04-01 00:00:00,1.1335598,1,0
2012-04-01 01:00:00,1.0863694,1,0
2012-04-01 02:00:00,1.0292155,1,0
2012-04-01 03:00:00,0.95748025,1,0
2012-04-01 04:00:00,0.8225002,1,0
2012-04-01 05:00:00,0.7947876,1,0
2012-04-01 06:00:00,0.7048453,1,0
2012-04-01 07:00:00,0.59699064,1,0
2012-04-01 08:00:00,0.9130873,1,0
2012-04-01 09:00:00,1.1508604,1,0
2012-04-01 10:00:00,1.2002283,1,0
2012-04-01 11:00:00,1.2648011,1,0
2012-04-01 12:00:00,1.3562814,1,0
2012-04-01 13:00:00,1.3971773,1,0
2012-04-01 14:00:00,1.3625914,1,0
2012-04-01 15:00:00,1.3816855,1,0
2012-04-01 16:00:00,1.2852913,1,0
2012-04-01 17:00:00,1.3081139,1,0
2012-04-01 18:00:00,1.155539,1,0
2012-04-01 19:00:00,0.9233821,1,0
2012-04-01 20:00:00,0.75271857,1,0
2012-04-01 21:00:00,0.6129802,1,0
2012-04-01 22:00:00,0.517571,1,0
2012-04-01 23:00:00,0.4383671,1,0
2012-04-02 00:00:00,0.33314034,0,0
2012-04-02 01:00:00,0.30367008,0,0
2012-04-02 02:00:00,0.22771448,0,0
2012-04-02 03:00:00,-0.24678764,0,0
2012-04-02 04:00:00,-0.5164055,0,0
2012-04-02 05:00:00,-0.64942586,0,0
2012-04-02 06:00:00,-0.7706522,0,0
2012-04-02 07:00:00,-0.81793934,0,0
2012-04-02 08:00:00,-0.15795214,0,0
2012-04-02 09:00:00,0.51829815,0,0
2012-04-02 10:00:00,1.0612736,0,0
2012-04-02 11:00:00,1.3452177,0,0
2012-04-02 12:00:00,1.5897216,0,0
2012-04-02 13:00:00,1.792991,0,0
2012-04-02 14:00:00,1.9313452,0,0
2012-04-02 15:00:00,2.0206065,0,0
2012-04-02 16:00:00,2.0120192,0,0
2012-04-02 17:00:00,1.948697,0,0
2012-04-02 18:00:00,1.6725748,0,0
2012-04-02 19:00:00,1.4027299,0,0
2012-04-02 20:00:00,1.2492808,0,0
2012-04-02 21:00:00,1.1474612,0,0
2012-04-02 22:00:00,1.1003724,0,0
2012-04-02 23:00:00,1.0773026,0,0
2012-04-03 00:00:00,1.1011034,0,0
2012-04-03 01:00:00,1.1370492,0,0
2012-04-03 02:00:00,1.148097,0,0
2012-04-03 03:00:00,1.1206626,0,0
2012-04-03 04:00:00,1.1286935,0,0
2012-04-03 05:00:00,1.295609,0,0
2012-04-03 06:00:00,1.2741683,0,0
2012-04-03 07:00:00,1.2461361,0,0
2012-04-03 08:00:00,1.4076557,0,0
2012-04-03 09:00:00,1.7515365,0,0
2012-04-03 10:00:00,2.1572025,0,0
2012-04-03 11:00:00,2.5197854,0,0
2012-04-03 12:00:00,2.744964,0,0
2012-04-03 13:00:00,2.851889,0,0
2012-04-03 14:00:00,2.8109512,0,0
2012-04-03 15:00:00,2.6911619,0,0
2012-04-03 16:00:00,2.5628839,0,0
2012-04-03 17:00:00,2.3632357,0,0
2012-04-03 18:00:00,2.1834836,0,0
2012-04-03 19:00:00,1.9569176,0,0
2012-04-03 20:00:00,1.7479049,0,0
2012-04-03 21:00:00,1.5816113,0,0
2012-04-03 22:00:00,1.4120452,0,0
2012-04-03 23:00:00,1.2468901,0,0
2012-04-04 00:00:00,1.1472906,0,0
2012-04-04 01:00:00,1.0842073,0,0
2012-04-04 02:00:00,0.9503522,0,0
2012-04-04 03:00:00,0.7803939,0,0
2012-04-04 04:00:00,0.58122,0,0
2012-04-04 05:00:00,0.5496455,0,0
2012-04-04 06:00:00,0.4716459,0,0
2012-04-04 07:00:00,0.34697604,0,0
2012-04-04 08:00:00,0.73749626,0,0
2012-04-04 09:00:00,1.366059,0,0
2012-04-04 10:00:00,1.7922195,0,0
2012-04-04 11:00:00,2.1795154,0,0
2012-04-04 12:00:00,2.4902835,0,0
2012-04-04 13:00:00,2.7088041,0,0
2012-04-04 14:00:00,2.854065,0,0
2012-04-04 15:00:00,2.9236205,0,0
2012-04-04 16:00:00,2.8511682,0,0
2012-04-04 17:00:00,2.6999838,0,0
2012-04-04 18:00:00,2.340252,0,0
2012-04-04 19:00:00,2.0016878,0,0
2012-04-04 20:00:00,1.7689933,0,0
2012-04-04 21:00:00,1.6058873,0,0
2012-04-04 22:00:00,1.5043887,0,0
2012-04-04 23:00:00,1.2806982,0,0
2012-04-05 00:00:00,1.0318661,0,0
2012-04-05 01:00:00,0.88439393,0,0
2012-04-05 02:00:00,0.7151718,0,0
2012-04-05 03:00:00,0.5339897,0,0
2012-04-05 04:00:00,0.35717735,0,0
2012-04-05 05:00:00,0.42534718,0,0
2012-04-05 06:00:00,0.29049864,0,0
2012-04-05 07:00:00,0.22067882,0,0
2012-04-05 08:00:00,0.7825893,0,0
2012-04-05 09:00:00,1.521944,0,0
2012-04-05 10:00:00,2.0263338,0,0
2012-04-05 11:00:00,2.4304054,0,0
2012-04-05 12:00:00,2.6992476,0,0
2012-04-05 13:00:00,2.899467,0,0
2012-04-05 14:00:00,3.0468757,0,0
2012-04-05 15:00:00,3.1118898,0,0
2012-04-05 16:00:00,3.1010234,0,0
2012-04-05 17:00:00,3.085816,0,0
2012-04-05 18:00:00,2.749458,0,0
2012-04-05 19:00:00,2.4132125,0,0
2012-04-05 20:00:00,2.1743202,0,0
2012-04-05 21:00:00,2.0333667,0,0
2012-04-05 22:00:00,1.7440355,0,0
2012-04-05 23:00:00,1.3285749,0,0
2012-04-06 00:00:00,1.1218832,0,1
2012-04-06 01:00:00,0.97480464,0,1
2012-04-06 02:00:00,0.89388,0,1
2012-04-06 03:00:00,0.86707425,0,1
2012-04-06 04:00:00,0.8740775,0,1
2012-04-06 05:00:00,1.0152899,0,1
2012-04-06 06:00:00,1.1327531,0,1
2012-04-06 07:00:00,1.2351551,0,1
2012-04-06 08:00:00,1.5385145,0,1
2012-04-06 09:00:00,2.0628982,0,1
2012-04-06 10:00:00,2.52451,0,1
2012-04-06 11:00:00,2.8355756,0,1
2012-04-06 12:00:00,3.0631852,0,1
2012-04-06 13:00:00,3.235452,0,1
2012-04-06 14:00:00,3.3496633,0,1
2012-04-06 15:00:00,3.3844116,0,1
2012-04-06 16:00:00,3.3561697,0,1
2012-04-06 17:00:00,3.2274232,0,1
2012-04-06 18:00:00,3.0200808,0,1
2012-04-06 19:00:00,2.848277,0,1
2012-04-06 20:00:00,2.3176148,0,1
2012-04-06 21:00:00,1.4119796,0,1
2012-04-06 22:00:00,0.86131746,0,1
2012-04-06 23:00:00,0.5281358,0,1
2012-04-07 00:00:00,0.38345727,1,1
2012-04-07 01:00:00,0.27737874,1,1
2012-04-07 02:00:00,0.15641488,1,1
2012-04-07 03:00:00,0.06855131,1,1
2012-04-07 04:00:00,0.0057567456,1,1
2012-04-07 05:00:00,-0.13909952,1,1
2012-04-07 06:00:00,-0.18424414,1,1
2012-04-07 07:00:00,-0.19579822,1,1
2012-04-07 08:00:00,-0.116414376,1,1
2012-04-07 09:00:00,-0.0015893152,1,1
2012-04-07 10:00:00,0.1339703,1,1
2012-04-07 11:00:00,0.25306347,1,1
2012-04-07 12:00:00,0.29146978,1,1
2012-04-07 13:00:00,0.31597912,1,1
2012-04-07 14:00:00,0.43960577,1,1
2012-04-07 15:00:00,0.47198012,1,1
2012-04-07 16:00:00,0.3964512,1,1
2012-04-07 17:00:00,0.3461103,1,1
2012-04-07 18:00:00,0.2657554,1,1
2012-04-07 19:00:00,0.22069502,1,1
2012-04-07 20:00:00,0.15873975,1,1
2012-04-07 21:00:00,0.12426601,1,1
2012-04-07 22:00:00,0.04519497,1,1
2012-04-07 23:00:00,0.033912074,1,1
2012-04-08 00:00:00,-0.024027348,1,0
2012-04-08 01:00:00,-0.29509106,1,0
2012-04-08 02:00:00,-0.5771475,1,0
2012-04-08 03:00:00,-0.7296459,1,0
2012-04-08 04:00:00,-0.8507013,1,0
2012-04-08 05:00:00,-0.9390453,1,0
2012-04-08 06:00:00,-0.9728814,1,0
2012-04-08 07:00:00,-0.9772786,1,0
2012-04-08 08:00:00,-0.68419474,1,0
2012-04-08 09:00:00,-0.22549766,1,0
2012-04-08 10:00:00,-0.08827078,1,0
2012-04-08 11:00:00,0.04682539,1,0
2012-04-08 12:00:00,0.13504359,1,0
2012-04-08 13:00:00,0.21263723,1,0
2012-04-08 14:00:00,0.2870775,1,0
2012-04-08 15:00:00,0.3038509,1,0
2012-04-08 16:00:00,0.32096806,1,0
2012-04-08 17:00:00,0.3123597,1,0
2012-04-08 18:00:00,0.22495186,1,0
2012-04-08 19:00:00,0.09592213,1,0
2012-04-08 20:00:00,0.010964457,1,0
2012-04-08 21:00:00,-0.07098849,1,0
2012-04-08 22:00:00,-0.10192359,1,0
2012-04-08 23:00:00,-0.10669259,1,0
2012-04-09 00:00:00,-0.10162986,0,1
2012-04-09 01:00:00,-0.11748973,0,1
2012-04-09 02:00:00,-0.14330514,0,1
2012-04-09 03:00:00,-0.18869013,0,1
2012-04-09 04:00:00,-0.3145265,0,1
2012-04-09 05:00:00,-0.3268578,0,1
2012-04-09 06:00:00,-0.38058826,0,1
2012-04-09 07:00:00,-0.50114787,0,1
2012-04-09 08:00:00,-0.5337329,0,1
2012-04-09 09:00:00,-0.4234881,0,1
2012-04-09 10:00:00,-0.45762652,0,1
2012-04-09 11:00:00,-0.5801744,0,1
2012-04-09 12:00:00,-0.35979617,0,1
2012-04-09 13:00:00,-0.22729869,0,1
2012-04-09 14:00:00,-0.39103645,0,1
2012-04-09 15:00:00,-0.5966955,0,1
2012-04-09 16:00:00,-0.69549483,0,1
2012-04-09 17:00:00,-0.7414192,0,1
2012-04-09 18:00:00,-0.95192313,0,1
2012-04-09 19:00:00,-0.98652834,0,1
2012-04-09 20:00:00,-1.030241,0,1
2012-04-09 21:00:00,-1.0658983,0,1
2012-04-09 22:00:00,-1.1575943,0,1
2012-04-09 23:00:00,-1.1459123,0,1
2012-04-10 00:00:00,-1.120603,0,0
2012-04-10 01:00:00,-1.1464823,0,0
2012-04-10 02:00:00,-1.1713113,0,0
2012-04-10 03:00:00,-1.2406406,0,0
2012-04-10 04:00:00,-1.2405713,0,0
2012-04-10 05:00:00,-1.2882093,0,0
2012-04-10 06:00:00,-1.322994,0,0
2012-04-10 07:00:00,-1.2791556,0,0
2012-04-10 08:00:00,-1.0763335,0,0
2012-04-10 09:00:00,-0.9199213,0,0
2012-04-10 10:00:00,-0.8807336,0,0
2012-04-10 11:00:00,-0.81541985,0,0
2012-04-10 12:00:00,-0.7542527,0,0
2012-04-10 13:00:00,-0.68487656,0,0
2012-04-10 14:00:00,-0.60824716,0,0
2012-04-10 15:00:00,-0.6021706,0,0
2012-04-10 16:00:00,-0.5708018,0,0
2012-04-10 17:00:00,-0.4970736,0,0
2012-04-10 18:00:00,-0.5739088,0,0
2012-04-10 19:00:00,-0.6559881,0,0
2012-04-10 20:00:00,-0.71182144,0,0
2012-04-10 21:00:00,-0.76018345,0,0
2012-04-10 22:00:00,-0.77617645,0,0
2012-04-10 23:00:00,-0.7563563,0,0
2012-04-11 00:00:00,-0.7957613,0,0
2012-04-11 01:00:00,-0.8061162,0,0
2012-04-11 02:00:00,-0.82084084,0,0
2012-04-11 03:00:00,-0.8858798,0,0
2012-04-11 04:00:00,-0.9006045,0,0
2012-04-11 05:00:00,-1.0487162,0,0
2012-04-11 06:00:00,-1.220549,0,0
2012-04-11 07:00:00,-1.3473166,0,0
2012-04-11 08:00:00,-0.9698852,0,0
2012-04-11 09:00:00,-0.4215737,0,0
2012-04-11 10:00:00,-0.32470253,0,0
2012-04-11 11:00:00,-0.17689826,0,0
2012-04-11 12:00:00,0.032577336,0,0
2012-04-11 13:00:00,0.20641662,0,0
2012-04-11 14:00:00,0.32586658,0,0
2012-04-11 15:00:00,0.34056687,0,0
2012-04-11 16:00:00,0.2703836,0,0
2012-04-11 17:00:00,0.16633473,0,0
2012-04-11 18:00:00,0.019214522,0,0
2012-04-11 19:00:00,-0.116550185,0,0
2012-04-11 20:00:00,-0.23641889,0,0
2012-04-11 21:00:00,-0.37257057,0,0
2012-04-11 22:00:00,-0.5419709,0,0
2012-04-11 23:00:00,-0.5280988,0,0
2012-04-12 00:00:00,-0.6380289,0,0
2012-04-12 01:00:00,-0.7444686,0,0
2012-04-12 02:00:00,-0.8443444,0,0
2012-04-12 03:00:00,-1.0698365,0,0
2012-04-12 04:00:00,-1.5511739,0,0
2012-04-12 05:00:00,-1.6623926,0,0
2012-04-12 06:00:00,-1.8284888,0,0
2012-04-12 07:00:00,-1.9249882,0,0
2012-04-12 08:00:00,-1.3825659,0,0
2012-04-12 09:00:00,-0.49684164,0,0
2012-04-12 10:00:00,-0.13877365,0,0
2012-04-12 11:00:00,0.24677373,0,0
2012-04-12 12:00:00,0.5604311,0,0
2012-04-12 13:00:00,0.80441487,0,0
2012-04-12 14:00:00,0.97069424,0,0
2012-04-12 15:00:00,1.0633198,0,0
2012-04-12 16:00:00,1.0628077,0,0
2012-04-12 17:00:00,1.0680962,0,0
2012-04-12 18:00:00,0.7871586,0,0
2012-04-12 19:00:00,0.5197981,0,0
2012-04-12 20:00:00,0.31651503,0,0
2012-04-12 21:00:00,0.0894499,0,0
2012-04-12 22:00:00,-0.14136463,0,0
2012-04-12 23:00:00,-0.3425173,0,0
2012-04-13 00:00:00,-0.60152286,0,0
2012-04-13 01:00:00,-0.86157346,0,0
2012-04-13 02:00:00,-1.0122387,0,0
2012-04-13 03:00:00,-1.1100532,0,0
2012-04-13 04:00:00,-1.1737168,0,0
2012-04-13 05:00:00,-1.2299421,0,0
2012-04-13 06:00:00,-1.289236,0,0
2012-04-13 07:00:00,-1.3131111,0,0
2012-04-13 08:00:00,-1.001555,0,0
2012-04-13 09:00:00,-0.2702112,0,0
2012-04-13 10:00:00,0.35490522,0,0
2012-04-13 11:00:00,0.7654356,0,0
2012-04-13 12:00:00,1.0360837,0,0
2012-04-13 13:00:00,1.2424736,0,0
2012-04-13 14:00:00,1.3559071,0,0
2012-04-13 15:00:00,1.3682524,0,0
2012-04-13 16:00:00,1.2893399,0,0
2012-04-13 17:00:00,1.3093476,0,0
2012-04-13 18:00:00,0.9463156,0,0
2012-04-13 19:00:00,0.5754584,0,0
2012-04-13 20:00:00,0.2983204,0,0
2012-04-13 21:00:00,0.07425158,0,0
2012-04-13 22:00:00,-0.10216892,0,0
2012-04-13 23:00:00,-0.24915066,0,0
2012-04-14 00:00:00,-0.36757284,1,0
2012-04-14 01:00:00,-0.46131465,1,0
2012-04-14 02:00:00,-0.5163184,1,0
2012-04-14 03:00:00,-0.557871,1,0
2012-04-14 04:00:00,-0.5803344,1,0
2012-04-14 05:00:00,-0.65022886,1,0
2012-04-14 06:00:00,-0.66854024,1,0
2012-04-14 07:00:00,-0.6788207,1,0
2012-04-14 08:00:00,-0.48521855,1,0
2012-04-14 09:00:00,-0.04937936,1,0
2012-04-14 10:00:00,0.37289995,1,0
2012-04-14 11:00:00,0.72841406,1,0
2012-04-14 12:00:00,1.0033971,1,0
2012-04-14 13:00:00,1.185528,1,0
2012-04-14 14:00:00,1.2999624,1,0
2012-04-14 15:00:00,1.3567303,1,0
2012-04-14 16:00:00,1.3815519,1,0
2012-04-14 17:00:00,1.2593125,1,0
2012-04-14 18:00:00,0.901433,1,0
2012-04-14 19:00:00,0.6212386,1,0
2012-04-14 20:00:00,0.4251172,1,0
2012-04-14 21:00:00,0.28660527,1,0
2012-04-14 22:00:00,0.23060091,1,0
2012-04-14 23:00:00,0.26744863,1,0
2012-04-15 00:00:00,0.34208074,1,0
2012-04-15 01:00:00,0.3923521,1,0
2012-04-15 02:00:00,0.42160973,1,0
2012-04-15 03:00:00,0.43903124,1,0
2012-04-15 04:00:00,0.41871548,1,0
2012-04-15 05:00:00,0.4321615,1,0
2012-04-15 06:00:00,0.39131734,1,0
2012-04-15 07:00:00,0.35135272,1,0
2012-04-15 08:00:00,0.48949292,1,0
2012-04-15 09:00:00,0.85703105,1,0
2012-04-15 10:00:00,1.2551206,1,0
2012-04-15 11:00:00,1.6312149,1,0
2012-04-15 12:00:00,1.9400119,1,0
2012-04-15 13:00:00,2.1377416,1,0
2012-04-15 14:00:00,2.1915498,1,0
2012-04-15 15:00:00,2.1030414,1,0
2012-04-15 16:00:00,2.059377,1,0
2012-04-15 17:00:00,2.0752,1,0
2012-04-15 18:00:00,1.7125565,1,0
2012-04-15 19:00:00,1.4383423,1,0
2012-04-15 20:00:00,1.2301759,1,0
2012-04-15 21:00:00,0.992039,1,0
2012-04-15 22:00:00,0.75884527,1,0
2012-04-15 23:00:00,0.5578777,1,0
2012-04-16 00:00:00,0.31948692,0,0
2012-04-16 01:00:00,0.21045034,0,0
2012-04-16 02:00:00,0.2934587,0,0
2012-04-16 03:00:00,0.4005823,0,0
2012-04-16 04:00:00,0.327044,0,0
2012-04-16 05:00:00,-0.13954102,0,0
2012-04-16 06:00:00,-0.111791916,0,0
2012-04-16 07:00:00,-0.049183525,0,0
2012-04-16 08:00:00,0.3932765,0,0
2012-04-16 09:00:00,0.6020958,0,0
2012-04-16 10:00:00,0.76983607,0,0
2012-04-16 11:00:00,0.99733865,0,0
2012-04-16 12:00:00,1.2033589,0,0
2012-04-16 13:00:00,1.2826093,0,0
2012-04-16 14:00:00,1.3154745,0,0
2012-04-16 15:00:00,1.2310646,0,0
2012-04-16 16:00:00,1.0557963,0,0
2012-04-16 17:00:00,0.96597457,0,0
2012-04-16 18:00:00,0.71272933,0,0
2012-04-16 19:00:00,0.4836738,0,0
2012-04-16 20:00:00,0.33935285,0,0
2012-04-16 21:00:00,0.21489868,0,0
2012-04-16 22:00:00,0.11312053,0,0
2012-04-16 23:00:00,0.06680435,0,0
2012-04-17 00:00:00,-0.015495665,0,0
2012-04-17 01:00:00,-0.10831664,0,0
2012-04-17 02:00:00,-0.27724347,0,0
2012-04-17 03:00:00,-0.22843252,0,0
2012-04-17 04:00:00,-0.2220463,0,0
2012-04-17 05:00:00,-0.21600232,0,0
2012-04-17 06:00:00,-0.18717834,0,0
2012-04-17 07:00:00,-0.21700923,0,0
2012-04-17 08:00:00,-0.21024765,0,0
2012-04-17 09:00:00,0.095676206,0,0
2012-04-17 10:00:00,0.36423057,0,0
2012-04-17 11:00:00,0.78309566,0,0
2012-04-17 12:00:00,1.2458025,0,0
2012-04-17 13:00:00,1.6231824,0,0
2012-04-17 14:00:00,1.8574437,0,0
2012-04-17 15:00:00,1.9268036,0,0
2012-04-17 16:00:00,1.9217783,0,0
2012-04-17 17:00:00,1.8655211,0,0
2012-04-17 18:00:00,1.4639155,0,0
2012-04-17 19:00:00,1.1488669,0,0
2012-04-17 20:00:00,0.9792213,0,0
2012-04-17 21:00:00,0.8515117,0,0
2012-04-17 22:00:00,0.71589226,0,0
2012-04-17 23:00:00,0.5853787,0,0
2012-04-18 00:00:00,0.44402996,0,0
2012-04-18 01:00:00,0.25166854,0,0
2012-04-18 02:00:00,0.060969308,0,0
2012-04-18 03:00:00,-0.10065723,0,0
2012-04-18 04:00:00,-0.26084474,0,0
2012-04-18 05:00:00,-0.2666607,0,0
2012-04-18 06:00:00,-0.45841044,0,0
2012-04-18 07:00:00,-0.5878387,0,0
2012-04-18 08:00:00,-0.2688442,0,0
2012-04-18 09:00:00,0.42800552,0,0
2012-04-18 10:00:00,0.8901494,0,0
2012-04-18 11:00:00,1.3374999,0,0
2012-04-18 12:00:00,1.7006338,0,0
2012-04-18 13:00:00,1.9609425,0,0
2012-04-18 14:00:00,2.1557293,0,0
2012-04-18 15:00:00,2.2490802,0,0
2012-04-18 16:00:00,2.2557595,0,0
2012-04-18 17:00:00,2.3195055,0,0
2012-04-18 18:00:00,2.0077882,0,0
2012-04-18 19:00:00,1.8180063,0,0
2012-04-18 20:00:00,1.6390613,0,0
2012-04-18 21:00:00,1.4652686,0,0
2012-04-18 22:00:00,1.2962401,0,0
2012-04-18 23:00:00,1.0838357,0,0
2012-04-19 00:00:00,0.8784171,0,0
2012-04-19 01:00:00,0.72291905,0,0
2012-04-19 02:00:00,0.5843624,0,0
2012-04-19 03:00:00,0.4945048,0,0
2012-04-19 04:00:00,0.41482598,0,0
2012-04-19 05:00:00,0.36492792,0,0
2012-04-19 06:00:00,0.33411896,0,0
2012-04-19 07:00:00,0.2747505,0,0
2012-04-19 08:00:00,0.5923783,0,0
2012-04-19 09:00:00,1.1628524,0,0
2012-04-19 10:00:00,1.6125907,0,0
2012-04-19 11:00:00,1.939027,0,0
2012-04-19 12:00:00,2.077955,0,0
2012-04-19 13:00:00,2.0855348,0,0
2012-04-19 14:00:00,2.0894566,0,0
2012-04-19 15:00:00,2.0898952,0,0
2012-04-19 16:00:00,2.1033099,0,0
2012-04-19 17:00:00,2.0160434,0,0
2012-04-19 18:00:00,1.8554049,0,0
2012-04-19 19:00:00,1.6504837,0,0
2012-04-19 20:00:00,1.5032517,0,0
2012-04-19 21:00:00,1.340255,0,0
2012-04-19 22:00:00,1.1701807,0,0
2012-04-19 23:00:00,1.0099708,0,0
2012-04-20 00:00:00,0.9044401,0,0
2012-04-20 01:00:00,0.7669805,0,0
2012-04-20 02:00:00,0.6838115,0,0
2012-04-20 03:00:00,0.6190228,0,0
2012-04-20 04:00:00,0.603984,0,0
2012-04-20 05:00:00,0.5628252,0,0
2012-04-20 06:00:00,0.5328959,0,0
2012-04-20 07:00:00,0.48951527,0,0
2012-04-20 08:00:00,0.73373586,0,0
2012-04-20 09:00:00,1.2979895,0,0
2012-04-20 10:00:00,1.4953597,0,0
2012-04-20 11:00:00,1.6802677,0,0
2012-04-20 12:00:00,1.8226984,0,0
2012-04-20 13:00:00,2.1581783,0,0
2012-04-20 14:00:00,2.2647946,0,0
2012-04-20 15:00:00,2.2978806,0,0
2012-04-20 16:00:00,2.2042906,0,0
2012-04-20 17:00:00,2.082203,0,0
2012-04-20 18:00:00,1.8805555,0,0
2012-04-20 19:00:00,1.6052854,0,0
2012-04-20 20:00:00,1.3117332,0,0
2012-04-20 21:00:00,1.046307,0,0
2012-04-20 22:00:00,0.8410074,0,0
2012-04-20 23:00:00,0.618841,0,0
2012-04-21 00:00:00,0.45814043,1,0
2012-04-21 01:00:00,0.36574137,1,0
2012-04-21 02:00:00,0.3372735,1,0
2012-04-21 03:00:00,0.37400535,1,0
2012-04-21 04:00:00,0.3904043,1,0
2012-04-21 05:00:00,0.34948274,1,0
2012-04-21 06:00:00,0.17348762,1,0
2012-04-21 07:00:00,0.22755176,1,0
2012-04-21 08:00:00,0.3090608,1,0
2012-04-21 09:00:00,0.70639366,1,0
2012-04-21 10:00:00,1.1779041,1,0
2012-04-21 11:00:00,1.6341459,1,0
2012-04-21 12:00:00,2.038027,1,0
2012-04-21 13:00:00,2.3125746,1,0
2012-04-21 14:00:00,2.4932592,1,0
2012-04-21 15:00:00,2.5566962,1,0
2012-04-21 16:00:00,2.4955008,1,0
2012-04-21 17:00:00,2.415588,1,0
2012-04-21 18:00:00,2.1297953,1,0
2012-04-21 19:00:00,1.8970264,1,0
2012-04-21 20:00:00,1.7186465,1,0
2012-04-21 21:00:00,1.5443684,1,0
2012-04-21 22:00:00,1.354326,1,0
2012-04-21 23:00:00,1.2437223,1,0
2012-04-22 00:00:00,1.1156914,1,0
2012-04-22 01:00:00,1.0056525,1,0
2012-04-22 02:00:00,0.9606893,1,0
2012-04-22 03:00:00,0.96456826,1,0
2012-04-22 04:00:00,0.98294383,1,0
2012-04-22 05:00:00,1.0144095,1,0
2012-04-22 06:00:00,1.0291705,1,0
2012-04-22 07:00:00,1.0064615,1,0
2012-04-22 08:00:00,1.0103409,1,0
2012-04-22 09:00:00,1.0748838,1,0
2012-04-22 10:00:00,1.2357798,1,0
2012-04-22 11:00:00,1.5946928,1,0
2012-04-22 12:00:00,1.7563784,1,0
2012-04-22 13:00:00,1.9197713,1,0
2012-04-22 14:00:00,2.0299914,1,0
2012-04-22 15:00:00,1.9781216,1,0
2012-04-22 16:00:00,1.7986758,1,0
2012-04-22 17:00:00,1.705018,1,0
2012-04-22 18:00:00,1.4994541,1,0
2012-04-22 19:00:00,1.3006251,1,0
2012-04-22 20:00:00,1.1672657,1,0
2012-04-22 21:00:00,0.98088974,1,0
2012-04-22 22:00:00,0.812894,1,0
2012-04-22 23:00:00,0.6658211,1,0
2012-04-23 00:00:00,0.5290977,0,0
2012-04-23 01:00:00,0.39237434,0,0
2012-04-23 02:00:00,0.298541,0,0
2012-04-23 03:00:00,0.20182386,0,0
2012-04-23 04:00:00,0.12231603,0,0
2012-04-23 05:00:00,-0.053407896,0,0
2012-04-23 06:00:00,-0.102037825,0,0
2012-04-23 07:00:00,-0.13826683,0,0
2012-04-23 08:00:00,-0.007912155,0,0
2012-04-23 09:00:00,0.30528387,0,0
2012-04-23 10:00:00,0.5444317,0,0
2012-04-23 11:00:00,0.6765887,0,0
2012-04-23 12:00:00,0.7245949,0,0
2012-04-23 13:00:00,0.7492478,0,0
2012-04-23 14:00:00,0.76007795,0,0
2012-04-23 15:00:00,0.5949747,0,0
2012-04-23 16:00:00,0.39870632,0,0
2012-04-23 17:00:00,0.20471391,0,0
2012-04-23 18:00:00,-0.039954368,0,0
2012-04-23 19:00:00,-0.2270911,0,0
2012-04-23 20:00:00,-0.39714277,0,0
2012-04-23 21:00:00,-0.53299683,0,0
2012-04-23 22:00:00,-0.67776173,0,0
2012-04-23 23:00:00,-0.7794135,0,0
2012-04-24 00:00:00,-0.8956136,0,0
2012-04-24 01:00:00,-1.0267043,0,0
2012-04-24 02:00:00,-1.1422927,0,0
2012-04-24 03:00:00,-1.3051357,0,0
2012-04-24 04:00:00,-1.4675899,0,0
2012-04-24 05:00:00,-1.5178022,0,0
2012-04-24 06:00:00,-1.5907184,0,0
2012-04-24 07:00:00,-1.6385654,0,0
2012-04-24 08:00:00,-1.4395864,0,0
2012-04-24 09:00:00,-1.2104651,0,0
2012-04-24 10:00:00,-1.1048701,0,0
2012-04-24 11:00:00,-1.0535601,0,0
2012-04-24 12:00:00,-0.78080267,0,0
2012-04-24 13:00:00,-0.71129525,0,0
2012-04-24 14:00:00,-0.7887315,0,0
2012-04-24 15:00:00,-0.79912806,0,0
2012-04-24 16:00:00,-0.835079,0,0
2012-04-24 17:00:00,-0.8565664,0,0
2012-04-24 18:00:00,-0.92951727,0,0
2012-04-24 19:00:00,-0.92506635,0,0
2012-04-24 20:00:00,-0.9212392,0,0
2012-04-24 21:00:00,-0.92124456,0,0
2012-04-24 22:00:00,-0.892343,0,0
2012-04-24 23:00:00,-0.96874434,0,0
2012-04-25 00:00:00,-1.0415586,0,1
2012-04-25 01:00:00,-1.0878645,0,1
2012-04-25 02:00:00,-1.1223347,0,1
2012-04-25 03:00:00,-1.1186734,0,1
2012-04-25 04:00:00,-1.119164,0,1
2012-04-25 05:00:00,-0.9631633,0,1
2012-04-25 06:00:00,-0.86052644,0,1
2012-04-25 07:00:00,-0.83126384,0,1
2012-04-25 08:00:00,-0.71246314,0,1
2012-04-25 09:00:00,-0.5476711,0,1
2012-04-25 10:00:00,-0.42249122,0,1
2012-04-25 11:00:00,-0.3625059,0,1
2012-04-25 12:00:00,-0.32380953,0,1
2012-04-25 13:00:00,-0.32140085,0,1
2012-04-25 14:00:00,-0.34843117,0,1
2012-04-25 15:00:00,-0.38685635,0,1
2012-04-25 16:00:00,-0.46602932,0,1
2012-04-25 17:00:00,-0.4212992,0,1
2012-04-25 18:00:00,-0.52367854,0,1
2012-04-25 19:00:00,-0.6078432,0,1
2012-04-25 20:00:00,-0.64435923,0,1
2012-04-25 21:00:00,-0.6781679,0,1
2012-04-25 22:00:00,-0.643314,0,1
2012-04-25 23:00:00,-0.63353443,0,1
2012-04-26 00:00:00,-0.6159693,0,0
2012-04-26 01:00:00,-0.6158363,0,0
2012-04-26 02:00:00,-0.5366531,0,0
2012-04-26 03:00:00,-0.48253915,0,0
2012-04-26 04:00:00,-0.45327654,0,0
2012-04-26 05:00:00,-0.39532503,0,0
2012-04-26 06:00:00,-0.42620316,0,0
2012-04-26 07:00:00,-0.45380875,0,0
2012-04-26 08:00:00,-0.45341477,0,0
2012-04-26 09:00:00,-0.3830054,0,0
2012-04-26 10:00:00,-0.28991488,0,0
2012-04-26 11:00:00,-0.16388983,0,0
2012-04-26 12:00:00,-0.030245345,0,0
2012-04-26 13:00:00,-0.002790091,0,0
2012-04-26 14:00:00,0.04252054,0,0
2012-04-26 15:00:00,0.07017605,0,0
2012-04-26 16:00:00,0.058037717,0,0
2012-04-26 17:00:00,0.18241738,0,0
2012-04-26 18:00:00,0.052347492,0,0
2012-04-26 19:00:00,-0.036623873,0,0
2012-04-26 20:00:00,-0.18946134,0,0
2012-04-26 21:00:00,-0.27231607,0,0
2012-04-26 22:00:00,-0.3900298,0,0
2012-04-26 23:00:00,-0.49556065,0,0
2012-04-27 00:00:00,-0.5988694,0,0
2012-04-27 01:00:00,-0.62299,0,0
2012-04-27 02:00:00,-0.6530905,0,0
2012-04-27 03:00:00,-0.7068208,0,0
2012-04-27 04:00:00,-0.78562033,0,0
2012-04-27 05:00:00,-0.77864486,0,0
2012-04-27 06:00:00,-0.81765586,0,0
2012-04-27 07:00:00,-0.8610364,0,0
2012-04-27 08:00:00,-0.73818064,0,0
2012-04-27 09:00:00,-0.42480847,0,0
2012-04-27 10:00:00,-0.15595923,0,0
2012-04-27 11:00:00,0.031009948,0,0
2012-04-27 12:00:00,0.16793215,0,0
2012-04-27 13:00:00,0.291614,0,0
2012-04-27 14:00:00,0.40201035,0,0
2012-04-27 15:00:00,0.41958365,0,0
2012-04-27 16:00:00,0.39753467,0,0
2012-04-27 17:00:00,0.4700616,0,0
2012-04-27 18:00:00,0.17323655,0,0
2012-04-27 19:00:00,-0.09894559,0,0
2012-04-27 20:00:00,-0.42816508,0,0
2012-04-27 21:00:00,-0.6110837,0,0
2012-04-27 22:00:00,-0.7709048,0,0
2012-04-27 23:00:00,-0.8614708,0,0
2012-04-28 00:00:00,-0.9217185,1,0
2012-04-28 01:00:00,-0.98738664,1,0
2012-04-28 02:00:00,-1.0388948,1,0
2012-04-28 03:00:00,-1.0993136,1,0
2012-04-28 04:00:00,-1.1553627,1,0
2012-04-28 05:00:00,-1.2234235,1,0
2012-04-28 06:00:00,-1.2883832,1,0
2012-04-28 07:00:00,-1.3204604,1,0
2012-04-28 08:00:00,-1.138357,1,0
2012-04-28 09:00:00,-0.586786,1,0
2012-04-28 10:00:00,-0.17524508,1,0
2012-04-28 11:00:00,0.11868895,1,0
2012-04-28 12:00:00,0.36130786,1,0
2012-04-28 13:00:00,0.50591725,1,0
2012-04-28 14:00:00,0.54980385,1,0
2012-04-28 15:00:00,0.5103054,1,0
2012-04-28 16:00:00,0.4404315,1,0
2012-04-28 17:00:00,0.28398257,1,0
2012-04-28 18:00:00,0.177852,1,0
2012-04-28 19:00:00,0.113481455,1,0
2012-04-28 20:00:00,0.12458786,1,0
2012-04-28 21:00:00,0.08873708,1,0
2012-04-28 22:00:00,-0.11706513,1,0
2012-04-28 23:00:00,-0.3905707,1,0
2012-04-29 00:00:00,-0.59158164,1,0
2012-04-29 01:00:00,-0.7564704,1,0
2012-04-29 02:00:00,-0.88428336,1,0
2012-04-29 03:00:00,-0.97579795,1,0
2012-04-29 04:00:00,-1.0769641,1,0
2012-04-29 05:00:00,-1.1150733,1,0
2012-04-29 06:00:00,-1.1253488,1,0
2012-04-29 07:00:00,-1.1472473,1,0
2012-04-29 08:00:00,-1.1063718,1,0
2012-04-29 09:00:00,-0.9188308,1,0
2012-04-29 10:00:00,-0.9734834,1,0
2012-04-29 11:00:00,-0.9089107,1,0
2012-04-29 12:00:00,-0.74966985,1,0
2012-04-29 13:00:00,-0.69954884,1,0
2012-04-29 14:00:00,-0.6714474,1,0
2012-04-29 15:00:00,-0.6491551,1,0
2012-04-29 16:00:00,-0.71650445,1,0
2012-04-29 17:00:00,-0.75635743,1,0
2012-04-29 18:00:00,-0.91370106,1,0
2012-04-29 19:00:00,-1.0101161,1,0
2012-04-29 20:00:00,-1.0781375,1,0
2012-04-29 21:00:00,-1.1366367,1,0
2012-04-29 22:00:00,-1.2220383,1,0
2012-04-29 23:00:00,-1.2641561,1,0
2012-04-30 00:00:00,-1.4253298,0,0
2012-04-30 01:00:00,-1.5969503,0,0
2012-04-30 02:00:00,-1.7829428,0,0
2012-04-30 03:00:00,-1.8323054,0,0
2012-04-30 04:00:00,-1.7260281,0,0
2012-04-30 05:00:00,-1.8347433,0,0
2012-04-30 06:00:00,-1.9681333,0,0
2012-04-30 07:00:00,-2.2391663,0,0
2012-04-30 08:00:00,-2.1391158,0,0
2012-04-30 09:00:00,-1.5408221,0,0
2012-04-30 10:00:00,-1.1478971,0,0
2012-04-30 11:00:00,-0.75273275,0,0
2012-04-30 12:00:00,-0.3443334,0,0
2012-04-30 13:00:00,-0.044464525,0,0
2012-04-30 14:00:00,0.110528946,0,0
2012-04-30 15:00:00,0.13946305,0,0
2012-04-30 16:00:00,0.11375253,0,0
2012-04-30 17:00:00,-0.043294113,0,0
2012-04-30 18:00:00,-0.2602359,0,0
2012-04-30 19:00:00,-0.4498398,0,0
2012-04-30 20:00:00,-0.6079541,0,0
2012-04-30 21:00:00,-0.7289871,0,0
2012-04-30 22:00:00,-0.81730884,0,0
2012-04-30 23:00:00,-0.8681606,0,0
2012-05-01 00:00:00,-0.8639395,0,0
2012-05-01 01:00:00,-0.803766,0,0
2012-05-01 02:00:00,-0.7141537,0,0
2012-05-01 03:00:00,-0.68598294,0,0
2012-05-01 04:00:00,-0.6704808,0,0
2012-05-01 05:00:00,-0.69148946,0,0
2012-05-01 06:00:00,-0.7045467,0,0
2012-05-01 07:00:00,-0.7161646,0,0
2012-05-01 08:00:00,-0.6720063,0,0
2012-05-01 09:00:00,-0.47466874,0,0
2012-05-01 10:00:00,-0.18751825,0,0
2012-05-01 11:00:00,0.107542284,0,0
2012-05-01 12:00:00,0.4036533,0,0
2012-05-01 13:00:00,0.6537726,0,0
2012-05-01 14:00:00,0.8050028,0,0
2012-05-01 15:00:00,0.91129196,0,0
2012-05-01 16:00:00,0.9220059,0,0
2012-05-01 17:00:00,0.8182372,0,0
2012-05-01 18:00:00,0.6278503,0,0
2012-05-01 19:00:00,0.5135973,0,0
2012-05-01 20:00:00,0.44279912,0,0
2012-05-01 21:00:00,0.39497453,0,0
2012-05-01 22:00:00,0.35247323,0,0
2012-05-01 23:00:00,0.28360683,0,0
2012-05-02 00:00:00,0.1567841,0,0
2012-05-02 01:00:00,0.13709196,0,0
2012-05-02 02:00:00,0.13539194,0,0
2012-05-02 03:00:00,0.095815875,0,0
2012-05-02 04:00:00,-0.03184846,0,0
2012-05-02 05:00:00,-0.07976977,0,0
2012-05-02 06:00:00,-0.17472799,0,0
2012-05-02 07:00:00,-0.2825723,0,0
2012-05-02 08:00:00,-0.40059534,0,0
2012-05-02 09:00:00,-0.50987905,0,0
2012-05-02 10:00:00,-0.60824794,0,0
2012-05-02 11:00:00,-0.6468649,0,0
2012-05-02 12:00:00,-0.7278069,0,0
2012-05-02 13:00:00,-0.83299214,0,0
2012-05-02 14:00:00,-0.881869,0,0
2012-05-02 15:00:00,-0.8364249,0,0
2012-05-02 16:00:00,-0.95325404,0,0
2012-05-02 17:00:00,-1.0031402,0,0
2012-05-02 18:00:00,-1.1710963,0,0
2012-05-02 19:00:00,-1.3279142,0,0
2012-05-02 20:00:00,-1.4715819,0,0
2012-05-02 21:00:00,-1.503882,0,0
2012-05-02 22:00:00,-1.6175405,0,0
2012-05-02 23:00:00,-1.777505,0,0
2012-05-03 00:00:00,-1.8128927,0,0
2012-05-03 01:00:00,-1.8068762,0,0
2012-05-03 02:00:00,-1.9168733,0,0
2012-05-03 03:00:00,-2.0076106,0,0
2012-05-03 04:00:00,-2.0147896,0,0
2012-05-03 05:00:00,-1.9553297,0,0
2012-05-03 06:00:00,-1.8949434,0,0
2012-05-03 07:00:00,-1.8523729,0,0
2012-05-03 08:00:00,-1.7378677,0,0
2012-05-03 09:00:00,-1.5352638,0,0
2012-05-03 10:00:00,-1.4194849,0,0
2012-05-03 11:00:00,-1.1599107,0,0
2012-05-03 12:00:00,-1.0981027,0,0
2012-05-03 13:00:00,-1.0060229,0,0
2012-05-03 14:00:00,-1.061006,0,0
2012-05-03 15:00:00,-1.122453,0,0
2012-05-03 16:00:00,-1.107813,0,0
2012-05-03 17:00:00,-1.1051575,0,0
2012-05-03 18:00:00,-1.1364294,0,0
2012-05-03 19:00:00,-1.2141787,0,0
2012-05-03 20:00:00,-1.2274588,0,0
2012-05-03 21:00:00,-1.2624888,0,0
2012-05-03 22:00:00,-1.2565088,0,0
2012-05-03 23:00:00,-1.2664697,0,0
2012-05-04 00:00:00,-1.2847762,0,0
2012-05-04 01:00:00,-1.2858733,0,0
2012-05-04 02:00:00,-1.3209033,0,0
2012-05-04 03:00:00,-1.3401635,0,0
2012-05-04 04:00:00,-1.3248842,0,0
2012-05-04 05:00:00,-1.2669327,0,0
2012-05-04 06:00:00,-1.2385912,0,0
2012-05-04 07:00:00,-1.2234828,0,0
2012-05-04 08:00:00,-1.2292918,0,0
2012-05-04 09:00:00,-1.0772097,0,0
2012-05-04 10:00:00,-0.99260783,0,0
2012-05-04 11:00:00,-0.934114,0,0
2012-05-04 12:00:00,-0.84045833,0,0
2012-05-04 13:00:00,-0.7564442,0,0
2012-05-04 14:00:00,-0.72602415,0,0
2012-05-04 15:00:00,-0.6750859,0,0
2012-05-04 16:00:00,-0.71189916,0,0
2012-05-04 17:00:00,-0.74093217,0,0
2012-05-04 18:00:00,-0.86799186,0,0
2012-05-04 19:00:00,-0.9670522,0,0
2012-05-04 20:00:00,-1.0157514,0,0
2012-05-04 21:00:00,-1.1011425,0,0
2012-05-04 22:00:00,-1.1943469,0,0
2012-05-04 23:00:00,-1.2713927,0,0
2012-05-05 00:00:00,-1.3318859,1,0
2012-05-05 01:00:00,-1.4199898,1,0
2012-05-05 02:00:00,-1.509533,1,0
2012-05-05 03:00:00,-1.5618241,1,0
2012-05-05 04:00:00,-1.5975624,1,0
2012-05-05 05:00:00,-1.5933415,1,0
2012-05-05 06:00:00,-1.6470718,1,0
2012-05-05 07:00:00,-1.7244321,1,0
2012-05-05 08:00:00,-1.6076994,1,0
2012-05-05 09:00:00,-1.3568196,1,0
2012-05-05 10:00:00,-1.0634611,1,0
2012-05-05 11:00:00,-0.8370162,1,0
2012-05-05 12:00:00,-0.70203626,1,0
2012-05-05 13:00:00,-0.6198675,1,0
2012-05-05 14:00:00,-0.6085936,1,0
2012-05-05 15:00:00,-0.6063544,1,0
2012-05-05 16:00:00,-0.6193996,1,0
2012-05-05 17:00:00,-0.6461241,1,0
2012-05-05 18:00:00,-0.7274154,1,0
2012-05-05 19:00:00,-0.83919084,1,0
2012-05-05 20:00:00,-0.9182081,1,0
2012-05-05 21:00:00,-1.0751455,1,0
2012-05-05 22:00:00,-1.1323661,1,0
2012-05-05 23:00:00,-1.2215154,1,0
2012-05-06 00:00:00,-1.2890857,1,0
2012-05-06 01:00:00,-1.3589747,1,0
2012-05-06 02:00:00,-1.4937216,1,0
2012-05-06 03:00:00,-1.5487201,1,0
2012-05-06 04:00:00,-1.6569583,1,0
2012-05-06 05:00:00,-1.6502008,1,0
2012-05-06 06:00:00,-1.6950208,1,0
2012-05-06 07:00:00,-1.6600925,1,0
2012-05-06 08:00:00,-1.6149857,1,0
2012-05-06 09:00:00,-1.2802628,1,0
2012-05-06 10:00:00,-1.0446621,1,0
2012-05-06 11:00:00,-0.8493996,1,0
2012-05-06 12:00:00,-0.79189384,1,0
2012-05-06 13:00:00,-0.75225556,1,0
2012-05-06 14:00:00,-0.76215625,1,0
2012-05-06 15:00:00,-0.75175136,1,0
2012-05-06 16:00:00,-0.7610111,1,0
2012-05-06 17:00:00,-0.8405435,1,0
2012-05-06 18:00:00,-0.8855936,1,0
2012-05-06 19:00:00,-1.0741246,1,0
2012-05-06 20:00:00,-1.2739984,1,0
2012-05-06 21:00:00,-1.3081592,1,0
2012-05-06 22:00:00,-1.4102467,1,0
2012-05-06 23:00:00,-1.5101069,1,0
2012-05-07 00:00:00,-1.7073182,0,0
2012-05-07 01:00:00,-1.7873063,0,0
2012-05-07 02:00:00,-1.8731831,0,0
2012-05-07 03:00:00,-1.8963497,0,0
2012-05-07 04:00:00,-1.851381,0,0
2012-05-07 05:00:00,-1.8498622,0,0
2012-05-07 06:00:00,-1.7849251,0,0
2012-05-07 07:00:00,-1.7250935,0,0
2012-05-07 08:00:00,-1.631533,0,0
2012-05-07 09:00:00,-1.4064567,0,0
2012-05-07 10:00:00,-1.1459185,0,0
2012-05-07 11:00:00,-1.0138273,0,0
2012-05-07 12:00:00,-0.86963785,0,0
2012-05-07 13:00:00,-0.7901299,0,0
2012-05-07 14:00:00,-0.7341724,0,0
2012-05-07 15:00:00,-0.6696932,0,0
2012-05-07 16:00:00,-0.7610146,0,0
2012-05-07 17:00:00,-0.67974955,0,0
2012-05-07 18:00:00,-0.824435,0,0
2012-05-07 19:00:00,-0.9313084,0,0
2012-05-07 20:00:00,-0.9920193,0,0
2012-05-07 21:00:00,-1.0238564,0,0
2012-05-07 22:00:00,-1.0834426,0,0
2012-05-07 23:00:00,-1.1021377,0,0
2012-05-08 00:00:00,-1.1338953,0,0
2012-05-08 01:00:00,-1.1366028,0,0
2012-05-08 02:00:00,-1.1625513,0,0
2012-05-08 03:00:00,-1.1774417,0,0
2012-05-08 04:00:00,-1.225923,0,0
2012-05-08 05:00:00,-1.245012,0,0
2012-05-08 06:00:00,-1.2831436,0,0
2012-05-08 07:00:00,-1.3345553,0,0
2012-05-08 08:00:00,-1.2943779,0,0
2012-05-08 09:00:00,-1.0167272,0,0
2012-05-08 10:00:00,-0.70176715,0,0
2012-05-08 11:00:00,-0.36762133,0,0
2012-05-08 12:00:00,-0.041677747,0,0
2012-05-08 13:00:00,0.21115436,0,0
2012-05-08 14:00:00,0.36819863,0,0
2012-05-08 15:00:00,0.44177642,0,0
2012-05-08 16:00:00,0.4050598,0,0
2012-05-08 17:00:00,0.23826139,0,0
2012-05-08 18:00:00,-0.012608217,0,0
2012-05-08 19:00:00,-0.14896731,0,0
2012-05-08 20:00:00,-0.23584446,0,0
2012-05-08 21:00:00,-0.298527,0,0
2012-05-08 22:00:00,-0.28324255,0,0
2012-05-08 23:00:00,-0.31849036,0,0
2012-05-09 00:00:00,-0.3481002,0,0
2012-05-09 01:00:00,-0.38788876,0,0
2012-05-09 02:00:00,-0.41422617,0,0
2012-05-09 03:00:00,-0.46541488,0,0
2012-05-09 04:00:00,-0.48794746,0,0
2012-05-09 05:00:00,-0.46848357,0,0
2012-05-09 06:00:00,-0.5148171,0,0
2012-05-09 07:00:00,-0.5758751,0,0
2012-05-09 08:00:00,-0.51883584,0,0
2012-05-09 09:00:00,-0.29809123,0,0
2012-05-09 10:00:00,-0.02571211,0,0
2012-05-09 11:00:00,0.25200087,0,0
2012-05-09 12:00:00,0.49041098,0,0
2012-05-09 13:00:00,0.6580228,0,0
2012-05-09 14:00:00,0.74382496,0,0
2012-05-09 15:00:00,0.79581875,0,0
2012-05-09 16:00:00,0.7845652,0,0
2012-05-09 17:00:00,0.6886512,0,0
2012-05-09 18:00:00,0.52763766,0,0
2012-05-09 19:00:00,0.45527774,0,0
2012-05-09 20:00:00,0.25043622,0,0
2012-05-09 21:00:00,0.08930012,0,0
2012-05-09 22:00:00,-0.05379732,0,0
2012-05-09 23:00:00,-0.20365743,0,0
2012-05-10 00:00:00,-0.35784048,0,0
2012-05-10 01:00:00,-0.551641,0,0
2012-05-10 02:00:00,-0.74212253,0,0
2012-05-10 03:00:00,-0.8655708,0,0
2012-05-10 04:00:00,-0.97429985,0,0
2012-05-10 05:00:00,-1.0414537,0,0
2012-05-10 06:00:00,-1.1516219,0,0
2012-05-10 07:00:00,-1.2752416,0,0
2012-05-10 08:00:00,-1.242979,0,0
2012-05-10 09:00:00,-0.65210336,0,0
2012-05-10 10:00:00,-0.23472594,0,0
2012-05-10 11:00:00,-0.14812489,0,0
2012-05-10 12:00:00,-0.09862735,0,0
2012-05-10 13:00:00,-0.04006568,0,0
2012-05-10 14:00:00,0.048710216,0,0
2012-05-10 15:00:00,0.039669793,0,0
2012-05-10 16:00:00,0.0018314715,0,0
2012-05-10 17:00:00,0.0035745085,0,0
2012-05-10 18:00:00,-0.30884224,0,0
2012-05-10 19:00:00,-0.63584685,0,0
2012-05-10 20:00:00,-0.9448715,0,0
2012-05-10 21:00:00,-1.1359043,0,0
2012-05-10 22:00:00,-1.2774501,0,0
2012-05-10 23:00:00,-1.372472,0,0
2012-05-11 00:00:00,-1.4143342,0,0
2012-05-11 01:00:00,-1.4162364,0,0
2012-05-11 02:00:00,-1.3830618,0,0
2012-05-11 03:00:00,-1.3495729,0,0
2012-05-11 04:00:00,-1.3255595,0,0
2012-05-11 05:00:00,-1.350022,0,0
2012-05-11 06:00:00,-1.2925938,0,0
2012-05-11 07:00:00,-1.2093933,0,0
2012-05-11 08:00:00,-1.013248,0,0
2012-05-11 09:00:00,-0.8174067,0,0
2012-05-11 10:00:00,-0.6656162,0,0
2012-05-11 11:00:00,-0.5206162,0,0
2012-05-11 12:00:00,-0.47131753,0,0
2012-05-11 13:00:00,-0.41769576,0,0
2012-05-11 14:00:00,-0.43645504,0,0
2012-05-11 15:00:00,-0.48177972,0,0
2012-05-11 16:00:00,-0.5668118,0,0
2012-05-11 17:00:00,-0.7403038,0,0
2012-05-11 18:00:00,-0.9459007,0,0
2012-05-11 19:00:00,-1.0775063,0,0
2012-05-11 20:00:00,-1.1865326,0,0
2012-05-11 21:00:00,-1.315384,0,0
2012-05-11 22:00:00,-1.4003916,0,0
2012-05-11 23:00:00,-1.4495864,0,0
2012-05-12 00:00:00,-1.5200456,1,0
2012-05-12 01:00:00,-1.5750495,1,0
2012-05-12 02:00:00,-1.6051551,1,0
2012-05-12 03:00:00,-1.6692405,1,0
2012-05-12 04:00:00,-1.716773,1,0
2012-05-12 05:00:00,-1.7875414,1,0
2012-05-12 06:00:00,-1.8345091,1,0
2012-05-12 07:00:00,-1.9104301,1,0
2012-05-12 08:00:00,-1.8879992,1,0
2012-05-12 09:00:00,-1.6440307,1,0
2012-05-12 10:00:00,-1.4395708,1,0
2012-05-12 11:00:00,-1.3254212,1,0
2012-05-12 12:00:00,-1.2333707,1,0
2012-05-12 13:00:00,-1.2586472,1,0
2012-05-12 14:00:00,-1.2173177,1,0
2012-05-12 15:00:00,-1.2178379,1,0
2012-05-12 16:00:00,-1.2248703,1,0
2012-05-12 17:00:00,-1.2343115,1,0
2012-05-12 18:00:00,-1.3121921,1,0
2012-05-12 19:00:00,-1.3522086,1,0
2012-05-12 20:00:00,-1.3833148,1,0
2012-05-12 21:00:00,-1.3720961,1,0
2012-05-12 22:00:00,-1.3712271,1,0
2012-05-12 23:00:00,-1.3645489,1,0
2012-05-13 00:00:00,-1.2888196,1,0
2012-05-13 01:00:00,-1.2455928,1,0
2012-05-13 02:00:00,-1.2096469,1,0
2012-05-13 03:00:00,-1.2485143,1,0
2012-05-13 04:00:00,-1.2713665,1,0
2012-05-13 05:00:00,-1.2811564,1,0
2012-05-13 06:00:00,-1.3116459,1,0
2012-05-13 07:00:00,-1.4225916,1,0
2012-05-13 08:00:00,-1.3590075,1,0
2012-05-13 09:00:00,-1.2597815,1,0
2012-05-13 10:00:00,-1.1519817,1,0
2012-05-13 11:00:00,-0.9349898,1,0
2012-05-13 12:00:00,-0.88256717,1,0
2012-05-13 13:00:00,-0.8837733,1,0
2012-05-13 14:00:00,-0.944593,1,0
2012-05-13 15:00:00,-1.0950494,1,0
2012-05-13 16:00:00,-1.1739701,1,0
2012-05-13 17:00:00,-1.2774191,1,0
2012-05-13 18:00:00,-1.37998,1,0
2012-05-13 19:00:00,-1.5263586,1,0
2012-05-13 20:00:00,-1.6365684,1,0
2012-05-13 21:00:00,-1.7017456,1,0
2012-05-13 22:00:00,-1.7447791,1,0
2012-05-13 23:00:00,-1.7468473,1,0
2012-05-14 00:00:00,-1.8179994,0,0
2012-05-14 01:00:00,-1.8401105,0,0
2012-05-14 02:00:00,-1.8244371,0,0
2012-05-14 03:00:00,-1.7815523,0,0
2012-05-14 04:00:00,-1.7390562,0,0
2012-05-14 05:00:00,-1.6193866,0,0
2012-05-14 06:00:00,-1.544744,0,0
2012-05-14 07:00:00,-1.4732031,0,0
2012-05-14 08:00:00,-1.345715,0,0
2012-05-14 09:00:00,-1.1102563,0,0
2012-05-14 10:00:00,-0.9100157,0,0
2012-05-14 11:00:00,-0.7033769,0,0
2012-05-14 12:00:00,-0.48239228,0,0
2012-05-14 13:00:00,-0.5018064,0,0
2012-05-14 14:00:00,-0.44065163,0,0
2012-05-14 15:00:00,-0.47273406,0,0
2012-05-14 16:00:00,-0.53811723,0,0
2012-05-14 17:00:00,-0.6010366,0,0
2012-05-14 18:00:00,-0.7128448,0,0
2012-05-14 19:00:00,-0.7737786,0,0
2012-05-14 20:00:00,-0.7506861,0,0
2012-05-14 21:00:00,-0.85110605,0,0
2012-05-14 22:00:00,-0.9461058,0,0
2012-05-14 23:00:00,-1.0042007,0,0
2012-05-15 00:00:00,-1.0978906,0,0
2012-05-15 01:00:00,-1.1571155,0,0
2012-05-15 02:00:00,-1.2414095,0,0
2012-05-15 03:00:00,-1.3574611,0,0
2012-05-15 04:00:00,-1.3457688,0,0
2012-05-15 05:00:00,-1.1844445,0,0
2012-05-15 06:00:00,-1.130816,0,0
2012-05-15 07:00:00,-1.0883199,0,0
2012-05-15 08:00:00,-1.0230734,0,0
2012-05-15 09:00:00,-0.8361373,0,0
2012-05-15 10:00:00,-0.6869337,0,0
2012-05-15 11:00:00,-0.49901444,0,0
2012-05-15 12:00:00,-0.30091128,0,0
2012-05-15 13:00:00,-0.27808145,0,0
2012-05-15 14:00:00,-0.18944019,0,0
2012-05-15 15:00:00,-0.19443892,0,0
2012-05-15 16:00:00,-0.31485698,0,0
2012-05-15 17:00:00,-0.33807248,0,0
2012-05-15 18:00:00,-0.4835182,0,0
2012-05-15 19:00:00,-0.60550505,0,0
2012-05-15 20:00:00,-0.6822088,0,0
2012-05-15 21:00:00,-0.8150309,0,0
2012-05-15 22:00:00,-0.9650619,0,0
2012-05-15 23:00:00,-1.1074508,0,0
2012-05-16 00:00:00,-1.2801582,0,0
2012-05-16 01:00:00,-1.3540281,0,0
2012-05-16 02:00:00,-1.4075874,0,0
2012-05-16 03:00:00,-1.5168762,0,0
2012-05-16 04:00:00,-1.5816647,0,0
2012-05-16 05:00:00,-1.541123,0,0
2012-05-16 06:00:00,-1.4704338,0,0
2012-05-16 07:00:00,-1.559925,0,0
2012-05-16 08:00:00,-1.4857213,0,0
2012-05-16 09:00:00,-1.0547304,0,0
2012-05-16 10:00:00,-0.7580006,0,0
2012-05-16 11:00:00,-0.63949376,0,0
2012-05-16 12:00:00,-0.5330607,0,0
2012-05-16 13:00:00,-0.45681494,0,0
2012-05-16 14:00:00,-0.43019965,0,0
2012-05-16 15:00:00,-0.4346905,0,0
2012-05-16 16:00:00,-0.43416017,0,0
2012-05-16 17:00:00,-0.534615,0,0
2012-05-16 18:00:00,-0.73972625,0,0
2012-05-16 19:00:00,-0.88788456,0,0
2012-05-16 20:00:00,-1.0715861,0,0
2012-05-16 21:00:00,-1.3754997,0,0
2012-05-16 22:00:00,-1.6148982,0,0
2012-05-16 23:00:00,-1.8066478,0,0
2012-05-17 00:00:00,-1.9257264,0,0
2012-05-17 01:00:00,-1.9859742,0,0
2012-05-17 02:00:00,-2.0779796,0,0
2012-05-17 03:00:00,-2.165444,0,0
2012-05-17 04:00:00,-2.2565699,0,0
2012-05-17 05:00:00,-2.1569326,0,0
2012-05-17 06:00:00,-2.239319,0,0
2012-05-17 07:00:00,-2.3511443,0,0
2012-05-17 08:00:00,-2.3359618,0,0
2012-05-17 09:00:00,-1.8144462,0,0
2012-05-17 10:00:00,-1.1912718,0,0
2012-05-17 11:00:00,-0.87463415,0,0
2012-05-17 12:00:00,-0.68768764,0,0
2012-05-17 13:00:00,-0.5456477,0,0
2012-05-17 14:00:00,-0.447823,0,0
2012-05-17 15:00:00,-0.41495985,0,0
2012-05-17 16:00:00,-0.38534015,0,0
2012-05-17 17:00:00,-0.60890657,0,0
2012-05-17 18:00:00,-0.93975747,0,0
2012-05-17 19:00:00,-1.1473534,0,0
2012-05-17 20:00:00,-1.307786,0,0
2012-05-17 21:00:00,-1.413317,0,0
2012-05-17 22:00:00,-1.4850861,0,0
2012-05-17 23:00:00,-1.5522676,0,0
2012-05-18 00:00:00,-1.6381495,0,0
2012-05-18 01:00:00,-1.6860707,0,0
2012-05-18 02:00:00,-1.7236426,0,0
2012-05-18 03:00:00,-1.771564,0,0
2012-05-18 04:00:00,-1.8159949,0,0
2012-05-18 05:00:00,-1.7877969,0,0
2012-05-18 06:00:00,-1.8327876,0,0
2012-05-18 07:00:00,-1.8686973,0,0
2012-05-18 08:00:00,-1.8410174,0,0
2012-05-18 09:00:00,-1.6527334,0,0
2012-05-18 10:00:00,-1.3779612,0,0
2012-05-18 11:00:00,-1.0911719,0,0
2012-05-18 12:00:00,-0.8487861,0,0
2012-05-18 13:00:00,-0.6126034,0,0
2012-05-18 14:00:00,-0.44625986,0,0
2012-05-18 15:00:00,-0.37714848,0,0
2012-05-18 16:00:00,-0.41076362,0,0
2012-05-18 17:00:00,-0.5671657,0,0
2012-05-18 18:00:00,-0.791309,0,0
2012-05-18 19:00:00,-0.89385945,0,0
2012-05-18 20:00:00,-0.98689294,0,0
2012-05-18 21:00:00,-1.0834166,0,0
2012-05-18 22:00:00,-1.1515521,0,0
2012-05-18 23:00:00,-1.2087728,0,0
2012-05-19 00:00:00,-1.2794443,1,0
2012-05-19 01:00:00,-1.3319066,1,0
2012-05-19 02:00:00,-1.4178629,1,0
2012-05-19 03:00:00,-1.5003288,1,0
2012-05-19 04:00:00,-1.5353642,1,0
2012-05-19 05:00:00,-1.5478666,1,0
2012-05-19 06:00:00,-1.4682947,1,0
2012-05-19 07:00:00,-1.4879072,1,0
2012-05-19 08:00:00,-1.3594705,1,0
2012-05-19 09:00:00,-1.0871534,1,0
2012-05-19 10:00:00,-0.90620273,1,0
2012-05-19 11:00:00,-0.78953934,1,0
2012-05-19 12:00:00,-0.76599056,1,0
2012-05-19 13:00:00,-0.78417754,1,0
2012-05-19 14:00:00,-0.75335115,1,0
2012-05-19 15:00:00,-0.8621337,1,0
2012-05-19 16:00:00,-1.0302402,1,0
2012-05-19 17:00:00,-1.111801,1,0
2012-05-19 18:00:00,-1.2954249,1,0
2012-05-19 19:00:00,-1.4037153,1,0
2012-05-19 20:00:00,-1.4766142,1,0
2012-05-19 21:00:00,-1.5884328,1,0
2012-05-19 22:00:00,-1.6175177,1,0
2012-05-19 23:00:00,-1.7179724,1,0
2012-05-20 00:00:00,-1.9173778,1,0
2012-05-20 01:00:00,-2.1454618,1,0
2012-05-20 02:00:00,-2.2301996,1,0
2012-05-20 03:00:00,-2.2155821,1,0
2012-05-20 04:00:00,-2.3328276,1,0
2012-05-20 05:00:00,-2.347478,1,0
2012-05-20 06:00:00,-2.3869743,1,0
2012-05-20 07:00:00,-2.537149,1,0
2012-05-20 08:00:00,-2.514889,1,0
2012-05-20 09:00:00,-1.9975203,1,0
2012-05-20 10:00:00,-1.6269375,1,0
2012-05-20 11:00:00,-1.276386,1,0
2012-05-20 12:00:00,-1.0325366,1,0
2012-05-20 13:00:00,-0.9502538,1,0
2012-05-20 14:00:00,-0.93022484,1,0
2012-05-20 15:00:00,-0.9363677,1,0
2012-05-20 16:00:00,-0.9960353,1,0
2012-05-20 17:00:00,-1.0491959,1,0
2012-05-20 18:00:00,-1.2102529,1,0
2012-05-20 19:00:00,-1.4591528,1,0
2012-05-20 20:00:00,-1.7271483,1,0
2012-05-20 21:00:00,-2.035589,1,0
2012-05-20 22:00:00,-2.2696962,1,0
2012-05-20 23:00:00,-2.4643762,1,0
2012-05-21 00:00:00,-2.604863,0,0
2012-05-21 01:00:00,-2.7059498,0,0
2012-05-21 02:00:00,-2.792146,0,0
2012-05-21 03:00:00,-2.8474643,0,0
2012-05-21 04:00:00,-2.8791525,0,0
2012-05-21 05:00:00,-2.9907598,0,0
2012-05-21 06:00:00,-3.0089972,0,0
2012-05-21 07:00:00,-2.9878345,0,0
2012-05-21 08:00:00,-2.8691032,0,0
2012-05-21 09:00:00,-2.4433286,0,0
2012-05-21 10:00:00,-1.9135762,0,0
2012-05-21 11:00:00,-1.5562291,0,0
2012-05-21 12:00:00,-1.3500793,0,0
2012-05-21 13:00:00,-1.2332519,0,0
2012-05-21 14:00:00,-1.1889764,0,0
2012-05-21 15:00:00,-1.1862086,0,0
2012-05-21 16:00:00,-1.2071606,0,0
2012-05-21 17:00:00,-1.3796297,0,0
2012-05-21 18:00:00,-1.647057,0,0
2012-05-21 19:00:00,-1.8395395,0,0
2012-05-21 20:00:00,-1.9618409,0,0
2012-05-21 21:00:00,-2.0457928,0,0
2012-05-21 22:00:00,-2.0734036,0,0
2012-05-21 23:00:00,-2.1100957,0,0
2012-05-22 00:00:00,-2.1287963,0,0
2012-05-22 01:00:00,-2.1518195,0,0
2012-05-22 02:00:00,-2.178162,0,0
2012-05-22 03:00:00,-2.1688628,0,0
2012-05-22 04:00:00,-2.131393,0,0
2012-05-22 05:00:00,-2.1179419,0,0
2012-05-22 06:00:00,-2.1041017,0,0
2012-05-22 07:00:00,-2.0935342,0,0
2012-05-22 08:00:00,-2.0717378,0,0
2012-05-22 09:00:00,-1.9447298,0,0
2012-05-22 10:00:00,-1.7181762,0,0
2012-05-22 11:00:00,-1.4672517,0,0
2012-05-22 12:00:00,-1.2423501,0,0
2012-05-22 13:00:00,-1.0168833,0,0
2012-05-22 14:00:00,-0.8429026,0,0
2012-05-22 15:00:00,-0.71745,0,0
2012-05-22 16:00:00,-0.77495766,0,0
2012-05-22 17:00:00,-0.82304174,0,0
2012-05-22 18:00:00,-0.943014,0,0
2012-05-22 19:00:00,-1.0362601,0,0
2012-05-22 20:00:00,-1.0695779,0,0
2012-05-22 21:00:00,-1.0828531,0,0
2012-05-22 22:00:00,-1.145169,0,0
2012-05-22 23:00:00,-1.199848,0,0
2012-05-23 00:00:00,-1.2658306,0,0
2012-05-23 01:00:00,-1.3272774,0,0
2012-05-23 02:00:00,-1.3823506,0,0
2012-05-23 03:00:00,-1.4014397,0,0
2012-05-23 04:00:00,-1.4206998,0,0
2012-05-23 05:00:00,-1.5349128,0,0
2012-05-23 06:00:00,-1.578368,0,0
2012-05-23 07:00:00,-1.6196009,0,0
2012-05-23 08:00:00,-1.6299558,0,0
2012-05-23 09:00:00,-1.4749483,0,0
2012-05-23 10:00:00,-1.2908391,0,0
2012-05-23 11:00:00,-1.0220414,0,0
2012-05-23 12:00:00,-0.79071397,0,0
2012-05-23 13:00:00,-0.583799,0,0
2012-05-23 14:00:00,-0.4210892,0,0
2012-05-23 15:00:00,-0.3514126,0,0
2012-05-23 16:00:00,-0.46212733,0,0
2012-05-23 17:00:00,-0.69584113,0,0
2012-05-23 18:00:00,-0.9351514,0,0
2012-05-23 19:00:00,-1.0358686,0,0
2012-05-23 20:00:00,-1.0706362,0,0
2012-05-23 21:00:00,-1.0939568,0,0
2012-05-23 22:00:00,-1.1378058,0,0
2012-05-23 23:00:00,-1.1866809,0,0
2012-05-24 00:00:00,-1.2216195,0,0
2012-05-24 01:00:00,-1.2756004,0,0
2012-05-24 02:00:00,-1.3658797,0,0
2012-05-24 03:00:00,-1.4745448,0,0
2012-05-24 04:00:00,-1.5683193,0,0
2012-05-24 05:00:00,-1.6610159,0,0
2012-05-24 06:00:00,-1.748199,0,0
2012-05-24 07:00:00,-1.8519346,0,0
2012-05-24 08:00:00,-1.8967977,0,0
2012-05-24 09:00:00,-1.4942919,0,0
2012-05-24 10:00:00,-1.050392,0,0
2012-05-24 11:00:00,-0.6938187,0,0
2012-05-24 12:00:00,-0.5018321,0,0
2012-05-24 13:00:00,-0.43306795,0,0
2012-05-24 14:00:00,-0.41314086,0,0
2012-05-24 15:00:00,-0.445716,0,0
2012-05-24 16:00:00,-0.4669928,0,0
2012-05-24 17:00:00,-0.54125893,0,0
2012-05-24 18:00:00,-0.6611083,0,0
2012-05-24 19:00:00,-0.7454544,0,0
2012-05-24 20:00:00,-0.79542667,0,0
2012-05-24 21:00:00,-0.8816974,0,0
2012-05-24 22:00:00,-0.9577896,0,0
2012-05-24 23:00:00,-1.0204302,0,0
2012-05-25 00:00:00,-1.0534612,0,0
2012-05-25 01:00:00,-1.0230737,0,0
2012-05-25 02:00:00,-0.97835565,0,0
2012-05-25 03:00:00,-0.96905637,0,0
2012-05-25 04:00:00,-1.0120431,0,0
2012-05-25 05:00:00,-1.3062289,0,0
2012-05-25 06:00:00,-1.3608856,0,0
2012-05-25 07:00:00,-1.3771927,0,0
2012-05-25 08:00:00,-1.4141994,0,0
2012-05-25 09:00:00,-1.4221561,0,0
2012-05-25 10:00:00,-1.5290418,0,0
2012-05-25 11:00:00,-1.4865507,0,0
2012-05-25 12:00:00,-1.4103945,0,0
2012-05-25 13:00:00,-1.3070217,0,0
2012-05-25 14:00:00,-1.3478608,0,0
2012-05-25 15:00:00,-1.4317281,0,0
2012-05-25 16:00:00,-1.5201688,0,0
2012-05-25 17:00:00,-1.6135116,0,0
2012-05-25 18:00:00,-1.7669533,0,0
2012-05-25 19:00:00,-1.9229318,0,0
2012-05-25 20:00:00,-1.9546617,0,0
2012-05-25 21:00:00,-2.0050867,0,0
2012-05-25 22:00:00,-1.9719541,0,0
2012-05-25 23:00:00,-1.9364556,0,0
2012-05-26 00:00:00,-1.9053599,1,0
2012-05-26 01:00:00,-1.8739545,1,0
2012-05-26 02:00:00,-1.79822,1,0
2012-05-26 03:00:00,-1.7588255,1,0
2012-05-26 04:00:00,-1.766644,1,0
2012-05-26 05:00:00,-1.7098224,1,0
2012-05-26 06:00:00,-1.6578561,1,0
2012-05-26 07:00:00,-1.6387721,1,0
2012-05-26 08:00:00,-1.5595889,1,0
2012-05-26 09:00:00,-1.4091691,1,0
2012-05-26 10:00:00,-1.2274251,1,0
2012-05-26 11:00:00,-1.0931067,1,0
2012-05-26 12:00:00,-0.98607945,1,0
2012-05-26 13:00:00,-0.87397426,1,0
2012-05-26 14:00:00,-0.8033767,1,0
2012-05-26 15:00:00,-0.75099415,1,0
2012-05-26 16:00:00,-0.87339747,1,0
2012-05-26 17:00:00,-0.9213536,1,0
2012-05-26 18:00:00,-1.0141193,1,0
2012-05-26 19:00:00,-1.0385373,1,0
2012-05-26 20:00:00,-1.1035383,1,0
2012-05-26 21:00:00,-1.1985381,1,0
2012-05-26 22:00:00,-1.2976897,1,0
2012-05-26 23:00:00,-1.3607193,1,0
2012-05-27 00:00:00,-1.3975828,1,0
2012-05-27 01:00:00,-1.4195555,1,0
2012-05-27 02:00:00,-1.4307847,1,0
2012-05-27 03:00:00,-1.4567331,1,0
2012-05-27 04:00:00,-1.4574414,1,0
2012-05-27 05:00:00,-1.4205886,1,0
2012-05-27 06:00:00,-1.4438298,1,0
2012-05-27 07:00:00,-1.4641403,1,0
2012-05-27 08:00:00,-1.5151582,1,0
2012-05-27 09:00:00,-1.3556099,1,0
2012-05-27 10:00:00,-1.0949401,1,0
2012-05-27 11:00:00,-0.98115015,1,0
2012-05-27 12:00:00,-0.9265748,1,0
2012-05-27 13:00:00,-0.950583,1,0
2012-05-27 14:00:00,-0.95572525,1,0
2012-05-27 15:00:00,-0.9755919,1,0
2012-05-27 16:00:00,-0.9972919,1,0
2012-05-27 17:00:00,-0.970744,1,0
2012-05-27 18:00:00,-1.0952673,1,0
2012-05-27 19:00:00,-1.2212352,1,0
2012-05-27 20:00:00,-1.2568768,1,0
2012-05-27 21:00:00,-1.3039188,1,0
2012-05-27 22:00:00,-1.3967346,1,0
2012-05-27 23:00:00,-1.4245162,1,0
2012-05-28 00:00:00,-1.4401151,0,0
2012-05-28 01:00:00,-1.4706045,0,0
2012-05-28 02:00:00,-1.484764,0,0
2012-05-28 03:00:00,-1.5032465,0,0
2012-05-28 04:00:00,-1.5384996,0,0
2012-05-28 05:00:00,-1.55664,0,0
2012-05-28 06:00:00,-1.5960397,0,0
2012-05-28 07:00:00,-1.6899527,0,0
2012-05-28 08:00:00,-1.6761128,0,0
2012-05-28 09:00:00,-1.4122326,0,0
2012-05-28 10:00:00,-1.1525167,0,0
2012-05-28 11:00:00,-0.88860214,0,0
2012-05-28 12:00:00,-0.7313796,0,0
2012-05-28 13:00:00,-0.7364302,0,0
2012-05-28 14:00:00,-0.7002925,0,0
2012-05-28 15:00:00,-0.7195029,0,0
2012-05-28 16:00:00,-0.73928326,0,0
2012-05-28 17:00:00,-0.8164554,0,0
2012-05-28 18:00:00,-0.8090294,0,0
2012-05-28 19:00:00,-0.9958327,0,0
2012-05-28 20:00:00,-1.1411848,0,0
2012-05-28 21:00:00,-1.2009228,0,0
2012-05-28 22:00:00,-1.1946783,0,0
2012-05-28 23:00:00,-1.2340779,0,0
2012-05-29 00:00:00,-1.2349575,0,0
2012-05-29 01:00:00,-1.3025278,0,0
2012-05-29 02:00:00,-1.3593596,0,0
2012-05-29 03:00:00,-1.3857021,0,0
2012-05-29 04:00:00,-1.3745749,0,0
2012-05-29 05:00:00,-1.464284,0,0
2012-05-29 06:00:00,-1.4884044,0,0
2012-05-29 07:00:00,-1.5321738,0,0
2012-05-29 08:00:00,-1.5917132,0,0
2012-05-29 09:00:00,-1.3474821,0,0
2012-05-29 10:00:00,-1.0251702,0,0
2012-05-29 11:00:00,-0.820128,0,0
2012-05-29 12:00:00,-0.65455484,0,0
2012-05-29 13:00:00,-0.6184121,0,0
2012-05-29 14:00:00,-0.6067389,0,0
2012-05-29 15:00:00,-0.6155995,0,0
2012-05-29 16:00:00,-0.6185649,0,0
2012-05-29 17:00:00,-0.72133833,0,0
2012-05-29 18:00:00,-0.73825055,0,0
2012-05-29 19:00:00,-1.0190028,0,0
2012-05-29 20:00:00,-1.2059441,0,0
2012-05-29 21:00:00,-1.392885,0,0
2012-05-29 22:00:00,-1.6250074,0,0
2012-05-29 23:00:00,-1.7474054,0,0
2012-05-30 00:00:00,-1.7498535,0,0
2012-05-30 01:00:00,-1.8976626,0,0
2012-05-30 02:00:00,-1.9573506,0,0
2012-05-30 03:00:00,-1.823585,0,0
2012-05-30 04:00:00,-1.5955231,0,0
2012-05-30 05:00:00,-1.6679486,0,0
2012-05-30 06:00:00,-1.6900924,0,0
2012-05-30 07:00:00,-1.8871604,0,0
2012-05-30 08:00:00,-1.8907526,0,0
2012-05-30 09:00:00,-1.3904152,0,0
2012-05-30 10:00:00,-0.78743565,0,0
2012-05-30 11:00:00,-0.533603,0,0
2012-05-30 12:00:00,-0.47120747,0,0
2012-05-30 13:00:00,-0.36763778,0,0
2012-05-30 14:00:00,-0.31834632,0,0
2012-05-30 15:00:00,-0.3261098,0,0
2012-05-30 16:00:00,-0.33522597,0,0
2012-05-30 17:00:00,-0.52464855,0,0
2012-05-30 18:00:00,-0.73932165,0,0
2012-05-30 19:00:00,-0.95338297,0,0
2012-05-30 20:00:00,-1.1577511,0,0
2012-05-30 21:00:00,-1.3397577,0,0
2012-05-30 22:00:00,-1.5264758,0,0
2012-05-30 23:00:00,-1.7536911,0,0
2012-05-31 00:00:00,-1.692526,0,0
2012-05-31 01:00:00,-1.6880442,0,0
2012-05-31 02:00:00,-1.9196825,0,0
2012-05-31 03:00:00,-2.261107,0,0
2012-05-31 04:00:00,-2.245169,0,0
2012-05-31 05:00:00,-2.4296134,0,0
2012-05-31 06:00:00,-2.422244,0,0
2012-05-31 07:00:00,-2.474312,0,0
2012-05-31 08:00:00,-2.474803,0,0
2012-05-31 09:00:00,-2.3010259,0,0
2012-05-31 10:00:00,-2.0086606,0,0
2012-05-31 11:00:00,-1.6081957,0,0
2012-05-31 12:00:00,-1.1488425,0,0
2012-05-31 13:00:00,-0.8181542,0,0
2012-05-31 14:00:00,-0.62289876,0,0
2012-05-31 15:00:00,-0.55033857,0,0
2012-05-31 16:00:00,-0.5474898,0,0
2012-05-31 17:00:00,-0.72962457,0,0
2012-05-31 18:00:00,-1.1307809,0,0
2012-05-31 19:00:00,-1.4932909,0,0
2012-05-31 20:00:00,-1.7485332,0,0
2012-05-31 21:00:00,-1.9230736,0,0
2012-05-31 22:00:00,-2.0558212,0,0
2012-05-31 23:00:00,-2.13987,0,0
2012-06-01 00:00:00,-2.1752195,0,0
2012-06-01 01:00:00,-2.2096899,0,0
2012-06-01 02:00:00,-2.2392304,0,0
2012-06-01 03:00:00,-2.2998204,0,0
2012-06-01 04:00:00,-2.3831606,0,0
2012-06-01 05:00:00,-2.567828,0,0
2012-06-01 06:00:00,-2.6520474,0,0
2012-06-01 07:00:00,-2.6861289,0,0
2012-06-01 08:00:00,-2.6918685,0,0
2012-06-01 09:00:00,-2.3486345,0,0
2012-06-01 10:00:00,-1.6325165,0,0
2012-06-01 11:00:00,-1.1073794,0,0
2012-06-01 12:00:00,-0.80500335,0,0
2012-06-01 13:00:00,-0.6578056,0,0
2012-06-01 14:00:00,-0.58377683,0,0
2012-06-01 15:00:00,-0.57781607,0,0
2012-06-01 16:00:00,-0.60375476,0,0
2012-06-01 17:00:00,-0.78284,0,0
2012-06-01 18:00:00,-1.0563372,0,0
2012-06-01 19:00:00,-1.3640546,0,0
2012-06-01 20:00:00,-1.6473207,0,0
2012-06-01 21:00:00,-1.9637127,0,0
2012-06-01 22:00:00,-2.2477355,0,0
2012-06-01 23:00:00,-2.492849,0,0
2012-06-02 00:00:00,-2.684381,1,0
2012-06-02 01:00:00,-2.8330696,1,0
2012-06-02 02:00:00,-2.9473896,1,0
2012-06-02 03:00:00,-2.9281847,1,0
2012-06-02 04:00:00,-3.027832,1,0
2012-06-02 05:00:00,-3.1614072,1,0
2012-06-02 06:00:00,-3.156968,1,0
2012-06-02 07:00:00,-3.2226362,1,0
2012-06-02 08:00:00,-3.2014737,1,0
2012-06-02 09:00:00,-2.576105,1,0
2012-06-02 10:00:00,-1.8063482,1,0
2012-06-02 11:00:00,-1.4050657,1,0
2012-06-02 12:00:00,-1.1401179,1,0
2012-06-02 13:00:00,-0.9947191,1,0
2012-06-02 14:00:00,-0.9244138,1,0
2012-06-02 15:00:00,-0.91718996,1,0
2012-06-02 16:00:00,-0.94561327,1,0
2012-06-02 17:00:00,-1.0510026,1,0
2012-06-02 18:00:00,-1.2439586,1,0
2012-06-02 19:00:00,-1.3595715,1,0
2012-06-02 20:00:00,-1.3460339,1,0
2012-06-02 21:00:00,-1.3383917,1,0
2012-06-02 22:00:00,-1.3403959,1,0
2012-06-02 23:00:00,-1.3583878,1,0
2012-06-03 00:00:00,-1.4388393,1,0
2012-06-03 01:00:00,-1.5027759,1,0
2012-06-03 02:00:00,-1.5084139,1,0
2012-06-03 03:00:00,-1.5716145,1,0
2012-06-03 04:00:00,-1.6010534,1,0
2012-06-03 05:00:00,-1.621193,1,0
2012-06-03 06:00:00,-1.656052,1,0
2012-06-03 07:00:00,-1.7250617,1,0
2012-06-03 08:00:00,-1.7897015,1,0
2012-06-03 09:00:00,-1.7262311,1,0
2012-06-03 10:00:00,-1.6561638,1,0
2012-06-03 11:00:00,-1.6431879,1,0
2012-06-03 12:00:00,-1.4945111,1,0
2012-06-03 13:00:00,-1.3854798,1,0
2012-06-03 14:00:00,-1.3075546,1,0
2012-06-03 15:00:00,-1.2137212,1,0
2012-06-03 16:00:00,-1.2097007,1,0
2012-06-03 17:00:00,-1.329388,1,0
2012-06-03 18:00:00,-1.3529316,1,0
2012-06-03 19:00:00,-1.3818903,1,0
2012-06-03 20:00:00,-1.3862649,1,0
2012-06-03 21:00:00,-1.4059191,1,0
2012-06-03 22:00:00,-1.4251844,1,0
2012-06-03 23:00:00,-1.4355392,1,0
2012-06-04 00:00:00,-1.3997318,0,0
2012-06-04 01:00:00,-1.3746625,0,0
2012-06-04 02:00:00,-1.305264,0,0
2012-06-04 03:00:00,-1.2436789,0,0
2012-06-04 04:00:00,-1.1657641,0,0
2012-06-04 05:00:00,-1.0716906,0,0
2012-06-04 06:00:00,-1.008837,0,0
2012-06-04 07:00:00,-0.9828886,0,0
2012-06-04 08:00:00,-0.9934092,0,0
2012-06-04 09:00:00,-0.9554487,0,0
2012-06-04 10:00:00,-0.86625284,0,0
2012-06-04 11:00:00,-0.7667071,0,0
2012-06-04 12:00:00,-0.7378281,0,0
2012-06-04 13:00:00,-0.6579313,0,0
2012-06-04 14:00:00,-0.6672306,0,0
2012-06-04 15:00:00,-0.6867086,0,0
2012-06-04 16:00:00,-0.70654774,0,0
2012-06-04 17:00:00,-0.7414483,0,0
2012-06-04 18:00:00,-0.8224647,0,0
2012-06-04 19:00:00,-0.9169322,0,0
2012-06-04 20:00:00,-0.9921396,0,0
2012-06-04 21:00:00,-1.0686152,0,0
2012-06-04 22:00:00,-1.167938,0,0
2012-06-04 23:00:00,-1.2807119,0,0
2012-06-05 00:00:00,-1.3520869,0,0
2012-06-05 01:00:00,-1.4036368,0,0
2012-06-05 02:00:00,-1.3830808,0,0
2012-06-05 03:00:00,-1.3663572,0,0
2012-06-05 04:00:00,-1.3964527,0,0
2012-06-05 05:00:00,-1.4636236,0,0
2012-06-05 06:00:00,-1.554207,0,0
2012-06-05 07:00:00,-1.6330012,0,0
2012-06-05 08:00:00,-1.67877,0,0
2012-06-05 09:00:00,-1.6868975,0,0
2012-06-05 10:00:00,-1.6303334,0,0
2012-06-05 11:00:00,-1.6179276,0,0
2012-06-05 12:00:00,-1.5821422,0,0
2012-06-05 13:00:00,-1.5248698,0,0
2012-06-05 14:00:00,-1.5470551,0,0
2012-06-05 15:00:00,-1.5453876,0,0
2012-06-05 16:00:00,-1.5883297,0,0
2012-06-05 17:00:00,-1.5668079,0,0
2012-06-05 18:00:00,-1.6424612,0,0
2012-06-05 19:00:00,-1.6806446,0,0
2012-06-05 20:00:00,-1.7262474,0,0
2012-06-05 21:00:00,-1.7772702,0,0
2012-06-05 22:00:00,-1.840694,0,0
2012-06-05 23:00:00,-1.8737249,0,0
2012-06-06 00:00:00,-1.9305565,0,0
2012-06-06 01:00:00,-1.9739374,0,0
2012-06-06 02:00:00,-2.0340416,0,0
2012-06-06 03:00:00,-2.099784,0,0
2012-06-06 04:00:00,-2.138624,0,0
2012-06-06 05:00:00,-2.214716,0,0
2012-06-06 06:00:00,-2.2929556,0,0
2012-06-06 07:00:00,-2.3050642,0,0
2012-06-06 08:00:00,-2.362067,0,0
2012-06-06 09:00:00,-2.1239922,0,0
2012-06-06 10:00:00,-1.8440965,0,0
2012-06-06 11:00:00,-1.6172526,0,0
2012-06-06 12:00:00,-1.4942378,0,0
2012-06-06 13:00:00,-1.470107,0,0
2012-06-06 14:00:00,-1.4417483,0,0
2012-06-06 15:00:00,-1.5218405,0,0
2012-06-06 16:00:00,-1.6341757,0,0
2012-06-06 17:00:00,-1.663233,0,0
2012-06-06 18:00:00,-1.7754022,0,0
2012-06-06 19:00:00,-1.8570406,0,0
2012-06-06 20:00:00,-1.9094492,0,0
2012-06-06 21:00:00,-1.9112656,0,0
2012-06-06 22:00:00,-2.0197077,0,0
2012-06-06 23:00:00,-2.1355743,0,0
2012-06-07 00:00:00,-2.1754923,0,0
2012-06-07 01:00:00,-2.1438367,0,0
2012-06-07 02:00:00,-2.1475997,0,0
2012-06-07 03:00:00,-2.248761,0,0
2012-06-07 04:00:00,-2.2819629,0,0
2012-06-07 05:00:00,-2.2435913,0,0
2012-06-07 06:00:00,-2.3031306,0,0
2012-06-07 07:00:00,-2.2422538,0,0
2012-06-07 08:00:00,-2.168976,0,0
2012-06-07 09:00:00,-1.9282405,0,0
2012-06-07 10:00:00,-1.5198584,0,0
2012-06-07 11:00:00,-1.3463112,0,0
2012-06-07 12:00:00,-1.2898111,0,0
2012-06-07 13:00:00,-1.1953558,0,0
2012-06-07 14:00:00,-1.189222,0,0
2012-06-07 15:00:00,-1.2230945,0,0
2012-06-07 16:00:00,-1.3036722,0,0
2012-06-07 17:00:00,-1.405257,0,0
2012-06-07 18:00:00,-1.5714538,0,0
2012-06-07 19:00:00,-1.6896086,0,0
2012-06-07 20:00:00,-1.758841,0,0
2012-06-07 21:00:00,-1.7607709,0,0
2012-06-07 22:00:00,-1.8167232,0,0
2012-06-07 23:00:00,-1.8964766,0,0
2012-06-08 00:00:00,-1.9888983,0,0
2012-06-08 01:00:00,-2.039916,0,0
2012-06-08 02:00:00,-2.096354,0,0
2012-06-08 03:00:00,-2.1384614,0,0
2012-06-08 04:00:00,-2.1329668,0,0
2012-06-08 05:00:00,-2.090614,0,0
2012-06-08 06:00:00,-2.064762,0,0
2012-06-08 07:00:00,-2.0567312,0,0
2012-06-08 08:00:00,-2.0182106,0,0
2012-06-08 09:00:00,-1.8868332,0,0
2012-06-08 10:00:00,-1.6991091,0,0
2012-06-08 11:00:00,-1.4443281,0,0
2012-06-08 12:00:00,-1.2609962,0,0
2012-06-08 13:00:00,-1.1576303,0,0
2012-06-08 14:00:00,-1.1368239,0,0
2012-06-08 15:00:00,-1.1485629,0,0
2012-06-08 16:00:00,-1.1457587,0,0
2012-06-08 17:00:00,-1.2228394,0,0
2012-06-08 18:00:00,-1.3444842,0,0
2012-06-08 19:00:00,-1.4878789,0,0
2012-06-08 20:00:00,-1.5513024,0,0
2012-06-08 21:00:00,-1.566027,0,0
2012-06-08 22:00:00,-1.5865605,0,0
2012-06-08 23:00:00,-1.6265253,0,0
2012-06-09 00:00:00,-1.629238,1,0
2012-06-09 01:00:00,-1.5814185,1,0
2012-06-09 02:00:00,-1.5913794,1,0
2012-06-09 03:00:00,-1.5515907,1,0
2012-06-09 04:00:00,-1.5748318,1,0
2012-06-09 05:00:00,-1.4762174,1,0
2012-06-09 06:00:00,-1.5099792,1,0
2012-06-09 07:00:00,-1.5188897,1,0
2012-06-09 08:00:00,-1.5172328,1,0
2012-06-09 09:00:00,-1.4243754,1,0
2012-06-09 10:00:00,-1.2556887,1,0
2012-06-09 11:00:00,-1.1927923,1,0
2012-06-09 12:00:00,-1.0733123,1,0
2012-06-09 13:00:00,-1.0919385,1,0
2012-06-09 14:00:00,-1.0393053,1,0
2012-06-09 15:00:00,-1.1157705,1,0
2012-06-09 16:00:00,-1.2159228,1,0
2012-06-09 17:00:00,-1.2015905,1,0
2012-06-09 18:00:00,-1.2913984,1,0
2012-06-09 19:00:00,-1.4284189,1,0
2012-06-09 20:00:00,-1.5645136,1,0
2012-06-09 21:00:00,-1.8878585,1,0
2012-06-09 22:00:00,-2.0396953,1,0
2012-06-09 23:00:00,-2.2362034,1,0
2012-06-10 00:00:00,-2.3396833,1,0
2012-06-10 01:00:00,-2.4792905,1,0
2012-06-10 02:00:00,-2.4850302,1,0
2012-06-10 03:00:00,-2.4318922,1,0
2012-06-10 04:00:00,-2.51738,1,0
2012-06-10 05:00:00,-2.6426566,1,0
2012-06-10 06:00:00,-2.7414248,1,0
2012-06-10 07:00:00,-2.8385825,1,0
2012-06-10 08:00:00,-2.7204158,1,0
2012-06-10 09:00:00,-2.2292843,1,0
2012-06-10 10:00:00,-1.7805293,1,0
2012-06-10 11:00:00,-1.6165096,1,0
2012-06-10 12:00:00,-1.4559625,1,0
2012-06-10 13:00:00,-1.4017415,1,0
2012-06-10 14:00:00,-1.2632124,1,0
2012-06-10 15:00:00,-1.276956,1,0
2012-06-10 16:00:00,-1.3664907,1,0
2012-06-10 17:00:00,-1.4307957,1,0
2012-06-10 18:00:00,-1.6060742,1,0
2012-06-10 19:00:00,-1.7334812,1,0
2012-06-10 20:00:00,-1.893909,1,0
2012-06-10 21:00:00,-1.8456769,1,0
2012-06-10 22:00:00,-1.8871052,1,0
2012-06-10 23:00:00,-1.9726452,1,0
2012-06-11 00:00:00,-2.0285752,0,1
2012-06-11 01:00:00,-2.1146278,0,1
2012-06-11 02:00:00,-2.1972375,0,1
2012-06-11 03:00:00,-2.2323449,0,1
2012-06-11 04:00:00,-2.3802488,0,1
2012-06-11 05:00:00,-2.6428738,0,1
2012-06-11 06:00:00,-2.593786,0,1
2012-06-11 07:00:00,-2.6302552,0,1
2012-06-11 08:00:00,-2.632745,0,1
2012-06-11 09:00:00,-2.5539954,0,1
2012-06-11 10:00:00,-2.389488,0,1
2012-06-11 11:00:00,-2.1592438,0,1
2012-06-11 12:00:00,-1.9477414,0,1
2012-06-11 13:00:00,-1.7195048,0,1
2012-06-11 14:00:00,-1.536975,0,1
2012-06-11 15:00:00,-1.4571667,0,1
2012-06-11 16:00:00,-1.4947819,0,1
2012-06-11 17:00:00,-1.5080022,0,1
2012-06-11 18:00:00,-1.7777534,0,1
2012-06-11 19:00:00,-2.0721278,0,1
2012-06-11 20:00:00,-2.4054806,0,1
2012-06-11 21:00:00,-2.7391753,0,1
2012-06-11 22:00:00,-3.0195832,0,1
2012-06-11 23:00:00,-3.25344,0,1
2012-06-12 00:00:00,-3.4239252,0,0
2012-06-12 01:00:00,-3.5449808,0,0
2012-06-12 02:00:00,-3.6513164,0,0
2012-06-12 03:00:00,-3.7613137,0,0
2012-06-12 04:00:00,-3.8338413,0,0
2012-06-12 05:00:00,-3.8573549,0,0
2012-06-12 06:00:00,-3.9197507,0,0
2012-06-12 07:00:00,-3.8426406,0,0
2012-06-12 08:00:00,-3.736092,0,0
2012-06-12 09:00:00,-3.2437115,0,0
2012-06-12 10:00:00,-2.5815883,0,0
2012-06-12 11:00:00,-1.9759672,0,0
2012-06-12 12:00:00,-1.5904907,0,0
2012-06-12 13:00:00,-1.4229498,0,0
2012-06-12 14:00:00,-1.301884,0,0
2012-06-12 15:00:00,-1.2116619,0,0
2012-06-12 16:00:00,-1.2150906,0,0
2012-06-12 17:00:00,-1.3628845,0,0
2012-06-12 18:00:00,-1.670522,0,0
2012-06-12 19:00:00,-1.9266268,0,0
2012-06-12 20:00:00,-2.1088839,0,0
2012-06-12 21:00:00,-2.286035,0,0
2012-06-12 22:00:00,-2.4120944,0,0
2012-06-12 23:00:00,-2.5234342,0,0
2012-06-13 00:00:00,-2.6227622,0,0
2012-06-13 01:00:00,-2.7126195,0,0
2012-06-13 02:00:00,-2.7676184,0,0
2012-06-13 03:00:00,-2.8211777,0,0
2012-06-13 04:00:00,-2.8623364,0,0
2012-06-13 05:00:00,-2.8105135,0,0
2012-06-13 06:00:00,-2.8193495,0,0
2012-06-13 07:00:00,-2.8094854,0,0
2012-06-13 08:00:00,-2.764202,0,0
2012-06-13 09:00:00,-2.4943368,0,0
2012-06-13 10:00:00,-2.087845,0,0
2012-06-13 11:00:00,-1.6830328,0,0
2012-06-13 12:00:00,-1.3812839,0,0
2012-06-13 13:00:00,-1.1804284,0,0
2012-06-13 14:00:00,-1.0013696,0,0
2012-06-13 15:00:00,-0.910142,0,0
2012-06-13 16:00:00,-0.9528387,0,0
2012-06-13 17:00:00,-1.1139991,0,0
2012-06-13 18:00:00,-1.3378282,0,0
2012-06-13 19:00:00,-1.526506,0,0
2012-06-13 20:00:00,-1.6628182,0,0
2012-06-13 21:00:00,-1.7610955,0,0
2012-06-13 22:00:00,-1.8324707,0,0
2012-06-13 23:00:00,-1.8802158,0,0
2012-06-14 00:00:00,-1.8898295,0,0
2012-06-14 01:00:00,-1.8812336,0,0
2012-06-14 02:00:00,-1.8744656,0,0
2012-06-14 03:00:00,-1.8851297,0,0
2012-06-14 04:00:00,-1.8922068,0,0
2012-06-14 05:00:00,-1.8767514,0,0
2012-06-14 06:00:00,-1.8872722,0,0
2012-06-14 07:00:00,-1.9156139,0,0
2012-06-14 08:00:00,-1.8834674,0,0
2012-06-14 09:00:00,-1.7315615,0,0
2012-06-14 10:00:00,-1.4999298,0,0
2012-06-14 11:00:00,-1.310485,0,0
2012-06-14 12:00:00,-1.1911937,0,0
2012-06-14 13:00:00,-1.1543579,0,0
2012-06-14 14:00:00,-1.0163664,0,0
2012-06-14 15:00:00,-0.9837813,0,0
2012-06-14 16:00:00,-1.0425624,0,0
2012-06-14 17:00:00,-1.0414983,0,0
2012-06-14 18:00:00,-1.0682572,0,0
2012-06-14 19:00:00,-1.1079075,0,0
2012-06-14 20:00:00,-1.1352038,0,0
2012-06-14 21:00:00,-1.1684803,0,0
2012-06-14 22:00:00,-1.271155,0,0
2012-06-14 23:00:00,-1.3527362,0,0
2012-06-15 00:00:00,-1.3966768,0,0
2012-06-15 01:00:00,-1.4507961,0,0
2012-06-15 02:00:00,-1.4767447,0,0
2012-06-15 03:00:00,-1.5063543,0,0
2012-06-15 04:00:00,-1.6151525,0,0
2012-06-15 05:00:00,-1.6421984,0,0
2012-06-15 06:00:00,-1.7533153,0,0
2012-06-15 07:00:00,-1.7876093,0,0
2012-06-15 08:00:00,-1.8533463,0,0
2012-06-15 09:00:00,-1.7491857,0,0
2012-06-15 10:00:00,-1.4943768,0,0
2012-06-15 11:00:00,-1.2602103,0,0
2012-06-15 12:00:00,-1.0849957,0,0
2012-06-15 13:00:00,-0.9763011,0,0
2012-06-15 14:00:00,-0.9835806,0,0
2012-06-15 15:00:00,-1.0345381,0,0
2012-06-15 16:00:00,-1.0943248,0,0
2012-06-15 17:00:00,-1.2766755,0,0
2012-06-15 18:00:00,-1.470117,0,0
2012-06-15 19:00:00,-1.6318974,0,0
2012-06-15 20:00:00,-1.7502228,0,0
2012-06-15 21:00:00,-1.8350544,0,0
2012-06-15 22:00:00,-1.9136829,0,0
2012-06-15 23:00:00,-1.9784714,0,0
2012-06-16 00:00:00,-2.0205839,1,0
2012-06-16 01:00:00,-2.0539567,1,0
2012-06-16 02:00:00,-2.0991707,1,0
2012-06-16 03:00:00,-2.1400146,1,0
2012-06-16 04:00:00,-2.1686761,1,0
2012-06-16 05:00:00,-2.2547238,1,0
2012-06-16 06:00:00,-2.2506738,1,0
2012-06-16 07:00:00,-2.2660549,1,0
2012-06-16 08:00:00,-2.2418652,1,0
2012-06-16 09:00:00,-2.1099277,1,0
2012-06-16 10:00:00,-1.8068137,1,0
2012-06-16 11:00:00,-1.4893173,1,0
2012-06-16 12:00:00,-1.1996771,1,0
2012-06-16 13:00:00,-0.9835373,1,0
2012-06-16 14:00:00,-0.8591299,1,0
2012-06-16 15:00:00,-0.8450586,1,0
2012-06-16 16:00:00,-0.9288174,1,0
2012-06-16 17:00:00,-1.0703945,1,0
2012-06-16 18:00:00,-1.234226,1,0
2012-06-16 19:00:00,-1.3278712,1,0
2012-06-16 20:00:00,-1.416364,1,0
2012-06-16 21:00:00,-1.5119338,1,0
2012-06-16 22:00:00,-1.5998616,1,0
2012-06-16 23:00:00,-1.6272547,1,0
2012-06-17 00:00:00,-1.6181785,1,0
2012-06-17 01:00:00,-1.5823708,1,0
2012-06-17 02:00:00,-1.5600142,1,0
2012-06-17 03:00:00,-1.5165642,1,0
2012-06-17 04:00:00,-1.4642041,1,0
2012-06-17 05:00:00,-1.4244155,1,0
2012-06-17 06:00:00,-1.4356446,1,0
2012-06-17 07:00:00,-1.4459945,1,0
2012-06-17 08:00:00,-1.4607139,1,0
2012-06-17 09:00:00,-1.3749337,1,0
2012-06-17 10:00:00,-1.2037624,1,0
2012-06-17 11:00:00,-1.0822835,1,0
2012-06-17 12:00:00,-1.0035979,1,0
2012-06-17 13:00:00,-0.94383043,1,0
2012-06-17 14:00:00,-0.9838644,1,0
2012-06-17 15:00:00,-0.9558199,1,0
2012-06-17 16:00:00,-1.0149484,1,0
2012-06-17 17:00:00,-0.97949,1,0
2012-06-17 18:00:00,-1.0776758,1,0
2012-06-17 19:00:00,-1.1638498,1,0
2012-06-17 20:00:00,-1.192729,1,0
2012-06-17 21:00:00,-1.289738,1,0
2012-06-17 22:00:00,-1.3393165,1,0
2012-06-17 23:00:00,-1.401078,1,0
2012-06-18 00:00:00,-1.4817106,0,0
2012-06-18 01:00:00,-1.4606224,0,0
2012-06-18 02:00:00,-1.463335,0,0
2012-06-18 03:00:00,-1.5099882,0,0
2012-06-18 04:00:00,-1.500518,0,0
2012-06-18 05:00:00,-1.5575156,0,0
2012-06-18 06:00:00,-1.5345942,0,0
2012-06-18 07:00:00,-1.6110749,0,0
2012-06-18 08:00:00,-1.6364639,0,0
2012-06-18 09:00:00,-1.4703705,0,0
2012-06-18 10:00:00,-1.2110212,0,0
2012-06-18 11:00:00,-1.0618986,0,0
2012-06-18 12:00:00,-0.97260755,0,0
2012-06-18 13:00:00,-0.89222693,0,0
2012-06-18 14:00:00,-0.78707963,0,0
2012-06-18 15:00:00,-0.66830873,0,0
2012-06-18 16:00:00,-0.6780814,0,0
2012-06-18 17:00:00,-0.8522852,0,0
2012-06-18 18:00:00,-0.89347345,0,0
2012-06-18 19:00:00,-0.89355814,0,0
2012-06-18 20:00:00,-0.94160587,0,0
2012-06-18 21:00:00,-0.9903101,0,0
2012-06-18 22:00:00,-1.0491877,0,0
2012-06-18 23:00:00,-1.0718639,0,0
2012-06-19 00:00:00,-1.0121119,0,0
2012-06-19 01:00:00,-1.1501585,0,0
2012-06-19 02:00:00,-1.3967947,0,0
2012-06-19 03:00:00,-1.576574,0,0
2012-06-19 04:00:00,-1.7420278,0,0
2012-06-19 05:00:00,-1.9100181,0,0
2012-06-19 06:00:00,-1.9980423,0,0
2012-06-19 07:00:00,-2.0808177,0,0
2012-06-19 08:00:00,-2.1590574,0,0
2012-06-19 09:00:00,-2.0105672,0,0
2012-06-19 10:00:00,-1.9182818,0,0
2012-06-19 11:00:00,-1.9758357,0,0
2012-06-19 12:00:00,-2.0619595,0,0
2012-06-19 13:00:00,-2.0000892,0,0
2012-06-19 14:00:00,-2.019515,0,0
2012-06-19 15:00:00,-2.0306423,0,0
2012-06-19 16:00:00,-2.0596478,0,0
2012-06-19 17:00:00,-1.8006648,0,0
2012-06-19 18:00:00,-2.25126,0,0
2012-06-19 19:00:00,-2.5799854,0,0
2012-06-19 20:00:00,-2.9171147,0,0
2012-06-19 21:00:00,-3.1404562,0,0
2012-06-19 22:00:00,-3.3025682,0,0
2012-06-19 23:00:00,-3.3609602,0,0
2012-06-20 00:00:00,-3.338113,0,0
2012-06-20 01:00:00,-3.3029394,0,0
2012-06-20 02:00:00,-3.2855346,0,0
2012-06-20 03:00:00,-3.2479906,0,0
2012-06-20 04:00:00,-3.2284381,0,0
2012-06-20 05:00:00,-3.278312,0,0
2012-06-20 06:00:00,-3.2854912,0,0
2012-06-20 07:00:00,-3.2383747,0,0
2012-06-20 08:00:00,-3.1985116,0,0
2012-06-20 09:00:00,-3.010228,0,0
2012-06-20 10:00:00,-2.7401674,0,0
2012-06-20 11:00:00,-2.4702728,0,0
2012-06-20 12:00:00,-2.172334,0,0
2012-06-20 13:00:00,-1.9433131,0,0
2012-06-20 14:00:00,-1.835149,0,0
2012-06-20 15:00:00,-1.8503836,0,0
2012-06-20 16:00:00,-1.8238252,0,0
2012-06-20 17:00:00,-1.9963341,0,0
2012-06-20 18:00:00,-2.0164287,0,0
2012-06-20 19:00:00,-1.9950728,0,0
2012-06-20 20:00:00,-1.8904734,0,0
2012-06-20 21:00:00,-1.8129475,0,0
2012-06-20 22:00:00,-1.7708402,0,0
2012-06-20 23:00:00,-1.736546,0,0
2012-06-21 00:00:00,-1.6995445,0,0
2012-06-21 01:00:00,-1.7048682,0,0
2012-06-21 02:00:00,-1.7092706,0,0
2012-06-21 03:00:00,-1.7241024,0,0
2012-06-21 04:00:00,-1.7974818,0,0
2012-06-21 05:00:00,-1.7798837,0,0
2012-06-21 06:00:00,-1.799144,0,0
2012-06-21 07:00:00,-1.8184041,0,0
2012-06-21 08:00:00,-1.8327347,0,0
2012-06-21 09:00:00,-1.8314666,0,0
2012-06-21 10:00:00,-1.8663203,0,0
2012-06-21 11:00:00,-1.8221673,0,0
2012-06-21 12:00:00,-1.8074478,0,0
2012-06-21 13:00:00,-1.7736392,0,0
2012-06-21 14:00:00,-1.7794482,0,0
2012-06-21 15:00:00,-1.774028,0,0
2012-06-21 16:00:00,-1.8192368,0,0
2012-06-21 17:00:00,-1.8081838,0,0
2012-06-21 18:00:00,-1.8067445,0,0
2012-06-21 19:00:00,-1.8020328,0,0
2012-06-21 20:00:00,-1.7885816,0,0
2012-06-21 21:00:00,-1.7851381,0,0
2012-06-21 22:00:00,-1.7963673,0,0
2012-06-21 23:00:00,-1.7802086,0,0
2012-06-22 00:00:00,-1.7778431,0,0
2012-06-22 01:00:00,-1.7991076,0,0
2012-06-22 02:00:00,-1.8456122,0,0
2012-06-22 03:00:00,-1.9173293,0,0
2012-06-22 04:00:00,-1.9983456,0,0
2012-06-22 05:00:00,-2.0802414,0,0
2012-06-22 06:00:00,-2.0980623,0,0
2012-06-22 07:00:00,-2.094401,0,0
2012-06-22 08:00:00,-2.12215,0,0
2012-06-22 09:00:00,-2.1242976,0,0
2012-06-22 10:00:00,-2.070493,0,0
2012-06-22 11:00:00,-1.9292978,0,0
2012-06-22 12:00:00,-1.9310411,0,0
2012-06-22 13:00:00,-1.9675812,0,0
2012-06-22 14:00:00,-1.9814832,0,0
2012-06-22 15:00:00,-2.0251698,0,0
2012-06-22 16:00:00,-2.0569344,0,0
2012-06-22 17:00:00,-2.2304661,0,0
2012-06-22 18:00:00,-2.3337302,0,0
2012-06-22 19:00:00,-2.4274719,0,0
2012-06-22 20:00:00,-2.5217738,0,0
2012-06-22 21:00:00,-2.639099,0,0
2012-06-22 22:00:00,-2.7237074,0,0
2012-06-22 23:00:00,-2.7948644,0,0
2012-06-23 00:00:00,-2.8727102,1,0
2012-06-23 01:00:00,-2.972038,1,0
2012-06-23 02:00:00,-3.0587943,1,0
2012-06-23 03:00:00,-3.1503088,1,0
2012-06-23 04:00:00,-3.2267153,1,0
2012-06-23 05:00:00,-3.2417543,1,0
2012-06-23 06:00:00,-3.2591121,1,0
2012-06-23 07:00:00,-3.2859402,1,0
2012-06-23 08:00:00,-3.2773492,1,0
2012-06-23 09:00:00,-3.0561883,1,0
2012-06-23 10:00:00,-2.665855,1,0
2012-06-23 11:00:00,-2.2868202,1,0
2012-06-23 12:00:00,-1.9470882,1,0
2012-06-23 13:00:00,-1.7303888,1,0
2012-06-23 14:00:00,-1.5738574,1,0
2012-06-23 15:00:00,-1.5830206,1,0
2012-06-23 16:00:00,-1.6049384,1,0
2012-06-23 17:00:00,-1.7220646,1,0
2012-06-23 18:00:00,-1.7897562,1,0
2012-06-23 19:00:00,-1.8636038,1,0
2012-06-23 20:00:00,-1.9119936,1,0
2012-06-23 21:00:00,-1.9409522,1,0
2012-06-23 22:00:00,-1.8646944,1,0
2012-06-23 23:00:00,-1.8428978,1,0
2012-06-24 00:00:00,-1.8383571,1,0
2012-06-24 01:00:00,-1.8274424,1,0
2012-06-24 02:00:00,-1.9359261,1,0
2012-06-24 03:00:00,-2.0069866,1,0
2012-06-24 04:00:00,-2.025858,1,0
2012-06-24 05:00:00,-2.0934284,1,0
2012-06-24 06:00:00,-2.091989,1,0
2012-06-24 07:00:00,-2.040897,1,0
2012-06-24 08:00:00,-2.02347,1,0
2012-06-24 09:00:00,-1.8488603,1,0
2012-06-24 10:00:00,-1.5732138,1,0
2012-06-24 11:00:00,-1.3066386,1,0
2012-06-24 12:00:00,-1.1105537,1,0
2012-06-24 13:00:00,-1.0136137,1,0
2012-06-24 14:00:00,-0.9622711,1,0
2012-06-24 15:00:00,-0.8950776,1,0
2012-06-24 16:00:00,-0.89847136,1,0
2012-06-24 17:00:00,-1.0310256,1,0
2012-06-24 18:00:00,-1.2500958,1,0
2012-06-24 19:00:00,-1.3760586,1,0
2012-06-24 20:00:00,-1.4908887,1,0
2012-06-24 21:00:00,-1.521207,1,0
2012-06-24 22:00:00,-1.5175457,1,0
2012-06-24 23:00:00,-1.585681,1,0
2012-06-25 00:00:00,-1.6403652,0,0
2012-06-25 01:00:00,-1.7143095,0,0
2012-06-25 02:00:00,-1.7396983,0,0
2012-06-25 03:00:00,-1.7314961,0,0
2012-06-25 04:00:00,-1.6015303,0,0
2012-06-25 05:00:00,-1.5182867,0,0
2012-06-25 06:00:00,-1.4637787,0,0
2012-06-25 07:00:00,-1.4361731,0,0
2012-06-25 08:00:00,-1.4187462,0,0
2012-06-25 09:00:00,-1.3511758,0,0
2012-06-25 10:00:00,-1.1719683,0,0
2012-06-25 11:00:00,-1.0722756,0,0
2012-06-25 12:00:00,-0.9749849,0,0
2012-06-25 13:00:00,-0.9894174,0,0
2012-06-25 14:00:00,-1.0095397,0,0
2012-06-25 15:00:00,-1.1563678,0,0
2012-06-25 16:00:00,-1.3151228,0,0
2012-06-25 17:00:00,-1.4314389,0,0
2012-06-25 18:00:00,-1.624716,0,0
2012-06-25 19:00:00,-1.7725667,0,0
2012-06-25 20:00:00,-1.9214679,0,0
2012-06-25 21:00:00,-2.022059,0,0
2012-06-25 22:00:00,-2.158074,0,0
2012-06-25 23:00:00,-2.2886739,0,0
2012-06-26 00:00:00,-2.382022,0,0
2012-06-26 01:00:00,-2.5140662,0,0
2012-06-26 02:00:00,-2.6001189,0,0
2012-06-26 03:00:00,-2.777761,0,0
2012-06-26 04:00:00,-2.8853602,0,0
2012-06-26 05:00:00,-2.9048069,0,0
2012-06-26 06:00:00,-3.0987508,0,0
2012-06-26 07:00:00,-3.2941341,0,0
2012-06-26 08:00:00,-3.3981512,0,0
2012-06-26 09:00:00,-3.0003676,0,0
2012-06-26 10:00:00,-2.5880506,0,0
2012-06-26 11:00:00,-2.6301715,0,0
2012-06-26 12:00:00,-2.5628812,0,0
2012-06-26 13:00:00,-2.504947,0,0
2012-06-26 14:00:00,-2.462126,0,0
2012-06-26 15:00:00,-2.447528,0,0
2012-06-26 16:00:00,-2.488374,0,0
2012-06-26 17:00:00,-2.5698018,0,0
2012-06-26 18:00:00,-2.7391055,0,0
2012-06-26 19:00:00,-2.8565621,0,0
2012-06-26 20:00:00,-2.9657648,0,0
2012-06-26 21:00:00,-3.1014755,0,0
2012-06-26 22:00:00,-3.260422,0,0
2012-06-26 23:00:00,-3.3913417,0,0
2012-06-27 00:00:00,-3.4441235,0,0
2012-06-27 01:00:00,-3.5274415,0,0
2012-06-27 02:00:00,-3.5317662,0,0
2012-06-27 03:00:00,-3.5092404,0,0
2012-06-27 04:00:00,-3.4713647,0,0
2012-06-27 05:00:00,-3.5080826,0,0
2012-06-27 06:00:00,-3.4494777,0,0
2012-06-27 07:00:00,-3.4454799,0,0
2012-06-27 08:00:00,-3.407721,0,0
2012-06-27 09:00:00,-3.1667433,0,0
2012-06-27 10:00:00,-2.9361115,0,0
2012-06-27 11:00:00,-2.6801088,0,0
2012-06-27 12:00:00,-2.3639553,0,0
2012-06-27 13:00:00,-2.1164238,0,0
2012-06-27 14:00:00,-1.8487533,0,0
2012-06-27 15:00:00,-1.7510102,0,0
2012-06-27 16:00:00,-1.6771007,0,0
2012-06-27 17:00:00,-1.7465338,0,0
2012-06-27 18:00:00,-1.9618464,0,0
2012-06-27 19:00:00,-2.106366,0,0
2012-06-27 20:00:00,-2.277005,0,0
2012-06-27 21:00:00,-2.396376,0,0
2012-06-27 22:00:00,-2.5093727,0,0
2012-06-27 23:00:00,-2.4995604,0,0
2012-06-28 00:00:00,-2.506786,0,0
2012-06-28 01:00:00,-2.4644334,0,0
2012-06-28 02:00:00,-2.3599308,0,0
2012-06-28 03:00:00,-2.3079593,0,0
2012-06-28 04:00:00,-2.2241504,0,0
2012-06-28 05:00:00,-2.268086,0,0
2012-06-28 06:00:00,-2.2784357,0,0
2012-06-28 07:00:00,-2.3004034,0,0
2012-06-28 08:00:00,-2.3148997,0,0
2012-06-28 09:00:00,-2.2189357,0,0
2012-06-28 10:00:00,-1.9743333,0,0
2012-06-28 11:00:00,-1.7188436,0,0
2012-06-28 12:00:00,-1.455444,0,0
2012-06-28 13:00:00,-1.2827264,0,0
2012-06-28 14:00:00,-1.2177618,0,0
2012-06-28 15:00:00,-1.2411984,0,0
2012-06-28 16:00:00,-1.298929,0,0
2012-06-28 17:00:00,-1.3542991,0,0
2012-06-28 18:00:00,-1.4429129,0,0
2012-06-28 19:00:00,-1.523278,0,0
2012-06-28 20:00:00,-1.5444183,0,0
2012-06-28 21:00:00,-1.5518894,0,0
2012-06-28 22:00:00,-1.53119,0,0
2012-06-28 23:00:00,-1.5143231,0,0
2012-06-29 00:00:00,-1.520697,0,0
2012-06-29 01:00:00,-1.5328798,0,0
2012-06-29 02:00:00,-1.5655912,0,0
2012-06-29 03:00:00,-1.5848514,0,0
2012-06-29 04:00:00,-1.5803106,0,0
2012-06-29 05:00:00,-1.5913635,0,0
2012-06-29 06:00:00,-1.6222417,0,0
2012-06-29 07:00:00,-1.6558273,0,0
2012-06-29 08:00:00,-1.7046973,0,0
2012-06-29 09:00:00,-1.6394457,0,0
2012-06-29 10:00:00,-1.4628074,0,0
2012-06-29 11:00:00,-1.3677125,0,0
2012-06-29 12:00:00,-1.2566249,0,0
2012-06-29 13:00:00,-1.1971995,0,0
2012-06-29 14:00:00,-1.1420574,0,0
2012-06-29 15:00:00,-1.1857252,0,0
2012-06-29 16:00:00,-1.2363837,0,0
2012-06-29 17:00:00,-1.3939016,0,0
2012-06-29 18:00:00,-1.5515027,0,0
2012-06-29 19:00:00,-1.7591901,0,0
2012-06-29 20:00:00,-1.920497,0,0
2012-06-29 21:00:00,-2.0194829,0,0
2012-06-29 22:00:00,-2.0726533,0,0
2012-06-29 23:00:00,-2.0922332,0,0
2012-06-30 00:00:00,-2.1132522,1,0
2012-06-30 01:00:00,-2.1337063,1,0
2012-06-30 02:00:00,-2.194685,1,0
2012-06-30 03:00:00,-2.2444344,1,0
2012-06-30 04:00:00,-2.3027055,1,0
2012-06-30 05:00:00,-2.387314,1,0
2012-06-30 06:00:00,-2.4248855,1,0
2012-06-30 07:00:00,-2.4330184,1,0
2012-06-30 08:00:00,-2.3962572,1,0
2012-06-30 09:00:00,-2.267198,1,0
2012-06-30 10:00:00,-2.1426697,1,0
2012-06-30 11:00:00,-2.0472724,1,0
2012-06-30 12:00:00,-1.9478077,1,0
2012-06-30 13:00:00,-1.8685571,1,0
2012-06-30 14:00:00,-1.805778,1,0
2012-06-30 15:00:00,-1.7288915,1,0
2012-06-30 16:00:00,-1.7876776,1,0
2012-06-30 17:00:00,-1.9557354,1,0
2012-06-30 18:00:00,-2.1318936,1,0
2012-06-30 19:00:00,-2.2658179,1,0
2012-06-30 20:00:00,-2.3461084,1,0
2012-06-30 21:00:00,-2.4354806,1,0
2012-06-30 22:00:00,-2.5352027,1,0
2012-06-30 23:00:00,-2.6237922,1,0
2012-07-01 00:00:00,-2.7316415,1,0
2012-07-01 01:00:00,-2.8125887,1,0
2012-07-01 02:00:00,-2.877937,1,0
2012-07-01 03:00:00,-2.9607174,1,0
2012-07-01 04:00:00,-2.9884248,1,0
2012-07-01 05:00:00,-3.0112772,1,0
2012-07-01 06:00:00,-2.971585,1,0
2012-07-01 07:00:00,-2.9335554,1,0
2012-07-01 08:00:00,-2.8459475,1,0
2012-07-01 09:00:00,-2.7539697,1,0
2012-07-01 10:00:00,-2.620365,1,0
2012-07-01 11:00:00,-2.530609,1,0
2012-07-01 12:00:00,-2.4028928,1,0
2012-07-01 13:00:00,-2.274131,1,0
2012-07-01 14:00:00,-2.1871624,1,0
2012-07-01 15:00:00,-2.16327,1,0
2012-07-01 16:00:00,-2.1229959,1,0
2012-07-01 17:00:00,-1.9884497,1,0
2012-07-01 18:00:00,-2.0780623,1,0
2012-07-01 19:00:00,-2.1267612,1,0
2012-07-01 20:00:00,-2.1213462,1,0
2012-07-01 21:00:00,-2.121175,1,0
2012-07-01 22:00:00,-2.1382134,1,0
2012-07-01 23:00:00,-2.100258,1,0
2012-07-02 00:00:00,-2.1016972,0,0
2012-07-02 01:00:00,-2.1016972,0,0
2012-07-02 02:00:00,-2.0688477,0,0
2012-07-02 03:00:00,-2.100429,0,0
2012-07-02 04:00:00,-2.0868344,0,0
2012-07-02 05:00:00,-2.0790212,0,0
2012-07-02 06:00:00,-2.108066,0,0
2012-07-02 07:00:00,-2.077753,0,0
2012-07-02 08:00:00,-2.0790212,0,0
2012-07-02 09:00:00,-2.0522897,0,0
2012-07-02 10:00:00,-2.0375652,0,0
2012-07-02 11:00:00,-1.8989394,0,0
2012-07-02 12:00:00,-1.796064,0,0
2012-07-02 13:00:00,-1.7391475,0,0
2012-07-02 14:00:00,-1.7730596,0,0
2012-07-02 15:00:00,-1.8126669,0,0
2012-07-02 16:00:00,-1.8988305,0,0
2012-07-02 17:00:00,-1.8728148,0,0
2012-07-02 18:00:00,-2.01533,0,0
2012-07-02 19:00:00,-2.0777032,0,0
2012-07-02 20:00:00,-2.1443994,0,0
2012-07-02 21:00:00,-2.1592948,0,0
2012-07-02 22:00:00,-2.1990888,0,0
2012-07-02 23:00:00,-2.2519395,0,0
2012-07-03 00:00:00,-2.2439086,0,0
2012-07-03 01:00:00,-2.23317,0,0
2012-07-03 02:00:00,-2.311655,0,0
2012-07-03 03:00:00,-2.2967699,0,0
2012-07-03 04:00:00,-2.2569866,0,0
2012-07-03 05:00:00,-2.148679,0,0
2012-07-03 06:00:00,-2.0678337,0,0
2012-07-03 07:00:00,-2.0358584,0,0
2012-07-03 08:00:00,-2.0313175,0,0
2012-07-03 09:00:00,-1.937021,0,0
2012-07-03 10:00:00,-1.8250692,0,0
2012-07-03 11:00:00,-1.594312,0,0
2012-07-03 12:00:00,-1.3864242,0,0
2012-07-03 13:00:00,-1.3019243,0,0
2012-07-03 14:00:00,-1.329542,0,0
2012-07-03 15:00:00,-1.4197284,0,0
2012-07-03 16:00:00,-1.478162,0,0
2012-07-03 17:00:00,-1.5200001,0,0
2012-07-03 18:00:00,-1.7179546,0,0
2012-07-03 19:00:00,-1.8875157,0,0
2012-07-03 20:00:00,-2.0183334,0,0
2012-07-03 21:00:00,-2.0766046,0,0
2012-07-03 22:00:00,-2.2484324,0,0
2012-07-03 23:00:00,-2.229492,0,0
2012-07-04 00:00:00,-2.5023046,0,0
2012-07-04 01:00:00,-2.6421294,0,0
2012-07-04 02:00:00,-2.8258948,0,0
2012-07-04 03:00:00,-2.8078337,0,0
2012-07-04 04:00:00,-2.719106,0,0
2012-07-04 05:00:00,-2.6160474,0,0
2012-07-04 06:00:00,-2.6533961,0,0
2012-07-04 07:00:00,-2.7290943,0,0
2012-07-04 08:00:00,-2.7650034,0,0
2012-07-04 09:00:00,-2.3932846,0,0
2012-07-04 10:00:00,-1.9656229,0,0
2012-07-04 11:00:00,-1.8086805,0,0
2012-07-04 12:00:00,-1.7256771,0,0
2012-07-04 13:00:00,-1.6598725,0,0
2012-07-04 14:00:00,-1.6173937,0,0
2012-07-04 15:00:00,-1.6233188,0,0
2012-07-04 16:00:00,-1.6828029,0,0
2012-07-04 17:00:00,-1.7761855,0,0
2012-07-04 18:00:00,-1.9294912,0,0
2012-07-04 19:00:00,-2.0631013,0,0
2012-07-04 20:00:00,-2.3167334,0,0
2012-07-04 21:00:00,-2.4876592,0,0
2012-07-04 22:00:00,-2.6031978,0,0
2012-07-04 23:00:00,-2.6803403,0,0
2012-07-05 00:00:00,-2.703901,0,0
2012-07-05 01:00:00,-2.8117504,0,0
2012-07-05 02:00:00,-2.8868887,0,0
2012-07-05 03:00:00,-2.981458,0,0
2012-07-05 04:00:00,-3.0464177,0,0
2012-07-05 05:00:00,-3.0226514,0,0
2012-07-05 06:00:00,-3.1709216,0,0
2012-07-05 07:00:00,-3.166602,0,0
2012-07-05 08:00:00,-3.092616,0,0
2012-07-05 09:00:00,-2.6816456,0,0
2012-07-05 10:00:00,-2.3232634,0,0
2012-07-05 11:00:00,-2.0841553,0,0
2012-07-05 12:00:00,-1.843432,0,0
2012-07-05 13:00:00,-1.6918939,0,0
2012-07-05 14:00:00,-1.6108897,0,0
2012-07-05 15:00:00,-1.6051916,0,0
2012-07-05 16:00:00,-1.6337061,0,0
2012-07-05 17:00:00,-1.6806638,0,0
2012-07-05 18:00:00,-1.8734488,0,0
2012-07-05 19:00:00,-2.2306767,0,0
2012-07-05 20:00:00,-2.4171293,0,0
2012-07-05 21:00:00,-2.3420274,0,0
2012-07-05 22:00:00,-2.3727174,0,0
2012-07-05 23:00:00,-2.5320733,0,0
2012-07-06 00:00:00,-2.701893,0,0
2012-07-06 01:00:00,-2.6659865,0,0
2012-07-06 02:00:00,-2.618338,0,0
2012-07-06 03:00:00,-2.579429,0,0
2012-07-06 04:00:00,-2.5499902,0,0
2012-07-06 05:00:00,-2.5671995,0,0
2012-07-06 06:00:00,-2.5493786,0,0
2012-07-06 07:00:00,-2.6034975,0,0
2012-07-06 08:00:00,-2.5842376,0,0
2012-07-06 09:00:00,-2.4214168,0,0
2012-07-06 10:00:00,-2.145765,0,0
2012-07-06 11:00:00,-1.9529629,0,0
2012-07-06 12:00:00,-1.7229602,0,0
2012-07-06 13:00:00,-1.6769757,0,0
2012-07-06 14:00:00,-1.6385142,0,0
2012-07-06 15:00:00,-1.6398933,0,0
2012-07-06 16:00:00,-1.7103909,0,0
2012-07-06 17:00:00,-1.723763,0,0
2012-07-06 18:00:00,-1.8515193,0,0
2012-07-06 19:00:00,-1.9933364,0,0
2012-07-06 20:00:00,-2.2038078,0,0
2012-07-06 21:00:00,-2.2059367,0,0
2012-07-06 22:00:00,-2.3320255,0,0
2012-07-06 23:00:00,-2.5310752,0,0
2012-07-07 00:00:00,-3.1397297,1,0
2012-07-07 01:00:00,-3.505767,1,0
2012-07-07 02:00:00,-3.7290516,1,0
2012-07-07 03:00:00,-3.8613584,1,0
2012-07-07 04:00:00,-3.7987504,1,0
2012-07-07 05:00:00,-3.7452235,1,0
2012-07-07 06:00:00,-3.7585535,1,0
2012-07-07 07:00:00,-3.750305,1,0
2012-07-07 08:00:00,-3.7266057,1,0
2012-07-07 09:00:00,-3.5461404,1,0
2012-07-07 10:00:00,-3.1995769,1,0
2012-07-07 11:00:00,-2.7758238,1,0
2012-07-07 12:00:00,-2.4038608,1,0
2012-07-07 13:00:00,-2.1649277,1,0
2012-07-07 14:00:00,-2.076243,1,0
2012-07-07 15:00:00,-2.0698087,1,0
2012-07-07 16:00:00,-2.090196,1,0
2012-07-07 17:00:00,-2.2764773,1,0
2012-07-07 18:00:00,-2.6469786,1,0
2012-07-07 19:00:00,-3.0009723,1,0
2012-07-07 20:00:00,-3.319638,1,0
2012-07-07 21:00:00,-3.5766394,1,0
2012-07-07 22:00:00,-3.7667785,1,0
2012-07-07 23:00:00,-3.9209342,1,0
2012-07-08 00:00:00,-4.0361805,1,0
2012-07-08 01:00:00,-4.0985756,1,0
2012-07-08 02:00:00,-4.1197433,1,0
2012-07-08 03:00:00,-4.0954847,1,0
2012-07-08 04:00:00,-4.062704,1,0
2012-07-08 05:00:00,-4.0982246,1,0
2012-07-08 06:00:00,-4.0609035,1,0
2012-07-08 07:00:00,-4.039741,1,0
2012-07-08 08:00:00,-3.9986098,1,0
2012-07-08 09:00:00,-3.688785,1,0
2012-07-08 10:00:00,-3.1516187,1,0
2012-07-08 11:00:00,-2.690071,1,0
2012-07-08 12:00:00,-2.3587072,1,0
2012-07-08 13:00:00,-2.1189325,1,0
2012-07-08 14:00:00,-1.9995342,1,0
2012-07-08 15:00:00,-1.9161717,1,0
2012-07-08 16:00:00,-1.9634091,1,0
2012-07-08 17:00:00,-2.1429033,1,0
2012-07-08 18:00:00,-2.3719764,1,0
2012-07-08 19:00:00,-2.523397,1,0
2012-07-08 20:00:00,-2.6489656,1,0
2012-07-08 21:00:00,-2.749465,1,0
2012-07-08 22:00:00,-2.8362954,1,0
2012-07-08 23:00:00,-2.8769634,1,0
2012-07-09 00:00:00,-2.891512,0,0
2012-07-09 01:00:00,-2.920562,0,0
2012-07-09 02:00:00,-2.8798196,0,0
2012-07-09 03:00:00,-2.8498158,0,0
2012-07-09 04:00:00,-2.8852346,0,0
2012-07-09 05:00:00,-2.8439739,0,0
2012-07-09 06:00:00,-2.8106976,0,0
2012-07-09 07:00:00,-2.745446,0,0
2012-07-09 08:00:00,-2.6829815,0,0
2012-07-09 09:00:00,-2.50098,0,0
2012-07-09 10:00:00,-2.187596,0,0
2012-07-09 11:00:00,-1.851484,0,0
2012-07-09 12:00:00,-1.6044141,0,0
2012-07-09 13:00:00,-1.4833068,0,0
2012-07-09 14:00:00,-1.407455,0,0
2012-07-09 15:00:00,-1.4132417,0,0
2012-07-09 16:00:00,-1.5211107,0,0
2012-07-09 17:00:00,-1.5078844,0,0
2012-07-09 18:00:00,-1.7425483,0,0
2012-07-09 19:00:00,-1.9146734,0,0
2012-07-09 20:00:00,-2.0860157,0,0
2012-07-09 21:00:00,-2.2215455,0,0
2012-07-09 22:00:00,-2.3341484,0,0
2012-07-09 23:00:00,-2.4520001,0,0
2012-07-10 00:00:00,-2.453023,0,0
2012-07-10 01:00:00,-2.3632727,0,0
2012-07-10 02:00:00,-2.2840946,0,0
2012-07-10 03:00:00,-2.2386732,0,0
2012-07-10 04:00:00,-2.2225144,0,0
2012-07-10 05:00:00,-2.371253,0,0
2012-07-10 06:00:00,-2.4504468,0,0
2012-07-10 07:00:00,-2.4577,0,0
2012-07-10 08:00:00,-2.473693,0,0
2012-07-10 09:00:00,-2.3265228,0,0
2012-07-10 10:00:00,-2.1126897,0,0
2012-07-10 11:00:00,-1.9410434,0,0
2012-07-10 12:00:00,-1.7617495,0,0
2012-07-10 13:00:00,-1.7116061,0,0
2012-07-10 14:00:00,-1.555372,0,0
2012-07-10 15:00:00,-1.5617406,0,0
2012-07-10 16:00:00,-1.5067422,0,0
2012-07-10 17:00:00,-1.3270476,0,0
2012-07-10 18:00:00,-1.3248999,0,0
2012-07-10 19:00:00,-1.3186003,0,0
2012-07-10 20:00:00,-1.2588952,0,0
2012-07-10 21:00:00,-1.229845,0,0
2012-07-10 22:00:00,-1.3589902,0,0
2012-07-10 23:00:00,-1.4213061,0,0
2012-07-11 00:00:00,-1.5010493,0,0
2012-07-11 01:00:00,-1.5306592,0,0
2012-07-11 02:00:00,-1.5272433,0,0
2012-07-11 03:00:00,-1.5219994,0,0
2012-07-11 04:00:00,-1.5823163,0,0
2012-07-11 05:00:00,-1.5796088,0,0
2012-07-11 06:00:00,-1.5705272,0,0
2012-07-11 07:00:00,-1.6014054,0,0
2012-07-11 08:00:00,-1.6206656,0,0
2012-07-11 09:00:00,-1.5732348,0,0
2012-07-11 10:00:00,-1.4545672,0,0
2012-07-11 11:00:00,-1.3060615,0,0
2012-07-11 12:00:00,-1.1896504,0,0
2012-07-11 13:00:00,-1.1031464,0,0
2012-07-11 14:00:00,-1.0555568,0,0
2012-07-11 15:00:00,-1.0667636,0,0
2012-07-11 16:00:00,-1.1548452,0,0
2012-07-11 17:00:00,-1.2192694,0,0
2012-07-11 18:00:00,-1.3679825,0,0
2012-07-11 19:00:00,-1.4832014,0,0
2012-07-11 20:00:00,-1.5974665,0,0
2012-07-11 21:00:00,-1.6701097,0,0
2012-07-11 22:00:00,-1.701914,0,0
2012-07-11 23:00:00,-1.6924437,0,0
2012-07-12 00:00:00,-1.6615707,0,0
2012-07-12 01:00:00,-1.6147101,0,0
2012-07-12 02:00:00,-1.5633037,0,0
2012-07-12 03:00:00,-1.5796386,0,0
2012-07-12 04:00:00,-1.5802037,0,0
2012-07-12 05:00:00,-1.6196033,0,0
2012-07-12 06:00:00,-1.6608362,0,0
2012-07-12 07:00:00,-1.6562954,0,0
2012-07-12 08:00:00,-1.6900574,0,0
2012-07-12 09:00:00,-1.6338872,0,0
2012-07-12 10:00:00,-1.4784858,0,0
2012-07-12 11:00:00,-1.3978063,0,0
2012-07-12 12:00:00,-1.3335084,0,0
2012-07-12 13:00:00,-1.1733313,0,0
2012-07-12 14:00:00,-1.0626411,0,0
2012-07-12 15:00:00,-1.0941362,0,0
2012-07-12 16:00:00,-1.1229185,0,0
2012-07-12 17:00:00,-1.077938,0,0
2012-07-12 18:00:00,-1.1991367,0,0
2012-07-12 19:00:00,-1.2569174,0,0
2012-07-12 20:00:00,-1.2937806,0,0
2012-07-12 21:00:00,-1.2890688,0,0
2012-07-12 22:00:00,-1.2236514,0,0
2012-07-12 23:00:00,-1.1793221,0,0
2012-07-13 00:00:00,-1.2416433,0,0
2012-07-13 01:00:00,-1.3344538,0,0
2012-07-13 02:00:00,-1.408222,0,0
2012-07-13 03:00:00,-1.3936979,0,0
2012-07-13 04:00:00,-1.6003604,0,0
2012-07-13 05:00:00,-1.651378,0,0
2012-07-13 06:00:00,-1.6760584,0,0
2012-07-13 07:00:00,-1.7163374,0,0
2012-07-13 08:00:00,-1.7806355,0,0
2012-07-13 09:00:00,-1.5431722,0,0
2012-07-13 10:00:00,-1.3472271,0,0
2012-07-13 11:00:00,-1.1029617,0,0
2012-07-13 12:00:00,-1.1038253,0,0
2012-07-13 13:00:00,-0.93044424,0,0
2012-07-13 14:00:00,-0.90890175,0,0
2012-07-13 15:00:00,-0.90431106,0,0
2012-07-13 16:00:00,-0.9191568,0,0
2012-07-13 17:00:00,-0.93930364,0,0
2012-07-13 18:00:00,-1.1621839,0,0
2012-07-13 19:00:00,-1.3531804,0,0
2012-07-13 20:00:00,-1.4850487,0,0
2012-07-13 21:00:00,-1.4942786,0,0
2012-07-13 22:00:00,-1.6234342,0,0
2012-07-13 23:00:00,-1.6353718,0,0
2012-07-14 00:00:00,-1.6576589,1,0
2012-07-14 01:00:00,-1.636177,1,0
2012-07-14 02:00:00,-1.6868056,1,0
2012-07-14 03:00:00,-1.6934941,1,0
2012-07-14 04:00:00,-1.6943735,1,0
2012-07-14 05:00:00,-1.7911599,1,0
2012-07-14 06:00:00,-1.8076382,1,0
2012-07-14 07:00:00,-1.8290458,1,0
2012-07-14 08:00:00,-1.9096735,1,0
2012-07-14 09:00:00,-1.8363909,1,0
2012-07-14 10:00:00,-1.7541354,1,0
2012-07-14 11:00:00,-1.6203023,1,0
2012-07-14 12:00:00,-1.4961957,1,0
2012-07-14 13:00:00,-1.3679367,1,0
2012-07-14 14:00:00,-1.3439821,1,0
2012-07-14 15:00:00,-1.3616544,1,0
2012-07-14 16:00:00,-1.5312847,1,0
2012-07-14 17:00:00,-1.6554852,1,0
2012-07-14 18:00:00,-1.8724768,1,0
2012-07-14 19:00:00,-1.9943893,1,0
2012-07-14 20:00:00,-2.0149229,1,0
2012-07-14 21:00:00,-2.0010881,1,0
2012-07-14 22:00:00,-1.9967234,1,0
2012-07-14 23:00:00,-2.0005388,1,0
2012-07-15 00:00:00,-1.8494257,1,0
2012-07-15 01:00:00,-1.898078,1,0
2012-07-15 02:00:00,-2.0569348,1,0
2012-07-15 03:00:00,-2.219111,1,0
2012-07-15 04:00:00,-2.4419513,1,0
2012-07-15 05:00:00,-2.561386,1,0
2012-07-15 06:00:00,-2.5772994,1,0
2012-07-15 07:00:00,-2.6350055,1,0
2012-07-15 08:00:00,-2.6905692,1,0
2012-07-15 09:00:00,-2.55553,1,0
2012-07-15 10:00:00,-2.297625,1,0
2012-07-15 11:00:00,-2.0051978,1,0
2012-07-15 12:00:00,-1.7575455,1,0
2012-07-15 13:00:00,-1.485996,1,0
2012-07-15 14:00:00,-1.3498844,1,0
2012-07-15 15:00:00,-1.2587584,1,0
2012-07-15 16:00:00,-1.3125135,1,0
2012-07-15 17:00:00,-1.3014156,1,0
2012-07-15 18:00:00,-1.3080593,1,0
2012-07-15 19:00:00,-1.2777929,1,0
2012-07-15 20:00:00,-1.2533356,1,0
2012-07-15 21:00:00,-1.2388339,1,0
2012-07-15 22:00:00,-1.2521468,1,0
2012-07-15 23:00:00,-1.3021935,1,0
2012-07-16 00:00:00,-1.2835037,0,0
2012-07-16 01:00:00,-1.2891743,0,0
2012-07-16 02:00:00,-1.3904098,0,0
2012-07-16 03:00:00,-1.4612526,0,0
2012-07-16 04:00:00,-1.4934043,0,0
2012-07-16 05:00:00,-1.3692993,0,0
2012-07-16 06:00:00,-1.3605598,0,0
2012-07-16 07:00:00,-1.360171,0,0
2012-07-16 08:00:00,-1.3292928,0,0
2012-07-16 09:00:00,-1.1238,0,0
2012-07-16 10:00:00,-0.9271656,0,0
2012-07-16 11:00:00,-0.802936,0,0
2012-07-16 12:00:00,-0.6762494,0,0
2012-07-16 13:00:00,-0.5782174,0,0
2012-07-16 14:00:00,-0.49495155,0,0
2012-07-16 15:00:00,-0.45562088,0,0
2012-07-16 16:00:00,-0.51003236,0,0
2012-07-16 17:00:00,-0.6393418,0,0
2012-07-16 18:00:00,-0.7987983,0,0
2012-07-16 19:00:00,-0.87916344,0,0
2012-07-16 20:00:00,-0.96406925,0,0
2012-07-16 21:00:00,-1.0422124,0,0
2012-07-16 22:00:00,-1.0890833,0,0
2012-07-16 23:00:00,-1.1373934,0,0
2012-07-17 00:00:00,-1.1646103,0,0
2012-07-17 01:00:00,-1.2313979,0,0
2012-07-17 02:00:00,-1.322204,0,0
2012-07-17 03:00:00,-1.4072014,0,0
2012-07-17 04:00:00,-1.4661757,0,0
2012-07-17 05:00:00,-1.4298031,0,0
2012-07-17 06:00:00,-1.493707,0,0
2012-07-17 07:00:00,-1.5957423,0,0
2012-07-17 08:00:00,-1.6313045,0,0
2012-07-17 09:00:00,-1.498403,0,0
2012-07-17 10:00:00,-1.2834157,0,0
2012-07-17 11:00:00,-1.06222,0,0
2012-07-17 12:00:00,-0.8786652,0,0
2012-07-17 13:00:00,-0.8126895,0,0
2012-07-17 14:00:00,-0.83032393,0,0
2012-07-17 15:00:00,-0.8536757,0,0
2012-07-17 16:00:00,-0.9263019,0,0
2012-07-17 17:00:00,-1.1431123,0,0
2012-07-17 18:00:00,-1.3296149,0,0
2012-07-17 19:00:00,-1.4581192,0,0
2012-07-17 20:00:00,-1.5317212,0,0
2012-07-17 21:00:00,-1.5862345,0,0
2012-07-17 22:00:00,-1.6448995,0,0
2012-07-17 23:00:00,-1.6937747,0,0
2012-07-18 00:00:00,-1.7449687,0,0
2012-07-18 01:00:00,-1.7885202,0,0
2012-07-18 02:00:00,-1.8409823,0,0
2012-07-18 03:00:00,-1.8890749,0,0
2012-07-18 04:00:00,-1.9199581,0,0
2012-07-18 05:00:00,-1.9275588,0,0
2012-07-18 06:00:00,-1.939752,0,0
2012-07-18 07:00:00,-1.9931731,0,0
2012-07-18 08:00:00,-1.9978952,0,0
2012-07-18 09:00:00,-1.8950078,0,0
2012-07-18 10:00:00,-1.716514,0,0
2012-07-18 11:00:00,-1.5479084,0,0
2012-07-18 12:00:00,-1.5404664,0,0
2012-07-18 13:00:00,-1.607228,0,0
2012-07-18 14:00:00,-1.7954185,0,0
2012-07-18 15:00:00,-1.921286,0,0
2012-07-18 16:00:00,-1.9532166,0,0
2012-07-18 17:00:00,-2.0381207,0,0
2012-07-18 18:00:00,-2.181087,0,0
2012-07-18 19:00:00,-2.2529511,0,0
2012-07-18 20:00:00,-2.2551885,0,0
2012-07-18 21:00:00,-2.3438628,0,0
2012-07-18 22:00:00,-2.4346793,0,0
2012-07-18 23:00:00,-2.542534,0,0
2012-07-19 00:00:00,-2.6315176,0,0
2012-07-19 01:00:00,-2.7139091,0,0
2012-07-19 02:00:00,-2.7994025,0,0
2012-07-19 03:00:00,-2.8762026,0,0
2012-07-19 04:00:00,-2.925883,0,0
2012-07-19 05:00:00,-2.964505,0,0
2012-07-19 06:00:00,-3.0508723,0,0
2012-07-19 07:00:00,-3.1183684,0,0
2012-07-19 08:00:00,-3.1473439,0,0
2012-07-19 09:00:00,-2.8452582,0,0
2012-07-19 10:00:00,-2.4143484,0,0
2012-07-19 11:00:00,-2.0334284,0,0
2012-07-19 12:00:00,-1.823412,0,0
2012-07-19 13:00:00,-1.7222458,0,0
2012-07-19 14:00:00,-1.6343491,0,0
2012-07-19 15:00:00,-1.5449375,0,0
2012-07-19 16:00:00,-1.5340056,0,0
2012-07-19 17:00:00,-1.710181,0,0
2012-07-19 18:00:00,-1.8033354,0,0
2012-07-19 19:00:00,-1.8926109,0,0
2012-07-19 20:00:00,-1.955549,0,0
2012-07-19 21:00:00,-2.0228102,0,0
2012-07-19 22:00:00,-2.0702462,0,0
2012-07-19 23:00:00,-2.0593367,0,0
2012-07-20 00:00:00,-2.0655396,0,0
2012-07-20 01:00:00,-2.072793,0,0
2012-07-20 02:00:00,-2.0696967,0,0
2012-07-20 03:00:00,-2.0353281,0,0
2012-07-20 04:00:00,-1.96593,0,0
2012-07-20 05:00:00,-1.9294189,0,0
2012-07-20 06:00:00,-1.9657967,0,0
2012-07-20 07:00:00,-1.9716108,0,0
2012-07-20 08:00:00,-1.9596041,0,0
2012-07-20 09:00:00,-1.7027047,0,0
2012-07-20 10:00:00,-1.3586999,0,0
2012-07-20 11:00:00,-1.1642305,0,0
2012-07-20 12:00:00,-1.0714424,0,0
2012-07-20 13:00:00,-0.98000216,0,0
2012-07-20 14:00:00,-0.9257343,0,0
2012-07-20 15:00:00,-0.9005633,0,0
2012-07-20 16:00:00,-0.868006,0,0
2012-07-20 17:00:00,-0.952473,0,0
2012-07-20 18:00:00,-1.1028534,0,0
2012-07-20 19:00:00,-1.210311,0,0
2012-07-20 20:00:00,-1.2757823,0,0
2012-07-20 21:00:00,-1.6392093,0,0
2012-07-20 22:00:00,-1.7625089,0,0
2012-07-20 23:00:00,-1.856028,0,0
2012-07-21 00:00:00,-1.9553559,1,0
2012-07-21 01:00:00,-1.9365865,1,0
2012-07-21 02:00:00,-2.1303818,1,0
2012-07-21 03:00:00,-2.0917923,1,0
2012-07-21 04:00:00,-2.1275308,1,0
2012-07-21 05:00:00,-2.1543589,1,0
2012-07-21 06:00:00,-2.1995676,1,0
2012-07-21 07:00:00,-2.260375,1,0
2012-07-21 08:00:00,-2.2666748,1,0
2012-07-21 09:00:00,-1.8633412,1,0
2012-07-21 10:00:00,-1.3137966,1,0
2012-07-21 11:00:00,-1.1053388,1,0
2012-07-21 12:00:00,-0.93356264,1,0
2012-07-21 13:00:00,-0.85954404,1,0
2012-07-21 14:00:00,-0.8245832,1,0
2012-07-21 15:00:00,-0.7618406,1,0
2012-07-21 16:00:00,-0.7851113,1,0
2012-07-21 17:00:00,-0.878508,1,0
2012-07-21 18:00:00,-1.1034827,1,0
2012-07-21 19:00:00,-1.5210655,1,0
2012-07-21 20:00:00,-1.9108593,1,0
2012-07-21 21:00:00,-2.1549692,1,0
2012-07-21 22:00:00,-2.2809818,1,0
2012-07-21 23:00:00,-2.3159428,1,0
2012-07-22 00:00:00,-2.5002677,1,0
2012-07-22 01:00:00,-2.5762856,1,0
2012-07-22 02:00:00,-2.611464,1,0
2012-07-22 03:00:00,-2.6359043,1,0
2012-07-22 04:00:00,-2.5708065,1,0
2012-07-22 05:00:00,-2.589826,1,0
2012-07-22 06:00:00,-2.4782512,1,0
2012-07-22 07:00:00,-2.2033236,1,0
2012-07-22 08:00:00,-2.0280106,1,0
2012-07-22 09:00:00,-1.7045964,1,0
2012-07-22 10:00:00,-1.4965428,1,0
2012-07-22 11:00:00,-1.2818868,1,0
2012-07-22 12:00:00,-1.2239007,1,0
2012-07-22 13:00:00,-1.125746,1,0
2012-07-22 14:00:00,-1.0905621,1,0
2012-07-22 15:00:00,-1.0676132,1,0
2012-07-22 16:00:00,-1.0724463,1,0
2012-07-22 17:00:00,-1.0336238,1,0
2012-07-22 18:00:00,-1.2067547,1,0
2012-07-22 19:00:00,-1.5040786,1,0
2012-07-22 20:00:00,-1.5501709,1,0
2012-07-22 21:00:00,-1.6134477,1,0
2012-07-22 22:00:00,-1.8105452,1,0
2012-07-22 23:00:00,-2.1229095,1,0
2012-07-23 00:00:00,-2.5929523,0,0
2012-07-23 01:00:00,-2.6863203,0,0
2012-07-23 02:00:00,-2.695452,0,0
2012-07-23 03:00:00,-2.6309137,0,0
2012-07-23 04:00:00,-2.573966,0,0
2012-07-23 05:00:00,-2.7577486,0,0
2012-07-23 06:00:00,-2.8190691,0,0
2012-07-23 07:00:00,-2.8591774,0,0
2012-07-23 08:00:00,-2.8536828,0,0
2012-07-23 09:00:00,-2.6503236,0,0
2012-07-23 10:00:00,-2.282214,0,0
2012-07-23 11:00:00,-1.9071926,0,0
2012-07-23 12:00:00,-1.5483717,0,0
2012-07-23 13:00:00,-1.1784875,0,0
2012-07-23 14:00:00,-0.98794377,0,0
2012-07-23 15:00:00,-0.95356196,0,0
2012-07-23 16:00:00,-0.98575187,0,0
2012-07-23 17:00:00,-1.0826389,0,0
2012-07-23 18:00:00,-1.3119398,0,0
2012-07-23 19:00:00,-1.6214278,0,0
2012-07-23 20:00:00,-1.9063268,0,0
2012-07-23 21:00:00,-2.1103008,0,0
2012-07-23 22:00:00,-2.281175,0,0
2012-07-23 23:00:00,-2.4261005,0,0
2012-07-24 00:00:00,-2.5512059,0,0
2012-07-24 01:00:00,-2.6808522,0,0
2012-07-24 02:00:00,-2.7810595,0,0
2012-07-24 03:00:00,-2.8561976,0,0
2012-07-24 04:00:00,-2.9447868,0,0
2012-07-24 05:00:00,-2.9209168,0,0
2012-07-24 06:00:00,-3.0198557,0,0
2012-07-24 07:00:00,-3.094994,0,0
2012-07-24 08:00:00,-3.0874538,0,0
2012-07-24 09:00:00,-2.7790732,0,0
2012-07-24 10:00:00,-2.2349682,0,0
2012-07-24 11:00:00,-1.8004614,0,0
2012-07-24 12:00:00,-1.5636616,0,0
2012-07-24 13:00:00,-1.4691957,0,0
2012-07-24 14:00:00,-1.4468931,0,0
2012-07-24 15:00:00,-1.4254352,0,0
2012-07-24 16:00:00,-1.3866353,0,0
2012-07-24 17:00:00,-1.4696959,0,0
2012-07-24 18:00:00,-1.638457,0,0
2012-07-24 19:00:00,-1.7419662,0,0
2012-07-24 20:00:00,-1.8103247,0,0
2012-07-24 21:00:00,-1.8612509,0,0
2012-07-24 22:00:00,-1.8952358,0,0
2012-07-24 23:00:00,-1.9677408,0,0
2012-07-25 00:00:00,-2.0096822,0,0
2012-07-25 01:00:00,-2.0387323,0,0
2012-07-25 02:00:00,-2.0319693,0,0
2012-07-25 03:00:00,-2.0624588,0,0
2012-07-25 04:00:00,-2.1367176,0,0
2012-07-25 05:00:00,-2.251634,0,0
2012-07-25 06:00:00,-2.303355,0,0
2012-07-25 07:00:00,-2.3476098,0,0
2012-07-25 08:00:00,-2.321587,0,0
2012-07-25 09:00:00,-2.1216853,0,0
2012-07-25 10:00:00,-1.8358549,0,0
2012-07-25 11:00:00,-1.5356418,0,0
2012-07-25 12:00:00,-1.3259727,0,0
2012-07-25 13:00:00,-1.1763527,0,0
2012-07-25 14:00:00,-1.0794127,0,0
2012-07-25 15:00:00,-1.0419673,0,0
2012-07-25 16:00:00,-1.0804378,0,0
2012-07-25 17:00:00,-1.2042993,0,0
2012-07-25 18:00:00,-1.3155894,0,0
2012-07-25 19:00:00,-1.3676128,0,0
2012-07-25 20:00:00,-1.4494171,0,0
2012-07-25 21:00:00,-1.5010465,0,0
2012-07-25 22:00:00,-1.533934,0,0
2012-07-25 23:00:00,-1.5496124,0,0
2012-07-26 00:00:00,-1.5694427,0,0
2012-07-26 01:00:00,-1.5483872,0,0
2012-07-26 02:00:00,-1.5745069,0,0
2012-07-26 03:00:00,-1.6124674,0,0
2012-07-26 04:00:00,-1.6420773,0,0
2012-07-26 05:00:00,-1.8908937,0,0
2012-07-26 06:00:00,-1.92685,0,0
2012-07-26 07:00:00,-2.0096254,0,0
2012-07-26 08:00:00,-1.9983218,0,0
2012-07-26 09:00:00,-1.9353888,0,0
2012-07-26 10:00:00,-1.8373737,0,0
2012-07-26 11:00:00,-1.6951954,0,0
2012-07-26 12:00:00,-1.6277113,0,0
2012-07-26 13:00:00,-1.4957533,0,0
2012-07-26 14:00:00,-1.4547709,0,0
2012-07-26 15:00:00,-1.4216535,0,0
2012-07-26 16:00:00,-1.4323006,0,0
2012-07-26 17:00:00,-1.5599254,0,0
2012-07-26 18:00:00,-1.6744931,0,0
2012-07-26 19:00:00,-1.7217579,0,0
2012-07-26 20:00:00,-1.7986327,0,0
2012-07-26 21:00:00,-1.829345,0,0
2012-07-26 22:00:00,-1.8432868,0,0
2012-07-26 23:00:00,-1.8503691,0,0
2012-07-27 00:00:00,-1.8160008,0,0
2012-07-27 01:00:00,-1.833604,0,0
2012-07-27 02:00:00,-1.8210322,0,0
2012-07-27 03:00:00,-1.8399035,0,0
2012-07-27 04:00:00,-1.8591636,0,0
2012-07-27 05:00:00,-1.8375431,0,0
2012-07-27 06:00:00,-1.8504347,0,0
2012-07-27 07:00:00,-1.894204,0,0
2012-07-27 08:00:00,-1.8674779,0,0
2012-07-27 09:00:00,-1.7703029,0,0
2012-07-27 10:00:00,-1.6123649,0,0
2012-07-27 11:00:00,-1.3869414,0,0
2012-07-27 12:00:00,-1.1322448,0,0
2012-07-27 13:00:00,-0.98931855,0,0
2012-07-27 14:00:00,-0.9822309,0,0
2012-07-27 15:00:00,-1.0229682,0,0
2012-07-27 16:00:00,-1.0595586,0,0
2012-07-27 17:00:00,-1.3564264,0,0
2012-07-27 18:00:00,-1.4684246,0,0
2012-07-27 19:00:00,-1.5639944,0,0
2012-07-27 20:00:00,-1.5999508,0,0
2012-07-27 21:00:00,-1.6482611,0,0
2012-07-27 22:00:00,-1.6747746,0,0
2012-07-27 23:00:00,-1.7179791,0,0
2012-07-28 00:00:00,-1.8173018,1,0
2012-07-28 01:00:00,-1.97384,1,0
2012-07-28 02:00:00,-2.1670704,1,0
2012-07-28 03:00:00,-2.3897398,1,0
2012-07-28 04:00:00,-2.5206542,1,0
2012-07-28 05:00:00,-2.4825056,1,0
2012-07-28 06:00:00,-2.409233,1,0
2012-07-28 07:00:00,-2.262799,1,0
2012-07-28 08:00:00,-2.1777327,1,0
2012-07-28 09:00:00,-1.9152005,1,0
2012-07-28 10:00:00,-1.6103381,1,0
2012-07-28 11:00:00,-1.3328531,1,0
2012-07-28 12:00:00,-1.1206423,1,0
2012-07-28 13:00:00,-0.99040675,1,0
2012-07-28 14:00:00,-0.9713869,1,0
2012-07-28 15:00:00,-1.0533986,1,0
2012-07-28 16:00:00,-1.266204,1,0
2012-07-28 17:00:00,-1.3898997,1,0
2012-07-28 18:00:00,-1.5218941,1,0
2012-07-28 19:00:00,-1.593881,1,0
2012-07-28 20:00:00,-1.7179308,1,0
2012-07-28 21:00:00,-1.8650783,1,0
2012-07-28 22:00:00,-1.9925767,1,0
2012-07-28 23:00:00,-2.1329944,1,0
2012-07-29 00:00:00,-2.2059846,1,0
2012-07-29 01:00:00,-2.1935892,1,0
2012-07-29 02:00:00,-2.2267911,1,0
2012-07-29 03:00:00,-2.2683387,1,0
2012-07-29 04:00:00,-2.3380566,1,0
2012-07-29 05:00:00,-2.4083397,1,0
2012-07-29 06:00:00,-2.503127,1,0
2012-07-29 07:00:00,-2.5330565,1,0
2012-07-29 08:00:00,-2.5231974,1,0
2012-07-29 09:00:00,-2.314219,1,0
2012-07-29 10:00:00,-2.116802,1,0
2012-07-29 11:00:00,-2.0171719,1,0
2012-07-29 12:00:00,-1.9020615,1,0
2012-07-29 13:00:00,-1.883698,1,0
2012-07-29 14:00:00,-1.809211,1,0
2012-07-29 15:00:00,-1.8192085,1,0
2012-07-29 16:00:00,-1.8656354,1,0
2012-07-29 17:00:00,-1.8151813,1,0
2012-07-29 18:00:00,-1.9210614,1,0
2012-07-29 19:00:00,-1.992521,1,0
2012-07-29 20:00:00,-2.00764,1,0
2012-07-29 21:00:00,-1.942445,1,0
2012-07-29 22:00:00,-1.9284341,1,0
2012-07-29 23:00:00,-1.9502307,1,0
2012-07-30 00:00:00,-1.9420286,0,0
2012-07-30 01:00:00,-1.9783267,0,0
2012-07-30 02:00:00,-2.0813162,0,0
2012-07-30 03:00:00,-2.0807564,0,0
2012-07-30 04:00:00,-2.0700178,0,0
2012-07-30 05:00:00,-2.1506126,0,0
2012-07-30 06:00:00,-2.200191,0,0
2012-07-30 07:00:00,-2.2215989,0,0
2012-07-30 08:00:00,-2.1825187,0,0
2012-07-30 09:00:00,-1.9989986,0,0
2012-07-30 10:00:00,-1.7917916,0,0
2012-07-30 11:00:00,-1.7552996,0,0
2012-07-30 12:00:00,-1.6989754,0,0
2012-07-30 13:00:00,-1.6399442,0,0
2012-07-30 14:00:00,-1.6136239,0,0
2012-07-30 15:00:00,-1.6548415,0,0
2012-07-30 16:00:00,-1.6679386,0,0
2012-07-30 17:00:00,-1.6650153,0,0
2012-07-30 18:00:00,-1.8184973,0,0
2012-07-30 19:00:00,-1.8910544,0,0
2012-07-30 20:00:00,-1.9248679,0,0
2012-07-30 21:00:00,-1.9274096,0,0
2012-07-30 22:00:00,-1.9672034,0,0
2012-07-30 23:00:00,-2.0078766,0,0
2012-07-31 00:00:00,-1.9793171,0,0
2012-07-31 01:00:00,-2.0647085,0,0
2012-07-31 02:00:00,-2.126081,0,0
2012-07-31 03:00:00,-2.2272422,0,0
2012-07-31 04:00:00,-2.2798755,0,0
2012-07-31 05:00:00,-2.4375486,0,0
2012-07-31 06:00:00,-2.4760466,0,0
2012-07-31 07:00:00,-2.61192,0,0
2012-07-31 08:00:00,-2.6480768,0,0
2012-07-31 09:00:00,-2.3569813,0,0
2012-07-31 10:00:00,-1.9680226,0,0
2012-07-31 11:00:00,-1.9711897,0,0
2012-07-31 12:00:00,-1.8752378,0,0
2012-07-31 13:00:00,-1.7998664,0,0
2012-07-31 14:00:00,-1.8112062,0,0
2012-07-31 15:00:00,-1.8401617,0,0
2012-07-31 16:00:00,-1.834702,0,0
2012-07-31 17:00:00,-1.8149741,0,0
2012-07-31 18:00:00,-1.9781543,0,0
2012-07-31 19:00:00,-2.090899,0,0
2012-07-31 20:00:00,-2.1739817,0,0
2012-07-31 21:00:00,-2.379651,0,0
2012-07-31 22:00:00,-2.3832917,0,0
2012-07-31 23:00:00,-2.4628515,0,0
2012-08-01 00:00:00,-2.6493056,0,0
2012-08-01 01:00:00,-2.8599732,0,0
2012-08-01 02:00:00,-2.9038444,0,0
2012-08-01 03:00:00,-2.9962435,0,0
2012-08-01 04:00:00,-3.076123,0,0
2012-08-01 05:00:00,-3.1470678,0,0
2012-08-01 06:00:00,-3.2683837,0,0
2012-08-01 07:00:00,-3.388654,0,0
2012-08-01 08:00:00,-3.2018201,0,0
2012-08-01 09:00:00,-2.8432775,0,0
2012-08-01 10:00:00,-2.576247,0,0
2012-08-01 11:00:00,-2.1883295,0,0
2012-08-01 12:00:00,-1.9362074,0,0
2012-08-01 13:00:00,-1.763742,0,0
2012-08-01 14:00:00,-1.6919127,0,0
2012-08-01 15:00:00,-1.6588837,0,0
2012-08-01 16:00:00,-1.680368,0,0
2012-08-01 17:00:00,-1.6699063,0,0
2012-08-01 18:00:00,-1.861646,0,0
2012-08-01 19:00:00,-2.025483,0,0
2012-08-01 20:00:00,-2.261175,0,0
2012-08-01 21:00:00,-2.2359407,0,0
2012-08-01 22:00:00,-2.3707688,0,0
2012-08-01 23:00:00,-2.9110029,0,0
2012-08-02 00:00:00,-3.3985295,0,0
2012-08-02 01:00:00,-3.6572325,0,0
2012-08-02 02:00:00,-3.8184187,0,0
2012-08-02 03:00:00,-3.8953156,0,0
2012-08-02 04:00:00,-3.901764,0,0
2012-08-02 05:00:00,-3.8493342,0,0
2012-08-02 06:00:00,-3.7229655,0,0
2012-08-02 07:00:00,-3.6329646,0,0
2012-08-02 08:00:00,-3.4840858,0,0
2012-08-02 09:00:00,-3.186055,0,0
2012-08-02 10:00:00,-2.7512164,0,0
2012-08-02 11:00:00,-2.3881173,0,0
2012-08-02 12:00:00,-2.0662682,0,0
2012-08-02 13:00:00,-1.9662164,0,0
2012-08-02 14:00:00,-1.9806527,0,0
2012-08-02 15:00:00,-2.001995,0,0
2012-08-02 16:00:00,-2.019063,0,0
2012-08-02 17:00:00,-2.0984519,0,0
2012-08-02 18:00:00,-2.2170696,0,0
2012-08-02 19:00:00,-2.3041973,0,0
2012-08-02 20:00:00,-2.3783593,0,0
2012-08-02 21:00:00,-2.4210784,0,0
2012-08-02 22:00:00,-2.4832284,0,0
2012-08-02 23:00:00,-2.5319276,0,0
2012-08-03 00:00:00,-2.5448136,0,0
2012-08-03 01:00:00,-2.5529413,0,0
2012-08-03 02:00:00,-2.5947342,0,0
2012-08-03 03:00:00,-2.7037883,0,0
2012-08-03 04:00:00,-2.7601347,0,0
2012-08-03 05:00:00,-2.7407086,0,0
2012-08-03 06:00:00,-2.7981005,0,0
2012-08-03 07:00:00,-2.837111,0,0
2012-08-03 08:00:00,-2.8681655,0,0
2012-08-03 09:00:00,-2.6303086,0,0
2012-08-03 10:00:00,-2.312252,0,0
2012-08-03 11:00:00,-2.0133073,0,0
2012-08-03 12:00:00,-1.7398207,0,0
2012-08-03 13:00:00,-1.554298,0,0
2012-08-03 14:00:00,-1.530043,0,0
2012-08-03 15:00:00,-1.5288907,0,0
2012-08-03 16:00:00,-1.513859,0,0
2012-08-03 17:00:00,-1.4810632,0,0
2012-08-03 18:00:00,-1.7751751,0,0
2012-08-03 19:00:00,-1.9311417,0,0
2012-08-03 20:00:00,-2.0803454,0,0
2012-08-03 21:00:00,-2.1361268,0,0
2012-08-03 22:00:00,-2.1560953,0,0
2012-08-03 23:00:00,-2.1623948,0,0
2012-08-04 00:00:00,-2.1084192,1,0
2012-08-04 01:00:00,-2.0869367,1,0
2012-08-04 02:00:00,-2.086719,1,0
2012-08-04 03:00:00,-2.098199,1,0
2012-08-04 04:00:00,-2.0815132,1,0
2012-08-04 05:00:00,-1.9453375,1,0
2012-08-04 06:00:00,-1.8882982,1,0
2012-08-04 07:00:00,-1.9223106,1,0
2012-08-04 08:00:00,-2.0267391,1,0
2012-08-04 09:00:00,-1.8212513,1,0
2012-08-04 10:00:00,-1.7341993,1,0
2012-08-04 11:00:00,-1.7230856,1,0
2012-08-04 12:00:00,-1.714479,1,0
2012-08-04 13:00:00,-1.647966,1,0
2012-08-04 14:00:00,-1.5809453,1,0
2012-08-04 15:00:00,-1.5842956,1,0
2012-08-04 16:00:00,-1.6177123,1,0
2012-08-04 17:00:00,-1.5666207,1,0
2012-08-04 18:00:00,-1.8742357,1,0
2012-08-04 19:00:00,-2.0632331,1,0
2012-08-04 20:00:00,-2.1631727,1,0
2012-08-04 21:00:00,-2.2434635,1,0
2012-08-04 22:00:00,-2.2379742,1,0
2012-08-04 23:00:00,-2.2016068,1,0
2012-08-05 00:00:00,-2.18362,1,0
2012-08-05 01:00:00,-2.1743207,1,0
2012-08-05 02:00:00,-2.16136,1,0
2012-08-05 03:00:00,-2.0856204,1,0
2012-08-05 04:00:00,-2.0247765,1,0
2012-08-05 05:00:00,-1.9953429,1,0
2012-08-05 06:00:00,-1.9939088,1,0
2012-08-05 07:00:00,-1.9661322,1,0
2012-08-05 08:00:00,-1.9617676,1,0
2012-08-05 09:00:00,-1.8169388,1,0
2012-08-05 10:00:00,-1.5201471,1,0
2012-08-05 11:00:00,-1.3421454,1,0
2012-08-05 12:00:00,-1.2806258,1,0
2012-08-05 13:00:00,-1.2384514,1,0
2012-08-05 14:00:00,-1.243621,1,0
2012-08-05 15:00:00,-1.1870002,1,0
2012-08-05 16:00:00,-1.2365943,1,0
2012-08-05 17:00:00,-1.4402939,1,0
2012-08-05 18:00:00,-1.6828871,1,0
2012-08-05 19:00:00,-1.9617264,1,0
2012-08-05 20:00:00,-2.2421763,1,0
2012-08-05 21:00:00,-2.455204,1,0
2012-08-05 22:00:00,-2.6010091,1,0
2012-08-05 23:00:00,-2.760265,1,0
2012-08-06 00:00:00,-2.7974482,0,0
2012-08-06 01:00:00,-2.8449807,0,0
2012-08-06 02:00:00,-2.9112084,0,0
2012-08-06 03:00:00,-2.989448,0,0
2012-08-06 04:00:00,-3.0513113,0,0
2012-08-06 05:00:00,-2.9188662,0,0
2012-08-06 06:00:00,-2.90298,0,0
2012-08-06 07:00:00,-2.911678,0,0
2012-08-06 08:00:00,-2.8691075,0,0
2012-08-06 09:00:00,-2.6537883,0,0
2012-08-06 10:00:00,-2.4924738,0,0
2012-08-06 11:00:00,-2.39157,0,0
2012-08-06 12:00:00,-2.2517848,0,0
2012-08-06 13:00:00,-2.144986,0,0
2012-08-06 14:00:00,-2.0457392,0,0
2012-08-06 15:00:00,-2.0320668,0,0
2012-08-06 16:00:00,-1.9974778,0,0
2012-08-06 17:00:00,-1.9831127,0,0
2012-08-06 18:00:00,-2.098069,0,0
2012-08-06 19:00:00,-2.1976995,0,0
2012-08-06 20:00:00,-2.2884192,0,0
2012-08-06 21:00:00,-2.3683956,0,0
2012-08-06 22:00:00,-2.4686825,0,0
2012-08-06 23:00:00,-2.5138967,0,0
2012-08-07 00:00:00,-2.581078,0,0
2012-08-07 01:00:00,-2.6717186,0,0
2012-08-07 02:00:00,-2.7648485,0,0
2012-08-07 03:00:00,-2.801855,0,0
2012-08-07 04:00:00,-2.880266,0,0
2012-08-07 05:00:00,-2.8002725,0,0
2012-08-07 06:00:00,-2.8022022,0,0
2012-08-07 07:00:00,-2.779281,0,0
2012-08-07 08:00:00,-2.687132,0,0
2012-08-07 09:00:00,-2.401844,0,0
2012-08-07 10:00:00,-2.036694,0,0
2012-08-07 11:00:00,-1.730273,0,0
2012-08-07 12:00:00,-1.6002568,0,0
2012-08-07 13:00:00,-1.5232699,0,0
2012-08-07 14:00:00,-1.4649832,0,0
2012-08-07 15:00:00,-1.4536991,0,0
2012-08-07 16:00:00,-1.4286596,0,0
2012-08-07 17:00:00,-1.5803773,0,0
2012-08-07 18:00:00,-1.8034754,0,0
2012-08-07 19:00:00,-1.9162097,0,0
2012-08-07 20:00:00,-1.991469,0,0
2012-08-07 21:00:00,-2.0543277,0,0
2012-08-07 22:00:00,-2.1086648,0,0
2012-08-07 23:00:00,-2.1615157,0,0
2012-08-08 00:00:00,-2.1971107,0,0
2012-08-08 01:00:00,-2.2486932,0,0
2012-08-08 02:00:00,-2.2926338,0,0
2012-08-08 03:00:00,-2.3320336,0,0
2012-08-08 04:00:00,-2.36724,0,0
2012-08-08 05:00:00,-2.4204848,0,0
2012-08-08 06:00:00,-2.4900265,0,0
2012-08-08 07:00:00,-2.5157573,0,0
2012-08-08 08:00:00,-2.4925265,0,0
2012-08-08 09:00:00,-2.3654912,0,0
2012-08-08 10:00:00,-2.1201906,0,0
2012-08-08 11:00:00,-1.9294498,0,0
2012-08-08 12:00:00,-1.846856,0,0
2012-08-08 13:00:00,-1.6881701,0,0
2012-08-08 14:00:00,-1.6548349,0,0
2012-08-08 15:00:00,-1.6111554,0,0
2012-08-08 16:00:00,-1.6518703,0,0
2012-08-08 17:00:00,-1.5578433,0,0
2012-08-08 18:00:00,-1.658685,0,0
2012-08-08 19:00:00,-1.7384381,0,0
2012-08-08 20:00:00,-1.8534393,0,0
2012-08-08 21:00:00,-1.9357291,0,0
2012-08-08 22:00:00,-1.9762261,0,0
2012-08-08 23:00:00,-2.080798,0,0
2012-08-09 00:00:00,-2.1915674,0,0
2012-08-09 01:00:00,-2.2667005,0,0
2012-08-09 02:00:00,-2.3351452,0,0
2012-08-09 03:00:00,-2.4667907,0,0
2012-08-09 04:00:00,-2.5321388,0,0
2012-08-09 05:00:00,-2.531546,0,0
2012-08-09 06:00:00,-2.5832205,0,0
2012-08-09 07:00:00,-2.6509619,0,0
2012-08-09 08:00:00,-2.6772575,0,0
2012-08-09 09:00:00,-2.5583775,0,0
2012-08-09 10:00:00,-2.4140615,0,0
2012-08-09 11:00:00,-2.131846,0,0
2012-08-09 12:00:00,-1.9561042,0,0
2012-08-09 13:00:00,-1.9243691,0,0
2012-08-09 14:00:00,-1.9004196,0,0
2012-08-09 15:00:00,-1.9488457,0,0
2012-08-09 16:00:00,-2.0575144,0,0
2012-08-09 17:00:00,-2.1391618,0,0
2012-08-09 18:00:00,-2.3787863,0,0
2012-08-09 19:00:00,-2.5019293,0,0
2012-08-09 20:00:00,-2.4433591,0,0
2012-08-09 21:00:00,-2.2789454,0,0
2012-08-09 22:00:00,-2.221991,0,0
2012-08-09 23:00:00,-2.1820366,0,0
2012-08-10 00:00:00,-2.043074,0,0
2012-08-10 01:00:00,-1.9536844,0,0
2012-08-10 02:00:00,-1.9601967,0,0
2012-08-10 03:00:00,-1.9126276,0,0
2012-08-10 04:00:00,-1.8699137,0,0
2012-08-10 05:00:00,-1.8628366,0,0
2012-08-10 06:00:00,-1.8339628,0,0
2012-08-10 07:00:00,-1.8190724,0,0
2012-08-10 08:00:00,-1.7909017,0,0
2012-08-10 09:00:00,-1.6964289,0,0
2012-08-10 10:00:00,-1.5488875,0,0
2012-08-10 11:00:00,-1.545164,0,0
2012-08-10 12:00:00,-1.4502867,0,0
2012-08-10 13:00:00,-1.3927,0,0
2012-08-10 14:00:00,-1.3656437,0,0
2012-08-10 15:00:00,-1.3878516,0,0
2012-08-10 16:00:00,-1.4357179,0,0
2012-08-10 17:00:00,-1.4648943,0,0
2012-08-10 18:00:00,-1.574351,0,0
2012-08-10 19:00:00,-1.6790491,0,0
2012-08-10 20:00:00,-1.7360989,0,0
2012-08-10 21:00:00,-1.7270173,0,0
2012-08-10 22:00:00,-1.7918801,0,0
2012-08-10 23:00:00,-1.8252999,0,0
2012-08-11 00:00:00,-1.8561832,1,0
2012-08-11 01:00:00,-1.83566,1,0
2012-08-11 02:00:00,-1.847848,1,0
2012-08-11 03:00:00,-1.791512,1,0
2012-08-11 04:00:00,-1.7560933,1,0
2012-08-11 05:00:00,-1.7202855,1,0
2012-08-11 06:00:00,-1.7611246,1,0
2012-08-11 07:00:00,-1.8201734,1,0
2012-08-11 08:00:00,-1.8048941,1,0
2012-08-11 09:00:00,-1.6375325,1,0
2012-08-11 10:00:00,-1.4844395,1,0
2012-08-11 11:00:00,-1.4826251,1,0
2012-08-11 12:00:00,-1.4113588,1,0
2012-08-11 13:00:00,-1.3309247,1,0
2012-08-11 14:00:00,-1.2866127,1,0
2012-08-11 15:00:00,-1.2900063,1,0
2012-08-11 16:00:00,-1.2826562,1,0
2012-08-11 17:00:00,-1.2957587,1,0
2012-08-11 18:00:00,-1.458151,1,0
2012-08-11 19:00:00,-1.60487,1,0
2012-08-11 20:00:00,-1.6935858,1,0
2012-08-11 21:00:00,-1.7181002,1,0
2012-08-11 22:00:00,-1.8090826,1,0
2012-08-11 23:00:00,-1.9454917,1,0
2012-08-12 00:00:00,-2.027588,1,0
2012-08-12 01:00:00,-1.9485015,1,0
2012-08-12 02:00:00,-1.9181383,1,0
2012-08-12 03:00:00,-1.889019,1,0
2012-08-12 04:00:00,-1.9369406,1,0
2012-08-12 05:00:00,-1.9833982,1,0
2012-08-12 06:00:00,-1.971877,1,0
2012-08-12 07:00:00,-1.994776,1,0
2012-08-12 08:00:00,-1.9968768,1,0
2012-08-12 09:00:00,-1.7554481,1,0
2012-08-12 10:00:00,-1.4425544,1,0
2012-08-12 11:00:00,-1.3478433,1,0
2012-08-12 12:00:00,-1.2399315,1,0
2012-08-12 13:00:00,-1.1683699,1,0
2012-08-12 14:00:00,-1.1224029,1,0
2012-08-12 15:00:00,-1.1249741,1,0
2012-08-12 16:00:00,-1.1176293,1,0
2012-08-12 17:00:00,-1.1490794,1,0
2012-08-12 18:00:00,-1.2845695,1,0
2012-08-12 19:00:00,-1.4511085,1,0
2012-08-12 20:00:00,-1.627923,1,0
2012-08-12 21:00:00,-1.7185633,1,0
2012-08-12 22:00:00,-1.8257046,1,0
2012-08-12 23:00:00,-2.017843,1,0
2012-08-13 00:00:00,-1.9589,0,0
2012-08-13 01:00:00,-2.025304,0,0
2012-08-13 02:00:00,-2.2696521,0,0
2012-08-13 03:00:00,-2.4188485,0,0
2012-08-13 04:00:00,-2.5235965,0,0
2012-08-13 05:00:00,-2.510636,0,0
2012-08-13 06:00:00,-2.5230865,0,0
2012-08-13 07:00:00,-2.5515249,0,0
2012-08-13 08:00:00,-2.5143697,0,0
2012-08-13 09:00:00,-2.3191466,0,0
2012-08-13 10:00:00,-1.9424028,0,0
2012-08-13 11:00:00,-1.4775828,0,0
2012-08-13 12:00:00,-1.1403304,0,0
2012-08-13 13:00:00,-0.9630151,0,0
2012-08-13 14:00:00,-0.8835384,0,0
2012-08-13 15:00:00,-0.89963686,0,0
2012-08-13 16:00:00,-0.9307623,0,0
2012-08-13 17:00:00,-1.0917846,0,0
2012-08-13 18:00:00,-1.3381186,0,0
2012-08-13 19:00:00,-1.5115639,0,0
2012-08-13 20:00:00,-1.6311576,0,0
2012-08-13 21:00:00,-1.7221868,0,0
2012-08-13 22:00:00,-1.7761348,0,0
2012-08-13 23:00:00,-1.8253247,0,0
2012-08-14 00:00:00,-1.8556428,0,0
2012-08-14 01:00:00,-1.8915524,0,0
2012-08-14 02:00:00,-1.9367611,0,0
2012-08-14 03:00:00,-1.9639778,0,0
2012-08-14 04:00:00,-1.9913657,0,0
2012-08-14 05:00:00,-2.0414295,0,0
2012-08-14 06:00:00,-2.0642767,0,0
2012-08-14 07:00:00,-2.0794816,0,0
2012-08-14 08:00:00,-2.05712,0,0
2012-08-14 09:00:00,-2.0098603,0,0
2012-08-14 10:00:00,-1.8684751,0,0
2012-08-14 11:00:00,-1.6431377,0,0
2012-08-14 12:00:00,-1.4345658,0,0
2012-08-14 13:00:00,-1.2916394,0,0
2012-08-14 14:00:00,-1.1753114,0,0
2012-08-14 15:00:00,-1.049672,0,0
2012-08-14 16:00:00,-1.0681895,0,0
2012-08-14 17:00:00,-1.1498227,0,0
2012-08-14 18:00:00,-1.2774476,0,0
2012-08-14 19:00:00,-1.6012088,0,0
2012-08-14 20:00:00,-1.7136459,0,0
2012-08-14 21:00:00,-1.7537543,0,0
2012-08-14 22:00:00,-1.9148382,0,0
2012-08-14 23:00:00,-2.1322634,0,0
2012-08-15 00:00:00,-2.353058,0,0
2012-08-15 01:00:00,-2.5259364,0,0
2012-08-15 02:00:00,-2.7098727,0,0
2012-08-15 03:00:00,-2.8486004,0,0
2012-08-15 04:00:00,-2.9747562,0,0
2012-08-15 05:00:00,-2.9361718,0,0
2012-08-15 06:00:00,-2.9440873,0,0
2012-08-15 07:00:00,-2.8998594,0,0
2012-08-15 08:00:00,-2.718321,0,0
2012-08-15 09:00:00,-2.4424813,0,0
2012-08-15 10:00:00,-2.1829607,0,0
2012-08-15 11:00:00,-1.9301232,0,0
2012-08-15 12:00:00,-1.7314171,0,0
2012-08-15 13:00:00,-1.6202916,0,0
2012-08-15 14:00:00,-1.5849885,0,0
2012-08-15 15:00:00,-1.5899062,0,0
2012-08-15 16:00:00,-1.5877517,0,0
2012-08-15 17:00:00,-1.5901381,0,0
2012-08-15 18:00:00,-1.6532991,0,0
2012-08-15 19:00:00,-1.7465504,0,0
2012-08-15 20:00:00,-1.8514194,0,0
2012-08-15 21:00:00,-2.009093,0,0
2012-08-15 22:00:00,-2.167155,0,0
2012-08-15 23:00:00,-2.254865,0,0
2012-08-16 00:00:00,-2.287896,0,0
2012-08-16 01:00:00,-2.3383539,0,0
2012-08-16 02:00:00,-2.3947918,0,0
2012-08-16 03:00:00,-2.5398884,0,0
2012-08-16 04:00:00,-2.6655533,0,0
2012-08-16 05:00:00,-2.6620407,0,0
2012-08-16 06:00:00,-2.7152061,0,0
2012-08-16 07:00:00,-2.7909043,0,0
2012-08-16 08:00:00,-2.6969273,0,0
2012-08-16 09:00:00,-2.39692,0,0
2012-08-16 10:00:00,-2.075762,0,0
2012-08-16 11:00:00,-1.7884302,0,0
2012-08-16 12:00:00,-1.6526104,0,0
2012-08-16 13:00:00,-1.5810488,0,0
2012-08-16 14:00:00,-1.3936446,0,0
2012-08-16 15:00:00,-1.2991496,0,0
2012-08-16 16:00:00,-1.3527281,0,0
2012-08-16 17:00:00,-1.6738703,0,0
2012-08-16 18:00:00,-1.8411595,0,0
2012-08-16 19:00:00,-1.9628043,0,0
2012-08-16 20:00:00,-2.0368006,0,0
2012-08-16 21:00:00,-2.0660734,0,0
2012-08-16 22:00:00,-2.0558999,0,0
2012-08-16 23:00:00,-2.019783,0,0
2012-08-17 00:00:00,-1.995113,0,0
2012-08-17 01:00:00,-1.9822321,0,0
2012-08-17 02:00:00,-1.9611766,0,0
2012-08-17 03:00:00,-1.9440694,0,0
2012-08-17 04:00:00,-1.9514939,0,0
2012-08-17 05:00:00,-2.0773249,0,0
2012-08-17 06:00:00,-2.2197087,0,0
2012-08-17 07:00:00,-2.382232,0,0
2012-08-17 08:00:00,-2.4448729,0,0
2012-08-17 09:00:00,-2.3314078,0,0
2012-08-17 10:00:00,-2.169969,0,0
2012-08-17 11:00:00,-1.8880953,0,0
2012-08-17 12:00:00,-1.7355034,0,0
2012-08-17 13:00:00,-1.581472,0,0
2012-08-17 14:00:00,-1.5359437,0,0
2012-08-17 15:00:00,-1.5287648,0,0
2012-08-17 16:00:00,-1.5604724,0,0
2012-08-17 17:00:00,-1.8931203,0,0
2012-08-17 18:00:00,-2.0793326,0,0
2012-08-17 19:00:00,-2.1484513,0,0
2012-08-17 20:00:00,-2.231363,0,0
2012-08-17 21:00:00,-2.2035968,0,0
2012-08-17 22:00:00,-2.0606117,0,0
2012-08-17 23:00:00,-1.9557997,0,0
2012-08-18 00:00:00,-1.8209835,1,0
2012-08-18 01:00:00,-1.8073146,1,0
2012-08-18 02:00:00,-1.7684057,1,0
2012-08-18 03:00:00,-1.7600603,1,0
2012-08-18 04:00:00,-1.7816389,1,0
2012-08-18 05:00:00,-1.7551306,1,0
2012-08-18 06:00:00,-1.7700211,1,0
2012-08-18 07:00:00,-1.7888923,1,0
2012-08-18 08:00:00,-1.7888923,1,0
2012-08-18 09:00:00,-1.6337137,1,0
2012-08-18 10:00:00,-1.5530344,1,0
2012-08-18 11:00:00,-1.4203835,1,0
2012-08-18 12:00:00,-1.3371623,1,0
2012-08-18 13:00:00,-1.2773948,1,0
2012-08-18 14:00:00,-1.3274707,1,0
2012-08-18 15:00:00,-1.4521221,1,0
2012-08-18 16:00:00,-1.6089057,1,0
2012-08-18 17:00:00,-1.7533216,1,0
2012-08-18 18:00:00,-1.9399952,1,0
2012-08-18 19:00:00,-2.0622966,1,0
2012-08-18 20:00:00,-2.1587458,1,0
2012-08-18 21:00:00,-2.255366,1,0
2012-08-18 22:00:00,-2.31442,1,0
2012-08-18 23:00:00,-2.4350176,1,0
2012-08-19 00:00:00,-2.531638,1,0
2012-08-19 01:00:00,-2.6216664,1,0
2012-08-19 02:00:00,-2.6959255,1,0
2012-08-19 03:00:00,-2.7576122,1,0
2012-08-19 04:00:00,-2.799331,1,0
2012-08-19 05:00:00,-2.8805008,1,0
2012-08-19 06:00:00,-2.924761,1,0
2012-08-19 07:00:00,-2.9194427,1,0
2012-08-19 08:00:00,-2.8345473,1,0
2012-08-19 09:00:00,-2.5288174,1,0
2012-08-19 10:00:00,-2.2745163,1,0
2012-08-19 11:00:00,-2.0783846,1,0
2012-08-19 12:00:00,-1.902244,1,0
2012-08-19 13:00:00,-1.8258272,1,0
2012-08-19 14:00:00,-1.7670653,1,0
2012-08-19 15:00:00,-1.7527369,1,0
2012-08-19 16:00:00,-1.7477522,1,0
2012-08-19 17:00:00,-1.6869621,1,0
2012-08-19 18:00:00,-1.8048022,1,0
2012-08-19 19:00:00,-1.931468,1,0
2012-08-19 20:00:00,-2.026862,1,0
2012-08-19 21:00:00,-2.0799308,1,0
2012-08-19 22:00:00,-2.1260984,1,0
2012-08-19 23:00:00,-2.1088476,1,0
2012-08-20 00:00:00,-2.1742754,0,0
2012-08-20 01:00:00,-2.1562886,0,0
2012-08-20 02:00:00,-2.1397412,0,0
2012-08-20 03:00:00,-2.1469948,0,0
2012-08-20 04:00:00,-2.1511467,0,0
2012-08-20 05:00:00,-2.1562574,0,0
2012-08-20 06:00:00,-2.1987586,0,0
2012-08-20 07:00:00,-2.2941108,0,0
2012-08-20 08:00:00,-2.2431898,0,0
2012-08-20 09:00:00,-2.13378,0,0
2012-08-20 10:00:00,-1.9103621,0,0
2012-08-20 11:00:00,-1.7357229,0,0
2012-08-20 12:00:00,-1.4962159,0,0
2012-08-20 13:00:00,-1.447363,0,0
2012-08-20 14:00:00,-1.4743295,0,0
2012-08-20 15:00:00,-1.5697976,0,0
2012-08-20 16:00:00,-1.6619931,0,0
2012-08-20 17:00:00,-1.6118674,0,0
2012-08-20 18:00:00,-1.8081545,0,0
2012-08-20 19:00:00,-1.9567931,0,0
2012-08-20 20:00:00,-2.0625417,0,0
2012-08-20 21:00:00,-2.1210308,0,0
2012-08-20 22:00:00,-2.2085695,0,0
2012-08-20 23:00:00,-2.2486777,0,0
2012-08-21 00:00:00,-2.3171277,0,0
2012-08-21 01:00:00,-2.3663173,0,0
2012-08-21 02:00:00,-2.4552956,0,0
2012-08-21 03:00:00,-2.5604322,0,0
2012-08-21 04:00:00,-2.6848295,0,0
2012-08-21 05:00:00,-2.833309,0,0
2012-08-21 06:00:00,-2.9320717,0,0
2012-08-21 07:00:00,-3.011751,0,0
2012-08-21 08:00:00,-2.8966804,0,0
2012-08-21 09:00:00,-2.5032508,0,0
2012-08-21 10:00:00,-2.0968728,0,0
2012-08-21 11:00:00,-1.7566953,0,0
2012-08-21 12:00:00,-1.5174057,0,0
2012-08-21 13:00:00,-1.3279923,0,0
2012-08-21 14:00:00,-1.1875006,0,0
2012-08-21 15:00:00,-1.1411395,0,0
2012-08-21 16:00:00,-1.1202987,0,0
2012-08-21 17:00:00,-1.3520411,0,0
2012-08-21 18:00:00,-1.5195011,0,0
2012-08-21 19:00:00,-1.5973765,0,0
2012-08-21 20:00:00,-1.655945,0,0
2012-08-21 21:00:00,-1.7241272,0,0
2012-08-21 22:00:00,-1.7682853,0,0
2012-08-21 23:00:00,-1.8249409,0,0
2012-08-22 00:00:00,-1.8121929,0,0
2012-08-22 01:00:00,-1.8515928,0,0
2012-08-22 02:00:00,-1.859406,0,0
2012-08-22 03:00:00,-1.9070129,0,0
2012-08-22 04:00:00,-1.8979695,0,0
2012-08-22 05:00:00,-1.8113672,0,0
2012-08-22 06:00:00,-1.785771,0,0
2012-08-22 07:00:00,-1.7774307,0,0
2012-08-22 08:00:00,-1.7080321,0,0
2012-08-22 09:00:00,-1.480834,0,0
2012-08-22 10:00:00,-1.2178406,0,0
2012-08-22 11:00:00,-0.9232656,0,0
2012-08-22 12:00:00,-0.64571166,0,0
2012-08-22 13:00:00,-0.40052173,0,0
2012-08-22 14:00:00,-0.283437,0,0
2012-08-22 15:00:00,-0.27105567,0,0
2012-08-22 16:00:00,-0.33315066,0,0
2012-08-22 17:00:00,-0.467376,0,0
2012-08-22 18:00:00,-0.5818471,0,0
2012-08-22 19:00:00,-0.5635063,0,0
2012-08-22 20:00:00,-0.55507445,0,0
2012-08-22 21:00:00,-0.6101474,0,0
2012-08-22 22:00:00,-0.65761095,0,0
2012-08-22 23:00:00,-0.7450584,0,0
2012-08-23 00:00:00,-0.8708032,0,0
2012-08-23 01:00:00,-0.9067593,0,0
2012-08-23 02:00:00,-0.8823986,0,0
2012-08-23 03:00:00,-0.9188732,0,0
2012-08-23 04:00:00,-0.9511958,0,0
2012-08-23 05:00:00,-0.98081064,0,0
2012-08-23 06:00:00,-1.1593547,0,0
2012-08-23 07:00:00,-1.3259385,0,0
2012-08-23 08:00:00,-1.2982583,0,0
2012-08-23 09:00:00,-1.0161585,0,0
2012-08-23 10:00:00,-0.7534273,0,0
2012-08-23 11:00:00,-0.5147995,0,0
2012-08-23 12:00:00,-0.35709658,0,0
2012-08-23 13:00:00,-0.4353849,0,0
2012-08-23 14:00:00,-0.5894833,0,0
2012-08-23 15:00:00,-0.68777645,0,0
2012-08-23 16:00:00,-0.7435787,0,0
2012-08-23 17:00:00,-0.9599866,0,0
2012-08-23 18:00:00,-1.3081331,0,0
2012-08-23 19:00:00,-1.5677174,0,0
2012-08-23 20:00:00,-1.7593429,0,0
2012-08-23 21:00:00,-1.8970252,0,0
2012-08-23 22:00:00,-2.0016074,0,0
2012-08-23 23:00:00,-2.1174135,0,0
2012-08-24 00:00:00,-2.2323403,0,0
2012-08-24 01:00:00,-2.3277893,0,0
2012-08-24 02:00:00,-2.4334168,0,0
2012-08-24 03:00:00,-2.5379937,0,0
2012-08-24 04:00:00,-2.63017,0,0
2012-08-24 05:00:00,-2.643158,0,0
2012-08-24 06:00:00,-2.6692083,0,0
2012-08-24 07:00:00,-2.679883,0,0
2012-08-24 08:00:00,-2.568479,0,0
2012-08-24 09:00:00,-2.405223,0,0
2012-08-24 10:00:00,-2.2163224,0,0
2012-08-24 11:00:00,-2.0831923,0,0
2012-08-24 12:00:00,-1.9512724,0,0
2012-08-24 13:00:00,-1.7798712,0,0
2012-08-24 14:00:00,-1.6338487,0,0
2012-08-24 15:00:00,-1.596671,0,0
2012-08-24 16:00:00,-1.6905288,0,0
2012-08-24 17:00:00,-1.7800273,0,0
2012-08-24 18:00:00,-1.9506803,0,0
2012-08-24 19:00:00,-2.0956576,0,0
2012-08-24 20:00:00,-2.1988697,0,0
2012-08-24 21:00:00,-2.2466202,0,0
2012-08-24 22:00:00,-2.3123624,0,0
2012-08-24 23:00:00,-2.3468325,0,0
2012-08-25 00:00:00,-2.3856726,1,0
2012-08-25 01:00:00,-2.4281738,1,0
2012-08-25 02:00:00,-2.4581032,1,0
2012-08-25 03:00:00,-2.519476,1,0
2012-08-25 04:00:00,-2.5897589,1,0
2012-08-25 05:00:00,-2.6859906,1,0
2012-08-25 06:00:00,-2.7742655,1,0
2012-08-25 07:00:00,-2.83381,1,0
2012-08-25 08:00:00,-2.7238455,1,0
2012-08-25 09:00:00,-2.3757906,1,0
2012-08-25 10:00:00,-1.984303,1,0
2012-08-25 11:00:00,-1.7695296,1,0
2012-08-25 12:00:00,-1.6806742,1,0
2012-08-25 13:00:00,-1.6082382,1,0
2012-08-25 14:00:00,-1.5840731,1,0
2012-08-25 15:00:00,-1.5157892,1,0
2012-08-25 16:00:00,-1.4960835,1,0
2012-08-25 17:00:00,-1.5330144,1,0
2012-08-25 18:00:00,-1.6054747,1,0
2012-08-25 19:00:00,-1.6306806,1,0
2012-08-25 20:00:00,-1.6000633,1,0
2012-08-25 21:00:00,-1.658604,1,0
2012-08-25 22:00:00,-1.694422,1,0
2012-08-25 23:00:00,-1.7696346,1,0
2012-08-26 00:00:00,-1.8213607,1,0
2012-08-26 01:00:00,-1.9406469,1,0
2012-08-26 02:00:00,-2.1271093,1,0
2012-08-26 03:00:00,-2.2246041,1,0
2012-08-26 04:00:00,-2.3181229,1,0
2012-08-26 05:00:00,-2.3652701,1,0
2012-08-26 06:00:00,-2.3819196,1,0
2012-08-26 07:00:00,-2.4140244,1,0
2012-08-26 08:00:00,-2.319168,1,0
2012-08-26 09:00:00,-2.0888963,1,0
2012-08-26 10:00:00,-1.8845156,1,0
2012-08-26 11:00:00,-1.7457705,1,0
2012-08-26 12:00:00,-1.6482655,1,0
2012-08-26 13:00:00,-1.4891232,1,0
2012-08-26 14:00:00,-1.4398371,1,0
2012-08-26 15:00:00,-1.4331901,1,0
2012-08-26 16:00:00,-1.4379094,1,0
2012-08-26 17:00:00,-1.454279,1,0
2012-08-26 18:00:00,-1.5821267,1,0
2012-08-26 19:00:00,-1.7488887,1,0
2012-08-26 20:00:00,-1.9384509,1,0
2012-08-26 21:00:00,-2.087048,1,0
2012-08-26 22:00:00,-2.253637,1,0
2012-08-26 23:00:00,-2.3991327,1,0
2012-08-27 00:00:00,-2.5258536,0,0
2012-08-27 01:00:00,-2.6242328,0,0
2012-08-27 02:00:00,-2.7333508,0,0
2012-08-27 03:00:00,-2.893486,0,0
2012-08-27 04:00:00,-2.9500728,0,0
2012-08-27 05:00:00,-3.0885496,0,0
2012-08-27 06:00:00,-3.1718154,0,0
2012-08-27 07:00:00,-3.2527626,0,0
2012-08-27 08:00:00,-3.05406,0,0
2012-08-27 09:00:00,-2.5954652,0,0
2012-08-27 10:00:00,-2.3099732,0,0
2012-08-27 11:00:00,-2.0269592,0,0
2012-08-27 12:00:00,-1.6932349,0,0
2012-08-27 13:00:00,-1.4233649,0,0
2012-08-27 14:00:00,-1.3001289,0,0
2012-08-27 15:00:00,-1.291941,0,0
2012-08-27 16:00:00,-1.3212384,0,0
2012-08-27 17:00:00,-1.4995495,0,0
2012-08-27 18:00:00,-1.7424399,0,0
2012-08-27 19:00:00,-1.89606,0,0
2012-08-27 20:00:00,-2.005304,0,0
2012-08-27 21:00:00,-2.1327112,0,0
2012-08-27 22:00:00,-2.232827,0,0
2012-08-27 23:00:00,-2.2836788,0,0
2012-08-28 00:00:00,-2.2930799,0,0
2012-08-28 01:00:00,-2.3128307,0,0
2012-08-28 02:00:00,-2.3383904,0,0
2012-08-28 03:00:00,-2.389802,0,0
2012-08-28 04:00:00,-2.4646258,0,0
2012-08-28 05:00:00,-2.474559,0,0
2012-08-28 06:00:00,-2.4795904,0,0
2012-08-28 07:00:00,-2.486455,0,0
2012-08-28 08:00:00,-2.3236396,0,0
2012-08-28 09:00:00,-1.9872822,0,0
2012-08-28 10:00:00,-1.612565,0,0
2012-08-28 11:00:00,-1.2974565,0,0
2012-08-28 12:00:00,-1.0390781,0,0
2012-08-28 13:00:00,-0.8583519,0,0
2012-08-28 14:00:00,-0.7238402,0,0
2012-08-28 15:00:00,-0.6649818,0,0
2012-08-28 16:00:00,-0.67806876,0,0
2012-08-28 17:00:00,-0.86215067,0,0
2012-08-28 18:00:00,-1.1481022,0,0
2012-08-28 19:00:00,-1.3466165,0,0
2012-08-28 20:00:00,-1.4983566,0,0
2012-08-28 21:00:00,-1.6126217,0,0
2012-08-28 22:00:00,-1.660196,0,0
2012-08-28 23:00:00,-1.6841404,0,0
2012-08-29 00:00:00,-1.6844546,0,0
2012-08-29 01:00:00,-1.6745902,0,0
2012-08-29 02:00:00,-1.6669481,0,0
2012-08-29 03:00:00,-1.6711,0,0
2012-08-29 04:00:00,-1.7268763,0,0
2012-08-29 05:00:00,-1.772085,0,0
2012-08-29 06:00:00,-1.8071151,0,0
2012-08-29 07:00:00,-1.818035,0,0
2012-08-29 08:00:00,-1.7735676,0,0
2012-08-29 09:00:00,-1.6975772,0,0
2012-08-29 10:00:00,-1.526387,0,0
2012-08-29 11:00:00,-1.2781178,0,0
2012-08-29 12:00:00,-1.0167345,0,0
2012-08-29 13:00:00,-0.9361726,0,0
2012-08-29 14:00:00,-0.87893635,0,0
2012-08-29 15:00:00,-0.85663354,0,0
2012-08-29 16:00:00,-0.83469546,0,0
2012-08-29 17:00:00,-0.82282746,0,0
2012-08-29 18:00:00,-0.9801937,0,0
2012-08-29 19:00:00,-1.0160376,0,0
2012-08-29 20:00:00,-1.0472286,0,0
2012-08-29 21:00:00,-1.194243,0,0
2012-08-29 22:00:00,-1.3695661,0,0
2012-08-29 23:00:00,-1.541926,0,0
2012-08-30 00:00:00,-1.7674792,0,0
2012-08-30 01:00:00,-1.9530776,0,0
2012-08-30 02:00:00,-2.06713,0,0
2012-08-30 03:00:00,-2.139172,0,0
2012-08-30 04:00:00,-2.1950502,0,0
2012-08-30 05:00:00,-2.2977471,0,0
2012-08-30 06:00:00,-2.4166498,0,0
2012-08-30 07:00:00,-2.5732899,0,0
2012-08-30 08:00:00,-2.5744367,0,0
2012-08-30 09:00:00,-2.5289652,0,0
2012-08-30 10:00:00,-2.3721588,0,0
2012-08-30 11:00:00,-2.2555351,0,0
2012-08-30 12:00:00,-2.02937,0,0
2012-08-30 13:00:00,-1.898181,0,0
2012-08-30 14:00:00,-1.805175,0,0
2012-08-30 15:00:00,-1.7660728,0,0
2012-08-30 16:00:00,-1.7269807,0,0
2012-08-30 17:00:00,-1.8049407,0,0
2012-08-30 18:00:00,-1.9780492,0,0
2012-08-30 19:00:00,-2.1060402,0,0
2012-08-30 20:00:00,-2.217214,0,0
2012-08-30 21:00:00,-2.2947977,0,0
2012-08-30 22:00:00,-2.3690612,0,0
2012-08-30 23:00:00,-2.434244,0,0
2012-08-31 00:00:00,-2.4671037,0,0
2012-08-31 01:00:00,-2.4902706,0,0
2012-08-31 02:00:00,-2.560868,0,0
2012-08-31 03:00:00,-2.606956,0,0
2012-08-31 04:00:00,-2.5985417,0,0
2012-08-31 05:00:00,-2.3625798,0,0
2012-08-31 06:00:00,-2.2850122,0,0
2012-08-31 07:00:00,-2.2980278,0,0
2012-08-31 08:00:00,-2.3362975,0,0
2012-08-31 09:00:00,-2.2642832,0,0
2012-08-31 10:00:00,-2.2165449,0,0
2012-08-31 11:00:00,-2.0648391,0,0
2012-08-31 12:00:00,-1.8312081,0,0
2012-08-31 13:00:00,-1.7984568,0,0
2012-08-31 14:00:00,-1.8145086,0,0
2012-08-31 15:00:00,-1.8152757,0,0
2012-08-31 16:00:00,-1.9641738,0,0
2012-08-31 17:00:00,-1.9870747,0,0
2012-08-31 18:00:00,-2.1294708,0,0
2012-08-31 19:00:00,-2.2455351,0,0
2012-08-31 20:00:00,-2.348101,0,0
2012-08-31 21:00:00,-2.3411722,0,0
2012-08-31 22:00:00,-2.398569,0,0
2012-08-31 23:00:00,-2.426356,0,0
2012-09-01 00:00:00,-2.4452326,1,0
2012-09-01 01:00:00,-2.5362203,1,0
2012-09-01 02:00:00,-2.566715,1,0
2012-09-01 03:00:00,-2.6500604,1,0
2012-09-01 04:00:00,-2.7396035,1,0
2012-09-01 05:00:00,-2.7181315,1,0
2012-09-01 06:00:00,-2.7905624,1,0
2012-09-01 07:00:00,-2.9585576,1,0
2012-09-01 08:00:00,-2.4505315,1,0
2012-09-01 09:00:00,-2.0457978,1,0
2012-09-01 10:00:00,-1.9992085,1,0
2012-09-01 11:00:00,-1.8537505,1,0
2012-09-01 12:00:00,-1.6680706,1,0
2012-09-01 13:00:00,-1.5340718,1,0
2012-09-01 14:00:00,-1.3855717,1,0
2012-09-01 15:00:00,-1.3672051,1,0
2012-09-01 16:00:00,-1.4395308,1,0
2012-09-01 17:00:00,-1.4990795,1,0
2012-09-01 18:00:00,-1.7194028,1,0
2012-09-01 19:00:00,-1.9416095,1,0
2012-09-01 20:00:00,-2.1357973,1,0
2012-09-01 21:00:00,-2.365848,1,0
2012-09-01 22:00:00,-2.576179,1,0
2012-09-01 23:00:00,-2.934488,1,0
2012-09-02 00:00:00,-3.1583424,1,0
2012-09-02 01:00:00,-3.2735884,1,0
2012-09-02 02:00:00,-3.2967331,1,0
2012-09-02 03:00:00,-3.251918,1,0
2012-09-02 04:00:00,-3.176956,1,0
2012-09-02 05:00:00,-3.2149663,1,0
2012-09-02 06:00:00,-3.2176046,1,0
2012-09-02 07:00:00,-3.2202427,1,0
2012-09-02 08:00:00,-2.912913,1,0
2012-09-02 09:00:00,-2.3442519,1,0
2012-09-02 10:00:00,-1.8762782,1,0
2012-09-02 11:00:00,-1.4750702,1,0
2012-09-02 12:00:00,-1.1353556,1,0
2012-09-02 13:00:00,-0.8731226,1,0
2012-09-02 14:00:00,-0.6803396,1,0
2012-09-02 15:00:00,-0.5673622,1,0
2012-09-02 16:00:00,-0.5385597,1,0
2012-09-02 17:00:00,-0.6133631,1,0
2012-09-02 18:00:00,-0.9509663,1,0
2012-09-02 19:00:00,-1.2107517,1,0
2012-09-02 20:00:00,-1.3858072,1,0
2012-09-02 21:00:00,-1.5273684,1,0
2012-09-02 22:00:00,-1.6287475,1,0
2012-09-02 23:00:00,-1.7057139,1,0
2012-09-03 00:00:00,-1.8059955,0,0
2012-09-03 01:00:00,-1.9309573,0,0
2012-09-03 02:00:00,-2.0186675,0,0
2012-09-03 03:00:00,-2.1436293,0,0
2012-09-03 04:00:00,-2.240032,0,0
2012-09-03 05:00:00,-2.3822498,0,0
2012-09-03 06:00:00,-2.4592214,0,0
2012-09-03 07:00:00,-2.5303838,0,0
2012-09-03 08:00:00,-2.2883058,0,0
2012-09-03 09:00:00,-1.7837987,0,0
2012-09-03 10:00:00,-1.258786,0,0
2012-09-03 11:00:00,-0.77839476,0,0
2012-09-03 12:00:00,-0.3887129,0,0
2012-09-03 13:00:00,-0.07324011,0,0
2012-09-03 14:00:00,0.11534408,0,0
2012-09-03 15:00:00,0.22071221,0,0
2012-09-03 16:00:00,0.23570244,0,0
2012-09-03 17:00:00,0.27668428,0,0
2012-09-03 18:00:00,-0.09560703,0,0
2012-09-03 19:00:00,-0.3857053,0,0
2012-09-03 20:00:00,-0.58159846,0,0
2012-09-03 21:00:00,-0.7352581,0,0
2012-09-03 22:00:00,-0.8464217,0,0
2012-09-03 23:00:00,-0.94032955,0,0
2012-09-04 00:00:00,-1.0200828,0,0
2012-09-04 01:00:00,-1.0992762,0,0
2012-09-04 02:00:00,-1.1424807,0,0
2012-09-04 03:00:00,-1.2510284,0,0
2012-09-04 04:00:00,-1.3472495,0,0
2012-09-04 05:00:00,-1.3628536,0,0
2012-09-04 06:00:00,-1.4739705,0,0
2012-09-04 07:00:00,-1.5832541,0,0
2012-09-04 08:00:00,-1.4932479,0,0
2012-09-04 09:00:00,-1.1356258,0,0
2012-09-04 10:00:00,-0.78463024,0,0
2012-09-04 11:00:00,-0.44715998,0,0
2012-09-04 12:00:00,-0.1524833,0,0
2012-09-04 13:00:00,0.08545844,0,0
2012-09-04 14:00:00,0.24193779,0,0
2012-09-04 15:00:00,0.3356501,0,0
2012-09-04 16:00:00,0.36410546,0,0
2012-09-04 17:00:00,0.25128266,0,0
2012-09-04 18:00:00,-0.11472096,0,0
2012-09-04 19:00:00,-0.38132766,0,0
2012-09-04 20:00:00,-0.5601032,0,0
2012-09-04 21:00:00,-0.72171426,0,0
2012-09-04 22:00:00,-0.84178317,0,0
2012-09-04 23:00:00,-0.9398376,0,0
2012-09-05 00:00:00,-1.0320833,0,0
2012-09-05 01:00:00,-1.1390482,0,0
2012-09-05 02:00:00,-1.2376676,0,0
2012-09-05 03:00:00,-1.336116,0,0
2012-09-05 04:00:00,-1.4530419,0,0
2012-09-05 05:00:00,-1.522195,0,0
2012-09-05 06:00:00,-1.623351,0,0
2012-09-05 07:00:00,-1.6828903,0,0
2012-09-05 08:00:00,-1.5631359,0,0
2012-09-05 09:00:00,-1.3621368,0,0
2012-09-05 10:00:00,-1.0137138,0,0
2012-09-05 11:00:00,-0.75482386,0,0
2012-09-05 12:00:00,-0.5292189,0,0
2012-09-05 13:00:00,-0.19628803,0,0
2012-09-05 14:00:00,0.033943947,0,0
2012-09-05 15:00:00,-0.0646859,0,0
2012-09-05 16:00:00,-0.21185258,0,0
2012-09-05 17:00:00,-0.49606243,0,0
2012-09-05 18:00:00,-0.68324053,0,0
2012-09-05 19:00:00,-0.80590814,0,0
2012-09-05 20:00:00,-0.9269671,0,0
2012-09-05 21:00:00,-1.1164137,0,0
2012-09-05 22:00:00,-1.1203477,0,0
2012-09-05 23:00:00,-1.0230725,0,0
2012-09-06 00:00:00,-1.0153023,0,0
2012-09-06 01:00:00,-1.0136504,0,0
2012-09-06 02:00:00,-1.028375,0,0
2012-09-06 03:00:00,-1.0034873,0,0
2012-09-06 04:00:00,-0.95096105,0,0
2012-09-06 05:00:00,-0.9598768,0,0
2012-09-06 06:00:00,-0.9794566,0,0
2012-09-06 07:00:00,-1.0292113,0,0
2012-09-06 08:00:00,-0.91089606,0,0
2012-09-06 09:00:00,-0.7556136,0,0
2012-09-06 10:00:00,-0.6516999,0,0
2012-09-06 11:00:00,-0.5218652,0,0
2012-09-06 12:00:00,-0.49695662,0,0
2012-09-06 13:00:00,-0.37021828,0,0
2012-09-06 14:00:00,-0.36947012,0,0
2012-09-06 15:00:00,-0.34071764,0,0
2012-09-06 16:00:00,-0.36407965,0,0
2012-09-06 17:00:00,-0.49336162,0,0
2012-09-06 18:00:00,-0.6331365,0,0
2012-09-06 19:00:00,-0.7825252,0,0
2012-09-06 20:00:00,-0.88911515,0,0
2012-09-06 21:00:00,-0.84240496,0,0
2012-09-06 22:00:00,-0.9577981,0,0
2012-09-06 23:00:00,-1.3103313,0,0
2012-09-07 00:00:00,-1.6270465,0,0
2012-09-07 01:00:00,-1.7933524,0,0
2012-09-07 02:00:00,-1.8395891,0,0
2012-09-07 03:00:00,-1.9147323,0,0
2012-09-07 04:00:00,-1.9571645,0,0
2012-09-07 05:00:00,-1.9919491,0,0
2012-09-07 06:00:00,-2.1082354,0,0
2012-09-07 07:00:00,-2.1893537,0,0
2012-09-07 08:00:00,-2.0468488,0,0
2012-09-07 09:00:00,-1.9077839,0,0
2012-09-07 10:00:00,-1.7021922,0,0
2012-09-07 11:00:00,-1.5924158,0,0
2012-09-07 12:00:00,-1.4927285,0,0
2012-09-07 13:00:00,-1.3536413,0,0
2012-09-07 14:00:00,-1.3234216,0,0
2012-09-07 15:00:00,-1.3085192,0,0
2012-09-07 16:00:00,-1.2869388,0,0
2012-09-07 17:00:00,-1.3814774,0,0
2012-09-07 18:00:00,-1.4985815,0,0
2012-09-07 19:00:00,-1.5642323,0,0
2012-09-07 20:00:00,-1.5838968,0,0
2012-09-07 21:00:00,-1.601899,0,0
2012-09-07 22:00:00,-1.6228267,0,0
2012-09-07 23:00:00,-1.6409671,0,0
2012-09-08 00:00:00,-1.6638193,1,0
2012-09-08 01:00:00,-1.6821308,1,0
2012-09-08 02:00:00,-1.674105,1,0
2012-09-08 03:00:00,-1.647208,1,0
2012-09-08 04:00:00,-1.6714993,1,0
2012-09-08 05:00:00,-1.6749152,1,0
2012-09-08 06:00:00,-1.657979,1,0
2012-09-08 07:00:00,-1.6399922,1,0
2012-09-08 08:00:00,-1.5389328,1,0
2012-09-08 09:00:00,-1.4164656,1,0
2012-09-08 10:00:00,-1.2870355,1,0
2012-09-08 11:00:00,-1.2227049,1,0
2012-09-08 12:00:00,-1.0839319,1,0
2012-09-08 13:00:00,-1.008576,1,0
2012-09-08 14:00:00,-0.8966988,1,0
2012-09-08 15:00:00,-0.9326723,1,0
2012-09-08 16:00:00,-1.0157344,1,0
2012-09-08 17:00:00,-1.060755,1,0
2012-09-08 18:00:00,-1.2352456,1,0
2012-09-08 19:00:00,-1.3601629,1,0
2012-09-08 20:00:00,-1.4332001,1,0
2012-09-08 21:00:00,-1.509681,1,0
2012-09-08 22:00:00,-1.5416615,1,0
2012-09-08 23:00:00,-1.5599729,1,0
2012-09-09 00:00:00,-1.5817747,1,0
2012-09-09 01:00:00,-1.6170278,1,0
2012-09-09 02:00:00,-1.6487906,1,0
2012-09-09 03:00:00,-1.663121,1,0
2012-09-09 04:00:00,-1.7096033,1,0
2012-09-09 05:00:00,-1.7419258,1,0
2012-09-09 06:00:00,-1.7326317,1,0
2012-09-09 07:00:00,-1.7326368,1,0
2012-09-09 08:00:00,-1.5356189,1,0
2012-09-09 09:00:00,-1.3641726,1,0
2012-09-09 10:00:00,-1.1709591,1,0
2012-09-09 11:00:00,-1.048452,1,0
2012-09-09 12:00:00,-0.8531307,1,0
2012-09-09 13:00:00,-0.6441873,1,0
2012-09-09 14:00:00,-0.45598996,1,0
2012-09-09 15:00:00,-0.32860234,1,0
2012-09-09 16:00:00,-0.31243536,1,0
2012-09-09 17:00:00,-0.42302403,1,0
2012-09-09 18:00:00,-0.62160265,1,0
2012-09-09 19:00:00,-0.9437713,1,0
2012-09-09 20:00:00,-1.2313019,1,0
2012-09-09 21:00:00,-1.5182154,1,0
2012-09-09 22:00:00,-1.7601552,1,0
2012-09-09 23:00:00,-1.8988603,1,0
2012-09-10 00:00:00,-2.0086868,0,0
2012-09-10 01:00:00,-2.1182952,0,0
2012-09-10 02:00:00,-2.2431827,0,0
2012-09-10 03:00:00,-2.3617017,0,0
2012-09-10 04:00:00,-2.43191,0,0
2012-09-10 05:00:00,-2.5327792,0,0
2012-09-10 06:00:00,-2.5837278,0,0
2012-09-10 07:00:00,-2.5574648,0,0
2012-09-10 08:00:00,-2.137504,0,0
2012-09-10 09:00:00,-1.5083032,0,0
2012-09-10 10:00:00,-1.0568303,0,0
2012-09-10 11:00:00,-0.709152,0,0
2012-09-10 12:00:00,-0.48796314,0,0
2012-09-10 13:00:00,-0.3929792,0,0
2012-09-10 14:00:00,-0.30664816,0,0
2012-09-10 15:00:00,-0.29010966,0,0
2012-09-10 16:00:00,-0.25906423,0,0
2012-09-10 17:00:00,-0.5277097,0,0
2012-09-10 18:00:00,-0.85101706,0,0
2012-09-10 19:00:00,-1.0673767,0,0
2012-09-10 20:00:00,-1.2057228,0,0
2012-09-10 21:00:00,-1.3316957,0,0
2012-09-10 22:00:00,-1.539879,0,0
2012-09-10 23:00:00,-1.6614459,0,0
2012-09-11 00:00:00,-1.5971798,0,0
2012-09-11 01:00:00,-1.6479102,0,0
2012-09-11 02:00:00,-1.7094315,0,0
2012-09-11 03:00:00,-1.847067,0,0
2012-09-11 04:00:00,-2.1395352,0,0
2012-09-11 05:00:00,-1.8660197,0,0
2012-09-11 06:00:00,-1.9733613,0,0
2012-09-11 07:00:00,-2.140508,0,0
2012-09-11 08:00:00,-1.8487296,0,0
2012-09-11 09:00:00,-1.0103114,0,0
2012-09-11 10:00:00,-0.63648576,0,0
2012-09-11 11:00:00,-0.33157322,0,0
2012-09-11 12:00:00,-0.112001896,0,0
2012-09-11 13:00:00,-0.0053086416,0,0
2012-09-11 14:00:00,0.1473763,0,0
2012-09-11 15:00:00,0.1836934,0,0
2012-09-11 16:00:00,0.12996931,0,0
2012-09-11 17:00:00,0.09876757,0,0
2012-09-11 18:00:00,-0.2305475,0,0
2012-09-11 19:00:00,-0.570138,0,0
2012-09-11 20:00:00,-0.7770357,0,0
2012-09-11 21:00:00,-0.96262234,0,0
2012-09-11 22:00:00,-1.1019669,0,0
2012-09-11 23:00:00,-1.1887752,0,0
2012-09-12 00:00:00,-1.2546606,0,0
2012-09-12 01:00:00,-1.3098028,0,0
2012-09-12 02:00:00,-1.341315,0,0
2012-09-12 03:00:00,-1.3721188,0,0
2012-09-12 04:00:00,-1.4025337,0,0
2012-09-12 05:00:00,-1.4881874,0,0
2012-09-12 06:00:00,-1.5033973,0,0
2012-09-12 07:00:00,-1.4699085,0,0
2012-09-12 08:00:00,-1.2092959,0,0
2012-09-12 09:00:00,-0.8401751,0,0
2012-09-12 10:00:00,-0.48139378,0,0
2012-09-12 11:00:00,-0.15156062,0,0
2012-09-12 12:00:00,0.10372161,0,0
2012-09-12 13:00:00,0.2166077,0,0
2012-09-12 14:00:00,0.28829524,0,0
2012-09-12 15:00:00,0.39850143,0,0
2012-09-12 16:00:00,0.3540093,0,0
2012-09-12 17:00:00,-0.05392026,0,0
2012-09-12 18:00:00,-0.18595625,0,0
2012-09-12 19:00:00,-0.26203108,0,0
2012-09-12 20:00:00,-0.18523756,0,0
2012-09-12 21:00:00,-0.20333144,0,0
2012-09-12 22:00:00,-0.37665033,0,0
2012-09-12 23:00:00,-0.56844145,0,0
2012-09-13 00:00:00,-0.7462217,0,0
2012-09-13 01:00:00,-0.9724779,0,0
2012-09-13 02:00:00,-1.253242,0,0
2012-09-13 03:00:00,-1.4782352,0,0
2012-09-13 04:00:00,-1.6421756,0,0
2012-09-13 05:00:00,-1.8342863,0,0
2012-09-13 06:00:00,-1.9894923,0,0
2012-09-13 07:00:00,-2.0344608,0,0
2012-09-13 08:00:00,-1.8920474,0,0
2012-09-13 09:00:00,-1.7228402,0,0
2012-09-13 10:00:00,-1.6001898,0,0
2012-09-13 11:00:00,-1.4462032,0,0
2012-09-13 12:00:00,-1.1460751,0,0
2012-09-13 13:00:00,-0.919886,0,0
2012-09-13 14:00:00,-0.9232796,0,0
2012-09-13 15:00:00,-0.9434885,0,0
2012-09-13 16:00:00,-1.0734683,0,0
2012-09-13 17:00:00,-1.4240804,0,0
2012-09-13 18:00:00,-1.5911763,0,0
2012-09-13 19:00:00,-1.7369932,0,0
2012-09-13 20:00:00,-1.8211787,0,0
2012-09-13 21:00:00,-1.8742628,0,0
2012-09-13 22:00:00,-1.9663527,0,0
2012-09-13 23:00:00,-2.1053035,0,0
2012-09-14 00:00:00,-2.2639997,0,0
2012-09-14 01:00:00,-2.3717747,0,0
2012-09-14 02:00:00,-2.4652193,0,0
2012-09-14 03:00:00,-2.5308871,0,0
2012-09-14 04:00:00,-2.4801147,0,0
2012-09-14 05:00:00,-2.4615214,0,0
2012-09-14 06:00:00,-2.4075093,0,0
2012-09-14 07:00:00,-2.2486746,0,0
2012-09-14 08:00:00,-1.9532133,0,0
2012-09-14 09:00:00,-1.699797,0,0
2012-09-14 10:00:00,-1.415126,0,0
2012-09-14 11:00:00,-1.2768266,0,0
2012-09-14 12:00:00,-1.194041,0,0
2012-09-14 13:00:00,-1.088899,0,0
2012-09-14 14:00:00,-0.9636173,0,0
2012-09-14 15:00:00,-0.92561215,0,0
2012-09-14 16:00:00,-0.92364794,0,0
2012-09-14 17:00:00,-0.9400177,0,0
2012-09-14 18:00:00,-0.9770124,0,0
2012-09-14 19:00:00,-0.99203414,0,0
2012-09-14 20:00:00,-1.0380309,0,0
2012-09-14 21:00:00,-1.1018434,0,0
2012-09-14 22:00:00,-1.1828649,0,0
2012-09-14 23:00:00,-1.3156867,0,0
2012-09-15 00:00:00,-1.4315674,1,0
2012-09-15 01:00:00,-1.5576265,1,0
2012-09-15 02:00:00,-1.630617,1,0
2012-09-15 03:00:00,-1.6311078,1,0
2012-09-15 04:00:00,-1.6790291,1,0
2012-09-15 05:00:00,-1.704589,1,0
2012-09-15 06:00:00,-1.8308192,1,0
2012-09-15 07:00:00,-1.9139884,1,0
2012-09-15 08:00:00,-1.5421896,1,0
2012-09-15 09:00:00,-1.2300044,1,0
2012-09-15 10:00:00,-1.1514395,1,0
2012-09-15 11:00:00,-0.9518156,1,0
2012-09-15 12:00:00,-0.78085506,1,0
2012-09-15 13:00:00,-0.7297304,1,0
2012-09-15 14:00:00,-0.687739,1,0
2012-09-15 15:00:00,-0.6204556,1,0
2012-09-15 16:00:00,-0.6720821,1,0
2012-09-15 17:00:00,-0.7618258,1,0
2012-09-15 18:00:00,-0.9626662,1,0
2012-09-15 19:00:00,-1.1721195,1,0
2012-09-15 20:00:00,-1.306096,1,0
2012-09-15 21:00:00,-1.3883046,1,0
2012-09-15 22:00:00,-1.5264435,1,0
2012-09-15 23:00:00,-1.6797767,1,0
2012-09-16 00:00:00,-1.7249681,1,0
2012-09-16 01:00:00,-1.8144422,1,0
2012-09-16 02:00:00,-1.9763916,1,0
2012-09-16 03:00:00,-2.1945786,1,0
2012-09-16 04:00:00,-2.2976696,1,0
2012-09-16 05:00:00,-2.3700018,1,0
2012-09-16 06:00:00,-2.5094378,1,0
2012-09-16 07:00:00,-2.4052546,1,0
2012-09-16 08:00:00,-1.9276847,1,0
2012-09-16 09:00:00,-1.5174743,1,0
2012-09-16 10:00:00,-1.2371453,1,0
2012-09-16 11:00:00,-1.0884393,1,0
2012-09-16 12:00:00,-0.9827598,1,0
2012-09-16 13:00:00,-0.89402694,1,0
2012-09-16 14:00:00,-0.8026731,1,0
2012-09-16 15:00:00,-0.8260302,1,0
2012-09-16 16:00:00,-0.8512722,1,0
2012-09-16 17:00:00,-0.68470603,1,0
2012-09-16 18:00:00,-0.7397394,1,0
2012-09-16 19:00:00,-1.0987954,1,0
2012-09-16 20:00:00,-1.231137,1,0
2012-09-16 21:00:00,-1.207203,1,0
2012-09-16 22:00:00,-1.1447437,1,0
2012-09-16 23:00:00,-1.1302005,1,0
2012-09-17 00:00:00,-1.1534414,0,0
2012-09-17 01:00:00,-1.1781219,0,0
2012-09-17 02:00:00,-1.2425908,0,0
2012-09-17 03:00:00,-1.3114293,0,0
2012-09-17 04:00:00,-1.3495607,0,0
2012-09-17 05:00:00,-1.4383955,0,0
2012-09-17 06:00:00,-1.5922314,0,0
2012-09-17 07:00:00,-1.507336,0,0
2012-09-17 08:00:00,-1.2891622,0,0
2012-09-17 09:00:00,-1.1973124,0,0
2012-09-17 10:00:00,-1.127069,0,0
2012-09-17 11:00:00,-1.0691398,0,0
2012-09-17 12:00:00,-0.969532,0,0
2012-09-17 13:00:00,-0.8166323,0,0
2012-09-17 14:00:00,-0.68422157,0,0
2012-09-17 15:00:00,-0.6494837,0,0
2012-09-17 16:00:00,-0.6713151,0,0
2012-09-17 17:00:00,-0.60747707,0,0
2012-09-17 18:00:00,-0.73811173,0,0
2012-09-17 19:00:00,-0.9343127,0,0
2012-09-17 20:00:00,-1.0483205,0,0
2012-09-17 21:00:00,-1.1726313,0,0
2012-09-17 22:00:00,-1.2752836,0,0
2012-09-17 23:00:00,-1.3198619,0,0
2012-09-18 00:00:00,-1.5436665,0,0
2012-09-18 01:00:00,-1.862301,0,0
2012-09-18 02:00:00,-2.0420384,0,0
2012-09-18 03:00:00,-2.1182272,0,0
2012-09-18 04:00:00,-2.1595569,0,0
2012-09-18 05:00:00,-2.1616354,0,0
2012-09-18 06:00:00,-2.3028994,0,0
2012-09-18 07:00:00,-2.2601113,0,0
2012-09-18 08:00:00,-1.5921948,0,0
2012-09-18 09:00:00,-1.0419418,0,0
2012-09-18 10:00:00,-0.7440424,0,0
2012-09-18 11:00:00,-0.6001795,0,0
2012-09-18 12:00:00,-0.5321461,0,0
2012-09-18 13:00:00,-0.3676218,0,0
2012-09-18 14:00:00,-0.28474468,0,0
2012-09-18 15:00:00,-0.35679552,0,0
2012-09-18 16:00:00,-0.37705112,0,0
2012-09-18 17:00:00,-0.5808647,0,0
2012-09-18 18:00:00,-0.743836,0,0
2012-09-18 19:00:00,-0.8375331,0,0
2012-09-18 20:00:00,-0.9892733,0,0
2012-09-18 21:00:00,-1.1538528,0,0
2012-09-18 22:00:00,-1.2799121,0,0
2012-09-18 23:00:00,-1.4662883,0,0
2012-09-19 00:00:00,-1.4616783,0,0
2012-09-19 01:00:00,-1.5108681,0,0
2012-09-19 02:00:00,-1.452139,0,0
2012-09-19 03:00:00,-1.4586096,0,0
2012-09-19 04:00:00,-1.4507495,0,0
2012-09-19 05:00:00,-1.4659597,0,0
2012-09-19 06:00:00,-1.4904689,0,0
2012-09-19 07:00:00,-1.4631777,0,0
2012-09-19 08:00:00,-1.3622323,0,0
2012-09-19 09:00:00,-1.1973554,0,0
2012-09-19 10:00:00,-0.95233464,0,0
2012-09-19 11:00:00,-0.7406092,0,0
2012-09-19 12:00:00,-0.5214543,0,0
2012-09-19 13:00:00,-0.40590024,0,0
2012-09-19 14:00:00,-0.30573446,0,0
2012-09-19 15:00:00,-0.26191002,0,0
2012-09-19 16:00:00,-0.24281771,0,0
2012-09-19 17:00:00,-0.1680012,0,0
2012-09-19 18:00:00,-0.30108604,0,0
2012-09-19 19:00:00,-0.49187195,0,0
2012-09-19 20:00:00,-0.6296806,0,0
2012-09-19 21:00:00,-0.73001426,0,0
2012-09-19 22:00:00,-0.83571607,0,0
2012-09-19 23:00:00,-0.92779565,0,0
2012-09-20 00:00:00,-1.0213147,0,0
2012-09-20 01:00:00,-1.1206424,0,0
2012-09-20 02:00:00,-1.1765207,0,0
2012-09-20 03:00:00,-1.2211695,0,0
2012-09-20 04:00:00,-1.2954282,0,0
2012-09-20 05:00:00,-1.5435138,0,0
2012-09-20 06:00:00,-1.6628106,0,0
2012-09-20 07:00:00,-1.5891908,0,0
2012-09-20 08:00:00,-1.0158801,0,0
2012-09-20 09:00:00,-0.5175711,0,0
2012-09-20 10:00:00,-0.25107682,0,0
2012-09-20 11:00:00,-0.09079959,0,0
2012-09-20 12:00:00,0.21755151,0,0
2012-09-20 13:00:00,0.5025349,0,0
2012-09-20 14:00:00,0.64154077,0,0
2012-09-20 15:00:00,0.7794111,0,0
2012-09-20 16:00:00,0.7978967,0,0
2012-09-20 17:00:00,0.850101,0,0
2012-09-20 18:00:00,0.61225617,0,0
2012-09-20 19:00:00,0.42475313,0,0
2012-09-20 20:00:00,0.25818133,0,0
2012-09-20 21:00:00,0.16284108,0,0
2012-09-20 22:00:00,0.07342207,0,0
2012-09-20 23:00:00,-0.073645934,0,0
2012-09-21 00:00:00,-0.24747272,0,0
2012-09-21 01:00:00,-0.42073974,0,0
2012-09-21 02:00:00,-0.55636597,0,0
2012-09-21 03:00:00,-0.68967336,0,0
2012-09-21 04:00:00,-0.7626639,0,0
2012-09-21 05:00:00,-0.649788,0,0
2012-09-21 06:00:00,-0.6015797,0,0
2012-09-21 07:00:00,-0.53633326,0,0
2012-09-21 08:00:00,-0.38110805,0,0
2012-09-21 09:00:00,-0.22145084,0,0
2012-09-21 10:00:00,-0.11564492,0,0
2012-09-21 11:00:00,0.12046533,0,0
2012-09-21 12:00:00,0.24725732,0,0
2012-09-21 13:00:00,0.30446064,0,0
2012-09-21 14:00:00,0.30456248,0,0
2012-09-21 15:00:00,0.3010031,0,0
2012-09-21 16:00:00,0.19422624,0,0
2012-09-21 17:00:00,0.027673198,0,0
2012-09-21 18:00:00,-0.13437703,0,0
2012-09-21 19:00:00,-0.36504805,0,0
2012-09-21 20:00:00,-0.52116317,0,0
2012-09-21 21:00:00,-0.6157845,0,0
2012-09-21 22:00:00,-0.68367434,0,0
2012-09-21 23:00:00,-0.792089,0,0
2012-09-22 00:00:00,-0.87216187,1,0
2012-09-22 01:00:00,-0.91498274,1,0
2012-09-22 02:00:00,-0.9221617,1,0
2012-09-22 03:00:00,-0.9611727,1,0
2012-09-22 04:00:00,-0.98617256,1,0
2012-09-22 05:00:00,-0.9216346,1,0
2012-09-22 06:00:00,-0.99462503,1,0
2012-09-22 07:00:00,-1.0050766,1,0
2012-09-22 08:00:00,-0.930161,1,0
2012-09-22 09:00:00,-0.86711895,1,0
2012-09-22 10:00:00,-0.729286,1,0
2012-09-22 11:00:00,-0.58563894,1,0
2012-09-22 12:00:00,-0.30443883,1,0
2012-09-22 13:00:00,-0.023332315,1,0
2012-09-22 14:00:00,0.20954151,1,0
2012-09-22 15:00:00,0.29114166,1,0
2012-09-22 16:00:00,0.30091542,1,0
2012-09-22 17:00:00,0.4029917,1,0
2012-09-22 18:00:00,0.2370966,1,0
2012-09-22 19:00:00,-0.078526855,1,0
2012-09-22 20:00:00,-0.358068,1,0
2012-09-22 21:00:00,-0.6073028,1,0
2012-09-22 22:00:00,-0.8047044,1,0
2012-09-22 23:00:00,-0.94920814,1,0
2012-09-23 00:00:00,-1.0361027,1,0
2012-09-23 01:00:00,-1.0715904,1,0
2012-09-23 02:00:00,-1.0943631,1,0
2012-09-23 03:00:00,-1.0841103,1,0
2012-09-23 04:00:00,-1.0578694,1,0
2012-09-23 05:00:00,-0.94533044,1,0
2012-09-23 06:00:00,-0.8976819,1,0
2012-09-23 07:00:00,-0.874261,1,0
2012-09-23 08:00:00,-0.694815,1,0
2012-09-23 09:00:00,-0.59717494,1,0
2012-09-23 10:00:00,-0.62542665,1,0
2012-09-23 11:00:00,-0.33216798,1,0
2012-09-23 12:00:00,-0.24391551,1,0
2012-09-23 13:00:00,-0.24632739,1,0
2012-09-23 14:00:00,-0.488929,1,0
2012-09-23 15:00:00,-0.5810347,1,0
2012-09-23 16:00:00,-0.6605291,1,0
2012-09-23 17:00:00,-0.7332643,1,0
2012-09-23 18:00:00,-0.88124484,1,0
2012-09-23 19:00:00,-0.97777736,1,0
2012-09-23 20:00:00,-1.0523957,1,0
2012-09-23 21:00:00,-1.1472399,1,0
2012-09-23 22:00:00,-1.258979,1,0
2012-09-23 23:00:00,-1.3526795,1,0
2012-09-24 00:00:00,-1.4516234,0,0
2012-09-24 01:00:00,-1.5687307,0,0
2012-09-24 02:00:00,-1.6954515,0,0
2012-09-24 03:00:00,-1.8099846,0,0
2012-09-24 04:00:00,-1.9572338,0,0
2012-09-24 05:00:00,-2.0733542,0,0
2012-09-24 06:00:00,-2.191868,0,0
2012-09-24 07:00:00,-2.216474,0,0
2012-09-24 08:00:00,-2.1617084,0,0
2012-09-24 09:00:00,-2.101517,0,0
2012-09-24 10:00:00,-1.9508567,0,0
2012-09-24 11:00:00,-1.7684438,0,0
2012-09-24 12:00:00,-1.6071643,0,0
2012-09-24 13:00:00,-1.5785551,0,0
2012-09-24 14:00:00,-1.428866,0,0
2012-09-24 15:00:00,-1.3853091,0,0
2012-09-24 16:00:00,-1.4390364,0,0
2012-09-24 17:00:00,-1.4644324,0,0
2012-09-24 18:00:00,-1.5481738,0,0
2012-09-24 19:00:00,-1.6795219,0,0
2012-09-24 20:00:00,-1.7582873,0,0
2012-09-24 21:00:00,-1.8269652,0,0
2012-09-24 22:00:00,-1.9227164,0,0
2012-09-24 23:00:00,-2.024277,0,0
2012-09-25 00:00:00,-2.1575947,0,0
2012-09-25 01:00:00,-2.305803,0,0
2012-09-25 02:00:00,-2.4803486,0,0
2012-09-25 03:00:00,-2.6624568,0,0
2012-09-25 04:00:00,-2.7617154,0,0
2012-09-25 05:00:00,-2.8203063,0,0
2012-09-25 06:00:00,-2.9288175,0,0
2012-09-25 07:00:00,-2.7470613,0,0
2012-09-25 08:00:00,-2.167976,0,0
2012-09-25 09:00:00,-1.7868207,0,0
2012-09-25 10:00:00,-1.4625076,0,0
2012-09-25 11:00:00,-1.15713,0,0
2012-09-25 12:00:00,-0.9964813,0,0
2012-09-25 13:00:00,-0.8009062,0,0
2012-09-25 14:00:00,-0.60719717,0,0
2012-09-25 15:00:00,-0.5069866,0,0
2012-09-25 16:00:00,-0.47312513,0,0
2012-09-25 17:00:00,-0.5758142,0,0
2012-09-25 18:00:00,-0.75298506,0,0
2012-09-25 19:00:00,-1.0402671,0,0
2012-09-25 20:00:00,-1.1876032,0,0
2012-09-25 21:00:00,-1.3048886,0,0
2012-09-25 22:00:00,-1.4517372,0,0
2012-09-25 23:00:00,-1.7275182,0,0
2012-09-26 00:00:00,-1.9955777,0,0
2012-09-26 01:00:00,-2.1835415,0,0
2012-09-26 02:00:00,-2.2955155,0,0
2012-09-26 03:00:00,-2.3407986,0,0
2012-09-26 04:00:00,-2.3864703,0,0
2012-09-26 05:00:00,-2.484238,0,0
2012-09-26 06:00:00,-2.519731,0,0
2012-09-26 07:00:00,-2.3451903,0,0
2012-09-26 08:00:00,-1.7549275,0,0
2012-09-26 09:00:00,-1.2345144,0,0
2012-09-26 10:00:00,-0.84583783,0,0
2012-09-26 11:00:00,-0.5550331,0,0
2012-09-26 12:00:00,-0.309392,0,0
2012-09-26 13:00:00,-0.14001627,0,0
2012-09-26 14:00:00,-0.0061163194,0,0
2012-09-26 15:00:00,0.10595574,0,0
2012-09-26 16:00:00,0.043677315,0,0
2012-09-26 17:00:00,-0.10173393,0,0
2012-09-26 18:00:00,-0.30897748,0,0
2012-09-26 19:00:00,-0.5142166,0,0
2012-09-26 20:00:00,-0.6396611,0,0
2012-09-26 21:00:00,-0.7350548,0,0
2012-09-26 22:00:00,-0.79009485,0,0
2012-09-26 23:00:00,-0.7955568,0,0
2012-09-27 00:00:00,-0.76467866,0,0
2012-09-27 01:00:00,-0.7401744,0,0
2012-09-27 02:00:00,-0.7241868,0,0
2012-09-27 03:00:00,-0.7233074,0,0
2012-09-27 04:00:00,-0.7471082,0,0
2012-09-27 05:00:00,-0.7819621,0,0
2012-09-27 06:00:00,-0.8128403,0,0
2012-09-27 07:00:00,-0.7489363,0,0
2012-09-27 08:00:00,-0.54452676,0,0
2012-09-27 09:00:00,-0.21208118,0,0
2012-09-27 10:00:00,0.10045304,0,0
2012-09-27 11:00:00,0.3648635,0,0
2012-09-27 12:00:00,0.6264817,0,0
2012-09-27 13:00:00,0.8438949,0,0
2012-09-27 14:00:00,1.0833671,0,0
2012-09-27 15:00:00,1.2192665,0,0
2012-09-27 16:00:00,1.3283494,0,0
2012-09-27 17:00:00,1.3898337,0,0
2012-09-27 18:00:00,1.0981373,0,0
2012-09-27 19:00:00,0.7425317,0,0
2012-09-27 20:00:00,0.48410973,0,0
2012-09-27 21:00:00,0.20673878,0,0
2012-09-27 22:00:00,-0.18269733,0,0
2012-09-27 23:00:00,-0.25068277,0,0
2012-09-28 00:00:00,-0.6809127,0,0
2012-09-28 01:00:00,-0.77604383,0,0
2012-09-28 02:00:00,-0.6545167,0,0
2012-09-28 03:00:00,-0.662729,0,0
2012-09-28 04:00:00,-0.75901586,0,0
2012-09-28 05:00:00,-0.9579394,0,0
2012-09-28 06:00:00,-0.93911266,0,0
2012-09-28 07:00:00,-0.71697193,0,0
2012-09-28 08:00:00,-0.26582593,0,0
2012-09-28 09:00:00,0.10047142,0,0
2012-09-28 10:00:00,0.33803132,0,0
2012-09-28 11:00:00,0.49611953,0,0
2012-09-28 12:00:00,0.5204059,0,0
2012-09-28 13:00:00,0.23712753,0,0
2012-09-28 14:00:00,0.05801007,0,0
2012-09-28 15:00:00,-0.07241382,0,0
2012-09-28 16:00:00,-0.13557659,0,0
2012-09-28 17:00:00,-0.31104645,0,0
2012-09-28 18:00:00,-0.49510914,0,0
2012-09-28 19:00:00,-0.79469997,0,0
2012-09-28 20:00:00,-0.99921155,0,0
2012-09-28 21:00:00,-1.1295662,0,0
2012-09-28 22:00:00,-1.2760743,0,0
2012-09-28 23:00:00,-1.4354216,0,0
2012-09-29 00:00:00,-1.5770279,1,0
2012-09-29 01:00:00,-1.7671154,1,0
2012-09-29 02:00:00,-2.0014992,1,0
2012-09-29 03:00:00,-2.2293708,1,0
2012-09-29 04:00:00,-2.4254901,1,0
2012-09-29 05:00:00,-2.508414,1,0
2012-09-29 06:00:00,-2.6269276,1,0
2012-09-29 07:00:00,-2.6299133,1,0
2012-09-29 08:00:00,-2.506537,1,0
2012-09-29 09:00:00,-2.3340573,1,0
2012-09-29 10:00:00,-2.205731,1,0
2012-09-29 11:00:00,-1.9892472,1,0
2012-09-29 12:00:00,-1.7036152,1,0
2012-09-29 13:00:00,-1.6703236,1,0
2012-09-29 14:00:00,-1.5952374,1,0
2012-09-29 15:00:00,-1.4974781,1,0
2012-09-29 16:00:00,-1.5934371,1,0
2012-09-29 17:00:00,-1.524438,1,0
2012-09-29 18:00:00,-1.6916771,1,0
2012-09-29 19:00:00,-1.7938683,1,0
2012-09-29 20:00:00,-1.9052601,1,0
2012-09-29 21:00:00,-2.027487,1,0
2012-09-29 22:00:00,-2.1291854,1,0
2012-09-29 23:00:00,-2.1747136,1,0
2012-09-30 00:00:00,-2.2709455,1,0
2012-09-30 01:00:00,-2.2959454,1,0
2012-09-30 02:00:00,-2.3356647,1,0
2012-09-30 03:00:00,-2.3773882,1,0
2012-09-30 04:00:00,-2.3387988,1,0
2012-09-30 05:00:00,-2.3000658,1,0
2012-09-30 06:00:00,-2.2964098,1,0
2012-09-30 07:00:00,-2.2244005,1,0
2012-09-30 08:00:00,-2.0516636,1,0
2012-09-30 09:00:00,-1.8636647,1,0
2012-09-30 10:00:00,-1.6769618,1,0
2012-09-30 11:00:00,-1.5746188,1,0
2012-09-30 12:00:00,-1.3957705,1,0
2012-09-30 13:00:00,-1.2994819,1,0
2012-09-30 14:00:00,-1.3179041,1,0
2012-09-30 15:00:00,-1.3004222,1,0
2012-09-30 16:00:00,-1.3437996,1,0
2012-09-30 17:00:00,-1.2693683,1,0
2012-09-30 18:00:00,-1.3153204,1,0
2012-09-30 19:00:00,-1.4106848,1,0
2012-09-30 20:00:00,-1.4728386,1,0
2012-09-30 21:00:00,-1.7006706,1,0
2012-09-30 22:00:00,-1.8654732,1,0
2012-09-30 23:00:00,-1.9081229,1,0
2012-10-01 00:00:00,-1.9948843,0,0
2012-10-01 01:00:00,-1.9363263,0,0
2012-10-01 02:00:00,-1.95442,0,0
2012-10-01 03:00:00,-1.9625529,0,0
2012-10-01 04:00:00,-1.9230837,0,0
2012-10-01 05:00:00,-1.872168,0,0
2012-10-01 06:00:00,-1.8770285,0,0
2012-10-01 07:00:00,-1.7772373,0,0
2012-10-01 08:00:00,-1.4838563,0,0
2012-10-01 09:00:00,-1.3041458,0,0
2012-10-01 10:00:00,-1.1599337,0,0
2012-10-01 11:00:00,-1.0061545,0,0
2012-10-01 12:00:00,-0.87063706,0,0
2012-10-01 13:00:00,-0.8064552,0,0
2012-10-01 14:00:00,-0.7215219,0,0
2012-10-01 15:00:00,-0.6618859,0,0
2012-10-01 16:00:00,-0.6422615,0,0
2012-10-01 17:00:00,-0.59168285,0,0
2012-10-01 18:00:00,-0.67239714,0,0
2012-10-01 19:00:00,-0.8304717,0,0
2012-10-01 20:00:00,-0.9699427,0,0
2012-10-01 21:00:00,-1.1044319,0,0
2012-10-01 22:00:00,-1.2641287,0,0
2012-10-01 23:00:00,-1.1955392,0,0
2012-10-02 00:00:00,-1.2516404,0,0
2012-10-02 01:00:00,-1.4551545,0,0
2012-10-02 02:00:00,-1.6007173,0,0
2012-10-02 03:00:00,-1.517261,0,0
2012-10-02 04:00:00,-1.4794024,0,0
2012-10-02 05:00:00,-1.4539443,0,0
2012-10-02 06:00:00,-1.4057361,0,0
2012-10-02 07:00:00,-1.3181229,0,0
2012-10-02 08:00:00,-1.1798215,0,0
2012-10-02 09:00:00,-1.0312449,0,0
2012-10-02 10:00:00,-0.7380329,0,0
2012-10-02 11:00:00,-0.34492803,0,0
2012-10-02 12:00:00,0.12526728,0,0
2012-10-02 13:00:00,0.5219328,0,0
2012-10-02 14:00:00,0.8415056,0,0
2012-10-02 15:00:00,1.0009134,0,0
2012-10-02 16:00:00,0.978795,0,0
2012-10-02 17:00:00,0.7998115,0,0
2012-10-02 18:00:00,0.33824465,0,0
2012-10-02 19:00:00,-0.107306935,0,0
2012-10-02 20:00:00,-0.36087176,0,0
2012-10-02 21:00:00,-0.470344,0,0
2012-10-02 22:00:00,-0.635019,0,0
2012-10-02 23:00:00,-0.895711,0,0
2012-10-03 00:00:00,-1.3473853,0,0
2012-10-03 01:00:00,-1.5204122,0,0
2012-10-03 02:00:00,-1.5897189,0,0
2012-10-03 03:00:00,-1.551107,0,0
2012-10-03 04:00:00,-1.4612545,0,0
2012-10-03 05:00:00,-1.4249836,0,0
2012-10-03 06:00:00,-1.4336019,0,0
2012-10-03 07:00:00,-1.2174723,0,0
2012-10-03 08:00:00,-0.6190354,0,0
2012-10-03 09:00:00,-0.0763399,0,0
2012-10-03 10:00:00,0.38078108,0,0
2012-10-03 11:00:00,0.7862452,0,0
2012-10-03 12:00:00,1.083303,0,0
2012-10-03 13:00:00,1.253866,0,0
2012-10-03 14:00:00,1.3690863,0,0
2012-10-03 15:00:00,1.4189976,0,0
2012-10-03 16:00:00,1.4185376,0,0
2012-10-03 17:00:00,1.4676801,0,0
2012-10-03 18:00:00,1.2472545,0,0
2012-10-03 19:00:00,0.7860439,0,0
2012-10-03 20:00:00,0.48104483,0,0
2012-10-03 21:00:00,0.27226034,0,0
2012-10-03 22:00:00,0.09426229,0,0
2012-10-03 23:00:00,-0.03774407,0,0
2012-10-04 00:00:00,-0.12415312,0,0
2012-10-04 01:00:00,-0.16950518,0,0
2012-10-04 02:00:00,-0.23445962,0,0
2012-10-04 03:00:00,-0.33029214,0,0
2012-10-04 04:00:00,-0.44704166,0,0
2012-10-04 05:00:00,-0.58410186,0,0
2012-10-04 06:00:00,-0.6843041,0,0
2012-10-04 07:00:00,-0.5788802,0,0
2012-10-04 08:00:00,-0.20981658,0,0
2012-10-04 09:00:00,0.24015465,0,0
2012-10-04 10:00:00,0.6534492,0,0
2012-10-04 11:00:00,1.0417709,0,0
2012-10-04 12:00:00,1.3424329,0,0
2012-10-04 13:00:00,1.5435543,0,0
2012-10-04 14:00:00,1.5840356,0,0
2012-10-04 15:00:00,1.666529,0,0
2012-10-04 16:00:00,1.7419469,0,0
2012-10-04 17:00:00,1.7034366,0,0
2012-10-04 18:00:00,1.4243329,0,0
2012-10-04 19:00:00,1.0332581,0,0
2012-10-04 20:00:00,0.74285597,0,0
2012-10-04 21:00:00,0.5252889,0,0
2012-10-04 22:00:00,0.36138806,0,0
2012-10-04 23:00:00,0.11930475,0,0
2012-10-05 00:00:00,-0.111155085,0,0
2012-10-05 01:00:00,-0.30375147,0,0
2012-10-05 02:00:00,-0.445895,0,0
2012-10-05 03:00:00,-0.5484262,0,0
2012-10-05 04:00:00,-0.5981064,0,0
2012-10-05 05:00:00,-0.66220206,0,0
2012-10-05 06:00:00,-0.68752164,0,0
2012-10-05 07:00:00,-0.6666163,0,0
2012-10-05 08:00:00,-0.6945585,0,0
2012-10-05 09:00:00,-0.5987065,0,0
2012-10-05 10:00:00,-0.45405865,0,0
2012-10-05 11:00:00,-0.2969136,0,0
2012-10-05 12:00:00,-0.17585117,0,0
2012-10-05 13:00:00,-0.11083963,0,0
2012-10-05 14:00:00,-0.07072643,0,0
2012-10-05 15:00:00,-0.097184815,0,0
2012-10-05 16:00:00,-0.22984298,0,0
2012-10-05 17:00:00,-0.2533714,0,0
2012-10-05 18:00:00,-0.4319467,0,0
2012-10-05 19:00:00,-0.59851515,0,0
2012-10-05 20:00:00,-0.76098174,0,0
2012-10-05 21:00:00,-0.8761835,0,0
2012-10-05 22:00:00,-1.0046183,0,0
2012-10-05 23:00:00,-1.1100801,0,0
2012-10-06 00:00:00,-1.1839553,1,0
2012-10-06 01:00:00,-1.2845618,1,0
2012-10-06 02:00:00,-1.381284,1,0
2012-10-06 03:00:00,-1.4300573,1,0
2012-10-06 04:00:00,-1.494457,1,0
2012-10-06 05:00:00,-1.4492756,1,0
2012-10-06 06:00:00,-1.4535295,1,0
2012-10-06 07:00:00,-1.3750994,1,0
2012-10-06 08:00:00,-1.2680426,1,0
2012-10-06 09:00:00,-1.1610705,1,0
2012-10-06 10:00:00,-1.0759745,1,0
2012-10-06 11:00:00,-1.0058209,1,0
2012-10-06 12:00:00,-1.0425028,1,0
2012-10-06 13:00:00,-1.0529716,1,0
2012-10-06 14:00:00,-1.0477259,1,0
2012-10-06 15:00:00,-1.2385186,1,0
2012-10-06 16:00:00,-1.3937558,1,0
2012-10-06 17:00:00,-1.4115492,1,0
2012-10-06 18:00:00,-1.5286651,1,0
2012-10-06 19:00:00,-1.6367844,1,0
2012-10-06 20:00:00,-1.6900017,1,0
2012-10-06 21:00:00,-1.7813505,1,0
2012-10-06 22:00:00,-1.8388907,1,0
2012-10-06 23:00:00,-1.8870353,1,0
2012-10-07 00:00:00,-1.9336934,1,0
2012-10-07 01:00:00,-1.9747138,1,0
2012-10-07 02:00:00,-2.0067565,1,0
2012-10-07 03:00:00,-2.038799,1,0
2012-10-07 04:00:00,-2.0254498,1,0
2012-10-07 05:00:00,-2.0615823,1,0
2012-10-07 06:00:00,-1.9705409,1,0
2012-10-07 07:00:00,-1.9337792,1,0
2012-10-07 08:00:00,-1.7850715,1,0
2012-10-07 09:00:00,-1.5993913,1,0
2012-10-07 10:00:00,-1.4230053,1,0
2012-10-07 11:00:00,-1.31768,1,0
2012-10-07 12:00:00,-1.1473482,1,0
2012-10-07 13:00:00,-1.0557714,1,0
2012-10-07 14:00:00,-1.018051,1,0
2012-10-07 15:00:00,-0.9366527,1,0
2012-10-07 16:00:00,-0.93693966,1,0
2012-10-07 17:00:00,-0.987645,1,0
2012-10-07 18:00:00,-1.0480019,1,0
2012-10-07 19:00:00,-1.1462919,1,0
2012-10-07 20:00:00,-1.2509556,1,0
2012-10-07 21:00:00,-1.2917601,1,0
2012-10-07 22:00:00,-1.3477697,1,0
2012-10-07 23:00:00,-1.3565143,1,0
2012-10-08 00:00:00,-1.419943,0,0
2012-10-08 01:00:00,-1.562731,0,0
2012-10-08 02:00:00,-1.7211128,0,0
2012-10-08 03:00:00,-1.8731208,0,0
2012-10-08 04:00:00,-1.9571693,0,0
2012-10-08 05:00:00,-2.0306506,0,0
2012-10-08 06:00:00,-2.130122,0,0
2012-10-08 07:00:00,-2.2492006,0,0
2012-10-08 08:00:00,-1.9647973,0,0
2012-10-08 09:00:00,-1.5836471,0,0
2012-10-08 10:00:00,-1.4258751,0,0
2012-10-08 11:00:00,-1.3167105,0,0
2012-10-08 12:00:00,-1.0252126,0,0
2012-10-08 13:00:00,-0.91891634,0,0
2012-10-08 14:00:00,-0.8198163,0,0
2012-10-08 15:00:00,-0.8016603,0,0
2012-10-08 16:00:00,-0.8210312,0,0
2012-10-08 17:00:00,-0.85312235,0,0
2012-10-08 18:00:00,-1.0206813,0,0
2012-10-08 19:00:00,-1.1280993,0,0
2012-10-08 20:00:00,-1.2485849,0,0
2012-10-08 21:00:00,-1.3912091,0,0
2012-10-08 22:00:00,-1.5620815,0,0
2012-10-08 23:00:00,-1.727978,0,0
2012-10-09 00:00:00,-1.8045126,0,0
2012-10-09 01:00:00,-1.9100262,0,0
2012-10-09 02:00:00,-2.0143907,0,0
2012-10-09 03:00:00,-2.1811955,0,0
2012-10-09 04:00:00,-2.4609675,0,0
2012-10-09 05:00:00,-2.5225608,0,0
2012-10-09 06:00:00,-2.4970286,0,0
2012-10-09 07:00:00,-2.661705,0,0
2012-10-09 08:00:00,-2.2350147,0,0
2012-10-09 09:00:00,-1.6374947,0,0
2012-10-09 10:00:00,-1.4287341,0,0
2012-10-09 11:00:00,-1.3335769,0,0
2012-10-09 12:00:00,-1.1957804,0,0
2012-10-09 13:00:00,-1.0639588,0,0
2012-10-09 14:00:00,-0.9414933,0,0
2012-10-09 15:00:00,-0.85217994,0,0
2012-10-09 16:00:00,-0.8113654,0,0
2012-10-09 17:00:00,-0.79777306,0,0
2012-10-09 18:00:00,-0.7610484,0,0
2012-10-09 19:00:00,-0.8261881,0,0
2012-10-09 20:00:00,-0.96893865,0,0
2012-10-09 21:00:00,-1.0631005,0,0
2012-10-09 22:00:00,-1.1021047,0,0
2012-10-09 23:00:00,-1.1553547,0,0
2012-10-10 00:00:00,-1.2241985,0,0
2012-10-10 01:00:00,-1.3162781,0,0
2012-10-10 02:00:00,-1.5049679,0,0
2012-10-10 03:00:00,-1.7367238,0,0
2012-10-10 04:00:00,-1.8269755,0,0
2012-10-10 05:00:00,-1.9665825,0,0
2012-10-10 06:00:00,-2.0640824,0,0
2012-10-10 07:00:00,-2.2051287,0,0
2012-10-10 08:00:00,-2.0355504,0,0
2012-10-10 09:00:00,-1.7326521,0,0
2012-10-10 10:00:00,-1.5185405,0,0
2012-10-10 11:00:00,-1.4399757,0,0
2012-10-10 12:00:00,-1.3735074,0,0
2012-10-10 13:00:00,-1.2223788,0,0
2012-10-10 14:00:00,-1.2304411,0,0
2012-10-10 15:00:00,-1.1457651,0,0
2012-10-10 16:00:00,-1.0585996,0,0
2012-10-10 17:00:00,-1.1733886,0,0
2012-10-10 18:00:00,-1.203702,0,0
2012-10-10 19:00:00,-1.3118753,0,0
2012-10-10 20:00:00,-1.4874805,0,0
2012-10-10 21:00:00,-1.5934037,0,0
2012-10-10 22:00:00,-1.7038211,0,0
2012-10-10 23:00:00,-1.8007352,0,0
2012-10-11 00:00:00,-1.9340805,0,0
2012-10-11 01:00:00,-2.0670044,0,0
2012-10-11 02:00:00,-2.131627,0,0
2012-10-11 03:00:00,-2.141348,0,0
2012-10-11 04:00:00,-2.1136727,0,0
2012-10-11 05:00:00,-2.0801892,0,0
2012-10-11 06:00:00,-2.0356197,0,0
2012-10-11 07:00:00,-2.0798798,0,0
2012-10-11 08:00:00,-1.9469366,0,0
2012-10-11 09:00:00,-1.8001705,0,0
2012-10-11 10:00:00,-1.5487585,0,0
2012-10-11 11:00:00,-1.2104193,0,0
2012-10-11 12:00:00,-0.7649595,0,0
2012-10-11 13:00:00,-0.72235125,0,0
2012-10-11 14:00:00,-0.7447525,0,0
2012-10-11 15:00:00,-0.7230098,0,0
2012-10-11 16:00:00,-0.83670676,0,0
2012-10-11 17:00:00,-0.89728814,0,0
2012-10-11 18:00:00,-1.0027364,0,0
2012-10-11 19:00:00,-1.1043849,0,0
2012-10-11 20:00:00,-1.2400184,0,0
2012-10-11 21:00:00,-1.3200465,0,0
2012-10-11 22:00:00,-1.393483,0,0
2012-10-11 23:00:00,-1.4385259,0,0
2012-10-12 00:00:00,-1.4951867,0,0
2012-10-12 01:00:00,-1.5211402,0,0
2012-10-12 02:00:00,-1.5955753,0,0
2012-10-12 03:00:00,-1.6380817,0,0
2012-10-12 04:00:00,-1.6711179,0,0
2012-10-12 05:00:00,-1.663092,0,0
2012-10-12 06:00:00,-1.6519648,0,0
2012-10-12 07:00:00,-1.56563,0,0
2012-10-12 08:00:00,-1.4384042,0,0
2012-10-12 09:00:00,-1.3497853,0,0
2012-10-12 10:00:00,-1.1382413,0,0
2012-10-12 11:00:00,-0.968091,0,0
2012-10-12 12:00:00,-0.8567613,0,0
2012-10-12 13:00:00,-0.8813966,0,0
2012-10-12 14:00:00,-0.881324,0,0
2012-10-12 15:00:00,-0.95712763,0,0
2012-10-12 16:00:00,-0.99218875,0,0
2012-10-12 17:00:00,-1.1096387,0,0
2012-10-12 18:00:00,-1.2788404,0,0
2012-10-12 19:00:00,-1.316504,0,0
2012-10-12 20:00:00,-1.3624663,0,0
2012-10-12 21:00:00,-1.3796136,0,0
2012-10-12 22:00:00,-1.4333957,0,0
2012-10-12 23:00:00,-1.5017593,0,0
2012-10-13 00:00:00,-1.510115,1,0
2012-10-13 01:00:00,-1.5227939,1,0
2012-10-13 02:00:00,-1.5416704,1,0
2012-10-13 03:00:00,-1.5779738,1,0
2012-10-13 04:00:00,-1.5217812,1,0
2012-10-13 05:00:00,-1.5742433,1,0
2012-10-13 06:00:00,-1.4968191,1,0
2012-10-13 07:00:00,-1.4973097,1,0
2012-10-13 08:00:00,-1.3653722,1,0
2012-10-13 09:00:00,-1.1774253,1,0
2012-10-13 10:00:00,-1.0276048,1,0
2012-10-13 11:00:00,-0.9440759,1,0
2012-10-13 12:00:00,-0.73066413,1,0
2012-10-13 13:00:00,-0.59326667,1,0
2012-10-13 14:00:00,-0.5833698,1,0
2012-10-13 15:00:00,-0.5212837,1,0
2012-10-13 16:00:00,-0.47941652,1,0
2012-10-13 17:00:00,-0.4954339,1,0
2012-10-13 18:00:00,-0.5559619,1,0
2012-10-13 19:00:00,-0.6651612,1,0
2012-10-13 20:00:00,-0.8337289,1,0
2012-10-13 21:00:00,-0.9204921,1,0
2012-10-13 22:00:00,-0.9975899,1,0
2012-10-13 23:00:00,-1.0573957,1,0
2012-10-14 00:00:00,-1.2150742,1,0
2012-10-14 01:00:00,-1.4208156,1,0
2012-10-14 02:00:00,-1.7190448,1,0
2012-10-14 03:00:00,-1.8335828,1,0
2012-10-14 04:00:00,-1.7848145,1,0
2012-10-14 05:00:00,-1.879213,1,0
2012-10-14 06:00:00,-2.007492,1,0
2012-10-14 07:00:00,-2.0782607,1,0
2012-10-14 08:00:00,-1.8189266,1,0
2012-10-14 09:00:00,-1.2825826,1,0
2012-10-14 10:00:00,-1.0211817,1,0
2012-10-14 11:00:00,-0.64747536,1,0
2012-10-14 12:00:00,-0.30181524,1,0
2012-10-14 13:00:00,0.037909497,1,0
2012-10-14 14:00:00,0.3498975,1,0
2012-10-14 15:00:00,0.5911614,1,0
2012-10-14 16:00:00,0.73370725,1,0
2012-10-14 17:00:00,0.7853431,1,0
2012-10-14 18:00:00,0.7861806,1,0
2012-10-14 19:00:00,0.6970288,1,0
2012-10-14 20:00:00,0.3246286,1,0
2012-10-14 21:00:00,0.040499866,1,0
2012-10-14 22:00:00,-0.16016227,1,0
2012-10-14 23:00:00,-0.2867588,1,0
2012-10-15 00:00:00,-0.39823696,0,0
2012-10-15 01:00:00,-0.51115435,0,0
2012-10-15 02:00:00,-0.590092,0,0
2012-10-15 03:00:00,-0.663003,0,0
2012-10-15 04:00:00,-0.6941955,0,0
2012-10-15 05:00:00,-0.68647903,0,0
2012-10-15 06:00:00,-0.6137285,0,0
2012-10-15 07:00:00,-0.5942506,0,0
2012-10-15 08:00:00,-0.45230544,0,0
2012-10-15 09:00:00,-0.15176095,0,0
2012-10-15 10:00:00,0.17478944,0,0
2012-10-15 11:00:00,0.3740569,0,0
2012-10-15 12:00:00,0.57595074,0,0
2012-10-15 13:00:00,0.7838834,0,0
2012-10-15 14:00:00,0.94650376,0,0
2012-10-15 15:00:00,1.1093844,0,0
2012-10-15 16:00:00,1.2365371,0,0
2012-10-15 17:00:00,1.2556865,0,0
2012-10-15 18:00:00,1.6058366,0,0
2012-10-15 19:00:00,1.2639745,0,0
2012-10-15 20:00:00,0.7581582,0,0
2012-10-15 21:00:00,0.47295183,0,0
2012-10-15 22:00:00,0.25595486,0,0
2012-10-15 23:00:00,0.057167534,0,0
2012-10-16 00:00:00,-0.20552354,0,0
2012-10-16 01:00:00,-0.49066782,0,0
2012-10-16 02:00:00,-0.6809781,0,0
2012-10-16 03:00:00,-0.7486227,0,0
2012-10-16 04:00:00,-0.76214814,0,0
2012-10-16 05:00:00,-0.86665076,0,0
2012-10-16 06:00:00,-0.9771802,0,0
2012-10-16 07:00:00,-0.97956806,0,0
2012-10-16 08:00:00,-0.67779654,0,0
2012-10-16 09:00:00,-0.074419744,0,0
2012-10-16 10:00:00,0.330657,0,0
2012-10-16 11:00:00,0.64134246,0,0
2012-10-16 12:00:00,0.8966094,0,0
2012-10-16 13:00:00,1.0572255,0,0
2012-10-16 14:00:00,1.0535449,0,0
2012-10-16 15:00:00,0.9818896,0,0
2012-10-16 16:00:00,0.9683968,0,0
2012-10-16 17:00:00,0.9701383,0,0
2012-10-16 18:00:00,0.70302355,0,0
2012-10-16 19:00:00,0.2523598,0,0
2012-10-16 20:00:00,-0.31827945,0,0
2012-10-16 21:00:00,-0.6795663,0,0
2012-10-16 22:00:00,-0.9078511,0,0
2012-10-16 23:00:00,-1.1544698,0,0
2012-10-17 00:00:00,-1.3376753,0,0
2012-10-17 01:00:00,-1.443137,0,0
2012-10-17 02:00:00,-1.509764,0,0
2012-10-17 03:00:00,-1.5729005,0,0
2012-10-17 04:00:00,-1.6091348,0,0
2012-10-17 05:00:00,-1.6502985,0,0
2012-10-17 06:00:00,-1.682728,0,0
2012-10-17 07:00:00,-1.6661115,0,0
2012-10-17 08:00:00,-1.4350395,0,0
2012-10-17 09:00:00,-1.2529464,0,0
2012-10-17 10:00:00,-1.1298915,0,0
2012-10-17 11:00:00,-0.9801848,0,0
2012-10-17 12:00:00,-0.8237086,0,0
2012-10-17 13:00:00,-0.6369608,0,0
2012-10-17 14:00:00,-0.46620065,0,0
2012-10-17 15:00:00,-0.39599213,0,0
2012-10-17 16:00:00,-0.39450306,0,0
2012-10-17 17:00:00,-0.41957402,0,0
2012-10-17 18:00:00,-0.5048345,0,0
2012-10-17 19:00:00,-0.589673,0,0
2012-10-17 20:00:00,-0.6773952,0,0
2012-10-17 21:00:00,-0.77214813,0,0
2012-10-17 22:00:00,-0.81941813,0,0
2012-10-17 23:00:00,-0.8739364,0,0
2012-10-18 00:00:00,-0.99602526,0,0
2012-10-18 01:00:00,-1.125362,0,0
2012-10-18 02:00:00,-1.3764024,0,0
2012-10-18 03:00:00,-1.4877441,0,0
2012-10-18 04:00:00,-1.6522546,0,0
2012-10-18 05:00:00,-1.689244,0,0
2012-10-18 06:00:00,-1.7492982,0,0
2012-10-18 07:00:00,-1.7595563,0,0
2012-10-18 08:00:00,-1.4718767,0,0
2012-10-18 09:00:00,-0.93845034,0,0
2012-10-18 10:00:00,-0.6572175,0,0
2012-10-18 11:00:00,-0.33046132,0,0
2012-10-18 12:00:00,-0.020869868,0,0
2012-10-18 13:00:00,0.24849248,0,0
2012-10-18 14:00:00,0.49146536,0,0
2012-10-18 15:00:00,0.71893615,0,0
2012-10-18 16:00:00,0.7493543,0,0
2012-10-18 17:00:00,0.51586276,0,0
2012-10-18 18:00:00,0.5374305,0,0
2012-10-18 19:00:00,0.4350908,0,0
2012-10-18 20:00:00,0.16489878,0,0
2012-10-18 21:00:00,-0.017856129,0,0
2012-10-18 22:00:00,-0.15003203,0,0
2012-10-18 23:00:00,-0.31557575,0,0
2012-10-19 00:00:00,-0.61932355,0,0
2012-10-19 01:00:00,-0.8792034,0,0
2012-10-19 02:00:00,-1.0785676,0,0
2012-10-19 03:00:00,-1.1466011,0,0
2012-10-19 04:00:00,-1.1299516,0,0
2012-10-19 05:00:00,-1.0950872,0,0
2012-10-19 06:00:00,-1.0537382,0,0
2012-10-19 07:00:00,-0.94243985,0,0
2012-10-19 08:00:00,-0.5735718,0,0
2012-10-19 09:00:00,0.077427626,0,0
2012-10-19 10:00:00,0.41165298,0,0
2012-10-19 11:00:00,0.7997125,0,0
2012-10-19 12:00:00,1.1998806,0,0
2012-10-19 13:00:00,1.4328114,0,0
2012-10-19 14:00:00,1.6342527,0,0
2012-10-19 15:00:00,1.8450845,0,0
2012-10-19 16:00:00,1.9323,0,0
2012-10-19 17:00:00,1.9922155,0,0
2012-10-19 18:00:00,1.9372495,0,0
2012-10-19 19:00:00,1.441097,0,0
2012-10-19 20:00:00,0.9275534,0,0
2012-10-19 21:00:00,0.6132775,0,0
2012-10-19 22:00:00,0.39098477,0,0
2012-10-19 23:00:00,0.19363661,0,0
2012-10-20 00:00:00,0.01035159,1,0
2012-10-20 01:00:00,-0.16997536,1,0
2012-10-20 02:00:00,-0.28019556,1,0
2012-10-20 03:00:00,-0.294286,1,0
2012-10-20 04:00:00,-0.29233676,1,0
2012-10-20 05:00:00,-0.33327246,1,0
2012-10-20 06:00:00,-0.54698974,1,0
2012-10-20 07:00:00,-0.6524462,1,0
2012-10-20 08:00:00,-0.5807858,1,0
2012-10-20 09:00:00,-0.4062257,1,0
2012-10-20 10:00:00,-0.15033473,1,0
2012-10-20 11:00:00,0.21703926,1,0
2012-10-20 12:00:00,0.58939284,1,0
2012-10-20 13:00:00,0.9133425,1,0
2012-10-20 14:00:00,1.1765293,1,0
2012-10-20 15:00:00,1.3209553,1,0
2012-10-20 16:00:00,1.2823447,1,0
2012-10-20 17:00:00,1.1748383,1,0
2012-10-20 18:00:00,1.0197958,1,0
2012-10-20 19:00:00,0.863456,1,0
2012-10-20 20:00:00,0.6202854,1,0
2012-10-20 21:00:00,0.46355334,1,0
2012-10-20 22:00:00,0.27449903,1,0
2012-10-20 23:00:00,0.2281828,1,0
2012-10-21 00:00:00,0.19480975,1,0
2012-10-21 01:00:00,0.058447607,1,0
2012-10-21 02:00:00,-0.11967459,1,0
2012-10-21 03:00:00,-0.309026,1,0
2012-10-21 04:00:00,-0.51204634,1,0
2012-10-21 05:00:00,-0.70035243,1,0
2012-10-21 06:00:00,-1.0307279,1,0
2012-10-21 07:00:00,-1.1302094,1,0
2012-10-21 08:00:00,-1.1510175,1,0
2012-10-21 09:00:00,-1.0633123,1,0
2012-10-21 10:00:00,-0.93510497,1,0
2012-10-21 11:00:00,-0.7294043,1,0
2012-10-21 12:00:00,-0.57743603,1,0
2012-10-21 13:00:00,-0.50221825,1,0
2012-10-21 14:00:00,-0.4021492,1,0
2012-10-21 15:00:00,-0.3589914,1,0
2012-10-21 16:00:00,-0.3878586,1,0
2012-10-21 17:00:00,-0.45555538,1,0
2012-10-21 18:00:00,-0.48191023,1,0
2012-10-21 19:00:00,-0.59236884,1,0
2012-10-21 20:00:00,-0.8255766,1,0
2012-10-21 21:00:00,-0.99568003,1,0
2012-10-21 22:00:00,-1.1307983,1,0
2012-10-21 23:00:00,-1.281761,1,0
2012-10-22 00:00:00,-1.3289566,0,0
2012-10-22 01:00:00,-1.3828683,0,0
2012-10-22 02:00:00,-1.4006255,0,0
2012-10-22 03:00:00,-1.4739406,0,0
2012-10-22 04:00:00,-1.511832,0,0
2012-10-22 05:00:00,-1.5117627,0,0
2012-10-22 06:00:00,-1.4437395,0,0
2012-10-22 07:00:00,-1.4367642,0,0
2012-10-22 08:00:00,-1.2801911,0,0
2012-10-22 09:00:00,-1.1267763,0,0
2012-10-22 10:00:00,-1.0166128,0,0
2012-10-22 11:00:00,-0.9549998,0,0
2012-10-22 12:00:00,-0.6881545,0,0
2012-10-22 13:00:00,-0.6268854,0,0
2012-10-22 14:00:00,-0.40403968,0,0
2012-10-22 15:00:00,-0.21098715,0,0
2012-10-22 16:00:00,-0.11902349,0,0
2012-10-22 17:00:00,-0.10674594,0,0
2012-10-22 18:00:00,-0.12869509,0,0
2012-10-22 19:00:00,-0.14736155,0,0
2012-10-22 20:00:00,-0.36611265,0,0
2012-10-22 21:00:00,-0.5598065,0,0
2012-10-22 22:00:00,-0.7877753,0,0
2012-10-22 23:00:00,-1.00513,0,0
2012-10-23 00:00:00,-1.3419503,0,0
2012-10-23 01:00:00,-1.6808335,0,0
2012-10-23 02:00:00,-1.8520323,0,0
2012-10-23 03:00:00,-1.9955924,0,0
2012-10-23 04:00:00,-2.121503,0,0
2012-10-23 05:00:00,-2.2145314,0,0
2012-10-23 06:00:00,-2.4005167,0,0
2012-10-23 07:00:00,-2.3701136,0,0
2012-10-23 08:00:00,-1.9462122,0,0
2012-10-23 09:00:00,-1.4286357,0,0
2012-10-23 10:00:00,-0.9195394,0,0
2012-10-23 11:00:00,-0.5091512,0,0
2012-10-23 12:00:00,-0.2235902,0,0
2012-10-23 13:00:00,0.0077306577,0,0
2012-10-23 14:00:00,0.15632063,0,0
2012-10-23 15:00:00,0.22488791,0,0
2012-10-23 16:00:00,0.19450873,0,0
2012-10-23 17:00:00,0.16232538,0,0
2012-10-23 18:00:00,0.17578143,0,0
2012-10-23 19:00:00,-0.044346597,0,0
2012-10-23 20:00:00,-0.2865858,0,0
2012-10-23 21:00:00,-0.44409534,0,0
2012-10-23 22:00:00,-0.56661963,0,0
2012-10-23 23:00:00,-0.67945063,0,0
2012-10-24 00:00:00,-0.7568575,0,0
2012-10-24 01:00:00,-0.798234,0,0
2012-10-24 02:00:00,-0.81017154,0,0
2012-10-24 03:00:00,-0.8128841,0,0
2012-10-24 04:00:00,-0.79467964,0,0
2012-10-24 05:00:00,-0.79612416,0,0
2012-10-24 06:00:00,-0.8287611,0,0
2012-10-24 07:00:00,-0.78023833,0,0
2012-10-24 08:00:00,-0.5609382,0,0
2012-10-24 09:00:00,-0.15913893,0,0
2012-10-24 10:00:00,0.21018244,0,0
2012-10-24 11:00:00,0.4667745,0,0
2012-10-24 12:00:00,0.6833082,0,0
2012-10-24 13:00:00,0.9709078,0,0
2012-10-24 14:00:00,1.2417889,0,0
2012-10-24 15:00:00,1.4448819,0,0
2012-10-24 16:00:00,1.4779729,0,0
2012-10-24 17:00:00,1.428667,0,0
2012-10-24 18:00:00,1.1553285,0,0
2012-10-24 19:00:00,0.9672088,0,0
2012-10-24 20:00:00,0.75719553,0,0
2012-10-24 21:00:00,0.5957103,0,0
2012-10-24 22:00:00,0.50279564,0,0
2012-10-24 23:00:00,0.39284837,0,0
2012-10-25 00:00:00,0.36964035,0,0
2012-10-25 01:00:00,0.33573493,0,0
2012-10-25 02:00:00,0.3215425,0,0
2012-10-25 03:00:00,0.25307882,0,0
2012-10-25 04:00:00,0.21017691,0,0
2012-10-25 05:00:00,0.16496806,0,0
2012-10-25 06:00:00,0.058258817,0,0
2012-10-25 07:00:00,0.010448005,0,0
2012-10-25 08:00:00,0.21425496,0,0
2012-10-25 09:00:00,0.7628233,0,0
2012-10-25 10:00:00,0.9797203,0,0
2012-10-25 11:00:00,1.0287617,0,0
2012-10-25 12:00:00,1.1508733,0,0
2012-10-25 13:00:00,1.3258044,0,0
2012-10-25 14:00:00,1.2574563,0,0
2012-10-25 15:00:00,1.1073486,0,0
2012-10-25 16:00:00,0.8049809,0,0
2012-10-25 17:00:00,0.4741576,0,0
2012-10-25 18:00:00,0.26072872,0,0
2012-10-25 19:00:00,0.022356343,0,0
2012-10-25 20:00:00,-0.1678816,0,0
2012-10-25 21:00:00,-0.31085974,0,0
2012-10-25 22:00:00,-0.42291316,0,0
2012-10-25 23:00:00,-0.5449223,0,0
2012-10-26 00:00:00,-0.66636646,0,0
2012-10-26 01:00:00,-0.7936195,0,0
2012-10-26 02:00:00,-0.9196097,0,0
2012-10-26 03:00:00,-1.0179888,0,0
2012-10-26 04:00:00,-1.1289451,0,0
2012-10-26 05:00:00,-1.2016953,0,0
2012-10-26 06:00:00,-1.2813796,0,0
2012-10-26 07:00:00,-1.2907113,0,0
2012-10-26 08:00:00,-1.208392,0,0
2012-10-26 09:00:00,-1.0667436,0,0
2012-10-26 10:00:00,-0.9285287,0,0
2012-10-26 11:00:00,-0.8166115,0,0
2012-10-26 12:00:00,-0.7422213,0,0
2012-10-26 13:00:00,-0.645207,0,0
2012-10-26 14:00:00,-0.50992817,0,0
2012-10-26 15:00:00,-0.3965305,0,0
2012-10-26 16:00:00,-0.31688103,0,0
2012-10-26 17:00:00,-0.2476434,0,0
2012-10-26 18:00:00,-0.29482868,0,0
2012-10-26 19:00:00,-0.52506113,0,0
2012-10-26 20:00:00,-0.8039768,0,0
2012-10-26 21:00:00,-1.0810401,0,0
2012-10-26 22:00:00,-1.2420104,0,0
2012-10-26 23:00:00,-1.3141042,0,0
2012-10-27 00:00:00,-1.3576335,1,0
2012-10-27 01:00:00,-1.4071426,1,0
2012-10-27 02:00:00,-1.4545041,1,0
2012-10-27 03:00:00,-1.4315137,1,0
2012-10-27 04:00:00,-1.48316,1,0
2012-10-27 05:00:00,-1.6145549,1,0
2012-10-27 06:00:00,-1.7775309,1,0
2012-10-27 07:00:00,-1.7654498,1,0
2012-10-27 08:00:00,-1.658844,1,0
2012-10-27 09:00:00,-1.5594293,1,0
2012-10-27 10:00:00,-1.4443243,1,0
2012-10-27 11:00:00,-1.3582693,1,0
2012-10-27 12:00:00,-1.1177944,1,0
2012-10-27 13:00:00,-0.93680894,1,0
2012-10-27 14:00:00,-0.69711167,1,0
2012-10-27 15:00:00,-0.65966636,1,0
2012-10-27 16:00:00,-0.616194,1,0
2012-10-27 17:00:00,-0.6360213,1,0
2012-10-27 18:00:00,-0.6288182,1,0
2012-10-27 19:00:00,-0.71238345,1,0
2012-10-27 20:00:00,-0.80429924,1,0
2012-10-27 21:00:00,-0.87507504,1,0
2012-10-27 22:00:00,-0.933621,1,0
2012-10-27 23:00:00,-0.992338,1,0
2012-10-28 00:00:00,-1.0914085,1,0
2012-10-28 01:00:00,-1.1480745,1,0
2012-10-28 02:00:00,-1.2390622,1,0
2012-10-28 03:00:00,-1.3402284,1,0
2012-10-28 04:00:00,-1.4007183,1,0
2012-10-28 05:00:00,-1.3794091,1,0
2012-10-28 06:00:00,-1.4752985,1,0
2012-10-28 07:00:00,-1.587813,1,0
2012-10-28 08:00:00,-1.2063313,1,0
2012-10-28 09:00:00,-0.887597,1,0
2012-10-28 10:00:00,-0.60800725,1,0
2012-10-28 11:00:00,-0.2491773,1,0
2012-10-28 12:00:00,0.0481123,1,0
2012-10-28 13:00:00,0.3312922,1,0
2012-10-28 14:00:00,0.517582,1,0
2012-10-28 15:00:00,0.602394,1,0
2012-10-28 16:00:00,0.6181445,1,0
2012-10-28 17:00:00,0.5044648,1,0
2012-10-28 18:00:00,0.24095243,1,0
2012-10-28 19:00:00,-0.035897207,1,0
2012-10-28 20:00:00,-0.29239973,1,0
2012-10-28 21:00:00,-0.47810954,1,0
2012-10-28 22:00:00,-0.60467166,1,0
2012-10-28 23:00:00,-0.7415317,1,0
2012-10-29 00:00:00,-0.8945038,0,0
2012-10-29 01:00:00,-1.0617734,0,0
2012-10-29 02:00:00,-1.013861,0,0
2012-10-29 03:00:00,-1.1082888,0,0
2012-10-29 04:00:00,-1.2148478,0,0
2012-10-29 05:00:00,-1.3101307,0,0
2012-10-29 06:00:00,-1.3365855,0,0
2012-10-29 07:00:00,-1.4533709,0,0
2012-10-29 08:00:00,-1.0484161,0,0
2012-10-29 09:00:00,-0.42201358,0,0
2012-10-29 10:00:00,0.2306017,0,0
2012-10-29 11:00:00,0.87692547,0,0
2012-10-29 12:00:00,1.4799705,0,0
2012-10-29 13:00:00,1.8564204,0,0
2012-10-29 14:00:00,2.001563,0,0
2012-10-29 15:00:00,2.047081,0,0
2012-10-29 16:00:00,2.03812,0,0
2012-10-29 17:00:00,1.9943345,0,0
2012-10-29 18:00:00,2.0851247,0,0
2012-10-29 19:00:00,2.105713,0,0
2012-10-29 20:00:00,1.7402583,0,0
2012-10-29 21:00:00,1.4497952,0,0
2012-10-29 22:00:00,1.0993178,0,0
2012-10-29 23:00:00,0.6710708,0,0
2012-10-30 00:00:00,0.39588758,0,0
2012-10-30 01:00:00,0.199013,0,0
2012-10-30 02:00:00,0.03323968,0,0
2012-10-30 03:00:00,-0.093277484,0,0
2012-10-30 04:00:00,-0.21556829,0,0
2012-10-30 05:00:00,-0.31078053,0,0
2012-10-30 06:00:00,-0.36637017,0,0
2012-10-30 07:00:00,-0.2543216,0,0
2012-10-30 08:00:00,0.21929653,0,0
2012-10-30 09:00:00,0.83707017,0,0
2012-10-30 10:00:00,1.3960003,0,0
2012-10-30 11:00:00,1.8665448,0,0
2012-10-30 12:00:00,2.2179003,0,0
2012-10-30 13:00:00,2.2633908,0,0
2012-10-30 14:00:00,2.2914612,0,0
2012-10-30 15:00:00,2.3411396,0,0
2012-10-30 16:00:00,2.3521886,0,0
2012-10-30 17:00:00,2.3187997,0,0
2012-10-30 18:00:00,2.614015,0,0
2012-10-30 19:00:00,2.4931643,0,0
2012-10-30 20:00:00,1.9957933,0,0
2012-10-30 21:00:00,1.6359646,0,0
2012-10-30 22:00:00,1.3823392,0,0
2012-10-30 23:00:00,1.2191089,0,0
2012-10-31 00:00:00,1.0837401,0,0
2012-10-31 01:00:00,0.97404337,0,0
2012-10-31 02:00:00,0.8050357,0,0
2012-10-31 03:00:00,0.59631836,0,0
2012-10-31 04:00:00,0.54371274,0,0
2012-10-31 05:00:00,0.6266904,0,0
2012-10-31 06:00:00,0.72773945,0,0
2012-10-31 07:00:00,0.78756577,0,0
2012-10-31 08:00:00,1.0187862,0,0
2012-10-31 09:00:00,1.4562547,0,0
2012-10-31 10:00:00,1.8749248,0,0
2012-10-31 11:00:00,2.2142801,0,0
2012-10-31 12:00:00,2.554686,0,0
2012-10-31 13:00:00,2.6626549,0,0
2012-10-31 14:00:00,2.7491415,0,0
2012-10-31 15:00:00,2.9050786,0,0
2012-10-31 16:00:00,2.915105,0,0
2012-10-31 17:00:00,3.065056,0,0
2012-10-31 18:00:00,2.7768846,0,0
2012-10-31 19:00:00,2.5704734,0,0
2012-10-31 20:00:00,2.2524307,0,0
2012-10-31 21:00:00,2.0134523,0,0
2012-10-31 22:00:00,1.8504312,0,0
2012-10-31 23:00:00,1.7080438,0,0
2012-11-01 00:00:00,1.6555245,0,0
2012-11-01 01:00:00,1.6272002,0,0
2012-11-01 02:00:00,1.5839527,0,0
2012-11-01 03:00:00,1.5426764,0,0
2012-11-01 04:00:00,1.4449676,0,0
2012-11-01 05:00:00,1.2883866,0,0
2012-11-01 06:00:00,1.0652263,0,0
2012-11-01 07:00:00,0.68679655,0,0
2012-11-01 08:00:00,0.4157204,0,0
2012-11-01 09:00:00,0.27125815,0,0
2012-11-01 10:00:00,0.22366676,0,0
2012-11-01 11:00:00,0.2527832,0,0
2012-11-01 12:00:00,0.1968103,0,0
2012-11-01 13:00:00,0.16506529,0,0
2012-11-01 14:00:00,-0.07722541,0,0
2012-11-01 15:00:00,-0.30453923,0,0
2012-11-01 16:00:00,-0.49281266,0,0
2012-11-01 17:00:00,-0.5688771,0,0
2012-11-01 18:00:00,-0.53549874,0,0
2012-11-01 19:00:00,-0.57639986,0,0
2012-11-01 20:00:00,-0.6138575,0,0
2012-11-01 21:00:00,-0.64131296,0,0
2012-11-01 22:00:00,-0.6523867,0,0
2012-11-01 23:00:00,-0.6489119,0,0
2012-11-02 00:00:00,-0.7008195,0,0
2012-11-02 01:00:00,-0.724209,0,0
2012-11-02 02:00:00,-0.7604381,0,0
2012-11-02 03:00:00,-0.7952279,0,0
2012-11-02 04:00:00,-0.8235005,0,0
2012-11-02 05:00:00,-0.8370533,0,0
2012-11-02 06:00:00,-0.8773379,0,0
2012-11-02 07:00:00,-0.85490704,0,0
2012-11-02 08:00:00,-0.801147,0,0
2012-11-02 09:00:00,-0.69863075,0,0
2012-11-02 10:00:00,-0.6189223,0,0
2012-11-02 11:00:00,-0.46558693,0,0
2012-11-02 12:00:00,-0.3924926,0,0
2012-11-02 13:00:00,-0.32644114,0,0
2012-11-02 14:00:00,-0.12645805,0,0
2012-11-02 15:00:00,-0.10988812,0,0
2012-11-02 16:00:00,-0.15290454,0,0
2012-11-02 17:00:00,-0.20348358,0,0
2012-11-02 18:00:00,-0.20431821,0,0
2012-11-02 19:00:00,-0.29330358,0,0
2012-11-02 20:00:00,-0.40282255,0,0
2012-11-02 21:00:00,-0.5133919,0,0
2012-11-02 22:00:00,-0.65335345,0,0
2012-11-02 23:00:00,-0.76038074,0,0
2012-11-03 00:00:00,-0.85666424,1,0
2012-11-03 01:00:00,-0.9272668,1,0
2012-11-03 02:00:00,-0.9862462,1,0
2012-11-03 03:00:00,-1.0508171,1,0
2012-11-03 04:00:00,-1.1112359,1,0
2012-11-03 05:00:00,-1.2217981,1,0
2012-11-03 06:00:00,-1.2399437,1,0
2012-11-03 07:00:00,-1.235111,1,0
2012-11-03 08:00:00,-1.0713758,1,0
2012-11-03 09:00:00,-0.77813435,1,0
2012-11-03 10:00:00,-0.38581026,1,0
2012-11-03 11:00:00,0.063340686,1,0
2012-11-03 12:00:00,0.47436294,1,0
2012-11-03 13:00:00,0.81581205,1,0
2012-11-03 14:00:00,1.066166,1,0
2012-11-03 15:00:00,1.3255013,1,0
2012-11-03 16:00:00,1.4794079,1,0
2012-11-03 17:00:00,1.5284725,1,0
2012-11-03 18:00:00,1.3937931,1,0
2012-11-03 19:00:00,1.1458242,1,0
2012-11-03 20:00:00,0.8902479,1,0
2012-11-03 21:00:00,0.7030764,1,0
2012-11-03 22:00:00,0.5566991,1,0
2012-11-03 23:00:00,0.3746357,1,0
2012-11-04 00:00:00,0.19511372,1,0
2012-11-04 01:00:00,0.013661931,1,0
2012-11-04 02:00:00,-0.18036185,1,0
2012-11-04 03:00:00,-0.3632527,1,0
2012-11-04 04:00:00,-0.52920234,1,0
2012-11-04 05:00:00,-0.6742765,1,0
2012-11-04 06:00:00,-0.7969612,1,0
2012-11-04 07:00:00,-0.7150601,1,0
2012-11-04 08:00:00,-0.19338545,1,0
2012-11-04 09:00:00,0.43141675,1,0
2012-11-04 10:00:00,0.90259033,1,0
2012-11-04 11:00:00,1.2962081,1,0
2012-11-04 12:00:00,1.6502137,1,0
2012-11-04 13:00:00,1.9139087,1,0
2012-11-04 14:00:00,2.0882766,1,0
2012-11-04 15:00:00,2.0674593,1,0
2012-11-04 16:00:00,2.1876903,1,0
2012-11-04 17:00:00,2.2686923,1,0
2012-11-04 18:00:00,2.3723757,1,0
2012-11-04 19:00:00,2.1863236,1,0
2012-11-04 20:00:00,1.8609846,1,0
2012-11-04 21:00:00,1.5950241,1,0
2012-11-04 22:00:00,1.3822169,1,0
2012-11-04 23:00:00,1.2174524,1,0
2012-11-05 00:00:00,1.1282892,0,0
2012-11-05 01:00:00,1.1001514,0,0
2012-11-05 02:00:00,1.0867798,0,0
2012-11-05 03:00:00,1.0399607,0,0
2012-11-05 04:00:00,0.96440625,0,0
2012-11-05 05:00:00,0.8813802,0,0
2012-11-05 06:00:00,0.8369077,0,0
2012-11-05 07:00:00,0.89975595,0,0
2012-11-05 08:00:00,1.1453934,0,0
2012-11-05 09:00:00,1.6083368,0,0
2012-11-05 10:00:00,1.8291389,0,0
2012-11-05 11:00:00,1.9668728,0,0
2012-11-05 12:00:00,2.2257736,0,0
2012-11-05 13:00:00,2.3895426,0,0
2012-11-05 14:00:00,2.4113944,0,0
2012-11-05 15:00:00,2.5566669,0,0
2012-11-05 16:00:00,2.4602451,0,0
2012-11-05 17:00:00,2.2303307,0,0
2012-11-05 18:00:00,2.4376445,0,0
2012-11-05 19:00:00,2.3031378,0,0
2012-11-05 20:00:00,2.129567,0,0
2012-11-05 21:00:00,1.9623725,0,0
2012-11-05 22:00:00,1.8748353,0,0
2012-11-05 23:00:00,1.7668873,0,0
2012-11-06 00:00:00,1.6968353,0,1
2012-11-06 01:00:00,1.6113857,0,1
2012-11-06 02:00:00,1.5168542,0,1
2012-11-06 03:00:00,1.4372132,0,1
2012-11-06 04:00:00,1.3953563,0,1
2012-11-06 05:00:00,1.4119887,0,1
2012-11-06 06:00:00,1.4930515,0,1
2012-11-06 07:00:00,1.564843,0,1
2012-11-06 08:00:00,1.8101385,0,1
2012-11-06 09:00:00,2.0312824,0,1
2012-11-06 10:00:00,1.8989658,0,1
2012-11-06 11:00:00,1.8919374,0,1
2012-11-06 12:00:00,1.90415,0,1
2012-11-06 13:00:00,1.9172225,0,1
2012-11-06 14:00:00,2.0929449,0,1
2012-11-06 15:00:00,2.1476736,0,1
2012-11-06 16:00:00,2.144052,0,1
2012-11-06 17:00:00,2.0980482,0,1
2012-11-06 18:00:00,2.2467885,0,1
2012-11-06 19:00:00,2.0686316,0,1
2012-11-06 20:00:00,1.7399111,0,1
2012-11-06 21:00:00,1.4798856,0,1
2012-11-06 22:00:00,1.2691712,0,1
2012-11-06 23:00:00,1.1355493,0,1
2012-11-07 00:00:00,1.0363874,0,0
2012-11-07 01:00:00,0.94526154,0,0
2012-11-07 02:00:00,0.8437808,0,0
2012-11-07 03:00:00,0.7713501,0,0
2012-11-07 04:00:00,0.6945445,0,0
2012-11-07 05:00:00,0.6217198,0,0
2012-11-07 06:00:00,0.6979501,0,0
2012-11-07 07:00:00,0.7165488,0,0
2012-11-07 08:00:00,0.81395394,0,0
2012-11-07 09:00:00,0.9298362,0,0
2012-11-07 10:00:00,1.2272644,0,0
2012-11-07 11:00:00,1.55758,0,0
2012-11-07 12:00:00,1.7135342,0,0
2012-11-07 13:00:00,1.7596273,0,0
2012-11-07 14:00:00,1.8180939,0,0
2012-11-07 15:00:00,1.708392,0,0
2012-11-07 16:00:00,1.65655,0,0
2012-11-07 17:00:00,1.5741197,0,0
2012-11-07 18:00:00,1.4980739,0,0
2012-11-07 19:00:00,1.3534834,0,0
2012-11-07 20:00:00,1.1773535,0,0
2012-11-07 21:00:00,1.0178274,0,0
2012-11-07 22:00:00,0.86996645,0,0
2012-11-07 23:00:00,0.7575294,0,0
2012-11-08 00:00:00,0.67308694,0,0
2012-11-08 01:00:00,0.5946189,0,0
2012-11-08 02:00:00,0.48666567,0,0
2012-11-08 03:00:00,0.3508112,0,0
2012-11-08 04:00:00,0.18503259,0,0
2012-11-08 05:00:00,0.13891503,0,0
2012-11-08 06:00:00,0.10819971,0,0
2012-11-08 07:00:00,0.23896214,0,0
2012-11-08 08:00:00,0.47597662,0,0
2012-11-08 09:00:00,0.5819086,0,0
2012-11-08 10:00:00,0.8121133,0,0
2012-11-08 11:00:00,0.96080905,0,0
2012-11-08 12:00:00,1.2892636,0,0
2012-11-08 13:00:00,1.496649,0,0
2012-11-08 14:00:00,1.580931,0,0
2012-11-08 15:00:00,1.611802,0,0
2012-11-08 16:00:00,1.4082077,0,0
2012-11-08 17:00:00,1.277255,0,0
2012-11-08 18:00:00,1.1363547,0,0
2012-11-08 19:00:00,0.98426557,0,0
2012-11-08 20:00:00,0.8165789,0,0
2012-11-08 21:00:00,0.6844373,0,0
2012-11-08 22:00:00,0.54975766,0,0
2012-11-08 23:00:00,0.3619698,0,0
2012-11-09 00:00:00,0.3210687,0,0
2012-11-09 01:00:00,0.23552358,0,0
2012-11-09 02:00:00,0.028693464,0,0
2012-11-09 03:00:00,-0.0069120256,0,0
2012-11-09 04:00:00,-0.17801934,0,0
2012-11-09 05:00:00,-0.3060603,0,0
2012-11-09 06:00:00,-0.5271883,0,0
2012-11-09 07:00:00,-0.6241352,0,0
2012-11-09 08:00:00,-0.60447544,0,0
2012-11-09 09:00:00,-0.46892112,0,0
2012-11-09 10:00:00,-0.30501503,0,0
2012-11-09 11:00:00,-0.29723096,0,0
2012-11-09 12:00:00,-0.11982706,0,0
2012-11-09 13:00:00,-0.018304955,0,0
2012-11-09 14:00:00,0.041120674,0,0
2012-11-09 15:00:00,0.03519053,0,0
2012-11-09 16:00:00,0.1274135,0,0
2012-11-09 17:00:00,0.13847838,0,0
2012-11-09 18:00:00,0.0088888705,0,0
2012-11-09 19:00:00,-0.11089332,0,0
2012-11-09 20:00:00,-0.2172766,0,0
2012-11-09 21:00:00,-0.35751295,0,0
2012-11-09 22:00:00,-0.4496548,0,0
2012-11-09 23:00:00,-0.5274661,0,0
2012-11-10 00:00:00,-0.62807244,1,0
2012-11-10 01:00:00,-0.7411764,1,0
2012-11-10 02:00:00,-0.77181965,1,0
2012-11-10 03:00:00,-0.8183983,1,0
2012-11-10 04:00:00,-0.81012714,1,0
2012-11-10 05:00:00,-0.8249483,1,0
2012-11-10 06:00:00,-0.85536844,1,0
2012-11-10 07:00:00,-0.81384856,1,0
2012-11-10 08:00:00,-0.72819966,1,0
2012-11-10 09:00:00,-0.6246572,1,0
2012-11-10 10:00:00,-0.47146034,1,0
2012-11-10 11:00:00,-0.26753572,1,0
2012-11-10 12:00:00,-0.10545095,1,0
2012-11-10 13:00:00,0.075990744,1,0
2012-11-10 14:00:00,0.31369418,1,0
2012-11-10 15:00:00,0.46708977,1,0
2012-11-10 16:00:00,0.6002536,1,0
2012-11-10 17:00:00,0.6054212,1,0
2012-11-10 18:00:00,0.714509,1,0
2012-11-10 19:00:00,0.51506126,1,0
2012-11-10 20:00:00,0.23476316,1,0
2012-11-10 21:00:00,-0.06554858,1,0
2012-11-10 22:00:00,-0.2976262,1,0
2012-11-10 23:00:00,-0.5041992,1,0
2012-11-11 00:00:00,-0.6219701,1,0
2012-11-11 01:00:00,-0.71538544,1,0
2012-11-11 02:00:00,-0.7817656,1,0
2012-11-11 03:00:00,-0.9390847,1,0
2012-11-11 04:00:00,-1.2365172,1,0
2012-11-11 05:00:00,-1.5324583,1,0
2012-11-11 06:00:00,-1.7203288,1,0
2012-11-11 07:00:00,-1.5477508,1,0
2012-11-11 08:00:00,-0.67338926,1,0
2012-11-11 09:00:00,-0.12148767,1,0
2012-11-11 10:00:00,0.34952512,1,0
2012-11-11 11:00:00,0.8024149,1,0
2012-11-11 12:00:00,1.0981598,1,0
2012-11-11 13:00:00,1.3636035,1,0
2012-11-11 14:00:00,1.5857111,1,0
2012-11-11 15:00:00,1.7439594,1,0
2012-11-11 16:00:00,1.8276744,1,0
2012-11-11 17:00:00,1.824289,1,0
2012-11-11 18:00:00,1.714618,1,0
2012-11-11 19:00:00,1.6238612,1,0
2012-11-11 20:00:00,1.2668887,1,0
2012-11-11 21:00:00,0.97541815,1,0
2012-11-11 22:00:00,0.79563177,1,0
2012-11-11 23:00:00,0.6593473,1,0
2012-11-12 00:00:00,0.545253,0,0
2012-11-12 01:00:00,0.45517752,0,0
2012-11-12 02:00:00,0.37926188,0,0
2012-11-12 03:00:00,0.30517918,0,0
2012-11-12 04:00:00,0.23131458,0,0
2012-11-12 05:00:00,0.21610948,0,0
2012-11-12 06:00:00,0.21238449,0,0
2012-11-12 07:00:00,0.29615515,0,0
2012-11-12 08:00:00,0.46528417,0,0
2012-11-12 09:00:00,0.6318768,0,0
2012-11-12 10:00:00,0.81804395,0,0
2012-11-12 11:00:00,1.0849509,0,0
2012-11-12 12:00:00,1.7627717,0,0
2012-11-12 13:00:00,2.154042,0,0
2012-11-12 14:00:00,2.2574565,0,0
2012-11-12 15:00:00,1.8165069,0,0
2012-11-12 16:00:00,1.420295,0,0
2012-11-12 17:00:00,1.0982596,0,0
2012-11-12 18:00:00,0.81640136,0,0
2012-11-12 19:00:00,0.5901723,0,0
2012-11-12 20:00:00,0.35593462,0,0
2012-11-12 21:00:00,0.17156748,0,0
2012-11-12 22:00:00,0.05360124,0,0
2012-11-12 23:00:00,-0.03343469,0,0
2012-11-13 00:00:00,-0.14222085,0,0
2012-11-13 01:00:00,-0.21767867,0,0
2012-11-13 02:00:00,-0.30570826,0,0
2012-11-13 03:00:00,-0.38697508,0,0
2012-11-13 04:00:00,-0.45845208,0,0
2012-11-13 05:00:00,-0.51298755,0,0
2012-11-13 06:00:00,-0.68068033,0,0
2012-11-13 07:00:00,-0.7223245,0,0
2012-11-13 08:00:00,-0.78102565,0,0
2012-11-13 09:00:00,-0.68024385,0,0
2012-11-13 10:00:00,-0.526297,0,0
2012-11-13 11:00:00,-0.30782932,0,0
2012-11-13 12:00:00,-0.10420729,0,0
2012-11-13 13:00:00,0.19320336,0,0
2012-11-13 14:00:00,0.38691434,0,0
2012-11-13 15:00:00,0.5009447,0,0
2012-11-13 16:00:00,0.5245497,0,0
2012-11-13 17:00:00,0.47925943,0,0
2012-11-13 18:00:00,0.43491057,0,0
2012-11-13 19:00:00,0.19478968,0,0
2012-11-13 20:00:00,-0.07530736,0,0
2012-11-13 21:00:00,-0.2913302,0,0
2012-11-13 22:00:00,-0.46507266,0,0
2012-11-13 23:00:00,-0.6030299,0,0
2012-11-14 00:00:00,-0.70329946,0,0
2012-11-14 01:00:00,-0.774519,0,0
2012-11-14 02:00:00,-0.81822443,0,0
2012-11-14 03:00:00,-0.8668595,0,0
2012-11-14 04:00:00,-0.95091844,0,0
2012-11-14 05:00:00,-1.0680778,0,0
2012-11-14 06:00:00,-1.213333,0,0
2012-11-14 07:00:00,-1.1541682,0,0
2012-11-14 08:00:00,-0.7830431,0,0
2012-11-14 09:00:00,-0.5153509,0,0
2012-11-14 10:00:00,-0.2106519,0,0
2012-11-14 11:00:00,0.11738457,0,0
2012-11-14 12:00:00,0.43826455,0,0
2012-11-14 13:00:00,0.7197376,0,0
2012-11-14 14:00:00,0.947084,0,0
2012-11-14 15:00:00,1.0862281,0,0
2012-11-14 16:00:00,1.1193483,0,0
2012-11-14 17:00:00,1.0182747,0,0
2012-11-14 18:00:00,0.8651671,0,0
2012-11-14 19:00:00,0.65788174,0,0
2012-11-14 20:00:00,0.4775456,0,0
2012-11-14 21:00:00,0.28546184,0,0
2012-11-14 22:00:00,0.13544087,0,0
2012-11-14 23:00:00,-0.006748053,0,0
2012-11-15 00:00:00,-0.059139512,0,0
2012-11-15 01:00:00,-0.13204055,0,0
2012-11-15 02:00:00,-0.32038462,0,0
2012-11-15 03:00:00,-0.5296182,0,0
2012-11-15 04:00:00,-0.6695968,0,0
2012-11-15 05:00:00,-0.77564245,0,0
2012-11-15 06:00:00,-1.0853959,0,0
2012-11-15 07:00:00,-0.959684,0,0
2012-11-15 08:00:00,-0.32237357,0,0
2012-11-15 09:00:00,0.12583794,0,0
2012-11-15 10:00:00,0.4115911,0,0
2012-11-15 11:00:00,0.64096117,0,0
2012-11-15 12:00:00,0.8032001,0,0
2012-11-15 13:00:00,0.824772,0,0
2012-11-15 14:00:00,0.7273303,0,0
2012-11-15 15:00:00,0.54211444,0,0
2012-11-15 16:00:00,0.45858884,0,0
2012-11-15 17:00:00,0.4063301,0,0
2012-11-15 18:00:00,0.5442197,0,0
2012-11-15 19:00:00,0.5408642,0,0
2012-11-15 20:00:00,0.41092205,0,0
2012-11-15 21:00:00,0.21767402,0,0
2012-11-15 22:00:00,0.08299468,0,0
2012-11-15 23:00:00,-0.025124736,0,0
2012-11-16 00:00:00,-0.119180955,0,0
2012-11-16 01:00:00,-0.20974202,0,0
2012-11-16 02:00:00,-0.30772203,0,0
2012-11-16 03:00:00,-0.41539538,0,0
2012-11-16 04:00:00,-0.5137695,0,0
2012-11-16 05:00:00,-0.5928834,0,0
2012-11-16 06:00:00,-0.67588675,0,0
2012-11-16 07:00:00,-0.6360239,0,0
2012-11-16 08:00:00,-0.5496716,0,0
2012-11-16 09:00:00,-0.4251359,0,0
2012-11-16 10:00:00,-0.43140247,0,0
2012-11-16 11:00:00,-0.40634343,0,0
2012-11-16 12:00:00,-0.16830099,0,0
2012-11-16 13:00:00,-0.048843514,0,0
2012-11-16 14:00:00,-0.013442017,0,0
2012-11-16 15:00:00,0.0662887,0,0
2012-11-16 16:00:00,0.17572103,0,0
2012-11-16 17:00:00,0.14596738,0,0
2012-11-16 18:00:00,0.16674596,0,0
2012-11-16 19:00:00,0.05097733,0,0
2012-11-16 20:00:00,-0.087856226,0,0
2012-11-16 21:00:00,-0.19393688,0,0
2012-11-16 22:00:00,-0.27577075,0,0
2012-11-16 23:00:00,-0.36392665,0,0
2012-11-17 00:00:00,-0.3916859,1,0
2012-11-17 01:00:00,-0.48997363,1,0
2012-11-17 02:00:00,-0.52466685,1,0
2012-11-17 03:00:00,-0.5813328,1,0
2012-11-17 04:00:00,-0.6452471,1,0
2012-11-17 05:00:00,-0.72039044,1,0
2012-11-17 06:00:00,-0.7791988,1,0
2012-11-17 07:00:00,-0.6626375,1,0
2012-11-17 08:00:00,-0.5265754,1,0
2012-11-17 09:00:00,-0.38184813,1,0
2012-11-17 10:00:00,-0.34470996,1,0
2012-11-17 11:00:00,-0.1880971,1,0
2012-11-17 12:00:00,-0.008162074,1,0
2012-11-17 13:00:00,0.183277,1,0
2012-11-17 14:00:00,0.37156782,1,0
2012-11-17 15:00:00,0.49224687,1,0
2012-11-17 16:00:00,0.4463103,1,0
2012-11-17 17:00:00,0.4196339,1,0
2012-11-17 18:00:00,0.36058328,1,0
2012-11-17 19:00:00,0.24569923,1,0
2012-11-17 20:00:00,0.10092003,1,0
2012-11-17 21:00:00,-0.07246315,1,0
2012-11-17 22:00:00,-0.19923808,1,0
2012-11-17 23:00:00,-0.32574832,1,0
2012-11-18 00:00:00,-0.42250544,1,0
2012-11-18 01:00:00,-0.5388093,1,0
2012-11-18 02:00:00,-0.58575326,1,0
2012-11-18 03:00:00,-0.969947,1,0
2012-11-18 04:00:00,-1.144223,1,0
2012-11-18 05:00:00,-1.1579247,1,0
2012-11-18 06:00:00,-1.0965847,1,0
2012-11-18 07:00:00,-0.97749174,1,0
2012-11-18 08:00:00,-0.69036365,1,0
2012-11-18 09:00:00,-0.47197723,1,0
2012-11-18 10:00:00,-0.25968483,1,0
2012-11-18 11:00:00,0.042415548,1,0
2012-11-18 12:00:00,0.14205153,1,0
2012-11-18 13:00:00,0.2930141,1,0
2012-11-18 14:00:00,0.41164193,1,0
2012-11-18 15:00:00,0.4954468,1,0
2012-11-18 16:00:00,0.3782613,1,0
2012-11-18 17:00:00,0.3876207,1,0
2012-11-18 18:00:00,0.21997577,1,0
2012-11-18 19:00:00,0.11360804,1,0
2012-11-18 20:00:00,-0.02863459,1,0
2012-11-18 21:00:00,-0.21490903,1,0
2012-11-18 22:00:00,-0.34295744,1,0
2012-11-18 23:00:00,-0.44693494,1,0
2012-11-19 00:00:00,-0.5334339,0,0
2012-11-19 01:00:00,-0.64046127,0,0
2012-11-19 02:00:00,-0.78142124,0,0
2012-11-19 03:00:00,-0.9834013,0,0
2012-11-19 04:00:00,-1.1034826,0,0
2012-11-19 05:00:00,-1.2676508,0,0
2012-11-19 06:00:00,-1.5347373,0,0
2012-11-19 07:00:00,-1.295325,0,0
2012-11-19 08:00:00,-0.522779,0,0
2012-11-19 09:00:00,-0.22891533,0,0
2012-11-19 10:00:00,0.044549376,0,0
2012-11-19 11:00:00,0.39651114,0,0
2012-11-19 12:00:00,0.7561685,0,0
2012-11-19 13:00:00,1.0320085,0,0
2012-11-19 14:00:00,1.271984,0,0
2012-11-19 15:00:00,1.4727756,0,0
2012-11-19 16:00:00,1.5624377,0,0
2012-11-19 17:00:00,1.5731167,0,0
2012-11-19 18:00:00,1.5498527,0,0
2012-11-19 19:00:00,1.4543599,0,0
2012-11-19 20:00:00,1.1973886,0,0
2012-11-19 21:00:00,0.89114183,0,0
2012-11-19 22:00:00,0.59883386,0,0
2012-11-19 23:00:00,0.35812226,0,0
2012-11-20 00:00:00,0.20191187,0,0
2012-11-20 01:00:00,-0.0034498312,0,0
2012-11-20 02:00:00,-0.509447,0,0
2012-11-20 03:00:00,-0.6885059,0,0
2012-11-20 04:00:00,-0.77851206,0,0
2012-11-20 05:00:00,-0.8699575,0,0
2012-11-20 06:00:00,-0.9695776,0,0
2012-11-20 07:00:00,-0.6892658,0,0
2012-11-20 08:00:00,-0.09058514,0,0
2012-11-20 09:00:00,0.46330705,0,0
2012-11-20 10:00:00,0.9688785,0,0
2012-11-20 11:00:00,1.3368227,0,0
2012-11-20 12:00:00,1.6358073,0,0
2012-11-20 13:00:00,1.8138832,0,0
2012-11-20 14:00:00,1.9144256,0,0
2012-11-20 15:00:00,1.9966097,0,0
2012-11-20 16:00:00,2.1360662,0,0
2012-11-20 17:00:00,2.1577108,0,0
2012-11-20 18:00:00,2.0748227,0,0
2012-11-20 19:00:00,1.980484,0,0
2012-11-20 20:00:00,1.6392814,0,0
2012-11-20 21:00:00,1.2979822,0,0
2012-11-20 22:00:00,1.0738145,0,0
2012-11-20 23:00:00,0.9438571,0,0
2012-11-21 00:00:00,0.8828643,0,0
2012-11-21 01:00:00,0.8325877,0,0
2012-11-21 02:00:00,0.7927991,0,0
2012-11-21 03:00:00,0.74646056,0,0
2012-11-21 04:00:00,0.6777604,0,0
2012-11-21 05:00:00,0.63517433,0,0
2012-11-21 06:00:00,0.5582615,0,0
2012-11-21 07:00:00,0.6267167,0,0
2012-11-21 08:00:00,0.99093235,0,0
2012-11-21 09:00:00,1.2197136,0,0
2012-11-21 10:00:00,1.3636249,0,0
2012-11-21 11:00:00,1.3571025,0,0
2012-11-21 12:00:00,1.3598434,0,0
2012-11-21 13:00:00,1.3139368,0,0
2012-11-21 14:00:00,1.3299247,0,0
2012-11-21 15:00:00,1.4255346,0,0
2012-11-21 16:00:00,1.4494098,0,0
2012-11-21 17:00:00,1.370843,0,0
2012-11-21 18:00:00,1.1478121,0,0
2012-11-21 19:00:00,0.86387485,0,0
2012-11-21 20:00:00,0.5587009,0,0
2012-11-21 21:00:00,0.32846668,0,0
2012-11-21 22:00:00,0.16126922,0,0
2012-11-21 23:00:00,0.006135507,0,0
2012-11-22 00:00:00,-0.1365455,0,0
2012-11-22 01:00:00,-0.2583835,0,0
2012-11-22 02:00:00,-0.35349542,0,0
2012-11-22 03:00:00,-0.41501662,0,0
2012-11-22 04:00:00,-0.45744854,0,0
2012-11-22 05:00:00,-0.48167092,0,0
2012-11-22 06:00:00,-0.5269799,0,0
2012-11-22 07:00:00,-0.4792622,0,0
2012-11-22 08:00:00,-0.2858187,0,0
2012-11-22 09:00:00,-0.0052455137,0,0
2012-11-22 10:00:00,0.31430578,0,0
2012-11-22 11:00:00,0.6550471,0,0
2012-11-22 12:00:00,0.9701923,0,0
2012-11-22 13:00:00,1.2343715,0,0
2012-11-22 14:00:00,1.4229301,0,0
2012-11-22 15:00:00,1.5587101,0,0
2012-11-22 16:00:00,1.6464698,0,0
2012-11-22 17:00:00,1.6479518,0,0
2012-11-22 18:00:00,1.4573021,0,0
2012-11-22 19:00:00,1.2214522,0,0
2012-11-22 20:00:00,0.96380055,0,0
2012-11-22 21:00:00,0.7487711,0,0
2012-11-22 22:00:00,0.59511626,0,0
2012-11-22 23:00:00,0.44859067,0,0
2012-11-23 00:00:00,0.31866443,0,0
2012-11-23 01:00:00,0.21092883,0,0
2012-11-23 02:00:00,0.114154525,0,0
2012-11-23 03:00:00,-0.0071511483,0,0
2012-11-23 04:00:00,-0.093523614,0,0
2012-11-23 05:00:00,-0.1812114,0,0
2012-11-23 06:00:00,-0.21814875,0,0
2012-11-23 07:00:00,-0.056527145,0,0
2012-11-23 08:00:00,0.28202513,0,0
2012-11-23 09:00:00,0.55670995,0,0
2012-11-23 10:00:00,0.89678967,0,0
2012-11-23 11:00:00,1.2975111,0,0
2012-11-23 12:00:00,1.7194035,0,0
2012-11-23 13:00:00,2.083968,0,0
2012-11-23 14:00:00,2.3932176,0,0
2012-11-23 15:00:00,2.5620282,0,0
2012-11-23 16:00:00,2.6177385,0,0
2012-11-23 17:00:00,2.5610564,0,0
2012-11-23 18:00:00,2.3072822,0,0
2012-11-23 19:00:00,2.0693865,0,0
2012-11-23 20:00:00,1.7531712,0,0
2012-11-23 21:00:00,1.4296117,0,0
2012-11-23 22:00:00,1.2235444,0,0
2012-11-23 23:00:00,1.0246534,0,0
2012-11-24 00:00:00,0.7933207,1,0
2012-11-24 01:00:00,0.62939566,1,0
2012-11-24 02:00:00,0.44665134,1,0
2012-11-24 03:00:00,0.16479875,1,0
2012-11-24 04:00:00,-0.046701815,1,0
2012-11-24 05:00:00,-0.16631785,1,0
2012-11-24 06:00:00,-0.21326312,1,0
2012-11-24 07:00:00,0.110076986,1,0
2012-11-24 08:00:00,0.8930673,1,0
2012-11-24 09:00:00,1.7703544,1,0
2012-11-24 10:00:00,2.3942776,1,0
2012-11-24 11:00:00,2.6810951,1,0
2012-11-24 12:00:00,2.9735053,1,0
2012-11-24 13:00:00,3.2232554,1,0
2012-11-24 14:00:00,3.367559,1,0
2012-11-24 15:00:00,3.2151752,1,0
2012-11-24 16:00:00,3.2479916,1,0
2012-11-24 17:00:00,3.3572493,1,0
2012-11-24 18:00:00,3.42084,1,0
2012-11-24 19:00:00,3.3165975,1,0
2012-11-24 20:00:00,2.8078365,1,0
2012-11-24 21:00:00,2.2614264,1,0
2012-11-24 22:00:00,1.9781009,1,0
2012-11-24 23:00:00,1.8337039,1,0
2012-11-25 00:00:00,1.7207692,1,0
2012-11-25 01:00:00,1.6578485,1,0
2012-11-25 02:00:00,1.5368047,1,0
2012-11-25 03:00:00,1.4306518,1,0
2012-11-25 04:00:00,1.3368998,1,0
2012-11-25 05:00:00,1.2015257,1,0
2012-11-25 06:00:00,1.0579047,1,0
2012-11-25 07:00:00,1.0431683,1,0
2012-11-25 08:00:00,1.1752169,1,0
2012-11-25 09:00:00,1.3254007,1,0
2012-11-25 10:00:00,1.5459194,1,0
2012-11-25 11:00:00,1.8069404,1,0
2012-11-25 12:00:00,1.9537874,1,0
2012-11-25 13:00:00,2.1560273,1,0
2012-11-25 14:00:00,2.3372462,1,0
2012-11-25 15:00:00,2.4885802,1,0
2012-11-25 16:00:00,2.5466113,1,0
2012-11-25 17:00:00,2.4204807,1,0
2012-11-25 18:00:00,2.0602682,1,0
2012-11-25 19:00:00,1.699809,1,0
2012-11-25 20:00:00,1.3317763,1,0
2012-11-25 21:00:00,1.0520601,1,0
2012-11-25 22:00:00,0.8699205,1,0
2012-11-25 23:00:00,0.7158319,1,0
2012-11-26 00:00:00,0.5837632,0,0
2012-11-26 01:00:00,0.48135114,0,0
2012-11-26 02:00:00,0.37112573,0,0
2012-11-26 03:00:00,0.30650324,0,0
2012-11-26 04:00:00,0.19427368,0,0
2012-11-26 05:00:00,0.18057193,0,0
2012-11-26 06:00:00,0.1652081,0,0
2012-11-26 07:00:00,0.22423449,0,0
2012-11-26 08:00:00,0.34080845,0,0
2012-11-26 09:00:00,0.5833692,0,0
2012-11-26 10:00:00,0.6938887,0,0
2012-11-26 11:00:00,1.0905379,0,0
2012-11-26 12:00:00,1.6734632,0,0
2012-11-26 13:00:00,2.130452,0,0
2012-11-26 14:00:00,2.3293648,0,0
2012-11-26 15:00:00,2.3418033,0,0
2012-11-26 16:00:00,2.212136,0,0
2012-11-26 17:00:00,2.1712012,0,0
2012-11-26 18:00:00,2.194338,0,0
2012-11-26 19:00:00,1.902712,0,0
2012-11-26 20:00:00,1.6856369,0,0
2012-11-26 21:00:00,1.4920152,0,0
2012-11-26 22:00:00,1.3579352,0,0
2012-11-26 23:00:00,1.2497586,0,0
2012-11-27 00:00:00,1.1581869,0,0
2012-11-27 01:00:00,1.0466189,0,0
2012-11-27 02:00:00,0.94308203,0,0
2012-11-27 03:00:00,0.8351806,0,0
2012-11-27 04:00:00,0.7678505,0,0
2012-11-27 05:00:00,0.76664615,0,0
2012-11-27 06:00:00,0.78828907,0,0
2012-11-27 07:00:00,1.0006279,0,0
2012-11-27 08:00:00,1.3064184,0,0
2012-11-27 09:00:00,1.5697577,0,0
2012-11-27 10:00:00,1.796581,0,0
2012-11-27 11:00:00,1.9507387,0,0
2012-11-27 12:00:00,2.3089223,0,0
2012-11-27 13:00:00,2.5230236,0,0
2012-11-27 14:00:00,2.554373,0,0
2012-11-27 15:00:00,2.6912436,0,0
2012-11-27 16:00:00,2.6881225,0,0
2012-11-27 17:00:00,2.5514715,0,0
2012-11-27 18:00:00,2.2655253,0,0
2012-11-27 19:00:00,2.1099732,0,0
2012-11-27 20:00:00,1.9938903,0,0
2012-11-27 21:00:00,1.8718737,0,0
2012-11-27 22:00:00,1.7987792,0,0
2012-11-27 23:00:00,1.6828468,0,0
2012-11-28 00:00:00,1.4960717,0,0
2012-11-28 01:00:00,1.3440586,0,0
2012-11-28 02:00:00,1.1597283,0,0
2012-11-28 03:00:00,1.0862471,0,0
2012-11-28 04:00:00,1.0171357,0,0
2012-11-28 05:00:00,0.9925247,0,0
2012-11-28 06:00:00,0.9749439,0,0
2012-11-28 07:00:00,1.0501534,0,0
2012-11-28 08:00:00,1.3226107,0,0
2012-11-28 09:00:00,1.6359799,0,0
2012-11-28 10:00:00,2.1194797,0,0
2012-11-28 11:00:00,2.671516,0,0
2012-11-28 12:00:00,3.1364102,0,0
2012-11-28 13:00:00,3.524217,0,0
2012-11-28 14:00:00,3.6049545,0,0
2012-11-28 15:00:00,3.7186732,0,0
2012-11-28 16:00:00,3.784082,0,0
2012-11-28 17:00:00,3.7583299,0,0
2012-11-28 18:00:00,3.6460633,0,0
2012-11-28 19:00:00,3.5793717,0,0
2012-11-28 20:00:00,3.303948,0,0
2012-11-28 21:00:00,2.9236376,0,0
2012-11-28 22:00:00,2.6591585,0,0
2012-11-28 23:00:00,2.4501677,0,0
2012-11-29 00:00:00,2.1355052,0,0
2012-11-29 01:00:00,1.9493172,0,0
2012-11-29 02:00:00,1.700347,0,0
2012-11-29 03:00:00,1.423476,0,0
2012-11-29 04:00:00,1.2842577,0,0
2012-11-29 05:00:00,1.1584905,0,0
2012-11-29 06:00:00,1.1558746,0,0
2012-11-29 07:00:00,1.5842029,0,0
2012-11-29 08:00:00,2.3711221,0,0
2012-11-29 09:00:00,3.1567802,0,0
2012-11-29 10:00:00,3.712174,0,0
2012-11-29 11:00:00,4.167724,0,0
2012-11-29 12:00:00,4.5648875,0,0
2012-11-29 13:00:00,4.841982,0,0
2012-11-29 14:00:00,5.0167017,0,0
2012-11-29 15:00:00,5.1406612,0,0
2012-11-29 16:00:00,5.1696563,0,0
2012-11-29 17:00:00,5.167316,0,0
2012-11-29 18:00:00,5.2333255,0,0
2012-11-29 19:00:00,5.1377707,0,0
2012-11-29 20:00:00,4.7463107,0,0
2012-11-29 21:00:00,4.295192,0,0
2012-11-29 22:00:00,3.9643931,0,0
2012-11-29 23:00:00,3.7435637,0,0
2012-11-30 00:00:00,3.589643,0,0
2012-11-30 01:00:00,3.4811494,0,0
2012-11-30 02:00:00,3.344963,0,0
2012-11-30 03:00:00,3.3850124,0,0
2012-11-30 04:00:00,3.123856,0,0
2012-11-30 05:00:00,3.0878031,0,0
2012-11-30 06:00:00,3.1074085,0,0
2012-11-30 07:00:00,3.1352546,0,0
2012-11-30 08:00:00,3.5161865,0,0
2012-11-30 09:00:00,3.957726,0,0
2012-11-30 10:00:00,4.2433224,0,0
2012-11-30 11:00:00,4.3914165,0,0
2012-11-30 12:00:00,3.988125,0,0
2012-11-30 13:00:00,3.5802944,0,0
2012-11-30 14:00:00,3.2527761,0,0
2012-11-30 15:00:00,3.3869562,0,0
2012-11-30 16:00:00,3.4412518,0,0
2012-11-30 17:00:00,3.3257687,0,0
2012-11-30 18:00:00,3.210461,0,0
2012-11-30 19:00:00,3.2974675,0,0
2012-11-30 20:00:00,3.3352566,0,0
2012-11-30 21:00:00,3.3434029,0,0
2012-11-30 22:00:00,3.2913172,0,0
2012-11-30 23:00:00,3.1779954,0,0
2012-12-01 00:00:00,3.0595217,1,0
2012-12-01 01:00:00,2.9402199,1,0
2012-12-01 02:00:00,2.9245,1,0
2012-12-01 03:00:00,2.9315083,1,0
2012-12-01 04:00:00,2.8731127,1,0
2012-12-01 05:00:00,2.8135684,1,0
2012-12-01 06:00:00,2.7322412,1,0
2012-12-01 07:00:00,2.7337687,1,0
2012-12-01 08:00:00,2.479275,1,0
2012-12-01 09:00:00,2.0462937,1,0
2012-12-01 10:00:00,1.8464633,1,0
2012-12-01 11:00:00,2.2684839,1,0
2012-12-01 12:00:00,2.7429216,1,0
2012-12-01 13:00:00,3.1993263,1,0
2012-12-01 14:00:00,3.3530111,1,0
2012-12-01 15:00:00,3.4131951,1,0
2012-12-01 16:00:00,3.2892852,1,0
2012-12-01 17:00:00,3.0062432,1,0
2012-12-01 18:00:00,2.6762004,1,0
2012-12-01 19:00:00,2.3280692,1,0
2012-12-01 20:00:00,1.9723704,1,0
2012-12-01 21:00:00,1.7575192,1,0
2012-12-01 22:00:00,1.6613444,1,0
2012-12-01 23:00:00,1.5948695,1,0
2012-12-02 00:00:00,1.4801881,1,0
2012-12-02 01:00:00,1.1891814,1,0
2012-12-02 02:00:00,0.9437341,1,0
2012-12-02 03:00:00,0.7672117,1,0
2012-12-02 04:00:00,0.6155825,1,0
2012-12-02 05:00:00,0.5070142,1,0
2012-12-02 06:00:00,0.3563439,1,0
2012-12-02 07:00:00,0.43881887,1,0
2012-12-02 08:00:00,0.6230096,1,0
2012-12-02 09:00:00,0.82716936,1,0
2012-12-02 10:00:00,0.9463762,1,0
2012-12-02 11:00:00,1.1042523,1,0
2012-12-02 12:00:00,1.1366217,1,0
2012-12-02 13:00:00,1.2127602,1,0
2012-12-02 14:00:00,1.3105245,1,0
2012-12-02 15:00:00,1.2697303,1,0
2012-12-02 16:00:00,1.2767606,1,0
2012-12-02 17:00:00,1.2441686,1,0
2012-12-02 18:00:00,1.2846084,1,0
2012-12-02 19:00:00,1.1900369,1,0
2012-12-02 20:00:00,1.004773,1,0
2012-12-02 21:00:00,0.83549196,1,0
2012-12-02 22:00:00,0.70430267,1,0
2012-12-02 23:00:00,0.6179749,1,0
2012-12-03 00:00:00,0.5278891,0,0
2012-12-03 01:00:00,0.39185852,0,0
2012-12-03 02:00:00,0.24817206,0,0
2012-12-03 03:00:00,0.17249127,0,0
2012-12-03 04:00:00,0.16055177,0,0
2012-12-03 05:00:00,0.02442145,0,0
2012-12-03 06:00:00,-0.0003659162,0,0
2012-12-03 07:00:00,0.145287,0,0
2012-12-03 08:00:00,0.37609184,0,0
2012-12-03 09:00:00,0.51050216,0,0
2012-12-03 10:00:00,0.5046814,0,0
2012-12-03 11:00:00,0.5200801,0,0
2012-12-03 12:00:00,0.693731,0,0
2012-12-03 13:00:00,0.9454453,0,0
2012-12-03 14:00:00,1.1296568,0,0
2012-12-03 15:00:00,1.2780083,0,0
2012-12-03 16:00:00,1.1686686,0,0
2012-12-03 17:00:00,1.1152037,0,0
2012-12-03 18:00:00,0.98717123,0,0
2012-12-03 19:00:00,0.8823224,0,0
2012-12-03 20:00:00,0.81005555,0,0
2012-12-03 21:00:00,0.7094468,0,0
2012-12-03 22:00:00,0.61804473,0,0
2012-12-03 23:00:00,0.5245413,0,0
2012-12-04 00:00:00,0.37575412,0,0
2012-12-04 01:00:00,0.23610009,0,0
2012-12-04 02:00:00,0.042721193,0,0
2012-12-04 03:00:00,-0.1367212,0,0
2012-12-04 04:00:00,-0.26597863,0,0
2012-12-04 05:00:00,-0.4270263,0,0
2012-12-04 06:00:00,-0.5831861,0,0
2012-12-04 07:00:00,-0.73508143,0,0
2012-12-04 08:00:00,-0.70665836,0,0
2012-12-04 09:00:00,-0.59081525,0,0
2012-12-04 10:00:00,-0.50693727,0,0
2012-12-04 11:00:00,-0.43856665,0,0
2012-12-04 12:00:00,-0.28483233,0,0
2012-12-04 13:00:00,-0.25166467,0,0
2012-12-04 14:00:00,-0.14585383,0,0
2012-12-04 15:00:00,-0.134699,0,0
2012-12-04 16:00:00,-0.06314771,0,0
2012-12-04 17:00:00,-0.13308546,0,0
2012-12-04 18:00:00,-0.19891624,0,0
2012-12-04 19:00:00,-0.24920328,0,0
2012-12-04 20:00:00,-0.38218632,0,0
2012-12-04 21:00:00,-0.43942994,0,0
2012-12-04 22:00:00,-0.5136543,0,0
2012-12-04 23:00:00,-0.5616327,0,0
2012-12-05 00:00:00,-0.57366014,0,0
2012-12-05 01:00:00,-0.5755469,0,0
2012-12-05 02:00:00,-0.5360295,0,0
2012-12-05 03:00:00,-0.52654177,0,0
2012-12-05 04:00:00,-0.5286204,0,0
2012-12-05 05:00:00,-0.5200347,0,0
2012-12-05 06:00:00,-0.5606336,0,0
2012-12-05 07:00:00,-0.5351012,0,0
2012-12-05 08:00:00,-0.42172763,0,0
2012-12-05 09:00:00,-0.28667104,0,0
2012-12-05 10:00:00,-0.15958878,0,0
2012-12-05 11:00:00,-0.13959728,0,0
2012-12-05 12:00:00,-0.14201951,0,0
2012-12-05 13:00:00,-0.17869629,0,0
2012-12-05 14:00:00,-0.07586778,0,0
2012-12-05 15:00:00,-0.0044824886,0,0
2012-12-05 16:00:00,-0.0019874799,0,0
2012-12-05 17:00:00,0.024532866,0,0
2012-12-05 18:00:00,-0.027394015,0,0
2012-12-05 19:00:00,-0.09330929,0,0
2012-12-05 20:00:00,-0.1939179,0,0
2012-12-05 21:00:00,-0.29068884,0,0
2012-12-05 22:00:00,-0.3330762,0,0
2012-12-05 23:00:00,-0.33785024,0,0
2012-12-06 00:00:00,-0.3146246,0,0
2012-12-06 01:00:00,-0.32481366,0,0
2012-12-06 02:00:00,-0.3275315,0,0
2012-12-06 03:00:00,-0.32260722,0,0
2012-12-06 04:00:00,-0.35476398,0,0
2012-12-06 05:00:00,-0.40889338,0,0
2012-12-06 06:00:00,-0.40563115,0,0
2012-12-06 07:00:00,-0.3025209,0,0
2012-12-06 08:00:00,-0.153533,0,0
2012-12-06 09:00:00,0.007254172,0,0
2012-12-06 10:00:00,0.13070466,0,0
2012-12-06 11:00:00,0.31233463,0,0
2012-12-06 12:00:00,0.5275799,0,0
2012-12-06 13:00:00,0.84124595,0,0
2012-12-06 14:00:00,0.9609189,0,0
2012-12-06 15:00:00,1.11452,0,0
2012-12-06 16:00:00,1.2506075,0,0
2012-12-06 17:00:00,1.3042216,0,0
2012-12-06 18:00:00,1.3547693,0,0
2012-12-06 19:00:00,1.2109126,0,0
2012-12-06 20:00:00,1.0997242,0,0
2012-12-06 21:00:00,0.8918014,0,0
2012-12-06 22:00:00,0.7245022,0,0
2012-12-06 23:00:00,0.6076106,0,0
2012-12-07 00:00:00,0.4816377,0,0
2012-12-07 01:00:00,0.3755367,0,0
2012-12-07 02:00:00,0.29306567,0,0
2012-12-07 03:00:00,0.25459006,0,0
2012-12-07 04:00:00,0.16958244,0,0
2012-12-07 05:00:00,0.09006943,0,0
2012-12-07 06:00:00,-0.26225454,0,0
2012-12-07 07:00:00,-0.018177174,0,0
2012-12-07 08:00:00,0.60258174,0,0
2012-12-07 09:00:00,1.0879756,0,0
2012-12-07 10:00:00,1.5192275,0,0
2012-12-07 11:00:00,2.0183418,0,0
2012-12-07 12:00:00,2.3949943,0,0
2012-12-07 13:00:00,2.6297412,0,0
2012-12-07 14:00:00,2.716791,0,0
2012-12-07 15:00:00,2.7210581,0,0
2012-12-07 16:00:00,2.7053518,0,0
2012-12-07 17:00:00,2.7573142,0,0
2012-12-07 18:00:00,2.6854994,0,0
2012-12-07 19:00:00,3.107845,0,0
2012-12-07 20:00:00,2.780966,0,0
2012-12-07 21:00:00,2.390541,0,0
2012-12-07 22:00:00,1.968732,0,0
2012-12-07 23:00:00,1.6428041,0,0
2012-12-08 00:00:00,1.3323779,1,0
2012-12-08 01:00:00,1.089208,1,0
2012-12-08 02:00:00,0.91216373,1,0
2012-12-08 03:00:00,0.85575354,1,0
2012-12-08 04:00:00,0.8380019,1,0
2012-12-08 05:00:00,0.8729247,1,0
2012-12-08 06:00:00,0.8400063,1,0
2012-12-08 07:00:00,1.0951086,1,0
2012-12-08 08:00:00,1.5414358,1,0
2012-12-08 09:00:00,2.0388896,1,0
2012-12-08 10:00:00,2.4348094,1,0
2012-12-08 11:00:00,2.7058167,1,0
2012-12-08 12:00:00,3.0012527,1,0
2012-12-08 13:00:00,3.139007,1,0
2012-12-08 14:00:00,3.372424,1,0
2012-12-08 15:00:00,3.601859,1,0
2012-12-08 16:00:00,3.7159772,1,0
2012-12-08 17:00:00,3.7959738,1,0
2012-12-08 18:00:00,3.504486,1,0
2012-12-08 19:00:00,2.4288378,1,0
2012-12-08 20:00:00,2.0355597,1,0
2012-12-08 21:00:00,1.5763773,1,0
2012-12-08 22:00:00,1.3849847,1,0
2012-12-08 23:00:00,1.1571751,1,0
2012-12-09 00:00:00,1.0082339,1,0
2012-12-09 01:00:00,0.89747643,1,0
2012-12-09 02:00:00,0.76313585,1,0
2012-12-09 03:00:00,0.67151433,1,0
2012-12-09 04:00:00,0.5946119,1,0
2012-12-09 05:00:00,0.52129656,1,0
2012-12-09 06:00:00,0.5331913,1,0
2012-12-09 07:00:00,0.523208,1,0
2012-12-09 08:00:00,0.5293596,1,0
2012-12-09 09:00:00,0.5539158,1,0
2012-12-09 10:00:00,0.65557694,1,0
2012-12-09 11:00:00,0.7343164,1,0
2012-12-09 12:00:00,0.79152185,1,0
2012-12-09 13:00:00,0.9144301,1,0
2012-12-09 14:00:00,0.991557,1,0
2012-12-09 15:00:00,1.09497,1,0
2012-12-09 16:00:00,1.1044626,1,0
2012-12-09 17:00:00,1.071578,1,0
2012-12-09 18:00:00,1.0413716,1,0
2012-12-09 19:00:00,0.86610836,1,0
2012-12-09 20:00:00,0.6814492,1,0
2012-12-09 21:00:00,0.49940082,1,0
2012-12-09 22:00:00,0.36942264,1,0
2012-12-09 23:00:00,0.26727322,1,0
2012-12-10 00:00:00,0.15753326,0,0
2012-12-10 01:00:00,0.06075906,0,0
2012-12-10 02:00:00,-0.049072362,0,0
2012-12-10 03:00:00,-0.13510275,0,0
2012-12-10 04:00:00,-0.20116979,0,0
2012-12-10 05:00:00,-0.2292765,0,0
2012-12-10 06:00:00,-0.25668505,0,0
2012-12-10 07:00:00,-0.12882502,0,0
2012-12-10 08:00:00,0.04073125,0,0
2012-12-10 09:00:00,0.2587929,0,0
2012-12-10 10:00:00,0.55309016,0,0
2012-12-10 11:00:00,0.8905918,0,0
2012-12-10 12:00:00,1.2234317,0,0
2012-12-10 13:00:00,1.5290945,0,0
2012-12-10 14:00:00,1.7991546,0,0
2012-12-10 15:00:00,1.982766,0,0
2012-12-10 16:00:00,2.0591378,0,0
2012-12-10 17:00:00,2.032278,0,0
2012-12-10 18:00:00,1.9908977,0,0
2012-12-10 19:00:00,1.88919,0,0
2012-12-10 20:00:00,1.7503961,0,0
2012-12-10 21:00:00,1.4966804,0,0
2012-12-10 22:00:00,1.2284288,0,0
2012-12-10 23:00:00,0.91865396,0,0
2012-12-11 00:00:00,0.6877206,0,0
2012-12-11 01:00:00,0.51128983,0,0
2012-12-11 02:00:00,0.35560519,0,0
2012-12-11 03:00:00,0.18427491,0,0
2012-12-11 04:00:00,0.17367086,0,0
2012-12-11 05:00:00,-0.103817254,0,0
2012-12-11 06:00:00,-0.06238385,0,0
2012-12-11 07:00:00,-0.078960024,0,0
2012-12-11 08:00:00,0.5734687,0,0
2012-12-11 09:00:00,1.0980797,0,0
2012-12-11 10:00:00,1.6026058,0,0
2012-12-11 11:00:00,2.083604,0,0
2012-12-11 12:00:00,2.5297878,0,0
2012-12-11 13:00:00,2.8910193,0,0
2012-12-11 14:00:00,3.1394696,0,0
2012-12-11 15:00:00,3.2524579,0,0
2012-12-11 16:00:00,3.2785163,0,0
2012-12-11 17:00:00,3.2154977,0,0
2012-12-11 18:00:00,2.8672457,0,0
2012-12-11 19:00:00,2.7415779,0,0
2012-12-11 20:00:00,2.4763203,0,0
2012-12-11 21:00:00,2.1199837,0,0
2012-12-11 22:00:00,1.8299096,0,0
2012-12-11 23:00:00,1.5875634,0,0
2012-12-12 00:00:00,1.3921348,0,0
2012-12-12 01:00:00,1.260128,0,0
2012-12-12 02:00:00,1.1299545,0,0
2012-12-12 03:00:00,0.95520836,0,0
2012-12-12 04:00:00,0.66449225,0,0
2012-12-12 05:00:00,0.3979707,0,0
2012-12-12 06:00:00,0.251499,0,0
2012-12-12 07:00:00,0.59737164,0,0
2012-12-12 08:00:00,1.3273191,0,0
2012-12-12 09:00:00,1.8641837,0,0
2012-12-12 10:00:00,2.4037292,0,0
2012-12-12 11:00:00,2.8963354,0,0
2012-12-12 12:00:00,3.3073182,0,0
2012-12-12 13:00:00,3.5868819,0,0
2012-12-12 14:00:00,3.75013,0,0
2012-12-12 15:00:00,3.889787,0,0
2012-12-12 16:00:00,3.9644773,0,0
2012-12-12 17:00:00,3.9820147,0,0
2012-12-12 18:00:00,3.924615,0,0
2012-12-12 19:00:00,3.8730159,0,0
2012-12-12 20:00:00,3.6499124,0,0
2012-12-12 21:00:00,3.2695668,0,0
2012-12-12 22:00:00,2.9678798,0,0
2012-12-12 23:00:00,2.7044508,0,0
2012-12-13 00:00:00,2.4781823,0,0
2012-12-13 01:00:00,2.3117504,0,0
2012-12-13 02:00:00,2.187158,0,0
2012-12-13 03:00:00,2.107118,0,0
2012-12-13 04:00:00,2.0366964,0,0
2012-12-13 05:00:00,1.959416,0,0
2012-12-13 06:00:00,1.9195634,0,0
2012-12-13 07:00:00,2.0243359,0,0
2012-12-13 08:00:00,2.3755064,0,0
2012-12-13 09:00:00,2.790301,0,0
2012-12-13 10:00:00,3.158572,0,0
2012-12-13 11:00:00,3.533398,0,0
2012-12-13 12:00:00,3.7493322,0,0
2012-12-13 13:00:00,3.8520343,0,0
2012-12-13 14:00:00,4.3124475,0,0
2012-12-13 15:00:00,4.5718865,0,0
2012-12-13 16:00:00,4.7729754,0,0
2012-12-13 17:00:00,4.7116194,0,0
2012-12-13 18:00:00,4.107857,0,0
2012-12-13 19:00:00,3.703611,0,0
2012-12-13 20:00:00,3.478489,0,0
2012-12-13 21:00:00,3.165462,0,0
2012-12-13 22:00:00,2.9555976,0,0
2012-12-13 23:00:00,2.878208,0,0
2012-12-14 00:00:00,2.8232265,0,0
2012-12-14 01:00:00,2.7516975,0,0
2012-12-14 02:00:00,2.671699,0,0
2012-12-14 03:00:00,2.5261126,0,0
2012-12-14 04:00:00,2.3923142,0,0
2012-12-14 05:00:00,2.2903478,0,0
2012-12-14 06:00:00,2.2446432,0,0
2012-12-14 07:00:00,2.218593,0,0
2012-12-14 08:00:00,2.2284071,0,0
2012-12-14 09:00:00,2.2883701,0,0
2012-12-14 10:00:00,2.4480968,0,0
2012-12-14 11:00:00,2.5075858,0,0
2012-12-14 12:00:00,2.6035914,0,0
2012-12-14 13:00:00,2.7040389,0,0
2012-12-14 14:00:00,2.952184,0,0
2012-12-14 15:00:00,3.1057572,0,0
2012-12-14 16:00:00,3.2454386,0,0
2012-12-14 17:00:00,3.2475169,0,0
2012-12-14 18:00:00,3.147978,0,0
2012-12-14 19:00:00,3.1231418,0,0
2012-12-14 20:00:00,3.0573008,0,0
2012-12-14 21:00:00,2.9657345,0,0
2012-12-14 22:00:00,2.8998017,0,0
2012-12-14 23:00:00,2.8026493,0,0
2012-12-15 00:00:00,2.6454027,1,0
2012-12-15 01:00:00,2.5822294,1,0
2012-12-15 02:00:00,2.5732172,1,0
2012-12-15 03:00:00,2.581243,1,0
2012-12-15 04:00:00,2.6219804,1,0
2012-12-15 05:00:00,2.6610603,1,0
2012-12-15 06:00:00,2.5406911,1,0
2012-12-15 07:00:00,2.409407,1,0
2012-12-15 08:00:00,2.45705,1,0
2012-12-15 09:00:00,2.5978985,1,0
2012-12-15 10:00:00,2.7151732,1,0
2012-12-15 11:00:00,2.4126663,1,0
2012-12-15 12:00:00,2.3736656,1,0
2012-12-15 13:00:00,2.657029,1,0
2012-12-15 14:00:00,2.751103,1,0
2012-12-15 15:00:00,2.758785,1,0
2012-12-15 16:00:00,2.6181183,1,0
2012-12-15 17:00:00,2.5243125,1,0
2012-12-15 18:00:00,2.371938,1,0
2012-12-15 19:00:00,2.1406605,1,0
2012-12-15 20:00:00,1.9336056,1,0
2012-12-15 21:00:00,1.757418,1,0
2012-12-15 22:00:00,1.6546565,1,0
2012-12-15 23:00:00,1.5807295,1,0
2012-12-16 00:00:00,1.4545165,1,0
2012-12-16 01:00:00,1.3705817,1,0
2012-12-16 02:00:00,1.418498,1,0
2012-12-16 03:00:00,1.4266362,1,0
2012-12-16 04:00:00,1.3447613,1,0
2012-12-16 05:00:00,1.2664355,1,0
2012-12-16 06:00:00,1.2281746,1,0
2012-12-16 07:00:00,1.2193058,1,0
2012-12-16 08:00:00,1.1968613,1,0
2012-12-16 09:00:00,1.0988727,1,0
2012-12-16 10:00:00,0.9454309,1,0
2012-12-16 11:00:00,0.87111855,1,0
2012-12-16 12:00:00,0.9246834,1,0
2012-12-16 13:00:00,1.123929,1,0
2012-12-16 14:00:00,1.2549976,1,0
2012-12-16 15:00:00,1.193827,1,0
2012-12-16 16:00:00,1.2599735,1,0
2012-12-16 17:00:00,1.2272277,1,0
2012-12-16 18:00:00,1.2481961,1,0
2012-12-16 19:00:00,1.2374884,1,0
2012-12-16 20:00:00,1.050535,1,0
2012-12-16 21:00:00,0.8169662,1,0
2012-12-16 22:00:00,0.63031,1,0
2012-12-16 23:00:00,0.46662712,1,0
2012-12-17 00:00:00,0.31573886,0,0
2012-12-17 01:00:00,0.1682668,0,0
2012-12-17 02:00:00,0.025552966,0,0
2012-12-17 03:00:00,-0.09719729,0,0
2012-12-17 04:00:00,-0.17959405,0,0
2012-12-17 05:00:00,-0.28291324,0,0
2012-12-17 06:00:00,-0.2504904,0,0
2012-12-17 07:00:00,-0.19132562,0,0
2012-12-17 08:00:00,0.022959057,0,0
2012-12-17 09:00:00,0.09588799,0,0
2012-12-17 10:00:00,0.26256037,0,0
2012-12-17 11:00:00,0.48073596,0,0
2012-12-17 12:00:00,0.7748274,0,0
2012-12-17 13:00:00,1.0210005,0,0
2012-12-17 14:00:00,1.2553327,0,0
2012-12-17 15:00:00,1.3631512,0,0
2012-12-17 16:00:00,1.4008971,0,0
2012-12-17 17:00:00,1.2345371,0,0
2012-12-17 18:00:00,1.0424275,0,0
2012-12-17 19:00:00,0.84179115,0,0
2012-12-17 20:00:00,0.6857879,0,0
2012-12-17 21:00:00,0.54873943,0,0
2012-12-17 22:00:00,0.432836,0,0
2012-12-17 23:00:00,0.33344594,0,0
2012-12-18 00:00:00,0.24877508,0,0
2012-12-18 01:00:00,0.17555152,0,0
2012-12-18 02:00:00,0.061094582,0,0
2012-12-18 03:00:00,0.0031720712,0,0
2012-12-18 04:00:00,-0.101605535,0,0
2012-12-18 05:00:00,-0.24339814,0,0
2012-12-18 06:00:00,-0.57079613,0,0
2012-12-18 07:00:00,-0.28579146,0,0
2012-12-18 08:00:00,0.30157048,0,0
2012-12-18 09:00:00,0.6355182,0,0
2012-12-18 10:00:00,0.9547237,0,0
2012-12-18 11:00:00,1.3750973,0,0
2012-12-18 12:00:00,1.714252,0,0
2012-12-18 13:00:00,1.9721156,0,0
2012-12-18 14:00:00,2.1141431,0,0
2012-12-18 15:00:00,2.314563,0,0
2012-12-18 16:00:00,2.3468142,0,0
2012-12-18 17:00:00,2.3849263,0,0
2012-12-18 18:00:00,2.5102093,0,0
2012-12-18 19:00:00,2.450671,0,0
2012-12-18 20:00:00,2.3950083,0,0
2012-12-18 21:00:00,2.144676,0,0
2012-12-18 22:00:00,1.9502187,0,0
2012-12-18 23:00:00,1.8737341,0,0
2012-12-19 00:00:00,1.5710038,0,0
2012-12-19 01:00:00,1.3907683,0,0
2012-12-19 02:00:00,1.2735037,0,0
2012-12-19 03:00:00,1.1575922,0,0
2012-12-19 04:00:00,1.0640473,0,0
2012-12-19 05:00:00,1.0357211,0,0
2012-12-19 06:00:00,1.1262875,0,0
2012-12-19 07:00:00,1.3035598,0,0
2012-12-19 08:00:00,1.6333135,0,0
2012-12-19 09:00:00,1.9549239,0,0
2012-12-19 10:00:00,2.2358716,0,0
2012-12-19 11:00:00,2.3587308,0,0
2012-12-19 12:00:00,2.4613173,0,0
2012-12-19 13:00:00,2.5519629,0,0
2012-12-19 14:00:00,2.6023552,0,0
2012-12-19 15:00:00,2.7387695,0,0
2012-12-19 16:00:00,2.8823469,0,0
2012-12-19 17:00:00,3.0959487,0,0
2012-12-19 18:00:00,2.9113948,0,0
2012-12-19 19:00:00,2.778649,0,0
2012-12-19 20:00:00,2.470784,0,0
2012-12-19 21:00:00,2.32266,0,0
2012-12-19 22:00:00,2.233013,0,0
2012-12-19 23:00:00,2.169959,0,0
2012-12-20 00:00:00,2.11383,0,0
2012-12-20 01:00:00,1.9522281,0,0
2012-12-20 02:00:00,1.6456637,0,0
2012-12-20 03:00:00,1.2053118,0,0
2012-12-20 04:00:00,0.89496565,0,0
2012-12-20 05:00:00,0.7011925,0,0
2012-12-20 06:00:00,0.6525522,0,0
2012-12-20 07:00:00,0.67156726,0,0
2012-12-20 08:00:00,0.7137886,0,0
2012-12-20 09:00:00,0.8459943,0,0
2012-12-20 10:00:00,1.0405556,0,0
2012-12-20 11:00:00,1.1639252,0,0
2012-12-20 12:00:00,1.3077087,0,0
2012-12-20 13:00:00,1.4339721,0,0
2012-12-20 14:00:00,1.5794451,0,0
2012-12-20 15:00:00,1.7711345,0,0
2012-12-20 16:00:00,1.8456348,0,0
2012-12-20 17:00:00,1.7833273,0,0
2012-12-20 18:00:00,1.6759663,0,0
2012-12-20 19:00:00,1.4890231,0,0
2012-12-20 20:00:00,1.2179792,0,0
2012-12-20 21:00:00,0.9799889,0,0
2012-12-20 22:00:00,0.8002665,0,0
2012-12-20 23:00:00,0.6381938,0,0
2012-12-21 00:00:00,0.5045095,0,0
2012-12-21 01:00:00,0.40048736,0,0
2012-12-21 02:00:00,0.2752005,0,0
2012-12-21 03:00:00,0.11720225,0,0
2012-12-21 04:00:00,-0.011690578,0,0
2012-12-21 05:00:00,-0.13875024,0,0
2012-12-21 06:00:00,-0.10672672,0,0
2012-12-21 07:00:00,-0.07792838,0,0
2012-12-21 08:00:00,0.27625957,0,0
2012-12-21 09:00:00,0.5194023,0,0
2012-12-21 10:00:00,0.7999458,0,0
2012-12-21 11:00:00,1.0575213,0,0
2012-12-21 12:00:00,1.3192487,0,0
2012-12-21 13:00:00,1.5510961,0,0
2012-12-21 14:00:00,1.7022177,0,0
2012-12-21 15:00:00,1.7738811,0,0
2012-12-21 16:00:00,1.7528065,0,0
2012-12-21 17:00:00,1.6288617,0,0
2012-12-21 18:00:00,1.614489,0,0
2012-12-21 19:00:00,1.433375,0,0
2012-12-21 20:00:00,1.2533482,0,0
2012-12-21 21:00:00,1.0237898,0,0
2012-12-21 22:00:00,0.7954597,0,0
2012-12-21 23:00:00,0.61937076,0,0
2012-12-22 00:00:00,0.48328838,1,0
2012-12-22 01:00:00,0.38953102,1,0
2012-12-22 02:00:00,0.24346012,1,0
2012-12-22 03:00:00,0.20349678,1,0
2012-12-22 04:00:00,0.191329,1,0
2012-12-22 05:00:00,0.034450516,1,0
2012-12-22 06:00:00,-0.055565923,1,0
2012-12-22 07:00:00,-0.011363942,1,0
2012-12-22 08:00:00,0.39736497,1,0
2012-12-22 09:00:00,0.9099362,1,0
2012-12-22 10:00:00,1.3536475,1,0
2012-12-22 11:00:00,1.7681931,1,0
2012-12-22 12:00:00,2.1876264,1,0
2012-12-22 13:00:00,2.593956,1,0
2012-12-22 14:00:00,2.8933704,1,0
2012-12-22 15:00:00,3.113413,1,0
2012-12-22 16:00:00,3.2561352,1,0
2012-12-22 17:00:00,3.272134,1,0
2012-12-22 18:00:00,3.0870256,1,0
2012-12-22 19:00:00,2.9677856,1,0
2012-12-22 20:00:00,2.7296805,1,0
2012-12-22 21:00:00,2.4213777,1,0
2012-12-22 22:00:00,2.1836638,1,0
2012-12-22 23:00:00,1.9883735,1,0
2012-12-23 00:00:00,1.7428346,1,0
2012-12-23 01:00:00,1.4341987,1,0
2012-12-23 02:00:00,1.1557896,1,0
2012-12-23 03:00:00,0.97568023,1,0
2012-12-23 04:00:00,0.8640483,1,0
2012-12-23 05:00:00,0.81805706,1,0
2012-12-23 06:00:00,0.8423436,1,0
2012-12-23 07:00:00,1.0460413,1,0
2012-12-23 08:00:00,1.6797004,1,0
2012-12-23 09:00:00,2.425734,1,0
2012-12-23 10:00:00,2.8920667,1,0
2012-12-23 11:00:00,3.2819028,1,0
2012-12-23 12:00:00,3.6008985,1,0
2012-12-23 13:00:00,3.7787328,1,0
2012-12-23 14:00:00,3.8888698,1,0
2012-12-23 15:00:00,3.903254,1,0
2012-12-23 16:00:00,3.9242642,1,0
2012-12-23 17:00:00,3.9599884,1,0
2012-12-23 18:00:00,3.80036,1,0
2012-12-23 19:00:00,4.392583,1,0
2012-12-23 20:00:00,3.8498526,1,0
2012-12-23 21:00:00,3.3521132,1,0
2012-12-23 22:00:00,3.1000533,1,0
2012-12-23 23:00:00,2.8895216,1,0
2012-12-24 00:00:00,2.771151,0,0
2012-12-24 01:00:00,3.4532738,0,0
2012-12-24 02:00:00,3.5861907,0,0
2012-12-24 03:00:00,3.576795,0,0
2012-12-24 04:00:00,3.5223334,0,0
2012-12-24 05:00:00,3.4684324,0,0
2012-12-24 06:00:00,3.5042608,0,0
2012-12-24 07:00:00,3.5162675,0,0
2012-12-24 08:00:00,3.597021,0,0
2012-12-24 09:00:00,3.724646,0,0
2012-12-24 10:00:00,3.8601358,0,0
2012-12-24 11:00:00,4.1100574,0,0
2012-12-24 12:00:00,3.6230662,0,0
2012-12-24 13:00:00,3.020077,0,0
2012-12-24 14:00:00,3.0224874,0,0
2012-12-24 15:00:00,2.882733,0,0
2012-12-24 16:00:00,2.6602123,0,0
2012-12-24 17:00:00,2.4476078,0,0
2012-12-24 18:00:00,2.4086936,0,0
2012-12-24 19:00:00,2.1800265,0,0
2012-12-24 20:00:00,1.9385082,0,0
2012-12-24 21:00:00,1.6612784,0,0
2012-12-24 22:00:00,1.445771,0,0
2012-12-24 23:00:00,1.2785339,0,0
2012-12-25 00:00:00,1.168559,0,1
2012-12-25 01:00:00,1.0731379,0,1
2012-12-25 02:00:00,0.99767494,0,1
2012-12-25 03:00:00,0.94195765,0,1
2012-12-25 04:00:00,0.85264933,0,1
2012-12-25 05:00:00,0.8304312,0,1
2012-12-25 06:00:00,0.7774732,0,1
2012-12-25 07:00:00,0.8271038,0,1
2012-12-25 08:00:00,0.82933146,0,1
2012-12-25 09:00:00,0.86926377,0,1
2012-12-25 10:00:00,0.95161283,0,1
2012-12-25 11:00:00,1.0848085,0,1
2012-12-25 12:00:00,1.3114038,0,1
2012-12-25 13:00:00,1.5239313,0,1
2012-12-25 14:00:00,1.7620182,0,1
2012-12-25 15:00:00,1.8552536,0,1
2012-12-25 16:00:00,1.8603766,0,1
2012-12-25 17:00:00,1.760967,0,1
2012-12-25 18:00:00,1.6153709,0,1
2012-12-25 19:00:00,1.3938589,0,1
2012-12-25 20:00:00,1.1361278,0,1
2012-12-25 21:00:00,0.88651955,0,1
2012-12-25 22:00:00,0.6913745,0,1
2012-12-25 23:00:00,0.5371151,0,1
2012-12-26 00:00:00,0.42046887,0,1
2012-12-26 01:00:00,0.33094302,0,1
2012-12-26 02:00:00,0.24705504,0,1
2012-12-26 03:00:00,0.17644723,0,1
2012-12-26 04:00:00,0.08928676,0,1
2012-12-26 05:00:00,-0.040934786,0,1
2012-12-26 06:00:00,-0.14134265,0,1
2012-12-26 07:00:00,-0.009289252,0,1
2012-12-26 08:00:00,0.36016878,0,1
2012-12-26 09:00:00,0.62498254,0,1
2012-12-26 10:00:00,0.92370135,0,1
2012-12-26 11:00:00,1.2797844,0,1
2012-12-26 12:00:00,1.6606439,0,1
2012-12-26 13:00:00,1.9902166,0,1
2012-12-26 14:00:00,2.251994,0,1
2012-12-26 15:00:00,2.4351301,0,1
2012-12-26 16:00:00,2.5552244,0,1
2012-12-26 17:00:00,2.5765905,0,1
2012-12-26 18:00:00,2.4301958,0,1
2012-12-26 19:00:00,2.2451458,0,1
2012-12-26 20:00:00,2.047593,0,1
2012-12-26 21:00:00,1.8322613,0,1
2012-12-26 22:00:00,1.6717865,0,1
2012-12-26 23:00:00,1.5023342,0,1
2012-12-27 00:00:00,1.2866279,0,0
2012-12-27 01:00:00,1.0538886,0,0
2012-12-27 02:00:00,0.8433868,0,0
2012-12-27 03:00:00,0.6774373,0,0
2012-12-27 04:00:00,0.57908046,0,0
2012-12-27 05:00:00,0.5842778,0,0
2012-12-27 06:00:00,0.61508167,0,0
2012-12-27 07:00:00,0.66428345,0,0
2012-12-27 08:00:00,0.98307616,0,0
2012-12-27 09:00:00,1.3506509,0,0
2012-12-27 10:00:00,1.7972876,0,0
2012-12-27 11:00:00,2.2195117,0,0
2012-12-27 12:00:00,2.645717,0,0
2012-12-27 13:00:00,3.0576982,0,0
2012-12-27 14:00:00,3.2722607,0,0
2012-12-27 15:00:00,3.3438773,0,0
2012-12-27 16:00:00,3.5022004,0,0
2012-12-27 17:00:00,3.2974224,0,0
2012-12-27 18:00:00,2.8042886,0,0
2012-12-27 19:00:00,2.328558,0,0
2012-12-27 20:00:00,1.9446604,0,0
2012-12-27 21:00:00,1.5709556,0,0
2012-12-27 22:00:00,1.3742725,0,0
2012-12-27 23:00:00,1.2435963,0,0
2012-12-28 00:00:00,1.1353284,0,0
2012-12-28 01:00:00,1.0361938,0,0
2012-12-28 02:00:00,0.95231116,0,0
2012-12-28 03:00:00,0.89515454,0,0
2012-12-28 04:00:00,0.8815963,0,0
2012-12-28 05:00:00,0.82514817,0,0
2012-12-28 06:00:00,0.7593091,0,0
2012-12-28 07:00:00,0.7560142,0,0
2012-12-28 08:00:00,0.8381628,0,0
2012-12-28 09:00:00,0.9306661,0,0
2012-12-28 10:00:00,0.9421581,0,0
2012-12-28 11:00:00,0.9975235,0,0
2012-12-28 12:00:00,1.0563859,0,0
2012-12-28 13:00:00,1.2095035,0,0
2012-12-28 14:00:00,1.3680359,0,0
2012-12-28 15:00:00,1.5823169,0,0
2012-12-28 16:00:00,1.7103719,0,0
2012-12-28 17:00:00,1.6797338,0,0
2012-12-28 18:00:00,1.4883412,0,0
2012-12-28 19:00:00,1.3023051,0,0
2012-12-28 20:00:00,1.0564548,0,0
2012-12-28 21:00:00,0.84436107,0,0
2012-12-28 22:00:00,0.69031215,0,0
2012-12-28 23:00:00,0.6063307,0,0
2012-12-29 00:00:00,0.51968855,1,0
2012-12-29 01:00:00,0.42579806,1,0
2012-12-29 02:00:00,0.3777333,1,0
2012-12-29 03:00:00,0.3173093,1,0
2012-12-29 04:00:00,0.3043162,1,0
2012-12-29 05:00:00,0.2925962,1,0
2012-12-29 06:00:00,0.30594566,1,0
2012-12-29 07:00:00,0.36638373,1,0
2012-12-29 08:00:00,0.4780625,1,0
2012-12-29 09:00:00,0.70763844,1,0
2012-12-29 10:00:00,0.8739788,1,0
2012-12-29 11:00:00,1.180763,1,0
2012-12-29 12:00:00,1.4494658,1,0
2012-12-29 13:00:00,1.6686865,1,0
2012-12-29 14:00:00,1.8250936,1,0
2012-12-29 15:00:00,1.8713303,1,0
2012-12-29 16:00:00,1.872792,1,0
2012-12-29 17:00:00,1.7336335,1,0
2012-12-29 18:00:00,1.7392972,1,0
2012-12-29 19:00:00,1.6378312,1,0
2012-12-29 20:00:00,1.4951602,1,0
2012-12-29 21:00:00,1.2987121,1,0
2012-12-29 22:00:00,1.1334965,1,0
2012-12-29 23:00:00,0.98449147,1,0
2012-12-30 00:00:00,0.81810635,1,0
2012-12-30 01:00:00,0.65028197,1,0
2012-12-30 02:00:00,0.49303007,1,0
2012-12-30 03:00:00,0.33992514,1,0
2012-12-30 04:00:00,0.18887112,1,0
2012-12-30 05:00:00,0.09774531,1,0
2012-12-30 06:00:00,0.08889881,1,0
2012-12-30 07:00:00,0.048699044,1,0
2012-12-30 08:00:00,0.14091219,1,0
2012-12-30 09:00:00,0.33836105,1,0
2012-12-30 10:00:00,0.61885977,1,0
2012-12-30 11:00:00,0.9015115,1,0
2012-12-30 12:00:00,1.1514051,1,0
2012-12-30 13:00:00,1.4590046,1,0
2012-12-30 14:00:00,1.6857467,1,0
2012-12-30 15:00:00,1.799388,1,0
2012-12-30 16:00:00,1.8061365,1,0
2012-12-30 17:00:00,1.7468784,1,0
2012-12-30 18:00:00,1.6274122,1,0
2012-12-30 19:00:00,1.4157673,1,0
2012-12-30 20:00:00,1.228532,1,0
2012-12-30 21:00:00,1.0018913,1,0
2012-12-30 22:00:00,0.7859547,1,0
2012-12-30 23:00:00,0.62248236,1,0
2012-12-31 00:00:00,0.49343058,0,0
2012-12-31 01:00:00,0.38984162,0,0
2012-12-31 02:00:00,0.26154482,0,0
2012-12-31 03:00:00,0.09858762,0,0
2012-12-31 04:00:00,0.013170263,0,0
2012-12-31 05:00:00,-0.11685259,0,0
2012-12-31 06:00:00,-0.45309547,0,0
2012-12-31 07:00:00,-0.24239126,0,0
2012-12-31 08:00:00,0.26194492,0,0
2012-12-31 09:00:00,0.4862289,0,0
2012-12-31 10:00:00,0.8424055,0,0
2012-12-31 11:00:00,1.2363245,0,0
2012-12-31 12:00:00,1.633561,0,0
2012-12-31 13:00:00,1.9260005,0,0
2012-12-31 14:00:00,2.1989102,0,0
2012-12-31 15:00:00,2.3859358,0,0
2012-12-31 16:00:00,2.4465861,0,0
2012-12-31 17:00:00,2.4697888,0,0
2012-12-31 18:00:00,2.3427768,0,0
2012-12-31 19:00:00,2.122484,0,0
2012-12-31 20:00:00,1.9258972,0,0
2012-12-31 21:00:00,1.7038888,0,0
2012-12-31 22:00:00,1.5294895,0,0
2012-12-31 23:00:00,1.3948392,0,0
2013-01-01 00:00:00,1.2406386,0,1
2013-01-01 01:00:00,1.048491,0,1
2013-01-01 02:00:00,1.0073509,0,1
2013-01-01 03:00:00,0.89763856,0,1
2013-01-01 04:00:00,0.7055418,0,1
2013-01-01 05:00:00,0.3923968,0,1
2013-01-01 06:00:00,0.30060938,0,1
2013-01-01 07:00:00,0.43554634,0,1
2013-01-01 08:00:00,0.91258603,0,1
2013-01-01 09:00:00,1.1915542,0,1
2013-01-01 10:00:00,1.5384072,0,1
2013-01-01 11:00:00,1.9744612,0,1
2013-01-01 12:00:00,2.308958,0,1
2013-01-01 13:00:00,2.550813,0,1
2013-01-01 14:00:00,2.7642753,0,1
2013-01-01 15:00:00,2.892076,0,1
2013-01-01 16:00:00,2.9771059,0,1
2013-01-01 17:00:00,2.9548113,0,1
2013-01-01 18:00:00,2.8322968,0,1
2013-01-01 19:00:00,2.516763,0,1
2013-01-01 20:00:00,2.2011125,0,1
2013-01-01 21:00:00,1.9265939,0,1
2013-01-01 22:00:00,1.7175051,0,1
2013-01-01 23:00:00,1.5675737,0,1
2013-01-02 00:00:00,1.4214078,0,0
2013-01-02 01:00:00,1.2234087,0,0
2013-01-02 02:00:00,0.90564275,0,0
2013-01-02 03:00:00,0.6416022,0,0
2013-01-02 04:00:00,0.3861577,0,0
2013-01-02 05:00:00,0.24440822,0,0
2013-01-02 06:00:00,0.26770812,0,0
2013-01-02 07:00:00,0.20846595,0,0
2013-01-02 08:00:00,0.2517002,0,0
2013-01-02 09:00:00,0.41162193,0,0
2013-01-02 10:00:00,0.62759465,0,0
2013-01-02 11:00:00,0.9251786,0,0
2013-01-02 12:00:00,1.188176,0,0
2013-01-02 13:00:00,1.4900086,0,0
2013-01-02 14:00:00,1.7404269,0,0
2013-01-02 15:00:00,1.8646357,0,0
2013-01-02 16:00:00,1.8222862,0,0
2013-01-02 17:00:00,1.7106849,0,0
2013-01-02 18:00:00,1.6750549,0,0
2013-01-02 19:00:00,1.5459644,0,0
2013-01-02 20:00:00,1.3731387,0,0
2013-01-02 21:00:00,1.1814315,0,0
2013-01-02 22:00:00,1.0301818,0,0
2013-01-02 23:00:00,0.89815265,0,0
2013-01-03 00:00:00,0.7867039,0,0
2013-01-03 01:00:00,0.70415646,0,0
2013-01-03 02:00:00,0.5401208,0,0
2013-01-03 03:00:00,0.28490117,0,0
2013-01-03 04:00:00,0.23149739,0,0
2013-01-03 05:00:00,0.18455215,0,0
2013-01-03 06:00:00,0.17772396,0,0
2013-01-03 07:00:00,0.3313563,0,0
2013-01-03 08:00:00,0.95538104,0,0
2013-01-03 09:00:00,1.4721628,0,0
2013-01-03 10:00:00,2.1648538,0,0
2013-01-03 11:00:00,2.9039474,0,0
2013-01-03 12:00:00,3.5684953,0,0
2013-01-03 13:00:00,4.061579,0,0
2013-01-03 14:00:00,4.4022655,0,0
2013-01-03 15:00:00,4.6141305,0,0
2013-01-03 16:00:00,4.7145047,0,0
2013-01-03 17:00:00,4.7386365,0,0
2013-01-03 18:00:00,4.6355467,0,0
2013-01-03 19:00:00,4.534807,0,0
2013-01-03 20:00:00,4.296274,0,0
2013-01-03 21:00:00,3.8633263,0,0
2013-01-03 22:00:00,3.603648,0,0
2013-01-03 23:00:00,3.3926237,0,0
2013-01-04 00:00:00,3.1689503,0,0
2013-01-04 01:00:00,2.940954,0,0
2013-01-04 02:00:00,2.7824683,0,0
2013-01-04 03:00:00,2.6576583,0,0
2013-01-04 04:00:00,2.5667691,0,0
2013-01-04 05:00:00,2.5293097,0,0
2013-01-04 06:00:00,2.509559,0,0
2013-01-04 07:00:00,2.6836777,0,0
2013-01-04 08:00:00,3.1119218,0,0
2013-01-04 09:00:00,3.5786014,0,0
2013-01-04 10:00:00,4.037302,0,0
2013-01-04 11:00:00,4.5010343,0,0
2013-01-04 12:00:00,4.854487,0,0
2013-01-04 13:00:00,5.108273,0,0
2013-01-04 14:00:00,5.3293877,0,0
2013-01-04 15:00:00,5.4992094,0,0
2013-01-04 16:00:00,5.597701,0,0
2013-01-04 17:00:00,5.609652,0,0
2013-01-04 18:00:00,5.445253,0,0
2013-01-04 19:00:00,5.369425,0,0
2013-01-04 20:00:00,5.0947866,0,0
2013-01-04 21:00:00,4.6348643,0,0
2013-01-04 22:00:00,4.3512936,0,0
2013-01-04 23:00:00,4.1501856,0,0
2013-01-05 00:00:00,4.011062,1,0
2013-01-05 01:00:00,3.9325526,1,0
2013-01-05 02:00:00,3.7314827,1,0
2013-01-05 03:00:00,3.511407,1,0
2013-01-05 04:00:00,3.33118,1,0
2013-01-05 05:00:00,3.1904206,1,0
2013-01-05 06:00:00,2.9611664,1,0
2013-01-05 07:00:00,2.8197536,1,0
2013-01-05 08:00:00,2.8515015,1,0
2013-01-05 09:00:00,2.966254,1,0
2013-01-05 10:00:00,3.1435342,1,0
2013-01-05 11:00:00,3.366337,1,0
2013-01-05 12:00:00,3.621943,1,0
2013-01-05 13:00:00,3.8409016,1,0
2013-01-05 14:00:00,3.918594,1,0
2013-01-05 15:00:00,3.890582,1,0
2013-01-05 16:00:00,3.750002,1,0
2013-01-05 17:00:00,3.580439,1,0
2013-01-05 18:00:00,3.3541682,1,0
2013-01-05 19:00:00,3.1029894,1,0
2013-01-05 20:00:00,2.8326638,1,0
2013-01-05 21:00:00,2.590504,1,0
2013-01-05 22:00:00,2.401762,1,0
2013-01-05 23:00:00,2.254917,1,0
2013-01-06 00:00:00,2.1429772,1,0
2013-01-06 01:00:00,2.075414,1,0
2013-01-06 02:00:00,2.0049717,1,0
2013-01-06 03:00:00,1.9417833,1,0
2013-01-06 04:00:00,1.8717356,1,0
2013-01-06 05:00:00,1.8254882,1,0
2013-01-06 06:00:00,1.7318623,1,0
2013-01-06 07:00:00,1.7788717,1,0
2013-01-06 08:00:00,1.908805,1,0
2013-01-06 09:00:00,2.1089494,1,0
2013-01-06 10:00:00,2.469722,1,0
2013-01-06 11:00:00,2.849727,1,0
2013-01-06 12:00:00,3.193352,1,0
2013-01-06 13:00:00,3.4876094,1,0
2013-01-06 14:00:00,3.722154,1,0
2013-01-06 15:00:00,3.8666682,1,0
2013-01-06 16:00:00,3.9202724,1,0
2013-01-06 17:00:00,3.8855078,1,0
2013-01-06 18:00:00,3.7617722,1,0
2013-01-06 19:00:00,3.5188968,1,0
2013-01-06 20:00:00,3.2384036,1,0
2013-01-06 21:00:00,2.937205,1,0
2013-01-06 22:00:00,2.710124,1,0
2013-01-06 23:00:00,2.5154645,1,0
2013-01-07 00:00:00,2.306355,0,0
2013-01-07 01:00:00,2.1109145,0,0
2013-01-07 02:00:00,1.9561427,0,0
2013-01-07 03:00:00,1.8351734,0,0
2013-01-07 04:00:00,1.736001,0,0
2013-01-07 05:00:00,1.5981373,0,0
2013-01-07 06:00:00,1.4052609,0,0
2013-01-07 07:00:00,1.5265515,0,0
2013-01-07 08:00:00,1.8992014,0,0
2013-01-07 09:00:00,2.3779192,0,0
2013-01-07 10:00:00,2.9659536,0,0
2013-01-07 11:00:00,3.6647677,0,0
2013-01-07 12:00:00,4.383623,0,0
2013-01-07 13:00:00,4.967925,0,0
2013-01-07 14:00:00,5.363621,0,0
2013-01-07 15:00:00,5.5712724,0,0
2013-01-07 16:00:00,5.660841,0,0
2013-01-07 17:00:00,5.666965,0,0
2013-01-07 18:00:00,5.2062674,0,0
2013-01-07 19:00:00,4.7033095,0,0
2013-01-07 20:00:00,4.2824287,0,0
2013-01-07 21:00:00,3.9028234,0,0
2013-01-07 22:00:00,3.60892,0,0
2013-01-07 23:00:00,3.38818,0,0
2013-01-08 00:00:00,3.2092857,0,0
2013-01-08 01:00:00,3.0091727,0,0
2013-01-08 02:00:00,2.7940264,0,0
2013-01-08 03:00:00,2.6359572,0,0
2013-01-08 04:00:00,2.3722622,0,0
2013-01-08 05:00:00,2.1499715,0,0
2013-01-08 06:00:00,2.1064649,0,0
2013-01-08 07:00:00,2.207469,0,0
2013-01-08 08:00:00,2.7171388,0,0
2013-01-08 09:00:00,3.0021648,0,0
2013-01-08 10:00:00,2.803309,0,0
2013-01-08 11:00:00,2.7128208,0,0
2013-01-08 12:00:00,2.9954658,0,0
2013-01-08 13:00:00,3.5168614,0,0
2013-01-08 14:00:00,3.8462632,0,0
2013-01-08 15:00:00,4.05186,0,0
2013-01-08 16:00:00,4.092695,0,0
2013-01-08 17:00:00,3.8195446,0,0
2013-01-08 18:00:00,3.5420659,0,0
2013-01-08 19:00:00,3.012256,0,0
2013-01-08 20:00:00,2.3888483,0,0
2013-01-08 21:00:00,1.8063244,0,0
2013-01-08 22:00:00,1.5222734,0,0
2013-01-08 23:00:00,1.1187115,0,0
2013-01-09 00:00:00,0.9027361,0,0
2013-01-09 01:00:00,0.79124254,0,0
2013-01-09 02:00:00,0.7316826,0,0
2013-01-09 03:00:00,0.6924798,0,0
2013-01-09 04:00:00,0.62840676,0,0
2013-01-09 05:00:00,0.53315127,0,0
2013-01-09 06:00:00,0.44920477,0,0
2013-01-09 07:00:00,0.3869355,0,0
2013-01-09 08:00:00,0.39801124,0,0
2013-01-09 09:00:00,0.4993527,0,0
2013-01-09 10:00:00,0.5625159,0,0
2013-01-09 11:00:00,0.7331417,0,0
2013-01-09 12:00:00,0.77193695,0,0
2013-01-09 13:00:00,0.8749335,0,0
2013-01-09 14:00:00,1.0269482,0,0
2013-01-09 15:00:00,1.1652892,0,0
2013-01-09 16:00:00,1.355968,0,0
2013-01-09 17:00:00,1.3994347,0,0
2013-01-09 18:00:00,1.3503814,0,0
2013-01-09 19:00:00,1.2380235,0,0
2013-01-09 20:00:00,1.0439737,0,0
2013-01-09 21:00:00,0.8436293,0,0
2013-01-09 22:00:00,0.73889637,0,0
2013-01-09 23:00:00,0.67217594,0,0
2013-01-10 00:00:00,0.6113063,0,0
2013-01-10 01:00:00,0.55529135,0,0
2013-01-10 02:00:00,0.49551883,0,0
2013-01-10 03:00:00,0.42993727,0,0
2013-01-10 04:00:00,0.33474585,0,0
2013-01-10 05:00:00,0.25029796,0,0
2013-01-10 06:00:00,0.14388244,0,0
2013-01-10 07:00:00,0.22931345,0,0
2013-01-10 08:00:00,0.47964802,0,0
2013-01-10 09:00:00,0.8475169,0,0
2013-01-10 10:00:00,1.2312,0,0
