timestamp,temp_pc1,weekend,holiday
2010-01-03 10:00:00,0.96280724,1,0
2010-01-03 11:00:00,1.2809552,1,0
2010-01-03 12:00:00,1.6125069,1,0
2010-01-03 13:00:00,1.8601532,1,0
2010-01-03 14:00:00,2.0555835,1,0
2010-01-03 15:00:00,2.1659813,1,0
2010-01-03 16:00:00,2.1876442,1,0
2010-01-03 17:00:00,2.127587,1,0
2010-01-03 18:00:00,1.9381734,1,0
2010-01-03 19:00:00,1.6364286,1,0
2010-01-03 20:00:00,1.2753471,1,0
2010-01-03 21:00:00,1.0008515,1,0
2010-01-03 22:00:00,0.8314721,1,0
2010-01-03 23:00:00,0.70078015,1,0
2010-01-04 00:00:00,0.6010213,0,0
2010-01-04 01:00:00,0.5143015,0,0
2010-01-04 02:00:00,0.44406977,0,0
2010-01-04 03:00:00,0.38636875,0,0
2010-01-04 04:00:00,0.33577266,0,0
2010-01-04 05:00:00,0.23763908,0,0
2010-01-04 06:00:00,0.20509644,0,0
2010-01-04 07:00:00,0.3999668,0,0
2010-01-04 08:00:00,0.7926778,0,0
2010-01-04 09:00:00,1.2859125,0,0
2010-01-04 10:00:00,1.6859022,0,0
2010-01-04 11:00:00,2.05244,0,0
2010-01-04 12:00:00,2.373651,0,0
2010-01-04 13:00:00,2.6135018,0,0
2010-01-04 14:00:00,2.7547913,0,0
2010-01-04 15:00:00,2.8067617,0,0
2010-01-04 16:00:00,2.7610874,0,0
2010-01-04 17:00:00,2.7121198,0,0
2010-01-04 18:00:00,2.4811335,0,0
2010-01-04 19:00:00,2.250522,0,0
2010-01-04 20:00:00,2.0258377,0,0
2010-01-04 21:00:00,1.7854958,0,0
2010-01-04 22:00:00,1.639256,0,0
2010-01-04 23:00:00,1.5350744,0,0
2010-01-05 00:00:00,1.4347212,0,0
2010-01-05 01:00:00,1.3413906,0,0
2010-01-05 02:00:00,1.2482321,0,0
2010-01-05 03:00:00,1.1585532,0,0
2010-01-05 04:00:00,1.0734935,0,0
2010-01-05 05:00:00,0.94610345,0,0
2010-01-05 06:00:00,0.85092896,0,0
2010-01-05 07:00:00,1.0418298,0,0
2010-01-05 08:00:00,1.5051239,0,0
2010-01-05 09:00:00,1.8572729,0,0
2010-01-05 10:00:00,2.2334628,0,0
2010-01-05 11:00:00,2.5763795,0,0
2010-01-05 12:00:00,2.859325,0,0
2010-01-05 13:00:00,3.0212095,0,0
2010-01-05 14:00:00,3.0694385,0,0
2010-01-05 15:00:00,3.0399632,0,0
2010-01-05 16:00:00,2.9823806,0,0
2010-01-05 17:00:00,2.9678524,0,0
2010-01-05 18:00:00,2.948494,0,0
2010-01-05 19:00:00,2.7637982,0,0
2010-01-05 20:00:00,2.3475745,0,0
2010-01-05 21:00:00,1.9453329,0,0
2010-01-05 22:00:00,1.6426998,0,0
2010-01-05 23:00:00,1.447716,0,0
2010-01-06 00:00:00,1.3029399,0,0
2010-01-06 01:00:00,1.1751723,0,0
2010-01-06 02:00:00,1.0604444,0,0
2010-01-06 03:00:00,0.96194994,0,0
2010-01-06 04:00:00,0.86231625,0,0
2010-01-06 05:00:00,0.75807613,0,0
2010-01-06 06:00:00,0.69141835,0,0
2010-01-06 07:00:00,0.8715427,0,0
2010-01-06 08:00:00,1.2060686,0,0
2010-01-06 09:00:00,1.6014129,0,0
2010-01-06 10:00:00,2.0255382,0,0
2010-01-06 11:00:00,2.4168572,0,0
2010-01-06 12:00:00,2.815051,0,0
2010-01-06 13:00:00,3.164387,0,0
2010-01-06 14:00:00,3.40426,0,0
2010-01-06 15:00:00,3.5275962,0,0
2010-01-06 16:00:00,3.529287,0,0
2010-01-06 17:00:00,3.3477108,0,0
2010-01-06 18:00:00,3.2015846,0,0
2010-01-06 19:00:00,2.932006,0,0
2010-01-06 20:00:00,2.4599063,0,0
2010-01-06 21:00:00,2.0307958,0,0
2010-01-06 22:00:00,1.7033486,0,0
2010-01-06 23:00:00,1.4786141,0,0
2010-01-07 00:00:00,1.3138194,0,0
2010-01-07 01:00:00,1.1829988,0,0
2010-01-07 02:00:00,1.0828444,0,0
2010-01-07 03:00:00,0.9897947,0,0
2010-01-07 04:00:00,0.9151163,0,0
2010-01-07 05:00:00,0.8118742,0,0
2010-01-07 06:00:00,0.7434746,0,0
2010-01-07 07:00:00,0.90060467,0,0
2010-01-07 08:00:00,1.2985678,0,0
2010-01-07 09:00:00,1.7489109,0,0
2010-01-07 10:00:00,2.210393,0,0
2010-01-07 11:00:00,2.605993,0,0
2010-01-07 12:00:00,3.0596306,0,0
2010-01-07 13:00:00,3.323481,0,0
2010-01-07 14:00:00,3.5413146,0,0
2010-01-07 15:00:00,3.7330961,0,0
2010-01-07 16:00:00,3.8147962,0,0
2010-01-07 17:00:00,3.7177029,0,0
2010-01-07 18:00:00,3.6192656,0,0
2010-01-07 19:00:00,3.4684582,0,0
2010-01-07 20:00:00,3.1438868,0,0
2010-01-07 21:00:00,2.8039286,0,0
2010-01-07 22:00:00,2.4998999,0,0
2010-01-07 23:00:00,2.2953584,0,0
2010-01-08 00:00:00,2.143748,0,0
2010-01-08 01:00:00,2.0264251,0,0
2010-01-08 02:00:00,1.8993973,0,0
2010-01-08 03:00:00,1.7929821,0,0
2010-01-08 04:00:00,1.6640278,0,0
2010-01-08 05:00:00,1.4982005,0,0
2010-01-08 06:00:00,1.4529915,0,0
2010-01-08 07:00:00,1.6392078,0,0
2010-01-08 08:00:00,2.040175,0,0
2010-01-08 09:00:00,2.4688516,0,0
2010-01-08 10:00:00,2.890292,0,0
2010-01-08 11:00:00,3.274244,0,0
2010-01-08 12:00:00,3.57784,0,0
2010-01-08 13:00:00,3.8352053,0,0
2010-01-08 14:00:00,4.028818,0,0
2010-01-08 15:00:00,4.0886617,0,0
2010-01-08 16:00:00,4.0855346,0,0
2010-01-08 17:00:00,4.1441727,0,0
2010-01-08 18:00:00,4.023678,0,0
2010-01-08 19:00:00,3.8016114,0,0
2010-01-08 20:00:00,3.4554555,0,0
2010-01-08 21:00:00,3.1758714,0,0
2010-01-08 22:00:00,2.991637,0,0
2010-01-08 23:00:00,2.7702081,0,0
2010-01-09 00:00:00,2.5694904,1,0
2010-01-09 01:00:00,2.4009268,1,0
2010-01-09 02:00:00,2.2683804,1,0
2010-01-09 03:00:00,2.160882,1,0
2010-01-09 04:00:00,2.0007448,1,0
2010-01-09 05:00:00,1.9495711,1,0
2010-01-09 06:00:00,1.7920098,1,0
2010-01-09 07:00:00,1.974839,1,0
2010-01-09 08:00:00,2.5598497,1,0
2010-01-09 09:00:00,3.1850333,1,0
2010-01-09 10:00:00,3.6823788,1,0
2010-01-09 11:00:00,4.0983973,1,0
2010-01-09 12:00:00,4.4523296,1,0
2010-01-09 13:00:00,4.6999736,1,0
2010-01-09 14:00:00,4.882127,1,0
2010-01-09 15:00:00,4.9457,1,0
2010-01-09 16:00:00,4.9071813,1,0
2010-01-09 17:00:00,4.782157,1,0
2010-01-09 18:00:00,4.6168723,1,0
2010-01-09 19:00:00,4.420209,1,0
2010-01-09 20:00:00,3.9966404,1,0
2010-01-09 21:00:00,3.5912635,1,0
2010-01-09 22:00:00,3.2306297,1,0
2010-01-09 23:00:00,2.9672637,1,0
2010-01-10 00:00:00,2.7860749,1,0
2010-01-10 01:00:00,2.66975,1,0
2010-01-10 02:00:00,2.5895367,1,0
2010-01-10 03:00:00,2.537758,1,0
2010-01-10 04:00:00,2.5003302,1,0
2010-01-10 05:00:00,2.4304428,1,0
2010-01-10 06:00:00,2.4353004,1,0
2010-01-10 07:00:00,2.6990817,1,0
2010-01-10 08:00:00,3.201163,1,0
2010-01-10 09:00:00,3.7255747,1,0
2010-01-10 10:00:00,4.167184,1,0
2010-01-10 11:00:00,4.640094,1,0
2010-01-10 12:00:00,5.0765705,1,0
2010-01-10 13:00:00,5.3810887,1,0
2010-01-10 14:00:00,5.5530324,1,0
2010-01-10 15:00:00,5.6067576,1,0
2010-01-10 16:00:00,5.6110406,1,0
2010-01-10 17:00:00,5.415196,1,0
2010-01-10 18:00:00,5.3232303,1,0
2010-01-10 19:00:00,5.1594434,1,0
2010-01-10 20:00:00,4.8369584,1,0
2010-01-10 21:00:00,4.489922,1,0
2010-01-10 22:00:00,4.185,1,0
2010-01-10 23:00:00,3.909793,1,0
2010-01-11 00:00:00,3.666901,0,0
2010-01-11 01:00:00,3.4790626,0,0
2010-01-11 02:00:00,3.3383663,0,0
2010-01-11 03:00:00,3.31483,0,0
2010-01-11 04:00:00,3.43667,0,0
2010-01-11 05:00:00,3.639219,0,0
2010-01-11 06:00:00,3.6512835,0,0
2010-01-11 07:00:00,3.755072,0,0
2010-01-11 08:00:00,3.9181895,0,0
2010-01-11 09:00:00,4.131251,0,0
2010-01-11 10:00:00,4.4529567,0,0
2010-01-11 11:00:00,4.6550393,0,0
2010-01-11 12:00:00,4.918768,0,0
2010-01-11 13:00:00,5.1210265,0,0
2010-01-11 14:00:00,5.2687593,0,0
2010-01-11 15:00:00,5.3571897,0,0
2010-01-11 16:00:00,5.3724575,0,0
2010-01-11 17:00:00,5.2140665,0,0
2010-01-11 18:00:00,5.022632,0,0
2010-01-11 19:00:00,4.8583646,0,0
2010-01-11 20:00:00,4.6352115,0,0
2010-01-11 21:00:00,4.470781,0,0
2010-01-11 22:00:00,4.356839,0,0
2010-01-11 23:00:00,4.353393,0,0
2010-01-12 00:00:00,4.3453956,0,0
2010-01-12 01:00:00,4.228171,0,0
2010-01-12 02:00:00,4.114078,0,0
2010-01-12 03:00:00,4.0377398,0,0
2010-01-12 04:00:00,3.9741862,0,0
2010-01-12 05:00:00,3.8989193,0,0
2010-01-12 06:00:00,3.8805556,0,0
2010-01-12 07:00:00,3.7604706,0,0
2010-01-12 08:00:00,3.4871259,0,0
2010-01-12 09:00:00,3.2270927,0,0
2010-01-12 10:00:00,3.0601692,0,0
2010-01-12 11:00:00,2.84653,0,0
2010-01-12 12:00:00,2.5800683,0,0
2010-01-12 13:00:00,2.3687265,0,0
2010-01-12 14:00:00,2.2544801,0,0
2010-01-12 15:00:00,2.1187234,0,0
2010-01-12 16:00:00,2.140823,0,0
2010-01-12 17:00:00,2.16106,0,0
2010-01-12 18:00:00,2.0248272,0,0
2010-01-12 19:00:00,1.79755,0,0
2010-01-12 20:00:00,1.5539328,0,0
2010-01-12 21:00:00,1.3600026,0,0
2010-01-12 22:00:00,1.2223747,0,0
2010-01-12 23:00:00,1.1356039,0,0
2010-01-13 00:00:00,1.0720773,0,0
2010-01-13 01:00:00,1.0295798,0,0
2010-01-13 02:00:00,1.0189703,0,0
2010-01-13 03:00:00,1.0259098,0,0
2010-01-13 04:00:00,1.018765,0,0
2010-01-13 05:00:00,0.8336551,0,0
2010-01-13 06:00:00,0.72225904,0,0
2010-01-13 07:00:00,0.68540287,0,0
2010-01-13 08:00:00,0.70423573,0,0
2010-01-13 09:00:00,0.79120904,0,0
2010-01-13 10:00:00,0.9369511,0,0
2010-01-13 11:00:00,1.1215606,0,0
2010-01-13 12:00:00,1.3253794,0,0
2010-01-13 13:00:00,1.6845317,0,0
2010-01-13 14:00:00,1.9431313,0,0
2010-01-13 15:00:00,2.0846264,0,0
2010-01-13 16:00:00,2.1043289,0,0
2010-01-13 17:00:00,2.1320617,0,0
2010-01-13 18:00:00,1.9483373,0,0
2010-01-13 19:00:00,1.6372647,0,0
2010-01-13 20:00:00,1.2825997,0,0
2010-01-13 21:00:00,0.9918314,0,0
2010-01-13 22:00:00,0.7954662,0,0
2010-01-13 23:00:00,0.667699,0,0
2010-01-14 00:00:00,0.58996695,0,0
2010-01-14 01:00:00,0.54503906,0,0
2010-01-14 02:00:00,0.51354563,0,0
2010-01-14 03:00:00,0.48371214,0,0
2010-01-14 04:00:00,0.4383066,0,0
2010-01-14 05:00:00,0.29397765,0,0
2010-01-14 06:00:00,0.24504153,0,0
2010-01-14 07:00:00,0.34785116,0,0
2010-01-14 08:00:00,0.5781071,0,0
2010-01-14 09:00:00,0.8118365,0,0
2010-01-14 10:00:00,1.0467768,0,0
2010-01-14 11:00:00,1.3403893,0,0
2010-01-14 12:00:00,1.6830782,0,0
2010-01-14 13:00:00,2.011662,0,0
2010-01-14 14:00:00,2.2397704,0,0
2010-01-14 15:00:00,2.37106,0,0
2010-01-14 16:00:00,2.4039767,0,0
2010-01-14 17:00:00,2.3544686,0,0
2010-01-14 18:00:00,2.2233465,0,0
2010-01-14 19:00:00,1.9513643,0,0
2010-01-14 20:00:00,1.5992051,0,0
2010-01-14 21:00:00,1.2927603,0,0
2010-01-14 22:00:00,1.1226537,0,0
2010-01-14 23:00:00,1.007628,0,0
2010-01-15 00:00:00,0.9338222,0,0
2010-01-15 01:00:00,0.8643344,0,0
2010-01-15 02:00:00,0.8066334,0,0
2010-01-15 03:00:00,0.7501027,0,0
2010-01-15 04:00:00,0.6883814,0,0
2010-01-15 05:00:00,0.6163732,0,0
2010-01-15 06:00:00,0.54222757,0,0
2010-01-15 07:00:00,0.67931235,0,0
2010-01-15 08:00:00,1.0258359,0,0
2010-01-15 09:00:00,1.4593035,0,0
2010-01-15 10:00:00,1.903605,0,0
2010-01-15 11:00:00,2.3546646,0,0
2010-01-15 12:00:00,2.6989822,0,0
2010-01-15 13:00:00,2.9114144,0,0
2010-01-15 14:00:00,3.0275288,0,0
2010-01-15 15:00:00,3.0575542,0,0
2010-01-15 16:00:00,3.02497,0,0
2010-01-15 17:00:00,2.9091225,0,0
2010-01-15 18:00:00,2.79313,0,0
2010-01-15 19:00:00,2.6410832,0,0
2010-01-15 20:00:00,2.4436123,0,0
2010-01-15 21:00:00,2.1816983,0,0
2010-01-15 22:00:00,1.987366,0,0
2010-01-15 23:00:00,1.8420079,0,0
2010-01-16 00:00:00,1.7204145,1,0
2010-01-16 01:00:00,1.6072373,1,0
2010-01-16 02:00:00,1.4994229,1,0
2010-01-16 03:00:00,1.3880779,1,0
2010-01-16 04:00:00,1.2798517,1,0
2010-01-16 05:00:00,1.1478709,1,0
2010-01-16 06:00:00,1.1368182,1,0
2010-01-16 07:00:00,1.3324654,1,0
2010-01-16 08:00:00,1.6289685,1,0
2010-01-16 09:00:00,1.8041621,1,0
2010-01-16 10:00:00,1.981239,1,0
2010-01-16 11:00:00,2.1464157,1,0
2010-01-16 12:00:00,2.3176122,1,0
2010-01-16 13:00:00,2.4962413,1,0
2010-01-16 14:00:00,2.6352673,1,0
2010-01-16 15:00:00,2.633828,1,0
2010-01-16 16:00:00,2.52868,1,0
2010-01-16 17:00:00,2.1007574,1,0
2010-01-16 18:00:00,1.7219132,1,0
2010-01-16 19:00:00,1.4004471,1,0
2010-01-16 20:00:00,1.1331851,1,0
2010-01-16 21:00:00,0.9548957,1,0
2010-01-16 22:00:00,0.8201014,1,0
2010-01-16 23:00:00,0.72522753,1,0
2010-01-17 00:00:00,0.6251633,1,0
2010-01-17 01:00:00,0.57835984,1,0
2010-01-17 02:00:00,0.55092573,1,0
2010-01-17 03:00:00,0.5711236,1,0
2010-01-17 04:00:00,0.5850547,1,0
2010-01-17 05:00:00,0.59849614,1,0
2010-01-17 06:00:00,0.6125093,1,0
2010-01-17 07:00:00,0.68464214,1,0
2010-01-17 08:00:00,0.7799146,1,0
2010-01-17 09:00:00,0.8610866,1,0
2010-01-17 10:00:00,0.9797875,1,0
2010-01-17 11:00:00,1.1564194,1,0
2010-01-17 12:00:00,1.3015754,1,0
2010-01-17 13:00:00,1.4228107,1,0
2010-01-17 14:00:00,1.3870845,1,0
2010-01-17 15:00:00,1.3374336,1,0
2010-01-17 16:00:00,1.2143661,1,0
2010-01-17 17:00:00,1.1608729,1,0
2010-01-17 18:00:00,0.9832306,1,0
2010-01-17 19:00:00,0.8526485,1,0
2010-01-17 20:00:00,0.7329562,1,0
2010-01-17 21:00:00,0.6515247,1,0
2010-01-17 22:00:00,0.58505917,1,0
2010-01-17 23:00:00,0.48836577,1,0
2010-01-18 00:00:00,0.35716945,0,0
2010-01-18 01:00:00,0.23151268,0,0
2010-01-18 02:00:00,0.16287093,0,0
2010-01-18 03:00:00,0.11739526,0,0
2010-01-18 04:00:00,0.07431143,0,0
2010-01-18 05:00:00,0.04977053,0,0
2010-01-18 06:00:00,-0.0030327132,0,0
2010-01-18 07:00:00,-0.004884687,0,0
2010-01-18 08:00:00,0.06590579,0,0
2010-01-18 09:00:00,0.1980412,0,0
2010-01-18 10:00:00,0.35763007,0,0
2010-01-18 11:00:00,0.4723082,0,0
2010-01-18 12:00:00,0.6353965,0,0
2010-01-18 13:00:00,0.82626987,0,0
2010-01-18 14:00:00,0.9100065,0,0
2010-01-18 15:00:00,0.9396435,0,0
2010-01-18 16:00:00,0.96739763,0,0
2010-01-18 17:00:00,1.0589229,0,0
2010-01-18 18:00:00,0.984112,0,0
2010-01-18 19:00:00,0.8205663,0,0
2010-01-18 20:00:00,0.6074499,0,0
2010-01-18 21:00:00,0.42957234,0,0
2010-01-18 22:00:00,0.3067102,0,0
2010-01-18 23:00:00,0.20818473,0,0
2010-01-19 00:00:00,0.11650964,0,0
2010-01-19 01:00:00,0.044630118,0,0
2010-01-19 02:00:00,-0.03169615,0,0
2010-01-19 03:00:00,-0.12476457,0,0
2010-01-19 04:00:00,-0.23362388,0,0
2010-01-19 05:00:00,-0.2922795,0,0
2010-01-19 06:00:00,-0.35293955,0,0
2010-01-19 07:00:00,-0.21511112,0,0
2010-01-19 08:00:00,0.11712813,0,0
2010-01-19 09:00:00,0.47986352,0,0
2010-01-19 10:00:00,0.85156775,0,0
2010-01-19 11:00:00,1.1913409,0,0
2010-01-19 12:00:00,1.5572305,0,0
2010-01-19 13:00:00,1.8278358,0,0
2010-01-19 14:00:00,2.0038657,0,0
2010-01-19 15:00:00,2.0694308,0,0
2010-01-19 16:00:00,2.0640602,0,0
2010-01-19 17:00:00,2.0731158,0,0
2010-01-19 18:00:00,1.9051225,0,0
2010-01-19 19:00:00,1.6705029,0,0
2010-01-19 20:00:00,1.4534906,0,0
2010-01-19 21:00:00,1.2451923,0,0
2010-01-19 22:00:00,1.1112826,0,0
2010-01-19 23:00:00,0.82719254,0,0
2010-01-20 00:00:00,0.638172,0,0
2010-01-20 01:00:00,0.5190317,0,0
2010-01-20 02:00:00,0.4422338,0,0
2010-01-20 03:00:00,0.20131548,0,0
2010-01-20 04:00:00,0.059597123,0,0
2010-01-20 05:00:00,0.008506922,0,0
2010-01-20 06:00:00,-0.08872708,0,0
2010-01-20 07:00:00,0.24081688,0,0
2010-01-20 08:00:00,0.79543835,0,0
2010-01-20 09:00:00,1.3121843,0,0
2010-01-20 10:00:00,1.7885355,0,0
2010-01-20 11:00:00,2.181432,0,0
2010-01-20 12:00:00,2.4410396,0,0
2010-01-20 13:00:00,2.6175919,0,0
2010-01-20 14:00:00,2.6968868,0,0
2010-01-20 15:00:00,2.709121,0,0
2010-01-20 16:00:00,2.707814,0,0
2010-01-20 17:00:00,2.5647488,0,0
2010-01-20 18:00:00,2.4515426,0,0
2010-01-20 19:00:00,2.436086,0,0
2010-01-20 20:00:00,2.3971546,0,0
2010-01-20 21:00:00,2.2851198,0,0
2010-01-20 22:00:00,2.1692922,0,0
2010-01-20 23:00:00,2.0685084,0,0
2010-01-21 00:00:00,1.9455682,0,0
2010-01-21 01:00:00,1.8172143,0,0
2010-01-21 02:00:00,1.709572,0,0
2010-01-21 03:00:00,1.6550144,0,0
2010-01-21 04:00:00,1.5707062,0,0
2010-01-21 05:00:00,1.520589,0,0
2010-01-21 06:00:00,1.4196599,0,0
2010-01-21 07:00:00,1.5238707,0,0
2010-01-21 08:00:00,1.8781055,0,0
2010-01-21 09:00:00,2.3485363,0,0
2010-01-21 10:00:00,2.7875197,0,0
2010-01-21 11:00:00,3.202607,0,0
2010-01-21 12:00:00,3.3912444,0,0
2010-01-21 13:00:00,3.569155,0,0
2010-01-21 14:00:00,3.7935674,0,0
2010-01-21 15:00:00,3.9353073,0,0
2010-01-21 16:00:00,3.9830585,0,0
2010-01-21 17:00:00,3.8304968,0,0
2010-01-21 18:00:00,3.678155,0,0
2010-01-21 19:00:00,3.5582318,0,0
2010-01-21 20:00:00,3.4444847,0,0
2010-01-21 21:00:00,3.2415285,0,0
2010-01-21 22:00:00,3.0782926,0,0
2010-01-21 23:00:00,2.878693,0,0
2010-01-22 00:00:00,2.662356,0,0
2010-01-22 01:00:00,2.4206808,0,0
2010-01-22 02:00:00,2.1006413,0,0
2010-01-22 03:00:00,1.7872682,0,0
2010-01-22 04:00:00,1.6555679,0,0
2010-01-22 05:00:00,1.5875754,0,0
2010-01-22 06:00:00,1.6867063,0,0
2010-01-22 07:00:00,1.8715537,0,0
2010-01-22 08:00:00,2.2434528,0,0
2010-01-22 09:00:00,2.6959453,0,0
2010-01-22 10:00:00,3.0480077,0,0
2010-01-22 11:00:00,3.268271,0,0
2010-01-22 12:00:00,3.6461763,0,0
2010-01-22 13:00:00,3.8208122,0,0
2010-01-22 14:00:00,3.886911,0,0
2010-01-22 15:00:00,3.9363232,0,0
2010-01-22 16:00:00,3.7326803,0,0
2010-01-22 17:00:00,3.215898,0,0
2010-01-22 18:00:00,2.8921185,0,0
2010-01-22 19:00:00,2.579706,0,0
2010-01-22 20:00:00,2.2486563,0,0
2010-01-22 21:00:00,2.019936,0,0
2010-01-22 22:00:00,1.8507721,0,0
2010-01-22 23:00:00,1.7024142,0,0
2010-01-23 00:00:00,1.5623943,1,0
2010-01-23 01:00:00,1.4353322,1,0
2010-01-23 02:00:00,1.2943456,1,0
2010-01-23 03:00:00,1.1896112,1,0
2010-01-23 04:00:00,1.1028526,1,0
2010-01-23 05:00:00,1.048232,1,0
2010-01-23 06:00:00,0.9973304,1,0
2010-01-23 07:00:00,1.007934,1,0
2010-01-23 08:00:00,1.1231577,1,0
2010-01-23 09:00:00,1.2909153,1,0
2010-01-23 10:00:00,1.4965025,1,0
2010-01-23 11:00:00,1.821559,1,0
2010-01-23 12:00:00,2.202528,1,0
2010-01-23 13:00:00,2.5213766,1,0
2010-01-23 14:00:00,2.7913167,1,0
2010-01-23 15:00:00,2.968771,1,0
2010-01-23 16:00:00,3.0102298,1,0
2010-01-23 17:00:00,2.956107,1,0
2010-01-23 18:00:00,2.805114,1,0
2010-01-23 19:00:00,2.5531385,1,0
2010-01-23 20:00:00,2.192723,1,0
2010-01-23 21:00:00,1.8354989,1,0
2010-01-23 22:00:00,1.550364,1,0
2010-01-23 23:00:00,1.3460869,1,0
2010-01-24 00:00:00,1.1818906,1,0
2010-01-24 01:00:00,1.0444037,1,0
2010-01-24 02:00:00,0.9194664,1,0
2010-01-24 03:00:00,0.82188785,1,0
2010-01-24 04:00:00,0.73329735,1,0
2010-01-24 05:00:00,0.63013303,1,0
2010-01-24 06:00:00,0.54839313,1,0
2010-01-24 07:00:00,0.60975975,1,0
2010-01-24 08:00:00,0.9078775,1,0
2010-01-24 09:00:00,1.3081626,1,0
2010-01-24 10:00:00,1.7420361,1,0
2010-01-24 11:00:00,2.176067,1,0
2010-01-24 12:00:00,2.5707297,1,0
2010-01-24 13:00:00,2.860098,1,0
2010-01-24 14:00:00,3.0353842,1,0
2010-01-24 15:00:00,3.0954487,1,0
2010-01-24 16:00:00,3.0868285,1,0
2010-01-24 17:00:00,3.0606155,1,0
2010-01-24 18:00:00,2.9546087,1,0
2010-01-24 19:00:00,2.7155468,1,0
2010-01-24 20:00:00,2.2992246,1,0
2010-01-24 21:00:00,1.894274,1,0
2010-01-24 22:00:00,1.618256,1,0
2010-01-24 23:00:00,1.4334934,1,0
2010-01-25 00:00:00,1.285758,0,0
2010-01-25 01:00:00,1.1564252,0,0
2010-01-25 02:00:00,1.0605574,0,0
2010-01-25 03:00:00,0.9941231,0,0
2010-01-25 04:00:00,0.9307419,0,0
2010-01-25 05:00:00,0.92611766,0,0
2010-01-25 06:00:00,0.8593,0,0
2010-01-25 07:00:00,0.95097226,0,0
2010-01-25 08:00:00,1.3436279,0,0
2010-01-25 09:00:00,1.7979795,0,0
2010-01-25 10:00:00,2.2959683,0,0
2010-01-25 11:00:00,2.8070107,0,0
2010-01-25 12:00:00,3.2003868,0,0
2010-01-25 13:00:00,3.4132228,0,0
2010-01-25 14:00:00,3.5201263,0,0
2010-01-25 15:00:00,3.5758507,0,0
2010-01-25 16:00:00,3.548935,0,0
2010-01-25 17:00:00,3.2974253,0,0
2010-01-25 18:00:00,3.1623685,0,0
2010-01-25 19:00:00,3.0469623,0,0
2010-01-25 20:00:00,2.8377552,0,0
2010-01-25 21:00:00,2.5922227,0,0
2010-01-25 22:00:00,2.3686008,0,0
2010-01-25 23:00:00,2.172209,0,0
2010-01-26 00:00:00,1.9944733,0,1
2010-01-26 01:00:00,1.8287789,0,1
2010-01-26 02:00:00,1.6711831,0,1
2010-01-26 03:00:00,1.5347886,0,1
2010-01-26 04:00:00,1.474727,0,1
2010-01-26 05:00:00,1.5040894,0,1
2010-01-26 06:00:00,1.5043463,0,1
2010-01-26 07:00:00,1.547577,0,1
2010-01-26 08:00:00,1.7124877,0,1
2010-01-26 09:00:00,1.9330533,0,1
2010-01-26 10:00:00,2.1167486,0,1
2010-01-26 11:00:00,2.356676,0,1
2010-01-26 12:00:00,2.6234028,0,1
2010-01-26 13:00:00,2.9486203,0,1
2010-01-26 14:00:00,3.1729012,0,1
2010-01-26 15:00:00,3.3534646,0,1
2010-01-26 16:00:00,3.4240403,0,1
2010-01-26 17:00:00,3.4579103,0,1
2010-01-26 18:00:00,3.262607,0,1
2010-01-26 19:00:00,2.9242947,0,1
2010-01-26 20:00:00,2.5426126,0,1
2010-01-26 21:00:00,2.2633257,0,1
2010-01-26 22:00:00,2.1197276,0,1
2010-01-26 23:00:00,2.0268579,0,1
2010-01-27 00:00:00,1.9523083,0,0
2010-01-27 01:00:00,1.8945129,0,0
2010-01-27 02:00:00,1.8287399,0,0
2010-01-27 03:00:00,1.7750086,0,0
2010-01-27 04:00:00,1.6982046,0,0
2010-01-27 05:00:00,1.5667897,0,0
2010-01-27 06:00:00,1.4730208,0,0
2010-01-27 07:00:00,1.471501,0,0
2010-01-27 08:00:00,1.6797179,0,0
2010-01-27 09:00:00,2.023699,0,0
2010-01-27 10:00:00,2.467775,0,0
2010-01-27 11:00:00,2.9026384,0,0
2010-01-27 12:00:00,3.261231,0,0
2010-01-27 13:00:00,3.5256603,0,0
2010-01-27 14:00:00,3.6659153,0,0
2010-01-27 15:00:00,3.622508,0,0
2010-01-27 16:00:00,3.4149485,0,0
2010-01-27 17:00:00,3.5590148,0,0
2010-01-27 18:00:00,3.2307634,0,0
2010-01-27 19:00:00,2.8068633,0,0
2010-01-27 20:00:00,2.4366894,0,0
2010-01-27 21:00:00,2.109349,0,0
2010-01-27 22:00:00,1.9179201,0,0
2010-01-27 23:00:00,1.7910376,0,0
2010-01-28 00:00:00,1.7103931,0,0
2010-01-28 01:00:00,1.6211098,0,0
2010-01-28 02:00:00,1.5667797,0,0
2010-01-28 03:00:00,1.520204,0,0
2010-01-28 04:00:00,1.4827881,0,0
2010-01-28 05:00:00,1.5748166,0,0
2010-01-28 06:00:00,1.5422083,0,0
2010-01-28 07:00:00,1.5705844,0,0
2010-01-28 08:00:00,1.6941688,0,0
2010-01-28 09:00:00,1.9291728,0,0
2010-01-28 10:00:00,2.391434,0,0
2010-01-28 11:00:00,2.721771,0,0
2010-01-28 12:00:00,3.1677818,0,0
2010-01-28 13:00:00,3.2292964,0,0
2010-01-28 14:00:00,3.3793921,0,0
2010-01-28 15:00:00,3.458784,0,0
2010-01-28 16:00:00,3.508347,0,0
2010-01-28 17:00:00,3.2117085,0,0
2010-01-28 18:00:00,2.921263,0,0
2010-01-28 19:00:00,2.5007215,0,0
2010-01-28 20:00:00,2.0520816,0,0
2010-01-28 21:00:00,1.7254461,0,0
2010-01-28 22:00:00,1.4735924,0,0
2010-01-28 23:00:00,1.2840655,0,0
2010-01-29 00:00:00,1.1501915,0,0
2010-01-29 01:00:00,1.0427092,0,0
2010-01-29 02:00:00,0.9517148,0,0
2010-01-29 03:00:00,0.8675711,0,0
2010-01-29 04:00:00,0.77470595,0,0
2010-01-29 05:00:00,0.64955765,0,0
2010-01-29 06:00:00,0.56279916,0,0
2010-01-29 07:00:00,0.5457896,0,0
2010-01-29 08:00:00,0.7002681,0,0
2010-01-29 09:00:00,0.9470242,0,0
2010-01-29 10:00:00,1.2556154,0,0
2010-01-29 11:00:00,1.5870527,0,0
2010-01-29 12:00:00,1.9198523,0,0
2010-01-29 13:00:00,2.2078583,0,0
2010-01-29 14:00:00,2.413553,0,0
2010-01-29 15:00:00,2.5233958,0,0
2010-01-29 16:00:00,2.5386508,0,0
2010-01-29 17:00:00,2.5417767,0,0
2010-01-29 18:00:00,2.3868432,0,0
2010-01-29 19:00:00,2.125724,0,0
2010-01-29 20:00:00,1.8073236,0,0
2010-01-29 21:00:00,1.5668527,0,0
2010-01-29 22:00:00,1.415355,0,0
2010-01-29 23:00:00,1.3115321,0,0
2010-01-30 00:00:00,1.2258575,1,0
2010-01-30 01:00:00,1.1650087,1,0
2010-01-30 02:00:00,1.1091278,1,0
2010-01-30 03:00:00,1.0404736,1,0
2010-01-30 04:00:00,0.9623544,1,0
2010-01-30 05:00:00,0.8785713,1,0
2010-01-30 06:00:00,0.7998025,1,0
2010-01-30 07:00:00,0.84450465,1,0
2010-01-30 08:00:00,1.2035184,1,0
2010-01-30 09:00:00,1.5640938,1,0
2010-01-30 10:00:00,2.0170999,1,0
2010-01-30 11:00:00,2.4921026,1,0
2010-01-30 12:00:00,2.8215184,1,0
2010-01-30 13:00:00,3.186988,1,0
2010-01-30 14:00:00,3.441679,1,0
2010-01-30 15:00:00,3.6001573,1,0
2010-01-30 16:00:00,3.6442237,1,0
2010-01-30 17:00:00,3.594903,1,0
2010-01-30 18:00:00,3.4847026,1,0
2010-01-30 19:00:00,3.322043,1,0
2010-01-30 20:00:00,3.0173347,1,0
2010-01-30 21:00:00,2.7429533,1,0
2010-01-30 22:00:00,2.5139027,1,0
2010-01-30 23:00:00,2.343558,1,0
2010-01-31 00:00:00,2.2339587,1,0
2010-01-31 01:00:00,2.1444821,1,0
2010-01-31 02:00:00,2.0481775,1,0
2010-01-31 03:00:00,1.9671726,1,0
2010-01-31 04:00:00,1.8890656,1,0
2010-01-31 05:00:00,1.8817506,1,0
2010-01-31 06:00:00,1.7346548,1,0
2010-01-31 07:00:00,1.832425,1,0
2010-01-31 08:00:00,2.354548,1,0
2010-01-31 09:00:00,2.9507747,1,0
2010-01-31 10:00:00,3.170239,1,0
2010-01-31 11:00:00,3.2380652,1,0
2010-01-31 12:00:00,3.4336886,1,0
2010-01-31 13:00:00,3.5790772,1,0
2010-01-31 14:00:00,3.6188045,1,0
2010-01-31 15:00:00,3.6082175,1,0
2010-01-31 16:00:00,3.4992578,1,0
2010-01-31 17:00:00,3.278428,1,0
2010-01-31 18:00:00,3.0172698,1,0
2010-01-31 19:00:00,2.6538134,1,0
2010-01-31 20:00:00,2.2679536,1,0
2010-01-31 21:00:00,1.9752587,1,0
2010-01-31 22:00:00,1.7605882,1,0
2010-01-31 23:00:00,1.5996685,1,0
2010-02-01 00:00:00,1.4640836,0,0
2010-02-01 01:00:00,1.3603983,0,0
2010-02-01 02:00:00,1.2710639,0,0
2010-02-01 03:00:00,1.1680719,0,0
2010-02-01 04:00:00,1.062688,0,0
2010-02-01 05:00:00,0.8238394,0,0
2010-02-01 06:00:00,0.6887996,0,0
2010-02-01 07:00:00,0.6196172,0,0
2010-02-01 08:00:00,0.7297592,0,0
2010-02-01 09:00:00,1.0357333,0,0
2010-02-01 10:00:00,1.4535779,0,0
2010-02-01 11:00:00,1.9719832,0,0
2010-02-01 12:00:00,2.4447973,0,0
2010-02-01 13:00:00,2.8714242,0,0
2010-02-01 14:00:00,3.22425,0,0
2010-02-01 15:00:00,3.4758735,0,0
2010-02-01 16:00:00,3.5639002,0,0
2010-02-01 17:00:00,3.5386806,0,0
2010-02-01 18:00:00,3.3470645,0,0
2010-02-01 19:00:00,3.0011528,0,0
2010-02-01 20:00:00,2.5904596,0,0
2010-02-01 21:00:00,2.268172,0,0
2010-02-01 22:00:00,2.0562859,0,0
2010-02-01 23:00:00,1.9268273,0,0
2010-02-02 00:00:00,1.8475765,0,0
2010-02-02 01:00:00,1.7905252,0,0
2010-02-02 02:00:00,1.7637916,0,0
2010-02-02 03:00:00,1.7383227,0,0
2010-02-02 04:00:00,1.7304809,0,0
2010-02-02 05:00:00,1.7289832,0,0
2010-02-02 06:00:00,1.7250329,0,0
2010-02-02 07:00:00,1.82715,0,0
2010-02-02 08:00:00,2.3332515,0,0
2010-02-02 09:00:00,2.8657966,0,0
2010-02-02 10:00:00,3.3635476,0,0
2010-02-02 11:00:00,3.8968358,0,0
2010-02-02 12:00:00,4.2830048,0,0
2010-02-02 13:00:00,4.4558544,0,0
2010-02-02 14:00:00,4.4732447,0,0
2010-02-02 15:00:00,4.392935,0,0
2010-02-02 16:00:00,4.2385044,0,0
2010-02-02 17:00:00,4.1127634,0,0
2010-02-02 18:00:00,4.0206294,0,0
2010-02-02 19:00:00,3.7745838,0,0
2010-02-02 20:00:00,3.5922182,0,0
2010-02-02 21:00:00,3.357895,0,0
2010-02-02 22:00:00,3.1684434,0,0
2010-02-02 23:00:00,2.9949906,0,0
2010-02-03 00:00:00,2.835066,0,0
2010-02-03 01:00:00,2.6955097,0,0
2010-02-03 02:00:00,2.5627866,0,0
2010-02-03 03:00:00,2.444097,0,0
2010-02-03 04:00:00,2.3367167,0,0
2010-02-03 05:00:00,2.1173615,0,0
2010-02-03 06:00:00,2.0149493,0,0
2010-02-03 07:00:00,2.0546837,0,0
2010-02-03 08:00:00,2.443198,0,0
2010-02-03 09:00:00,2.7766151,0,0
2010-02-03 10:00:00,3.1632912,0,0
2010-02-03 11:00:00,3.429678,0,0
2010-02-03 12:00:00,3.6324737,0,0
2010-02-03 13:00:00,3.8368735,0,0
2010-02-03 14:00:00,3.9617884,0,0
2010-02-03 15:00:00,3.9986956,0,0
2010-02-03 16:00:00,3.9157462,0,0
2010-02-03 17:00:00,3.8989294,0,0
2010-02-03 18:00:00,3.7624714,0,0
2010-02-03 19:00:00,3.585741,0,0
2010-02-03 20:00:00,3.4050844,0,0
2010-02-03 21:00:00,3.2820842,0,0
2010-02-03 22:00:00,3.2079153,0,0
2010-02-03 23:00:00,3.196571,0,0
2010-02-04 00:00:00,3.1426406,0,0
2010-02-04 01:00:00,3.080634,0,0
2010-02-04 02:00:00,3.033232,0,0
2010-02-04 03:00:00,2.9564795,0,0
2010-02-04 04:00:00,2.87061,0,0
2010-02-04 05:00:00,2.802179,0,0
2010-02-04 06:00:00,2.750679,0,0
2010-02-04 07:00:00,2.765432,0,0
2010-02-04 08:00:00,2.8787847,0,0
2010-02-04 09:00:00,3.1087148,0,0
2010-02-04 10:00:00,3.2421784,0,0
2010-02-04 11:00:00,3.4438274,0,0
2010-02-04 12:00:00,3.5753062,0,0
2010-02-04 13:00:00,3.6357596,0,0
2010-02-04 14:00:00,3.6644588,0,0
2010-02-04 15:00:00,3.649706,0,0
2010-02-04 16:00:00,3.4852335,0,0
2010-02-04 17:00:00,3.214377,0,0
2010-02-04 18:00:00,2.9591928,0,0
2010-02-04 19:00:00,2.6566062,0,0
2010-02-04 20:00:00,2.3340788,0,0
2010-02-04 21:00:00,2.113486,0,0
2010-02-04 22:00:00,1.8918605,0,0
2010-02-04 23:00:00,1.6422386,0,0
2010-02-05 00:00:00,1.3928832,0,0
2010-02-05 01:00:00,1.1836475,0,0
2010-02-05 02:00:00,1.0429785,0,0
2010-02-05 03:00:00,0.92982805,0,0
2010-02-05 04:00:00,0.8638321,0,0
2010-02-05 05:00:00,0.6904023,0,0
2010-02-05 06:00:00,0.64442515,0,0
2010-02-05 07:00:00,0.63308364,0,0
2010-02-05 08:00:00,0.72762704,0,0
2010-02-05 09:00:00,0.926979,0,0
2010-02-05 10:00:00,1.1320112,0,0
2010-02-05 11:00:00,1.3914211,0,0
2010-02-05 12:00:00,1.6950732,0,0
2010-02-05 13:00:00,1.95904,0,0
2010-02-05 14:00:00,2.1144638,0,0
2010-02-05 15:00:00,2.178417,0,0
2010-02-05 16:00:00,2.1305506,0,0
2010-02-05 17:00:00,1.8770381,0,0
2010-02-05 18:00:00,1.6595383,0,0
2010-02-05 19:00:00,1.3900176,0,0
2010-02-05 20:00:00,1.1346633,0,0
2010-02-05 21:00:00,0.96103644,0,0
2010-02-05 22:00:00,0.86566865,0,0
2010-02-05 23:00:00,0.8369967,0,0
2010-02-06 00:00:00,0.8305239,1,0
2010-02-06 01:00:00,0.81559646,1,0
2010-02-06 02:00:00,0.7322862,1,0
2010-02-06 03:00:00,0.598812,1,0
2010-02-06 04:00:00,0.44161585,1,0
2010-02-06 05:00:00,0.23283069,1,0
2010-02-06 06:00:00,0.08964108,1,0
2010-02-06 07:00:00,0.049293064,1,0
2010-02-06 08:00:00,0.23212853,1,0
2010-02-06 09:00:00,0.58256453,1,0
2010-02-06 10:00:00,0.9865093,1,0
2010-02-06 11:00:00,1.4041015,1,0
2010-02-06 12:00:00,1.7781109,1,0
2010-02-06 13:00:00,2.128312,1,0
2010-02-06 14:00:00,2.4179974,1,0
2010-02-06 15:00:00,2.5743918,1,0
2010-02-06 16:00:00,2.61145,1,0
2010-02-06 17:00:00,2.6516397,1,0
2010-02-06 18:00:00,2.5664299,1,0
2010-02-06 19:00:00,2.365569,1,0
2010-02-06 20:00:00,2.0528202,1,0
2010-02-06 21:00:00,1.7669181,1,0
2010-02-06 22:00:00,1.5537715,1,0
2010-02-06 23:00:00,1.3860688,1,0
2010-02-07 00:00:00,1.2540778,1,0
2010-02-07 01:00:00,1.1305807,1,0
2010-02-07 02:00:00,1.010403,1,0
2010-02-07 03:00:00,0.9059698,1,0
2010-02-07 04:00:00,0.8390536,1,0
2010-02-07 05:00:00,0.66035724,1,0
2010-02-07 06:00:00,0.557416,1,0
2010-02-07 07:00:00,0.6037228,1,0
2010-02-07 08:00:00,1.2082685,1,0
2010-02-07 09:00:00,1.9067811,1,0
2010-02-07 10:00:00,2.5433972,1,0
2010-02-07 11:00:00,3.1592708,1,0
2010-02-07 12:00:00,3.5513864,1,0
2010-02-07 13:00:00,3.8387523,1,0
2010-02-07 14:00:00,4.060662,1,0
2010-02-07 15:00:00,4.240935,1,0
2010-02-07 16:00:00,4.290665,1,0
2010-02-07 17:00:00,4.1746755,1,0
2010-02-07 18:00:00,4.024903,1,0
2010-02-07 19:00:00,3.7987072,1,0
2010-02-07 20:00:00,3.4110432,1,0
2010-02-07 21:00:00,3.0979664,1,0
2010-02-07 22:00:00,2.8549876,1,0
2010-02-07 23:00:00,2.6594293,1,0
2010-02-08 00:00:00,2.5128453,0,0
2010-02-08 01:00:00,2.4031947,0,0
2010-02-08 02:00:00,2.32587,0,0
2010-02-08 03:00:00,2.2777245,0,0
2010-02-08 04:00:00,2.2527454,0,0
2010-02-08 05:00:00,2.2552848,0,0
2010-02-08 06:00:00,2.3107245,0,0
2010-02-08 07:00:00,2.4959693,0,0
2010-02-08 08:00:00,3.0876586,0,0
2010-02-08 09:00:00,3.771927,0,0
2010-02-08 10:00:00,4.125139,0,0
2010-02-08 11:00:00,4.3775506,0,0
2010-02-08 12:00:00,4.6970134,0,0
2010-02-08 13:00:00,4.950926,0,0
2010-02-08 14:00:00,5.111502,0,0
2010-02-08 15:00:00,5.156274,0,0
2010-02-08 16:00:00,5.109984,0,0
2010-02-08 17:00:00,5.0048413,0,0
2010-02-08 18:00:00,4.8577,0,0
2010-02-08 19:00:00,4.618517,0,0
2010-02-08 20:00:00,4.276602,0,0
2010-02-08 21:00:00,3.9628756,0,0
2010-02-08 22:00:00,3.7275686,0,0
2010-02-08 23:00:00,3.5714133,0,0
2010-02-09 00:00:00,3.479295,0,0
2010-02-09 01:00:00,3.3847387,0,0
2010-02-09 02:00:00,3.2769365,0,0
2010-02-09 03:00:00,3.2078564,0,0
2010-02-09 04:00:00,3.210539,0,0
2010-02-09 05:00:00,3.115866,0,0
2010-02-09 06:00:00,3.10959,0,0
2010-02-09 07:00:00,3.1855035,0,0
2010-02-09 08:00:00,3.6470864,0,0
2010-02-09 09:00:00,4.204019,0,0
2010-02-09 10:00:00,4.542868,0,0
2010-02-09 11:00:00,4.7998867,0,0
2010-02-09 12:00:00,5.0740147,0,0
2010-02-09 13:00:00,5.288261,0,0
2010-02-09 14:00:00,5.448508,0,0
2010-02-09 15:00:00,5.4422374,0,0
2010-02-09 16:00:00,5.3708253,0,0
2010-02-09 17:00:00,5.2479057,0,0
2010-02-09 18:00:00,5.0435653,0,0
2010-02-09 19:00:00,4.84891,0,0
2010-02-09 20:00:00,4.556807,0,0
2010-02-09 21:00:00,4.2719417,0,0
2010-02-09 22:00:00,4.0187025,0,0
2010-02-09 23:00:00,3.8211164,0,0
2010-02-10 00:00:00,3.6616182,0,0
2010-02-10 01:00:00,3.5251927,0,0
2010-02-10 02:00:00,3.416157,0,0
2010-02-10 03:00:00,3.3062053,0,0
2010-02-10 04:00:00,3.2171884,0,0
2010-02-10 05:00:00,3.1683972,0,0
2010-02-10 06:00:00,3.1105678,0,0
2010-02-10 07:00:00,3.1391037,0,0
2010-02-10 08:00:00,3.5681326,0,0
2010-02-10 09:00:00,4.1656847,0,0
2010-02-10 10:00:00,4.688649,0,0
2010-02-10 11:00:00,5.101141,0,0
2010-02-10 12:00:00,5.3787456,0,0
2010-02-10 13:00:00,5.4850473,0,0
2010-02-10 14:00:00,5.576716,0,0
2010-02-10 15:00:00,5.661601,0,0
2010-02-10 16:00:00,5.654757,0,0
2010-02-10 17:00:00,5.555174,0,0
2010-02-10 18:00:00,5.34717,0,0
2010-02-10 19:00:00,4.9914203,0,0
2010-02-10 20:00:00,4.5492535,0,0
2010-02-10 21:00:00,4.156688,0,0
2010-02-10 22:00:00,3.8680184,0,0
2010-02-10 23:00:00,3.665147,0,0
2010-02-11 00:00:00,3.5705783,0,0
2010-02-11 01:00:00,3.4788914,0,0
2010-02-11 02:00:00,3.4108913,0,0
2010-02-11 03:00:00,3.3599463,0,0
2010-02-11 04:00:00,3.2796779,0,0
2010-02-11 05:00:00,3.1564248,0,0
2010-02-11 06:00:00,3.0963795,0,0
2010-02-11 07:00:00,3.0780485,0,0
2010-02-11 08:00:00,3.168135,0,0
2010-02-11 09:00:00,3.361179,0,0
2010-02-11 10:00:00,3.6823711,0,0
2010-02-11 11:00:00,3.8967931,0,0
2010-02-11 12:00:00,4.111554,0,0
2010-02-11 13:00:00,4.2282443,0,0
2010-02-11 14:00:00,4.299544,0,0
2010-02-11 15:00:00,4.2675815,0,0
2010-02-11 16:00:00,4.1596065,0,0
2010-02-11 17:00:00,3.6778352,0,0
2010-02-11 18:00:00,3.4279728,0,0
2010-02-11 19:00:00,3.1013699,0,0
2010-02-11 20:00:00,2.8227086,0,0
2010-02-11 21:00:00,2.6011996,0,0
2010-02-11 22:00:00,2.4450753,0,0
2010-02-11 23:00:00,2.3229249,0,0
2010-02-12 00:00:00,2.2290494,0,0
2010-02-12 01:00:00,2.1392255,0,0
2010-02-12 02:00:00,2.0626757,0,0
2010-02-12 03:00:00,1.9952743,0,0
2010-02-12 04:00:00,1.9137886,0,0
2010-02-12 05:00:00,1.8425077,0,0
2010-02-12 06:00:00,1.7909445,0,0
2010-02-12 07:00:00,1.7751563,0,0
2010-02-12 08:00:00,1.9496189,0,0
2010-02-12 09:00:00,2.2005334,0,0
2010-02-12 10:00:00,2.4492013,0,0
2010-02-12 11:00:00,2.7892656,0,0
2010-02-12 12:00:00,3.0383143,0,0
2010-02-12 13:00:00,3.313806,0,0
2010-02-12 14:00:00,3.447602,0,0
2010-02-12 15:00:00,3.4802103,0,0
2010-02-12 16:00:00,3.4864268,0,0
2010-02-12 17:00:00,3.403908,0,0
2010-02-12 18:00:00,3.2397475,0,0
2010-02-12 19:00:00,2.9401398,0,0
2010-02-12 20:00:00,2.5592163,0,0
2010-02-12 21:00:00,2.2559848,0,0
2010-02-12 22:00:00,2.0755746,0,0
2010-02-12 23:00:00,1.9474463,0,0
2010-02-13 00:00:00,1.8700155,1,0
2010-02-13 01:00:00,1.7938492,1,0
2010-02-13 02:00:00,1.7393614,1,0
2010-02-13 03:00:00,1.6872777,1,0
2010-02-13 04:00:00,1.6375033,1,0
2010-02-13 05:00:00,1.5068322,1,0
2010-02-13 06:00:00,1.4460269,1,0
2010-02-13 07:00:00,1.4570136,1,0
2010-02-13 08:00:00,1.83654,1,0
2010-02-13 09:00:00,2.2662582,1,0
2010-02-13 10:00:00,2.7221932,1,0
2010-02-13 11:00:00,3.1430128,1,0
2010-02-13 12:00:00,3.5385737,1,0
2010-02-13 13:00:00,3.7718837,1,0
2010-02-13 14:00:00,3.8636808,1,0
2010-02-13 15:00:00,3.8373632,1,0
2010-02-13 16:00:00,3.767805,1,0
2010-02-13 17:00:00,3.7395923,1,0
2010-02-13 18:00:00,3.6238415,1,0
2010-02-13 19:00:00,3.340773,1,0
2010-02-13 20:00:00,2.9224389,1,0
2010-02-13 21:00:00,2.5698454,1,0
2010-02-13 22:00:00,2.3568037,1,0
2010-02-13 23:00:00,2.2171361,1,0
2010-02-14 00:00:00,2.1121864,1,0
2010-02-14 01:00:00,2.0365095,1,0
2010-02-14 02:00:00,1.9721304,1,0
2010-02-14 03:00:00,1.9230175,1,0
2010-02-14 04:00:00,1.8463862,1,0
2010-02-14 05:00:00,1.7386271,1,0
2010-02-14 06:00:00,1.6391898,1,0
2010-02-14 07:00:00,1.5858971,1,0
2010-02-14 08:00:00,1.6923051,1,0
2010-02-14 09:00:00,2.017677,1,0
2010-02-14 10:00:00,2.42221,1,0
2010-02-14 11:00:00,2.7134888,1,0
2010-02-14 12:00:00,2.978759,1,0
2010-02-14 13:00:00,3.2048764,1,0
2010-02-14 14:00:00,3.3167012,1,0
2010-02-14 15:00:00,3.2193995,1,0
2010-02-14 16:00:00,2.9437551,1,0
2010-02-14 17:00:00,2.6558094,1,0
2010-02-14 18:00:00,2.446824,1,0
2010-02-14 19:00:00,2.2547534,1,0
2010-02-14 20:00:00,2.0206559,1,0
2010-02-14 21:00:00,1.8422498,1,0
2010-02-14 22:00:00,1.7112913,1,0
2010-02-14 23:00:00,1.6236391,1,0
2010-02-15 00:00:00,1.5776963,0,0
2010-02-15 01:00:00,1.5858408,0,0
2010-02-15 02:00:00,1.6469918,0,0
2010-02-15 03:00:00,1.6778375,0,0
2010-02-15 04:00:00,1.675707,0,0
2010-02-15 05:00:00,1.7265712,0,0
2010-02-15 06:00:00,1.6768254,0,0
2010-02-15 07:00:00,1.6614445,0,0
2010-02-15 08:00:00,1.705698,0,0
2010-02-15 09:00:00,1.8664404,0,0
2010-02-15 10:00:00,2.0671039,0,0
2010-02-15 11:00:00,2.2392068,0,0
2010-02-15 12:00:00,2.428648,0,0
2010-02-15 13:00:00,2.6520324,0,0
2010-02-15 14:00:00,2.9376385,0,0
2010-02-15 15:00:00,3.064107,0,0
2010-02-15 16:00:00,3.071811,0,0
2010-02-15 17:00:00,2.903205,0,0
2010-02-15 18:00:00,2.7803462,0,0
2010-02-15 19:00:00,2.6174889,0,0
2010-02-15 20:00:00,2.3850076,0,0
2010-02-15 21:00:00,2.1824925,0,0
2010-02-15 22:00:00,2.029218,0,0
2010-02-15 23:00:00,1.9157699,0,0
2010-02-16 00:00:00,1.8256606,0,0
2010-02-16 01:00:00,1.742656,0,0
2010-02-16 02:00:00,1.6761392,0,0
2010-02-16 03:00:00,1.6075795,0,0
2010-02-16 04:00:00,1.5300319,0,0
2010-02-16 05:00:00,1.480665,0,0
2010-02-16 06:00:00,1.4168186,0,0
2010-02-16 07:00:00,1.403735,0,0
2010-02-16 08:00:00,1.7872529,0,0
2010-02-16 09:00:00,2.2470903,0,0
2010-02-16 10:00:00,2.6938777,0,0
2010-02-16 11:00:00,3.1730711,0,0
2010-02-16 12:00:00,3.5507975,0,0
2010-02-16 13:00:00,3.8247285,0,0
2010-02-16 14:00:00,3.9919713,0,0
2010-02-16 15:00:00,4.06178,0,0
2010-02-16 16:00:00,4.0294847,0,0
2010-02-16 17:00:00,3.9612136,0,0
2010-02-16 18:00:00,3.7574015,0,0
2010-02-16 19:00:00,3.4836998,0,0
2010-02-16 20:00:00,3.108103,0,0
2010-02-16 21:00:00,2.7635775,0,0
2010-02-16 22:00:00,2.479766,0,0
2010-02-16 23:00:00,2.2520967,0,0
2010-02-17 00:00:00,2.0828676,0,0
2010-02-17 01:00:00,1.957739,0,0
2010-02-17 02:00:00,1.8564266,0,0
2010-02-17 03:00:00,1.7660161,0,0
2010-02-17 04:00:00,1.7047846,0,0
2010-02-17 05:00:00,1.6241057,0,0
2010-02-17 06:00:00,1.5339617,0,0
2010-02-17 07:00:00,1.5087593,0,0
2010-02-17 08:00:00,1.7901961,0,0
2010-02-17 09:00:00,2.1373758,0,0
2010-02-17 10:00:00,2.5861816,0,0
2010-02-17 11:00:00,2.9982123,0,0
2010-02-17 12:00:00,3.3674262,0,0
2010-02-17 13:00:00,3.6205583,0,0
2010-02-17 14:00:00,3.760619,0,0
2010-02-17 15:00:00,3.7948725,0,0
2010-02-17 16:00:00,3.7066708,0,0
2010-02-17 17:00:00,3.5021362,0,0
2010-02-17 18:00:00,3.2094035,0,0
2010-02-17 19:00:00,2.8182516,0,0
2010-02-17 20:00:00,2.4157436,0,0
2010-02-17 21:00:00,2.142658,0,0
2010-02-17 22:00:00,1.9792132,0,0
2010-02-17 23:00:00,1.8440745,0,0
2010-02-18 00:00:00,1.7697791,0,0
2010-02-18 01:00:00,1.737937,0,0
2010-02-18 02:00:00,1.7020748,0,0
2010-02-18 03:00:00,1.6489925,0,0
2010-02-18 04:00:00,1.5881872,0,0
2010-02-18 05:00:00,1.4777071,0,0
2010-02-18 06:00:00,1.4063604,0,0
2010-02-18 07:00:00,1.3688935,0,0
2010-02-18 08:00:00,1.5811965,0,0
2010-02-18 09:00:00,1.925616,0,0
2010-02-18 10:00:00,2.3373272,0,0
2010-02-18 11:00:00,2.7440832,0,0
2010-02-18 12:00:00,3.1310885,0,0
2010-02-18 13:00:00,3.5020685,0,0
2010-02-18 14:00:00,3.7705307,0,0
2010-02-18 15:00:00,3.910054,0,0
2010-02-18 16:00:00,3.927665,0,0
2010-02-18 17:00:00,3.9595823,0,0
2010-02-18 18:00:00,3.7655182,0,0
2010-02-18 19:00:00,3.4217832,0,0
2010-02-18 20:00:00,2.9773746,0,0
2010-02-18 21:00:00,2.6497242,0,0
2010-02-18 22:00:00,2.4014912,0,0
2010-02-18 23:00:00,2.216157,0,0
2010-02-19 00:00:00,2.0582125,0,0
2010-02-19 01:00:00,1.9518696,0,0
2010-02-19 02:00:00,1.8523769,0,0
2010-02-19 03:00:00,1.7726799,0,0
2010-02-19 04:00:00,1.715151,0,0
2010-02-19 05:00:00,1.5887545,0,0
2010-02-19 06:00:00,1.4911884,0,0
2010-02-19 07:00:00,1.4558424,0,0
2010-02-19 08:00:00,1.8406087,0,0
2010-02-19 09:00:00,2.3327882,0,0
2010-02-19 10:00:00,2.7680118,0,0
2010-02-19 11:00:00,3.1892984,0,0
2010-02-19 12:00:00,3.7020802,0,0
2010-02-19 13:00:00,4.044328,0,0
2010-02-19 14:00:00,4.214069,0,0
2010-02-19 15:00:00,4.261988,0,0
2010-02-19 16:00:00,4.2080693,0,0
2010-02-19 17:00:00,4.0158677,0,0
2010-02-19 18:00:00,3.8111794,0,0
2010-02-19 19:00:00,3.5906782,0,0
2010-02-19 20:00:00,3.2686543,0,0
2010-02-19 21:00:00,3.0296566,0,0
2010-02-19 22:00:00,2.8501523,0,0
2010-02-19 23:00:00,2.7611222,0,0
2010-02-20 00:00:00,2.6043558,1,0
2010-02-20 01:00:00,2.435655,1,0
2010-02-20 02:00:00,2.309,1,0
2010-02-20 03:00:00,2.220989,1,0
2010-02-20 04:00:00,2.1877778,1,0
2010-02-20 05:00:00,2.2818778,1,0
2010-02-20 06:00:00,2.3625557,1,0
2010-02-20 07:00:00,2.4493403,1,0
2010-02-20 08:00:00,2.8232703,1,0
2010-02-20 09:00:00,3.341108,1,0
2010-02-20 10:00:00,3.8148696,1,0
2010-02-20 11:00:00,4.1037955,1,0
2010-02-20 12:00:00,4.350092,1,0
2010-02-20 13:00:00,4.501081,1,0
2010-02-20 14:00:00,4.5711017,1,0
2010-02-20 15:00:00,4.6126275,1,0
2010-02-20 16:00:00,4.577448,1,0
2010-02-20 17:00:00,4.3569026,1,0
2010-02-20 18:00:00,4.2597322,1,0
2010-02-20 19:00:00,4.040416,1,0
2010-02-20 20:00:00,3.6205444,1,0
2010-02-20 21:00:00,3.3202841,1,0
2010-02-20 22:00:00,3.0926538,1,0
2010-02-20 23:00:00,2.9261212,1,0
2010-02-21 00:00:00,2.7834048,1,0
2010-02-21 01:00:00,2.7002666,1,0
2010-02-21 02:00:00,2.6879704,1,0
2010-02-21 03:00:00,2.6835346,1,0
2010-02-21 04:00:00,2.623141,1,0
2010-02-21 05:00:00,2.49579,1,0
2010-02-21 06:00:00,2.4053285,1,0
2010-02-21 07:00:00,2.3631606,1,0
2010-02-21 08:00:00,2.4979978,1,0
2010-02-21 09:00:00,2.7093687,1,0
2010-02-21 10:00:00,2.921636,1,0
2010-02-21 11:00:00,3.1867943,1,0
2010-02-21 12:00:00,3.4454534,1,0
2010-02-21 13:00:00,3.6068795,1,0
2010-02-21 14:00:00,3.6382565,1,0
2010-02-21 15:00:00,3.578494,1,0
2010-02-21 16:00:00,3.439368,1,0
2010-02-21 17:00:00,3.2248785,1,0
2010-02-21 18:00:00,3.014239,1,0
2010-02-21 19:00:00,2.8682795,1,0
2010-02-21 20:00:00,2.6785161,1,0
2010-02-21 21:00:00,2.5013704,1,0
2010-02-21 22:00:00,2.3646665,1,0
2010-02-21 23:00:00,2.250823,1,0
2010-02-22 00:00:00,2.180509,0,0
2010-02-22 01:00:00,2.165899,0,0
2010-02-22 02:00:00,2.1339626,0,0
2010-02-22 03:00:00,2.0908663,0,0
2010-02-22 04:00:00,2.054621,0,0
2010-02-22 05:00:00,1.9645714,0,0
2010-02-22 06:00:00,1.9165514,0,0
2010-02-22 07:00:00,1.8371327,0,0
2010-02-22 08:00:00,1.8580909,0,0
2010-02-22 09:00:00,1.9288204,0,0
2010-02-22 10:00:00,2.0383942,0,0
2010-02-22 11:00:00,2.267443,0,0
2010-02-22 12:00:00,2.4527206,0,0
2010-02-22 13:00:00,2.549564,0,0
2010-02-22 14:00:00,2.552908,0,0
2010-02-22 15:00:00,2.562221,0,0
2010-02-22 16:00:00,2.5344827,0,0
2010-02-22 17:00:00,2.448087,0,0
2010-02-22 18:00:00,2.3688905,0,0
2010-02-22 19:00:00,2.1981256,0,0
2010-02-22 20:00:00,1.9474458,0,0
2010-02-22 21:00:00,1.7335824,0,0
2010-02-22 22:00:00,1.5643406,0,0
2010-02-22 23:00:00,1.4222348,0,0
2010-02-23 00:00:00,1.2982767,0,0
2010-02-23 01:00:00,1.1530786,0,0
2010-02-23 02:00:00,0.989948,0,0
2010-02-23 03:00:00,0.8303606,0,0
2010-02-23 04:00:00,0.6814085,0,0
2010-02-23 05:00:00,0.48710725,0,0
2010-02-23 06:00:00,0.35254472,0,0
2010-02-23 07:00:00,0.20546345,0,0
2010-02-23 08:00:00,0.18628995,0,0
2010-02-23 09:00:00,0.3332414,0,0
2010-02-23 10:00:00,0.58407354,0,0
2010-02-23 11:00:00,0.8993552,0,0
2010-02-23 12:00:00,1.2313764,0,0
2010-02-23 13:00:00,1.5552169,0,0
2010-02-23 14:00:00,1.8570689,0,0
2010-02-23 15:00:00,2.0894177,0,0
2010-02-23 16:00:00,2.1779873,0,0
2010-02-23 17:00:00,2.1992052,0,0
2010-02-23 18:00:00,2.0918274,0,0
2010-02-23 19:00:00,1.8968114,0,0
2010-02-23 20:00:00,1.605018,0,0
2010-02-23 21:00:00,1.3778261,0,0
2010-02-23 22:00:00,1.220144,0,0
2010-02-23 23:00:00,1.1114479,0,0
2010-02-24 00:00:00,1.0293982,0,0
2010-02-24 01:00:00,0.9619534,0,0
2010-02-24 02:00:00,0.91314596,0,0
2010-02-24 03:00:00,0.861806,0,0
2010-02-24 04:00:00,0.8146584,0,0
2010-02-24 05:00:00,0.7099407,0,0
2010-02-24 06:00:00,0.6371885,0,0
2010-02-24 07:00:00,0.607445,0,0
2010-02-24 08:00:00,0.9031261,0,0
2010-02-24 09:00:00,1.2443199,0,0
2010-02-24 10:00:00,1.6432358,0,0
2010-02-24 11:00:00,1.9942944,0,0
2010-02-24 12:00:00,2.3136778,0,0
2010-02-24 13:00:00,2.6498456,0,0
2010-02-24 14:00:00,2.880719,0,0
2010-02-24 15:00:00,3.0179548,0,0
2010-02-24 16:00:00,3.0857186,0,0
2010-02-24 17:00:00,3.0698435,0,0
2010-02-24 18:00:00,2.856954,0,0
2010-02-24 19:00:00,2.6150663,0,0
2010-02-24 20:00:00,2.2488782,0,0
2010-02-24 21:00:00,1.9475297,0,0
2010-02-24 22:00:00,1.7444427,0,0
2010-02-24 23:00:00,1.6061684,0,0
2010-02-25 00:00:00,1.499731,0,0
2010-02-25 01:00:00,1.420919,0,0
2010-02-25 02:00:00,1.3284491,0,0
2010-02-25 03:00:00,1.2190136,0,0
2010-02-25 04:00:00,1.0970596,0,0
2010-02-25 05:00:00,0.94256854,0,0
2010-02-25 06:00:00,0.8133807,0,0
2010-02-25 07:00:00,0.7489625,0,0
2010-02-25 08:00:00,0.9958414,0,0
2010-02-25 09:00:00,1.3513306,0,0
2010-02-25 10:00:00,1.7727858,0,0
2010-02-25 11:00:00,2.1798365,0,0
2010-02-25 12:00:00,2.5019126,0,0
2010-02-25 13:00:00,2.863573,0,0
2010-02-25 14:00:00,3.1837695,0,0
2010-02-25 15:00:00,3.386908,0,0
2010-02-25 16:00:00,3.4696064,0,0
2010-02-25 17:00:00,3.3910437,0,0
2010-02-25 18:00:00,3.237079,0,0
2010-02-25 19:00:00,3.0141788,0,0
2010-02-25 20:00:00,2.691366,0,0
2010-02-25 21:00:00,2.4191816,0,0
2010-02-25 22:00:00,2.2099266,0,0
2010-02-25 23:00:00,2.056892,0,0
2010-02-26 00:00:00,1.9447595,0,0
2010-02-26 01:00:00,1.8650314,0,0
2010-02-26 02:00:00,1.8028672,0,0
2010-02-26 03:00:00,1.7720311,0,0
2010-02-26 04:00:00,1.7645212,0,0
2010-02-26 05:00:00,1.6124234,0,0
2010-02-26 06:00:00,1.5937108,0,0
2010-02-26 07:00:00,1.6522037,0,0
2010-02-26 08:00:00,2.0751488,0,0
2010-02-26 09:00:00,2.7551632,0,0
2010-02-26 10:00:00,3.2975583,0,0
2010-02-26 11:00:00,3.5543652,0,0
2010-02-26 12:00:00,3.8036675,0,0
2010-02-26 13:00:00,4.004573,0,0
2010-02-26 14:00:00,4.089153,0,0
2010-02-26 15:00:00,4.115742,0,0
2010-02-26 16:00:00,4.0388336,0,0
2010-02-26 17:00:00,3.9008648,0,0
2010-02-26 18:00:00,3.7514453,0,0
2010-02-26 19:00:00,3.5430887,0,0
2010-02-26 20:00:00,3.2029274,0,0
2010-02-26 21:00:00,2.8631194,0,0
2010-02-26 22:00:00,2.58738,0,0
2010-02-26 23:00:00,2.387312,0,0
2010-02-27 00:00:00,2.2676792,1,0
2010-02-27 01:00:00,2.1728733,1,0
2010-02-27 02:00:00,2.103053,1,0
2010-02-27 03:00:00,2.0153518,1,0
2010-02-27 04:00:00,1.9570833,1,0
2010-02-27 05:00:00,1.9372212,1,0
2010-02-27 06:00:00,1.8947914,1,0
2010-02-27 07:00:00,1.8559042,1,0
2010-02-27 08:00:00,1.9390724,1,0
2010-02-27 09:00:00,2.0993252,1,0
2010-02-27 10:00:00,2.385293,1,0
2010-02-27 11:00:00,2.6135426,1,0
2010-02-27 12:00:00,2.89368,1,0
2010-02-27 13:00:00,3.0891623,1,0
2010-02-27 14:00:00,3.1981099,1,0
2010-02-27 15:00:00,3.1954105,1,0
2010-02-27 16:00:00,3.0930107,1,0
2010-02-27 17:00:00,3.0275233,1,0
2010-02-27 18:00:00,2.8059375,1,0
2010-02-27 19:00:00,2.4841003,1,0
2010-02-27 20:00:00,2.169356,1,0
2010-02-27 21:00:00,1.9610707,1,0
2010-02-27 22:00:00,1.818987,1,0
2010-02-27 23:00:00,1.7118058,1,0
2010-02-28 00:00:00,1.6242601,1,0
2010-02-28 01:00:00,1.5209191,1,0
2010-02-28 02:00:00,1.4137154,1,0
2010-02-28 03:00:00,1.2986164,1,0
2010-02-28 04:00:00,1.1745294,1,0
2010-02-28 05:00:00,0.9895647,1,0
2010-02-28 06:00:00,0.8461087,1,0
2010-02-28 07:00:00,0.70143145,1,0
2010-02-28 08:00:00,0.7160943,1,0
2010-02-28 09:00:00,0.9065076,1,0
2010-02-28 10:00:00,1.1679322,1,0
2010-02-28 11:00:00,1.3756466,1,0
2010-02-28 12:00:00,1.5247496,1,0
2010-02-28 13:00:00,1.6236911,1,0
2010-02-28 14:00:00,1.6551814,1,0
2010-02-28 15:00:00,1.650982,1,0
2010-02-28 16:00:00,1.6476312,1,0
2010-02-28 17:00:00,1.6730425,1,0
2010-02-28 18:00:00,1.4983493,1,0
2010-02-28 19:00:00,1.2117344,1,0
2010-02-28 20:00:00,0.9549476,1,0
2010-02-28 21:00:00,0.8257783,1,0
2010-02-28 22:00:00,0.7520337,1,0
2010-02-28 23:00:00,0.6416658,1,0
2010-03-01 00:00:00,0.48412126,0,0
2010-03-01 01:00:00,0.3227016,0,0
2010-03-01 02:00:00,0.20429492,0,0
2010-03-01 03:00:00,0.12666936,0,0
2010-03-01 04:00:00,0.068667516,0,0
2010-03-01 05:00:00,-0.07288881,0,0
2010-03-01 06:00:00,-0.13905689,0,0
2010-03-01 07:00:00,-0.22013526,0,0
2010-03-01 08:00:00,-0.20686583,0,0
2010-03-01 09:00:00,-0.12190897,0,0
2010-03-01 10:00:00,0.062133122,0,0
2010-03-01 11:00:00,0.3056884,0,0
2010-03-01 12:00:00,0.590088,0,0
2010-03-01 13:00:00,0.8469255,0,0
2010-03-01 14:00:00,1.0675963,0,0
2010-03-01 15:00:00,1.195085,0,0
2010-03-01 16:00:00,1.2732267,0,0
2010-03-01 17:00:00,1.3153824,0,0
2010-03-01 18:00:00,1.229274,0,0
2010-03-01 19:00:00,1.0459638,0,0
2010-03-01 20:00:00,0.8297043,0,0
2010-03-01 21:00:00,0.7018458,0,0
2010-03-01 22:00:00,0.6316442,0,0
2010-03-01 23:00:00,0.53676623,0,0
2010-03-02 00:00:00,0.3927971,0,0
2010-03-02 01:00:00,0.24242057,0,0
2010-03-02 02:00:00,0.11059153,0,0
2010-03-02 03:00:00,-0.008069671,0,0
2010-03-02 04:00:00,-0.10710712,0,0
2010-03-02 05:00:00,-0.28977704,0,0
2010-03-02 06:00:00,-0.40902188,0,0
2010-03-02 07:00:00,-0.47527218,0,0
2010-03-02 08:00:00,-0.33825314,0,0
2010-03-02 09:00:00,0.00609863,0,0
2010-03-02 10:00:00,0.46437576,0,0
2010-03-02 11:00:00,0.9986543,0,0
2010-03-02 12:00:00,1.4730337,0,0
2010-03-02 13:00:00,1.8616782,0,0
2010-03-02 14:00:00,2.1406646,0,0
2010-03-02 15:00:00,2.29109,0,0
2010-03-02 16:00:00,2.3388126,0,0
2010-03-02 17:00:00,2.2738001,0,0
2010-03-02 18:00:00,2.1077924,0,0
2010-03-02 19:00:00,1.8164964,0,0
2010-03-02 20:00:00,1.4723313,0,0
2010-03-02 21:00:00,1.2528073,0,0
2010-03-02 22:00:00,1.1272752,0,0
2010-03-02 23:00:00,1.045366,0,0
2010-03-03 00:00:00,0.9771583,0,0
2010-03-03 01:00:00,0.9139181,0,0
2010-03-03 02:00:00,0.8427004,0,0
2010-03-03 03:00:00,0.757081,0,0
2010-03-03 04:00:00,0.6594326,0,0
2010-03-03 05:00:00,0.5617065,0,0
2010-03-03 06:00:00,0.46885335,0,0
2010-03-03 07:00:00,0.40252084,0,0
2010-03-03 08:00:00,0.7051811,0,0
2010-03-03 09:00:00,1.195584,0,0
2010-03-03 10:00:00,1.7064749,0,0
2010-03-03 11:00:00,2.2009695,0,0
2010-03-03 12:00:00,2.573587,0,0
2010-03-03 13:00:00,2.9315567,0,0
2010-03-03 14:00:00,3.169481,0,0
2010-03-03 15:00:00,3.307313,0,0
2010-03-03 16:00:00,3.319131,0,0
2010-03-03 17:00:00,3.2170577,0,0
2010-03-03 18:00:00,3.0224404,0,0
2010-03-03 19:00:00,2.7749028,0,0
2010-03-03 20:00:00,2.3933613,0,0
2010-03-03 21:00:00,2.0912814,0,0
2010-03-03 22:00:00,1.8558968,0,0
2010-03-03 23:00:00,1.6747713,0,0
2010-03-04 00:00:00,1.5289313,0,0
2010-03-04 01:00:00,1.4230778,0,0
2010-03-04 02:00:00,1.3258946,0,0
2010-03-04 03:00:00,1.2545826,0,0
2010-03-04 04:00:00,1.1882378,0,0
2010-03-04 05:00:00,1.1357399,0,0
2010-03-04 06:00:00,1.0813422,0,0
2010-03-04 07:00:00,1.0343622,0,0
2010-03-04 08:00:00,1.3611708,0,0
2010-03-04 09:00:00,1.9098102,0,0
2010-03-04 10:00:00,2.3890958,0,0
2010-03-04 11:00:00,2.7972412,0,0
2010-03-04 12:00:00,3.2634892,0,0
2010-03-04 13:00:00,3.6411438,0,0
2010-03-04 14:00:00,3.8146696,0,0
2010-03-04 15:00:00,3.9180977,0,0
2010-03-04 16:00:00,3.8732104,0,0
2010-03-04 17:00:00,3.5554438,0,0
2010-03-04 18:00:00,3.378239,0,0
2010-03-04 19:00:00,3.2489247,0,0
2010-03-04 20:00:00,3.0618682,0,0
2010-03-04 21:00:00,2.8594985,0,0
2010-03-04 22:00:00,2.6431656,0,0
2010-03-04 23:00:00,2.4296749,0,0
2010-03-05 00:00:00,2.2463613,0,0
2010-03-05 01:00:00,2.0929704,0,0
2010-03-05 02:00:00,1.984584,0,0
2010-03-05 03:00:00,1.8948233,0,0
2010-03-05 04:00:00,1.8140503,0,0
2010-03-05 05:00:00,1.7361583,0,0
2010-03-05 06:00:00,1.6361105,0,0
2010-03-05 07:00:00,1.5691986,0,0
2010-03-05 08:00:00,1.867683,0,0
2010-03-05 09:00:00,2.322266,0,0
2010-03-05 10:00:00,2.6669316,0,0
2010-03-05 11:00:00,2.90697,0,0
2010-03-05 12:00:00,3.065708,0,0
2010-03-05 13:00:00,3.1340625,0,0
2010-03-05 14:00:00,3.1078303,0,0
2010-03-05 15:00:00,2.992025,0,0
2010-03-05 16:00:00,2.846491,0,0
2010-03-05 17:00:00,2.6255934,0,0
2010-03-05 18:00:00,2.433713,0,0
2010-03-05 19:00:00,2.2185597,0,0
2010-03-05 20:00:00,2.0345814,0,0
2010-03-05 21:00:00,1.9307154,0,0
2010-03-05 22:00:00,1.7918246,0,0
2010-03-05 23:00:00,1.6518561,0,0
2010-03-06 00:00:00,1.4655157,1,0
2010-03-06 01:00:00,1.2920382,1,0
2010-03-06 02:00:00,1.1911013,1,0
2010-03-06 03:00:00,1.1142977,1,0
2010-03-06 04:00:00,1.0355288,1,0
2010-03-06 05:00:00,0.91689897,1,0
2010-03-06 06:00:00,0.8230357,1,0
2010-03-06 07:00:00,0.75564647,1,0
2010-03-06 08:00:00,0.81637543,1,0
2010-03-06 09:00:00,0.92250675,1,0
2010-03-06 10:00:00,1.0767595,1,0
2010-03-06 11:00:00,1.2968041,1,0
2010-03-06 12:00:00,1.4225907,1,0
2010-03-06 13:00:00,1.5841135,1,0
2010-03-06 14:00:00,1.5873287,1,0
2010-03-06 15:00:00,1.8076142,1,0
2010-03-06 16:00:00,1.8356678,1,0
2010-03-06 17:00:00,1.4883943,1,0
2010-03-06 18:00:00,1.3180948,1,0
2010-03-06 19:00:00,1.0926346,1,0
2010-03-06 20:00:00,0.9993654,1,0
2010-03-06 21:00:00,0.87241954,1,0
2010-03-06 22:00:00,0.7629721,1,0
2010-03-06 23:00:00,0.67085075,1,0
2010-03-07 00:00:00,0.6248735,1,0
2010-03-07 01:00:00,0.5663776,1,0
2010-03-07 02:00:00,0.46776655,1,0
2010-03-07 03:00:00,0.4295558,1,0
2010-03-07 04:00:00,0.34001052,1,0
2010-03-07 05:00:00,0.42791992,1,0
2010-03-07 06:00:00,0.42225885,1,0
2010-03-07 07:00:00,0.41659755,1,0
2010-03-07 08:00:00,0.44843668,1,0
2010-03-07 09:00:00,0.5618466,1,0
2010-03-07 10:00:00,0.8214613,1,0
2010-03-07 11:00:00,1.1116891,1,0
2010-03-07 12:00:00,1.3794752,1,0
2010-03-07 13:00:00,1.3775074,1,0
2010-03-07 14:00:00,1.5025479,1,0
2010-03-07 15:00:00,1.5369595,1,0
2010-03-07 16:00:00,1.5942832,1,0
2010-03-07 17:00:00,1.3455845,1,0
2010-03-07 18:00:00,1.2140191,1,0
2010-03-07 19:00:00,1.1256942,1,0
2010-03-07 20:00:00,0.9954872,1,0
2010-03-07 21:00:00,0.8548646,1,0
2010-03-07 22:00:00,0.7565545,1,0
2010-03-07 23:00:00,0.7153536,1,0
2010-03-08 00:00:00,0.6705278,0,1
2010-03-08 01:00:00,0.64383733,0,1
2010-03-08 02:00:00,0.60124314,0,1
2010-03-08 03:00:00,0.557905,0,1
2010-03-08 04:00:00,0.52157724,0,1
2010-03-08 05:00:00,0.69454324,0,1
2010-03-08 06:00:00,0.72143155,0,1
2010-03-08 07:00:00,0.754,0,1
2010-03-08 08:00:00,0.8067592,0,1
2010-03-08 09:00:00,0.8744366,0,1
2010-03-08 10:00:00,0.75484073,0,1
2010-03-08 11:00:00,0.7666319,0,1
2010-03-08 12:00:00,1.0362216,0,1
2010-03-08 13:00:00,1.2690504,0,1
2010-03-08 14:00:00,1.3401346,0,1
2010-03-08 15:00:00,1.3578249,0,1
2010-03-08 16:00:00,1.3687754,0,1
2010-03-08 17:00:00,1.2384496,0,1
2010-03-08 18:00:00,1.1605854,0,1
2010-03-08 19:00:00,1.0753809,0,1
2010-03-08 20:00:00,0.9510432,0,1
2010-03-08 21:00:00,0.8609459,0,1
2010-03-08 22:00:00,0.80985326,0,1
2010-03-08 23:00:00,0.75967664,0,1
2010-03-09 00:00:00,0.6804936,0,0
2010-03-09 01:00:00,0.62281686,0,0
2010-03-09 02:00:00,0.58664674,0,0
2010-03-09 03:00:00,0.6198647,0,0
2010-03-09 04:00:00,0.57932544,0,0
2010-03-09 05:00:00,0.44996145,0,0
2010-03-09 06:00:00,0.36419415,0,0
2010-03-09 07:00:00,0.3258869,0,0
2010-03-09 08:00:00,0.40272844,0,0
2010-03-09 09:00:00,0.43112436,0,0
2010-03-09 10:00:00,0.42724934,0,0
2010-03-09 11:00:00,0.42239273,0,0
2010-03-09 12:00:00,0.3970912,0,0
2010-03-09 13:00:00,0.48901024,0,0
2010-03-09 14:00:00,0.5419756,0,0
2010-03-09 15:00:00,0.5010031,0,0
2010-03-09 16:00:00,0.44318196,0,0
2010-03-09 17:00:00,0.52599597,0,0
2010-03-09 18:00:00,0.35879043,0,0
2010-03-09 19:00:00,0.22133535,0,0
2010-03-09 20:00:00,0.10894901,0,0
2010-03-09 21:00:00,0.040185977,0,0
2010-03-09 22:00:00,-0.032851614,0,0
2010-03-09 23:00:00,-0.11147532,0,0
2010-03-10 00:00:00,-0.12960397,0,0
2010-03-10 01:00:00,-0.1937048,0,0
2010-03-10 02:00:00,-0.22879891,0,0
2010-03-10 03:00:00,-0.29307175,0,0
2010-03-10 04:00:00,-0.3281662,0,0
2010-03-10 05:00:00,-0.35724798,0,0
2010-03-10 06:00:00,-0.40503287,0,0
2010-03-10 07:00:00,-0.46337122,0,0
2010-03-10 08:00:00,-0.33995903,0,0
2010-03-10 09:00:00,-0.15103607,0,0
2010-03-10 10:00:00,0.007283439,0,0
2010-03-10 11:00:00,0.13524202,0,0
2010-03-10 12:00:00,0.3024286,0,0
2010-03-10 13:00:00,0.37997624,0,0
2010-03-10 14:00:00,0.45324904,0,0
2010-03-10 15:00:00,0.51448077,0,0
2010-03-10 16:00:00,0.57720023,0,0
2010-03-10 17:00:00,0.5321209,0,0
2010-03-10 18:00:00,0.41500214,0,0
2010-03-10 19:00:00,0.31746325,0,0
2010-03-10 20:00:00,0.20612587,0,0
2010-03-10 21:00:00,0.12589358,0,0
2010-03-10 22:00:00,0.077321395,0,0
2010-03-10 23:00:00,0.019538343,0,0
2010-03-11 00:00:00,-0.022406587,0,0
2010-03-11 01:00:00,-0.07778584,0,0
2010-03-11 02:00:00,-0.14782116,0,0
2010-03-11 03:00:00,-0.26827517,0,0
2010-03-11 04:00:00,-0.3908665,0,0
2010-03-11 05:00:00,-0.51929826,0,0
2010-03-11 06:00:00,-0.62286466,0,0
2010-03-11 07:00:00,-0.681203,0,0
2010-03-11 08:00:00,-0.5339748,0,0
2010-03-11 09:00:00,-0.28747725,0,0
2010-03-11 10:00:00,-0.041355055,0,0
2010-03-11 11:00:00,0.110009514,0,0
2010-03-11 12:00:00,0.31512043,0,0
2010-03-11 13:00:00,0.541879,0,0
2010-03-11 14:00:00,0.73276776,0,0
2010-03-11 15:00:00,0.84430504,0,0
2010-03-11 16:00:00,0.90867555,0,0
2010-03-11 17:00:00,0.9841814,0,0
2010-03-11 18:00:00,0.906819,0,0
2010-03-11 19:00:00,0.7016477,0,0
2010-03-11 20:00:00,0.44691026,0,0
2010-03-11 21:00:00,0.3018145,0,0
2010-03-11 22:00:00,0.23360674,0,0
2010-03-11 23:00:00,0.22030778,0,0
2010-03-12 00:00:00,0.21840034,0,0
2010-03-12 01:00:00,0.17784898,0,0
2010-03-12 02:00:00,0.14414832,0,0
2010-03-12 03:00:00,0.10337379,0,0
2010-03-12 04:00:00,0.087472364,0,0
2010-03-12 05:00:00,0.015316122,0,0
2010-03-12 06:00:00,-0.02554035,0,0
2010-03-12 07:00:00,-0.058896895,0,0
2010-03-12 08:00:00,0.08855013,0,0
2010-03-12 09:00:00,0.41321865,0,0
2010-03-12 10:00:00,0.741725,0,0
2010-03-12 11:00:00,1.1321174,0,0
2010-03-12 12:00:00,1.4588795,0,0
2010-03-12 13:00:00,1.7187979,0,0
2010-03-12 14:00:00,1.9026066,0,0
2010-03-12 15:00:00,2.049947,0,0
2010-03-12 16:00:00,2.1607134,0,0
2010-03-12 17:00:00,2.1121292,0,0
2010-03-12 18:00:00,2.0557437,0,0
2010-03-12 19:00:00,1.8359632,0,0
2010-03-12 20:00:00,1.5620918,0,0
2010-03-12 21:00:00,1.3904562,0,0
2010-03-12 22:00:00,1.2543602,0,0
2010-03-12 23:00:00,1.1285777,0,0
2010-03-13 00:00:00,0.98221725,1,0
2010-03-13 01:00:00,0.8968494,1,0
2010-03-13 02:00:00,0.87163234,1,0
2010-03-13 03:00:00,0.8362881,1,0
2010-03-13 04:00:00,0.78427964,1,0
2010-03-13 05:00:00,0.6152943,1,0
2010-03-13 06:00:00,0.56065893,1,0
2010-03-13 07:00:00,0.52844554,1,0
2010-03-13 08:00:00,0.7181615,1,0
2010-03-13 09:00:00,1.0855545,1,0
2010-03-13 10:00:00,1.4856975,1,0
2010-03-13 11:00:00,1.8822007,1,0
2010-03-13 12:00:00,2.2734945,1,0
2010-03-13 13:00:00,2.5578005,1,0
2010-03-13 14:00:00,2.710814,1,0
2010-03-13 15:00:00,2.8022666,1,0
2010-03-13 16:00:00,2.8696759,1,0
2010-03-13 17:00:00,2.759441,1,0
2010-03-13 18:00:00,2.6720715,1,0
2010-03-13 19:00:00,2.4210405,1,0
2010-03-13 20:00:00,2.1108184,1,0
2010-03-13 21:00:00,1.8622103,1,0
2010-03-13 22:00:00,1.6923391,1,0
2010-03-13 23:00:00,1.5599067,1,0
2010-03-14 00:00:00,1.4611049,1,0
2010-03-14 01:00:00,1.4233689,1,0
2010-03-14 02:00:00,1.3877705,1,0
2010-03-14 03:00:00,1.3521719,1,0
2010-03-14 04:00:00,1.3101494,1,0
2010-03-14 05:00:00,1.2748009,1,0
2010-03-14 06:00:00,1.2520653,1,0
2010-03-14 07:00:00,1.2280962,1,0
2010-03-14 08:00:00,1.3722401,1,0
2010-03-14 09:00:00,1.6348526,1,0
2010-03-14 10:00:00,2.0118175,1,0
2010-03-14 11:00:00,2.3405755,1,0
2010-03-14 12:00:00,2.5575166,1,0
2010-03-14 13:00:00,2.7155795,1,0
2010-03-14 14:00:00,2.8975525,1,0
2010-03-14 15:00:00,3.0483897,1,0
2010-03-14 16:00:00,3.10108,1,0
2010-03-14 17:00:00,3.0288424,1,0
2010-03-14 18:00:00,2.8719707,1,0
2010-03-14 19:00:00,2.654602,1,0
2010-03-14 20:00:00,2.477675,1,0
2010-03-14 21:00:00,2.352186,1,0
2010-03-14 22:00:00,2.1982064,1,0
2010-03-14 23:00:00,2.0805063,1,0
2010-03-15 00:00:00,1.910744,0,0
2010-03-15 01:00:00,1.7621831,0,0
2010-03-15 02:00:00,1.6871291,0,0
2010-03-15 03:00:00,1.6736357,0,0
2010-03-15 04:00:00,1.610201,0,0
2010-03-15 05:00:00,1.4707384,0,0
2010-03-15 06:00:00,1.4027627,0,0
2010-03-15 07:00:00,1.3623056,0,0
2010-03-15 08:00:00,1.580633,0,0
2010-03-15 09:00:00,1.9733683,0,0
2010-03-15 10:00:00,2.3313656,0,0
2010-03-15 11:00:00,2.6489494,0,0
2010-03-15 12:00:00,2.9035528,0,0
2010-03-15 13:00:00,3.079165,0,0
2010-03-15 14:00:00,3.1915178,0,0
2010-03-15 15:00:00,3.2360706,0,0
2010-03-15 16:00:00,3.2533813,0,0
2010-03-15 17:00:00,3.2948515,0,0
2010-03-15 18:00:00,3.1629736,0,0
2010-03-15 19:00:00,2.971493,0,0
2010-03-15 20:00:00,2.7772563,0,0
2010-03-15 21:00:00,2.5885363,0,0
2010-03-15 22:00:00,2.3771055,0,0
2010-03-15 23:00:00,2.1686811,0,0
2010-03-16 00:00:00,2.0066671,0,0
2010-03-16 01:00:00,1.886033,0,0
2010-03-16 02:00:00,1.8003361,0,0
2010-03-16 03:00:00,1.7514775,0,0
2010-03-16 04:00:00,1.6914939,0,0
2010-03-16 05:00:00,1.4968873,0,0
2010-03-16 06:00:00,1.4613814,0,0
2010-03-16 07:00:00,1.4343739,0,0
2010-03-16 08:00:00,1.707671,0,0
2010-03-16 09:00:00,2.2651198,0,0
2010-03-16 10:00:00,2.7000442,0,0
2010-03-16 11:00:00,2.943922,0,0
2010-03-16 12:00:00,3.181271,0,0
2010-03-16 13:00:00,3.3591273,0,0
2010-03-16 14:00:00,3.4759388,0,0
2010-03-16 15:00:00,3.5115159,0,0
2010-03-16 16:00:00,3.4165542,0,0
2010-03-16 17:00:00,3.291479,0,0
2010-03-16 18:00:00,3.1712036,0,0
2010-03-16 19:00:00,2.987106,0,0
2010-03-16 20:00:00,2.7985272,0,0
2010-03-16 21:00:00,2.6610765,0,0
2010-03-16 22:00:00,2.5204437,0,0
2010-03-16 23:00:00,2.4027543,0,0
2010-03-17 00:00:00,2.2941303,0,0
2010-03-17 01:00:00,2.1982753,0,0
2010-03-17 02:00:00,2.0922103,0,0
2010-03-17 03:00:00,2.0015726,0,0
2010-03-17 04:00:00,1.930205,0,0
2010-03-17 05:00:00,2.027514,0,0
2010-03-17 06:00:00,1.9711798,0,0
2010-03-17 07:00:00,1.8969643,0,0
2010-03-17 08:00:00,2.0345507,0,0
2010-03-17 09:00:00,2.321508,0,0
2010-03-17 10:00:00,2.5865219,0,0
2010-03-17 11:00:00,2.8717842,0,0
2010-03-17 12:00:00,3.1012216,0,0
2010-03-17 13:00:00,3.2743013,0,0
2010-03-17 14:00:00,3.4128735,0,0
2010-03-17 15:00:00,3.5235667,0,0
2010-03-17 16:00:00,3.5398955,0,0
2010-03-17 17:00:00,3.5831363,0,0
2010-03-17 18:00:00,3.5297964,0,0
2010-03-17 19:00:00,3.2934992,0,0
2010-03-17 20:00:00,3.021087,0,0
2010-03-17 21:00:00,2.834689,0,0
2010-03-17 22:00:00,2.6422276,0,0
2010-03-17 23:00:00,2.4767296,0,0
2010-03-18 00:00:00,2.3601117,0,0
2010-03-18 01:00:00,2.2420058,0,0
2010-03-18 02:00:00,2.1724315,0,0
2010-03-18 03:00:00,2.143411,0,0
2010-03-18 04:00:00,2.058148,0,0
2010-03-18 05:00:00,1.9682825,0,0
2010-03-18 06:00:00,1.8980873,0,0
2010-03-18 07:00:00,1.8830118,0,0
2010-03-18 08:00:00,2.0759575,0,0
2010-03-18 09:00:00,2.4884617,0,0
2010-03-18 10:00:00,2.8425446,0,0
2010-03-18 11:00:00,3.1111467,0,0
2010-03-18 12:00:00,3.3678873,0,0
2010-03-18 13:00:00,3.5635064,0,0
2010-03-18 14:00:00,3.6975257,0,0
2010-03-18 15:00:00,3.7621913,0,0
2010-03-18 16:00:00,3.7421002,0,0
2010-03-18 17:00:00,3.604065,0,0
2010-03-18 18:00:00,3.3355968,0,0
2010-03-18 19:00:00,3.0899475,0,0
2010-03-18 20:00:00,2.8879218,0,0
2010-03-18 21:00:00,2.7341702,0,0
2010-03-18 22:00:00,2.5994043,0,0
2010-03-18 23:00:00,2.493567,0,0
2010-03-19 00:00:00,2.407165,0,0
2010-03-19 01:00:00,2.387536,0,0
2010-03-19 02:00:00,2.3540895,0,0
2010-03-19 03:00:00,2.3399184,0,0
2010-03-19 04:00:00,2.313228,0,0
2010-03-19 05:00:00,2.1763678,0,0
2010-03-19 06:00:00,2.1547906,0,0
2010-03-19 07:00:00,2.1122782,0,0
2010-03-19 08:00:00,2.196225,0,0
2010-03-19 09:00:00,2.3302748,0,0
2010-03-19 10:00:00,2.5834837,0,0
2010-03-19 11:00:00,2.8249035,0,0
2010-03-19 12:00:00,3.1525292,0,0
2010-03-19 13:00:00,3.3062277,0,0
2010-03-19 14:00:00,3.3914757,0,0
2010-03-19 15:00:00,3.3480682,0,0
2010-03-19 16:00:00,3.3075135,0,0
2010-03-19 17:00:00,3.1331599,0,0
2010-03-19 18:00:00,2.9594274,0,0
2010-03-19 19:00:00,2.7165484,0,0
2010-03-19 20:00:00,2.5086539,0,0
2010-03-19 21:00:00,2.325629,0,0
2010-03-19 22:00:00,2.164154,0,0
2010-03-19 23:00:00,2.0237079,0,0
2010-03-20 00:00:00,1.9018872,1,0
2010-03-20 01:00:00,1.773087,1,0
2010-03-20 02:00:00,1.6487339,1,0
2010-03-20 03:00:00,1.5425282,1,0
2010-03-20 04:00:00,1.4624481,1,0
2010-03-20 05:00:00,1.3728249,1,0
2010-03-20 06:00:00,1.3136795,1,0
2010-03-20 07:00:00,1.2673191,1,0
2010-03-20 08:00:00,1.4198157,1,0
2010-03-20 09:00:00,1.7911866,1,0
2010-03-20 10:00:00,2.2107975,1,0
2010-03-20 11:00:00,2.6491253,1,0
2010-03-20 12:00:00,2.9737446,1,0
2010-03-20 13:00:00,3.2217984,1,0
2010-03-20 14:00:00,3.3541534,1,0
2010-03-20 15:00:00,3.2860322,1,0
2010-03-20 16:00:00,3.2446513,1,0
2010-03-20 17:00:00,2.9108665,1,0
2010-03-20 18:00:00,2.7151396,1,0
2010-03-20 19:00:00,2.4220982,1,0
2010-03-20 20:00:00,2.1254752,1,0
2010-03-20 21:00:00,1.911718,1,0
2010-03-20 22:00:00,1.7462859,1,0
2010-03-20 23:00:00,1.6286576,1,0
2010-03-21 00:00:00,1.5129433,1,0
2010-03-21 01:00:00,1.4440349,1,0
2010-03-21 02:00:00,1.3933568,1,0
2010-03-21 03:00:00,1.3629634,1,0
2010-03-21 04:00:00,1.3344535,1,0
2010-03-21 05:00:00,1.3780451,1,0
2010-03-21 06:00:00,1.3177292,1,0
2010-03-21 07:00:00,1.2436469,1,0
2010-03-21 08:00:00,1.3783399,1,0
2010-03-21 09:00:00,1.7260236,1,0
2010-03-21 10:00:00,2.1209438,1,0
2010-03-21 11:00:00,2.3967955,1,0
2010-03-21 12:00:00,2.6154518,1,0
2010-03-21 13:00:00,2.8034766,1,0
2010-03-21 14:00:00,2.9410267,1,0
2010-03-21 15:00:00,2.9806306,1,0
2010-03-21 16:00:00,2.9211185,1,0
2010-03-21 17:00:00,2.8393664,1,0
2010-03-21 18:00:00,2.6040792,1,0
2010-03-21 19:00:00,2.273853,1,0
2010-03-21 20:00:00,1.9688137,1,0
2010-03-21 21:00:00,1.730407,1,0
2010-03-21 22:00:00,1.5484746,1,0
2010-03-21 23:00:00,1.4025712,1,0
2010-03-22 00:00:00,1.2609862,0,0
2010-03-22 01:00:00,1.1269013,0,0
2010-03-22 02:00:00,0.993732,0,0
2010-03-22 03:00:00,0.8815921,0,0
2010-03-22 04:00:00,0.77084535,0,0
2010-03-22 05:00:00,0.6655559,0,0
2010-03-22 06:00:00,0.59158236,0,0
2010-03-22 07:00:00,0.51760894,0,0
2010-03-22 08:00:00,0.5321941,0,0
2010-03-22 09:00:00,0.72399473,0,0
2010-03-22 10:00:00,0.9877186,0,0
2010-03-22 11:00:00,1.1758896,0,0
2010-03-22 12:00:00,1.4788219,0,0
2010-03-22 13:00:00,1.7560977,0,0
2010-03-22 14:00:00,1.9268737,0,0
2010-03-22 15:00:00,1.9928099,0,0
2010-03-22 16:00:00,1.9752839,0,0
2010-03-22 17:00:00,1.9483029,0,0
2010-03-22 18:00:00,1.7931684,0,0
2010-03-22 19:00:00,1.5255309,0,0
2010-03-22 20:00:00,1.2046531,0,0
2010-03-22 21:00:00,0.9252928,0,0
2010-03-22 22:00:00,0.6994482,0,0
2010-03-22 23:00:00,0.53055537,0,0
2010-03-23 00:00:00,0.3913305,0,0
2010-03-23 01:00:00,0.25732774,0,0
2010-03-23 02:00:00,0.15299302,0,0
2010-03-23 03:00:00,0.047424838,0,0
2010-03-23 04:00:00,-0.042559125,0,0
2010-03-23 05:00:00,-0.13368219,0,0
2010-03-23 06:00:00,-0.21350819,0,0
2010-03-23 07:00:00,-0.26671907,0,0
2010-03-23 08:00:00,-0.113064304,0,0
2010-03-23 09:00:00,0.1956358,0,0
2010-03-23 10:00:00,0.51020014,0,0
2010-03-23 11:00:00,0.82899797,0,0
2010-03-23 12:00:00,1.1565024,0,0
2010-03-23 13:00:00,1.4749324,0,0
2010-03-23 14:00:00,1.6966289,0,0
2010-03-23 15:00:00,1.8166212,0,0
2010-03-23 16:00:00,1.8403658,0,0
2010-03-23 17:00:00,1.7781892,0,0
2010-03-23 18:00:00,1.6775883,0,0
2010-03-23 19:00:00,1.4236252,0,0
2010-03-23 20:00:00,1.1124835,0,0
2010-03-23 21:00:00,0.8682875,0,0
2010-03-23 22:00:00,0.6941728,0,0
2010-03-23 23:00:00,0.5496631,0,0
2010-03-24 00:00:00,0.4277481,0,0
2010-03-24 01:00:00,0.32611814,0,0
2010-03-24 02:00:00,0.23752752,0,0
2010-03-24 03:00:00,0.14893705,0,0
2010-03-24 04:00:00,0.06083601,0,0
2010-03-24 05:00:00,-0.02313572,0,0
2010-03-24 06:00:00,-0.094228014,0,0
2010-03-24 07:00:00,-0.14892665,0,0
2010-03-24 08:00:00,0.01476099,0,0
2010-03-24 09:00:00,0.5017374,0,0
2010-03-24 10:00:00,0.9171127,0,0
2010-03-24 11:00:00,1.3614918,0,0
2010-03-24 12:00:00,1.7067298,0,0
2010-03-24 13:00:00,2.01851,0,0
2010-03-24 14:00:00,2.2677665,0,0
2010-03-24 15:00:00,2.397025,0,0
2010-03-24 16:00:00,2.4465709,0,0
2010-03-24 17:00:00,2.373853,0,0
2010-03-24 18:00:00,2.2872887,0,0
2010-03-24 19:00:00,2.075057,0,0
2010-03-24 20:00:00,1.8334792,0,0
2010-03-24 21:00:00,1.5972729,0,0
2010-03-24 22:00:00,1.3826946,0,0
2010-03-24 23:00:00,1.20661,0,0
2010-03-25 00:00:00,1.0699403,0,0
2010-03-25 01:00:00,0.96338165,0,0
2010-03-25 02:00:00,0.8710959,0,0
2010-03-25 03:00:00,0.8085608,0,0
2010-03-25 04:00:00,0.7599497,0,0
2010-03-25 05:00:00,0.6342273,0,0
2010-03-25 06:00:00,0.55529845,0,0
2010-03-25 07:00:00,0.48156035,0,0
2010-03-25 08:00:00,0.61517733,0,0
2010-03-25 09:00:00,1.0400503,0,0
2010-03-25 10:00:00,1.4433696,0,0
2010-03-25 11:00:00,1.8325782,0,0
2010-03-25 12:00:00,2.1011612,0,0
2010-03-25 13:00:00,2.3504138,0,0
2010-03-25 14:00:00,2.5082736,0,0
2010-03-25 15:00:00,2.5775704,0,0
2010-03-25 16:00:00,2.5344758,0,0
2010-03-25 17:00:00,2.3668776,0,0
2010-03-25 18:00:00,2.2676003,0,0
2010-03-25 19:00:00,2.0556023,0,0
2010-03-25 20:00:00,1.9868693,0,0
2010-03-25 21:00:00,1.5901914,0,0
2010-03-25 22:00:00,1.1854951,0,0
2010-03-25 23:00:00,1.0255423,0,0
2010-03-26 00:00:00,0.900035,0,0
2010-03-26 01:00:00,0.7961078,0,0
2010-03-26 02:00:00,0.7209475,0,0
2010-03-26 03:00:00,0.6563572,0,0
2010-03-26 04:00:00,0.5851049,0,0
2010-03-26 05:00:00,0.50286084,0,0
2010-03-26 06:00:00,0.44681954,0,0
2010-03-26 07:00:00,0.597617,0,0
2010-03-26 08:00:00,0.6256201,0,0
2010-03-26 09:00:00,1.3479904,0,0
2010-03-26 10:00:00,1.8943329,0,0
2010-03-26 11:00:00,2.2301652,0,0
2010-03-26 12:00:00,2.5891986,0,0
2010-03-26 13:00:00,2.7653947,0,0
2010-03-26 14:00:00,2.8264477,0,0
2010-03-26 15:00:00,2.8072472,0,0
2010-03-26 16:00:00,2.7733352,0,0
2010-03-26 17:00:00,2.9321744,0,0
2010-03-26 18:00:00,2.859703,0,0
2010-03-26 19:00:00,2.6371334,0,0
2010-03-26 20:00:00,2.4270914,0,0
2010-03-26 21:00:00,2.2462835,0,0
2010-03-26 22:00:00,2.0900624,0,0
2010-03-26 23:00:00,1.9477963,0,0
2010-03-27 00:00:00,1.8225902,1,0
2010-03-27 01:00:00,1.7018305,1,0
2010-03-27 02:00:00,1.6255046,1,0
2010-03-27 03:00:00,1.5402848,1,0
2010-03-27 04:00:00,1.4834995,1,0
2010-03-27 05:00:00,1.4617337,1,0
2010-03-27 06:00:00,1.4077011,1,0
2010-03-27 07:00:00,1.3674983,1,0
2010-03-27 08:00:00,1.480435,1,0
2010-03-27 09:00:00,1.8093705,1,0
2010-03-27 10:00:00,2.140935,1,0
2010-03-27 11:00:00,2.457833,1,0
2010-03-27 12:00:00,2.732925,1,0
2010-03-27 13:00:00,2.9295807,1,0
2010-03-27 14:00:00,3.0445752,1,0
2010-03-27 15:00:00,3.033955,1,0
2010-03-27 16:00:00,2.9430983,1,0
2010-03-27 17:00:00,2.9325705,1,0
2010-03-27 18:00:00,2.7707355,1,0
2010-03-27 19:00:00,2.5953372,1,0
2010-03-27 20:00:00,2.4198878,1,0
2010-03-27 21:00:00,2.288394,1,0
2010-03-27 22:00:00,2.204227,1,0
2010-03-27 23:00:00,2.0993912,1,0
2010-03-28 00:00:00,1.9873999,1,0
2010-03-28 01:00:00,1.9289751,1,0
2010-03-28 02:00:00,1.9261762,1,0
2010-03-28 03:00:00,1.9560088,1,0
2010-03-28 04:00:00,1.9474516,1,0
2010-03-28 05:00:00,1.9417713,1,0
2010-03-28 06:00:00,1.9271034,1,0
2010-03-28 07:00:00,1.961305,1,0
2010-03-28 08:00:00,2.0881164,1,0
2010-03-28 09:00:00,2.0803108,1,0
2010-03-28 10:00:00,2.1393778,1,0
2010-03-28 11:00:00,2.1755345,1,0
2010-03-28 12:00:00,2.1044457,1,0
2010-03-28 13:00:00,2.0615644,1,0
2010-03-28 14:00:00,1.9984529,1,0
2010-03-28 15:00:00,1.9721146,1,0
2010-03-28 16:00:00,1.9418503,1,0
2010-03-28 17:00:00,2.0306778,1,0
2010-03-28 18:00:00,1.9978764,1,0
2010-03-28 19:00:00,1.9261813,1,0
2010-03-28 20:00:00,1.8757384,1,0
2010-03-28 21:00:00,1.8203591,1,0
2010-03-28 22:00:00,1.7657233,1,0
2010-03-28 23:00:00,1.7148851,1,0
2010-03-29 00:00:00,1.6539197,0,0
2010-03-29 01:00:00,1.6009443,0,0
2010-03-29 02:00:00,1.5747435,0,0
2010-03-29 03:00:00,1.5813466,0,0
2010-03-29 04:00:00,1.5821097,0,0
2010-03-29 05:00:00,1.5686282,0,0
2010-03-29 06:00:00,1.548723,0,0
2010-03-29 07:00:00,1.4592526,0,0
2010-03-29 08:00:00,1.4823561,0,0
2010-03-29 09:00:00,1.5274163,0,0
2010-03-29 10:00:00,1.6127539,0,0
2010-03-29 11:00:00,1.7671599,0,0
2010-03-29 12:00:00,1.8839831,0,0
2010-03-29 13:00:00,1.9911255,0,0
2010-03-29 14:00:00,2.0621443,0,0
2010-03-29 15:00:00,2.020186,0,0
2010-03-29 16:00:00,1.955432,0,0
2010-03-29 17:00:00,1.8114396,0,0
2010-03-29 18:00:00,1.6098214,0,0
2010-03-29 19:00:00,1.3636949,0,0
2010-03-29 20:00:00,1.1556062,0,0
2010-03-29 21:00:00,1.0213176,0,0
2010-03-29 22:00:00,0.8927405,0,0
2010-03-29 23:00:00,0.7881518,0,0
2010-03-30 00:00:00,0.7254321,0,0
2010-03-30 01:00:00,0.653819,0,0
2010-03-30 02:00:00,0.60554475,0,0
2010-03-30 03:00:00,0.5774609,0,0
2010-03-30 04:00:00,0.56447184,0,0
2010-03-30 05:00:00,0.47451198,0,0
2010-03-30 06:00:00,0.4175161,0,0
2010-03-30 07:00:00,0.33906463,0,0
2010-03-30 08:00:00,0.37436888,0,0
2010-03-30 09:00:00,0.51996595,0,0
2010-03-30 10:00:00,0.67035145,0,0
2010-03-30 11:00:00,0.8392845,0,0
2010-03-30 12:00:00,1.0770315,0,0
2010-03-30 13:00:00,1.2810276,0,0
2010-03-30 14:00:00,1.4259446,0,0
2010-03-30 15:00:00,1.4665426,0,0
2010-03-30 16:00:00,1.4212866,0,0
2010-03-30 17:00:00,1.390203,0,0
2010-03-30 18:00:00,1.2437676,0,0
2010-03-30 19:00:00,1.0119526,0,0
2010-03-30 20:00:00,0.8359912,0,0
2010-03-30 21:00:00,0.6975615,0,0
2010-03-30 22:00:00,0.59227973,0,0
2010-03-30 23:00:00,0.50984675,0,0
2010-03-31 00:00:00,0.44102082,0,0
2010-03-31 01:00:00,0.37978885,0,0
2010-03-31 02:00:00,0.3194733,0,0
2010-03-31 03:00:00,0.24053226,0,0
2010-03-31 04:00:00,0.15500715,0,0
2010-03-31 05:00:00,0.017846342,0,0
2010-03-31 06:00:00,-0.07805995,0,0
2010-03-31 07:00:00,-0.1799009,0,0
2010-03-31 08:00:00,-0.09285184,0,0
2010-03-31 09:00:00,0.26972103,0,0
2010-03-31 10:00:00,0.64299935,0,0
2010-03-31 11:00:00,0.9595608,0,0
2010-03-31 12:00:00,1.2032669,0,0
2010-03-31 13:00:00,1.4719007,0,0
2010-03-31 14:00:00,1.6856362,0,0
2010-03-31 15:00:00,1.7658575,0,0
2010-03-31 16:00:00,1.7751306,0,0
2010-03-31 17:00:00,1.7656944,0,0
2010-03-31 18:00:00,1.6917906,0,0
2010-03-31 19:00:00,1.4351184,0,0
2010-03-31 20:00:00,1.1820754,0,0
2010-03-31 21:00:00,0.95480597,0,0
2010-03-31 22:00:00,0.7921771,0,0
2010-03-31 23:00:00,0.68502426,0,0
2010-04-01 00:00:00,0.59435964,0,0
2010-04-01 01:00:00,0.51450276,0,0
2010-04-01 02:00:00,0.4355618,0,0
2010-04-01 03:00:00,0.37573558,0,0
2010-04-01 04:00:00,0.32746103,0,0
2010-04-01 05:00:00,0.20775539,0,0
2010-04-01 06:00:00,0.14448054,0,0
2010-04-01 07:00:00,0.11029012,0,0
2010-04-01 08:00:00,0.2335138,0,0
2010-04-01 09:00:00,0.66368204,0,0
2010-04-01 10:00:00,1.0400091,0,0
2010-04-01 11:00:00,1.3908623,0,0
2010-04-01 12:00:00,1.6881223,0,0
2010-04-01 13:00:00,1.9736273,0,0
2010-04-01 14:00:00,2.2254517,0,0
2010-04-01 15:00:00,2.3576856,0,0
2010-04-01 16:00:00,2.3536065,0,0
2010-04-01 17:00:00,2.2695916,0,0
2010-04-01 18:00:00,2.0740097,0,0
2010-04-01 19:00:00,1.6497818,0,0
2010-04-01 20:00:00,1.3195453,0,0
2010-04-01 21:00:00,1.072257,0,0
2010-04-01 22:00:00,0.88802737,0,0
2010-04-01 23:00:00,0.77467376,0,0
2010-04-02 00:00:00,0.7084745,0,1
2010-04-02 01:00:00,0.65596414,0,1
2010-04-02 02:00:00,0.605114,0,1
2010-04-02 03:00:00,0.5476793,0,1
2010-04-02 04:00:00,0.49116075,0,1
2010-04-02 05:00:00,0.4138797,0,1
2010-04-02 06:00:00,0.33215168,0,1
2010-04-02 07:00:00,0.25841364,0,1
2010-04-02 08:00:00,0.31507906,0,1
2010-04-02 09:00:00,0.5817944,0,1
2010-04-02 10:00:00,0.9424984,0,1
2010-04-02 11:00:00,1.2927555,0,1
2010-04-02 12:00:00,1.604655,0,1
2010-04-02 13:00:00,1.8636109,0,1
2010-04-02 14:00:00,2.0771232,0,1
2010-04-02 15:00:00,2.1816034,0,1
2010-04-02 16:00:00,2.1642778,0,1
2010-04-02 17:00:00,2.0610192,0,1
2010-04-02 18:00:00,1.817406,0,1
2010-04-02 19:00:00,1.5002943,0,1
2010-04-02 20:00:00,1.256588,0,1
2010-04-02 21:00:00,1.0918562,0,1
2010-04-02 22:00:00,0.9739615,0,1
2010-04-02 23:00:00,0.8755258,0,1
2010-04-03 00:00:00,0.7487767,1,1
2010-04-03 01:00:00,0.59032816,1,1
2010-04-03 02:00:00,0.45373452,1,1
2010-04-03 03:00:00,0.35675237,1,1
2010-04-03 04:00:00,0.28358597,1,1
2010-04-03 05:00:00,0.1576956,1,1
2010-04-03 06:00:00,0.07767872,1,1
2010-04-03 07:00:00,-0.014602699,1,1
2010-04-03 08:00:00,-0.009220904,1,1
2010-04-03 09:00:00,0.16863488,1,1
2010-04-03 10:00:00,0.49024418,1,1
2010-04-03 11:00:00,0.83188444,1,1
2010-04-03 12:00:00,1.1828424,1,1
2010-04-03 13:00:00,1.4808687,1,1
2010-04-03 14:00:00,1.7084963,1,1
2010-04-03 15:00:00,1.8433373,1,1
2010-04-03 16:00:00,1.8572769,1,1
2010-04-03 17:00:00,1.7576555,1,1
2010-04-03 18:00:00,1.4868556,1,1
2010-04-03 19:00:00,1.1241041,1,1
2010-04-03 20:00:00,0.8453745,1,1
2010-04-03 21:00:00,0.66886795,1,1
2010-04-03 22:00:00,0.5689489,1,1
2010-04-03 23:00:00,0.511389,1,1
2010-04-04 00:00:00,0.4573088,1,0
2010-04-04 01:00:00,0.4102512,1,0
2010-04-04 02:00:00,0.28664356,1,0
2010-04-04 03:00:00,0.17170592,1,0
2010-04-04 04:00:00,0.097717956,1,0
2010-04-04 05:00:00,0.008885253,1,0
2010-04-04 06:00:00,-0.03288729,1,0
2010-04-04 07:00:00,0.053180043,1,0
2010-04-04 08:00:00,0.4010581,1,0
2010-04-04 09:00:00,0.8584317,1,0
2010-04-04 10:00:00,1.34367,1,0
2010-04-04 11:00:00,1.726745,1,0
2010-04-04 12:00:00,2.0773966,1,0
2010-04-04 13:00:00,2.319932,1,0
2010-04-04 14:00:00,2.443922,1,0
2010-04-04 15:00:00,2.4319942,1,0
2010-04-04 16:00:00,2.2412727,1,0
2010-04-04 17:00:00,2.1536636,1,0
2010-04-04 18:00:00,1.9044747,1,0
2010-04-04 19:00:00,1.6261282,1,0
2010-04-04 20:00:00,1.3755324,1,0
2010-04-04 21:00:00,1.1898104,1,0
2010-04-04 22:00:00,1.0662434,1,0
2010-04-04 23:00:00,0.9883594,1,0
2010-04-05 00:00:00,0.9287053,0,1
2010-04-05 01:00:00,0.89186907,0,1
2010-04-05 02:00:00,0.84325796,0,1
2010-04-05 03:00:00,0.7704359,0,1
2010-04-05 04:00:00,0.69800884,0,1
2010-04-05 05:00:00,0.6480045,0,1
2010-04-05 06:00:00,0.5963401,0,1
2010-04-05 07:00:00,0.67530257,0,1
2010-04-05 08:00:00,1.0599107,0,1
2010-04-05 09:00:00,1.4858347,0,1
2010-04-05 10:00:00,1.7406027,0,1
2010-04-05 11:00:00,2.0170224,0,1
2010-04-05 12:00:00,2.2831628,0,1
2010-04-05 13:00:00,2.4638877,0,1
2010-04-05 14:00:00,2.559232,0,1
2010-04-05 15:00:00,2.505211,0,1
2010-04-05 16:00:00,2.326531,0,1
2010-04-05 17:00:00,2.2724738,0,1
2010-04-05 18:00:00,2.103067,0,1
2010-04-05 19:00:00,1.8984777,0,1
2010-04-05 20:00:00,1.8166529,0,1
2010-04-05 21:00:00,1.9838177,0,1
2010-04-05 22:00:00,1.9194461,0,1
2010-04-05 23:00:00,1.8071969,0,1
2010-04-06 00:00:00,1.6807693,0,0
2010-04-06 01:00:00,1.6073368,0,0
2010-04-06 02:00:00,1.6061568,0,0
2010-04-06 03:00:00,1.5936612,0,0
2010-04-06 04:00:00,1.5407801,0,0
2010-04-06 05:00:00,1.5289956,0,0
2010-04-06 06:00:00,1.4874774,0,0
2010-04-06 07:00:00,1.5225317,0,0
2010-04-06 08:00:00,1.6137118,0,0
2010-04-06 09:00:00,1.6524817,0,0
2010-04-06 10:00:00,1.6639042,0,0
2010-04-06 11:00:00,1.778736,0,0
2010-04-06 12:00:00,1.7774309,0,0
2010-04-06 13:00:00,1.7574677,0,0
2010-04-06 14:00:00,1.9587328,0,0
2010-04-06 15:00:00,1.9767884,0,0
2010-04-06 16:00:00,1.6588387,0,0
2010-04-06 17:00:00,1.53398,0,0
2010-04-06 18:00:00,1.3757381,0,0
2010-04-06 19:00:00,1.2442367,0,0
2010-04-06 20:00:00,1.1250428,0,0
2010-04-06 21:00:00,1.0441755,0,0
2010-04-06 22:00:00,1.0201944,0,0
2010-04-06 23:00:00,1.0240927,0,0
2010-04-07 00:00:00,1.0333538,0,0
2010-04-07 01:00:00,1.0290205,0,0
2010-04-07 02:00:00,1.0422198,0,0
2010-04-07 03:00:00,1.0154638,0,0
2010-04-07 04:00:00,0.99536985,0,0
2010-04-07 05:00:00,0.99068767,0,0
2010-04-07 06:00:00,0.96052974,0,0
2010-04-07 07:00:00,1.0290334,0,0
2010-04-07 08:00:00,1.1107726,0,0
2010-04-07 09:00:00,1.1825258,0,0
2010-04-07 10:00:00,1.3049107,0,0
2010-04-07 11:00:00,1.3845876,0,0
2010-04-07 12:00:00,1.5004618,0,0
2010-04-07 13:00:00,1.5844992,0,0
2010-04-07 14:00:00,1.6209747,0,0
2010-04-07 15:00:00,1.6275787,0,0
2010-04-07 16:00:00,1.544356,0,0
2010-04-07 17:00:00,1.4511744,0,0
2010-04-07 18:00:00,1.3670624,0,0
2010-04-07 19:00:00,1.3443614,0,0
2010-04-07 20:00:00,1.2961498,0,0
2010-04-07 21:00:00,1.2559282,0,0
2010-04-07 22:00:00,1.2093766,0,0
2010-04-07 23:00:00,1.1799628,0,0
2010-04-08 00:00:00,1.1543459,0,0
2010-04-08 01:00:00,1.1227946,0,0
2010-04-08 02:00:00,1.0689154,0,0
2010-04-08 03:00:00,1.0121546,0,0
2010-04-08 04:00:00,0.99756855,0,0
2010-04-08 05:00:00,0.93256366,0,0
2010-04-08 06:00:00,0.85273105,0,0
2010-04-08 07:00:00,0.87037736,0,0
2010-04-08 08:00:00,0.9852645,0,0
2010-04-08 09:00:00,1.1735069,0,0
2010-04-08 10:00:00,1.392723,0,0
2010-04-08 11:00:00,1.5686162,0,0
2010-04-08 12:00:00,1.7111417,0,0
2010-04-08 13:00:00,1.7779715,0,0
2010-04-08 14:00:00,1.803526,0,0
2010-04-08 15:00:00,1.7730981,0,0
2010-04-08 16:00:00,1.8060054,0,0
2010-04-08 17:00:00,1.6895704,0,0
2010-04-08 18:00:00,1.4859916,0,0
2010-04-08 19:00:00,1.3411618,0,0
2010-04-08 20:00:00,1.2344167,0,0
2010-04-08 21:00:00,1.1351082,0,0
2010-04-08 22:00:00,1.0483309,0,0
2010-04-08 23:00:00,0.9959226,0,0
2010-04-09 00:00:00,0.9636272,0,0
2010-04-09 01:00:00,0.9479024,0,0
2010-04-09 02:00:00,0.9594582,0,0
2010-04-09 03:00:00,0.9236878,0,0
2010-04-09 04:00:00,1.0078797,0,0
2010-04-09 05:00:00,1.0144051,0,0
2010-04-09 06:00:00,1.0164179,0,0
2010-04-09 07:00:00,1.0406481,0,0
2010-04-09 08:00:00,1.1148195,0,0
2010-04-09 09:00:00,1.1992903,0,0
2010-04-09 10:00:00,1.4165251,0,0
2010-04-09 11:00:00,1.6100909,0,0
2010-04-09 12:00:00,1.6732848,0,0
2010-04-09 13:00:00,1.6998627,0,0
2010-04-09 14:00:00,1.7576069,0,0
2010-04-09 15:00:00,1.6925176,0,0
2010-04-09 16:00:00,1.5969564,0,0
2010-04-09 17:00:00,1.4111379,0,0
2010-04-09 18:00:00,1.2107333,0,0
2010-04-09 19:00:00,1.1003509,0,0
2010-04-09 20:00:00,0.9790316,0,0
2010-04-09 21:00:00,0.91755766,0,0
2010-04-09 22:00:00,0.8377129,0,0
2010-04-09 23:00:00,0.7802906,0,0
2010-04-10 00:00:00,0.7322512,1,0
2010-04-10 01:00:00,0.6778823,1,0
2010-04-10 02:00:00,0.61757874,1,0
2010-04-10 03:00:00,0.5756463,1,0
2010-04-10 04:00:00,0.4861639,1,0
2010-04-10 05:00:00,0.45263502,1,0
2010-04-10 06:00:00,0.39132124,1,0
2010-04-10 07:00:00,0.48734352,1,0
2010-04-10 08:00:00,0.67027646,1,0
2010-04-10 09:00:00,0.8069055,1,0
2010-04-10 10:00:00,0.95043606,1,0
2010-04-10 11:00:00,1.002461,1,0
2010-04-10 12:00:00,1.0895174,1,0
2010-04-10 13:00:00,1.0679017,1,0
2010-04-10 14:00:00,1.2421888,1,0
2010-04-10 15:00:00,1.2115076,1,0
2010-04-10 16:00:00,1.2026051,1,0
2010-04-10 17:00:00,1.0930132,1,0
2010-04-10 18:00:00,0.87953484,1,0
2010-04-10 19:00:00,0.758771,1,0
2010-04-10 20:00:00,0.69498765,1,0
2010-04-10 21:00:00,0.5999827,1,0
2010-04-10 22:00:00,0.55738854,1,0
2010-04-10 23:00:00,0.46772966,1,0
2010-04-11 00:00:00,0.3746224,1,0
2010-04-11 01:00:00,0.31166068,1,0
2010-04-11 02:00:00,0.26108885,1,0
2010-04-11 03:00:00,0.17772976,1,0
2010-04-11 04:00:00,0.05430036,1,0
2010-04-11 05:00:00,-0.08052079,1,0
2010-04-11 06:00:00,-0.22240372,1,0
2010-04-11 07:00:00,-0.2574078,1,0
2010-04-11 08:00:00,-0.15696126,1,0
2010-04-11 09:00:00,-0.0957451,1,0
2010-04-11 10:00:00,-0.022225656,1,0
2010-04-11 11:00:00,0.077009246,1,0
2010-04-11 12:00:00,0.09863453,1,0
2010-04-11 13:00:00,0.0922977,1,0
2010-04-11 14:00:00,0.006894526,1,0
2010-04-11 15:00:00,-0.07292284,1,0
2010-04-11 16:00:00,-0.064006954,1,0
2010-04-11 17:00:00,-0.15430741,1,0
2010-04-11 18:00:00,-0.29997522,1,0
2010-04-11 19:00:00,-0.42675123,1,0
2010-04-11 20:00:00,-0.54493487,1,0
2010-04-11 21:00:00,-0.63699305,1,0
2010-04-11 22:00:00,-0.7309341,1,0
2010-04-11 23:00:00,-0.8256193,1,0
2010-04-12 00:00:00,-0.9299418,0,0
2010-04-12 01:00:00,-1.0104483,0,0
2010-04-12 02:00:00,-1.1107972,0,0
2010-04-12 03:00:00,-1.1940082,0,0
2010-04-12 04:00:00,-1.374715,0,0
2010-04-12 05:00:00,-1.4838796,0,0
2010-04-12 06:00:00,-1.5095716,0,0
2010-04-12 07:00:00,-1.2752581,0,0
2010-04-12 08:00:00,-0.85105103,0,0
2010-04-12 09:00:00,-0.61299425,0,0
2010-04-12 10:00:00,-0.38334626,0,0
2010-04-12 11:00:00,-0.18079898,0,0
2010-04-12 12:00:00,0.008665434,0,0
2010-04-12 13:00:00,0.13224368,0,0
2010-04-12 14:00:00,0.18243577,0,0
2010-04-12 15:00:00,0.16099578,0,0
2010-04-12 16:00:00,0.0260544,0,0
2010-04-12 17:00:00,-0.12283569,0,0
2010-04-12 18:00:00,-0.3389452,0,0
2010-04-12 19:00:00,-0.5071132,0,0
2010-04-12 20:00:00,-0.6093297,0,0
2010-04-12 21:00:00,-0.6873036,0,0
2010-04-12 22:00:00,-0.73600453,0,0
2010-04-12 23:00:00,-0.8091833,0,0
2010-04-13 00:00:00,-0.8906056,0,0
2010-04-13 01:00:00,-0.93460566,0,0
2010-04-13 02:00:00,-1.0285469,0,0
2010-04-13 03:00:00,-1.1111907,0,0
2010-04-13 04:00:00,-1.221259,0,0
2010-04-13 05:00:00,-1.2946609,0,0
2010-04-13 06:00:00,-1.3660073,0,0
2010-04-13 07:00:00,-1.2702203,0,0
2010-04-13 08:00:00,-0.80122393,0,0
2010-04-13 09:00:00,-0.60777444,0,0
2010-04-13 10:00:00,-0.44679904,0,0
2010-04-13 11:00:00,-0.21868195,0,0
2010-04-13 12:00:00,-0.037336066,0,0
2010-04-13 13:00:00,0.1345956,0,0
2010-04-13 14:00:00,0.26864958,0,0
2010-04-13 15:00:00,0.30322632,0,0
2010-04-13 16:00:00,0.25815275,0,0
2010-04-13 17:00:00,0.1435888,0,0
2010-04-13 18:00:00,-0.056459133,0,0
2010-04-13 19:00:00,-0.22265002,0,0
2010-04-13 20:00:00,-0.35534406,0,0
2010-04-13 21:00:00,-0.4685912,0,0
2010-04-13 22:00:00,-0.56204283,0,0
2010-04-13 23:00:00,-0.64280367,0,0
2010-04-14 00:00:00,-0.706333,0,0
2010-04-14 01:00:00,-0.7785954,0,0
2010-04-14 02:00:00,-0.8384215,0,0
2010-04-14 03:00:00,-0.93301237,0,0
2010-04-14 04:00:00,-1.0349311,0,0
2010-04-14 05:00:00,-1.0942365,0,0
2010-04-14 06:00:00,-1.1394577,0,0
2010-04-14 07:00:00,-1.0872822,0,0
2010-04-14 08:00:00,-0.7209284,0,0
2010-04-14 09:00:00,-0.41543847,0,0
2010-04-14 10:00:00,-0.15555206,0,0
2010-04-14 11:00:00,0.08033163,0,0
2010-04-14 12:00:00,0.27901587,0,0
2010-04-14 13:00:00,0.42890832,0,0
2010-04-14 14:00:00,0.5147976,0,0
2010-04-14 15:00:00,0.5348007,0,0
2010-04-14 16:00:00,0.5015917,0,0
2010-04-14 17:00:00,0.38572863,0,0
2010-04-14 18:00:00,0.13278003,0,0
2010-04-14 19:00:00,-0.08112021,0,0
2010-04-14 20:00:00,-0.25337428,0,0
2010-04-14 21:00:00,-0.39018318,0,0
2010-04-14 22:00:00,-0.49706963,0,0
2010-04-14 23:00:00,-0.5827666,0,0
2010-04-15 00:00:00,-0.65742075,0,0
2010-04-15 01:00:00,-0.7429461,0,0
2010-04-15 02:00:00,-0.8197375,0,0
2010-04-15 03:00:00,-0.9014655,0,0
2010-04-15 04:00:00,-1.0218371,0,0
2010-04-15 05:00:00,-1.0908743,0,0
2010-04-15 06:00:00,-1.1415406,0,0
2010-04-15 07:00:00,-1.0803772,0,0
2010-04-15 08:00:00,-0.6960478,0,0
2010-04-15 09:00:00,-0.3188047,0,0
2010-04-15 10:00:00,-0.01895869,0,0
2010-04-15 11:00:00,0.2557292,0,0
2010-04-15 12:00:00,0.492963,0,0
2010-04-15 13:00:00,0.6869687,0,0
2010-04-15 14:00:00,0.7889625,0,0
2010-04-15 15:00:00,0.80972165,0,0
2010-04-15 16:00:00,0.7273153,0,0
2010-04-15 17:00:00,0.5819249,0,0
2010-04-15 18:00:00,0.29542872,0,0
2010-04-15 19:00:00,0.05853416,0,0
2010-04-15 20:00:00,-0.12476734,0,0
2010-04-15 21:00:00,-0.23339559,0,0
2010-04-15 22:00:00,-0.32388818,0,0
2010-04-15 23:00:00,-0.39344615,0,0
2010-04-16 00:00:00,-0.45021883,0,0
2010-04-16 01:00:00,-0.5106945,0,0
2010-04-16 02:00:00,-0.5876583,0,0
2010-04-16 03:00:00,-0.65193117,0,0
2010-04-16 04:00:00,-0.7589462,0,0
2010-04-16 05:00:00,-0.7992312,0,0
2010-04-16 06:00:00,-0.8350692,0,0
2010-04-16 07:00:00,-0.77604324,0,0
2010-04-16 08:00:00,-0.4245952,0,0
2010-04-16 09:00:00,-0.05429716,0,0
2010-04-16 10:00:00,0.2769307,0,0
2010-04-16 11:00:00,0.4880661,0,0
2010-04-16 12:00:00,0.66374385,0,0
2010-04-16 13:00:00,0.80046815,0,0
2010-04-16 14:00:00,0.87279403,0,0
2010-04-16 15:00:00,0.86148095,0,0
2010-04-16 16:00:00,0.8503892,0,0
2010-04-16 17:00:00,0.82219535,0,0
2010-04-16 18:00:00,0.5377707,0,0
2010-04-16 19:00:00,0.26419738,0,0
2010-04-16 20:00:00,0.14038017,0,0
2010-04-16 21:00:00,0.07379352,0,0
2010-04-16 22:00:00,0.034342386,0,0
2010-04-16 23:00:00,-0.04697786,0,0
2010-04-17 00:00:00,-0.12171452,1,0
2010-04-17 01:00:00,-0.18152843,1,0
2010-04-17 02:00:00,-0.24365197,1,0
2010-04-17 03:00:00,-0.33552584,1,0
2010-04-17 04:00:00,-0.4761585,1,0
2010-04-17 05:00:00,-0.48604774,1,0
2010-04-17 06:00:00,-0.458592,1,0
2010-04-17 07:00:00,-0.34223366,1,0
2010-04-17 08:00:00,0.008921052,1,0
2010-04-17 09:00:00,0.5013868,1,0
2010-04-17 10:00:00,0.9092649,1,0
2010-04-17 11:00:00,1.2391479,1,0
2010-04-17 12:00:00,1.4410964,1,0
2010-04-17 13:00:00,1.504158,1,0
2010-04-17 14:00:00,1.5284643,1,0
2010-04-17 15:00:00,1.47121,1,0
2010-04-17 16:00:00,1.466457,1,0
2010-04-17 17:00:00,1.2970667,1,0
2010-04-17 18:00:00,1.2547586,1,0
2010-04-17 19:00:00,1.0420133,1,0
2010-04-17 20:00:00,0.7440294,1,0
2010-04-17 21:00:00,0.5503449,1,0
2010-04-17 22:00:00,0.5019332,1,0
2010-04-17 23:00:00,0.48811805,1,0
2010-04-18 00:00:00,0.42883688,1,0
2010-04-18 01:00:00,0.38182467,1,0
2010-04-18 02:00:00,0.30365598,1,0
2010-04-18 03:00:00,0.26286712,1,0
2010-04-18 04:00:00,0.4665218,1,0
2010-04-18 05:00:00,0.46109578,1,0
2010-04-18 06:00:00,0.44620457,1,0
2010-04-18 07:00:00,0.48090598,1,0
2010-04-18 08:00:00,0.76483226,1,0
2010-04-18 09:00:00,1.173758,1,0
2010-04-18 10:00:00,1.4656099,1,0
2010-04-18 11:00:00,1.6420709,1,0
2010-04-18 12:00:00,1.8241726,1,0
2010-04-18 13:00:00,1.8834367,1,0
2010-04-18 14:00:00,1.8831443,1,0
2010-04-18 15:00:00,1.834292,1,0
2010-04-18 16:00:00,1.8372217,1,0
2010-04-18 17:00:00,1.6865449,1,0
2010-04-18 18:00:00,1.4717629,1,0
2010-04-18 19:00:00,1.3365394,1,0
2010-04-18 20:00:00,1.2185789,1,0
2010-04-18 21:00:00,1.1349878,1,0
2010-04-18 22:00:00,1.0404602,1,0
2010-04-18 23:00:00,0.867983,1,0
2010-04-19 00:00:00,0.8006402,0,0
2010-04-19 01:00:00,0.6961125,0,0
2010-04-19 02:00:00,0.6160626,0,0
2010-04-19 03:00:00,0.48216203,0,0
2010-04-19 04:00:00,0.5314323,0,0
2010-04-19 05:00:00,0.4034947,0,0
2010-04-19 06:00:00,0.3577182,0,0
2010-04-19 07:00:00,0.39590377,0,0
2010-04-19 08:00:00,0.81554097,0,0
2010-04-19 09:00:00,1.1152786,0,0
2010-04-19 10:00:00,1.359954,0,0
2010-04-19 11:00:00,1.5150338,0,0
2010-04-19 12:00:00,1.6922816,0,0
2010-04-19 13:00:00,1.8393526,0,0
2010-04-19 14:00:00,1.8459808,0,0
2010-04-19 15:00:00,1.8803,0,0
2010-04-19 16:00:00,1.8128413,0,0
2010-04-19 17:00:00,1.6844594,0,0
2010-04-19 18:00:00,1.5033808,0,0
2010-04-19 19:00:00,1.3462557,0,0
2010-04-19 20:00:00,1.2075326,0,0
2010-04-19 21:00:00,1.0764041,0,0
2010-04-19 22:00:00,0.956827,0,0
2010-04-19 23:00:00,0.8656848,0,0
2010-04-20 00:00:00,0.76721483,0,0
2010-04-20 01:00:00,0.7171981,0,0
2010-04-20 02:00:00,0.64346004,0,0
2010-04-20 03:00:00,0.5555433,0,0
2010-04-20 04:00:00,0.4827255,0,0
2010-04-20 05:00:00,0.43140987,0,0
2010-04-20 06:00:00,0.38074353,0,0
2010-04-20 07:00:00,0.4237713,0,0
2010-04-20 08:00:00,0.79735845,0,0
2010-04-20 09:00:00,1.147876,0,0
2010-04-20 10:00:00,1.5156226,0,0
2010-04-20 11:00:00,1.8156917,0,0
2010-04-20 12:00:00,2.0383523,0,0
2010-04-20 13:00:00,2.225206,0,0
2010-04-20 14:00:00,2.3228476,0,0
2010-04-20 15:00:00,2.2737453,0,0
2010-04-20 16:00:00,2.2135117,0,0
2010-04-20 17:00:00,2.0172293,0,0
2010-04-20 18:00:00,1.7834735,0,0
2010-04-20 19:00:00,1.5844787,0,0
2010-04-20 20:00:00,1.404376,0,0
2010-04-20 21:00:00,1.2362511,0,0
2010-04-20 22:00:00,1.0874134,0,0
2010-04-20 23:00:00,0.9493832,0,0
2010-04-21 00:00:00,0.83189255,0,0
2010-04-21 01:00:00,0.7416664,0,0
2010-04-21 02:00:00,0.66107774,0,0
2010-04-21 03:00:00,0.61180514,0,0
2010-04-21 04:00:00,0.5196958,0,0
2010-04-21 05:00:00,0.46902978,0,0
2010-04-21 06:00:00,0.44208515,0,0
2010-04-21 07:00:00,0.51584464,0,0
2010-04-21 08:00:00,1.0212805,0,0
2010-04-21 09:00:00,1.5341688,0,0
2010-04-21 10:00:00,1.9109321,0,0
2010-04-21 11:00:00,2.1516235,0,0
2010-04-21 12:00:00,2.3116636,0,0
2010-04-21 13:00:00,2.406135,0,0
2010-04-21 14:00:00,2.429753,0,0
2010-04-21 15:00:00,2.3947186,0,0
2010-04-21 16:00:00,2.35186,0,0
2010-04-21 17:00:00,2.2437036,0,0
2010-04-21 18:00:00,2.089834,0,0
2010-04-21 19:00:00,1.7938051,0,0
2010-04-21 20:00:00,1.6090322,0,0
2010-04-21 21:00:00,1.5083938,0,0
2010-04-21 22:00:00,1.4334853,0,0
2010-04-21 23:00:00,1.374575,0,0
2010-04-22 00:00:00,1.3236547,0,0
2010-04-22 01:00:00,1.2742218,0,0
2010-04-22 02:00:00,1.2388734,0,0
2010-04-22 03:00:00,1.1901845,0,0
2010-04-22 04:00:00,1.1288829,0,0
2010-04-22 05:00:00,1.0842456,0,0
2010-04-22 06:00:00,1.0325034,0,0
2010-04-22 07:00:00,1.0822093,0,0
2010-04-22 08:00:00,1.4466654,0,0
2010-04-22 09:00:00,1.8449379,0,0
2010-04-22 10:00:00,2.1560977,0,0
2010-04-22 11:00:00,2.3828216,0,0
2010-04-22 12:00:00,2.5134823,0,0
2010-04-22 13:00:00,2.574777,0,0
2010-04-22 14:00:00,2.6286497,0,0
2010-04-22 15:00:00,2.600892,0,0
2010-04-22 16:00:00,2.5078812,0,0
2010-04-22 17:00:00,2.3444808,0,0
2010-04-22 18:00:00,2.0961344,0,0
2010-04-22 19:00:00,1.8895411,0,0
2010-04-22 20:00:00,1.7064118,0,0
2010-04-22 21:00:00,1.5737911,0,0
2010-04-22 22:00:00,1.4744949,0,0
2010-04-22 23:00:00,1.4318184,0,0
2010-04-23 00:00:00,1.4649588,0,0
2010-04-23 01:00:00,1.5462204,0,0
2010-04-23 02:00:00,1.5435977,0,0
2010-04-23 03:00:00,1.5176489,0,0
2010-04-23 04:00:00,1.5447602,0,0
2010-04-23 05:00:00,1.5090798,0,0
2010-04-23 06:00:00,1.525904,0,0
2010-04-23 07:00:00,1.5557368,0,0
2010-04-23 08:00:00,1.692741,0,0
2010-04-23 09:00:00,1.888488,0,0
2010-04-23 10:00:00,1.9136871,0,0
2010-04-23 11:00:00,2.0500782,0,0
2010-04-23 12:00:00,2.0431743,0,0
2010-04-23 13:00:00,1.9508935,0,0
2010-04-23 14:00:00,1.8481686,0,0
2010-04-23 15:00:00,1.7637082,0,0
2010-04-23 16:00:00,1.7325537,0,0
2010-04-23 17:00:00,1.66785,0,0
2010-04-23 18:00:00,1.6075934,0,0
2010-04-23 19:00:00,1.5801399,0,0
2010-04-23 20:00:00,1.5668656,0,0
2010-04-23 21:00:00,1.5539391,0,0
2010-04-23 22:00:00,1.530128,0,0
2010-04-23 23:00:00,1.5181075,0,0
2010-04-24 00:00:00,1.4949498,1,0
2010-04-24 01:00:00,1.4554596,1,0
2010-04-24 02:00:00,1.3932586,1,0
2010-04-24 03:00:00,1.3296638,1,0
2010-04-24 04:00:00,1.1953489,1,0
2010-04-24 05:00:00,1.0345908,1,0
2010-04-24 06:00:00,0.8566954,1,0
2010-04-24 07:00:00,0.802976,1,0
2010-04-24 08:00:00,0.8364604,1,0
2010-04-24 09:00:00,0.84120476,1,0
2010-04-24 10:00:00,0.9955743,1,0
2010-04-24 11:00:00,1.0664835,1,0
2010-04-24 12:00:00,1.1106806,1,0
2010-04-24 13:00:00,1.0563991,1,0
2010-04-24 14:00:00,0.9817503,1,0
2010-04-24 15:00:00,0.7971019,1,0
2010-04-24 16:00:00,0.576279,1,0
2010-04-24 17:00:00,0.42803085,1,0
2010-04-24 18:00:00,0.3176364,1,0
2010-04-24 19:00:00,0.22883809,1,0
2010-04-24 20:00:00,0.080504425,1,0
2010-04-24 21:00:00,-0.0095616765,1,0
2010-04-24 22:00:00,-0.02694668,1,0
2010-04-24 23:00:00,-0.044331625,1,0
2010-04-25 00:00:00,-0.08247927,1,1
2010-04-25 01:00:00,-0.124979086,1,1
2010-04-25 02:00:00,-0.20390347,1,1
2010-04-25 03:00:00,-0.22500798,1,1
2010-04-25 04:00:00,-0.28301862,1,1
2010-04-25 05:00:00,-0.26546243,1,1
2010-04-25 06:00:00,-0.28572848,1,1
2010-04-25 07:00:00,-0.27532813,1,1
2010-04-25 08:00:00,-0.09659991,1,1
2010-04-25 09:00:00,0.05896415,1,1
2010-04-25 10:00:00,0.21489671,1,1
2010-04-25 11:00:00,0.32869306,1,1
2010-04-25 12:00:00,0.4681887,1,1
2010-04-25 13:00:00,0.5500663,1,1
2010-04-25 14:00:00,0.5794925,1,1
2010-04-25 15:00:00,0.60137516,1,1
2010-04-25 16:00:00,0.56415486,1,1
2010-04-25 17:00:00,0.4253286,1,1
2010-04-25 18:00:00,0.24729095,1,1
2010-04-25 19:00:00,0.09089787,1,1
2010-04-25 20:00:00,-0.09110041,1,1
2010-04-25 21:00:00,-0.26219618,1,1
2010-04-25 22:00:00,-0.3971852,1,1
2010-04-25 23:00:00,-0.43221372,1,1
2010-04-26 00:00:00,-0.47901705,0,1
2010-04-26 01:00:00,-0.5286072,0,1
2010-04-26 02:00:00,-0.56641054,0,1
2010-04-26 03:00:00,-0.60766226,0,1
2010-04-26 04:00:00,-0.67741483,0,1
2010-04-26 05:00:00,-0.7205808,0,1
2010-04-26 06:00:00,-0.7562468,0,1
2010-04-26 07:00:00,-0.74179924,0,1
2010-04-26 08:00:00,-0.47292447,0,1
2010-04-26 09:00:00,-0.16779524,0,1
2010-04-26 10:00:00,0.07066684,0,1
2010-04-26 11:00:00,0.21143481,0,1
2010-04-26 12:00:00,0.35766754,0,1
2010-04-26 13:00:00,0.5081628,0,1
2010-04-26 14:00:00,0.5873269,0,1
2010-04-26 15:00:00,0.5200361,0,1
2010-04-26 16:00:00,0.54650885,0,1
2010-04-26 17:00:00,0.45896408,0,1
2010-04-26 18:00:00,0.36486617,0,1
2010-04-26 19:00:00,0.3061482,0,1
2010-04-26 20:00:00,0.27059639,0,1
2010-04-26 21:00:00,0.25523967,0,1
2010-04-26 22:00:00,0.33531895,0,1
2010-04-26 23:00:00,0.31578198,0,1
2010-04-27 00:00:00,0.25767875,0,0
2010-04-27 01:00:00,0.17906772,0,0
2010-04-27 02:00:00,0.1295571,0,0
2010-04-27 03:00:00,0.12213917,0,0
2010-04-27 04:00:00,0.09060451,0,0
2010-04-27 05:00:00,0.08491213,0,0
2010-04-27 06:00:00,0.048264425,0,0
2010-04-27 07:00:00,0.027188634,0,0
2010-04-27 08:00:00,0.050859343,0,0
2010-04-27 09:00:00,0.18619932,0,0
2010-04-27 10:00:00,0.3140168,0,0
2010-04-27 11:00:00,0.41390142,0,0
2010-04-27 12:00:00,0.4745701,0,0
2010-04-27 13:00:00,0.4616107,0,0
2010-04-27 14:00:00,0.3323028,0,0
2010-04-27 15:00:00,0.18815468,0,0
2010-04-27 16:00:00,-0.08350556,0,0
2010-04-27 17:00:00,-0.2901934,0,0
2010-04-27 18:00:00,-0.48820603,0,0
2010-04-27 19:00:00,-0.6277672,0,0
2010-04-27 20:00:00,-0.66717935,0,0
2010-04-27 21:00:00,-0.66322994,0,0
2010-04-27 22:00:00,-0.707261,0,0
2010-04-27 23:00:00,-0.83204514,0,0
2010-04-28 00:00:00,-0.90293086,0,0
2010-04-28 01:00:00,-0.90663123,0,0
2010-04-28 02:00:00,-0.8975466,0,0
2010-04-28 03:00:00,-0.8454368,0,0
2010-04-28 04:00:00,-0.9104983,0,0
2010-04-28 05:00:00,-0.9049833,0,0
2010-04-28 06:00:00,-0.85126907,0,0
2010-04-28 07:00:00,-0.7436443,0,0
2010-04-28 08:00:00,-0.42525008,0,0
2010-04-28 09:00:00,-0.1936629,0,0
2010-04-28 10:00:00,-0.045496926,0,0
2010-04-28 11:00:00,0.17264113,0,0
2010-04-28 12:00:00,0.24465393,0,0
2010-04-28 13:00:00,0.32276106,0,0
2010-04-28 14:00:00,0.39837015,0,0
2010-04-28 15:00:00,0.39994344,0,0
2010-04-28 16:00:00,0.45185763,0,0
2010-04-28 17:00:00,0.43950653,0,0
2010-04-28 18:00:00,0.3769134,0,0
2010-04-28 19:00:00,0.37861228,0,0
2010-04-28 20:00:00,0.36573723,0,0
2010-04-28 21:00:00,0.34100533,0,0
2010-04-28 22:00:00,0.29641464,0,0
2010-04-28 23:00:00,0.2697054,0,0
2010-04-29 00:00:00,0.25198388,0,0
2010-04-29 01:00:00,0.22092229,0,0
2010-04-29 02:00:00,0.19060451,0,0
2010-04-29 03:00:00,0.21837752,0,0
2010-04-29 04:00:00,0.11604029,0,0
2010-04-29 05:00:00,0.08060948,0,0
2010-04-29 06:00:00,-0.00615591,0,0
2010-04-29 07:00:00,-0.08328381,0,0
2010-04-29 08:00:00,-0.04434675,0,0
2010-04-29 09:00:00,-0.026608787,0,0
2010-04-29 10:00:00,0.08140277,0,0
2010-04-29 11:00:00,0.20446596,0,0
2010-04-29 12:00:00,0.3149671,0,0
2010-04-29 13:00:00,0.33507335,0,0
2010-04-29 14:00:00,0.27179503,0,0
2010-04-29 15:00:00,0.22451521,0,0
2010-04-29 16:00:00,0.33895075,0,0
2010-04-29 17:00:00,0.24738531,0,0
2010-04-29 18:00:00,0.1523714,0,0
2010-04-29 19:00:00,0.087801166,0,0
2010-04-29 20:00:00,0.0035603791,0,0
2010-04-29 21:00:00,-0.069382824,0,0
2010-04-29 22:00:00,-0.12963542,0,0
2010-04-29 23:00:00,-0.20916289,0,0
2010-04-30 00:00:00,-0.29881725,0,0
2010-04-30 01:00:00,-0.34215543,0,0
2010-04-30 02:00:00,-0.40223593,0,0
2010-04-30 03:00:00,-0.45215812,0,0
2010-04-30 04:00:00,-0.54543763,0,0
2010-04-30 05:00:00,-0.63096285,0,0
2010-04-30 06:00:00,-0.6898728,0,0
2010-04-30 07:00:00,-0.6652162,0,0
2010-04-30 08:00:00,-0.4433071,0,0
2010-04-30 09:00:00,-0.2258428,0,0
2010-04-30 10:00:00,-0.004518201,0,0
2010-04-30 11:00:00,0.22964264,0,0
2010-04-30 12:00:00,0.4147859,0,0
2010-04-30 13:00:00,0.5738035,0,0
2010-04-30 14:00:00,0.64538544,0,0
2010-04-30 15:00:00,0.63079596,0,0
2010-04-30 16:00:00,0.6146346,0,0
2010-04-30 17:00:00,0.48522615,0,0
2010-04-30 18:00:00,0.30097732,0,0
2010-04-30 19:00:00,-0.04898023,0,0
2010-04-30 20:00:00,-0.2561097,0,0
2010-04-30 21:00:00,-0.31993818,0,0
2010-04-30 22:00:00,-0.34940308,0,0
2010-04-30 23:00:00,-0.36774293,0,0
2010-05-01 00:00:00,-0.38419968,1,0
2010-05-01 01:00:00,-0.40445375,1,0
2010-05-01 02:00:00,-0.41367695,1,0
2010-05-01 03:00:00,-0.40872154,1,0
2010-05-01 04:00:00,-0.4508097,1,0
2010-05-01 05:00:00,-0.4809676,1,0
2010-05-01 06:00:00,-0.49259457,1,0
2010-05-01 07:00:00,-0.46744835,1,0
2010-05-01 08:00:00,-0.16991098,1,0
2010-05-01 09:00:00,0.17344008,1,0
2010-05-01 10:00:00,0.50416344,1,0
2010-05-01 11:00:00,0.7747876,1,0
2010-05-01 12:00:00,0.9822592,1,0
2010-05-01 13:00:00,1.1095058,1,0
2010-05-01 14:00:00,1.1647718,1,0
2010-05-01 15:00:00,1.1481392,1,0
2010-05-01 16:00:00,1.0520917,1,0
2010-05-01 17:00:00,0.85838556,1,0
2010-05-01 18:00:00,0.64499265,1,0
2010-05-01 19:00:00,0.47080794,1,0
2010-05-01 20:00:00,0.3282053,1,0
2010-05-01 21:00:00,0.21792935,1,0
2010-05-01 22:00:00,0.10725801,1,0
2010-05-01 23:00:00,0.01587799,1,0
2010-05-02 00:00:00,-0.026105516,1,0
2010-05-02 01:00:00,-0.030538086,1,0
2010-05-02 02:00:00,-0.21656236,1,0
2010-05-02 03:00:00,-0.33902183,1,0
2010-05-02 04:00:00,-0.20980415,1,0
2010-05-02 05:00:00,-0.07365015,1,0
2010-05-02 06:00:00,0.004933696,1,0
2010-05-02 07:00:00,0.038034987,1,0
2010-05-02 08:00:00,0.08885341,1,0
2010-05-02 09:00:00,0.1801254,1,0
2010-05-02 10:00:00,0.31970325,1,0
2010-05-02 11:00:00,0.47064152,1,0
2010-05-02 12:00:00,0.5704559,1,0
2010-05-02 13:00:00,0.63244367,1,0
2010-05-02 14:00:00,0.6259815,1,0
2010-05-02 15:00:00,0.5311329,1,0
2010-05-02 16:00:00,0.3765705,1,0
2010-05-02 17:00:00,0.19014114,1,0
2010-05-02 18:00:00,-0.02896641,1,0
2010-05-02 19:00:00,-0.17675936,1,0
2010-05-02 20:00:00,-0.303269,1,0
2010-05-02 21:00:00,-0.38956904,1,0
2010-05-02 22:00:00,-0.48401895,1,0
2010-05-02 23:00:00,-0.54903567,1,0
2010-05-03 00:00:00,-0.63598543,0,0
2010-05-03 01:00:00,-0.669514,0,0
2010-05-03 02:00:00,-0.7322213,0,0
2010-05-03 03:00:00,-0.73560435,0,0
2010-05-03 04:00:00,-0.78552663,0,0
2010-05-03 05:00:00,-0.7308964,0,0
2010-05-03 06:00:00,-0.6670239,0,0
2010-05-03 07:00:00,-0.5617085,0,0
2010-05-03 08:00:00,-0.21862578,0,0
2010-05-03 09:00:00,0.24145038,0,0
2010-05-03 10:00:00,0.6172522,0,0
2010-05-03 11:00:00,0.82732636,0,0
2010-05-03 12:00:00,0.9773952,0,0
2010-05-03 13:00:00,1.0542231,0,0
2010-05-03 14:00:00,1.0720665,0,0
2010-05-03 15:00:00,1.0587103,0,0
2010-05-03 16:00:00,1.0482893,0,0
2010-05-03 17:00:00,0.8284187,0,0
2010-05-03 18:00:00,0.6293887,0,0
2010-05-03 19:00:00,0.507862,0,0
2010-05-03 20:00:00,0.4294692,0,0
2010-05-03 21:00:00,0.35710543,0,0
2010-05-03 22:00:00,0.311611,0,0
2010-05-03 23:00:00,0.23646031,0,0
2010-05-04 00:00:00,0.14812924,0,0
2010-05-04 01:00:00,0.13370092,0,0
2010-05-04 02:00:00,0.17274874,0,0
2010-05-04 03:00:00,0.24433433,0,0
2010-05-04 04:00:00,0.3516044,0,0
2010-05-04 05:00:00,0.46292645,0,0
2010-05-04 06:00:00,0.48294935,0,0
2010-05-04 07:00:00,0.4000633,0,0
2010-05-04 08:00:00,0.3405281,0,0
2010-05-04 09:00:00,0.20035021,0,0
2010-05-04 10:00:00,0.03925593,0,0
2010-05-04 11:00:00,-0.12441427,0,0
2010-05-04 12:00:00,-0.16945396,0,0
2010-05-04 13:00:00,-0.1361663,0,0
2010-05-04 14:00:00,-0.15552469,0,0
2010-05-04 15:00:00,-0.11603231,0,0
2010-05-04 16:00:00,-0.34517115,0,0
2010-05-04 17:00:00,-0.52651167,0,0
2010-05-04 18:00:00,-0.76155984,0,0
2010-05-04 19:00:00,-0.8345973,0,0
2010-05-04 20:00:00,-0.8723618,0,0
2010-05-04 21:00:00,-0.897913,0,0
2010-05-04 22:00:00,-0.9181791,0,0
2010-05-04 23:00:00,-0.97469765,0,0
2010-05-05 00:00:00,-0.99670565,0,0
2010-05-05 01:00:00,-1.0056747,0,0
2010-05-05 02:00:00,-1.0265903,0,0
2010-05-05 03:00:00,-1.0274873,0,0
2010-05-05 04:00:00,-1.0433888,0,0
2010-05-05 05:00:00,-1.0464232,0,0
2010-05-05 06:00:00,-1.0266397,0,0
2010-05-05 07:00:00,-1.0053687,0,0
2010-05-05 08:00:00,-0.8395972,0,0
2010-05-05 09:00:00,-0.72123283,0,0
2010-05-05 10:00:00,-0.56901556,0,0
2010-05-05 11:00:00,-0.4417842,0,0
2010-05-05 12:00:00,-0.3789004,0,0
2010-05-05 13:00:00,-0.36143324,0,0
2010-05-05 14:00:00,-0.4129878,0,0
2010-05-05 15:00:00,-0.4109882,0,0
2010-05-05 16:00:00,-0.3526187,0,0
2010-05-05 17:00:00,-0.41169757,0,0
2010-05-05 18:00:00,-0.4635772,0,0
2010-05-05 19:00:00,-0.51248145,0,0
2010-05-05 20:00:00,-0.53483385,0,0
2010-05-05 21:00:00,-0.5697993,0,0
2010-05-05 22:00:00,-0.5988179,0,0
2010-05-05 23:00:00,-0.6455581,0,0
2010-05-06 00:00:00,-0.6885011,0,0
2010-05-06 01:00:00,-0.6850335,0,0
2010-05-06 02:00:00,-0.6965659,0,0
2010-05-06 03:00:00,-0.68122935,0,0
2010-05-06 04:00:00,-0.7040593,0,0
2010-05-06 05:00:00,-0.73561054,0,0
2010-05-06 06:00:00,-0.80773216,0,0
2010-05-06 07:00:00,-0.83763576,0,0
2010-05-06 08:00:00,-0.5185799,0,0
2010-05-06 09:00:00,-0.21966967,0,0
2010-05-06 10:00:00,-0.039419495,0,0
2010-05-06 11:00:00,0.078370616,0,0
2010-05-06 12:00:00,0.1928921,0,0
2010-05-06 13:00:00,0.24274865,0,0
2010-05-06 14:00:00,0.24621709,0,0
2010-05-06 15:00:00,0.22485918,0,0
2010-05-06 16:00:00,0.3434136,0,0
2010-05-06 17:00:00,0.24268855,0,0
2010-05-06 18:00:00,0.12006153,0,0
2010-05-06 19:00:00,0.018635891,0,0
2010-05-06 20:00:00,-0.113330826,0,0
2010-05-06 21:00:00,-0.18200406,0,0
2010-05-06 22:00:00,-0.27859104,0,0
2010-05-06 23:00:00,-0.34155264,0,0
2010-05-07 00:00:00,-0.36634782,0,0
2010-05-07 01:00:00,-0.41347116,0,0
2010-05-07 02:00:00,-0.42103434,0,0
2010-05-07 03:00:00,-0.47426417,0,0
2010-05-07 04:00:00,-0.4388309,0,0
2010-05-07 05:00:00,-0.49008346,0,0
2010-05-07 06:00:00,-0.5112536,0,0
2010-05-07 07:00:00,-0.5003635,0,0
2010-05-07 08:00:00,-0.20037153,0,0
2010-05-07 09:00:00,0.09766118,0,0
2010-05-07 10:00:00,0.21105821,0,0
2010-05-07 11:00:00,0.34083426,0,0
2010-05-07 12:00:00,0.4151054,0,0
2010-05-07 13:00:00,0.47921813,0,0
2010-05-07 14:00:00,0.5589032,0,0
2010-05-07 15:00:00,0.55844563,0,0
2010-05-07 16:00:00,0.5576929,0,0
2010-05-07 17:00:00,0.45921132,0,0
2010-05-07 18:00:00,0.34482834,0,0
2010-05-07 19:00:00,0.23080625,0,0
2010-05-07 20:00:00,0.10360364,0,0
2010-05-07 21:00:00,0.00016614857,0,0
2010-05-07 22:00:00,-0.0637116,0,0
2010-05-07 23:00:00,-0.15131077,0,0
2010-05-08 00:00:00,-0.18906309,1,0
2010-05-08 01:00:00,-0.24849404,1,0
2010-05-08 02:00:00,-0.2918322,1,0
2010-05-08 03:00:00,-0.41272476,1,0
2010-05-08 04:00:00,-0.538513,1,0
2010-05-08 05:00:00,-0.664885,1,0
2010-05-08 06:00:00,-0.6983192,1,0
2010-05-08 07:00:00,-0.603213,1,0
2010-05-08 08:00:00,-0.09084282,1,0
2010-05-08 09:00:00,0.22209615,1,0
2010-05-08 10:00:00,0.44882232,1,0
2010-05-08 11:00:00,0.62454355,1,0
2010-05-08 12:00:00,0.7746168,1,0
2010-05-08 13:00:00,0.8535819,1,0
2010-05-08 14:00:00,0.8620423,1,0
2010-05-08 15:00:00,0.83502835,1,0
2010-05-08 16:00:00,0.7504383,1,0
2010-05-08 17:00:00,0.56692463,1,0
2010-05-08 18:00:00,0.39941376,1,0
2010-05-08 19:00:00,0.1035736,1,0
2010-05-08 20:00:00,-0.15702821,1,0
2010-05-08 21:00:00,-0.3458213,1,0
2010-05-08 22:00:00,-0.45179152,1,0
2010-05-08 23:00:00,-0.5630467,1,0
2010-05-09 00:00:00,-0.6251987,1,0
2010-05-09 01:00:00,-0.6973836,1,0
2010-05-09 02:00:00,-0.778462,1,0
2010-05-09 03:00:00,-0.8456161,1,0
2010-05-09 04:00:00,-0.9911807,1,0
2010-05-09 05:00:00,-1.0513242,1,0
2010-05-09 06:00:00,-1.066322,1,0
2010-05-09 07:00:00,-1.007136,1,0
2010-05-09 08:00:00,-0.6059354,1,0
2010-05-09 09:00:00,-0.19214682,1,0
2010-05-09 10:00:00,0.12405852,1,0
2010-05-09 11:00:00,0.39868045,1,0
2010-05-09 12:00:00,0.62561524,1,0
2010-05-09 13:00:00,0.77446276,1,0
2010-05-09 14:00:00,0.828653,1,0
2010-05-09 15:00:00,0.77022874,1,0
2010-05-09 16:00:00,0.78588957,1,0
2010-05-09 17:00:00,0.5919946,1,0
2010-05-09 18:00:00,0.35108286,1,0
2010-05-09 19:00:00,0.10230263,1,0
2010-05-09 20:00:00,-0.08052586,1,0
2010-05-09 21:00:00,-0.22425517,1,0
2010-05-09 22:00:00,-0.3288199,1,0
2010-05-09 23:00:00,-0.39836562,1,0
2010-05-10 00:00:00,-0.464858,0,0
2010-05-10 01:00:00,-0.50679046,0,0
2010-05-10 02:00:00,-0.5628073,0,0
2010-05-10 03:00:00,-0.6567242,0,0
2010-05-10 04:00:00,-0.7662909,0,0
2010-05-10 05:00:00,-0.8387956,0,0
2010-05-10 06:00:00,-0.92011607,0,0
2010-05-10 07:00:00,-0.9737456,0,0
2010-05-10 08:00:00,-0.76884514,0,0
2010-05-10 09:00:00,-0.46258488,0,0
2010-05-10 10:00:00,-0.18482451,0,0
2010-05-10 11:00:00,0.091244504,0,0
2010-05-10 12:00:00,0.30110747,0,0
2010-05-10 13:00:00,0.41566345,0,0
2010-05-10 14:00:00,0.45330226,0,0
2010-05-10 15:00:00,0.44259232,0,0
2010-05-10 16:00:00,0.3668343,0,0
2010-05-10 17:00:00,0.2727649,0,0
2010-05-10 18:00:00,0.18235831,0,0
2010-05-10 19:00:00,-0.03284128,0,0
2010-05-10 20:00:00,-0.26779923,0,0
2010-05-10 21:00:00,-0.46663383,0,0
2010-05-10 22:00:00,-0.6158714,0,0
2010-05-10 23:00:00,-0.68232477,0,0
2010-05-11 00:00:00,-0.76012677,0,0
2010-05-11 01:00:00,-0.9135568,0,0
2010-05-11 02:00:00,-1.0495948,0,0
2010-05-11 03:00:00,-1.124077,0,0
2010-05-11 04:00:00,-1.1062709,0,0
2010-05-11 05:00:00,-1.1458117,0,0
2010-05-11 06:00:00,-1.168121,0,0
2010-05-11 07:00:00,-1.1683562,0,0
2010-05-11 08:00:00,-1.1269332,0,0
2010-05-11 09:00:00,-1.046493,0,0
2010-05-11 10:00:00,-0.9160052,0,0
2010-05-11 11:00:00,-0.8708262,0,0
2010-05-11 12:00:00,-0.8583222,0,0
2010-05-11 13:00:00,-0.93569237,0,0
2010-05-11 14:00:00,-1.0036914,0,0
2010-05-11 15:00:00,-1.0768425,0,0
2010-05-11 16:00:00,-1.1297369,0,0
2010-05-11 17:00:00,-1.2096562,0,0
2010-05-11 18:00:00,-1.2832146,0,0
2010-05-11 19:00:00,-1.3482747,0,0
2010-05-11 20:00:00,-1.3652644,0,0
2010-05-11 21:00:00,-1.380594,0,0
2010-05-11 22:00:00,-1.3907332,0,0
2010-05-11 23:00:00,-1.4279137,0,0
2010-05-12 00:00:00,-1.4382249,0,0
2010-05-12 01:00:00,-1.4581738,0,0
2010-05-12 02:00:00,-1.4561895,0,0
2010-05-12 03:00:00,-1.4456439,0,0
2010-05-12 04:00:00,-1.5917457,0,0
2010-05-12 05:00:00,-1.6049217,0,0
2010-05-12 06:00:00,-1.6476883,0,0
2010-05-12 07:00:00,-1.6450543,0,0
2010-05-12 08:00:00,-1.378661,0,0
2010-05-12 09:00:00,-1.1890597,0,0
2010-05-12 10:00:00,-1.0128646,0,0
2010-05-12 11:00:00,-0.8301164,0,0
2010-05-12 12:00:00,-0.67502457,0,0
2010-05-12 13:00:00,-0.6272709,0,0
2010-05-12 14:00:00,-0.6161302,0,0
2010-05-12 15:00:00,-0.6312092,0,0
2010-05-12 16:00:00,-0.7209635,0,0
2010-05-12 17:00:00,-0.79658574,0,0
2010-05-12 18:00:00,-0.8425743,0,0
2010-05-12 19:00:00,-0.9238047,0,0
2010-05-12 20:00:00,-0.95604885,0,0
2010-05-12 21:00:00,-1.0069184,0,0
2010-05-12 22:00:00,-1.0998806,0,0
2010-05-12 23:00:00,-1.2018301,0,0
2010-05-13 00:00:00,-1.2915791,0,0
2010-05-13 01:00:00,-1.3827212,0,0
2010-05-13 02:00:00,-1.4435455,0,0
2010-05-13 03:00:00,-1.5137528,0,0
2010-05-13 04:00:00,-1.7191627,0,0
2010-05-13 05:00:00,-1.8079956,0,0
2010-05-13 06:00:00,-1.8846271,0,0
2010-05-13 07:00:00,-1.9301969,0,0
2010-05-13 08:00:00,-1.6754183,0,0
2010-05-13 09:00:00,-1.3612701,0,0
2010-05-13 10:00:00,-1.1652836,0,0
2010-05-13 11:00:00,-0.9718099,0,0
2010-05-13 12:00:00,-0.8096953,0,0
2010-05-13 13:00:00,-0.692215,0,0
2010-05-13 14:00:00,-0.63520694,0,0
2010-05-13 15:00:00,-0.65498704,0,0
2010-05-13 16:00:00,-0.7156447,0,0
2010-05-13 17:00:00,-0.88239366,0,0
2010-05-13 18:00:00,-1.1272702,0,0
2010-05-13 19:00:00,-1.3485273,0,0
2010-05-13 20:00:00,-1.4612192,0,0
2010-05-13 21:00:00,-1.524353,0,0
2010-05-13 22:00:00,-1.5811259,0,0
2010-05-13 23:00:00,-1.6381528,0,0
2010-05-14 00:00:00,-1.6911285,0,0
2010-05-14 01:00:00,-1.744104,0,0
2010-05-14 02:00:00,-1.7973342,0,0
2010-05-14 03:00:00,-1.8651377,0,0
2010-05-14 04:00:00,-1.9858418,0,0
2010-05-14 05:00:00,-2.0491986,0,0
2010-05-14 06:00:00,-2.1095967,0,0
2010-05-14 07:00:00,-2.143125,0,0
2010-05-14 08:00:00,-1.9000704,0,0
2010-05-14 09:00:00,-1.5499483,0,0
2010-05-14 10:00:00,-1.3190252,0,0
2010-05-14 11:00:00,-1.1335291,0,0
2010-05-14 12:00:00,-0.97132015,0,0
2010-05-14 13:00:00,-0.84741557,0,0
2010-05-14 14:00:00,-0.7948542,0,0
2010-05-14 15:00:00,-0.8176877,0,0
2010-05-14 16:00:00,-0.90537447,0,0
2010-05-14 17:00:00,-1.0455985,0,0
2010-05-14 18:00:00,-1.1915475,0,0
2010-05-14 19:00:00,-1.5702229,0,0
2010-05-14 20:00:00,-1.7709196,0,0
2010-05-14 21:00:00,-1.8873266,0,0
2010-05-14 22:00:00,-1.9767765,0,0
2010-05-14 23:00:00,-2.0099728,0,0
2010-05-15 00:00:00,-2.019419,1,0
2010-05-15 01:00:00,-2.0330577,1,0
2010-05-15 02:00:00,-2.0551946,1,0
2010-05-15 03:00:00,-2.089533,1,0
2010-05-15 04:00:00,-2.2167268,1,0
2010-05-15 05:00:00,-2.2845304,1,0
2010-05-15 06:00:00,-2.3478875,1,0
2010-05-15 07:00:00,-2.3919694,1,0
2010-05-15 08:00:00,-2.061073,1,0
2010-05-15 09:00:00,-1.5798467,1,0
2010-05-15 10:00:00,-1.2752608,1,0
2010-05-15 11:00:00,-1.0829964,1,0
2010-05-15 12:00:00,-0.88379127,1,0
2010-05-15 13:00:00,-0.7277323,1,0
2010-05-15 14:00:00,-0.63175064,1,0
2010-05-15 15:00:00,-0.6606908,1,0
2010-05-15 16:00:00,-0.7816036,1,0
2010-05-15 17:00:00,-0.97278947,1,0
2010-05-15 18:00:00,-1.1942496,1,0
2010-05-15 19:00:00,-1.3488421,1,0
2010-05-15 20:00:00,-1.4704276,1,0
2010-05-15 21:00:00,-1.5466007,1,0
2010-05-15 22:00:00,-1.6194663,1,0
2010-05-15 23:00:00,-1.6720467,1,0
2010-05-16 00:00:00,-1.7365739,1,0
2010-05-16 01:00:00,-1.7921131,1,0
2010-05-16 02:00:00,-1.8445991,1,0
2010-05-16 03:00:00,-1.8993949,1,0
2010-05-16 04:00:00,-1.9697621,1,0
2010-05-16 05:00:00,-2.0295882,1,0
2010-05-16 06:00:00,-2.071693,1,0
2010-05-16 07:00:00,-2.091959,1,0
2010-05-16 08:00:00,-1.8393446,1,0
2010-05-16 09:00:00,-1.448347,1,0
2010-05-16 10:00:00,-1.1138607,1,0
2010-05-16 11:00:00,-0.80823576,1,0
2010-05-16 12:00:00,-0.55001944,1,0
2010-05-16 13:00:00,-0.41220298,1,0
2010-05-16 14:00:00,-0.35462293,1,0
2010-05-16 15:00:00,-0.36345005,1,0
2010-05-16 16:00:00,-0.20001043,1,0
2010-05-16 17:00:00,-0.35560557,1,0
2010-05-16 18:00:00,-0.52739084,1,0
2010-05-16 19:00:00,-0.72699606,1,0
2010-05-16 20:00:00,-0.9661345,1,0
2010-05-16 21:00:00,-1.167424,1,0
2010-05-16 22:00:00,-1.3660432,1,0
2010-05-16 23:00:00,-1.531432,1,0
2010-05-17 00:00:00,-1.6444762,0,0
2010-05-17 01:00:00,-1.753817,0,0
2010-05-17 02:00:00,-1.8125671,0,0
2010-05-17 03:00:00,-1.8891045,0,0
2010-05-17 04:00:00,-1.9178376,0,0
2010-05-17 05:00:00,-1.9215215,0,0
2010-05-17 06:00:00,-1.9316295,0,0
2010-05-17 07:00:00,-1.9009441,0,0
2010-05-17 08:00:00,-1.4428018,0,0
2010-05-17 09:00:00,-0.8726563,0,0
2010-05-17 10:00:00,-0.48449734,0,0
2010-05-17 11:00:00,-0.24280766,0,0
2010-05-17 12:00:00,-0.09251143,0,0
2010-05-17 13:00:00,-0.040122204,0,0
2010-05-17 14:00:00,-0.009028405,0,0
2010-05-17 15:00:00,-0.053419404,0,0
2010-05-17 16:00:00,-0.14007351,0,0
2010-05-17 17:00:00,-0.2541002,0,0
2010-05-17 18:00:00,-0.4020575,0,0
2010-05-17 19:00:00,-0.56973606,0,0
2010-05-17 20:00:00,-0.7430828,0,0
2010-05-17 21:00:00,-0.9436162,0,0
2010-05-17 22:00:00,-1.122854,0,0
2010-05-17 23:00:00,-1.240599,0,0
2010-05-18 00:00:00,-1.3993917,0,0
2010-05-18 01:00:00,-1.5218664,0,0
2010-05-18 02:00:00,-1.6480441,0,0
2010-05-18 03:00:00,-1.7353112,0,0
2010-05-18 04:00:00,-1.7706062,0,0
2010-05-18 05:00:00,-1.8232211,0,0
2010-05-18 06:00:00,-1.8585097,0,0
2010-05-18 07:00:00,-1.9200182,0,0
2010-05-18 08:00:00,-1.4766427,0,0
2010-05-18 09:00:00,-0.97668475,0,0
2010-05-18 10:00:00,-0.5286537,0,0
2010-05-18 11:00:00,-0.28199673,0,0
2010-05-18 12:00:00,-0.08012157,0,0
2010-05-18 13:00:00,0.007925936,0,0
2010-05-18 14:00:00,0.0004654119,0,0
2010-05-18 15:00:00,-0.043396987,0,0
2010-05-18 16:00:00,-0.059808217,0,0
2010-05-18 17:00:00,-0.24219474,0,0
2010-05-18 18:00:00,-0.44373065,0,0
2010-05-18 19:00:00,-0.637801,0,0
2010-05-18 20:00:00,-0.8157665,0,0
2010-05-18 21:00:00,-1.0125805,0,0
2010-05-18 22:00:00,-1.15292,0,0
2010-05-18 23:00:00,-1.24555,0,0
2010-05-19 00:00:00,-1.3189873,0,0
2010-05-19 01:00:00,-1.388295,0,0
2010-05-19 02:00:00,-1.4938599,0,0
2010-05-19 03:00:00,-1.6133202,0,0
2010-05-19 04:00:00,-1.6670887,0,0
2010-05-19 05:00:00,-1.7838401,0,0
2010-05-19 06:00:00,-1.8448097,0,0
2010-05-19 07:00:00,-1.8703486,0,0
2010-05-19 08:00:00,-1.6255516,0,0
2010-05-19 09:00:00,-1.1670799,0,0
2010-05-19 10:00:00,-0.8338316,0,0
2010-05-19 11:00:00,-0.5676888,0,0
2010-05-19 12:00:00,-0.34227625,0,0
2010-05-19 13:00:00,-0.26082486,0,0
2010-05-19 14:00:00,-0.21345426,0,0
2010-05-19 15:00:00,-0.20413357,0,0
2010-05-19 16:00:00,-0.13583446,0,0
2010-05-19 17:00:00,-0.258548,0,0
2010-05-19 18:00:00,-0.4716699,0,0
2010-05-19 19:00:00,-0.6783245,0,0
2010-05-19 20:00:00,-0.82173216,0,0
2010-05-19 21:00:00,-0.9482418,0,0
2010-05-19 22:00:00,-1.0664341,0,0
2010-05-19 23:00:00,-1.1967187,0,0
2010-05-20 00:00:00,-1.2692277,0,0
2010-05-20 01:00:00,-1.2880882,0,0
2010-05-20 02:00:00,-1.284131,0,0
2010-05-20 03:00:00,-1.2805692,0,0
2010-05-20 04:00:00,-1.3078336,0,0
2010-05-20 05:00:00,-1.3098888,0,0
2010-05-20 06:00:00,-1.3020523,0,0
2010-05-20 07:00:00,-1.2975234,0,0
2010-05-20 08:00:00,-1.082758,0,0
2010-05-20 09:00:00,-0.71208876,0,0
2010-05-20 10:00:00,-0.4160087,0,0
2010-05-20 11:00:00,-0.30171046,0,0
2010-05-20 12:00:00,-0.10681457,0,0
2010-05-20 13:00:00,0.033160247,0,0
2010-05-20 14:00:00,0.04163257,0,0
2010-05-20 15:00:00,0.017233433,0,0
2010-05-20 16:00:00,0.11700284,0,0
2010-05-20 17:00:00,-0.13719249,0,0
2010-05-20 18:00:00,-0.35931885,0,0
2010-05-20 19:00:00,-0.55766374,0,0
2010-05-20 20:00:00,-0.67060566,0,0
2010-05-20 21:00:00,-0.847401,0,0
2010-05-20 22:00:00,-1.0237699,0,0
2010-05-20 23:00:00,-1.1962636,0,0
2010-05-21 00:00:00,-1.3572056,0,0
2010-05-21 01:00:00,-1.4912785,0,0
2010-05-21 02:00:00,-1.6074702,0,0
2010-05-21 03:00:00,-1.704387,0,0
2010-05-21 04:00:00,-1.7244766,0,0
2010-05-21 05:00:00,-1.80611,0,0
2010-05-21 06:00:00,-1.8826473,0,0
2010-05-21 07:00:00,-1.9561969,0,0
2010-05-21 08:00:00,-1.4606729,0,0
2010-05-21 09:00:00,-0.7632098,0,0
2010-05-21 10:00:00,-0.5451108,0,0
2010-05-21 11:00:00,-0.29031432,0,0
2010-05-21 12:00:00,-0.06304105,0,0
2010-05-21 13:00:00,0.071244754,0,0
2010-05-21 14:00:00,0.120881714,0,0
2010-05-21 15:00:00,0.082687244,0,0
2010-05-21 16:00:00,0.069462545,0,0
2010-05-21 17:00:00,-0.14580576,0,0
2010-05-21 18:00:00,-0.35243803,0,0
2010-05-21 19:00:00,-0.54410446,0,0
2010-05-21 20:00:00,-0.68491375,0,0
2010-05-21 21:00:00,-0.81556493,0,0
2010-05-21 22:00:00,-0.933099,0,0
2010-05-21 23:00:00,-1.0384196,0,0
2010-05-22 00:00:00,-1.1230599,1,0
2010-05-22 01:00:00,-1.2236673,1,0
2010-05-22 02:00:00,-1.3195736,1,0
2010-05-22 03:00:00,-1.4336158,1,0
2010-05-22 04:00:00,-1.5964781,1,0
2010-05-22 05:00:00,-1.635103,1,0
2010-05-22 06:00:00,-1.6485186,1,0
2010-05-22 07:00:00,-1.6321058,1,0
2010-05-22 08:00:00,-1.4472483,1,0
2010-05-22 09:00:00,-1.0614355,1,0
2010-05-22 10:00:00,-0.6771864,1,0
2010-05-22 11:00:00,-0.42950886,1,0
2010-05-22 12:00:00,-0.31505316,1,0
2010-05-22 13:00:00,-0.21278375,1,0
2010-05-22 14:00:00,-0.1934526,1,0
2010-05-22 15:00:00,-0.20682068,1,0
2010-05-22 16:00:00,-0.23929338,1,0
2010-05-22 17:00:00,-0.47679564,1,0
2010-05-22 18:00:00,-0.6788868,1,0
2010-05-22 19:00:00,-0.8249811,1,0
2010-05-22 20:00:00,-0.9371832,1,0
2010-05-22 21:00:00,-1.0237377,1,0
2010-05-22 22:00:00,-1.1017939,1,0
2010-05-22 23:00:00,-1.158821,1,0
2010-05-23 00:00:00,-1.2353773,1,0
2010-05-23 01:00:00,-1.331698,1,0
2010-05-23 02:00:00,-1.429412,1,0
2010-05-23 03:00:00,-1.5314131,1,0
2010-05-23 04:00:00,-1.5956736,1,0
2010-05-23 05:00:00,-1.636213,1,0
2010-05-23 06:00:00,-1.6625736,1,0
2010-05-23 07:00:00,-1.6710527,1,0
2010-05-23 08:00:00,-1.5213742,1,0
2010-05-23 09:00:00,-1.3053831,1,0
2010-05-23 10:00:00,-1.1214277,1,0
2010-05-23 11:00:00,-0.99115956,1,0
2010-05-23 12:00:00,-0.9591697,1,0
2010-05-23 13:00:00,-0.9748508,1,0
2010-05-23 14:00:00,-0.9952403,1,0
2010-05-23 15:00:00,-0.99826074,1,0
2010-05-23 16:00:00,-1.0059329,1,0
2010-05-23 17:00:00,-1.0904566,1,0
2010-05-23 18:00:00,-1.1243607,1,0
2010-05-23 19:00:00,-1.1992856,1,0
2010-05-23 20:00:00,-1.2131442,1,0
2010-05-23 21:00:00,-1.1993896,1,0
2010-05-23 22:00:00,-1.1394787,1,0
2010-05-23 23:00:00,-1.0867072,1,0
2010-05-24 00:00:00,-1.0631144,0,0
2010-05-24 01:00:00,-1.0680343,0,0
2010-05-24 02:00:00,-1.0697843,0,0
2010-05-24 03:00:00,-1.0690525,0,0
2010-05-24 04:00:00,-1.1385039,0,0
2010-05-24 05:00:00,-1.130272,0,0
2010-05-24 06:00:00,-1.1277204,0,0
2010-05-24 07:00:00,-1.1088408,0,0
2010-05-24 08:00:00,-0.9736851,0,0
2010-05-24 09:00:00,-0.69165653,0,0
2010-05-24 10:00:00,-0.33401024,0,0
2010-05-24 11:00:00,-0.047387842,0,0
2010-05-24 12:00:00,0.18571937,0,0
2010-05-24 13:00:00,0.3471632,0,0
2010-05-24 14:00:00,0.35312992,0,0
2010-05-24 15:00:00,0.2252603,0,0
2010-05-24 16:00:00,0.1390147,0,0
2010-05-24 17:00:00,-0.042340677,0,0
2010-05-24 18:00:00,-0.17193474,0,0
2010-05-24 19:00:00,-0.28032774,0,0
2010-05-24 20:00:00,-0.36142513,0,0
2010-05-24 21:00:00,-0.39267537,0,0
2010-05-24 22:00:00,-0.45135027,0,0
2010-05-24 23:00:00,-0.47426233,0,0
2010-05-25 00:00:00,-0.5239494,0,0
2010-05-25 01:00:00,-0.5286314,0,0
2010-05-25 02:00:00,-0.5448651,0,0
2010-05-25 03:00:00,-0.590011,0,0
2010-05-25 04:00:00,-0.61124665,0,0
2010-05-25 05:00:00,-0.61173624,0,0
2010-05-25 06:00:00,-0.6070351,0,0
2010-05-25 07:00:00,-0.602334,0,0
2010-05-25 08:00:00,-0.5350009,0,0
2010-05-25 09:00:00,-0.4436676,0,0
2010-05-25 10:00:00,-0.256864,0,0
2010-05-25 11:00:00,-0.031770963,0,0
2010-05-25 12:00:00,0.20917267,0,0
2010-05-25 13:00:00,0.31339502,0,0
2010-05-25 14:00:00,0.24812911,0,0
2010-05-25 15:00:00,0.05723847,0,0
2010-05-25 16:00:00,-0.09050772,0,0
2010-05-25 17:00:00,-0.22367601,0,0
2010-05-25 18:00:00,-0.33587825,0,0
2010-05-25 19:00:00,-0.4075104,0,0
2010-05-25 20:00:00,-0.50196016,0,0
2010-05-25 21:00:00,-0.56788075,0,0
2010-05-25 22:00:00,-0.6109837,0,0
2010-05-25 23:00:00,-0.6284509,0,0
2010-05-26 00:00:00,-0.6331328,0,0
2010-05-26 01:00:00,-0.6237308,0,0
2010-05-26 02:00:00,-0.64210165,0,0
2010-05-26 03:00:00,-0.6609622,0,0
2010-05-26 04:00:00,-0.62290215,0,0
2010-05-26 05:00:00,-0.64572,0,0
2010-05-26 06:00:00,-0.6372217,0,0
2010-05-26 07:00:00,-0.683601,0,0
2010-05-26 08:00:00,-0.5687182,0,0
2010-05-26 09:00:00,-0.39023197,0,0
2010-05-26 10:00:00,-0.22890222,0,0
2010-05-26 11:00:00,-0.10028221,0,0
2010-05-26 12:00:00,-0.0015289908,0,0
2010-05-26 13:00:00,0.06285041,0,0
2010-05-26 14:00:00,0.09917805,0,0
2010-05-26 15:00:00,0.057672687,0,0
2010-05-26 16:00:00,0.006062757,0,0
2010-05-26 17:00:00,-0.15973262,0,0
2010-05-26 18:00:00,-0.2832324,0,0
2010-05-26 19:00:00,-0.43490034,0,0
2010-05-26 20:00:00,-0.6239478,0,0
2010-05-26 21:00:00,-0.81941926,0,0
2010-05-26 22:00:00,-0.96108675,0,0
2010-05-26 23:00:00,-1.1108916,0,0
2010-05-27 00:00:00,-1.2497944,0,0
2010-05-27 01:00:00,-1.3707215,0,0
2010-05-27 02:00:00,-1.3580117,0,0
2010-05-27 03:00:00,-1.3431646,0,0
2010-05-27 04:00:00,-1.2177874,0,0
2010-05-27 05:00:00,-1.2021841,0,0
2010-05-27 06:00:00,-1.1533821,0,0
2010-05-27 07:00:00,-1.1460229,0,0
2010-05-27 08:00:00,-1.0657325,0,0
2010-05-27 09:00:00,-0.83124167,0,0
2010-05-27 10:00:00,-0.5454981,0,0
2010-05-27 11:00:00,-0.36804128,0,0
2010-05-27 12:00:00,-0.21001917,0,0
2010-05-27 13:00:00,-0.17596214,0,0
2010-05-27 14:00:00,-0.21052687,0,0
2010-05-27 15:00:00,-0.27881157,0,0
2010-05-27 16:00:00,-0.3895004,0,0
2010-05-27 17:00:00,-0.5039489,0,0
2010-05-27 18:00:00,-0.59588087,0,0
2010-05-27 19:00:00,-0.620969,0,0
2010-05-27 20:00:00,-0.57303184,0,0
2010-05-27 21:00:00,-0.576003,0,0
2010-05-27 22:00:00,-0.6293929,0,0
2010-05-27 23:00:00,-0.6604547,0,0
2010-05-28 00:00:00,-0.66656125,0,0
2010-05-28 01:00:00,-0.6670509,0,0
2010-05-28 02:00:00,-0.70469666,0,0
2010-05-28 03:00:00,-0.7445741,0,0
2010-05-28 04:00:00,-0.7517422,0,0
2010-05-28 05:00:00,-0.7821422,0,0
2010-05-28 06:00:00,-0.8108945,0,0
2010-05-28 07:00:00,-0.83510566,0,0
2010-05-28 08:00:00,-0.8186177,0,0
2010-05-28 09:00:00,-0.7072656,0,0
2010-05-28 10:00:00,-0.5455216,0,0
2010-05-28 11:00:00,-0.34768528,0,0
2010-05-28 12:00:00,-0.29696375,0,0
2010-05-28 13:00:00,-0.2560906,0,0
2010-05-28 14:00:00,-0.2672693,0,0
2010-05-28 15:00:00,-0.29378217,0,0
2010-05-28 16:00:00,-0.37013763,0,0
2010-05-28 17:00:00,-0.4496184,0,0
2010-05-28 18:00:00,-0.5174533,0,0
2010-05-28 19:00:00,-0.56425905,0,0
2010-05-28 20:00:00,-0.62193567,0,0
2010-05-28 21:00:00,-0.67311054,0,0
2010-05-28 22:00:00,-0.7004693,0,0
2010-05-28 23:00:00,-0.7217337,0,0
2010-05-29 00:00:00,-0.80610746,1,0
2010-05-29 01:00:00,-0.8335606,1,0
2010-05-29 02:00:00,-0.83471197,1,0
2010-05-29 03:00:00,-0.785338,1,0
2010-05-29 04:00:00,-0.7573107,1,0
2010-05-29 05:00:00,-0.890048,1,0
2010-05-29 06:00:00,-1.1289977,1,0
2010-05-29 07:00:00,-1.2855632,1,0
2010-05-29 08:00:00,-1.2753394,1,0
2010-05-29 09:00:00,-1.1332387,1,0
2010-05-29 10:00:00,-1.0190443,1,0
2010-05-29 11:00:00,-1.0082123,1,0
2010-05-29 12:00:00,-0.9604473,1,0
2010-05-29 13:00:00,-0.92453486,1,0
2010-05-29 14:00:00,-0.7330691,1,0
2010-05-29 15:00:00,-0.65595764,1,0
2010-05-29 16:00:00,-0.68347645,1,0
2010-05-29 17:00:00,-0.81211126,1,0
2010-05-29 18:00:00,-0.8423004,1,0
2010-05-29 19:00:00,-0.86521226,1,0
2010-05-29 20:00:00,-0.8829338,1,0
2010-05-29 21:00:00,-0.89611405,1,0
2010-05-29 22:00:00,-0.91679454,1,0
2010-05-29 23:00:00,-0.87444764,1,0
2010-05-30 00:00:00,-0.83694285,1,0
2010-05-30 01:00:00,-0.82137096,1,0
2010-05-30 02:00:00,-0.81666976,1,0
2010-05-30 03:00:00,-0.8331577,1,0
2010-05-30 04:00:00,-0.78305644,1,0
2010-05-30 05:00:00,-0.79788446,1,0
2010-05-30 06:00:00,-0.76591897,1,0
2010-05-30 07:00:00,-0.75767493,1,0
2010-05-30 08:00:00,-0.6502922,1,0
2010-05-30 09:00:00,-0.5092719,1,0
2010-05-30 10:00:00,-0.34236404,1,0
2010-05-30 11:00:00,-0.20397313,1,0
2010-05-30 12:00:00,-0.11033306,1,0
2010-05-30 13:00:00,-0.06484534,1,0
2010-05-30 14:00:00,-0.065513924,1,0
2010-05-30 15:00:00,-0.16525546,1,0
2010-05-30 16:00:00,-0.36190417,1,0
2010-05-30 17:00:00,-0.40802598,1,0
2010-05-30 18:00:00,-0.41919437,1,0
2010-05-30 19:00:00,-0.4112169,1,0
2010-05-30 20:00:00,-0.41113472,1,0
2010-05-30 21:00:00,-0.43067592,1,0
2010-05-30 22:00:00,-0.412145,1,0
2010-05-30 23:00:00,-0.41825172,1,0
2010-05-31 00:00:00,-0.44198546,0,0
2010-05-31 01:00:00,-0.4657191,0,0
2010-05-31 02:00:00,-0.47701657,0,0
2010-05-31 03:00:00,-0.49233416,0,0
2010-05-31 04:00:00,-0.5695399,0,0
2010-05-31 05:00:00,-0.6065362,0,0
2010-05-31 06:00:00,-0.69792044,0,0
2010-05-31 07:00:00,-0.790444,0,0
2010-05-31 08:00:00,-0.74082017,0,0
2010-05-31 09:00:00,-0.63311994,0,0
2010-05-31 10:00:00,-0.5502173,0,0
2010-05-31 11:00:00,-0.43791285,0,0
2010-05-31 12:00:00,-0.33576667,0,0
2010-05-31 13:00:00,-0.27230322,0,0
2010-05-31 14:00:00,-0.2600579,0,0
2010-05-31 15:00:00,-0.32036072,0,0
2010-05-31 16:00:00,-0.37475318,0,0
2010-05-31 17:00:00,-0.527114,0,0
2010-05-31 18:00:00,-0.6566261,0,0
2010-05-31 19:00:00,-0.7804266,0,0
2010-05-31 20:00:00,-0.90331125,0,0
2010-05-31 21:00:00,-1.0407697,0,0
2010-05-31 22:00:00,-1.164367,0,0
2010-05-31 23:00:00,-1.2679335,0,0
2010-06-01 00:00:00,-1.4040494,0,0
2010-06-01 01:00:00,-1.5202409,0,0
2010-06-01 02:00:00,-1.5700033,0,0
2010-06-01 03:00:00,-1.6262554,0,0
2010-06-01 04:00:00,-1.67287,0,0
2010-06-01 05:00:00,-1.6779472,0,0
2010-06-01 06:00:00,-1.5808326,0,0
2010-06-01 07:00:00,-1.569676,0,0
2010-06-01 08:00:00,-1.4379567,0,0
2010-06-01 09:00:00,-1.187068,0,0
2010-06-01 10:00:00,-0.9114392,0,0
2010-06-01 11:00:00,-0.7148119,0,0
2010-06-01 12:00:00,-0.6000407,0,0
2010-06-01 13:00:00,-0.4791238,0,0
2010-06-01 14:00:00,-0.44804657,0,0
2010-06-01 15:00:00,-0.49323237,0,0
2010-06-01 16:00:00,-0.4268344,0,0
2010-06-01 17:00:00,-0.54007816,0,0
2010-06-01 18:00:00,-0.62112457,0,0
2010-06-01 19:00:00,-0.7278698,0,0
2010-06-01 20:00:00,-0.8119261,0,0
2010-06-01 21:00:00,-0.8616133,0,0
2010-06-01 22:00:00,-0.93346834,0,0
2010-06-01 23:00:00,-0.94878596,0,0
2010-06-02 00:00:00,-0.9679008,0,0
2010-06-02 01:00:00,-1.0165898,0,0
2010-06-02 02:00:00,-1.0775739,0,0
2010-06-02 03:00:00,-1.1792574,0,0
2010-06-02 04:00:00,-1.4480311,0,0
2010-06-02 05:00:00,-1.5991352,0,0
2010-06-02 06:00:00,-1.7630241,0,0
2010-06-02 07:00:00,-1.8609391,0,0
2010-06-02 08:00:00,-1.5749899,0,0
2010-06-02 09:00:00,-0.98871696,0,0
2010-06-02 10:00:00,-0.7451239,0,0
2010-06-02 11:00:00,-0.60055906,0,0
2010-06-02 12:00:00,-0.45917264,0,0
2010-06-02 13:00:00,-0.4282942,0,0
2010-06-02 14:00:00,-0.43511724,0,0
2010-06-02 15:00:00,-0.48216197,0,0
2010-06-02 16:00:00,-0.56665325,0,0
2010-06-02 17:00:00,-0.70165354,0,0
2010-06-02 18:00:00,-0.847164,0,0
2010-06-02 19:00:00,-0.9806019,0,0
2010-06-02 20:00:00,-1.0758734,0,0
2010-06-02 21:00:00,-1.2114488,0,0
2010-06-02 22:00:00,-1.3264847,0,0
2010-06-02 23:00:00,-1.4378177,0,0
2010-06-03 00:00:00,-1.5971777,0,0
2010-06-03 01:00:00,-1.6998404,0,0
2010-06-03 02:00:00,-1.7771215,0,0
2010-06-03 03:00:00,-1.890815,0,0
2010-06-03 04:00:00,-2.0366628,0,0
2010-06-03 05:00:00,-2.156686,0,0
2010-06-03 06:00:00,-2.1982043,0,0
2010-06-03 07:00:00,-2.3281193,0,0
2010-06-03 08:00:00,-2.0078008,0,0
2010-06-03 09:00:00,-1.4079152,0,0
2010-06-03 10:00:00,-1.0873741,0,0
2010-06-03 11:00:00,-0.916194,0,0
2010-06-03 12:00:00,-0.7717378,0,0
2010-06-03 13:00:00,-0.6960925,0,0
2010-06-03 14:00:00,-0.68057054,0,0
2010-06-03 15:00:00,-0.71718293,0,0
2010-06-03 16:00:00,-0.7245751,0,0
2010-06-03 17:00:00,-0.88644457,0,0
2010-06-03 18:00:00,-1.0324445,0,0
2010-06-03 19:00:00,-1.2214409,0,0
2010-06-03 20:00:00,-1.4096622,0,0
2010-06-03 21:00:00,-1.5812234,0,0
2010-06-03 22:00:00,-1.7646539,0,0
2010-06-03 23:00:00,-1.9186512,0,0
2010-06-04 00:00:00,-2.0458736,0,0
2010-06-04 01:00:00,-2.1648524,0,0
2010-06-04 02:00:00,-2.2317805,0,0
2010-06-04 03:00:00,-2.2647662,0,0
2010-06-04 04:00:00,-2.2404168,0,0
2010-06-04 05:00:00,-2.374129,0,0
2010-06-04 06:00:00,-2.524536,0,0
2010-06-04 07:00:00,-2.6252558,0,0
2010-06-04 08:00:00,-2.3054922,0,0
2010-06-04 09:00:00,-1.5434587,0,0
2010-06-04 10:00:00,-1.1597629,0,0
2010-06-04 11:00:00,-0.97465855,0,0
2010-06-04 12:00:00,-0.8218296,0,0
2010-06-04 13:00:00,-0.7322721,0,0
2010-06-04 14:00:00,-0.74379605,0,0
2010-06-04 15:00:00,-0.7646641,0,0
2010-06-04 16:00:00,-0.7099286,0,0
2010-06-04 17:00:00,-0.8687448,0,0
2010-06-04 18:00:00,-1.0053617,0,0
2010-06-04 19:00:00,-1.1157095,0,0
2010-06-04 20:00:00,-1.2546213,0,0
2010-06-04 21:00:00,-1.427576,0,0
2010-06-04 22:00:00,-1.5429828,0,0
2010-06-04 23:00:00,-1.6300614,0,0
2010-06-05 00:00:00,-1.6654098,1,0
2010-06-05 01:00:00,-1.6698377,1,0
2010-06-05 02:00:00,-1.7313114,1,0
2010-06-05 03:00:00,-1.6750214,1,0
2010-06-05 04:00:00,-1.5912126,1,0
2010-06-05 05:00:00,-1.5697691,1,0
2010-06-05 06:00:00,-1.5351456,1,0
2010-06-05 07:00:00,-1.5177537,1,0
2010-06-05 08:00:00,-1.2709284,1,0
2010-06-05 09:00:00,-1.0655218,1,0
2010-06-05 10:00:00,-0.8483284,1,0
2010-06-05 11:00:00,-0.6471047,1,0
2010-06-05 12:00:00,-0.45855957,1,0
2010-06-05 13:00:00,-0.44529173,1,0
2010-06-05 14:00:00,-0.5450914,1,0
2010-06-05 15:00:00,-0.75601715,1,0
2010-06-05 16:00:00,-0.8716362,1,0
2010-06-05 17:00:00,-1.0599364,1,0
2010-06-05 18:00:00,-1.2309736,1,0
2010-06-05 19:00:00,-1.3621844,1,0
2010-06-05 20:00:00,-1.4647061,1,0
2010-06-05 21:00:00,-1.568621,1,0
2010-06-05 22:00:00,-1.6591017,1,0
2010-06-05 23:00:00,-1.7874823,1,0
2010-06-06 00:00:00,-1.898471,1,0
2010-06-06 01:00:00,-1.9849942,1,0
2010-06-06 02:00:00,-2.0842083,1,0
2010-06-06 03:00:00,-2.1439567,1,0
2010-06-06 04:00:00,-2.1924076,1,0
2010-06-06 05:00:00,-2.2226944,1,0
2010-06-06 06:00:00,-2.2228353,1,0
2010-06-06 07:00:00,-2.293692,1,0
2010-06-06 08:00:00,-2.161241,1,0
2010-06-06 09:00:00,-1.796695,1,0
2010-06-06 10:00:00,-1.5355173,1,0
2010-06-06 11:00:00,-1.3371748,1,0
2010-06-06 12:00:00,-1.2811458,1,0
2010-06-06 13:00:00,-1.2726033,1,0
2010-06-06 14:00:00,-1.2588047,1,0
2010-06-06 15:00:00,-1.2789488,1,0
2010-06-06 16:00:00,-1.2638466,1,0
2010-06-06 17:00:00,-1.4138981,1,0
2010-06-06 18:00:00,-1.4911473,1,0
2010-06-06 19:00:00,-1.6060421,1,0
2010-06-06 20:00:00,-1.7280108,1,0
2010-06-06 21:00:00,-1.8664674,1,0
2010-06-06 22:00:00,-1.9846386,1,0
2010-06-06 23:00:00,-2.090609,1,0
2010-06-07 00:00:00,-2.1665623,0,0
2010-06-07 01:00:00,-2.2374191,0,0
2010-06-07 02:00:00,-2.3314428,0,0
2010-06-07 03:00:00,-2.3717277,0,0
2010-06-07 04:00:00,-2.3940368,0,0
2010-06-07 05:00:00,-2.4439592,0,0
2010-06-07 06:00:00,-2.5042624,0,0
2010-06-07 07:00:00,-2.5280595,0,0
2010-06-07 08:00:00,-2.35828,0,0
2010-06-07 09:00:00,-1.9680473,0,0
2010-06-07 10:00:00,-1.7773232,0,0
2010-06-07 11:00:00,-1.6334077,0,0
2010-06-07 12:00:00,-1.5385607,0,0
2010-06-07 13:00:00,-1.5195471,0,0
2010-06-07 14:00:00,-1.4677417,0,0
2010-06-07 15:00:00,-1.4845585,0,0
2010-06-07 16:00:00,-1.4929221,0,0
2010-06-07 17:00:00,-1.5802904,0,0
2010-06-07 18:00:00,-1.7746828,0,0
2010-06-07 19:00:00,-1.8842537,0,0
2010-06-07 20:00:00,-2.0776658,0,0
2010-06-07 21:00:00,-2.179255,0,0
2010-06-07 22:00:00,-2.3157973,0,0
2010-06-07 23:00:00,-2.417083,0,0
2010-06-08 00:00:00,-2.4154985,0,0
2010-06-08 01:00:00,-2.4201803,0,0
2010-06-08 02:00:00,-2.4469364,0,0
2010-06-08 03:00:00,-2.4947214,0,0
2010-06-08 04:00:00,-2.431542,0,0
2010-06-08 05:00:00,-2.4063134,0,0
2010-06-08 06:00:00,-2.4096022,0,0
2010-06-08 07:00:00,-2.4111364,0,0
2010-06-08 08:00:00,-2.2251232,0,0
2010-06-08 09:00:00,-1.9320984,0,0
2010-06-08 10:00:00,-1.6470703,0,0
2010-06-08 11:00:00,-1.5074968,0,0
2010-06-08 12:00:00,-1.3934815,0,0
2010-06-08 13:00:00,-1.391089,0,0
2010-06-08 14:00:00,-1.4319714,0,0
2010-06-08 15:00:00,-1.6053681,0,0
2010-06-08 16:00:00,-1.7278931,0,0
2010-06-08 17:00:00,-1.7976854,0,0
2010-06-08 18:00:00,-1.8249422,0,0
2010-06-08 19:00:00,-1.8182249,0,0
2010-06-08 20:00:00,-1.7236332,0,0
2010-06-08 21:00:00,-1.5953503,0,0
2010-06-08 22:00:00,-1.5931185,0,0
2010-06-08 23:00:00,-1.6985095,0,0
2010-06-09 00:00:00,-1.8306751,0,0
2010-06-09 01:00:00,-1.8485687,0,0
2010-06-09 02:00:00,-1.9346066,0,0
2010-06-09 03:00:00,-2.0427186,0,0
2010-06-09 04:00:00,-1.9845455,0,0
2010-06-09 05:00:00,-2.0244231,0,0
2010-06-09 06:00:00,-2.0411506,0,0
2010-06-09 07:00:00,-2.0451875,0,0
2010-06-09 08:00:00,-1.8983389,0,0
2010-06-09 09:00:00,-1.6903177,0,0
2010-06-09 10:00:00,-1.524459,0,0
2010-06-09 11:00:00,-1.4052485,0,0
2010-06-09 12:00:00,-1.3087271,0,0
2010-06-09 13:00:00,-1.236448,0,0
2010-06-09 14:00:00,-1.2473646,0,0
2010-06-09 15:00:00,-1.2451642,0,0
2010-06-09 16:00:00,-1.265747,0,0
2010-06-09 17:00:00,-1.4055504,0,0
2010-06-09 18:00:00,-1.4764429,0,0
2010-06-09 19:00:00,-1.5741882,0,0
2010-06-09 20:00:00,-1.5810387,0,0
2010-06-09 21:00:00,-1.6137604,0,0
2010-06-09 22:00:00,-1.6601709,0,0
2010-06-09 23:00:00,-1.6905831,0,0
2010-06-10 00:00:00,-1.7016261,0,0
2010-06-10 01:00:00,-1.6999782,0,0
2010-06-10 02:00:00,-1.6938839,0,0
2010-06-10 03:00:00,-1.6966828,0,0
2010-06-10 04:00:00,-1.7055885,0,0
2010-06-10 05:00:00,-1.720824,0,0
2010-06-10 06:00:00,-1.673936,0,0
2010-06-10 07:00:00,-1.6753415,0,0
2010-06-10 08:00:00,-1.5968834,0,0
2010-06-10 09:00:00,-1.2564031,0,0
2010-06-10 10:00:00,-1.1012967,0,0
2010-06-10 11:00:00,-1.021079,0,0
2010-06-10 12:00:00,-0.9590089,0,0
2010-06-10 13:00:00,-0.9082363,0,0
2010-06-10 14:00:00,-0.90349114,0,0
2010-06-10 15:00:00,-0.93344486,0,0
2010-06-10 16:00:00,-0.95660365,0,0
2010-06-10 17:00:00,-1.095612,0,0
2010-06-10 18:00:00,-1.1460862,0,0
2010-06-10 19:00:00,-1.1901052,0,0
2010-06-10 20:00:00,-1.243112,0,0
2010-06-10 21:00:00,-1.2810241,0,0
2010-06-10 22:00:00,-1.3189365,0,0
2010-06-10 23:00:00,-1.3968983,0,0
2010-06-11 00:00:00,-1.4315027,0,0
2010-06-11 01:00:00,-1.4880404,0,0
2010-06-11 02:00:00,-1.5547049,0,0
2010-06-11 03:00:00,-1.6166683,0,0
2010-06-11 04:00:00,-1.5871862,0,0
2010-06-11 05:00:00,-1.5628496,0,0
2010-06-11 06:00:00,-1.5446196,0,0
2010-06-11 07:00:00,-1.5398241,0,0
2010-06-11 08:00:00,-1.4559088,0,0
2010-06-11 09:00:00,-1.2757117,0,0
2010-06-11 10:00:00,-1.1545093,0,0
2010-06-11 11:00:00,-1.0125321,0,0
2010-06-11 12:00:00,-0.94013196,0,0
2010-06-11 13:00:00,-0.9162286,0,0
2010-06-11 14:00:00,-0.96052074,0,0
2010-06-11 15:00:00,-1.0062186,0,0
2010-06-11 16:00:00,-1.0195677,0,0
2010-06-11 17:00:00,-1.1642563,0,0
2010-06-11 18:00:00,-1.2644176,0,0
2010-06-11 19:00:00,-1.346431,0,0
2010-06-11 20:00:00,-1.3754495,0,0
2010-06-11 21:00:00,-1.4578583,0,0
2010-06-11 22:00:00,-1.5396173,0,0
2010-06-11 23:00:00,-1.7014347,0,0
2010-06-12 00:00:00,-1.8318704,1,0
2010-06-12 01:00:00,-1.8952274,1,0
2010-06-12 02:00:00,-1.9529041,1,0
2010-06-12 03:00:00,-2.0647147,1,0
2010-06-12 04:00:00,-2.0662775,1,0
2010-06-12 05:00:00,-2.1212962,1,0
2010-06-12 06:00:00,-2.1356156,1,0
2010-06-12 07:00:00,-2.227141,1,0
2010-06-12 08:00:00,-2.071712,1,0
2010-06-12 09:00:00,-1.5991173,1,0
2010-06-12 10:00:00,-1.4685827,1,0
2010-06-12 11:00:00,-1.3450468,1,0
2010-06-12 12:00:00,-1.2681755,1,0
2010-06-12 13:00:00,-1.2197167,1,0
2010-06-12 14:00:00,-1.2538161,1,0
2010-06-12 15:00:00,-1.3029981,1,0
2010-06-12 16:00:00,-1.2587847,1,0
2010-06-12 17:00:00,-1.4335681,1,0
2010-06-12 18:00:00,-1.5937344,1,0
2010-06-12 19:00:00,-1.7500724,1,0
2010-06-12 20:00:00,-1.8727849,1,0
2010-06-12 21:00:00,-2.0331433,1,0
2010-06-12 22:00:00,-2.176364,1,0
2010-06-12 23:00:00,-2.3259146,1,0
2010-06-13 00:00:00,-2.4705288,1,0
2010-06-13 01:00:00,-2.6125796,1,0
2010-06-13 02:00:00,-2.7188673,1,0
2010-06-13 03:00:00,-2.8688128,1,0
2010-06-13 04:00:00,-3.0770264,1,0
2010-06-13 05:00:00,-3.2084415,1,0
2010-06-13 06:00:00,-3.329397,1,0
2010-06-13 07:00:00,-3.3917723,1,0
2010-06-13 08:00:00,-3.199822,1,0
2010-06-13 09:00:00,-2.6984603,1,0
2010-06-13 10:00:00,-2.4494953,1,0
2010-06-13 11:00:00,-2.2933156,1,0
2010-06-13 12:00:00,-2.167497,1,0
2010-06-13 13:00:00,-2.1108718,1,0
2010-06-13 14:00:00,-2.1325228,1,0
2010-06-13 15:00:00,-2.14586,1,0
2010-06-13 16:00:00,-1.9402677,1,0
2010-06-13 17:00:00,-2.0701673,1,0
2010-06-13 18:00:00,-2.2768176,1,0
2010-06-13 19:00:00,-2.5305014,1,0
2010-06-13 20:00:00,-2.752016,1,0
2010-06-13 21:00:00,-2.9493706,1,0
2010-06-13 22:00:00,-3.1117063,1,0
2010-06-13 23:00:00,-3.2394183,1,0
2010-06-14 00:00:00,-3.3435688,0,1
2010-06-14 01:00:00,-3.4243925,0,1
2010-06-14 02:00:00,-3.4865913,0,1
2010-06-14 03:00:00,-3.5259724,0,1
2010-06-14 04:00:00,-3.5560334,0,1
2010-06-14 05:00:00,-3.6005106,0,1
2010-06-14 06:00:00,-3.6271064,0,1
2010-06-14 07:00:00,-3.6137474,0,1
2010-06-14 08:00:00,-3.3366795,0,1
2010-06-14 09:00:00,-2.8585618,0,1
2010-06-14 10:00:00,-2.6118557,0,1
2010-06-14 11:00:00,-2.4976783,0,1
2010-06-14 12:00:00,-2.3866875,0,1
2010-06-14 13:00:00,-2.271771,0,1
2010-06-14 14:00:00,-2.2246544,0,1
2010-06-14 15:00:00,-2.2788982,0,1
2010-06-14 16:00:00,-2.3496542,0,1
2010-06-14 17:00:00,-2.4529002,0,1
2010-06-14 18:00:00,-2.8166246,0,1
2010-06-14 19:00:00,-3.0445943,0,1
2010-06-14 20:00:00,-3.1487103,0,1
2010-06-14 21:00:00,-3.1957679,0,1
2010-06-14 22:00:00,-3.2224462,0,1
2010-06-14 23:00:00,-3.2269561,0,1
2010-06-15 00:00:00,-3.2203407,0,0
2010-06-15 01:00:00,-3.2522874,0,0
2010-06-15 02:00:00,-3.2696602,0,0
2010-06-15 03:00:00,-3.295277,0,0
2010-06-15 04:00:00,-3.3810277,0,0
2010-06-15 05:00:00,-3.416376,0,0
2010-06-15 06:00:00,-3.4206629,0,0
2010-06-15 07:00:00,-3.4691918,0,0
2010-06-15 08:00:00,-3.330983,0,0
2010-06-15 09:00:00,-2.9467618,0,0
2010-06-15 10:00:00,-2.6222904,0,0
2010-06-15 11:00:00,-2.3968945,0,0
2010-06-15 12:00:00,-2.254682,0,0
2010-06-15 13:00:00,-2.14837,0,0
2010-06-15 14:00:00,-2.1290388,0,0
2010-06-15 15:00:00,-2.1685834,0,0
2010-06-15 16:00:00,-2.2147794,0,0
2010-06-15 17:00:00,-2.3051624,0,0
2010-06-15 18:00:00,-2.6372042,0,0
2010-06-15 19:00:00,-2.8793244,0,0
2010-06-15 20:00:00,-2.9802759,0,0
2010-06-15 21:00:00,-3.009641,0,0
2010-06-15 22:00:00,-2.967941,0,0
2010-06-15 23:00:00,-2.8898,0,0
2010-06-16 00:00:00,-2.8252537,0,0
2010-06-16 01:00:00,-2.759314,0,0
2010-06-16 02:00:00,-2.6620584,0,0
2010-06-16 03:00:00,-2.565057,0,0
2010-06-16 04:00:00,-2.6122503,0,0
2010-06-16 05:00:00,-2.5729446,0,0
2010-06-16 06:00:00,-2.5371816,0,0
2010-06-16 07:00:00,-2.5552354,0,0
2010-06-16 08:00:00,-2.408641,0,0
2010-06-16 09:00:00,-2.155302,0,0
2010-06-16 10:00:00,-1.9262825,0,0
2010-06-16 11:00:00,-1.8009434,0,0
2010-06-16 12:00:00,-1.5190895,0,0
2010-06-16 13:00:00,-1.2979846,0,0
2010-06-16 14:00:00,-1.3015777,0,0
2010-06-16 15:00:00,-1.3167855,0,0
2010-06-16 16:00:00,-1.4269949,0,0
2010-06-16 17:00:00,-1.477617,0,0
2010-06-16 18:00:00,-1.4627259,0,0
2010-06-16 19:00:00,-1.4628347,0,0
2010-06-16 20:00:00,-1.5083275,0,0
2010-06-16 21:00:00,-1.5314832,0,0
2010-06-16 22:00:00,-1.6412697,0,0
2010-06-16 23:00:00,-1.6422801,0,0
2010-06-17 00:00:00,-1.5615556,0,0
2010-06-17 01:00:00,-1.4233732,0,0
2010-06-17 02:00:00,-1.3163347,0,0
2010-06-17 03:00:00,-1.280572,0,0
2010-06-17 04:00:00,-1.3586369,0,0
2010-06-17 05:00:00,-1.4686179,0,0
2010-06-17 06:00:00,-1.496864,0,0
2010-06-17 07:00:00,-1.4917676,0,0
2010-06-17 08:00:00,-1.5325655,0,0
2010-06-17 09:00:00,-1.5475433,0,0
2010-06-17 10:00:00,-1.4639089,0,0
2010-06-17 11:00:00,-1.3925577,0,0
2010-06-17 12:00:00,-1.325043,0,0
2010-06-17 13:00:00,-1.2552186,0,0
2010-06-17 14:00:00,-1.2703322,0,0
2010-06-17 15:00:00,-1.2833084,0,0
2010-06-17 16:00:00,-1.38314,0,0
2010-06-17 17:00:00,-1.494191,0,0
2010-06-17 18:00:00,-1.5899055,0,0
2010-06-17 19:00:00,-1.6424228,0,0
2010-06-17 20:00:00,-1.6514227,0,0
2010-06-17 21:00:00,-1.6328096,0,0
2010-06-17 22:00:00,-1.6098275,0,0
2010-06-17 23:00:00,-1.5992818,0,0
2010-06-18 00:00:00,-1.5598117,0,0
2010-06-18 01:00:00,-1.5499978,0,0
2010-06-18 02:00:00,-1.5251836,0,0
2010-06-18 03:00:00,-1.5251015,0,0
2010-06-18 04:00:00,-1.5636634,0,0
2010-06-18 05:00:00,-1.5620157,0,0
2010-06-18 06:00:00,-1.5756855,0,0
2010-06-18 07:00:00,-1.5717285,0,0
2010-06-18 08:00:00,-1.4882559,0,0
2010-06-18 09:00:00,-1.3246531,0,0
2010-06-18 10:00:00,-1.1691757,0,0
2010-06-18 11:00:00,-1.0510267,0,0
2010-06-18 12:00:00,-0.86630744,0,0
2010-06-18 13:00:00,-0.78736645,0,0
2010-06-18 14:00:00,-0.75815564,0,0
2010-06-18 15:00:00,-0.7668694,0,0
2010-06-18 16:00:00,-0.73907644,0,0
2010-06-18 17:00:00,-0.8196332,0,0
2010-06-18 18:00:00,-0.80797964,0,0
2010-06-18 19:00:00,-0.86337805,0,0
2010-06-18 20:00:00,-0.89330053,0,0
2010-06-18 21:00:00,-0.88275915,0,0
2010-06-18 22:00:00,-0.9117658,0,0
2010-06-18 23:00:00,-0.90657514,0,0
2010-06-19 00:00:00,-0.86867505,1,0
2010-06-19 01:00:00,-0.8775686,1,0
2010-06-19 02:00:00,-0.90632087,1,0
2010-06-19 03:00:00,-0.9382865,1,0
2010-06-19 04:00:00,-0.9553462,1,0
2010-06-19 05:00:00,-0.9227145,1,0
2010-06-19 06:00:00,-0.9227145,1,0
2010-06-19 07:00:00,-0.94478846,1,0
2010-06-19 08:00:00,-0.8807629,1,0
2010-06-19 09:00:00,-0.7933089,1,0
2010-06-19 10:00:00,-0.67626464,1,0
2010-06-19 11:00:00,-0.58110976,1,0
2010-06-19 12:00:00,-0.5080436,1,0
2010-06-19 13:00:00,-0.4459735,1,0
2010-06-19 14:00:00,-0.46200308,1,0
2010-06-19 15:00:00,-0.5227954,1,0
2010-06-19 16:00:00,-0.5015209,1,0
2010-06-19 17:00:00,-0.5832168,1,0
2010-06-19 18:00:00,-0.6656565,1,0
2010-06-19 19:00:00,-0.7558195,1,0
2010-06-19 20:00:00,-0.8316319,1,0
2010-06-19 21:00:00,-0.82553744,1,0
2010-06-19 22:00:00,-0.8931058,1,0
2010-06-19 23:00:00,-0.97485286,1,0
2010-06-20 00:00:00,-1.0429107,1,0
2010-06-20 01:00:00,-1.0695256,1,0
2010-06-20 02:00:00,-1.0883862,1,0
2010-06-20 03:00:00,-1.1246386,1,0
2010-06-20 04:00:00,-1.1607311,1,0
2010-06-20 05:00:00,-1.1247139,1,0
2010-06-20 06:00:00,-1.1214063,1,0
2010-06-20 07:00:00,-1.1077174,1,0
2010-06-20 08:00:00,-0.99563354,1,0
2010-06-20 09:00:00,-0.83572155,1,0
2010-06-20 10:00:00,-0.69041437,1,0
2010-06-20 11:00:00,-0.56699693,1,0
2010-06-20 12:00:00,-0.47473803,1,0
2010-06-20 13:00:00,-0.43268678,1,0
2010-06-20 14:00:00,-0.4734871,1,0
2010-06-20 15:00:00,-0.5241913,1,0
2010-06-20 16:00:00,-0.33808059,1,0
2010-06-20 17:00:00,-0.5225957,1,0
2010-06-20 18:00:00,-0.7646033,1,0
2010-06-20 19:00:00,-0.82959193,1,0
2010-06-20 20:00:00,-0.9437059,1,0
2010-06-20 21:00:00,-1.3429911,1,0
2010-06-20 22:00:00,-1.6267217,1,0
2010-06-20 23:00:00,-1.7786041,1,0
2010-06-21 00:00:00,-1.6725016,0,0
2010-06-21 01:00:00,-1.6480049,0,0
2010-06-21 02:00:00,-1.5824604,0,0
2010-06-21 03:00:00,-1.5647202,0,0
2010-06-21 04:00:00,-1.5465844,0,0
2010-06-21 05:00:00,-1.549117,0,0
2010-06-21 06:00:00,-1.6046441,0,0
2010-06-21 07:00:00,-1.6517675,0,0
2010-06-21 08:00:00,-1.6085045,0,0
2010-06-21 09:00:00,-1.3890259,0,0
2010-06-21 10:00:00,-1.1054976,0,0
2010-06-21 11:00:00,-0.8800359,0,0
2010-06-21 12:00:00,-0.74277633,0,0
2010-06-21 13:00:00,-0.7052584,0,0
2010-06-21 14:00:00,-0.68782693,0,0
2010-06-21 15:00:00,-0.7423882,0,0
2010-06-21 16:00:00,-0.70684505,0,0
2010-06-21 17:00:00,-0.86112016,0,0
2010-06-21 18:00:00,-0.9957286,0,0
2010-06-21 19:00:00,-1.1345172,0,0
2010-06-21 20:00:00,-1.2230325,0,0
2010-06-21 21:00:00,-1.2771784,0,0
2010-06-21 22:00:00,-1.320027,0,0
2010-06-21 23:00:00,-1.3509288,0,0
2010-06-22 00:00:00,-1.3705331,0,0
2010-06-22 01:00:00,-1.3856909,0,0
2010-06-22 02:00:00,-1.4141889,0,0
2010-06-22 03:00:00,-1.4396335,0,0
2010-06-22 04:00:00,-1.4841299,0,0
2010-06-22 05:00:00,-1.5193063,0,0
2010-06-22 06:00:00,-1.5761613,0,0
2010-06-22 07:00:00,-1.6546005,0,0
2010-06-22 08:00:00,-1.565511,0,0
2010-06-22 09:00:00,-1.3128843,0,0
2010-06-22 10:00:00,-1.0417681,0,0
2010-06-22 11:00:00,-0.8639383,0,0
2010-06-22 12:00:00,-0.7781737,0,0
2010-06-22 13:00:00,-0.71971667,0,0
2010-06-22 14:00:00,-0.73961335,0,0
2010-06-22 15:00:00,-0.77675426,0,0
2010-06-22 16:00:00,-0.53416127,0,0
2010-06-22 17:00:00,-0.7665459,0,0
2010-06-22 18:00:00,-0.91458887,0,0
2010-06-22 19:00:00,-1.0266027,0,0
2010-06-22 20:00:00,-1.0802591,0,0
2010-06-22 21:00:00,-1.1706451,0,0
2010-06-22 22:00:00,-1.2914313,0,0
2010-06-22 23:00:00,-1.4212054,0,0
2010-06-23 00:00:00,-1.5561701,0,0
2010-06-23 01:00:00,-1.6755627,0,0
2010-06-23 02:00:00,-1.7947012,0,0
2010-06-23 03:00:00,-1.8983618,0,0
2010-06-23 04:00:00,-1.9869282,0,0
2010-06-23 05:00:00,-2.0719638,0,0
2010-06-23 06:00:00,-2.1353207,0,0
2010-06-23 07:00:00,-2.2024748,0,0
2010-06-23 08:00:00,-2.1013563,0,0
2010-06-23 09:00:00,-1.7717589,0,0
2010-06-23 10:00:00,-1.4438632,0,0
2010-06-23 11:00:00,-1.1514125,0,0
2010-06-23 12:00:00,-0.9572159,0,0
2010-06-23 13:00:00,-0.86539984,0,0
2010-06-23 14:00:00,-0.858745,0,0
2010-06-23 15:00:00,-0.87596136,0,0
2010-06-23 16:00:00,-0.8804436,0,0
2010-06-23 17:00:00,-1.1253592,0,0
2010-06-23 18:00:00,-1.2952527,0,0
2010-06-23 19:00:00,-1.3226504,0,0
2010-06-23 20:00:00,-1.3403677,0,0
2010-06-23 21:00:00,-1.3853534,0,0
2010-06-23 22:00:00,-1.4245814,0,0
2010-06-23 23:00:00,-1.4656924,0,0
2010-06-24 00:00:00,-1.5112499,0,0
2010-06-24 01:00:00,-1.545937,0,0
2010-06-24 02:00:00,-1.5767442,0,0
2010-06-24 03:00:00,-1.6026154,0,0
2010-06-24 04:00:00,-1.6883048,0,0
2010-06-24 05:00:00,-1.7206821,0,0
2010-06-24 06:00:00,-1.7426783,0,0
2010-06-24 07:00:00,-1.7711761,0,0
2010-06-24 08:00:00,-1.673271,0,0
2010-06-24 09:00:00,-1.3862239,0,0
2010-06-24 10:00:00,-1.1285545,0,0
2010-06-24 11:00:00,-0.94078195,0,0
2010-06-24 12:00:00,-0.8146865,0,0
2010-06-24 13:00:00,-0.74137473,0,0
2010-06-24 14:00:00,-0.69141364,0,0
2010-06-24 15:00:00,-0.71692044,0,0
2010-06-24 16:00:00,-0.64224404,0,0
2010-06-24 17:00:00,-0.78302884,0,0
2010-06-24 18:00:00,-0.9012314,0,0
2010-06-24 19:00:00,-0.96107656,0,0
2010-06-24 20:00:00,-0.9723739,0,0
2010-06-24 21:00:00,-1.0102696,0,0
2010-06-24 22:00:00,-1.0350794,0,0
2010-06-24 23:00:00,-1.0223844,0,0
2010-06-25 00:00:00,-1.0275705,0,0
2010-06-25 01:00:00,-1.0282158,0,0
2010-06-25 02:00:00,-1.0496402,0,0
2010-06-25 03:00:00,-1.0872859,0,0
2010-06-25 04:00:00,-1.1138066,0,0
2010-06-25 05:00:00,-1.1626554,0,0
2010-06-25 06:00:00,-1.2360804,0,0
2010-06-25 07:00:00,-1.2530581,0,0
2010-06-25 08:00:00,-1.3478954,0,0
2010-06-25 09:00:00,-1.3279276,0,0
2010-06-25 10:00:00,-1.1724745,0,0
2010-06-25 11:00:00,-0.9997488,0,0
2010-06-25 12:00:00,-0.9442317,0,0
2010-06-25 13:00:00,-1.0324917,0,0
2010-06-25 14:00:00,-1.098819,0,0
2010-06-25 15:00:00,-1.3622699,0,0
2010-06-25 16:00:00,-1.6003945,0,0
2010-06-25 17:00:00,-1.7931224,0,0
2010-06-25 18:00:00,-1.9163678,0,0
2010-06-25 19:00:00,-1.9231483,0,0
2010-06-25 20:00:00,-1.9219859,0,0
2010-06-25 21:00:00,-1.9293216,0,0
2010-06-25 22:00:00,-1.9661535,0,0
2010-06-25 23:00:00,-1.9908664,0,0
2010-06-26 00:00:00,-2.0699673,1,0
2010-06-26 01:00:00,-2.1872349,1,0
2010-06-26 02:00:00,-2.3160229,1,0
2010-06-26 03:00:00,-2.4458213,1,0
2010-06-26 04:00:00,-2.5155368,1,0
2010-06-26 05:00:00,-2.554551,1,0
2010-06-26 06:00:00,-2.5910673,1,0
2010-06-26 07:00:00,-2.650307,1,0
2010-06-26 08:00:00,-2.5920143,1,0
2010-06-26 09:00:00,-2.1822581,1,0
2010-06-26 10:00:00,-2.0207086,1,0
2010-06-26 11:00:00,-1.9064224,1,0
2010-06-26 12:00:00,-1.8448421,1,0
2010-06-26 13:00:00,-1.7944812,1,0
2010-06-26 14:00:00,-1.8019226,1,0
2010-06-26 15:00:00,-1.8468809,1,0
2010-06-26 16:00:00,-1.8793613,1,0
2010-06-26 17:00:00,-2.051741,1,0
2010-06-26 18:00:00,-2.196081,1,0
2010-06-26 19:00:00,-2.3116376,1,0
2010-06-26 20:00:00,-2.4506617,1,0
2010-06-26 21:00:00,-2.6209073,1,0
2010-06-26 22:00:00,-2.8027842,1,0
2010-06-26 23:00:00,-2.9219637,1,0
2010-06-27 00:00:00,-2.9932444,1,0
2010-06-27 01:00:00,-3.080618,1,0
2010-06-27 02:00:00,-3.163485,1,0
2010-06-27 03:00:00,-3.2693298,1,0
2010-06-27 04:00:00,-3.3294735,1,0
2010-06-27 05:00:00,-3.4263303,1,0
2010-06-27 06:00:00,-3.492775,1,0
2010-06-27 07:00:00,-3.561718,1,0
2010-06-27 08:00:00,-3.3063288,1,0
2010-06-27 09:00:00,-2.734435,1,0
2010-06-27 10:00:00,-2.402902,1,0
2010-06-27 11:00:00,-2.1635938,1,0
2010-06-27 12:00:00,-2.0311131,1,0
2010-06-27 13:00:00,-1.9905809,1,0
2010-06-27 14:00:00,-1.9866617,1,0
2010-06-27 15:00:00,-2.0240688,1,0
2010-06-27 16:00:00,-1.9800198,1,0
2010-06-27 17:00:00,-2.1093907,1,0
2010-06-27 18:00:00,-2.2354543,1,0
2010-06-27 19:00:00,-2.3165007,1,0
2010-06-27 20:00:00,-2.4127703,1,0
2010-06-27 21:00:00,-2.4816499,1,0
2010-06-27 22:00:00,-2.5899174,1,0
2010-06-27 23:00:00,-2.7077448,1,0
2010-06-28 00:00:00,-2.8305905,0,0
2010-06-28 01:00:00,-2.9254277,0,0
2010-06-28 02:00:00,-2.9456038,0,0
2010-06-28 03:00:00,-2.8923671,0,0
2010-06-28 04:00:00,-2.755496,0,0
2010-06-28 05:00:00,-2.715854,0,0
2010-06-28 06:00:00,-2.7238436,0,0
2010-06-28 07:00:00,-2.735364,0,0
2010-06-28 08:00:00,-2.6560717,0,0
2010-06-28 09:00:00,-2.476885,0,0
2010-06-28 10:00:00,-2.2742531,0,0
2010-06-28 11:00:00,-2.0879683,0,0
2010-06-28 12:00:00,-1.9853445,0,0
2010-06-28 13:00:00,-1.9138137,0,0
2010-06-28 14:00:00,-1.8610923,0,0
2010-06-28 15:00:00,-1.8693986,0,0
2010-06-28 16:00:00,-1.9057257,0,0
2010-06-28 17:00:00,-1.9613272,0,0
2010-06-28 18:00:00,-1.974805,0,0
2010-06-28 19:00:00,-1.9680756,0,0
2010-06-28 20:00:00,-1.9086137,0,0
2010-06-28 21:00:00,-1.8369548,0,0
2010-06-28 22:00:00,-1.7873578,0,0
2010-06-28 23:00:00,-1.806727,0,0
2010-06-29 00:00:00,-1.8660513,0,0
2010-06-29 01:00:00,-1.8973675,0,0
2010-06-29 02:00:00,-1.927591,0,0
2010-06-29 03:00:00,-1.9685444,0,0
2010-06-29 04:00:00,-2.1222167,0,0
2010-06-29 05:00:00,-2.1793094,0,0
2010-06-29 06:00:00,-2.2428262,0,0
2010-06-29 07:00:00,-2.254519,0,0
2010-06-29 08:00:00,-2.1815178,0,0
2010-06-29 09:00:00,-2.0840387,0,0
2010-06-29 10:00:00,-1.9549896,0,0
2010-06-29 11:00:00,-1.8821362,0,0
2010-06-29 12:00:00,-1.7856779,0,0
2010-06-29 13:00:00,-1.7289681,0,0
2010-06-29 14:00:00,-1.6495187,0,0
2010-06-29 15:00:00,-1.6995257,0,0
2010-06-29 16:00:00,-1.9544107,0,0
2010-06-29 17:00:00,-2.106083,0,0
2010-06-29 18:00:00,-2.1615715,0,0
2010-06-29 19:00:00,-2.1694953,0,0
2010-06-29 20:00:00,-2.2170453,0,0
2010-06-29 21:00:00,-2.2516499,0,0
2010-06-29 22:00:00,-2.2232273,0,0
2010-06-29 23:00:00,-2.2602234,0,0
2010-06-30 00:00:00,-2.3259718,0,0
2010-06-30 01:00:00,-2.363712,0,0
2010-06-30 02:00:00,-2.3833165,0,0
2010-06-30 03:00:00,-2.3935378,0,0
2010-06-30 04:00:00,-2.5254493,0,0
2010-06-30 05:00:00,-2.6146019,0,0
2010-06-30 06:00:00,-2.7103794,0,0
2010-06-30 07:00:00,-2.7726092,0,0
2010-06-30 08:00:00,-2.649146,0,0
2010-06-30 09:00:00,-2.2057135,0,0
2010-06-30 10:00:00,-2.0003214,0,0
2010-06-30 11:00:00,-1.9059294,0,0
2010-06-30 12:00:00,-1.827093,0,0
2010-06-30 13:00:00,-1.7966877,0,0
2010-06-30 14:00:00,-1.7939079,0,0
2010-06-30 15:00:00,-1.8910778,0,0
2010-06-30 16:00:00,-1.8965273,0,0
2010-06-30 17:00:00,-2.0198038,0,0
2010-06-30 18:00:00,-2.170728,0,0
2010-06-30 19:00:00,-2.2615528,0,0
2010-06-30 20:00:00,-2.409819,0,0
2010-06-30 21:00:00,-2.490402,0,0
2010-06-30 22:00:00,-2.4722412,0,0
2010-06-30 23:00:00,-2.5276206,0,0
2010-07-01 00:00:00,-2.6377833,0,0
2010-07-01 01:00:00,-2.7974324,0,0
2010-07-01 02:00:00,-2.9034371,0,0
2010-07-01 03:00:00,-3.022215,0,0
2010-07-01 04:00:00,-3.2092884,0,0
2010-07-01 05:00:00,-3.1883342,0,0
2010-07-01 06:00:00,-3.1920183,0,0
2010-07-01 07:00:00,-3.279841,0,0
2010-07-01 08:00:00,-3.1254444,0,0
2010-07-01 09:00:00,-2.535602,0,0
2010-07-01 10:00:00,-2.176327,0,0
2010-07-01 11:00:00,-2.032389,0,0
2010-07-01 12:00:00,-1.9034269,0,0
2010-07-01 13:00:00,-1.8651263,0,0
2010-07-01 14:00:00,-1.867236,0,0
2010-07-01 15:00:00,-1.8982967,0,0
2010-07-01 16:00:00,-1.9657452,0,0
2010-07-01 17:00:00,-2.0562613,0,0
2010-07-01 18:00:00,-2.3552673,0,0
2010-07-01 19:00:00,-2.5098512,0,0
2010-07-01 20:00:00,-2.685292,0,0
2010-07-01 21:00:00,-2.880497,0,0
2010-07-01 22:00:00,-3.030302,0,0
2010-07-01 23:00:00,-3.0763612,0,0
2010-07-02 00:00:00,-3.1398125,0,0
2010-07-02 01:00:00,-3.1709495,0,0
2010-07-02 02:00:00,-3.2298596,0,0
2010-07-02 03:00:00,-3.2574537,0,0
2010-07-02 04:00:00,-3.3805838,0,0
2010-07-02 05:00:00,-3.439494,0,0
2010-07-02 06:00:00,-3.5258286,0,0
2010-07-02 07:00:00,-3.435009,0,0
2010-07-02 08:00:00,-3.2188625,0,0
2010-07-02 09:00:00,-2.7255604,0,0
2010-07-02 10:00:00,-2.355572,0,0
2010-07-02 11:00:00,-2.2074535,0,0
2010-07-02 12:00:00,-2.1126618,0,0
2010-07-02 13:00:00,-2.002776,0,0
2010-07-02 14:00:00,-1.9582865,0,0
2010-07-02 15:00:00,-1.9680805,0,0
2010-07-02 16:00:00,-1.9657167,0,0
2010-07-02 17:00:00,-2.1229672,0,0
2010-07-02 18:00:00,-2.3159332,0,0
2010-07-02 19:00:00,-2.4307733,0,0
2010-07-02 20:00:00,-2.4624906,0,0
2010-07-02 21:00:00,-2.530272,0,0
2010-07-02 22:00:00,-2.6705518,0,0
2010-07-02 23:00:00,-2.8335085,0,0
2010-07-03 00:00:00,-3.0540352,1,0
2010-07-03 01:00:00,-3.187813,1,0
2010-07-03 02:00:00,-3.3073468,1,0
2010-07-03 03:00:00,-3.3631094,1,0
2010-07-03 04:00:00,-3.3917484,1,0
2010-07-03 05:00:00,-3.416449,1,0
2010-07-03 06:00:00,-3.5330894,1,0
2010-07-03 07:00:00,-3.5359514,1,0
2010-07-03 08:00:00,-3.2823822,1,0
2010-07-03 09:00:00,-2.6473114,1,0
2010-07-03 10:00:00,-2.1406984,1,0
2010-07-03 11:00:00,-1.9287413,1,0
2010-07-03 12:00:00,-1.7906626,1,0
2010-07-03 13:00:00,-1.7033124,1,0
2010-07-03 14:00:00,-1.6850737,1,0
2010-07-03 15:00:00,-1.712354,1,0
2010-07-03 16:00:00,-1.703023,1,0
2010-07-03 17:00:00,-1.8535441,1,0
2010-07-03 18:00:00,-2.1599095,1,0
2010-07-03 19:00:00,-2.4547575,1,0
2010-07-03 20:00:00,-2.6056383,1,0
2010-07-03 21:00:00,-2.6834567,1,0
2010-07-03 22:00:00,-2.7039936,1,0
2010-07-03 23:00:00,-2.7253869,1,0
2010-07-04 00:00:00,-2.758981,1,0
2010-07-04 01:00:00,-2.79851,1,0
2010-07-04 02:00:00,-2.8413463,1,0
2010-07-04 03:00:00,-2.897363,1,0
2010-07-04 04:00:00,-3.0084176,1,0
2010-07-04 05:00:00,-3.0637848,1,0
2010-07-04 06:00:00,-3.1087708,1,0
2010-07-04 07:00:00,-3.1507034,1,0
2010-07-04 08:00:00,-3.0356605,1,0
2010-07-04 09:00:00,-2.673768,1,0
2010-07-04 10:00:00,-2.356508,1,0
2010-07-04 11:00:00,-2.1696901,1,0
2010-07-04 12:00:00,-2.047845,1,0
2010-07-04 13:00:00,-1.9748143,1,0
2010-07-04 14:00:00,-1.970883,1,0
2010-07-04 15:00:00,-2.011077,1,0
2010-07-04 16:00:00,-1.9741329,1,0
2010-07-04 17:00:00,-2.0389621,1,0
2010-07-04 18:00:00,-2.3847108,1,0
2010-07-04 19:00:00,-2.6095989,1,0
2010-07-04 20:00:00,-2.7127988,1,0
2010-07-04 21:00:00,-2.7985783,1,0
2010-07-04 22:00:00,-2.8626668,1,0
2010-07-04 23:00:00,-2.9436388,1,0
2010-07-05 00:00:00,-3.004846,0,0
2010-07-05 01:00:00,-3.049578,0,0
2010-07-05 02:00:00,-3.0961292,0,0
2010-07-05 03:00:00,-3.1520638,0,0
2010-07-05 04:00:00,-3.2586715,0,0
2010-07-05 05:00:00,-3.2617059,0,0
2010-07-05 06:00:00,-3.2732384,0,0
2010-07-05 07:00:00,-3.2899616,0,0
2010-07-05 08:00:00,-3.1395514,0,0
2010-07-05 09:00:00,-2.8000815,0,0
2010-07-05 10:00:00,-2.4820774,0,0
2010-07-05 11:00:00,-2.3392663,0,0
2010-07-05 12:00:00,-2.215929,0,0
2010-07-05 13:00:00,-2.1359656,0,0
2010-07-05 14:00:00,-2.0760765,0,0
2010-07-05 15:00:00,-2.0911553,0,0
2010-07-05 16:00:00,-2.041438,0,0
2010-07-05 17:00:00,-2.18682,0,0
2010-07-05 18:00:00,-2.316664,0,0
2010-07-05 19:00:00,-2.4966235,0,0
2010-07-05 20:00:00,-2.5762725,0,0
2010-07-05 21:00:00,-2.6600208,0,0
2010-07-05 22:00:00,-2.7381833,0,0
2010-07-05 23:00:00,-2.8047945,0,0
2010-07-06 00:00:00,-2.889682,0,0
2010-07-06 01:00:00,-3.0821185,0,0
2010-07-06 02:00:00,-3.3661335,0,0
2010-07-06 03:00:00,-3.6003957,0,0
2010-07-06 04:00:00,-3.630045,0,0
2010-07-06 05:00:00,-3.5627873,0,0
2010-07-06 06:00:00,-3.467521,0,0
2010-07-06 07:00:00,-3.5138407,0,0
2010-07-06 08:00:00,-3.155198,0,0
2010-07-06 09:00:00,-2.629664,0,0
2010-07-06 10:00:00,-2.2150683,0,0
2010-07-06 11:00:00,-1.9854919,0,0
2010-07-06 12:00:00,-1.851872,0,0
2010-07-06 13:00:00,-1.7448983,0,0
2010-07-06 14:00:00,-1.6952616,0,0
2010-07-06 15:00:00,-1.6717622,0,0
2010-07-06 16:00:00,-1.6247253,0,0
2010-07-06 17:00:00,-1.8000175,0,0
2010-07-06 18:00:00,-1.9531101,0,0
2010-07-06 19:00:00,-2.0891,0,0
2010-07-06 20:00:00,-2.3393083,0,0
2010-07-06 21:00:00,-2.5076094,0,0
2010-07-06 22:00:00,-2.6280127,0,0
2010-07-06 23:00:00,-2.8095286,0,0
2010-07-07 00:00:00,-2.9196794,0,0
2010-07-07 01:00:00,-3.0470614,0,0
2010-07-07 02:00:00,-3.0911436,0,0
2010-07-07 03:00:00,-3.113453,0,0
2010-07-07 04:00:00,-3.146887,0,0
2010-07-07 05:00:00,-3.1527083,0,0
2010-07-07 06:00:00,-3.1856532,0,0
2010-07-07 07:00:00,-3.228725,0,0
2010-07-07 08:00:00,-3.0278838,0,0
2010-07-07 09:00:00,-2.2917912,0,0
2010-07-07 10:00:00,-1.8953599,0,0
2010-07-07 11:00:00,-1.6832697,0,0
2010-07-07 12:00:00,-1.5229918,0,0
2010-07-07 13:00:00,-1.4459405,0,0
2010-07-07 14:00:00,-1.4106423,0,0
2010-07-07 15:00:00,-1.4201189,0,0
2010-07-07 16:00:00,-1.4380567,0,0
2010-07-07 17:00:00,-1.607332,0,0
2010-07-07 18:00:00,-1.8983139,0,0
2010-07-07 19:00:00,-2.168967,0,0
2010-07-07 20:00:00,-2.4132755,0,0
2010-07-07 21:00:00,-2.5594432,0,0
2010-07-07 22:00:00,-2.6509686,0,0
2010-07-07 23:00:00,-2.742588,0,0
2010-07-08 00:00:00,-2.7464607,0,0
2010-07-08 01:00:00,-2.728165,0,0
2010-07-08 02:00:00,-2.7515666,0,0
2010-07-08 03:00:00,-2.8125198,0,0
2010-07-08 04:00:00,-2.9116273,0,0
2010-07-08 05:00:00,-2.9074159,0,0
2010-07-08 06:00:00,-2.857804,0,0
2010-07-08 07:00:00,-2.8164363,0,0
2010-07-08 08:00:00,-2.5989783,0,0
2010-07-08 09:00:00,-2.1940897,0,0
2010-07-08 10:00:00,-1.8753414,0,0
2010-07-08 11:00:00,-1.833983,0,0
2010-07-08 12:00:00,-1.7936184,0,0
2010-07-08 13:00:00,-1.7011242,0,0
2010-07-08 14:00:00,-1.7008958,0,0
2010-07-08 15:00:00,-1.7484179,0,0
2010-07-08 16:00:00,-1.6630201,0,0
2010-07-08 17:00:00,-1.9252332,0,0
2010-07-08 18:00:00,-2.1383,0,0
2010-07-08 19:00:00,-2.2852547,0,0
2010-07-08 20:00:00,-2.3671737,0,0
2010-07-08 21:00:00,-2.4570825,0,0
2010-07-08 22:00:00,-2.518556,0,0
2010-07-08 23:00:00,-2.5829113,0,0
2010-07-09 00:00:00,-2.6338317,0,0
2010-07-09 01:00:00,-2.6765084,0,0
2010-07-09 02:00:00,-2.7125065,0,0
2010-07-09 03:00:00,-2.7522073,0,0
2010-07-09 04:00:00,-2.8625178,0,0
2010-07-09 05:00:00,-2.8911884,0,0
2010-07-09 06:00:00,-2.889286,0,0
2010-07-09 07:00:00,-2.9060094,0,0
2010-07-09 08:00:00,-2.8027413,0,0
2010-07-09 09:00:00,-2.5287025,0,0
2010-07-09 10:00:00,-2.1868165,0,0
2010-07-09 11:00:00,-1.864409,0,0
2010-07-09 12:00:00,-1.6372918,0,0
2010-07-09 13:00:00,-1.5036453,0,0
2010-07-09 14:00:00,-1.4454159,0,0
2010-07-09 15:00:00,-1.4668082,0,0
2010-07-09 16:00:00,-1.5290926,0,0
2010-07-09 17:00:00,-1.6440066,0,0
2010-07-09 18:00:00,-1.6725669,0,0
2010-07-09 19:00:00,-1.6768849,0,0
2010-07-09 20:00:00,-1.6502042,0,0
2010-07-09 21:00:00,-1.6422144,0,0
2010-07-09 22:00:00,-1.6052182,0,0
2010-07-09 23:00:00,-1.6018475,0,0
2010-07-10 00:00:00,-1.6045057,1,0
2010-07-10 01:00:00,-1.584409,1,0
2010-07-10 02:00:00,-1.5616691,1,0
2010-07-10 03:00:00,-1.5223756,1,0
2010-07-10 04:00:00,-1.4393907,1,0
2010-07-10 05:00:00,-1.4561121,1,0
2010-07-10 06:00:00,-1.503916,1,0
2010-07-10 07:00:00,-1.5850012,1,0
2010-07-10 08:00:00,-1.5916797,1,0
2010-07-10 09:00:00,-1.506453,1,0
2010-07-10 10:00:00,-1.3645003,1,0
2010-07-10 11:00:00,-1.2270643,1,0
2010-07-10 12:00:00,-1.1519715,1,0
2010-07-10 13:00:00,-1.0975901,1,0
2010-07-10 14:00:00,-1.1212531,1,0
2010-07-10 15:00:00,-1.148803,1,0
2010-07-10 16:00:00,-1.1574224,1,0
2010-07-10 17:00:00,-1.2722708,1,0
2010-07-10 18:00:00,-1.3577639,1,0
2010-07-10 19:00:00,-1.404836,1,0
2010-07-10 20:00:00,-1.455439,1,0
2010-07-10 21:00:00,-1.5008514,1,0
2010-07-10 22:00:00,-1.5193945,1,0
2010-07-10 23:00:00,-1.5667721,1,0
2010-07-11 00:00:00,-1.5857104,1,0
2010-07-11 01:00:00,-1.6160282,1,0
2010-07-11 02:00:00,-1.6225302,1,0
2010-07-11 03:00:00,-1.6347122,1,0
2010-07-11 04:00:00,-1.6858872,1,0
2010-07-11 05:00:00,-1.7162049,1,0
2010-07-11 06:00:00,-1.7187496,1,0
2010-07-11 07:00:00,-1.7342395,1,0
2010-07-11 08:00:00,-1.6617156,1,0
2010-07-11 09:00:00,-1.5270252,1,0
2010-07-11 10:00:00,-1.4126077,1,0
2010-07-11 11:00:00,-1.2911042,1,0
2010-07-11 12:00:00,-1.1688572,1,0
2010-07-11 13:00:00,-1.1254246,1,0
2010-07-11 14:00:00,-1.0731928,1,0
2010-07-11 15:00:00,-1.0859149,1,0
2010-07-11 16:00:00,-1.05896,1,0
2010-07-11 17:00:00,-1.2231779,1,0
2010-07-11 18:00:00,-1.3732804,1,0
2010-07-11 19:00:00,-1.5165323,1,0
2010-07-11 20:00:00,-1.6293409,1,0
2010-07-11 21:00:00,-1.6906428,1,0
2010-07-11 22:00:00,-1.7585286,1,0
2010-07-11 23:00:00,-1.8525399,1,0
2010-07-12 00:00:00,-1.8990135,0,0
2010-07-12 01:00:00,-1.9522433,0,0
2010-07-12 02:00:00,-1.9882416,0,0
2010-07-12 03:00:00,-2.0011675,0,0
2010-07-12 04:00:00,-2.0020523,0,0
2010-07-12 05:00:00,-2.046944,0,0
2010-07-12 06:00:00,-2.0914404,0,0
2010-07-12 07:00:00,-2.125129,0,0
2010-07-12 08:00:00,-2.0666115,0,0
2010-07-12 09:00:00,-1.7999952,0,0
2010-07-12 10:00:00,-1.5318544,0,0
2010-07-12 11:00:00,-1.3733935,0,0
2010-07-12 12:00:00,-1.3220147,0,0
2010-07-12 13:00:00,-1.292009,0,0
2010-07-12 14:00:00,-1.3236027,0,0
2010-07-12 15:00:00,-1.3369275,0,0
2010-07-12 16:00:00,-1.35217,0,0
2010-07-12 17:00:00,-1.5738293,0,0
2010-07-12 18:00:00,-1.7512275,0,0
2010-07-12 19:00:00,-1.816765,0,0
2010-07-12 20:00:00,-1.7848938,0,0
2010-07-12 21:00:00,-1.6862445,0,0
2010-07-12 22:00:00,-1.6380409,0,0
2010-07-12 23:00:00,-1.6148866,0,0
2010-07-13 00:00:00,-1.5746771,0,0
2010-07-13 01:00:00,-1.5219325,0,0
2010-07-13 02:00:00,-1.4945858,0,0
2010-07-13 03:00:00,-1.5205511,0,0
2010-07-13 04:00:00,-1.5002824,0,0
2010-07-13 05:00:00,-1.4676508,0,0
2010-07-13 06:00:00,-1.4655092,0,0
2010-07-13 07:00:00,-1.3744648,0,0
2010-07-13 08:00:00,-1.3224639,0,0
2010-07-13 09:00:00,-1.1626418,0,0
2010-07-13 10:00:00,-0.9898382,0,0
2010-07-13 11:00:00,-0.88049287,0,0
2010-07-13 12:00:00,-0.87155056,0,0
2010-07-13 13:00:00,-0.9149717,0,0
2010-07-13 14:00:00,-1.1667358,0,0
2010-07-13 15:00:00,-1.239315,0,0
2010-07-13 16:00:00,-1.383676,0,0
2010-07-13 17:00:00,-1.6426835,0,0
2010-07-13 18:00:00,-1.7263688,0,0
2010-07-13 19:00:00,-1.7701335,0,0
2010-07-13 20:00:00,-1.8418287,0,0
2010-07-13 21:00:00,-1.9200915,0,0
2010-07-13 22:00:00,-1.9961555,0,0
2010-07-13 23:00:00,-1.9370786,0,0
2010-07-14 00:00:00,-1.8970221,0,0
2010-07-14 01:00:00,-1.88762,0,0
2010-07-14 02:00:00,-1.87673,0,0
2010-07-14 03:00:00,-1.8658401,0,0
2010-07-14 04:00:00,-1.8395712,0,0
2010-07-14 05:00:00,-1.7937404,0,0
2010-07-14 06:00:00,-1.7585449,0,0
2010-07-14 07:00:00,-1.7165933,0,0
2010-07-14 08:00:00,-1.6235611,0,0
2010-07-14 09:00:00,-1.4812374,0,0
2010-07-14 10:00:00,-1.3232518,0,0
2010-07-14 11:00:00,-1.2682409,0,0
2010-07-14 12:00:00,-1.1324258,0,0
2010-07-14 13:00:00,-1.0547304,0,0
2010-07-14 14:00:00,-1.0593293,0,0
2010-07-14 15:00:00,-1.1625075,0,0
2010-07-14 16:00:00,-1.19849,0,0
2010-07-14 17:00:00,-1.311502,0,0
2010-07-14 18:00:00,-1.3864417,0,0
2010-07-14 19:00:00,-1.4364773,0,0
2010-07-14 20:00:00,-1.4883959,0,0
2010-07-14 21:00:00,-1.5567082,0,0
2010-07-14 22:00:00,-1.6019484,0,0
2010-07-14 23:00:00,-1.6443074,0,0
2010-07-15 00:00:00,-1.6998469,0,0
2010-07-15 01:00:00,-1.7139431,0,0
2010-07-15 02:00:00,-1.7546544,0,0
2010-07-15 03:00:00,-1.7661872,0,0
2010-07-15 04:00:00,-1.7806008,0,0
2010-07-15 05:00:00,-1.8250971,0,0
2010-07-15 06:00:00,-1.849054,0,0
2010-07-15 07:00:00,-1.8704784,0,0
2010-07-15 08:00:00,-1.7635853,0,0
2010-07-15 09:00:00,-1.4585072,0,0
2010-07-15 10:00:00,-1.3066261,0,0
2010-07-15 11:00:00,-1.2114081,0,0
2010-07-15 12:00:00,-1.1613795,0,0
2010-07-15 13:00:00,-1.1255292,0,0
2010-07-15 14:00:00,-1.112368,0,0
2010-07-15 15:00:00,-1.1320224,0,0
2010-07-15 16:00:00,-1.1099409,0,0
2010-07-15 17:00:00,-1.1936575,0,0
2010-07-15 18:00:00,-1.224363,0,0
2010-07-15 19:00:00,-1.3794839,0,0
2010-07-15 20:00:00,-1.4964218,0,0
2010-07-15 21:00:00,-1.6216668,0,0
2010-07-15 22:00:00,-1.6889809,0,0
2010-07-15 23:00:00,-1.8324561,0,0
2010-07-16 00:00:00,-1.9495513,0,0
2010-07-16 01:00:00,-2.0003119,0,0
2010-07-16 02:00:00,-2.097612,0,0
2010-07-16 03:00:00,-2.198125,0,0
2010-07-16 04:00:00,-2.2976115,0,0
2010-07-16 05:00:00,-2.2197368,0,0
2010-07-16 06:00:00,-2.2531712,0,0
2010-07-16 07:00:00,-2.2698944,0,0
2010-07-16 08:00:00,-2.1011133,0,0
2010-07-16 09:00:00,-1.800205,0,0
2010-07-16 10:00:00,-1.4442229,0,0
2010-07-16 11:00:00,-1.2385569,0,0
2010-07-16 12:00:00,-1.136837,0,0
2010-07-16 13:00:00,-1.0291315,0,0
2010-07-16 14:00:00,-0.9959006,0,0
2010-07-16 15:00:00,-0.9662124,0,0
2010-07-16 16:00:00,-1.1081842,0,0
2010-07-16 17:00:00,-1.2089094,0,0
2010-07-16 18:00:00,-1.4031909,0,0
2010-07-16 19:00:00,-1.5710804,0,0
2010-07-16 20:00:00,-1.6618273,0,0
2010-07-16 21:00:00,-1.6934729,0,0
2010-07-16 22:00:00,-1.7410858,0,0
2010-07-16 23:00:00,-1.8082278,0,0
2010-07-17 00:00:00,-1.8494987,1,0
2010-07-17 01:00:00,-1.9368315,1,0
2010-07-17 02:00:00,-2.0010922,1,0
2010-07-17 03:00:00,-2.0251436,1,0
2010-07-17 04:00:00,-2.0959883,1,0
2010-07-17 05:00:00,-2.129677,1,0
2010-07-17 06:00:00,-2.149931,1,0
2010-07-17 07:00:00,-2.1525578,1,0
2010-07-17 08:00:00,-2.0596712,1,0
2010-07-17 09:00:00,-1.9146814,1,0
2010-07-17 10:00:00,-1.7910919,1,0
2010-07-17 11:00:00,-1.7266301,1,0
2010-07-17 12:00:00,-1.613875,1,0
2010-07-17 13:00:00,-1.484421,1,0
2010-07-17 14:00:00,-1.4200971,1,0
2010-07-17 15:00:00,-1.4168518,1,0
2010-07-17 16:00:00,-1.2885822,1,0
2010-07-17 17:00:00,-1.4720747,1,0
2010-07-17 18:00:00,-1.6542372,1,0
2010-07-17 19:00:00,-1.800276,1,0
2010-07-17 20:00:00,-1.9347632,1,0
2010-07-17 21:00:00,-2.0245,1,0
2010-07-17 22:00:00,-2.0918138,1,0
2010-07-17 23:00:00,-2.1494906,1,0
2010-07-18 00:00:00,-2.2019765,1,0
2010-07-18 01:00:00,-2.2549522,1,0
2010-07-18 02:00:00,-2.3103194,1,0
2010-07-18 03:00:00,-2.3626332,1,0
2010-07-18 04:00:00,-2.3566964,1,0
2010-07-18 05:00:00,-2.3177981,1,0
2010-07-18 06:00:00,-2.2660325,1,0
2010-07-18 07:00:00,-2.2056277,1,0
2010-07-18 08:00:00,-2.0988126,1,0
2010-07-18 09:00:00,-1.9599372,1,0
2010-07-18 10:00:00,-1.8242631,1,0
2010-07-18 11:00:00,-1.6822715,1,0
2010-07-18 12:00:00,-1.6840913,1,0
2010-07-18 13:00:00,-1.6909418,1,0
2010-07-18 14:00:00,-1.6824747,1,0
2010-07-18 15:00:00,-1.6555934,1,0
2010-07-18 16:00:00,-1.5783054,1,0
2010-07-18 17:00:00,-1.6874303,1,0
2010-07-18 18:00:00,-1.7662957,1,0
2010-07-18 19:00:00,-1.8662847,1,0
2010-07-18 20:00:00,-2.0323424,1,0
2010-07-18 21:00:00,-2.214656,1,0
2010-07-18 22:00:00,-2.356672,1,0
2010-07-18 23:00:00,-2.2635207,1,0
2010-07-19 00:00:00,-2.2449362,0,0
2010-07-19 01:00:00,-2.3203342,0,0
2010-07-19 02:00:00,-2.5397444,0,0
2010-07-19 03:00:00,-2.7115166,0,0
2010-07-19 04:00:00,-2.7673736,0,0
2010-07-19 05:00:00,-2.7810435,0,0
2010-07-19 06:00:00,-2.6834457,0,0
2010-07-19 07:00:00,-2.6143644,0,0
2010-07-19 08:00:00,-2.4934216,0,0
2010-07-19 09:00:00,-2.10809,0,0
2010-07-19 10:00:00,-1.9702096,0,0
2010-07-19 11:00:00,-1.8598973,0,0
2010-07-19 12:00:00,-1.7421502,0,0
2010-07-19 13:00:00,-1.6747054,0,0
2010-07-19 14:00:00,-1.6592658,0,0
2010-07-19 15:00:00,-1.6466376,0,0
2010-07-19 16:00:00,-1.588582,0,0
2010-07-19 17:00:00,-1.7103586,0,0
2010-07-19 18:00:00,-1.79528,0,0
2010-07-19 19:00:00,-1.812856,0,0
2010-07-19 20:00:00,-1.8705637,0,0
2010-07-19 21:00:00,-1.9330359,0,0
2010-07-19 22:00:00,-2.086054,0,0
2010-07-19 23:00:00,-2.3002167,0,0
2010-07-20 00:00:00,-2.5126536,0,0
2010-07-20 01:00:00,-2.552289,0,0
2010-07-20 02:00:00,-2.5919244,0,0
2010-07-20 03:00:00,-2.5688334,0,0
2010-07-20 04:00:00,-2.596776,0,0
2010-07-20 05:00:00,-2.6147327,0,0
2010-07-20 06:00:00,-2.6380398,0,0
2010-07-20 07:00:00,-2.6084468,0,0
2010-07-20 08:00:00,-2.3234673,0,0
2010-07-20 09:00:00,-1.9512757,0,0
2010-07-20 10:00:00,-1.8950478,0,0
2010-07-20 11:00:00,-1.8247728,0,0
2010-07-20 12:00:00,-1.753182,0,0
2010-07-20 13:00:00,-1.7069505,0,0
2010-07-20 14:00:00,-1.6788669,0,0
2010-07-20 15:00:00,-1.6475189,0,0
2010-07-20 16:00:00,-1.5917295,0,0
2010-07-20 17:00:00,-1.6995821,0,0
2010-07-20 18:00:00,-1.8587501,0,0
2010-07-20 19:00:00,-1.9856862,0,0
2010-07-20 20:00:00,-2.1139216,0,0
2010-07-20 21:00:00,-2.284739,0,0
2010-07-20 22:00:00,-2.4291587,0,0
2010-07-20 23:00:00,-2.500405,0,0
2010-07-21 00:00:00,-2.6090026,0,0
2010-07-21 01:00:00,-2.6886873,0,0
2010-07-21 02:00:00,-2.7153776,0,0
2010-07-21 03:00:00,-2.7304816,0,0
2010-07-21 04:00:00,-2.822591,0,0
2010-07-21 05:00:00,-2.8565147,0,0
2010-07-21 06:00:00,-2.8719735,0,0
2010-07-21 07:00:00,-2.8885367,0,0
2010-07-21 08:00:00,-2.663914,0,0
2010-07-21 09:00:00,-2.095744,0,0
2010-07-21 10:00:00,-1.7342575,0,0
2010-07-21 11:00:00,-1.5795742,0,0
2010-07-21 12:00:00,-1.48391,0,0
2010-07-21 13:00:00,-1.3744936,0,0
2010-07-21 14:00:00,-1.3991979,0,0
2010-07-21 15:00:00,-1.4451034,0,0
2010-07-21 16:00:00,-1.4067838,0,0
2010-07-21 17:00:00,-1.5734054,0,0
2010-07-21 18:00:00,-1.748494,0,0
2010-07-21 19:00:00,-1.8923956,0,0
2010-07-21 20:00:00,-2.0204587,0,0
2010-07-21 21:00:00,-2.0605083,0,0
2010-07-21 22:00:00,-2.2090797,0,0
2010-07-21 23:00:00,-2.372225,0,0
2010-07-22 00:00:00,-2.5651863,0,0
2010-07-22 01:00:00,-2.7302146,0,0
2010-07-22 02:00:00,-2.8659353,0,0
2010-07-22 03:00:00,-2.9420774,0,0
2010-07-22 04:00:00,-2.9769173,0,0
2010-07-22 05:00:00,-2.8347633,0,0
2010-07-22 06:00:00,-2.734466,0,0
2010-07-22 07:00:00,-2.6075542,0,0
2010-07-22 08:00:00,-2.3004062,0,0
2010-07-22 09:00:00,-1.9296861,0,0
2010-07-22 10:00:00,-1.6025486,0,0
2010-07-22 11:00:00,-1.4165015,0,0
2010-07-22 12:00:00,-1.3089848,0,0
2010-07-22 13:00:00,-1.1856297,0,0
2010-07-22 14:00:00,-1.1731776,0,0
2010-07-22 15:00:00,-1.1827996,0,0
2010-07-22 16:00:00,-1.264781,0,0
2010-07-22 17:00:00,-1.3582006,0,0
2010-07-22 18:00:00,-1.4335667,0,0
2010-07-22 19:00:00,-1.4957213,0,0
2010-07-22 20:00:00,-1.5689067,0,0
2010-07-22 21:00:00,-1.6612071,0,0
2010-07-22 22:00:00,-1.7914076,0,0
2010-07-22 23:00:00,-1.8597199,0,0
2010-07-23 00:00:00,-1.9560405,0,0
2010-07-23 01:00:00,-2.0970175,0,0
2010-07-23 02:00:00,-2.2208571,0,0
2010-07-23 03:00:00,-2.2889152,0,0
2010-07-23 04:00:00,-2.3562293,0,0
2010-07-23 05:00:00,-2.4478488,0,0
2010-07-23 06:00:00,-2.5394683,0,0
2010-07-23 07:00:00,-2.566573,0,0
2010-07-23 08:00:00,-2.302462,0,0
2010-07-23 09:00:00,-1.8051786,0,0
2010-07-23 10:00:00,-1.6158916,0,0
2010-07-23 11:00:00,-1.5363789,0,0
2010-07-23 12:00:00,-1.393771,0,0
2010-07-23 13:00:00,-1.3298181,0,0
2010-07-23 14:00:00,-1.3226347,0,0
2010-07-23 15:00:00,-1.3463529,0,0
2010-07-23 16:00:00,-1.4590786,0,0
2010-07-23 17:00:00,-1.5236802,0,0
2010-07-23 18:00:00,-1.5929519,0,0
2010-07-23 19:00:00,-1.6362269,0,0
2010-07-23 20:00:00,-1.6886497,0,0
2010-07-23 21:00:00,-1.7472423,0,0
2010-07-23 22:00:00,-1.8149828,0,0
2010-07-23 23:00:00,-1.8794158,0,0
2010-07-24 00:00:00,-1.9453365,1,0
2010-07-24 01:00:00,-2.0126505,1,0
2010-07-24 02:00:00,-2.115078,1,0
2010-07-24 03:00:00,-2.2196426,1,0
2010-07-24 04:00:00,-2.2324088,1,0
2010-07-24 05:00:00,-2.2749908,1,0
2010-07-24 06:00:00,-2.275226,1,0
2010-07-24 07:00:00,-2.2754614,1,0
2010-07-24 08:00:00,-2.0158796,1,0
2010-07-24 09:00:00,-1.7521034,1,0
2010-07-24 10:00:00,-1.6449076,1,0
2010-07-24 11:00:00,-1.5440603,1,0
2010-07-24 12:00:00,-1.4184303,1,0
2010-07-24 13:00:00,-1.3725597,1,0
2010-07-24 14:00:00,-1.331402,1,0
2010-07-24 15:00:00,-1.3580793,1,0
2010-07-24 16:00:00,-1.4553946,1,0
2010-07-24 17:00:00,-1.5465991,1,0
2010-07-24 18:00:00,-1.667695,1,0
2010-07-24 19:00:00,-1.7623991,1,0
2010-07-24 20:00:00,-1.8794314,1,0
2010-07-24 21:00:00,-2.0491097,1,0
2010-07-24 22:00:00,-2.2379029,1,0
2010-07-24 23:00:00,-2.444151,1,0
2010-07-25 00:00:00,-2.6190832,1,0
2010-07-25 01:00:00,-2.7345307,1,0
2010-07-25 02:00:00,-2.8414803,1,0
2010-07-25 03:00:00,-2.9439828,1,0
2010-07-25 04:00:00,-3.0955765,1,0
2010-07-25 05:00:00,-3.2245874,1,0
2010-07-25 06:00:00,-3.3074543,1,0
2010-07-25 07:00:00,-3.3169127,1,0
2010-07-25 08:00:00,-2.9882562,1,0
2010-07-25 09:00:00,-2.267791,1,0
2010-07-25 10:00:00,-2.042196,1,0
2010-07-25 11:00:00,-1.8860161,1,0
2010-07-25 12:00:00,-1.6913956,1,0
2010-07-25 13:00:00,-1.5465996,1,0
2010-07-25 14:00:00,-1.4648907,1,0
2010-07-25 15:00:00,-1.4757773,1,0
2010-07-25 16:00:00,-1.4205686,1,0
2010-07-25 17:00:00,-1.5771186,1,0
2010-07-25 18:00:00,-1.8224295,1,0
2010-07-25 19:00:00,-2.0617623,1,0
2010-07-25 20:00:00,-2.2910194,1,0
2010-07-25 21:00:00,-2.4399204,1,0
2010-07-25 22:00:00,-2.541444,1,0
2010-07-25 23:00:00,-2.6276188,1,0
2010-07-26 00:00:00,-2.6992195,0,0
2010-07-26 01:00:00,-2.763066,0,0
2010-07-26 02:00:00,-2.8085415,0,0
2010-07-26 03:00:00,-2.8629105,0,0
2010-07-26 04:00:00,-2.9460323,0,0
2010-07-26 05:00:00,-2.9646382,0,0
2010-07-26 06:00:00,-2.9691603,0,0
2010-07-26 07:00:00,-2.9360366,0,0
2010-07-26 08:00:00,-2.6733193,0,0
2010-07-26 09:00:00,-2.1642776,0,0
2010-07-26 10:00:00,-1.7587373,0,0
2010-07-26 11:00:00,-1.5996027,0,0
2010-07-26 12:00:00,-1.516123,0,0
2010-07-26 13:00:00,-1.42833,0,0
2010-07-26 14:00:00,-1.3921155,0,0
2010-07-26 15:00:00,-1.4134612,0,0
2010-07-26 16:00:00,-1.3344202,0,0
2010-07-26 17:00:00,-1.5381469,0,0
2010-07-26 18:00:00,-1.7298013,0,0
2010-07-26 19:00:00,-1.8652357,0,0
2010-07-26 20:00:00,-1.9961922,0,0
2010-07-26 21:00:00,-2.109255,0,0
2010-07-26 22:00:00,-2.2078075,0,0
2010-07-26 23:00:00,-2.3115504,0,0
2010-07-27 00:00:00,-2.4156885,0,0
2010-07-27 01:00:00,-2.4971812,0,0
2010-07-27 02:00:00,-2.5473578,0,0
2010-07-27 03:00:00,-2.6106205,0,0
2010-07-27 04:00:00,-2.730091,0,0
2010-07-27 05:00:00,-2.7867699,0,0
2010-07-27 06:00:00,-2.8340647,0,0
2010-07-27 07:00:00,-2.872862,0,0
2010-07-27 08:00:00,-2.7351425,0,0
2010-07-27 09:00:00,-2.418396,0,0
2010-07-27 10:00:00,-2.1047564,0,0
2010-07-27 11:00:00,-1.8128264,0,0
2010-07-27 12:00:00,-1.5696988,0,0
2010-07-27 13:00:00,-1.4184763,0,0
2010-07-27 14:00:00,-1.3750794,0,0
2010-07-27 15:00:00,-1.4285359,0,0
2010-07-27 16:00:00,-1.3465701,0,0
2010-07-27 17:00:00,-1.5344586,0,0
2010-07-27 18:00:00,-1.7178692,0,0
2010-07-27 19:00:00,-1.8626866,0,0
2010-07-27 20:00:00,-1.9765056,0,0
2010-07-27 21:00:00,-2.0625393,0,0
2010-07-27 22:00:00,-2.163401,0,0
2010-07-27 23:00:00,-2.2291496,0,0
2010-07-28 00:00:00,-2.2822852,0,0
2010-07-28 01:00:00,-2.315402,0,0
2010-07-28 02:00:00,-2.3471255,0,0
2010-07-28 03:00:00,-2.3602238,0,0
2010-07-28 04:00:00,-2.3925188,0,0
2010-07-28 05:00:00,-2.4447505,0,0
2010-07-28 06:00:00,-2.461474,0,0
2010-07-28 07:00:00,-2.4833877,0,0
2010-07-28 08:00:00,-2.297469,0,0
2010-07-28 09:00:00,-1.8908259,0,0
2010-07-28 10:00:00,-1.4762466,0,0
2010-07-28 11:00:00,-1.1802411,0,0
2010-07-28 12:00:00,-1.0617546,0,0
2010-07-28 13:00:00,-0.97052526,0,0
2010-07-28 14:00:00,-0.90438825,0,0
2010-07-28 15:00:00,-0.90907377,0,0
2010-07-28 16:00:00,-1.0281934,0,0
2010-07-28 17:00:00,-1.1956799,0,0
2010-07-28 18:00:00,-1.3523934,0,0
2010-07-28 19:00:00,-1.3746825,0,0
2010-07-28 20:00:00,-1.3829386,0,0
2010-07-28 21:00:00,-1.4082423,0,0
2010-07-28 22:00:00,-1.4727575,0,0
2010-07-28 23:00:00,-1.5536661,0,0
2010-07-29 00:00:00,-1.6673787,0,0
2010-07-29 01:00:00,-1.7721033,0,0
2010-07-29 02:00:00,-1.8104109,0,0
2010-07-29 03:00:00,-1.7962445,0,0
2010-07-29 04:00:00,-1.8984216,0,0
2010-07-29 05:00:00,-1.858048,0,0
2010-07-29 06:00:00,-1.8593591,0,0
2010-07-29 07:00:00,-1.8477254,0,0
2010-07-29 08:00:00,-1.7307174,0,0
2010-07-29 09:00:00,-1.5564281,0,0
2010-07-29 10:00:00,-1.2703748,0,0
2010-07-29 11:00:00,-1.079569,0,0
2010-07-29 12:00:00,-0.9758138,0,0
2010-07-29 13:00:00,-0.8826631,0,0
2010-07-29 14:00:00,-0.815259,0,0
2010-07-29 15:00:00,-0.835469,0,0
2010-07-29 16:00:00,-0.8060938,0,0
2010-07-29 17:00:00,-0.9698731,0,0
2010-07-29 18:00:00,-1.0896578,0,0
2010-07-29 19:00:00,-1.2095712,0,0
2010-07-29 20:00:00,-1.331622,0,0
2010-07-29 21:00:00,-1.3910408,0,0
2010-07-29 22:00:00,-1.4829146,0,0
2010-07-29 23:00:00,-1.5602148,0,0
2010-07-30 00:00:00,-1.6482915,0,0
2010-07-30 01:00:00,-1.6947651,0,0
2010-07-30 02:00:00,-1.747823,0,0
2010-07-30 03:00:00,-1.7375993,0,0
2010-07-30 04:00:00,-1.7314268,0,0
2010-07-30 05:00:00,-1.6959814,0,0
2010-07-30 06:00:00,-1.7134365,0,0
2010-07-30 07:00:00,-1.7175511,0,0
2010-07-30 08:00:00,-1.6071151,0,0
2010-07-30 09:00:00,-1.4086368,0,0
2010-07-30 10:00:00,-1.1676933,0,0
2010-07-30 11:00:00,-0.95831966,0,0
2010-07-30 12:00:00,-0.80869716,0,0
2010-07-30 13:00:00,-0.7337912,0,0
2010-07-30 14:00:00,-0.73589647,0,0
2010-07-30 15:00:00,-0.79280174,0,0
2010-07-30 16:00:00,-0.9587495,0,0
2010-07-30 17:00:00,-1.1502317,0,0
2010-07-30 18:00:00,-1.3006665,0,0
2010-07-30 19:00:00,-1.4124259,0,0
2010-07-30 20:00:00,-1.4438484,0,0
2010-07-30 21:00:00,-1.4828997,0,0
2010-07-30 22:00:00,-1.5585521,0,0
2010-07-30 23:00:00,-1.576841,0,0
2010-07-31 00:00:00,-1.6515772,1,0
2010-07-31 01:00:00,-1.632048,1,0
2010-07-31 02:00:00,-1.6397834,1,0
2010-07-31 03:00:00,-1.667632,1,0
2010-07-31 04:00:00,-1.728112,1,0
2010-07-31 05:00:00,-1.7725304,1,0
2010-07-31 06:00:00,-1.8302072,1,0
2010-07-31 07:00:00,-1.7419516,1,0
2010-07-31 08:00:00,-1.6335706,1,0
2010-07-31 09:00:00,-1.5172001,1,0
2010-07-31 10:00:00,-1.3989854,1,0
2010-07-31 11:00:00,-1.2577643,1,0
2010-07-31 12:00:00,-1.1252136,1,0
2010-07-31 13:00:00,-1.075781,1,0
2010-07-31 14:00:00,-0.98917985,1,0
2010-07-31 15:00:00,-0.9392187,1,0
2010-07-31 16:00:00,-0.88957506,1,0
2010-07-31 17:00:00,-0.9998823,1,0
2010-07-31 18:00:00,-1.0898056,1,0
2010-07-31 19:00:00,-1.1407408,1,0
2010-07-31 20:00:00,-1.2528877,1,0
2010-07-31 21:00:00,-1.3479748,1,0
2010-07-31 22:00:00,-1.4267627,1,0
2010-07-31 23:00:00,-1.526219,1,0
2010-08-01 00:00:00,-1.798622,1,0
2010-08-01 01:00:00,-1.874924,1,0
2010-08-01 02:00:00,-1.9947898,1,0
2010-08-01 03:00:00,-2.1862185,1,0
2010-08-01 04:00:00,-2.4427176,1,0
2010-08-01 05:00:00,-2.5845182,1,0
2010-08-01 06:00:00,-2.5774255,1,0
2010-08-01 07:00:00,-2.5924845,1,0
2010-08-01 08:00:00,-2.4735744,1,0
2010-08-01 09:00:00,-2.27552,1,0
2010-08-01 10:00:00,-2.144426,1,0
2010-08-01 11:00:00,-2.0868227,1,0
2010-08-01 12:00:00,-2.0585237,1,0
2010-08-01 13:00:00,-2.0278327,1,0
2010-08-01 14:00:00,-2.0472212,1,0
2010-08-01 15:00:00,-2.113999,1,0
2010-08-01 16:00:00,-2.0675151,1,0
2010-08-01 17:00:00,-2.2023942,1,0
2010-08-01 18:00:00,-2.2906086,1,0
2010-08-01 19:00:00,-2.3635519,1,0
2010-08-01 20:00:00,-2.389435,1,0
2010-08-01 21:00:00,-2.4144022,1,0
2010-08-01 22:00:00,-2.4630134,1,0
2010-08-01 23:00:00,-2.5193007,1,0
2010-08-02 00:00:00,-2.5440958,0,0
2010-08-02 01:00:00,-2.5622127,0,0
2010-08-02 02:00:00,-2.5627022,0,0
2010-08-02 03:00:00,-2.5792534,0,0
2010-08-02 04:00:00,-2.5463674,0,0
2010-08-02 05:00:00,-2.566226,0,0
2010-08-02 06:00:00,-2.5822875,0,0
2010-08-02 07:00:00,-2.5888839,0,0
2010-08-02 08:00:00,-2.4731748,0,0
2010-08-02 09:00:00,-2.3120418,0,0
2010-08-02 10:00:00,-2.2000504,0,0
2010-08-02 11:00:00,-2.0983934,0,0
2010-08-02 12:00:00,-2.0214176,0,0
2010-08-02 13:00:00,-1.911716,0,0
2010-08-02 14:00:00,-1.9125566,0,0
2010-08-02 15:00:00,-1.9544451,0,0
2010-08-02 16:00:00,-1.9003158,0,0
2010-08-02 17:00:00,-2.0427728,0,0
2010-08-02 18:00:00,-2.1878567,0,0
2010-08-02 19:00:00,-2.2767987,0,0
2010-08-02 20:00:00,-2.3681128,0,0
2010-08-02 21:00:00,-2.457372,0,0
2010-08-02 22:00:00,-2.564258,0,0
2010-08-02 23:00:00,-2.649861,0,0
2010-08-03 00:00:00,-2.7834282,0,0
2010-08-03 01:00:00,-2.893685,0,0
2010-08-03 02:00:00,-2.98087,0,0
2010-08-03 03:00:00,-3.011009,0,0
2010-08-03 04:00:00,-2.807133,0,0
2010-08-03 05:00:00,-2.8217533,0,0
2010-08-03 06:00:00,-2.7955146,0,0
2010-08-03 07:00:00,-2.8231087,0,0
2010-08-03 08:00:00,-2.614218,0,0
2010-08-03 09:00:00,-2.1658757,0,0
2010-08-03 10:00:00,-1.8945197,0,0
2010-08-03 11:00:00,-1.7549776,0,0
2010-08-03 12:00:00,-1.682131,0,0
2010-08-03 13:00:00,-1.6279098,0,0
2010-08-03 14:00:00,-1.664772,0,0
2010-08-03 15:00:00,-1.7582784,0,0
2010-08-03 16:00:00,-1.7542502,0,0
2010-08-03 17:00:00,-1.8403583,0,0
2010-08-03 18:00:00,-1.9073204,0,0
2010-08-03 19:00:00,-1.9636347,0,0
2010-08-03 20:00:00,-2.0128443,0,0
2010-08-03 21:00:00,-2.0276845,0,0
2010-08-03 22:00:00,-2.0521622,0,0
2010-08-03 23:00:00,-2.0870214,0,0
2010-08-04 00:00:00,-2.1120706,0,0
2010-08-04 01:00:00,-2.1469295,0,0
2010-08-04 02:00:00,-2.108603,0,0
2010-08-04 03:00:00,-2.12623,0,0
2010-08-04 04:00:00,-2.1029038,0,0
2010-08-04 05:00:00,-2.1015103,0,0
2010-08-04 06:00:00,-2.0953217,0,0
2010-08-04 07:00:00,-2.0513103,0,0
2010-08-04 08:00:00,-1.9561409,0,0
2010-08-04 09:00:00,-1.9024024,0,0
2010-08-04 10:00:00,-1.8402479,0,0
2010-08-04 11:00:00,-2.003916,0,0
2010-08-04 12:00:00,-1.8394243,0,0
2010-08-04 13:00:00,-1.8468223,0,0
2010-08-04 14:00:00,-1.8346504,0,0
2010-08-04 15:00:00,-1.9486871,0,0
2010-08-04 16:00:00,-2.0774474,0,0
2010-08-04 17:00:00,-2.31408,0,0
2010-08-04 18:00:00,-2.4893262,0,0
2010-08-04 19:00:00,-2.6262171,0,0
2010-08-04 20:00:00,-2.6832445,0,0
2010-08-04 21:00:00,-2.7406669,0,0
2010-08-04 22:00:00,-2.8044503,0,0
2010-08-04 23:00:00,-2.8425975,0,0
2010-08-05 00:00:00,-2.873989,0,0
2010-08-05 01:00:00,-2.8667243,0,0
2010-08-05 02:00:00,-2.8908699,0,0
2010-08-05 03:00:00,-2.9552248,0,0
2010-08-05 04:00:00,-2.947972,0,0
2010-08-05 05:00:00,-2.9623861,0,0
2010-08-05 06:00:00,-3.0148718,0,0
2010-08-05 07:00:00,-3.029458,0,0
2010-08-05 08:00:00,-2.7891345,0,0
2010-08-05 09:00:00,-2.4170594,0,0
2010-08-05 10:00:00,-2.3102512,0,0
2010-08-05 11:00:00,-2.219562,0,0
2010-08-05 12:00:00,-2.1594183,0,0
2010-08-05 13:00:00,-2.1310296,0,0
2010-08-05 14:00:00,-2.0684943,0,0
2010-08-05 15:00:00,-2.0807266,0,0
2010-08-05 16:00:00,-2.037706,0,0
2010-08-05 17:00:00,-2.1058383,0,0
2010-08-05 18:00:00,-2.189938,0,0
2010-08-05 19:00:00,-2.2511888,0,0
2010-08-05 20:00:00,-2.349862,0,0
2010-08-05 21:00:00,-2.4739637,0,0
2010-08-05 22:00:00,-2.515985,0,0
2010-08-05 23:00:00,-2.5195029,0,0
2010-08-06 00:00:00,-2.5869236,0,0
2010-08-06 01:00:00,-2.6781719,0,0
2010-08-06 02:00:00,-2.7802854,0,0
2010-08-06 03:00:00,-2.8984914,0,0
2010-08-06 04:00:00,-3.095585,0,0
2010-08-06 05:00:00,-3.2018445,0,0
2010-08-06 06:00:00,-3.1964746,0,0
2010-08-06 07:00:00,-3.1513097,0,0
2010-08-06 08:00:00,-2.8482766,0,0
2010-08-06 09:00:00,-2.481482,0,0
2010-08-06 10:00:00,-2.2722542,0,0
2010-08-06 11:00:00,-2.1115496,0,0
2010-08-06 12:00:00,-2.0623348,0,0
2010-08-06 13:00:00,-1.9544573,0,0
2010-08-06 14:00:00,-1.9306915,0,0
2010-08-06 15:00:00,-1.972068,0,0
2010-08-06 16:00:00,-2.0009892,0,0
2010-08-06 17:00:00,-2.0962572,0,0
2010-08-06 18:00:00,-2.2352614,0,0
2010-08-06 19:00:00,-2.5276053,0,0
2010-08-06 20:00:00,-2.775883,0,0
2010-08-06 21:00:00,-2.9338665,0,0
2010-08-06 22:00:00,-3.0097704,0,0
2010-08-06 23:00:00,-3.0424776,0,0
2010-08-07 00:00:00,-3.0801864,1,0
2010-08-07 01:00:00,-3.0827823,1,0
2010-08-07 02:00:00,-3.0992389,1,0
2010-08-07 03:00:00,-3.1291304,1,0
2010-08-07 04:00:00,-3.2223034,1,0
2010-08-07 05:00:00,-3.2388546,1,0
2010-08-07 06:00:00,-3.2592027,1,0
2010-08-07 07:00:00,-3.2611802,1,0
2010-08-07 08:00:00,-3.0408916,1,0
2010-08-07 09:00:00,-2.6884136,1,0
2010-08-07 10:00:00,-2.3995883,1,0
2010-08-07 11:00:00,-2.1748972,1,0
2010-08-07 12:00:00,-2.0094018,1,0
2010-08-07 13:00:00,-1.8712964,1,0
2010-08-07 14:00:00,-1.8025135,1,0
2010-08-07 15:00:00,-1.7983834,1,0
2010-08-07 16:00:00,-1.8557272,1,0
2010-08-07 17:00:00,-2.0305808,1,0
2010-08-07 18:00:00,-2.1967638,1,0
2010-08-07 19:00:00,-2.30639,1,0
2010-08-07 20:00:00,-2.3973792,1,0
2010-08-07 21:00:00,-2.4619887,1,0
2010-08-07 22:00:00,-2.5533729,1,0
2010-08-07 23:00:00,-2.6164944,1,0
2010-08-08 00:00:00,-2.6741712,1,0
2010-08-08 01:00:00,-2.7157862,1,0
2010-08-08 02:00:00,-2.734075,1,0
2010-08-08 03:00:00,-2.7428863,1,0
2010-08-08 04:00:00,-2.793885,1,0
2010-08-08 05:00:00,-2.8508177,1,0
2010-08-08 06:00:00,-2.9033039,1,0
2010-08-08 07:00:00,-2.9020512,1,0
2010-08-08 08:00:00,-2.713157,1,0
2010-08-08 09:00:00,-2.4309397,1,0
2010-08-08 10:00:00,-2.1593294,1,0
2010-08-08 11:00:00,-1.936044,1,0
2010-08-08 12:00:00,-1.7700711,1,0
2010-08-08 13:00:00,-1.6630397,1,0
2010-08-08 14:00:00,-1.6367102,1,0
2010-08-08 15:00:00,-1.675695,1,0
2010-08-08 16:00:00,-1.6338345,1,0
2010-08-08 17:00:00,-1.7553446,1,0
2010-08-08 18:00:00,-1.863338,1,0
2010-08-08 19:00:00,-1.9092711,1,0
2010-08-08 20:00:00,-1.9650648,1,0
2010-08-08 21:00:00,-2.0446744,1,0
2010-08-08 22:00:00,-2.05241,1,0
2010-08-08 23:00:00,-2.1296155,1,0
2010-08-09 00:00:00,-2.2207456,0,0
2010-08-09 01:00:00,-2.321513,0,0
2010-08-09 02:00:00,-2.3712,0,0
2010-08-09 03:00:00,-2.451949,0,0
2010-08-09 04:00:00,-2.6564305,0,0
2010-08-09 05:00:00,-2.8047476,0,0
2010-08-09 06:00:00,-2.8490841,0,0
2010-08-09 07:00:00,-2.9176314,0,0
2010-08-09 08:00:00,-2.5433514,0,0
2010-08-09 09:00:00,-2.0092947,0,0
2010-08-09 10:00:00,-1.7543777,0,0
2010-08-09 11:00:00,-1.539535,0,0
2010-08-09 12:00:00,-1.3135984,0,0
2010-08-09 13:00:00,-1.2045774,0,0
2010-08-09 14:00:00,-1.2028612,0,0
2010-08-09 15:00:00,-1.2792324,0,0
2010-08-09 16:00:00,-1.4183949,0,0
2010-08-09 17:00:00,-1.5689671,0,0
2010-08-09 18:00:00,-1.7210616,0,0
2010-08-09 19:00:00,-1.8581246,0,0
2010-08-09 20:00:00,-1.9631159,0,0
2010-08-09 21:00:00,-2.0245898,0,0
2010-08-09 22:00:00,-2.1298983,0,0
2010-08-09 23:00:00,-2.2006774,0,0
2010-08-10 00:00:00,-2.3134081,0,0
2010-08-10 01:00:00,-2.428844,0,0
2010-08-10 02:00:00,-2.5426974,0,0
2010-08-10 03:00:00,-2.6417227,0,0
2010-08-10 04:00:00,-2.6897619,0,0
2010-08-10 05:00:00,-2.7842627,0,0
2010-08-10 06:00:00,-2.8720853,0,0
2010-08-10 07:00:00,-2.9429424,0,0
2010-08-10 08:00:00,-2.646122,0,0
2010-08-10 09:00:00,-2.3218756,0,0
2010-08-10 10:00:00,-2.0173957,0,0
2010-08-10 11:00:00,-1.7149005,0,0
2010-08-10 12:00:00,-1.5487164,0,0
2010-08-10 13:00:00,-1.4862556,0,0
2010-08-10 14:00:00,-1.4577767,0,0
2010-08-10 15:00:00,-1.4944278,0,0
2010-08-10 16:00:00,-1.5053222,0,0
2010-08-10 17:00:00,-1.6081682,0,0
2010-08-10 18:00:00,-1.6889092,0,0
2010-08-10 19:00:00,-1.7447461,0,0
2010-08-10 20:00:00,-1.7492994,0,0
2010-08-10 21:00:00,-1.7857239,0,0
2010-08-10 22:00:00,-1.7915763,0,0
2010-08-10 23:00:00,-1.7779816,0,0
2010-08-11 00:00:00,-1.7792928,0,0
2010-08-11 01:00:00,-1.8014445,0,0
2010-08-11 02:00:00,-1.8228691,0,0
2010-08-11 03:00:00,-1.8435494,0,0
2010-08-11 04:00:00,-1.8582174,0,0
2010-08-11 05:00:00,-1.8052348,0,0
2010-08-11 06:00:00,-1.8175936,0,0
2010-08-11 07:00:00,-1.893156,0,0
2010-08-11 08:00:00,-1.8304462,0,0
2010-08-11 09:00:00,-1.7156023,0,0
2010-08-11 10:00:00,-1.5904305,0,0
2010-08-11 11:00:00,-1.497733,0,0
2010-08-11 12:00:00,-1.462278,0,0
2010-08-11 13:00:00,-1.4534649,0,0
2010-08-11 14:00:00,-1.4431804,0,0
2010-08-11 15:00:00,-1.5244689,0,0
2010-08-11 16:00:00,-1.5759412,0,0
2010-08-11 17:00:00,-1.7641202,0,0
2010-08-11 18:00:00,-1.9143047,0,0
2010-08-11 19:00:00,-1.9685452,0,0
2010-08-11 20:00:00,-2.02138,0,0
2010-08-11 21:00:00,-2.0269778,0,0
2010-08-11 22:00:00,-2.0907612,0,0
2010-08-11 23:00:00,-2.1040359,0,0
2010-08-12 00:00:00,-2.1027055,0,0
2010-08-12 01:00:00,-2.107736,0,0
2010-08-12 02:00:00,-2.0900903,0,0
2010-08-12 03:00:00,-2.0594358,0,0
2010-08-12 04:00:00,-2.114963,0,0
2010-08-12 05:00:00,-2.125262,0,0
2010-08-12 06:00:00,-2.15542,0,0
2010-08-12 07:00:00,-2.1470163,0,0
2010-08-12 08:00:00,-1.9887762,0,0
2010-08-12 09:00:00,-1.9002175,0,0
2010-08-12 10:00:00,-1.883662,0,0
2010-08-12 11:00:00,-1.776415,0,0
2010-08-12 12:00:00,-1.6791496,0,0
2010-08-12 13:00:00,-1.6331024,0,0
2010-08-12 14:00:00,-1.6434203,0,0
2010-08-12 15:00:00,-1.6710649,0,0
2010-08-12 16:00:00,-1.6628641,0,0
2010-08-12 17:00:00,-1.7346995,0,0
2010-08-12 18:00:00,-1.8051101,0,0
2010-08-12 19:00:00,-1.8634797,0,0
2010-08-12 20:00:00,-1.9074986,0,0
2010-08-12 21:00:00,-1.9967579,0,0
2010-08-12 22:00:00,-2.0851789,0,0
2010-08-12 23:00:00,-2.2129219,0,0
2010-08-13 00:00:00,-2.2283747,0,0
2010-08-13 01:00:00,-2.4209995,0,0
2010-08-13 02:00:00,-2.6157618,0,0
2010-08-13 03:00:00,-2.725912,0,0
2010-08-13 04:00:00,-2.887887,0,0
2010-08-13 05:00:00,-2.8236828,0,0
2010-08-13 06:00:00,-2.8071759,0,0
2010-08-13 07:00:00,-2.7872202,0,0
2010-08-13 08:00:00,-2.6291378,0,0
2010-08-13 09:00:00,-2.408692,0,0
2010-08-13 10:00:00,-2.258887,0,0
2010-08-13 11:00:00,-2.0017262,0,0
2010-08-13 12:00:00,-1.7330837,0,0
2010-08-13 13:00:00,-1.5408688,0,0
2010-08-13 14:00:00,-1.4080604,0,0
2010-08-13 15:00:00,-1.3806983,0,0
2010-08-13 16:00:00,-1.3123004,0,0
2010-08-13 17:00:00,-1.4380344,0,0
2010-08-13 18:00:00,-1.6282833,0,0
2010-08-13 19:00:00,-1.772279,0,0
2010-08-13 20:00:00,-1.8967214,0,0
2010-08-13 21:00:00,-1.9663494,0,0
2010-08-13 22:00:00,-1.9853698,0,0
2010-08-13 23:00:00,-1.9879968,0,0
2010-08-14 00:00:00,-2.0004375,1,0
2010-08-14 01:00:00,-2.0454159,1,0
2010-08-14 02:00:00,-2.0852766,1,0
2010-08-14 03:00:00,-2.0952418,1,0
2010-08-14 04:00:00,-2.1241379,1,0
2010-08-14 05:00:00,-2.0111485,1,0
2010-08-14 06:00:00,-1.9911298,1,0
2010-08-14 07:00:00,-1.9357268,1,0
2010-08-14 08:00:00,-1.8044609,1,0
2010-08-14 09:00:00,-1.6715469,1,0
2010-08-14 10:00:00,-1.4666301,1,0
2010-08-14 11:00:00,-1.4739624,1,0
2010-08-14 12:00:00,-1.3877176,1,0
2010-08-14 13:00:00,-1.3239446,1,0
2010-08-14 14:00:00,-1.3152314,1,0
2010-08-14 15:00:00,-1.2227634,1,0
2010-08-14 16:00:00,-1.2564201,1,0
2010-08-14 17:00:00,-1.4587611,1,0
2010-08-14 18:00:00,-1.5414674,1,0
2010-08-14 19:00:00,-1.5779862,1,0
2010-08-14 20:00:00,-1.6107078,1,0
2010-08-14 21:00:00,-1.6403761,1,0
2010-08-14 22:00:00,-1.6335377,1,0
2010-08-14 23:00:00,-1.6191992,1,0
2010-08-15 00:00:00,-1.5609484,1,0
2010-08-15 01:00:00,-1.488851,1,0
2010-08-15 02:00:00,-1.5101032,1,0
2010-08-15 03:00:00,-1.648775,1,0
2010-08-15 04:00:00,-1.6793472,1,0
2010-08-15 05:00:00,-1.7296838,1,0
2010-08-15 06:00:00,-1.8335866,1,0
2010-08-15 07:00:00,-1.8661361,1,0
2010-08-15 08:00:00,-1.9132639,1,0
2010-08-15 09:00:00,-1.9666026,1,0
2010-08-15 10:00:00,-1.986859,1,0
2010-08-15 11:00:00,-1.9180796,1,0
2010-08-15 12:00:00,-1.9083356,1,0
2010-08-15 13:00:00,-1.8344252,1,0
2010-08-15 14:00:00,-1.7800685,1,0
2010-08-15 15:00:00,-1.7683369,1,0
2010-08-15 16:00:00,-1.6971046,1,0
2010-08-15 17:00:00,-1.712066,1,0
2010-08-15 18:00:00,-1.7876674,1,0
2010-08-15 19:00:00,-1.8206555,1,0
2010-08-15 20:00:00,-1.8399423,1,0
2010-08-15 21:00:00,-1.8790882,1,0
2010-08-15 22:00:00,-1.9243284,1,0
2010-08-15 23:00:00,-1.9314141,1,0
2010-08-16 00:00:00,-1.8628596,0,0
2010-08-16 01:00:00,-1.8715931,0,0
2010-08-16 02:00:00,-1.9283539,0,0
2010-08-16 03:00:00,-1.9303145,0,0
2010-08-16 04:00:00,-1.8803855,0,0
2010-08-16 05:00:00,-1.9335254,0,0
2010-08-16 06:00:00,-2.035119,0,0
2010-08-16 07:00:00,-2.162838,0,0
2010-08-16 08:00:00,-2.1606736,0,0
2010-08-16 09:00:00,-2.2943149,0,0
2010-08-16 10:00:00,-2.3423567,0,0
2010-08-16 11:00:00,-2.2793396,0,0
2010-08-16 12:00:00,-2.2342472,0,0
2010-08-16 13:00:00,-2.1978884,0,0
2010-08-16 14:00:00,-2.213225,0,0
2010-08-16 15:00:00,-2.253388,0,0
2010-08-16 16:00:00,-2.1275609,0,0
2010-08-16 17:00:00,-2.2014513,0,0
2010-08-16 18:00:00,-2.3422606,0,0
2010-08-16 19:00:00,-2.4245362,0,0
2010-08-16 20:00:00,-2.5610232,0,0
2010-08-16 21:00:00,-2.6615484,0,0
2010-08-16 22:00:00,-2.7919965,0,0
2010-08-16 23:00:00,-2.9178252,0,0
2010-08-17 00:00:00,-3.0256953,0,0
2010-08-17 01:00:00,-3.1370957,0,0
2010-08-17 02:00:00,-3.2559018,0,0
2010-08-17 03:00:00,-3.335148,0,0
2010-08-17 04:00:00,-3.3756564,0,0
2010-08-17 05:00:00,-3.3739774,0,0
2010-08-17 06:00:00,-3.3671079,0,0
2010-08-17 07:00:00,-3.3308365,0,0
2010-08-17 08:00:00,-3.0718098,0,0
2010-08-17 09:00:00,-2.734383,0,0
2010-08-17 10:00:00,-2.4102333,0,0
2010-08-17 11:00:00,-2.1027315,0,0
2010-08-17 12:00:00,-1.8241732,0,0
2010-08-17 13:00:00,-1.6540078,0,0
2010-08-17 14:00:00,-1.5914139,0,0
2010-08-17 15:00:00,-1.600374,0,0
2010-08-17 16:00:00,-1.5993258,0,0
2010-08-17 17:00:00,-1.7450005,0,0
2010-08-17 18:00:00,-1.8740153,0,0
2010-08-17 19:00:00,-1.9697996,0,0
2010-08-17 20:00:00,-2.0139785,0,0
2010-08-17 21:00:00,-1.9952037,0,0
2010-08-17 22:00:00,-1.975363,0,0
2010-08-17 23:00:00,-2.1007845,0,0
2010-08-18 00:00:00,-2.127588,0,0
2010-08-18 01:00:00,-2.123553,0,0
2010-08-18 02:00:00,-2.133508,0,0
2010-08-18 03:00:00,-2.1376226,0,0
2010-08-18 04:00:00,-2.0268035,0,0
2010-08-18 05:00:00,-1.9381405,0,0
2010-08-18 06:00:00,-1.8624959,0,0
2010-08-18 07:00:00,-1.7876117,0,0
2010-08-18 08:00:00,-1.6686428,0,0
2010-08-18 09:00:00,-1.4369776,0,0
2010-08-18 10:00:00,-1.1669106,0,0
2010-08-18 11:00:00,-0.9041697,0,0
2010-08-18 12:00:00,-0.78058267,0,0
2010-08-18 13:00:00,-0.70087355,0,0
2010-08-18 14:00:00,-0.69053024,0,0
2010-08-18 15:00:00,-0.67862916,0,0
2010-08-18 16:00:00,-0.7796456,0,0
2010-08-18 17:00:00,-0.90773416,0,0
2010-08-18 18:00:00,-1.0602281,0,0
2010-08-18 19:00:00,-1.1568465,0,0
2010-08-18 20:00:00,-1.3012089,0,0
2010-08-18 21:00:00,-1.3288342,0,0
2010-08-18 22:00:00,-1.4347923,0,0
2010-08-18 23:00:00,-1.4909648,0,0
2010-08-19 00:00:00,-1.5474079,0,0
2010-08-19 01:00:00,-1.7399592,0,0
2010-08-19 02:00:00,-1.985604,0,0
2010-08-19 03:00:00,-2.148405,0,0
2010-08-19 04:00:00,-2.2134097,0,0
2010-08-19 05:00:00,-2.2477598,0,0
2010-08-19 06:00:00,-2.2859895,0,0
2010-08-19 07:00:00,-2.300893,0,0
2010-08-19 08:00:00,-2.2168999,0,0
2010-08-19 09:00:00,-2.1267712,0,0
2010-08-19 10:00:00,-1.9132886,0,0
2010-08-19 11:00:00,-1.7290546,0,0
2010-08-19 12:00:00,-1.6430043,0,0
2010-08-19 13:00:00,-1.5915943,0,0
2010-08-19 14:00:00,-1.6300808,0,0
2010-08-19 15:00:00,-1.7038813,0,0
2010-08-19 16:00:00,-1.7508411,0,0
2010-08-19 17:00:00,-2.0675385,0,0
2010-08-19 18:00:00,-2.249834,0,0
2010-08-19 19:00:00,-2.34354,0,0
2010-08-19 20:00:00,-2.4183662,0,0
2010-08-19 21:00:00,-2.439803,0,0
2010-08-19 22:00:00,-2.4764626,0,0
2010-08-19 23:00:00,-2.5348053,0,0
2010-08-20 00:00:00,-2.595031,0,0
2010-08-20 01:00:00,-2.6540234,0,0
2010-08-20 02:00:00,-2.6797347,0,0
2010-08-20 03:00:00,-2.670994,0,0
2010-08-20 04:00:00,-2.6409116,0,0
2010-08-20 05:00:00,-2.624831,0,0
2010-08-20 06:00:00,-2.606441,0,0
2010-08-20 07:00:00,-2.562352,0,0
2010-08-20 08:00:00,-2.4027019,0,0
2010-08-20 09:00:00,-2.3064547,0,0
2010-08-20 10:00:00,-2.2099965,0,0
2010-08-20 11:00:00,-2.1393461,0,0
2010-08-20 12:00:00,-1.926243,0,0
2010-08-20 13:00:00,-1.7820777,0,0
2010-08-20 14:00:00,-1.7662581,0,0
2010-08-20 15:00:00,-1.8210262,0,0
2010-08-20 16:00:00,-1.8341208,0,0
2010-08-20 17:00:00,-1.9388543,0,0
2010-08-20 18:00:00,-2.0705037,0,0
2010-08-20 19:00:00,-2.1281292,0,0
2010-08-20 20:00:00,-2.1749473,0,0
2010-08-20 21:00:00,-2.2276053,0,0
2010-08-20 22:00:00,-2.228757,0,0
2010-08-20 23:00:00,-2.2193546,0,0
2010-08-21 00:00:00,-2.250906,1,0
2010-08-21 01:00:00,-2.2377067,1,0
2010-08-21 02:00:00,-2.230868,1,0
2010-08-21 03:00:00,-2.2388577,1,0
2010-08-21 04:00:00,-2.373667,1,0
2010-08-21 05:00:00,-2.4119744,1,0
2010-08-21 06:00:00,-2.4416428,1,0
2010-08-21 07:00:00,-2.348846,1,0
2010-08-21 08:00:00,-2.1661406,1,0
2010-08-21 09:00:00,-1.9322826,1,0
2010-08-21 10:00:00,-1.8285949,1,0
2010-08-21 11:00:00,-1.7043704,1,0
2010-08-21 12:00:00,-1.5856417,1,0
2010-08-21 13:00:00,-1.5279287,1,0
2010-08-21 14:00:00,-1.5109581,1,0
2010-08-21 15:00:00,-1.5326048,1,0
2010-08-21 16:00:00,-1.5338348,1,0
2010-08-21 17:00:00,-1.633804,1,0
2010-08-21 18:00:00,-1.8119581,1,0
2010-08-21 19:00:00,-1.9860487,1,0
2010-08-21 20:00:00,-2.1280482,1,0
2010-08-21 21:00:00,-2.2522485,1,0
2010-08-21 22:00:00,-2.3253372,1,0
2010-08-21 23:00:00,-2.4132538,1,0
2010-08-22 00:00:00,-2.5122015,1,0
2010-08-22 01:00:00,-2.6189663,1,0
2010-08-22 02:00:00,-2.73423,1,0
2010-08-22 03:00:00,-2.8363128,1,0
2010-08-22 04:00:00,-3.0094173,1,0
2010-08-22 05:00:00,-3.0941865,1,0
2010-08-22 06:00:00,-3.1538405,1,0
2010-08-22 07:00:00,-3.1166654,1,0
2010-08-22 08:00:00,-2.7000139,1,0
2010-08-22 09:00:00,-2.2336855,1,0
2010-08-22 10:00:00,-1.9506881,1,0
2010-08-22 11:00:00,-1.8159803,1,0
2010-08-22 12:00:00,-1.5992202,1,0
2010-08-22 13:00:00,-1.391792,1,0
2010-08-22 14:00:00,-1.2356601,1,0
2010-08-22 15:00:00,-1.1807816,1,0
2010-08-22 16:00:00,-1.1721613,1,0
2010-08-22 17:00:00,-1.3329574,1,0
2010-08-22 18:00:00,-1.5456408,1,0
2010-08-22 19:00:00,-1.6676406,1,0
2010-08-22 20:00:00,-1.7971095,1,0
2010-08-22 21:00:00,-1.8983033,1,0
2010-08-22 22:00:00,-1.9872959,1,0
2010-08-22 23:00:00,-2.0471098,1,0
2010-08-23 00:00:00,-2.1047866,0,0
2010-08-23 01:00:00,-2.1259565,0,0
2010-08-23 02:00:00,-2.1020586,0,0
2010-08-23 03:00:00,-2.0398338,0,0
2010-08-23 04:00:00,-2.0143702,0,0
2010-08-23 05:00:00,-1.9651028,0,0
2010-08-23 06:00:00,-1.8995074,0,0
2010-08-23 07:00:00,-1.849484,0,0
2010-08-23 08:00:00,-1.733697,0,0
2010-08-23 09:00:00,-1.5989558,0,0
2010-08-23 10:00:00,-1.4654744,0,0
2010-08-23 11:00:00,-1.3120666,0,0
2010-08-23 12:00:00,-1.1598415,0,0
2010-08-23 13:00:00,-1.0294837,0,0
2010-08-23 14:00:00,-1.097602,0,0
2010-08-23 15:00:00,-1.3570324,0,0
2010-08-23 16:00:00,-1.6106226,0,0
2010-08-23 17:00:00,-1.7960149,0,0
2010-08-23 18:00:00,-1.9534576,0,0
2010-08-23 19:00:00,-2.0333457,0,0
2010-08-23 20:00:00,-2.0809076,0,0
2010-08-23 21:00:00,-2.0912187,0,0
2010-08-23 22:00:00,-2.1220384,0,0
2010-08-23 23:00:00,-2.133399,0,0
2010-08-24 00:00:00,-2.15745,0,0
2010-08-24 01:00:00,-2.1599948,0,0
2010-08-24 02:00:00,-2.2094276,0,0
2010-08-24 03:00:00,-2.2534974,0,0
2010-08-24 04:00:00,-2.2908113,0,0
2010-08-24 05:00:00,-2.2701116,0,0
2010-08-24 06:00:00,-2.2588265,0,0
2010-08-24 07:00:00,-2.1976001,0,0
2010-08-24 08:00:00,-2.0095153,0,0
2010-08-24 09:00:00,-1.8503306,0,0
2010-08-24 10:00:00,-1.715921,0,0
2010-08-24 11:00:00,-1.7114848,0,0
2010-08-24 12:00:00,-1.7823609,0,0
2010-08-24 13:00:00,-1.7052492,0,0
2010-08-24 14:00:00,-1.9025595,0,0
2010-08-24 15:00:00,-2.1251693,0,0
2010-08-24 16:00:00,-2.2623353,0,0
2010-08-24 17:00:00,-2.4441414,0,0
2010-08-24 18:00:00,-2.5853071,0,0
2010-08-24 19:00:00,-2.6554513,0,0
2010-08-24 20:00:00,-2.698394,0,0
2010-08-24 21:00:00,-2.747667,0,0
2010-08-24 22:00:00,-2.7629025,0,0
2010-08-24 23:00:00,-2.732166,0,0
2010-08-25 00:00:00,-2.7511208,0,0
2010-08-25 01:00:00,-2.765789,0,0
2010-08-25 02:00:00,-2.7698214,0,0
2010-08-25 03:00:00,-2.7433596,0,0
2010-08-25 04:00:00,-2.644233,0,0
2010-08-25 05:00:00,-2.5600903,0,0
2010-08-25 06:00:00,-2.4878163,0,0
2010-08-25 07:00:00,-2.3731956,0,0
2010-08-25 08:00:00,-2.217437,0,0
2010-08-25 09:00:00,-2.084833,0,0
2010-08-25 10:00:00,-1.9908606,0,0
2010-08-25 11:00:00,-1.8832814,0,0
2010-08-25 12:00:00,-1.8067665,0,0
2010-08-25 13:00:00,-1.7579548,0,0
2010-08-25 14:00:00,-1.6704767,0,0
2010-08-25 15:00:00,-1.7405455,0,0
2010-08-25 16:00:00,-1.9496516,0,0
2010-08-25 17:00:00,-2.098365,0,0
2010-08-25 18:00:00,-2.2682197,0,0
2010-08-25 19:00:00,-2.2657115,0,0
2010-08-25 20:00:00,-2.2821174,0,0
2010-08-25 21:00:00,-2.2684405,0,0
2010-08-25 22:00:00,-2.2645612,0,0
2010-08-25 23:00:00,-2.2220378,0,0
2010-08-26 00:00:00,-2.1585798,0,0
2010-08-26 01:00:00,-2.0929062,0,0
2010-08-26 02:00:00,-2.0531864,0,0
2010-08-26 03:00:00,-2.021221,0,0
2010-08-26 04:00:00,-1.9491236,0,0
2010-08-26 05:00:00,-2.0312536,0,0
2010-08-26 06:00:00,-2.0669386,0,0
2010-08-26 07:00:00,-2.0967832,0,0
2010-08-26 08:00:00,-1.961138,0,0
2010-08-26 09:00:00,-1.8406137,0,0
2010-08-26 10:00:00,-1.7272601,0,0
2010-08-26 11:00:00,-1.6454113,0,0
2010-08-26 12:00:00,-1.571966,0,0
2010-08-26 13:00:00,-1.5020353,0,0
2010-08-26 14:00:00,-1.4915667,0,0
2010-08-26 15:00:00,-1.5347197,0,0
2010-08-26 16:00:00,-1.5695587,0,0
2010-08-26 17:00:00,-1.631107,0,0
2010-08-26 18:00:00,-1.7138133,0,0
2010-08-26 19:00:00,-1.7543014,0,0
2010-08-26 20:00:00,-1.7670043,0,0
2010-08-26 21:00:00,-1.7787912,0,0
2010-08-26 22:00:00,-1.7913219,0,0
2010-08-26 23:00:00,-1.8185863,0,0
2010-08-27 00:00:00,-1.7626284,0,0
2010-08-27 01:00:00,-1.740962,0,0
2010-08-27 02:00:00,-1.7239023,0,0
2010-08-27 03:00:00,-1.7922146,0,0
2010-08-27 04:00:00,-1.8358891,0,0
2010-08-27 05:00:00,-1.9143286,0,0
2010-08-27 06:00:00,-1.9730034,0,0
2010-08-27 07:00:00,-1.9131703,0,0
2010-08-27 08:00:00,-1.7705023,0,0
2010-08-27 09:00:00,-1.6617694,0,0
2010-08-27 10:00:00,-1.5348989,0,0
2010-08-27 11:00:00,-1.4081764,0,0
2010-08-27 12:00:00,-1.3059747,0,0
2010-08-27 13:00:00,-1.2316915,0,0
2010-08-27 14:00:00,-1.2087983,0,0
2010-08-27 15:00:00,-1.2600355,0,0
2010-08-27 16:00:00,-1.2715359,0,0
2010-08-27 17:00:00,-1.3599536,0,0
2010-08-27 18:00:00,-1.5001956,0,0
2010-08-27 19:00:00,-1.6306745,0,0
2010-08-27 20:00:00,-1.7281778,0,0
2010-08-27 21:00:00,-1.823277,0,0
2010-08-27 22:00:00,-1.9574157,0,0
2010-08-27 23:00:00,-1.9893563,0,0
2010-08-28 00:00:00,-1.9542304,1,0
2010-08-28 01:00:00,-1.9810808,1,0
2010-08-28 02:00:00,-2.032503,1,0
2010-08-28 03:00:00,-2.0751915,1,0
2010-08-28 04:00:00,-2.1125174,1,0
2010-08-28 05:00:00,-2.1703515,1,0
2010-08-28 06:00:00,-2.2117634,1,0
2010-08-28 07:00:00,-2.1933959,1,0
2010-08-28 08:00:00,-1.8762434,1,0
2010-08-28 09:00:00,-1.6957102,1,0
2010-08-28 10:00:00,-1.6542351,1,0
2010-08-28 11:00:00,-1.565366,1,0
2010-08-28 12:00:00,-1.4753697,1,0
2010-08-28 13:00:00,-1.3699739,1,0
2010-08-28 14:00:00,-1.3214762,1,0
2010-08-28 15:00:00,-1.3338339,1,0
2010-08-28 16:00:00,-1.2563317,1,0
2010-08-28 17:00:00,-1.3539093,1,0
2010-08-28 18:00:00,-1.512299,1,0
2010-08-28 19:00:00,-1.6297698,1,0
2010-08-28 20:00:00,-1.7295824,1,0
2010-08-28 21:00:00,-1.7904845,1,0
2010-08-28 22:00:00,-1.8913419,1,0
2010-08-28 23:00:00,-1.9190137,1,0
2010-08-29 00:00:00,-1.9705961,1,0
2010-08-29 01:00:00,-1.9388658,1,0
2010-08-29 02:00:00,-1.9324391,1,0
2010-08-29 03:00:00,-1.9131495,1,0
2010-08-29 04:00:00,-2.1421177,1,0
2010-08-29 05:00:00,-2.2413197,1,0
2010-08-29 06:00:00,-2.2952936,1,0
2010-08-29 07:00:00,-2.227706,1,0
2010-08-29 08:00:00,-1.9620832,1,0
2010-08-29 09:00:00,-1.6754072,1,0
2010-08-29 10:00:00,-1.4673494,1,0
2010-08-29 11:00:00,-1.4138678,1,0
2010-08-29 12:00:00,-1.3086828,1,0
2010-08-29 13:00:00,-1.2273259,1,0
2010-08-29 14:00:00,-1.1929945,1,0
2010-08-29 15:00:00,-1.1974258,1,0
2010-08-29 16:00:00,-0.9473043,1,0
2010-08-29 17:00:00,-1.0248631,1,0
2010-08-29 18:00:00,-1.2559773,1,0
2010-08-29 19:00:00,-1.6020557,1,0
2010-08-29 20:00:00,-1.9208771,1,0
2010-08-29 21:00:00,-2.119465,1,0
2010-08-29 22:00:00,-2.2919278,1,0
2010-08-29 23:00:00,-2.4100022,1,0
2010-08-30 00:00:00,-2.4835808,0,0
2010-08-30 01:00:00,-2.5456073,0,0
2010-08-30 02:00:00,-2.6026032,0,0
2010-08-30 03:00:00,-2.6802797,0,0
2010-08-30 04:00:00,-2.7410562,0,0
2010-08-30 05:00:00,-2.7602463,0,0
2010-08-30 06:00:00,-2.7319813,0,0
2010-08-30 07:00:00,-2.6141205,0,0
2010-08-30 08:00:00,-2.085361,0,0
2010-08-30 09:00:00,-1.6526849,0,0
2010-08-30 10:00:00,-1.3419168,0,0
2010-08-30 11:00:00,-1.1025459,0,0
2010-08-30 12:00:00,-0.93754685,0,0
2010-08-30 13:00:00,-0.83554053,0,0
2010-08-30 14:00:00,-0.7762542,0,0
2010-08-30 15:00:00,-0.79052615,0,0
2010-08-30 16:00:00,-0.77721363,0,0
2010-08-30 17:00:00,-0.86509055,0,0
2010-08-30 18:00:00,-1.0937067,0,0
2010-08-30 19:00:00,-1.3231794,0,0
2010-08-30 20:00:00,-1.536975,0,0
2010-08-30 21:00:00,-1.6056006,0,0
2010-08-30 22:00:00,-1.6782938,0,0
2010-08-30 23:00:00,-1.7533478,0,0
2010-08-31 00:00:00,-1.8839988,0,0
2010-08-31 01:00:00,-2.044306,0,0
2010-08-31 02:00:00,-2.1442397,0,0
2010-08-31 03:00:00,-2.2069347,0,0
2010-08-31 04:00:00,-2.114331,0,0
2010-08-31 05:00:00,-2.0803568,0,0
2010-08-31 06:00:00,-2.0189419,0,0
2010-08-31 07:00:00,-1.9402438,0,0
2010-08-31 08:00:00,-1.7002525,0,0
2010-08-31 09:00:00,-1.4490218,0,0
2010-08-31 10:00:00,-1.2492038,0,0
2010-08-31 11:00:00,-1.1019628,0,0
2010-08-31 12:00:00,-0.86188847,0,0
2010-08-31 13:00:00,-0.77662975,0,0
2010-08-31 14:00:00,-0.73879194,0,0
2010-08-31 15:00:00,-0.68717086,0,0
2010-08-31 16:00:00,-0.7651173,0,0
2010-08-31 17:00:00,-0.83537483,0,0
2010-08-31 18:00:00,-0.8971342,0,0
2010-08-31 19:00:00,-0.9564076,0,0
2010-08-31 20:00:00,-1.0130229,0,0
2010-08-31 21:00:00,-1.0431954,0,0
2010-08-31 22:00:00,-1.1175201,0,0
2010-08-31 23:00:00,-1.1449523,0,0
2010-09-01 00:00:00,-1.1978035,0,0
2010-09-01 01:00:00,-1.2464923,0,0
2010-09-01 02:00:00,-1.2603344,0,0
2010-09-01 03:00:00,-1.2632111,0,0
2010-09-01 04:00:00,-1.2410853,0,0
2010-09-01 05:00:00,-1.2208122,0,0
2010-09-01 06:00:00,-1.2294514,0,0
2010-09-01 07:00:00,-1.1874999,0,0
2010-09-01 08:00:00,-1.045004,0,0
2010-09-01 09:00:00,-1.0003742,0,0
2010-09-01 10:00:00,-0.92866445,0,0
2010-09-01 11:00:00,-0.86146706,0,0
2010-09-01 12:00:00,-0.8053949,0,0
2010-09-01 13:00:00,-0.783641,0,0
2010-09-01 14:00:00,-0.8135003,0,0
2010-09-01 15:00:00,-0.8909093,0,0
2010-09-01 16:00:00,-0.9891711,0,0
2010-09-01 17:00:00,-1.1088613,0,0
2010-09-01 18:00:00,-1.2181394,0,0
2010-09-01 19:00:00,-1.2895992,0,0
2010-09-01 20:00:00,-1.3584011,0,0
2010-09-01 21:00:00,-1.415256,0,0
2010-09-01 22:00:00,-1.4367747,0,0
2010-09-01 23:00:00,-1.4727726,0,0
2010-09-02 00:00:00,-1.4856988,0,0
2010-09-02 01:00:00,-1.5128033,0,0
2010-09-02 02:00:00,-1.543865,0,0
2010-09-02 03:00:00,-1.5798632,0,0
2010-09-02 04:00:00,-1.6382836,0,0
2010-09-02 05:00:00,-1.7204257,0,0
2010-09-02 06:00:00,-1.7430836,0,0
2010-09-02 07:00:00,-1.7308824,0,0
2010-09-02 08:00:00,-1.6586639,0,0
2010-09-02 09:00:00,-1.553634,0,0
2010-09-02 10:00:00,-1.467678,0,0
2010-09-02 11:00:00,-1.3561174,0,0
2010-09-02 12:00:00,-1.2684939,0,0
2010-09-02 13:00:00,-1.1848397,0,0
2010-09-02 14:00:00,-1.1620408,0,0
2010-09-02 15:00:00,-1.2191182,0,0
2010-09-02 16:00:00,-1.2318913,0,0
2010-09-02 17:00:00,-1.3551556,0,0
2010-09-02 18:00:00,-1.4925675,0,0
2010-09-02 19:00:00,-1.5983967,0,0
2010-09-02 20:00:00,-1.6851743,0,0
2010-09-02 21:00:00,-1.7904828,0,0
2010-09-02 22:00:00,-1.873463,0,0
2010-09-02 23:00:00,-1.9288304,0,0
2010-09-03 00:00:00,-1.9954005,0,0
2010-09-03 01:00:00,-2.047237,0,0
2010-09-03 02:00:00,-2.0789604,0,0
2010-09-03 03:00:00,-2.1050668,0,0
2010-09-03 04:00:00,-2.1687722,0,0
2010-09-03 05:00:00,-2.2350883,0,0
2010-09-03 06:00:00,-2.288224,0,0
2010-09-03 07:00:00,-2.2771618,0,0
2010-09-03 08:00:00,-2.1957011,0,0
2010-09-03 09:00:00,-2.1103024,0,0
2010-09-03 10:00:00,-2.0529387,0,0
2010-09-03 11:00:00,-1.9609784,0,0
2010-09-03 12:00:00,-1.9465067,0,0
2010-09-03 13:00:00,-1.8841411,0,0
2010-09-03 14:00:00,-1.7298704,0,0
2010-09-03 15:00:00,-1.615998,0,0
2010-09-03 16:00:00,-1.3130678,0,0
2010-09-03 17:00:00,-1.2807069,0,0
2010-09-03 18:00:00,-1.2580613,0,0
2010-09-03 19:00:00,-1.2073252,0,0
2010-09-03 20:00:00,-1.0787969,0,0
2010-09-03 21:00:00,-0.96525633,0,0
2010-09-03 22:00:00,-0.9245408,0,0
2010-09-03 23:00:00,-0.9038438,0,0
2010-09-04 00:00:00,-0.9390391,1,0
2010-09-04 01:00:00,-0.99360377,1,0
2010-09-04 02:00:00,-1.0355719,1,0
2010-09-04 03:00:00,-1.0578058,1,0
2010-09-04 04:00:00,-1.1700019,1,0
2010-09-04 05:00:00,-1.2317958,1,0
2010-09-04 06:00:00,-1.3551334,1,0
2010-09-04 07:00:00,-1.3600698,1,0
2010-09-04 08:00:00,-1.330225,1,0
2010-09-04 09:00:00,-1.2097564,1,0
2010-09-04 10:00:00,-0.89801633,1,0
2010-09-04 11:00:00,-0.6346278,1,0
2010-09-04 12:00:00,-0.731021,1,0
2010-09-04 13:00:00,-0.9627275,1,0
2010-09-04 14:00:00,-1.3065932,1,0
2010-09-04 15:00:00,-1.5581826,1,0
2010-09-04 16:00:00,-1.5844144,1,0
2010-09-04 17:00:00,-1.7634802,1,0
2010-09-04 18:00:00,-1.8629484,1,0
2010-09-04 19:00:00,-1.9050698,1,0
2010-09-04 20:00:00,-1.9143872,1,0
2010-09-04 21:00:00,-1.9518731,1,0
2010-09-04 22:00:00,-1.9872215,1,0
2010-09-04 23:00:00,-2.0210044,1,0
2010-09-05 00:00:00,-2.0473652,1,0
2010-09-05 01:00:00,-2.0730762,1,0
2010-09-05 02:00:00,-2.0963836,1,0
2010-09-05 03:00:00,-2.0868871,1,0
2010-09-05 04:00:00,-2.174964,1,0
2010-09-05 05:00:00,-2.1771133,1,0
2010-09-05 06:00:00,-2.152883,1,0
2010-09-05 07:00:00,-2.0774784,1,0
2010-09-05 08:00:00,-1.8592987,1,0
2010-09-05 09:00:00,-1.6652551,1,0
2010-09-05 10:00:00,-1.4602462,1,0
2010-09-05 11:00:00,-1.3615752,1,0
2010-09-05 12:00:00,-1.155565,1,0
2010-09-05 13:00:00,-1.0305455,1,0
2010-09-05 14:00:00,-1.0157243,1,0
2010-09-05 15:00:00,-1.1755656,1,0
2010-09-05 16:00:00,-1.3264142,1,0
2010-09-05 17:00:00,-1.5892667,1,0
2010-09-05 18:00:00,-1.691182,1,0
2010-09-05 19:00:00,-1.8222328,1,0
2010-09-05 20:00:00,-1.910416,1,0
2010-09-05 21:00:00,-2.014331,1,0
2010-09-05 22:00:00,-2.1001105,1,0
2010-09-05 23:00:00,-2.1486394,1,0
2010-09-06 00:00:00,-2.1978178,0,0
2010-09-06 01:00:00,-2.246996,0,0
2010-09-06 02:00:00,-2.3060663,0,0
2010-09-06 03:00:00,-2.3463514,0,0
2010-09-06 04:00:00,-2.4262128,0,0
2010-09-06 05:00:00,-2.4417655,0,0
2010-09-06 06:00:00,-2.46137,0,0
2010-09-06 07:00:00,-2.361817,0,0
2010-09-06 08:00:00,-2.01523,0,0
2010-09-06 09:00:00,-2.0003777,0,0
2010-09-06 10:00:00,-1.9267828,0,0
2010-09-06 11:00:00,-1.8030893,0,0
2010-09-06 12:00:00,-1.7684481,0,0
2010-09-06 13:00:00,-1.6935464,0,0
2010-09-06 14:00:00,-1.7284435,0,0
2010-09-06 15:00:00,-1.7910721,0,0
2010-09-06 16:00:00,-1.7292197,0,0
2010-09-06 17:00:00,-1.7855895,0,0
2010-09-06 18:00:00,-1.9142408,0,0
2010-09-06 19:00:00,-1.9709073,0,0
2010-09-06 20:00:00,-2.1236982,0,0
2010-09-06 21:00:00,-2.2239184,0,0
2010-09-06 22:00:00,-2.379305,0,0
2010-09-06 23:00:00,-2.551167,0,0
2010-09-07 00:00:00,-2.7129655,0,0
2010-09-07 01:00:00,-2.8136196,0,0
2010-09-07 02:00:00,-2.9592133,0,0
2010-09-07 03:00:00,-3.0109525,0,0
2010-09-07 04:00:00,-2.9222991,0,0
2010-09-07 05:00:00,-2.9480736,0,0
2010-09-07 06:00:00,-2.9784546,0,0
2010-09-07 07:00:00,-2.8286936,0,0
2010-09-07 08:00:00,-2.3981912,0,0
2010-09-07 09:00:00,-2.0837057,0,0
2010-09-07 10:00:00,-1.8939947,0,0
2010-09-07 11:00:00,-1.6548121,0,0
2010-09-07 12:00:00,-1.4316399,0,0
2010-09-07 13:00:00,-1.2448457,0,0
2010-09-07 14:00:00,-1.1203947,0,0
2010-09-07 15:00:00,-1.1478515,0,0
2010-09-07 16:00:00,-1.1042289,0,0
2010-09-07 17:00:00,-1.1325271,0,0
2010-09-07 18:00:00,-1.3185956,0,0
2010-09-07 19:00:00,-1.5260452,0,0
2010-09-07 20:00:00,-1.6636679,0,0
2010-09-07 21:00:00,-1.7542306,0,0
2010-09-07 22:00:00,-1.8046614,0,0
2010-09-07 23:00:00,-1.8406595,0,0
2010-09-08 00:00:00,-1.8888589,0,0
2010-09-08 01:00:00,-1.9279102,0,0
2010-09-08 02:00:00,-1.9410903,0,0
2010-09-08 03:00:00,-1.9630045,0,0
2010-09-08 04:00:00,-1.8577756,0,0
2010-09-08 05:00:00,-1.8290864,0,0
2010-09-08 06:00:00,-1.7887826,0,0
2010-09-08 07:00:00,-1.7180786,0,0
2010-09-08 08:00:00,-1.5752653,0,0
2010-09-08 09:00:00,-1.4376383,0,0
2010-09-08 10:00:00,-1.4141544,0,0
2010-09-08 11:00:00,-1.2328734,0,0
2010-09-08 12:00:00,-1.0101062,0,0
2010-09-08 13:00:00,-0.8226556,0,0
2010-09-08 14:00:00,-0.55795586,0,0
2010-09-08 15:00:00,-0.352173,0,0
2010-09-08 16:00:00,-0.3284806,0,0
2010-09-08 17:00:00,-0.4305751,0,0
2010-09-08 18:00:00,-0.647521,0,0
2010-09-08 19:00:00,-0.7980378,0,0
2010-09-08 20:00:00,-0.9037728,0,0
2010-09-08 21:00:00,-0.9706916,0,0
2010-09-08 22:00:00,-1.0241758,0,0
2010-09-08 23:00:00,-1.0634816,0,0
2010-09-09 00:00:00,-1.1021377,0,0
2010-09-09 01:00:00,-1.1102216,0,0
2010-09-09 02:00:00,-1.0630794,0,0
2010-09-09 03:00:00,-1.0577122,0,0
2010-09-09 04:00:00,-1.0236049,0,0
2010-09-09 05:00:00,-0.9702451,0,0
2010-09-09 06:00:00,-0.9656097,0,0
2010-09-09 07:00:00,-0.9496114,0,0
2010-09-09 08:00:00,-0.85958153,0,0
2010-09-09 09:00:00,-0.7960092,0,0
2010-09-09 10:00:00,-0.67025363,0,0
2010-09-09 11:00:00,-0.57514024,0,0
2010-09-09 12:00:00,-0.5530956,0,0
2010-09-09 13:00:00,-0.65245664,0,0
2010-09-09 14:00:00,-0.68840283,0,0
2010-09-09 15:00:00,-0.72538364,0,0
2010-09-09 16:00:00,-0.65375465,0,0
2010-09-09 17:00:00,-0.7645945,0,0
2010-09-09 18:00:00,-0.87590766,0,0
2010-09-09 19:00:00,-0.9462974,0,0
2010-09-09 20:00:00,-1.0796248,0,0
2010-09-09 21:00:00,-1.2876192,0,0
2010-09-09 22:00:00,-1.4653548,0,0
2010-09-09 23:00:00,-1.5874686,0,0
2010-09-10 00:00:00,-1.7036481,0,0
2010-09-10 01:00:00,-1.8493071,0,0
2010-09-10 02:00:00,-1.8637166,0,0
2010-09-10 03:00:00,-1.836252,0,0
2010-09-10 04:00:00,-1.8565184,0,0
2010-09-10 05:00:00,-1.8521467,0,0
2010-09-10 06:00:00,-1.8143221,0,0
2010-09-10 07:00:00,-1.6896539,0,0
2010-09-10 08:00:00,-1.5203563,0,0
2010-09-10 09:00:00,-1.3917991,0,0
2010-09-10 10:00:00,-1.2598425,0,0
2010-09-10 11:00:00,-1.1758276,0,0
2010-09-10 12:00:00,-1.1262763,0,0
2010-09-10 13:00:00,-1.1168301,0,0
2010-09-10 14:00:00,-1.1070007,0,0
2010-09-10 15:00:00,-1.1086917,0,0
2010-09-10 16:00:00,-1.1134483,0,0
2010-09-10 17:00:00,-1.1650105,0,0
2010-09-10 18:00:00,-1.2475567,0,0
2010-09-10 19:00:00,-1.2977767,0,0
2010-09-10 20:00:00,-1.3370943,0,0
2010-09-10 21:00:00,-1.4030273,0,0
2010-09-10 22:00:00,-1.4609703,0,0
2010-09-10 23:00:00,-1.514862,0,0
2010-09-11 00:00:00,-1.5857189,1,0
2010-09-11 01:00:00,-1.6485863,1,0
2010-09-11 02:00:00,-1.7215807,1,0
2010-09-11 03:00:00,-1.7632589,1,0
2010-09-11 04:00:00,-1.7054033,1,0
2010-09-11 05:00:00,-1.7018414,1,0
2010-09-11 06:00:00,-1.7013326,1,0
2010-09-11 07:00:00,-1.6129706,1,0
2010-09-11 08:00:00,-1.4605196,1,0
2010-09-11 09:00:00,-1.371949,1,0
2010-09-11 10:00:00,-1.2769542,1,0
2010-09-11 11:00:00,-1.1998286,1,0
2010-09-11 12:00:00,-1.1474782,1,0
2010-09-11 13:00:00,-1.11503,1,0
2010-09-11 14:00:00,-1.091754,1,0
2010-09-11 15:00:00,-1.1772003,1,0
2010-09-11 16:00:00,-1.119196,1,0
2010-09-11 17:00:00,-1.1828816,1,0
2010-09-11 18:00:00,-1.34472,1,0
2010-09-11 19:00:00,-1.4925085,1,0
2010-09-11 20:00:00,-1.6270081,1,0
2010-09-11 21:00:00,-1.7136257,1,0
2010-09-11 22:00:00,-1.7874581,1,0
2010-09-11 23:00:00,-1.8626019,1,0
2010-09-12 00:00:00,-1.9386495,1,0
2010-09-12 01:00:00,-2.0102506,1,0
2010-09-12 02:00:00,-2.0569594,1,0
2010-09-12 03:00:00,-2.0496948,1,0
2010-09-12 04:00:00,-2.1149225,1,0
2010-09-12 05:00:00,-2.0986698,1,0
2010-09-12 06:00:00,-2.0929706,1,0
2010-09-12 07:00:00,-1.956167,1,0
2010-09-12 08:00:00,-1.5705531,1,0
2010-09-12 09:00:00,-1.3261217,1,0
2010-09-12 10:00:00,-1.169864,1,0
2010-09-12 11:00:00,-0.9647966,1,0
2010-09-12 12:00:00,-0.8227218,1,0
2010-09-12 13:00:00,-0.72313166,1,0
2010-09-12 14:00:00,-0.5988995,1,0
2010-09-12 15:00:00,-0.546127,1,0
2010-09-12 16:00:00,-0.5605952,1,0
2010-09-12 17:00:00,-0.6576833,1,0
2010-09-12 18:00:00,-0.86238927,1,0
2010-09-12 19:00:00,-1.0542789,1,0
2010-09-12 20:00:00,-1.1960552,1,0
2010-09-12 21:00:00,-1.3016423,1,0
2010-09-12 22:00:00,-1.2869675,1,0
2010-09-12 23:00:00,-1.2305008,1,0
2010-09-13 00:00:00,-1.2083915,0,0
2010-09-13 01:00:00,-1.2353073,0,0
2010-09-13 02:00:00,-1.2623177,0,0
2010-09-13 03:00:00,-1.2900717,0,0
2010-09-13 04:00:00,-1.3972346,0,0
2010-09-13 05:00:00,-1.366154,0,0
2010-09-13 06:00:00,-1.375537,0,0
2010-09-13 07:00:00,-1.2524223,0,0
2010-09-13 08:00:00,-0.8821529,0,0
2010-09-13 09:00:00,-0.5982414,0,0
2010-09-13 10:00:00,-0.5037449,0,0
2010-09-13 11:00:00,-0.50509423,0,0
2010-09-13 12:00:00,-0.47035885,0,0
2010-09-13 13:00:00,-0.40335262,0,0
2010-09-13 14:00:00,-0.42429855,0,0
2010-09-13 15:00:00,-0.5306554,0,0
2010-09-13 16:00:00,-0.27380627,0,0
2010-09-13 17:00:00,-0.3578427,0,0
2010-09-13 18:00:00,-0.5277242,0,0
2010-09-13 19:00:00,-0.6434408,0,0
2010-09-13 20:00:00,-0.71875924,0,0
2010-09-13 21:00:00,-0.783936,0,0
2010-09-13 22:00:00,-0.85569686,0,0
2010-09-13 23:00:00,-0.94377357,0,0
2010-09-14 00:00:00,-1.0017046,0,0
2010-09-14 01:00:00,-1.0649672,0,0
2010-09-14 02:00:00,-1.1344186,0,0
2010-09-14 03:00:00,-1.2083167,0,0
2010-09-14 04:00:00,-1.3000964,0,0
2010-09-14 05:00:00,-1.3606542,0,0
2010-09-14 06:00:00,-1.4160215,0,0
2010-09-14 07:00:00,-1.4221913,0,0
2010-09-14 08:00:00,-1.3580567,0,0
2010-09-14 09:00:00,-1.0877087,0,0
2010-09-14 10:00:00,-0.86932063,0,0
2010-09-14 11:00:00,-0.70665115,0,0
2010-09-14 12:00:00,-0.6567045,0,0
2010-09-14 13:00:00,-0.6016451,0,0
2010-09-14 14:00:00,-0.66267955,0,0
2010-09-14 15:00:00,-0.7300439,0,0
2010-09-14 16:00:00,-0.88897675,0,0
2010-09-14 17:00:00,-1.1103039,0,0
2010-09-14 18:00:00,-1.3326101,0,0
2010-09-14 19:00:00,-1.5089011,0,0
2010-09-14 20:00:00,-1.640347,0,0
2010-09-14 21:00:00,-1.723735,0,0
2010-09-14 22:00:00,-1.7589234,0,0
2010-09-14 23:00:00,-1.7810726,0,0
2010-09-15 00:00:00,-1.8221014,0,0
2010-09-15 01:00:00,-1.8838928,0,0
2010-09-15 02:00:00,-1.9739467,0,0
2010-09-15 03:00:00,-2.0378754,0,0
2010-09-15 04:00:00,-2.0395162,0,0
2010-09-15 05:00:00,-2.0428994,0,0
2010-09-15 06:00:00,-2.0266588,0,0
2010-09-15 07:00:00,-1.8684309,0,0
2010-09-15 08:00:00,-1.7108914,0,0
2010-09-15 09:00:00,-1.5232598,0,0
2010-09-15 10:00:00,-1.3789732,0,0
2010-09-15 11:00:00,-1.2975341,0,0
2010-09-15 12:00:00,-1.2370418,0,0
2010-09-15 13:00:00,-1.1733676,0,0
2010-09-15 14:00:00,-1.1542838,0,0
2010-09-15 15:00:00,-1.1130953,0,0
2010-09-15 16:00:00,-1.0759312,0,0
2010-09-15 17:00:00,-1.1369077,0,0
2010-09-15 18:00:00,-1.2447411,0,0
2010-09-15 19:00:00,-1.3572445,0,0
2010-09-15 20:00:00,-1.4024968,0,0
2010-09-15 21:00:00,-1.4647148,0,0
2010-09-15 22:00:00,-1.5008069,0,0
2010-09-15 23:00:00,-1.5839595,0,0
2010-09-16 00:00:00,-1.6398163,0,0
2010-09-16 01:00:00,-1.6907368,0,0
2010-09-16 02:00:00,-1.753432,0,0
2010-09-16 03:00:00,-1.8228056,0,0
2010-09-16 04:00:00,-1.8097006,0,0
2010-09-16 05:00:00,-1.9107854,0,0
2010-09-16 06:00:00,-1.9817247,0,0
2010-09-16 07:00:00,-1.8769689,0,0
2010-09-16 08:00:00,-1.8257118,0,0
2010-09-16 09:00:00,-1.7214749,0,0
2010-09-16 10:00:00,-1.6422361,0,0
2010-09-16 11:00:00,-1.5049603,0,0
2010-09-16 12:00:00,-1.4749624,0,0
2010-09-16 13:00:00,-1.4523357,0,0
2010-09-16 14:00:00,-1.4253134,0,0
2010-09-16 15:00:00,-1.4789109,0,0
2010-09-16 16:00:00,-1.4419192,0,0
2010-09-16 17:00:00,-1.5810729,0,0
2010-09-16 18:00:00,-1.7610981,0,0
2010-09-16 19:00:00,-1.8810236,0,0
2010-09-16 20:00:00,-2.0297792,0,0
2010-09-16 21:00:00,-2.152504,0,0
2010-09-16 22:00:00,-2.2299573,0,0
2010-09-16 23:00:00,-2.2943244,0,0
2010-09-17 00:00:00,-2.3291643,0,0
2010-09-17 01:00:00,-2.3350797,0,0
2010-09-17 02:00:00,-2.36027,0,0
2010-09-17 03:00:00,-2.4130738,0,0
2010-09-17 04:00:00,-2.367671,0,0
2010-09-17 05:00:00,-2.4253476,0,0
2010-09-17 06:00:00,-2.4367037,0,0
2010-09-17 07:00:00,-2.233631,0,0
2010-09-17 08:00:00,-2.0162487,0,0
2010-09-17 09:00:00,-1.8795954,0,0
2010-09-17 10:00:00,-1.7437562,0,0
2010-09-17 11:00:00,-1.5534344,0,0
2010-09-17 12:00:00,-1.4018002,0,0
2010-09-17 13:00:00,-1.3766409,0,0
2010-09-17 14:00:00,-1.3522257,0,0
2010-09-17 15:00:00,-1.3787308,0,0
2010-09-17 16:00:00,-1.4465501,0,0
2010-09-17 17:00:00,-1.5366275,0,0
2010-09-17 18:00:00,-1.70671,0,0
2010-09-17 19:00:00,-1.8776649,0,0
2010-09-17 20:00:00,-1.9958484,0,0
2010-09-17 21:00:00,-2.1027346,0,0
2010-09-17 22:00:00,-2.213164,0,0
2010-09-17 23:00:00,-2.3716981,0,0
2010-09-18 00:00:00,-2.5467365,1,0
2010-09-18 01:00:00,-2.6984367,1,0
2010-09-18 02:00:00,-2.6667817,1,0
2010-09-18 03:00:00,-2.545974,1,0
2010-09-18 04:00:00,-2.4787984,1,0
2010-09-18 05:00:00,-2.4890661,1,0
2010-09-18 06:00:00,-2.508482,1,0
2010-09-18 07:00:00,-2.350211,1,0
2010-09-18 08:00:00,-2.2504716,1,0
2010-09-18 09:00:00,-2.108984,1,0
2010-09-18 10:00:00,-1.9287461,1,0
2010-09-18 11:00:00,-1.83118,1,0
2010-09-18 12:00:00,-1.6770761,1,0
2010-09-18 13:00:00,-1.5663416,1,0
2010-09-18 14:00:00,-1.5134091,1,0
2010-09-18 15:00:00,-1.504418,1,0
2010-09-18 16:00:00,-1.3772753,1,0
2010-09-18 17:00:00,-1.4069238,1,0
2010-09-18 18:00:00,-1.4865768,1,0
2010-09-18 19:00:00,-1.5398377,1,0
2010-09-18 20:00:00,-1.6128632,1,0
2010-09-18 21:00:00,-1.6938661,1,0
2010-09-18 22:00:00,-1.794888,1,0
2010-09-18 23:00:00,-1.9136312,1,0
2010-09-19 00:00:00,-1.9883674,1,0
2010-09-19 01:00:00,-2.0415974,1,0
2010-09-19 02:00:00,-2.0903804,1,0
2010-09-19 03:00:00,-2.1749265,1,0
2010-09-19 04:00:00,-2.2051787,1,0
2010-09-19 05:00:00,-2.2136579,1,0
2010-09-19 06:00:00,-2.2600496,1,0
2010-09-19 07:00:00,-2.0584645,1,0
2010-09-19 08:00:00,-1.6908199,1,0
2010-09-19 09:00:00,-1.5130966,1,0
2010-09-19 10:00:00,-1.3277276,1,0
2010-09-19 11:00:00,-1.2904841,1,0
2010-09-19 12:00:00,-1.2264489,1,0
2010-09-19 13:00:00,-1.3221701,1,0
2010-09-19 14:00:00,-1.3696489,1,0
2010-09-19 15:00:00,-1.3833135,1,0
2010-09-19 16:00:00,-1.3987834,1,0
2010-09-19 17:00:00,-1.5583824,1,0
2010-09-19 18:00:00,-1.7019007,1,0
2010-09-19 19:00:00,-1.8080744,1,0
2010-09-19 20:00:00,-1.8445109,1,0
2010-09-19 21:00:00,-1.9167104,1,0
2010-09-19 22:00:00,-1.9470403,1,0
2010-09-19 23:00:00,-2.0113132,1,0
2010-09-20 00:00:00,-2.0549057,0,0
2010-09-20 01:00:00,-2.105572,0,0
2010-09-20 02:00:00,-2.1435475,0,0
2010-09-20 03:00:00,-2.1683424,0,0
2010-09-20 04:00:00,-2.1456,0,0
2010-09-20 05:00:00,-2.1375914,0,0
2010-09-20 06:00:00,-2.1408799,0,0
2010-09-20 07:00:00,-1.9722587,0,0
2010-09-20 08:00:00,-1.7606511,0,0
2010-09-20 09:00:00,-1.5821406,0,0
2010-09-20 10:00:00,-1.3751587,0,0
2010-09-20 11:00:00,-1.2527661,0,0
2010-09-20 12:00:00,-1.1585075,0,0
2010-09-20 13:00:00,-1.085278,0,0
2010-09-20 14:00:00,-1.0679364,0,0
2010-09-20 15:00:00,-1.1163865,0,0
2010-09-20 16:00:00,-1.0580992,0,0
2010-09-20 17:00:00,-1.1306784,0,0
2010-09-20 18:00:00,-1.2199686,0,0
2010-09-20 19:00:00,-1.3188964,0,0
2010-09-20 20:00:00,-1.368106,0,0
2010-09-20 21:00:00,-1.4050201,0,0
2010-09-20 22:00:00,-1.4421885,0,0
2010-09-20 23:00:00,-1.4838979,0,0
2010-09-21 00:00:00,-1.505068,0,0
2010-09-21 01:00:00,-1.5276314,0,0
2010-09-21 02:00:00,-1.5789783,0,0
2010-09-21 03:00:00,-1.6105295,0,0
2010-09-21 04:00:00,-1.576662,0,0
2010-09-21 05:00:00,-1.6167114,0,0
2010-09-21 06:00:00,-1.6087029,0,0
2010-09-21 07:00:00,-1.4972565,0,0
2010-09-21 08:00:00,-1.3392317,0,0
2010-09-21 09:00:00,-1.1993264,0,0
2010-09-21 10:00:00,-1.1291413,0,0
2010-09-21 11:00:00,-1.0095357,0,0
2010-09-21 12:00:00,-0.9454227,0,0
2010-09-21 13:00:00,-0.88130975,0,0
2010-09-21 14:00:00,-0.83442867,0,0
2010-09-21 15:00:00,-0.8942928,0,0
2010-09-21 16:00:00,-0.8512109,0,0
2010-09-21 17:00:00,-0.9958875,0,0
2010-09-21 18:00:00,-1.1716259,0,0
2010-09-21 19:00:00,-1.3075496,0,0
2010-09-21 20:00:00,-1.3908743,0,0
2010-09-21 21:00:00,-1.4563177,0,0
2010-09-21 22:00:00,-1.5262076,0,0
2010-09-21 23:00:00,-1.5591644,0,0
2010-09-22 00:00:00,-1.5923758,0,0
2010-09-22 01:00:00,-1.6714765,0,0
2010-09-22 02:00:00,-1.7378869,0,0
2010-09-22 03:00:00,-1.8191252,0,0
2010-09-22 04:00:00,-1.8037229,0,0
2010-09-22 05:00:00,-1.8322208,0,0
2010-09-22 06:00:00,-1.8969711,0,0
2010-09-22 07:00:00,-1.7218167,0,0
2010-09-22 08:00:00,-1.5757614,0,0
2010-09-22 09:00:00,-1.4270791,0,0
2010-09-22 10:00:00,-1.1995456,0,0
2010-09-22 11:00:00,-0.9687359,0,0
2010-09-22 12:00:00,-0.7465965,0,0
2010-09-22 13:00:00,-0.6018948,0,0
2010-09-22 14:00:00,-0.5480655,0,0
2010-09-22 15:00:00,-0.5835897,0,0
2010-09-22 16:00:00,-0.71770954,0,0
2010-09-22 17:00:00,-0.907936,0,0
2010-09-22 18:00:00,-1.174198,0,0
2010-09-22 19:00:00,-1.3399624,0,0
2010-09-22 20:00:00,-1.4494244,0,0
2010-09-22 21:00:00,-1.5423987,0,0
2010-09-22 22:00:00,-1.6201183,0,0
2010-09-22 23:00:00,-1.6874444,0,0
2010-09-23 00:00:00,-1.7700884,0,0
2010-09-23 01:00:00,-1.8362445,0,0
2010-09-23 02:00:00,-1.8762751,0,0
2010-09-23 03:00:00,-1.8588641,0,0
2010-09-23 04:00:00,-1.8283674,0,0
2010-09-23 05:00:00,-1.8307399,0,0
2010-09-23 06:00:00,-1.8559302,0,0
2010-09-23 07:00:00,-1.746289,0,0
2010-09-23 08:00:00,-1.6801486,0,0
2010-09-23 09:00:00,-1.6221501,0,0
2010-09-23 10:00:00,-1.5355713,0,0
2010-09-23 11:00:00,-1.3838625,0,0
2010-09-23 12:00:00,-1.2425662,0,0
2010-09-23 13:00:00,-1.1187681,0,0
2010-09-23 14:00:00,-1.075461,0,0
2010-09-23 15:00:00,-1.092583,0,0
2010-09-23 16:00:00,-1.0796,0,0
2010-09-23 17:00:00,-1.18626,0,0
2010-09-23 18:00:00,-1.3561192,0,0
2010-09-23 19:00:00,-1.4877806,0,0
2010-09-23 20:00:00,-1.5828922,0,0
2010-09-23 21:00:00,-1.6876409,0,0
2010-09-23 22:00:00,-1.7862833,0,0
2010-09-23 23:00:00,-1.8681833,0,0
2010-09-24 00:00:00,-1.9665711,0,0
2010-09-24 01:00:00,-2.1042528,0,0
2010-09-24 02:00:00,-2.3439543,0,0
2010-09-24 03:00:00,-2.5466282,0,0
2010-09-24 04:00:00,-2.7455995,0,0
2010-09-24 05:00:00,-2.7816727,0,0
2010-09-24 06:00:00,-2.778346,0,0
2010-09-24 07:00:00,-2.3654442,0,0
2010-09-24 08:00:00,-1.9626329,0,0
2010-09-24 09:00:00,-1.6638092,0,0
2010-09-24 10:00:00,-1.3685476,0,0
2010-09-24 11:00:00,-1.1351618,0,0
2010-09-24 12:00:00,-0.9652775,0,0
2010-09-24 13:00:00,-0.89351135,0,0
2010-09-24 14:00:00,-0.84535015,0,0
2010-09-24 15:00:00,-0.812562,0,0
2010-09-24 16:00:00,-0.8217829,0,0
2010-09-24 17:00:00,-0.927742,0,0
2010-09-24 18:00:00,-1.1226162,0,0
2010-09-24 19:00:00,-1.306395,0,0
2010-09-24 20:00:00,-1.4670364,0,0
2010-09-24 21:00:00,-1.4810014,0,0
2010-09-24 22:00:00,-1.4193485,0,0
2010-09-24 23:00:00,-1.3786302,0,0
2010-09-25 00:00:00,-1.3379121,1,0
2010-09-25 01:00:00,-1.2905157,1,0
2010-09-25 02:00:00,-1.2711585,1,0
2010-09-25 03:00:00,-1.2976913,1,0
2010-09-25 04:00:00,-1.3228307,1,0
2010-09-25 05:00:00,-1.3516607,1,0
2010-09-25 06:00:00,-1.3785766,1,0
2010-09-25 07:00:00,-1.194117,1,0
2010-09-25 08:00:00,-1.0344383,1,0
2010-09-25 09:00:00,-0.86458164,1,0
2010-09-25 10:00:00,-0.5868017,1,0
2010-09-25 11:00:00,-0.38116238,1,0
2010-09-25 12:00:00,-0.32062367,1,0
2010-09-25 13:00:00,-0.21532188,1,0
2010-09-25 14:00:00,-0.20564033,1,0
2010-09-25 15:00:00,-0.23257187,1,0
2010-09-25 16:00:00,-0.33867452,1,0
2010-09-25 17:00:00,-0.4384837,1,0
2010-09-25 18:00:00,-0.62919974,1,0
2010-09-25 19:00:00,-0.8257249,1,0
2010-09-25 20:00:00,-1.0610229,1,0
2010-09-25 21:00:00,-1.2972878,1,0
2010-09-25 22:00:00,-1.495132,1,0
2010-09-25 23:00:00,-1.7049108,1,0
2010-09-26 00:00:00,-1.7838926,1,0
2010-09-26 01:00:00,-1.777519,1,0
2010-09-26 02:00:00,-1.9430369,1,0
2010-09-26 03:00:00,-2.0893142,1,0
2010-09-26 04:00:00,-2.168745,1,0
2010-09-26 05:00:00,-2.1935208,1,0
2010-09-26 06:00:00,-2.2824826,1,0
2010-09-26 07:00:00,-1.8520882,1,0
2010-09-26 08:00:00,-1.3319432,1,0
2010-09-26 09:00:00,-1.0961823,1,0
2010-09-26 10:00:00,-0.9853803,1,0
2010-09-26 11:00:00,-0.79678863,1,0
2010-09-26 12:00:00,-0.66797626,1,0
2010-09-26 13:00:00,-0.55467284,1,0
2010-09-26 14:00:00,-0.51301354,1,0
2010-09-26 15:00:00,-0.5598229,1,0
2010-09-26 16:00:00,-0.47997662,1,0
2010-09-26 17:00:00,-0.5998478,1,0
2010-09-26 18:00:00,-0.7800227,1,0
2010-09-26 19:00:00,-0.9500272,1,0
2010-09-26 20:00:00,-1.1147156,1,0
2010-09-26 21:00:00,-1.2499588,1,0
2010-09-26 22:00:00,-1.3605645,1,0
2010-09-26 23:00:00,-1.4715654,1,0
2010-09-27 00:00:00,-1.5086368,0,0
2010-09-27 01:00:00,-1.5430816,0,0
2010-09-27 02:00:00,-1.5250869,0,0
2010-09-27 03:00:00,-1.4921697,0,0
2010-09-27 04:00:00,-1.4764844,0,0
2010-09-27 05:00:00,-1.4886665,0,0
2010-09-27 06:00:00,-1.4560981,0,0
2010-09-27 07:00:00,-1.2604476,0,0
2010-09-27 08:00:00,-1.0987813,0,0
2010-09-27 09:00:00,-0.93402284,0,0
2010-09-27 10:00:00,-0.67664677,0,0
2010-09-27 11:00:00,-0.57117623,0,0
2010-09-27 12:00:00,-0.6675962,0,0
2010-09-27 13:00:00,-0.75622714,0,0
2010-09-27 14:00:00,-0.83115727,0,0
2010-09-27 15:00:00,-1.0722824,0,0
2010-09-27 16:00:00,-1.2178793,0,0
2010-09-27 17:00:00,-1.4351082,0,0
2010-09-27 18:00:00,-1.664042,0,0
2010-09-27 19:00:00,-1.8265152,0,0
2010-09-27 20:00:00,-1.9152191,0,0
2010-09-27 21:00:00,-1.93327,0,0
2010-09-27 22:00:00,-1.9714175,0,0
2010-09-27 23:00:00,-1.9280846,0,0
2010-09-28 00:00:00,-1.8778969,0,0
2010-09-28 01:00:00,-1.8614166,0,0
2010-09-28 02:00:00,-1.879279,0,0
2010-09-28 03:00:00,-1.9582901,0,0
2010-09-28 04:00:00,-2.1202693,0,0
2010-09-28 05:00:00,-2.2261496,0,0
2010-09-28 06:00:00,-2.2634754,0,0
2010-09-28 07:00:00,-2.1109157,0,0
2010-09-28 08:00:00,-1.9843748,0,0
2010-09-28 09:00:00,-1.7626238,0,0
2010-09-28 10:00:00,-1.571566,0,0
2010-09-28 11:00:00,-1.429216,0,0
2010-09-28 12:00:00,-1.3891811,0,0
2010-09-28 13:00:00,-1.3013811,0,0
2010-09-28 14:00:00,-1.3772558,0,0
2010-09-28 15:00:00,-1.49443,0,0
2010-09-28 16:00:00,-1.4962275,0,0
2010-09-28 17:00:00,-1.6145409,0,0
2010-09-28 18:00:00,-1.7644833,0,0
2010-09-28 19:00:00,-1.8867184,0,0
2010-09-28 20:00:00,-1.9872749,0,0
2010-09-28 21:00:00,-2.0807266,0,0
2010-09-28 22:00:00,-2.1741781,0,0
2010-09-28 23:00:00,-2.2389407,0,0
2010-09-29 00:00:00,-2.322583,0,0
2010-09-29 01:00:00,-2.3871732,0,0
2010-09-29 02:00:00,-2.4228392,0,0
2010-09-29 03:00:00,-2.493524,0,0
2010-09-29 04:00:00,-2.5863814,0,0
2010-09-29 05:00:00,-2.631113,0,0
2010-09-29 06:00:00,-2.6327538,0,0
2010-09-29 07:00:00,-2.3809612,0,0
2010-09-29 08:00:00,-2.1074488,0,0
2010-09-29 09:00:00,-1.9610517,0,0
2010-09-29 10:00:00,-1.8268167,0,0
2010-09-29 11:00:00,-1.6899672,0,0
2010-09-29 12:00:00,-1.5224944,0,0
2010-09-29 13:00:00,-1.4765605,0,0
2010-09-29 14:00:00,-1.4304667,0,0
2010-09-29 15:00:00,-1.4678737,0,0
2010-09-29 16:00:00,-1.5220474,0,0
2010-09-29 17:00:00,-1.6329819,0,0
2010-09-29 18:00:00,-1.7810025,0,0
2010-09-29 19:00:00,-1.952224,0,0
2010-09-29 20:00:00,-2.1116273,0,0
2010-09-29 21:00:00,-2.2350016,0,0
2010-09-29 22:00:00,-2.3460803,0,0
2010-09-29 23:00:00,-2.405652,0,0
2010-09-30 00:00:00,-2.4875522,0,0
2010-09-30 01:00:00,-2.547124,0,0
2010-09-30 02:00:00,-2.6267145,0,0
2010-09-30 03:00:00,-2.6943583,0,0
2010-09-30 04:00:00,-2.7641227,0,0
2010-09-30 05:00:00,-2.806545,0,0
2010-09-30 06:00:00,-2.7883124,0,0
2010-09-30 07:00:00,-2.485773,0,0
2010-09-30 08:00:00,-2.17682,0,0
2010-09-30 09:00:00,-1.8238192,0,0
2010-09-30 10:00:00,-1.5647978,0,0
2010-09-30 11:00:00,-1.3414758,0,0
2010-09-30 12:00:00,-1.2128235,0,0
2010-09-30 13:00:00,-1.1714187,0,0
2010-09-30 14:00:00,-1.1455977,0,0
2010-09-30 15:00:00,-1.1600928,0,0
2010-09-30 16:00:00,-1.179502,0,0
2010-09-30 17:00:00,-1.1847402,0,0
2010-09-30 18:00:00,-1.3453106,0,0
2010-09-30 19:00:00,-1.4847265,0,0
2010-09-30 20:00:00,-1.5846169,0,0
2010-09-30 21:00:00,-1.6775789,0,0
2010-09-30 22:00:00,-1.7418519,0,0
2010-09-30 23:00:00,-1.8123136,0,0
2010-10-01 00:00:00,-1.893552,0,0
2010-10-01 01:00:00,-1.9303882,0,0
2010-10-01 02:00:00,-1.9794887,0,0
2010-10-01 03:00:00,-2.0160751,0,0
2010-10-01 04:00:00,-2.1469927,0,0
2010-10-01 05:00:00,-2.193866,0,0
2010-10-01 06:00:00,-2.2118106,0,0
2010-10-01 07:00:00,-1.9758561,0,0
2010-10-01 08:00:00,-1.5736476,0,0
2010-10-01 09:00:00,-1.1794705,0,0
2010-10-01 10:00:00,-0.8700181,0,0
2010-10-01 11:00:00,-0.64084387,0,0
2010-10-01 12:00:00,-0.4495188,0,0
2010-10-01 13:00:00,-0.35604542,0,0
2010-10-01 14:00:00,-0.2874416,0,0
2010-10-01 15:00:00,-0.26000422,0,0
2010-10-01 16:00:00,-0.36953396,0,0
2010-10-01 17:00:00,-0.32819408,0,0
2010-10-01 18:00:00,-0.54236984,0,0
2010-10-01 19:00:00,-0.8872923,0,0
2010-10-01 20:00:00,-1.1503633,0,0
2010-10-01 21:00:00,-1.3779788,0,0
2010-10-01 22:00:00,-1.5535814,0,0
2010-10-01 23:00:00,-1.6309445,0,0
2010-10-02 00:00:00,-1.6733667,1,0
2010-10-02 01:00:00,-1.6927947,1,0
2010-10-02 02:00:00,-1.7241695,1,0
2010-10-02 03:00:00,-1.7711161,1,0
2010-10-02 04:00:00,-1.900796,1,0
2010-10-02 05:00:00,-1.9396875,1,0
2010-10-02 06:00:00,-1.9107561,1,0
2010-10-02 07:00:00,-1.5900915,1,0
2010-10-02 08:00:00,-1.1964281,1,0
2010-10-02 09:00:00,-0.81485933,1,0
2010-10-02 10:00:00,-0.5195033,1,0
2010-10-02 11:00:00,-0.2658759,1,0
2010-10-02 12:00:00,-0.08858123,1,0
2010-10-02 13:00:00,0.059013717,1,0
2010-10-02 14:00:00,0.13627584,1,0
2010-10-02 15:00:00,0.13272934,1,0
2010-10-02 16:00:00,0.09755547,1,0
2010-10-02 17:00:00,0.035936613,1,0
2010-10-02 18:00:00,-0.27038956,1,0
2010-10-02 19:00:00,-0.55880755,1,0
2010-10-02 20:00:00,-0.7760562,1,0
2010-10-02 21:00:00,-0.94326943,1,0
2010-10-02 22:00:00,-1.0583098,1,0
2010-10-02 23:00:00,-1.1537263,1,0
2010-10-03 00:00:00,-1.2245834,1,0
2010-10-03 01:00:00,-1.2708807,1,0
2010-10-03 02:00:00,-1.2815516,1,0
2010-10-03 03:00:00,-1.2922227,1,0
2010-10-03 04:00:00,-1.3133106,1,0
2010-10-03 05:00:00,-1.31222,1,0
2010-10-03 06:00:00,-1.2284888,1,0
2010-10-03 07:00:00,-1.0850337,1,0
2010-10-03 08:00:00,-0.736928,1,0
2010-10-03 09:00:00,-0.36101285,1,0
2010-10-03 10:00:00,-0.015090229,1,0
2010-10-03 11:00:00,0.17176636,1,0
2010-10-03 12:00:00,0.38292837,1,0
2010-10-03 13:00:00,0.6529254,1,0
2010-10-03 14:00:00,0.93537104,1,0
2010-10-03 15:00:00,1.1005642,1,0
2010-10-03 16:00:00,1.145832,1,0
2010-10-03 17:00:00,1.0682621,1,0
2010-10-03 18:00:00,0.952866,1,0
2010-10-03 19:00:00,0.6590662,1,0
2010-10-03 20:00:00,0.4071671,1,0
2010-10-03 21:00:00,0.23992269,1,0
2010-10-03 22:00:00,0.11489626,1,0
2010-10-03 23:00:00,0.04098174,1,0
2010-10-04 00:00:00,-0.03845582,0,1
2010-10-04 01:00:00,-0.10073915,0,1
2010-10-04 02:00:00,-0.14729084,0,1
2010-10-04 03:00:00,-0.19219264,0,1
2010-10-04 04:00:00,-0.27129948,0,1
2010-10-04 05:00:00,-0.28044635,0,1
2010-10-04 06:00:00,-0.37926066,0,1
2010-10-04 07:00:00,-0.4834888,0,1
2010-10-04 08:00:00,-0.12630089,0,1
2010-10-04 09:00:00,0.12150218,0,1
2010-10-04 10:00:00,0.37891138,0,1
2010-10-04 11:00:00,0.55669194,0,1
2010-10-04 12:00:00,0.6480472,0,1
2010-10-04 13:00:00,0.7245742,0,1
2010-10-04 14:00:00,0.7340569,0,1
2010-10-04 15:00:00,0.67089707,0,1
2010-10-04 16:00:00,0.56715506,0,1
2010-10-04 17:00:00,0.4906857,0,1
2010-10-04 18:00:00,0.3231705,0,1
2010-10-04 19:00:00,0.083882354,0,1
2010-10-04 20:00:00,-0.124046534,0,1
2010-10-04 21:00:00,-0.2826405,0,1
2010-10-04 22:00:00,-0.4294163,0,1
2010-10-04 23:00:00,-0.56489486,0,1
2010-10-05 00:00:00,-0.7262323,0,0
2010-10-05 01:00:00,-0.8703379,0,0
2010-10-05 02:00:00,-1.0514398,0,0
2010-10-05 03:00:00,-1.2269555,0,0
2010-10-05 04:00:00,-1.3730386,0,0
2010-10-05 05:00:00,-1.5100393,0,0
2010-10-05 06:00:00,-1.5461127,0,0
2010-10-05 07:00:00,-1.4344996,0,0
2010-10-05 08:00:00,-1.0187554,0,0
2010-10-05 09:00:00,-0.8265246,0,0
2010-10-05 10:00:00,-0.5521234,0,0
2010-10-05 11:00:00,-0.26438415,0,0
2010-10-05 12:00:00,0.041820463,0,0
2010-10-05 13:00:00,0.33503667,0,0
2010-10-05 14:00:00,0.5025563,0,0
2010-10-05 15:00:00,0.57111907,0,0
2010-10-05 16:00:00,0.5649025,0,0
2010-10-05 17:00:00,0.5848214,0,0
2010-10-05 18:00:00,0.43846402,0,0
2010-10-05 19:00:00,0.17698838,0,0
2010-10-05 20:00:00,-0.081785284,0,0
2010-10-05 21:00:00,-0.27730024,0,0
2010-10-05 22:00:00,-0.44452134,0,0
2010-10-05 23:00:00,-0.59210646,0,0
2010-10-06 00:00:00,-0.71736383,0,0
2010-10-06 01:00:00,-0.81863284,0,0
2010-10-06 02:00:00,-0.8898195,0,0
2010-10-06 03:00:00,-0.9410695,0,0
2010-10-06 04:00:00,-0.9841701,0,0
2010-10-06 05:00:00,-1.1393721,0,0
2010-10-06 06:00:00,-1.2303709,0,0
2010-10-06 07:00:00,-1.2012795,0,0
2010-10-06 08:00:00,-0.57982343,0,0
2010-10-06 09:00:00,-0.0901851,0,0
2010-10-06 10:00:00,0.115901425,0,0
2010-10-06 11:00:00,0.24505226,0,0
2010-10-06 12:00:00,0.2695127,0,0
2010-10-06 13:00:00,0.23220176,0,0
2010-10-06 14:00:00,0.13563195,0,0
2010-10-06 15:00:00,-0.20282875,0,0
2010-10-06 16:00:00,-0.48458725,0,0
2010-10-06 17:00:00,-0.70343703,0,0
2010-10-06 18:00:00,-0.9856873,0,0
2010-10-06 19:00:00,-1.1899956,0,0
2010-10-06 20:00:00,-1.367481,0,0
2010-10-06 21:00:00,-1.5037345,0,0
2010-10-06 22:00:00,-1.6503383,0,0
2010-10-06 23:00:00,-1.7457672,0,0
2010-10-07 00:00:00,-1.8171258,0,0
2010-10-07 01:00:00,-1.8663164,0,0
2010-10-07 02:00:00,-1.9173899,0,0
2010-10-07 03:00:00,-1.9543673,0,0
2010-10-07 04:00:00,-1.9972789,0,0
2010-10-07 05:00:00,-2.0222929,0,0
2010-10-07 06:00:00,-2.0925002,0,0
2010-10-07 07:00:00,-2.0750895,0,0
2010-10-07 08:00:00,-1.9490113,0,0
2010-10-07 09:00:00,-1.8754486,0,0
2010-10-07 10:00:00,-1.6613652,0,0
2010-10-07 11:00:00,-1.4308252,0,0
2010-10-07 12:00:00,-1.2033699,0,0
2010-10-07 13:00:00,-1.0210257,0,0
2010-10-07 14:00:00,-0.92156416,0,0
2010-10-07 15:00:00,-0.8730666,0,0
2010-10-07 16:00:00,-0.90619904,0,0
2010-10-07 17:00:00,-0.9123744,0,0
2010-10-07 18:00:00,-1.0589548,0,0
2010-10-07 19:00:00,-1.2166727,0,0
2010-10-07 20:00:00,-1.3106226,0,0
2010-10-07 21:00:00,-1.3512174,0,0
2010-10-07 22:00:00,-1.3569218,0,0
2010-10-07 23:00:00,-1.3748274,0,0
2010-10-08 00:00:00,-1.3839685,0,0
2010-10-08 01:00:00,-1.3917159,0,0
2010-10-08 02:00:00,-1.4286422,0,0
2010-10-08 03:00:00,-1.4603777,0,0
2010-10-08 04:00:00,-1.5069414,0,0
2010-10-08 05:00:00,-1.5259862,0,0
2010-10-08 06:00:00,-1.5694964,0,0
2010-10-08 07:00:00,-1.5754898,0,0
2010-10-08 08:00:00,-1.160211,0,0
2010-10-08 09:00:00,-0.9567364,0,0
2010-10-08 10:00:00,-0.78669554,0,0
2010-10-08 11:00:00,-0.58419526,0,0
2010-10-08 12:00:00,-0.4369643,0,0
2010-10-08 13:00:00,-0.3022953,0,0
2010-10-08 14:00:00,-0.22425808,0,0
2010-10-08 15:00:00,-0.18827915,0,0
2010-10-08 16:00:00,-0.19954887,0,0
2010-10-08 17:00:00,-0.3357236,0,0
2010-10-08 18:00:00,-0.47563004,0,0
2010-10-08 19:00:00,-0.63909376,0,0
2010-10-08 20:00:00,-0.826248,0,0
2010-10-08 21:00:00,-0.9955553,0,0
2010-10-08 22:00:00,-1.1549586,0,0
2010-10-08 23:00:00,-1.2849288,0,0
2010-10-09 00:00:00,-1.3961022,1,0
2010-10-09 01:00:00,-1.4921807,1,0
2010-10-09 02:00:00,-1.5852057,1,0
2010-10-09 03:00:00,-1.6883581,1,0
2010-10-09 04:00:00,-1.7635019,1,0
2010-10-09 05:00:00,-1.9015665,1,0
2010-10-09 06:00:00,-1.994975,1,0
2010-10-09 07:00:00,-1.9231758,1,0
2010-10-09 08:00:00,-1.5092636,1,0
2010-10-09 09:00:00,-1.072282,1,0
2010-10-09 10:00:00,-0.76564056,1,0
2010-10-09 11:00:00,-0.53530383,1,0
2010-10-09 12:00:00,-0.31855413,1,0
2010-10-09 13:00:00,-0.04247529,1,0
2010-10-09 14:00:00,0.15869832,1,0
2010-10-09 15:00:00,0.26156506,1,0
2010-10-09 16:00:00,0.2793051,1,0
2010-10-09 17:00:00,0.31395778,1,0
2010-10-09 18:00:00,0.2018444,1,0
2010-10-09 19:00:00,-0.07267049,1,0
2010-10-09 20:00:00,-0.32509813,1,0
2010-10-09 21:00:00,-0.49343845,1,0
2010-10-09 22:00:00,-0.62457913,1,0
2010-10-09 23:00:00,-0.7168258,1,0
2010-10-10 00:00:00,-0.8368968,1,0
2010-10-10 01:00:00,-0.96643305,1,0
2010-10-10 02:00:00,-1.082186,1,0
2010-10-10 03:00:00,-1.17224,1,0
2010-10-10 04:00:00,-1.2384782,1,0
2010-10-10 05:00:00,-1.3136098,1,0
2010-10-10 06:00:00,-1.3546386,1,0
2010-10-10 07:00:00,-1.3196006,1,0
2010-10-10 08:00:00,-0.9661875,1,0
2010-10-10 09:00:00,-0.53910977,1,0
2010-10-10 10:00:00,-0.15207174,1,0
2010-10-10 11:00:00,0.2046293,1,0
2010-10-10 12:00:00,0.46852177,1,0
2010-10-10 13:00:00,0.68019754,1,0
2010-10-10 14:00:00,0.83027416,1,0
2010-10-10 15:00:00,0.9125502,1,0
2010-10-10 16:00:00,0.92563283,1,0
2010-10-10 17:00:00,0.81548005,1,0
2010-10-10 18:00:00,0.7540683,1,0
2010-10-10 19:00:00,0.45114738,1,0
2010-10-10 20:00:00,0.14358336,1,0
2010-10-10 21:00:00,-0.0906742,1,0
2010-10-10 22:00:00,-0.23870699,1,0
2010-10-10 23:00:00,-0.28842258,1,0
2010-10-11 00:00:00,-0.2421307,0,0
2010-10-11 01:00:00,-0.15726049,0,0
2010-10-11 02:00:00,-0.059522722,0,0
2010-10-11 03:00:00,0.04982937,0,0
2010-10-11 04:00:00,0.093096584,0,0
2010-10-11 05:00:00,-0.046874408,0,0
2010-10-11 06:00:00,-0.055779982,0,0
2010-10-11 07:00:00,0.004796781,0,0
2010-10-11 08:00:00,0.30990168,0,0
2010-10-11 09:00:00,0.65661156,0,0
2010-10-11 10:00:00,0.99788845,0,0
2010-10-11 11:00:00,1.3097327,0,0
2010-10-11 12:00:00,1.5346199,0,0
2010-10-11 13:00:00,1.6180054,0,0
2010-10-11 14:00:00,1.6294609,0,0
2010-10-11 15:00:00,1.6284124,0,0
2010-10-11 16:00:00,1.5603077,0,0
2010-10-11 17:00:00,1.636107,0,0
2010-10-11 18:00:00,1.609946,0,0
2010-10-11 19:00:00,1.386838,0,0
2010-10-11 20:00:00,1.1347666,0,0
2010-10-11 21:00:00,0.9498006,0,0
2010-10-11 22:00:00,0.81686264,0,0
2010-10-11 23:00:00,0.66358995,0,0
2010-10-12 00:00:00,0.53299415,0,0
2010-10-12 01:00:00,0.44631124,0,0
2010-10-12 02:00:00,0.3686157,0,0
2010-10-12 03:00:00,0.3400235,0,0
2010-10-12 04:00:00,0.32148463,0,0
2010-10-12 05:00:00,0.45420644,0,0
2010-10-12 06:00:00,0.33050022,0,0
2010-10-12 07:00:00,0.37788457,0,0
2010-10-12 08:00:00,0.68978906,0,0
2010-10-12 09:00:00,0.9128378,0,0
2010-10-12 10:00:00,1.1471914,0,0
2010-10-12 11:00:00,1.2649081,0,0
2010-10-12 12:00:00,1.3230255,0,0
2010-10-12 13:00:00,1.3092273,0,0
2010-10-12 14:00:00,1.2241927,0,0
2010-10-12 15:00:00,1.0468457,0,0
2010-10-12 16:00:00,0.91261613,0,0
2010-10-12 17:00:00,0.81722933,0,0
2010-10-12 18:00:00,0.6371922,0,0
2010-10-12 19:00:00,0.46055686,0,0
2010-10-12 20:00:00,0.27274543,0,0
2010-10-12 21:00:00,0.079265915,0,0
2010-10-12 22:00:00,-0.09114147,0,0
2010-10-12 23:00:00,-0.25116765,0,0
2010-10-13 00:00:00,-0.358861,0,0
2010-10-13 01:00:00,-0.42131412,0,0
2010-10-13 02:00:00,-0.5065849,0,0
2010-10-13 03:00:00,-0.54810315,0,0
2010-10-13 04:00:00,-0.598515,0,0
2010-10-13 05:00:00,-0.5746143,0,0
2010-10-13 06:00:00,-0.60029435,0,0
2010-10-13 07:00:00,-0.61724055,0,0
2010-10-13 08:00:00,-0.5675736,0,0
2010-10-13 09:00:00,-0.45683983,0,0
2010-10-13 10:00:00,-0.22942859,0,0
2010-10-13 11:00:00,-0.032448374,0,0
2010-10-13 12:00:00,0.20608132,0,0
2010-10-13 13:00:00,0.40709406,0,0
2010-10-13 14:00:00,0.4343516,0,0
2010-10-13 15:00:00,0.44463187,0,0
2010-10-13 16:00:00,0.3514431,0,0
2010-10-13 17:00:00,0.070854805,0,0
2010-10-13 18:00:00,-0.20245078,0,0
2010-10-13 19:00:00,-0.43231705,0,0
2010-10-13 20:00:00,-0.5923518,0,0
2010-10-13 21:00:00,-0.6946748,0,0
2010-10-13 22:00:00,-0.739857,0,0
2010-10-13 23:00:00,-0.8833564,0,0
2010-10-14 00:00:00,-0.9940519,0,0
2010-10-14 01:00:00,-1.0064037,0,0
2010-10-14 02:00:00,-1.0735701,0,0
2010-10-14 03:00:00,-1.0839442,0,0
2010-10-14 04:00:00,-1.0889682,0,0
2010-10-14 05:00:00,-1.1800505,0,0
2010-10-14 06:00:00,-1.1772447,0,0
2010-10-14 07:00:00,-1.0250266,0,0
2010-10-14 08:00:00,-0.5894401,0,0
2010-10-14 09:00:00,-0.13361005,0,0
2010-10-14 10:00:00,0.1204241,0,0
2010-10-14 11:00:00,0.34053504,0,0
2010-10-14 12:00:00,0.5118439,0,0
2010-10-14 13:00:00,0.6732489,0,0
2010-10-14 14:00:00,0.8146864,0,0
2010-10-14 15:00:00,0.9080533,0,0
2010-10-14 16:00:00,0.8768158,0,0
2010-10-14 17:00:00,0.7449666,0,0
2010-10-14 18:00:00,0.5577832,0,0
2010-10-14 19:00:00,0.42482427,0,0
2010-10-14 20:00:00,0.2850313,0,0
2010-10-14 21:00:00,0.23676002,0,0
2010-10-14 22:00:00,0.24497974,0,0
2010-10-14 23:00:00,0.19784442,0,0
2010-10-15 00:00:00,0.088183396,0,0
2010-10-15 01:00:00,-0.14779091,0,0
2010-10-15 02:00:00,-0.31982964,0,0
2010-10-15 03:00:00,-0.55176437,0,0
2010-10-15 04:00:00,-0.7763714,0,0
2010-10-15 05:00:00,-1.0276755,0,0
2010-10-15 06:00:00,-1.2120728,0,0
2010-10-15 07:00:00,-1.4653541,0,0
2010-10-15 08:00:00,-1.5713874,0,0
2010-10-15 09:00:00,-1.6282234,0,0
2010-10-15 10:00:00,-1.6098189,0,0
2010-10-15 11:00:00,-1.7348694,0,0
2010-10-15 12:00:00,-1.6169676,0,0
2010-10-15 13:00:00,-1.5395132,0,0
2010-10-15 14:00:00,-1.5149906,0,0
2010-10-15 15:00:00,-1.3858186,0,0
2010-10-15 16:00:00,-1.2926698,0,0
2010-10-15 17:00:00,-1.4496106,0,0
2010-10-15 18:00:00,-1.7046428,0,0
2010-10-15 19:00:00,-1.882688,0,0
2010-10-15 20:00:00,-2.0224845,0,0
2010-10-15 21:00:00,-2.0838106,0,0
2010-10-15 22:00:00,-2.1286488,0,0
2010-10-15 23:00:00,-2.1449578,0,0
2010-10-16 00:00:00,-2.2126014,1,0
2010-10-16 01:00:00,-2.257173,1,0
2010-10-16 02:00:00,-2.2918408,1,0
2010-10-16 03:00:00,-2.3266807,1,0
2010-10-16 04:00:00,-2.3206494,1,0
2010-10-16 05:00:00,-2.3078783,1,0
2010-10-16 06:00:00,-2.295345,1,0
2010-10-16 07:00:00,-2.2322044,1,0
2010-10-16 08:00:00,-2.0816877,1,0
2010-10-16 09:00:00,-1.9227139,1,0
2010-10-16 10:00:00,-1.7381358,1,0
2010-10-16 11:00:00,-1.6272593,1,0
2010-10-16 12:00:00,-1.4820956,1,0
2010-10-16 13:00:00,-1.3821256,1,0
2010-10-16 14:00:00,-1.2777865,1,0
2010-10-16 15:00:00,-1.2047024,1,0
2010-10-16 16:00:00,-1.2322567,1,0
2010-10-16 17:00:00,-1.2423294,1,0
2010-10-16 18:00:00,-1.3218534,1,0
2010-10-16 19:00:00,-1.4199204,1,0
2010-10-16 20:00:00,-1.4840136,1,0
2010-10-16 21:00:00,-1.5242474,1,0
2010-10-16 22:00:00,-1.5916047,1,0
2010-10-16 23:00:00,-1.6792163,1,0
2010-10-17 00:00:00,-1.7367328,1,0
2010-10-17 01:00:00,-1.8123852,1,0
2010-10-17 02:00:00,-1.853414,1,0
2010-10-17 03:00:00,-1.9100146,1,0
2010-10-17 04:00:00,-1.9512979,1,0
2010-10-17 05:00:00,-1.9689101,1,0
2010-10-17 06:00:00,-1.9900804,1,0
2010-10-17 07:00:00,-1.8777422,1,0
2010-10-17 08:00:00,-1.6582903,1,0
2010-10-17 09:00:00,-1.5239586,1,0
2010-10-17 10:00:00,-1.3625301,1,0
2010-10-17 11:00:00,-1.1903908,1,0
2010-10-17 12:00:00,-1.0433321,1,0
2010-10-17 13:00:00,-0.95084995,1,0
2010-10-17 14:00:00,-0.9478469,1,0
2010-10-17 15:00:00,-0.9177202,1,0
2010-10-17 16:00:00,-0.9340161,1,0
2010-10-17 17:00:00,-0.8650465,1,0
2010-10-17 18:00:00,-0.94103986,1,0
2010-10-17 19:00:00,-1.0152134,1,0
2010-10-17 20:00:00,-1.108313,1,0
2010-10-17 21:00:00,-1.197189,1,0
2010-10-17 22:00:00,-1.2836612,1,0
2010-10-17 23:00:00,-1.2994806,1,0
2010-10-18 00:00:00,-1.2931317,0,0
2010-10-18 01:00:00,-1.305314,0,0
2010-10-18 02:00:00,-1.293508,0,0
2010-10-18 03:00:00,-1.3462483,0,0
2010-10-18 04:00:00,-1.388181,0,0
2010-10-18 05:00:00,-1.4786614,0,0
2010-10-18 06:00:00,-1.5309752,0,0
2010-10-18 07:00:00,-1.5258478,0,0
2010-10-18 08:00:00,-1.444496,0,0
2010-10-18 09:00:00,-1.4282458,0,0
2010-10-18 10:00:00,-1.3130947,0,0
2010-10-18 11:00:00,-1.2167842,0,0
2010-10-18 12:00:00,-1.03444,0,0
2010-10-18 13:00:00,-0.9030476,0,0
2010-10-18 14:00:00,-0.8679846,0,0
2010-10-18 15:00:00,-0.8694403,0,0
2010-10-18 16:00:00,-0.8384098,0,0
2010-10-18 17:00:00,-0.6935621,0,0
2010-10-18 18:00:00,-0.8008715,0,0
2010-10-18 19:00:00,-0.93034893,0,0
2010-10-18 20:00:00,-1.062359,0,0
2010-10-18 21:00:00,-1.1735632,0,0
2010-10-18 22:00:00,-1.3045319,0,0
2010-10-18 23:00:00,-1.4106743,0,0
2010-10-19 00:00:00,-1.5371017,0,0
2010-10-19 01:00:00,-1.6659675,0,0
2010-10-19 02:00:00,-1.8429548,0,0
2010-10-19 03:00:00,-2.0229175,0,0
2010-10-19 04:00:00,-2.1158772,0,0
2010-10-19 05:00:00,-2.2807453,0,0
2010-10-19 06:00:00,-2.3815882,0,0
2010-10-19 07:00:00,-2.1741438,0,0
2010-10-19 08:00:00,-1.3823987,0,0
2010-10-19 09:00:00,-1.0850297,0,0
2010-10-19 10:00:00,-0.84426063,0,0
2010-10-19 11:00:00,-0.5774751,0,0
2010-10-19 12:00:00,-0.2788452,0,0
2010-10-19 13:00:00,-0.016209796,0,0
2010-10-19 14:00:00,0.08758499,0,0
2010-10-19 15:00:00,0.1511928,0,0
2010-10-19 16:00:00,0.0857804,0,0
2010-10-19 17:00:00,0.15036792,0,0
2010-10-19 18:00:00,0.037398215,0,0
2010-10-19 19:00:00,-0.17799896,0,0
2010-10-19 20:00:00,-0.4161702,0,0
2010-10-19 21:00:00,-0.5899242,0,0
2010-10-19 22:00:00,-0.7358931,0,0
2010-10-19 23:00:00,-0.8502794,0,0
2010-10-20 00:00:00,-0.9628458,0,0
2010-10-20 01:00:00,-1.0472317,0,0
2010-10-20 02:00:00,-1.1490726,0,0
2010-10-20 03:00:00,-1.2568482,0,0
2010-10-20 04:00:00,-1.3384982,0,0
2010-10-20 05:00:00,-1.4595362,0,0
2010-10-20 06:00:00,-1.5076385,0,0
2010-10-20 07:00:00,-1.3681935,0,0
2010-10-20 08:00:00,-0.86940765,0,0
2010-10-20 09:00:00,-0.3880897,0,0
2010-10-20 10:00:00,-0.06729662,0,0
2010-10-20 11:00:00,0.23673943,0,0
2010-10-20 12:00:00,0.49328914,0,0
2010-10-20 13:00:00,0.7179896,0,0
2010-10-20 14:00:00,0.9007612,0,0
2010-10-20 15:00:00,0.98335475,0,0
2010-10-20 16:00:00,0.9702175,0,0
2010-10-20 17:00:00,0.92545706,0,0
2010-10-20 18:00:00,0.83206326,0,0
2010-10-20 19:00:00,0.6154014,0,0
2010-10-20 20:00:00,0.3913143,0,0
2010-10-20 21:00:00,0.14940526,0,0
2010-10-20 22:00:00,-0.06759948,0,0
2010-10-20 23:00:00,-0.23368736,0,0
2010-10-21 00:00:00,-0.37203926,0,0
2010-10-21 01:00:00,-0.43308705,0,0
2010-10-21 02:00:00,-0.46883065,0,0
2010-10-21 03:00:00,-0.50762767,0,0
2010-10-21 04:00:00,-0.54262745,0,0
2010-10-21 05:00:00,-0.6854097,0,0
2010-10-21 06:00:00,-0.71605736,0,0
2010-10-21 07:00:00,-0.57110393,0,0
2010-10-21 08:00:00,-0.11073466,0,0
2010-10-21 09:00:00,0.34666085,0,0
2010-10-21 10:00:00,0.60581565,0,0
2010-10-21 11:00:00,0.7978772,0,0
2010-10-21 12:00:00,0.9838826,0,0
2010-10-21 13:00:00,1.1379452,0,0
2010-10-21 14:00:00,1.2494286,0,0
2010-10-21 15:00:00,1.2922271,0,0
2010-10-21 16:00:00,1.2868611,0,0
2010-10-21 17:00:00,1.0949736,0,0
2010-10-21 18:00:00,1.0923188,0,0
2010-10-21 19:00:00,0.90992,0,0
2010-10-21 20:00:00,0.5503593,0,0
2010-10-21 21:00:00,0.32387713,0,0
2010-10-21 22:00:00,0.19042252,0,0
2010-10-21 23:00:00,0.11038903,0,0
2010-10-22 00:00:00,0.0721473,0,0
2010-10-22 01:00:00,0.06086892,0,0
2010-10-22 02:00:00,0.034018748,0,0
2010-10-22 03:00:00,-0.011362709,0,0
2010-10-22 04:00:00,-0.073881164,0,0
2010-10-22 05:00:00,-0.110639706,0,0
2010-10-22 06:00:00,-0.1767834,0,0
2010-10-22 07:00:00,-0.09789873,0,0
2010-10-22 08:00:00,0.2256038,0,0
2010-10-22 09:00:00,0.5719305,0,0
2010-10-22 10:00:00,0.8810867,0,0
2010-10-22 11:00:00,1.0911546,0,0
2010-10-22 12:00:00,1.1996082,0,0
2010-10-22 13:00:00,1.269961,0,0
2010-10-22 14:00:00,1.3483975,0,0
2010-10-22 15:00:00,1.4176897,0,0
2010-10-22 16:00:00,1.2233012,0,0
2010-10-22 17:00:00,0.90578973,0,0
2010-10-22 18:00:00,0.72050637,0,0
2010-10-22 19:00:00,0.5504899,0,0
2010-10-22 20:00:00,0.43219984,0,0
2010-10-22 21:00:00,0.3362501,0,0
2010-10-22 22:00:00,0.27000004,0,0
2010-10-22 23:00:00,0.20680304,0,0
2010-10-23 00:00:00,0.15184999,1,0
2010-10-23 01:00:00,0.031129628,1,0
2010-10-23 02:00:00,-0.04903256,1,0
2010-10-23 03:00:00,-0.15671374,1,0
2010-10-23 04:00:00,-0.29265773,1,0
2010-10-23 05:00:00,-0.42061183,1,0
2010-10-23 06:00:00,-0.6085399,1,0
2010-10-23 07:00:00,-0.8148434,1,0
2010-10-23 08:00:00,-0.94380355,1,0
2010-10-23 09:00:00,-0.9850699,1,0
2010-10-23 10:00:00,-0.8953757,1,0
2010-10-23 11:00:00,-0.66070634,1,0
2010-10-23 12:00:00,-0.54534405,1,0
2010-10-23 13:00:00,-0.42588383,1,0
2010-10-23 14:00:00,-0.38712552,1,0
2010-10-23 15:00:00,-0.33654147,1,0
2010-10-23 16:00:00,-0.37178028,1,0
2010-10-23 17:00:00,-0.34593025,1,0
2010-10-23 18:00:00,-0.45201808,1,0
2010-10-23 19:00:00,-0.616711,1,0
2010-10-23 20:00:00,-0.7964549,1,0
2010-10-23 21:00:00,-0.9183967,1,0
2010-10-23 22:00:00,-1.0155755,1,0
2010-10-23 23:00:00,-1.11423,1,0
2010-10-24 00:00:00,-1.2155113,1,0
2010-10-24 01:00:00,-1.3054954,1,0
2010-10-24 02:00:00,-1.3999263,1,0
2010-10-24 03:00:00,-1.5044838,1,0
2010-10-24 04:00:00,-1.5824267,1,0
2010-10-24 05:00:00,-1.719776,1,0
2010-10-24 06:00:00,-1.8174834,1,0
2010-10-24 07:00:00,-1.65897,1,0
2010-10-24 08:00:00,-1.2262317,1,0
2010-10-24 09:00:00,-1.0595692,1,0
2010-10-24 10:00:00,-0.8498185,1,0
2010-10-24 11:00:00,-0.5945878,1,0
2010-10-24 12:00:00,-0.31567916,1,0
2010-10-24 13:00:00,-0.083189495,1,0
2010-10-24 14:00:00,0.047716696,1,0
2010-10-24 15:00:00,0.12260945,1,0
2010-10-24 16:00:00,0.110191785,1,0
2010-10-24 17:00:00,0.04204635,1,0
2010-10-24 18:00:00,-0.14230552,1,0
2010-10-24 19:00:00,-0.44028768,1,0
2010-10-24 20:00:00,-0.7944975,1,0
2010-10-24 21:00:00,-1.0821404,1,0
2010-10-24 22:00:00,-1.2703905,1,0
2010-10-24 23:00:00,-1.4098384,1,0
2010-10-25 00:00:00,-1.5231609,0,0
2010-10-25 01:00:00,-1.6258357,0,0
2010-10-25 02:00:00,-1.7068318,0,0
2010-10-25 03:00:00,-1.7833811,0,0
2010-10-25 04:00:00,-1.8462414,0,0
2010-10-25 05:00:00,-1.8638616,0,0
2010-10-25 06:00:00,-1.9022446,0,0
2010-10-25 07:00:00,-1.697858,0,0
2010-10-25 08:00:00,-1.179504,0,0
2010-10-25 09:00:00,-0.683409,0,0
2010-10-25 10:00:00,-0.23002389,0,0
2010-10-25 11:00:00,0.124646276,0,0
2010-10-25 12:00:00,0.35576344,0,0
2010-10-25 13:00:00,0.5381951,0,0
2010-10-25 14:00:00,0.64383835,0,0
2010-10-25 15:00:00,0.6691629,0,0
2010-10-25 16:00:00,0.6623088,0,0
2010-10-25 17:00:00,0.49759158,0,0
2010-10-25 18:00:00,0.47018844,0,0
2010-10-25 19:00:00,0.30883652,0,0
2010-10-25 20:00:00,0.0019608813,0,0
2010-10-25 21:00:00,-0.12626988,0,0
2010-10-25 22:00:00,-0.37116688,0,0
2010-10-25 23:00:00,-0.57084167,0,0
2010-10-26 00:00:00,-0.729786,0,0
2010-10-26 01:00:00,-0.8306841,0,0
2010-10-26 02:00:00,-0.95103055,0,0
2010-10-26 03:00:00,-1.0549715,0,0
2010-10-26 04:00:00,-1.1148564,0,0
2010-10-26 05:00:00,-1.2109976,0,0
2010-10-26 06:00:00,-1.0251604,0,0
2010-10-26 07:00:00,-0.92436665,0,0
2010-10-26 08:00:00,-0.35376158,0,0
2010-10-26 09:00:00,-0.22161634,0,0
2010-10-26 10:00:00,0.005417108,0,0
2010-10-26 11:00:00,0.24084005,0,0
2010-10-26 12:00:00,0.4290651,0,0
2010-10-26 13:00:00,0.5769309,0,0
2010-10-26 14:00:00,0.71008533,0,0
2010-10-26 15:00:00,0.7770052,0,0
2010-10-26 16:00:00,0.7441735,0,0
2010-10-26 17:00:00,0.5894242,0,0
2010-10-26 18:00:00,0.4383416,0,0
2010-10-26 19:00:00,0.27739832,0,0
2010-10-26 20:00:00,0.09673389,0,0
2010-10-26 21:00:00,-0.009468309,0,0
2010-10-26 22:00:00,-0.15841255,0,0
2010-10-26 23:00:00,-0.28756142,0,0
2010-10-27 00:00:00,-0.39898863,0,0
2010-10-27 01:00:00,-0.51395875,0,0
2010-10-27 02:00:00,-0.6410989,0,0
2010-10-27 03:00:00,-0.7521,0,0
2010-10-27 04:00:00,-0.85599595,0,0
2010-10-27 05:00:00,-0.9288305,0,0
2010-10-27 06:00:00,-1.0444067,0,0
2010-10-27 07:00:00,-0.7981344,0,0
2010-10-27 08:00:00,-0.5165069,0,0
2010-10-27 09:00:00,-0.37121767,0,0
2010-10-27 10:00:00,-0.1736926,0,0
2010-10-27 11:00:00,0.08217545,0,0
2010-10-27 12:00:00,0.33538535,0,0
2010-10-27 13:00:00,0.5492928,0,0
2010-10-27 14:00:00,0.68361336,0,0
2010-10-27 15:00:00,0.7524427,0,0
2010-10-27 16:00:00,0.74168503,0,0
2010-10-27 17:00:00,0.6771646,0,0
2010-10-27 18:00:00,0.5142205,0,0
2010-10-27 19:00:00,0.2968806,0,0
2010-10-27 20:00:00,-0.012100977,0,0
2010-10-27 21:00:00,-0.283033,0,0
2010-10-27 22:00:00,-0.49509904,0,0
2010-10-27 23:00:00,-0.6548198,0,0
2010-10-28 00:00:00,-0.76608723,0,0
2010-10-28 01:00:00,-0.83844405,0,0
2010-10-28 02:00:00,-0.8934914,0,0
2010-10-28 03:00:00,-0.934188,0,0
2010-10-28 04:00:00,-0.98370034,0,0
2010-10-28 05:00:00,-1.0130997,0,0
2010-10-28 06:00:00,-1.0485935,0,0
2010-10-28 07:00:00,-0.91101927,0,0
2010-10-28 08:00:00,-0.5434156,0,0
2010-10-28 09:00:00,-0.054609653,0,0
2010-10-28 10:00:00,0.42091936,0,0
2010-10-28 11:00:00,0.8371872,0,0
2010-10-28 12:00:00,1.173572,0,0
2010-10-28 13:00:00,1.4337959,0,0
2010-10-28 14:00:00,1.6293668,0,0
2010-10-28 15:00:00,1.7704122,0,0
2010-10-28 16:00:00,1.7549535,0,0
2010-10-28 17:00:00,1.7107649,0,0
2010-10-28 18:00:00,1.6539065,0,0
2010-10-28 19:00:00,1.4297221,0,0
2010-10-28 20:00:00,1.1898208,0,0
2010-10-28 21:00:00,0.9917377,0,0
2010-10-28 22:00:00,0.81336814,0,0
2010-10-28 23:00:00,0.6614726,0,0
2010-10-29 00:00:00,0.5811969,0,0
2010-10-29 01:00:00,0.5128847,0,0
2010-10-29 02:00:00,0.44670963,0,0
2010-10-29 03:00:00,0.38384235,0,0
2010-10-29 04:00:00,0.32822093,0,0
2010-10-29 05:00:00,0.37855986,0,0
2010-10-29 06:00:00,0.3742896,0,0
2010-10-29 07:00:00,0.49403965,0,0
2010-10-29 08:00:00,0.7465661,0,0
2010-10-29 09:00:00,0.8421126,0,0
2010-10-29 10:00:00,0.9238415,0,0
2010-10-29 11:00:00,0.9490184,0,0
2010-10-29 12:00:00,0.96605563,0,0
2010-10-29 13:00:00,0.9546295,0,0
2010-10-29 14:00:00,0.9219303,0,0
2010-10-29 15:00:00,0.90921515,0,0
2010-10-29 16:00:00,0.80950916,0,0
2010-10-29 17:00:00,0.5335631,0,0
2010-10-29 18:00:00,0.3887725,0,0
2010-10-29 19:00:00,0.3364464,0,0
2010-10-29 20:00:00,0.26375714,0,0
2010-10-29 21:00:00,0.2188535,0,0
2010-10-29 22:00:00,0.13011515,0,0
2010-10-29 23:00:00,-0.01070172,0,0
2010-10-30 00:00:00,-0.12513916,1,0
2010-10-30 01:00:00,-0.19368665,1,0
2010-10-30 02:00:00,-0.3096118,1,0
2010-10-30 03:00:00,-0.4020696,1,0
2010-10-30 04:00:00,-0.45618424,1,0
2010-10-30 05:00:00,-0.5343694,1,0
2010-10-30 06:00:00,-0.5855251,1,0
2010-10-30 07:00:00,-0.54537857,1,0
2010-10-30 08:00:00,-0.39164856,1,0
2010-10-30 09:00:00,-0.26071194,1,0
2010-10-30 10:00:00,-0.04681734,1,0
2010-10-30 11:00:00,0.04579451,1,0
2010-10-30 12:00:00,0.16258451,1,0
2010-10-30 13:00:00,0.08285572,1,0
2010-10-30 14:00:00,0.18123175,1,0
2010-10-30 15:00:00,-0.1068115,1,0
2010-10-30 16:00:00,-0.2537976,1,0
2010-10-30 17:00:00,-0.5838786,1,0
2010-10-30 18:00:00,-0.7363025,1,0
2010-10-30 19:00:00,-0.89122456,1,0
2010-10-30 20:00:00,-1.0282342,1,0
2010-10-30 21:00:00,-1.1249278,1,0
2010-10-30 22:00:00,-1.1949754,1,0
2010-10-30 23:00:00,-1.2937747,1,0
2010-10-31 00:00:00,-1.3404838,1,0
2010-10-31 01:00:00,-1.417021,1,0
2010-10-31 02:00:00,-1.467433,1,0
2010-10-31 03:00:00,-1.5077176,1,0
2010-10-31 04:00:00,-1.6332802,1,0
2010-10-31 05:00:00,-1.7737653,1,0
2010-10-31 06:00:00,-1.8212959,1,0
2010-10-31 07:00:00,-1.7591344,1,0
2010-10-31 08:00:00,-1.5842811,1,0
2010-10-31 09:00:00,-1.4026306,1,0
2010-10-31 10:00:00,-1.1864921,1,0
2010-10-31 11:00:00,-0.9972664,1,0
2010-10-31 12:00:00,-0.8286578,1,0
2010-10-31 13:00:00,-0.82141453,1,0
2010-10-31 14:00:00,-0.86525595,1,0
2010-10-31 15:00:00,-1.0200232,1,0
2010-10-31 16:00:00,-1.0491042,1,0
2010-10-31 17:00:00,-1.3189999,1,0
2010-10-31 18:00:00,-1.411733,1,0
2010-10-31 19:00:00,-1.5713685,1,0
2010-10-31 20:00:00,-1.6754453,1,0
2010-10-31 21:00:00,-1.7441428,1,0
2010-10-31 22:00:00,-1.82501,1,0
2010-10-31 23:00:00,-1.8935819,1,0
2010-11-01 00:00:00,-1.9616475,0,0
2010-11-01 01:00:00,-2.0233853,0,0
2010-11-01 02:00:00,-2.0802934,0,0
2010-11-01 03:00:00,-2.1891751,0,0
2010-11-01 04:00:00,-2.2750013,0,0
2010-11-01 05:00:00,-2.34018,0,0
2010-11-01 06:00:00,-2.2949834,0,0
2010-11-01 07:00:00,-2.12888,0,0
2010-11-01 08:00:00,-1.9893267,0,0
2010-11-01 09:00:00,-1.8966922,0,0
2010-11-01 10:00:00,-1.677183,0,0
2010-11-01 11:00:00,-1.3666095,0,0
2010-11-01 12:00:00,-1.1028506,0,0
2010-11-01 13:00:00,-0.8948508,0,0
2010-11-01 14:00:00,-0.7874552,0,0
2010-11-01 15:00:00,-0.77840084,0,0
2010-11-01 16:00:00,-0.83893555,0,0
2010-11-01 17:00:00,-0.81518817,0,0
2010-11-01 18:00:00,-0.8488225,0,0
2010-11-01 19:00:00,-0.92251843,0,0
2010-11-01 20:00:00,-0.9826976,0,0
2010-11-01 21:00:00,-0.9909148,0,0
2010-11-01 22:00:00,-0.97981393,0,0
2010-11-01 23:00:00,-0.97537494,0,0
2010-11-02 00:00:00,-0.9260132,0,0
2010-11-02 01:00:00,-0.92873,0,0
2010-11-02 02:00:00,-0.9188383,0,0
2010-11-02 03:00:00,-0.96762145,0,0
2010-11-02 04:00:00,-0.9820353,0,0
2010-11-02 05:00:00,-0.98837715,0,0
2010-11-02 06:00:00,-1.042351,0,0
2010-11-02 07:00:00,-0.9270417,0,0
2010-11-02 08:00:00,-0.83317137,0,0
2010-11-02 09:00:00,-0.71492803,0,0
2010-11-02 10:00:00,-0.5626207,0,0
2010-11-02 11:00:00,-0.42534468,0,0
2010-11-02 12:00:00,-0.31815112,0,0
2010-11-02 13:00:00,-0.32949418,0,0
2010-11-02 14:00:00,-0.30244768,0,0
2010-11-02 15:00:00,-0.24988635,0,0
2010-11-02 16:00:00,-0.23371494,0,0
2010-11-02 17:00:00,-0.15380898,0,0
2010-11-02 18:00:00,-0.2569257,0,0
2010-11-02 19:00:00,-0.38945666,0,0
2010-11-02 20:00:00,-0.5410078,0,0
2010-11-02 21:00:00,-0.63384116,0,0
2010-11-02 22:00:00,-0.73580307,0,0
2010-11-02 23:00:00,-0.81393707,0,0
2010-11-03 00:00:00,-0.8716258,0,0
2010-11-03 01:00:00,-0.92765474,0,0
2010-11-03 02:00:00,-0.970993,0,0
2010-11-03 03:00:00,-0.9992367,0,0
2010-11-03 04:00:00,-1.0887189,0,0
2010-11-03 05:00:00,-1.0169512,0,0
2010-11-03 06:00:00,-1.0949641,0,0
2010-11-03 07:00:00,-1.0869164,0,0
2010-11-03 08:00:00,-1.2203033,0,0
2010-11-03 09:00:00,-1.1393882,0,0
2010-11-03 10:00:00,-1.0859531,0,0
2010-11-03 11:00:00,-0.91106594,0,0
2010-11-03 12:00:00,-0.6500627,0,0
2010-11-03 13:00:00,-0.4281074,0,0
2010-11-03 14:00:00,-0.24939294,0,0
2010-11-03 15:00:00,-0.21207601,0,0
2010-11-03 16:00:00,-0.23038054,0,0
2010-11-03 17:00:00,-0.42334712,0,0
2010-11-03 18:00:00,-0.61612266,0,0
2010-11-03 19:00:00,-0.8144843,0,0
2010-11-03 20:00:00,-0.9710541,0,0
2010-11-03 21:00:00,-1.1133201,0,0
2010-11-03 22:00:00,-1.2025912,0,0
2010-11-03 23:00:00,-1.2668762,0,0
2010-11-04 00:00:00,-1.3179811,0,0
2010-11-04 01:00:00,-1.3859689,0,0
2010-11-04 02:00:00,-1.4330221,0,0
2010-11-04 03:00:00,-1.4904566,0,0
2010-11-04 04:00:00,-1.5455818,0,0
2010-11-04 05:00:00,-1.545325,0,0
2010-11-04 06:00:00,-1.6010996,0,0
2010-11-04 07:00:00,-1.4835275,0,0
2010-11-04 08:00:00,-1.3313222,0,0
2010-11-04 09:00:00,-1.2232058,0,0
2010-11-04 10:00:00,-1.0127789,0,0
2010-11-04 11:00:00,-0.84814394,0,0
2010-11-04 12:00:00,-0.75384206,0,0
2010-11-04 13:00:00,-0.68322724,0,0
2010-11-04 14:00:00,-0.575745,0,0
2010-11-04 15:00:00,-0.5208744,0,0
2010-11-04 16:00:00,-0.544091,0,0
2010-11-04 17:00:00,-0.5109007,0,0
2010-11-04 18:00:00,-0.63874936,0,0
2010-11-04 19:00:00,-0.8239695,0,0
2010-11-04 20:00:00,-1.0296035,0,0
2010-11-04 21:00:00,-1.1641582,0,0
2010-11-04 22:00:00,-1.2431426,0,0
2010-11-04 23:00:00,-1.3179033,0,0
2010-11-05 00:00:00,-1.4267668,0,0
2010-11-05 01:00:00,-1.5540835,0,0
2010-11-05 02:00:00,-1.7028123,0,0
2010-11-05 03:00:00,-1.8373628,0,0
2010-11-05 04:00:00,-1.9436504,0,0
2010-11-05 05:00:00,-2.0706022,0,0
2010-11-05 06:00:00,-2.1398113,0,0
2010-11-05 07:00:00,-1.9335105,0,0
2010-11-05 08:00:00,-1.5676445,0,0
2010-11-05 09:00:00,-1.2638922,0,0
2010-11-05 10:00:00,-0.99658334,0,0
2010-11-05 11:00:00,-0.6725918,0,0
2010-11-05 12:00:00,-0.34130335,0,0
2010-11-05 13:00:00,-0.05036193,0,0
2010-11-05 14:00:00,0.19539002,0,0
2010-11-05 15:00:00,0.35192946,0,0
2010-11-05 16:00:00,0.4236911,0,0
2010-11-05 17:00:00,0.40777728,0,0
2010-11-05 18:00:00,0.3188138,0,0
2010-11-05 19:00:00,0.19232525,0,0
2010-11-05 20:00:00,-0.09989438,0,0
2010-11-05 21:00:00,-0.40529,0,0
2010-11-05 22:00:00,-0.6242108,0,0
2010-11-05 23:00:00,-0.75846034,0,0
2010-11-06 00:00:00,-0.8337805,1,0
2010-11-06 01:00:00,-0.88213724,1,0
2010-11-06 02:00:00,-0.9261249,1,0
2010-11-06 03:00:00,-0.9872502,1,0
2010-11-06 04:00:00,-1.0341972,1,0
2010-11-06 05:00:00,-1.1797827,1,0
2010-11-06 06:00:00,-1.1970733,1,0
2010-11-06 07:00:00,-0.9959778,1,0
2010-11-06 08:00:00,-0.6062183,1,0
2010-11-06 09:00:00,-0.21523939,1,0
2010-11-06 10:00:00,0.13332672,1,0
2010-11-06 11:00:00,0.45352107,1,0
2010-11-06 12:00:00,0.70215887,1,0
2010-11-06 13:00:00,0.78145367,1,0
2010-11-06 14:00:00,0.8704293,1,0
2010-11-06 15:00:00,0.85062236,1,0
2010-11-06 16:00:00,0.85055566,1,0
2010-11-06 17:00:00,0.83757466,1,0
2010-11-06 18:00:00,0.67787105,1,0
2010-11-06 19:00:00,0.6542616,1,0
2010-11-06 20:00:00,0.32802132,1,0
2010-11-06 21:00:00,0.1416663,1,0
2010-11-06 22:00:00,0.06731308,1,0
2010-11-06 23:00:00,0.0041793254,1,0
2010-11-07 00:00:00,0.01867794,1,0
2010-11-07 01:00:00,-0.010736103,1,0
2010-11-07 02:00:00,-0.029180568,1,0
2010-11-07 03:00:00,-0.18690749,1,0
2010-11-07 04:00:00,-0.23981108,1,0
2010-11-07 05:00:00,-0.16798364,1,0
2010-11-07 06:00:00,-0.22051051,1,0
2010-11-07 07:00:00,-0.048900455,1,0
2010-11-07 08:00:00,0.33573017,1,0
2010-11-07 09:00:00,0.44939795,1,0
2010-11-07 10:00:00,0.5621739,1,0
2010-11-07 11:00:00,0.6012992,1,0
2010-11-07 12:00:00,0.48953503,1,0
2010-11-07 13:00:00,0.51556116,1,0
2010-11-07 14:00:00,0.5927377,1,0
2010-11-07 15:00:00,0.62781286,1,0
2010-11-07 16:00:00,0.5677166,1,0
2010-11-07 17:00:00,0.30206442,1,0
2010-11-07 18:00:00,0.14259233,1,0
2010-11-07 19:00:00,0.03881193,1,0
2010-11-07 20:00:00,-0.03656836,1,0
2010-11-07 21:00:00,-0.09606673,1,0
2010-11-07 22:00:00,-0.17645638,1,0
2010-11-07 23:00:00,-0.26037723,1,0
2010-11-08 00:00:00,-0.3341397,0,0
2010-11-08 01:00:00,-0.3967649,0,0
2010-11-08 02:00:00,-0.46013382,0,0
2010-11-08 03:00:00,-0.51714194,0,0
2010-11-08 04:00:00,-0.5557792,0,0
2010-11-08 05:00:00,-0.6164614,0,0
2010-11-08 06:00:00,-0.7018924,0,0
2010-11-08 07:00:00,-0.41632608,0,0
2010-11-08 08:00:00,-0.2184664,0,0
2010-11-08 09:00:00,-0.08029412,0,0
2010-11-08 10:00:00,0.106931984,0,0
2010-11-08 11:00:00,0.42348334,0,0
2010-11-08 12:00:00,0.62910026,0,0
2010-11-08 13:00:00,0.7531545,0,0
2010-11-08 14:00:00,0.85504425,0,0
2010-11-08 15:00:00,0.8806541,0,0
2010-11-08 16:00:00,0.8412504,0,0
2010-11-08 17:00:00,0.73411226,0,0
2010-11-08 18:00:00,0.54743433,0,0
2010-11-08 19:00:00,0.3767161,0,0
2010-11-08 20:00:00,0.1580963,0,0
2010-11-08 21:00:00,-0.018422343,0,0
2010-11-08 22:00:00,-0.1840268,0,0
2010-11-08 23:00:00,-0.3342822,0,0
2010-11-09 00:00:00,-0.47363573,0,0
2010-11-09 01:00:00,-0.5993826,0,0
2010-11-09 02:00:00,-0.70824623,0,0
2010-11-09 03:00:00,-0.818249,0,0
2010-11-09 04:00:00,-0.93013465,0,0
2010-11-09 05:00:00,-1.0719309,0,0
2010-11-09 06:00:00,-1.159339,0,0
2010-11-09 07:00:00,-0.9100295,0,0
2010-11-09 08:00:00,-0.42583984,0,0
2010-11-09 09:00:00,0.016528882,0,0
2010-11-09 10:00:00,0.4746272,0,0
2010-11-09 11:00:00,0.9512297,0,0
2010-11-09 12:00:00,1.2878151,0,0
2010-11-09 13:00:00,1.5052657,0,0
2010-11-09 14:00:00,1.6816131,0,0
2010-11-09 15:00:00,1.7909981,0,0
2010-11-09 16:00:00,1.8188307,0,0
2010-11-09 17:00:00,1.8000523,0,0
2010-11-09 18:00:00,1.6468254,0,0
2010-11-09 19:00:00,1.4348049,0,0
2010-11-09 20:00:00,1.2420906,0,0
2010-11-09 21:00:00,0.9910398,0,0
2010-11-09 22:00:00,0.6916725,0,0
2010-11-09 23:00:00,0.44667697,0,0
2010-11-10 00:00:00,0.2625563,0,0
2010-11-10 01:00:00,0.14250638,0,0
2010-11-10 02:00:00,0.0077211163,0,0
2010-11-10 03:00:00,-0.024508866,0,0
2010-11-10 04:00:00,-0.24558169,0,0
2010-11-10 05:00:00,-0.30251652,0,0
2010-11-10 06:00:00,-0.27233696,0,0
2010-11-10 07:00:00,0.00032744848,0,0
2010-11-10 08:00:00,0.48218086,0,0
2010-11-10 09:00:00,0.7747137,0,0
2010-11-10 10:00:00,0.8881493,0,0
2010-11-10 11:00:00,1.013532,0,0
2010-11-10 12:00:00,1.293649,0,0
2010-11-10 13:00:00,1.5655458,0,0
2010-11-10 14:00:00,1.7604327,0,0
2010-11-10 15:00:00,1.7990631,0,0
2010-11-10 16:00:00,1.7288375,0,0
2010-11-10 17:00:00,1.7220367,0,0
2010-11-10 18:00:00,1.5976753,0,0
2010-11-10 19:00:00,1.3853829,0,0
2010-11-10 20:00:00,1.1144465,0,0
2010-11-10 21:00:00,0.89713174,0,0
2010-11-10 22:00:00,0.6986458,0,0
2010-11-10 23:00:00,0.52580774,0,0
2010-11-11 00:00:00,0.38776556,0,0
2010-11-11 01:00:00,0.2737114,0,0
2010-11-11 02:00:00,0.16494207,0,0
2010-11-11 03:00:00,0.05468522,0,0
2010-11-11 04:00:00,-0.024100263,0,0
2010-11-11 05:00:00,0.07058197,0,0
2010-11-11 06:00:00,-0.0021414158,0,0
2010-11-11 07:00:00,0.25359634,0,0
2010-11-11 08:00:00,0.7573453,0,0
2010-11-11 09:00:00,1.1029384,0,0
2010-11-11 10:00:00,1.4090635,0,0
2010-11-11 11:00:00,1.8267143,0,0
2010-11-11 12:00:00,2.0338964,0,0
2010-11-11 13:00:00,2.2583578,0,0
2010-11-11 14:00:00,2.3986082,0,0
2010-11-11 15:00:00,2.4395583,0,0
2010-11-11 16:00:00,2.4504788,0,0
2010-11-11 17:00:00,2.5436,0,0
2010-11-11 18:00:00,2.527933,0,0
2010-11-11 19:00:00,2.3506975,0,0
2010-11-11 20:00:00,2.104208,0,0
2010-11-11 21:00:00,1.9399227,0,0
2010-11-11 22:00:00,1.84512,0,0
2010-11-11 23:00:00,1.763102,0,0
2010-11-12 00:00:00,1.7214826,0,0
2010-11-12 01:00:00,1.6880292,0,0
2010-11-12 02:00:00,1.616676,0,0
2010-11-12 03:00:00,1.4887968,0,0
2010-11-12 04:00:00,1.4170319,0,0
2010-11-12 05:00:00,1.5274453,0,0
2010-11-12 06:00:00,1.489394,0,0
2010-11-12 07:00:00,1.5551064,0,0
2010-11-12 08:00:00,1.6139562,0,0
2010-11-12 09:00:00,1.6165817,0,0
2010-11-12 10:00:00,1.6846094,0,0
2010-11-12 11:00:00,1.6427566,0,0
2010-11-12 12:00:00,1.5890057,0,0
2010-11-12 13:00:00,1.5122607,0,0
2010-11-12 14:00:00,1.6449577,0,0
2010-11-12 15:00:00,1.7253605,0,0
2010-11-12 16:00:00,1.5908586,0,0
2010-11-12 17:00:00,1.3235476,0,0
2010-11-12 18:00:00,1.1319855,0,0
2010-11-12 19:00:00,0.88628983,0,0
2010-11-12 20:00:00,0.642998,0,0
2010-11-12 21:00:00,0.43887055,0,0
2010-11-12 22:00:00,0.2958097,0,0
2010-11-12 23:00:00,0.18580687,0,0
2010-11-13 00:00:00,0.11205661,1,0
2010-11-13 01:00:00,0.05644205,1,0
2010-11-13 02:00:00,0.021602092,1,0
2010-11-13 03:00:00,-0.011844371,1,0
2010-11-13 04:00:00,-0.059214953,1,0
2010-11-13 05:00:00,-0.07773906,1,0
2010-11-13 06:00:00,-0.122216485,1,0
2010-11-13 07:00:00,-0.09755985,1,0
2010-11-13 08:00:00,-0.058113866,1,0
2010-11-13 09:00:00,-0.022719782,1,0
2010-11-13 10:00:00,0.050285857,1,0
2010-11-13 11:00:00,0.23545042,1,0
2010-11-13 12:00:00,0.3666391,1,0
2010-11-13 13:00:00,0.39244857,1,0
2010-11-13 14:00:00,0.3971576,1,0
2010-11-13 15:00:00,0.34040904,1,0
2010-11-13 16:00:00,0.27858654,1,0
2010-11-13 17:00:00,0.369276,1,0
2010-11-13 18:00:00,0.32885975,1,0
2010-11-13 19:00:00,0.23999606,1,0
2010-11-13 20:00:00,0.10331601,1,0
2010-11-13 21:00:00,0.014706297,1,0
2010-11-13 22:00:00,-0.040927056,1,0
2010-11-13 23:00:00,-0.10075337,1,0
2010-11-14 00:00:00,-0.17706734,1,0
2010-11-14 01:00:00,-0.2361497,1,0
2010-11-14 02:00:00,-0.2959758,1,0
2010-11-14 03:00:00,-0.37377754,1,0
2010-11-14 04:00:00,-0.41075495,1,0
2010-11-14 05:00:00,-0.43455175,1,0
2010-11-14 06:00:00,-0.48142067,1,0
2010-11-14 07:00:00,-0.38709724,1,0
2010-11-14 08:00:00,-0.19271722,1,0
2010-11-14 09:00:00,-0.01308984,1,0
2010-11-14 10:00:00,0.19408502,1,0
2010-11-14 11:00:00,0.41119823,1,0
2010-11-14 12:00:00,0.54944885,1,0
2010-11-14 13:00:00,0.7260118,1,0
2010-11-14 14:00:00,0.7952962,1,0
2010-11-14 15:00:00,0.8133507,1,0
2010-11-14 16:00:00,0.7915785,1,0
2010-11-14 17:00:00,0.7353185,1,0
2010-11-14 18:00:00,0.6123939,1,0
2010-11-14 19:00:00,0.40261397,1,0
2010-11-14 20:00:00,0.1501698,1,0
2010-11-14 21:00:00,-0.06398256,1,0
2010-11-14 22:00:00,-0.22561756,1,0
2010-11-14 23:00:00,-0.34133166,1,0
2010-11-15 00:00:00,-0.43906996,0,0
2010-11-15 01:00:00,-0.5106831,0,0
2010-11-15 02:00:00,-0.55376697,0,0
2010-11-15 03:00:00,-0.5872134,0,0
2010-11-15 04:00:00,-0.65947616,0,0
2010-11-15 05:00:00,-0.7333042,0,0
2010-11-15 06:00:00,-0.7794414,0,0
2010-11-15 07:00:00,-0.55894995,0,0
2010-11-15 08:00:00,-0.37173796,0,0
2010-11-15 09:00:00,-0.19536018,0,0
2010-11-15 10:00:00,0.08926237,0,0
2010-11-15 11:00:00,0.29498842,0,0
2010-11-15 12:00:00,0.4825233,0,0
2010-11-15 13:00:00,0.6380491,0,0
2010-11-15 14:00:00,0.70859814,0,0
2010-11-15 15:00:00,0.67851907,0,0
2010-11-15 16:00:00,0.5517273,0,0
2010-11-15 17:00:00,0.3730377,0,0
2010-11-15 18:00:00,0.19195476,0,0
2010-11-15 19:00:00,-0.038987502,0,0
2010-11-15 20:00:00,-0.25070134,0,0
2010-11-15 21:00:00,-0.40056172,0,0
2010-11-15 22:00:00,-0.5115115,0,0
2010-11-15 23:00:00,-0.59747523,0,0
2010-11-16 00:00:00,-0.68483233,0,0
2010-11-16 01:00:00,-0.7677426,0,0
2010-11-16 02:00:00,-0.83036786,0,0
2010-11-16 03:00:00,-0.8967902,0,0
2010-11-16 04:00:00,-0.9436713,0,0
2010-11-16 05:00:00,-0.99120206,0,0
2010-11-16 06:00:00,-1.027181,0,0
2010-11-16 07:00:00,-0.84474957,0,0
2010-11-16 08:00:00,-0.62593853,0,0
2010-11-16 09:00:00,-0.47319275,0,0
2010-11-16 10:00:00,-0.31322348,0,0
2010-11-16 11:00:00,-0.09064855,0,0
2010-11-16 12:00:00,0.12089851,0,0
2010-11-16 13:00:00,0.2234132,0,0
2010-11-16 14:00:00,0.31030047,0,0
2010-11-16 15:00:00,0.3304801,0,0
2010-11-16 16:00:00,0.32801393,0,0
2010-11-16 17:00:00,0.11047078,0,0
2010-11-16 18:00:00,-0.01870546,0,0
2010-11-16 19:00:00,-0.15364014,0,0
2010-11-16 20:00:00,-0.34947687,0,0
2010-11-16 21:00:00,-0.5280384,0,0
2010-11-16 22:00:00,-0.668167,0,0
2010-11-16 23:00:00,-0.7944345,0,0
2010-11-17 00:00:00,-0.9306569,0,0
2010-11-17 01:00:00,-1.049158,0,0
2010-11-17 02:00:00,-1.1705524,0,0
2010-11-17 03:00:00,-1.2882272,0,0
2010-11-17 04:00:00,-1.4311893,0,0
2010-11-17 05:00:00,-1.5354748,0,0
2010-11-17 06:00:00,-1.549515,0,0
2010-11-17 07:00:00,-1.1711338,0,0
2010-11-17 08:00:00,-0.73838276,0,0
2010-11-17 09:00:00,-0.4929594,0,0
2010-11-17 10:00:00,-0.22043125,0,0
2010-11-17 11:00:00,0.0033457228,0,0
2010-11-17 12:00:00,0.16590634,0,0
2010-11-17 13:00:00,0.24684891,0,0
2010-11-17 14:00:00,0.29184026,0,0
2010-11-17 15:00:00,0.30349466,0,0
2010-11-17 16:00:00,0.28040686,0,0
2010-11-17 17:00:00,0.1987446,0,0
2010-11-17 18:00:00,0.05137682,0,0
2010-11-17 19:00:00,-0.05260706,0,0
2010-11-17 20:00:00,-0.15193604,0,0
2010-11-17 21:00:00,-0.1833874,0,0
2010-11-17 22:00:00,-0.20463713,0,0
2010-11-17 23:00:00,-0.22282137,0,0
2010-11-18 00:00:00,-0.24262227,0,0
2010-11-18 01:00:00,-0.2829192,0,0
2010-11-18 02:00:00,-0.33573484,0,0
2010-11-18 03:00:00,-0.38994384,0,0
2010-11-18 04:00:00,-0.38687167,0,0
2010-11-18 05:00:00,-0.39978284,0,0
2010-11-18 06:00:00,-0.32525066,0,0
2010-11-18 07:00:00,-0.193277,0,0
2010-11-18 08:00:00,-0.04138911,0,0
2010-11-18 09:00:00,0.10644726,0,0
2010-11-18 10:00:00,0.24143265,0,0
2010-11-18 11:00:00,0.35530695,0,0
2010-11-18 12:00:00,0.39581946,0,0
2010-11-18 13:00:00,0.50386566,0,0
2010-11-18 14:00:00,0.46696916,0,0
2010-11-18 15:00:00,0.40689388,0,0
2010-11-18 16:00:00,0.36849743,0,0
2010-11-18 17:00:00,0.32187933,0,0
2010-11-18 18:00:00,0.1337512,0,0
2010-11-18 19:00:00,-0.11562756,0,0
2010-11-18 20:00:00,-0.39087743,0,0
2010-11-18 21:00:00,-0.6227391,0,0
2010-11-18 22:00:00,-0.79977393,0,0
2010-11-18 23:00:00,-0.9542143,0,0
2010-11-19 00:00:00,-1.1224843,0,0
2010-11-19 01:00:00,-1.2634898,0,0
2010-11-19 02:00:00,-1.3810749,0,0
2010-11-19 03:00:00,-1.4806962,0,0
2010-11-19 04:00:00,-1.5402682,0,0
2010-11-19 05:00:00,-1.6393058,0,0
2010-11-19 06:00:00,-1.7248309,0,0
2010-11-19 07:00:00,-1.6135108,0,0
2010-11-19 08:00:00,-1.3140695,0,0
2010-11-19 09:00:00,-0.94101894,0,0
2010-11-19 10:00:00,-0.5548537,0,0
2010-11-19 11:00:00,-0.14914972,0,0
2010-11-19 12:00:00,0.19960265,0,0
2010-11-19 13:00:00,0.5001587,0,0
2010-11-19 14:00:00,0.732554,0,0
2010-11-19 15:00:00,0.86738634,0,0
2010-11-19 16:00:00,0.91273975,0,0
2010-11-19 17:00:00,0.9421197,0,0
2010-11-19 18:00:00,0.8257314,0,0
2010-11-19 19:00:00,0.53884345,0,0
2010-11-19 20:00:00,0.115613654,0,0
2010-11-19 21:00:00,-0.14885524,0,0
2010-11-19 22:00:00,-0.32602355,0,0
2010-11-19 23:00:00,-0.45041996,0,0
2010-11-20 00:00:00,-0.54489416,1,0
2010-11-20 01:00:00,-0.6108389,1,0
2010-11-20 02:00:00,-0.66993344,1,0
2010-11-20 03:00:00,-0.7168266,1,0
2010-11-20 04:00:00,-0.77055836,1,0
2010-11-20 05:00:00,-0.85294795,1,0
2010-11-20 06:00:00,-0.88927555,1,0
2010-11-20 07:00:00,-0.5733648,1,0
2010-11-20 08:00:00,-0.042746413,1,0
2010-11-20 09:00:00,0.33146745,1,0
2010-11-20 10:00:00,0.7616925,1,0
2010-11-20 11:00:00,1.2029504,1,0
2010-11-20 12:00:00,1.5493784,1,0
2010-11-20 13:00:00,1.772337,1,0
2010-11-20 14:00:00,1.8983942,1,0
2010-11-20 15:00:00,1.947174,1,0
2010-11-20 16:00:00,1.922473,1,0
2010-11-20 17:00:00,1.8843474,1,0
2010-11-20 18:00:00,1.7958002,1,0
2010-11-20 19:00:00,1.5902203,1,0
2010-11-20 20:00:00,1.2384219,1,0
2010-11-20 21:00:00,0.93548083,1,0
2010-11-20 22:00:00,0.67535686,1,0
2010-11-20 23:00:00,0.48990595,1,0
2010-11-21 00:00:00,0.38950944,1,0
2010-11-21 01:00:00,0.30617273,1,0
2010-11-21 02:00:00,0.23347142,1,0
2010-11-21 03:00:00,0.18475841,1,0
2010-11-21 04:00:00,0.14354557,1,0
2010-11-21 05:00:00,0.1433802,1,0
2010-11-21 06:00:00,0.11586839,1,0
2010-11-21 07:00:00,0.4175225,1,0
2010-11-21 08:00:00,0.9169746,1,0
2010-11-21 09:00:00,1.363356,1,0
2010-11-21 10:00:00,1.7765992,1,0
2010-11-21 11:00:00,2.108519,1,0
2010-11-21 12:00:00,2.3388822,1,0
2010-11-21 13:00:00,2.4665773,1,0
2010-11-21 14:00:00,2.6090882,1,0
2010-11-21 15:00:00,2.6588778,1,0
2010-11-21 16:00:00,2.653546,1,0
2010-11-21 17:00:00,2.6276176,1,0
2010-11-21 18:00:00,2.5925374,1,0
2010-11-21 19:00:00,2.503273,1,0
2010-11-21 20:00:00,2.2537997,1,0
2010-11-21 21:00:00,2.0260606,1,0
2010-11-21 22:00:00,1.8189822,1,0
2010-11-21 23:00:00,1.609543,1,0
2010-11-22 00:00:00,1.4294547,0,0
2010-11-22 01:00:00,1.3115047,0,0
2010-11-22 02:00:00,1.2392989,0,0
2010-11-22 03:00:00,1.1242856,0,0
2010-11-22 04:00:00,0.9974196,0,0
2010-11-22 05:00:00,1.0428387,0,0
2010-11-22 06:00:00,1.0197978,0,0
2010-11-22 07:00:00,1.2153196,0,0
2010-11-22 08:00:00,1.6058788,0,0
2010-11-22 09:00:00,2.0489137,0,0
2010-11-22 10:00:00,2.3855228,0,0
2010-11-22 11:00:00,2.6196854,0,0
2010-11-22 12:00:00,2.7427537,0,0
2010-11-22 13:00:00,2.942649,0,0
2010-11-22 14:00:00,3.1146214,0,0
2010-11-22 15:00:00,3.210283,0,0
2010-11-22 16:00:00,3.1944802,0,0
2010-11-22 17:00:00,2.967459,0,0
2010-11-22 18:00:00,2.8423061,0,0
2010-11-22 19:00:00,2.720315,0,0
2010-11-22 20:00:00,2.376689,0,0
2010-11-22 21:00:00,2.1062732,0,0
2010-11-22 22:00:00,1.9595171,0,0
2010-11-22 23:00:00,1.8549749,0,0
2010-11-23 00:00:00,1.7950546,0,0
2010-11-23 01:00:00,1.7857413,0,0
2010-11-23 02:00:00,1.7872214,0,0
2010-11-23 03:00:00,1.7843367,0,0
2010-11-23 04:00:00,1.7858044,0,0
2010-11-23 05:00:00,1.829302,0,0
2010-11-23 06:00:00,1.8014575,0,0
2010-11-23 07:00:00,1.9484317,0,0
2010-11-23 08:00:00,2.2248006,0,0
2010-11-23 09:00:00,2.536402,0,0
2010-11-23 10:00:00,2.8171885,0,0
2010-11-23 11:00:00,3.0787637,0,0
2010-11-23 12:00:00,3.3158298,0,0
2010-11-23 13:00:00,3.5179281,0,0
2010-11-23 14:00:00,3.6745708,0,0
2010-11-23 15:00:00,3.7381096,0,0
2010-11-23 16:00:00,3.6530123,0,0
2010-11-23 17:00:00,3.5579274,0,0
2010-11-23 18:00:00,3.4175944,0,0
2010-11-23 19:00:00,3.279659,0,0
2010-11-23 20:00:00,3.0793624,0,0
2010-11-23 21:00:00,2.898843,0,0
2010-11-23 22:00:00,2.9259486,0,0
2010-11-23 23:00:00,2.4775841,0,0
2010-11-24 00:00:00,2.5957997,0,0
2010-11-24 01:00:00,2.2824023,0,0
2010-11-24 02:00:00,2.1479685,0,0
2010-11-24 03:00:00,2.1805086,0,0
2010-11-24 04:00:00,2.234348,0,0
2010-11-24 05:00:00,2.1546752,0,0
2010-11-24 06:00:00,2.1400425,0,0
2010-11-24 07:00:00,2.260719,0,0
2010-11-24 08:00:00,2.4201894,0,0
2010-11-24 09:00:00,2.6529799,0,0
2010-11-24 10:00:00,2.7404487,0,0
2010-11-24 11:00:00,3.0181255,0,0
2010-11-24 12:00:00,3.1549838,0,0
2010-11-24 13:00:00,3.072558,0,0
2010-11-24 14:00:00,2.9001348,0,0
2010-11-24 15:00:00,2.8649786,0,0
2010-11-24 16:00:00,2.8257074,0,0
2010-11-24 17:00:00,2.5152602,0,0
2010-11-24 18:00:00,2.3436675,0,0
2010-11-24 19:00:00,2.1987028,0,0
2010-11-24 20:00:00,2.0964577,0,0
2010-11-24 21:00:00,1.9163064,0,0
2010-11-24 22:00:00,1.8043894,0,0
2010-11-24 23:00:00,1.674368,0,0
2010-11-25 00:00:00,1.5741748,0,0
2010-11-25 01:00:00,1.4714181,0,0
2010-11-25 02:00:00,1.3786471,0,0
2010-11-25 03:00:00,1.3202456,0,0
2010-11-25 04:00:00,1.2697395,0,0
2010-11-25 05:00:00,1.2061472,0,0
2010-11-25 06:00:00,1.2065924,0,0
2010-11-25 07:00:00,1.239932,0,0
2010-11-25 08:00:00,1.3556166,0,0
2010-11-25 09:00:00,1.4515343,0,0
2010-11-25 10:00:00,1.6994975,0,0
2010-11-25 11:00:00,1.9029328,0,0
2010-11-25 12:00:00,2.0825212,0,0
2010-11-25 13:00:00,2.2920442,0,0
2010-11-25 14:00:00,2.4012687,0,0
2010-11-25 15:00:00,2.4387352,0,0
2010-11-25 16:00:00,2.4158556,0,0
2010-11-25 17:00:00,2.278326,0,0
2010-11-25 18:00:00,2.158799,0,0
2010-11-25 19:00:00,1.9654906,0,0
2010-11-25 20:00:00,1.7251097,0,0
2010-11-25 21:00:00,1.5151377,0,0
2010-11-25 22:00:00,1.3443427,0,0
2010-11-25 23:00:00,1.2015871,0,0
2010-11-26 00:00:00,1.0828197,0,0
2010-11-26 01:00:00,0.9749544,0,0
2010-11-26 02:00:00,0.8937039,0,0
2010-11-26 03:00:00,0.8521855,0,0
2010-11-26 04:00:00,0.78973264,0,0
2010-11-26 05:00:00,0.6717689,0,0
2010-11-26 06:00:00,0.6295066,0,0
2010-11-26 07:00:00,0.79486614,0,0
2010-11-26 08:00:00,1.179995,0,0
2010-11-26 09:00:00,1.6865536,0,0
2010-11-26 10:00:00,2.1917162,0,0
2010-11-26 11:00:00,2.5757031,0,0
2010-11-26 12:00:00,2.780084,0,0
2010-11-26 13:00:00,2.9264352,0,0
2010-11-26 14:00:00,2.9913797,0,0
2010-11-26 15:00:00,3.0241144,0,0
2010-11-26 16:00:00,3.0534225,0,0
2010-11-26 17:00:00,2.9141798,0,0
2010-11-26 18:00:00,2.7272475,0,0
2010-11-26 19:00:00,2.501981,0,0
2010-11-26 20:00:00,2.1874988,0,0
2010-11-26 21:00:00,1.9209583,0,0
2010-11-26 22:00:00,1.6993059,0,0
2010-11-26 23:00:00,1.5078425,0,0
2010-11-27 00:00:00,1.3429308,1,0
2010-11-27 01:00:00,1.2244301,1,0
2010-11-27 02:00:00,1.1226714,1,0
2010-11-27 03:00:00,1.0289023,1,0
2010-11-27 04:00:00,0.8860303,1,0
2010-11-27 05:00:00,0.81510997,1,0
2010-11-27 06:00:00,0.70281005,1,0
2010-11-27 07:00:00,0.6341336,1,0
2010-11-27 08:00:00,0.60148656,1,0
2010-11-27 09:00:00,0.59117967,1,0
2010-11-27 10:00:00,0.60098577,1,0
2010-11-27 11:00:00,0.59832007,1,0
2010-11-27 12:00:00,0.61691517,1,0
2010-11-27 13:00:00,0.706273,1,0
2010-11-27 14:00:00,0.84518915,1,0
2010-11-27 15:00:00,0.8229632,1,0
2010-11-27 16:00:00,0.80259573,1,0
2010-11-27 17:00:00,0.7122131,1,0
2010-11-27 18:00:00,0.58164734,1,0
2010-11-27 19:00:00,0.42685857,1,0
2010-11-27 20:00:00,0.24850789,1,0
2010-11-27 21:00:00,0.14082217,1,0
2010-11-27 22:00:00,0.042723034,1,0
2010-11-27 23:00:00,-0.018602919,1,0
2010-11-28 00:00:00,-0.10059719,1,0
2010-11-28 01:00:00,-0.14303158,1,0
2010-11-28 02:00:00,-0.18620989,1,0
2010-11-28 03:00:00,-0.22698416,1,0
2010-11-28 04:00:00,-0.28564003,1,0
2010-11-28 05:00:00,-0.38524914,1,0
2010-11-28 06:00:00,-0.4221487,1,0
2010-11-28 07:00:00,-0.48315716,1,0
2010-11-28 08:00:00,-0.5488235,1,0
2010-11-28 09:00:00,-0.56534606,1,0
2010-11-28 10:00:00,-0.54904795,1,0
2010-11-28 11:00:00,-0.36990604,1,0
2010-11-28 12:00:00,-0.14493981,1,0
2010-11-28 13:00:00,-0.0050833025,1,0
2010-11-28 14:00:00,0.065402515,1,0
2010-11-28 15:00:00,0.067904025,1,0
2010-11-28 16:00:00,0.020396514,1,0
2010-11-28 17:00:00,0.07066116,1,0
2010-11-28 18:00:00,-0.013682574,1,0
2010-11-28 19:00:00,-0.06819379,1,0
2010-11-28 20:00:00,-0.12933996,1,0
2010-11-28 21:00:00,-0.1671476,1,0
2010-11-28 22:00:00,-0.18934023,1,0
2010-11-28 23:00:00,-0.20311648,1,0
2010-11-29 00:00:00,-0.23205292,0,0
2010-11-29 01:00:00,-0.3129082,0,0
2010-11-29 02:00:00,-0.37653145,0,0
2010-11-29 03:00:00,-0.41986963,0,0
2010-11-29 04:00:00,-0.45645165,0,0
2010-11-29 05:00:00,-0.49211773,0,0
2010-11-29 06:00:00,-0.51591444,0,0
2010-11-29 07:00:00,-0.55605394,0,0
2010-11-29 08:00:00,-0.56508833,0,0
2010-11-29 09:00:00,-0.48891088,0,0
2010-11-29 10:00:00,-0.33717096,0,0
2010-11-29 11:00:00,-0.20578171,0,0
2010-11-29 12:00:00,-0.07410379,0,0
2010-11-29 13:00:00,0.17646717,0,0
2010-11-29 14:00:00,0.28822398,0,0
2010-11-29 15:00:00,0.2602475,0,0
2010-11-29 16:00:00,0.19143443,0,0
2010-11-29 17:00:00,0.09154282,0,0
2010-11-29 18:00:00,-0.02244466,0,0
2010-11-29 19:00:00,-0.14922959,0,0
2010-11-29 20:00:00,-0.26331937,0,0
2010-11-29 21:00:00,-0.36772844,0,0
2010-11-29 22:00:00,-0.46255112,0,0
2010-11-29 23:00:00,-0.50485665,0,0
2010-11-30 00:00:00,-0.503061,0,0
2010-11-30 01:00:00,-0.51229626,0,0
2010-11-30 02:00:00,-0.54006255,0,0
2010-11-30 03:00:00,-0.5216848,0,0
2010-11-30 04:00:00,-0.49126568,0,0
2010-11-30 05:00:00,-0.40571913,0,0
2010-11-30 06:00:00,-0.32839978,0,0
2010-11-30 07:00:00,-0.20475237,0,0
2010-11-30 08:00:00,-0.027182212,0,0
2010-11-30 09:00:00,0.1873497,0,0
2010-11-30 10:00:00,0.4468677,0,0
2010-11-30 11:00:00,0.6461141,0,0
2010-11-30 12:00:00,0.7986958,0,0
2010-11-30 13:00:00,0.88391995,0,0
2010-11-30 14:00:00,0.98158056,0,0
2010-11-30 15:00:00,1.0309819,0,0
2010-11-30 16:00:00,1.0484835,0,0
2010-11-30 17:00:00,1.185749,0,0
2010-11-30 18:00:00,1.1255405,0,0
2010-11-30 19:00:00,0.9526401,0,0
2010-11-30 20:00:00,0.72294784,0,0
2010-11-30 21:00:00,0.582694,0,0
2010-11-30 22:00:00,0.5164634,0,0
2010-11-30 23:00:00,0.52557236,0,0
2010-12-01 00:00:00,0.5669909,0,0
2010-12-01 01:00:00,0.5537042,0,0
2010-12-01 02:00:00,0.50261176,0,0
2010-12-01 03:00:00,0.45522195,0,0
2010-12-01 04:00:00,0.42925683,0,0
2010-12-01 05:00:00,0.32692382,0,0
2010-12-01 06:00:00,0.33187917,0,0
2010-12-01 07:00:00,0.5367838,0,0
2010-12-01 08:00:00,0.78856647,0,0
2010-12-01 09:00:00,0.9931513,0,0
2010-12-01 10:00:00,1.1597703,0,0
2010-12-01 11:00:00,1.430731,0,0
2010-12-01 12:00:00,1.499496,0,0
2010-12-01 13:00:00,1.7065061,0,0
2010-12-01 14:00:00,1.7237537,0,0
2010-12-01 15:00:00,1.7198943,0,0
2010-12-01 16:00:00,1.8051525,0,0
2010-12-01 17:00:00,1.6120813,0,0
2010-12-01 18:00:00,1.4928209,0,0
2010-12-01 19:00:00,1.362333,0,0
2010-12-01 20:00:00,1.1360261,0,0
2010-12-01 21:00:00,0.94356465,0,0
2010-12-01 22:00:00,0.79751384,0,0
2010-12-01 23:00:00,0.68592656,0,0
2010-12-02 00:00:00,0.52631223,0,0
2010-12-02 01:00:00,0.38753805,0,0
2010-12-02 02:00:00,0.31294963,0,0
2010-12-02 03:00:00,0.2382012,0,0
2010-12-02 04:00:00,0.2619416,0,0
2010-12-02 05:00:00,0.48804578,0,0
2010-12-02 06:00:00,0.52746457,0,0
2010-12-02 07:00:00,0.7366218,0,0
2010-12-02 08:00:00,0.9396514,0,0
2010-12-02 09:00:00,1.2013066,0,0
2010-12-02 10:00:00,1.4597425,0,0
2010-12-02 11:00:00,1.8130238,0,0
2010-12-02 12:00:00,2.1337245,0,0
2010-12-02 13:00:00,2.288424,0,0
2010-12-02 14:00:00,2.3656986,0,0
2010-12-02 15:00:00,2.3426006,0,0
2010-12-02 16:00:00,2.1240656,0,0
2010-12-02 17:00:00,2.0702274,0,0
2010-12-02 18:00:00,1.9785858,0,0
2010-12-02 19:00:00,1.8979918,0,0
2010-12-02 20:00:00,1.7574114,0,0
2010-12-02 21:00:00,1.5576608,0,0
2010-12-02 22:00:00,1.4128307,0,0
2010-12-02 23:00:00,1.2610219,0,0
2010-12-03 00:00:00,1.0901103,0,0
2010-12-03 01:00:00,0.90443635,0,0
2010-12-03 02:00:00,0.7696194,0,0
2010-12-03 03:00:00,0.6974346,0,0
2010-12-03 04:00:00,0.6308955,0,0
2010-12-03 05:00:00,0.6499949,0,0
2010-12-03 06:00:00,0.68289554,0,0
2010-12-03 07:00:00,0.88784945,0,0
2010-12-03 08:00:00,1.379002,0,0
2010-12-03 09:00:00,1.7593496,0,0
2010-12-03 10:00:00,2.1123643,0,0
2010-12-03 11:00:00,2.4170113,0,0
2010-12-03 12:00:00,2.6075537,0,0
2010-12-03 13:00:00,2.7291253,0,0
2010-12-03 14:00:00,2.8237214,0,0
2010-12-03 15:00:00,2.8424451,0,0
2010-12-03 16:00:00,2.7878606,0,0
2010-12-03 17:00:00,2.6925602,0,0
2010-12-03 18:00:00,2.6254597,0,0
2010-12-03 19:00:00,2.6164973,0,0
2010-12-03 20:00:00,2.3681962,0,0
2010-12-03 21:00:00,2.125568,0,0
2010-12-03 22:00:00,2.0048428,0,0
2010-12-03 23:00:00,1.886372,0,0
2010-12-04 00:00:00,1.7203248,1,0
2010-12-04 01:00:00,1.6008645,1,0
2010-12-04 02:00:00,1.5673481,1,0
2010-12-04 03:00:00,1.5348148,1,0
2010-12-04 04:00:00,1.4890076,1,0
2010-12-04 05:00:00,1.4550524,1,0
2010-12-04 06:00:00,1.4094048,1,0
2010-12-04 07:00:00,1.6125554,1,0
2010-12-04 08:00:00,2.040666,1,0
2010-12-04 09:00:00,2.421069,1,0
2010-12-04 10:00:00,2.7712457,1,0
2010-12-04 11:00:00,3.0703108,1,0
2010-12-04 12:00:00,3.340988,1,0
2010-12-04 13:00:00,3.5346222,1,0
2010-12-04 14:00:00,3.6361637,1,0
2010-12-04 15:00:00,3.6916645,1,0
2010-12-04 16:00:00,3.640527,1,0
2010-12-04 17:00:00,3.5108633,1,0
2010-12-04 18:00:00,3.3367283,1,0
2010-12-04 19:00:00,3.2166808,1,0
2010-12-04 20:00:00,2.984091,1,0
2010-12-04 21:00:00,2.758266,1,0
2010-12-04 22:00:00,2.587866,1,0
2010-12-04 23:00:00,2.3711889,1,0
2010-12-05 00:00:00,2.3073936,1,0
2010-12-05 01:00:00,2.3764298,1,0
2010-12-05 02:00:00,2.428755,1,0
2010-12-05 03:00:00,2.4585752,1,0
2010-12-05 04:00:00,2.4522378,1,0
2010-12-05 05:00:00,2.4712653,1,0
2010-12-05 06:00:00,2.4967334,1,0
2010-12-05 07:00:00,2.6283624,1,0
2010-12-05 08:00:00,2.887994,1,0
2010-12-05 09:00:00,3.1424754,1,0
2010-12-05 10:00:00,3.3560438,1,0
2010-12-05 11:00:00,3.5397027,1,0
2010-12-05 12:00:00,3.7390015,1,0
2010-12-05 13:00:00,3.895233,1,0
2010-12-05 14:00:00,3.7857347,1,0
2010-12-05 15:00:00,3.5971696,1,0
2010-12-05 16:00:00,3.3394415,1,0
2010-12-05 17:00:00,2.7674925,1,0
2010-12-05 18:00:00,2.6056254,1,0
2010-12-05 19:00:00,2.5392435,1,0
2010-12-05 20:00:00,2.4758024,1,0
2010-12-05 21:00:00,2.3675883,1,0
2010-12-05 22:00:00,2.2721596,1,0
2010-12-05 23:00:00,2.1920793,1,0
2010-12-06 00:00:00,2.1392636,0,0
2010-12-06 01:00:00,2.0885851,0,0
2010-12-06 02:00:00,2.0437515,0,0
2010-12-06 03:00:00,2.0026329,0,0
2010-12-06 04:00:00,1.9494221,0,0
2010-12-06 05:00:00,1.7794857,0,0
2010-12-06 06:00:00,1.7551827,0,0
2010-12-06 07:00:00,1.9351981,0,0
2010-12-06 08:00:00,2.3067205,0,0
2010-12-06 09:00:00,2.6514258,0,0
2010-12-06 10:00:00,2.8511665,0,0
2010-12-06 11:00:00,3.0768065,0,0
2010-12-06 12:00:00,3.2669458,0,0
2010-12-06 13:00:00,3.4366622,0,0
2010-12-06 14:00:00,3.5705445,0,0
2010-12-06 15:00:00,3.7291582,0,0
2010-12-06 16:00:00,3.687433,0,0
2010-12-06 17:00:00,3.4855685,0,0
2010-12-06 18:00:00,3.370683,0,0
2010-12-06 19:00:00,3.2038724,0,0
2010-12-06 20:00:00,3.0490565,0,0
2010-12-06 21:00:00,2.9288912,0,0
2010-12-06 22:00:00,2.8339133,0,0
2010-12-06 23:00:00,2.7456398,0,0
2010-12-07 00:00:00,2.7221317,0,0
2010-12-07 01:00:00,2.6811686,0,0
2010-12-07 02:00:00,2.6188102,0,0
2010-12-07 03:00:00,2.5691419,0,0
2010-12-07 04:00:00,2.5228283,0,0
2010-12-07 05:00:00,2.4256063,0,0
2010-12-07 06:00:00,2.384832,0,0
2010-12-07 07:00:00,2.4469278,0,0
2010-12-07 08:00:00,2.5881555,0,0
2010-12-07 09:00:00,2.7369077,0,0
2010-12-07 10:00:00,2.9532452,0,0
2010-12-07 11:00:00,3.068513,0,0
2010-12-07 12:00:00,3.0996935,0,0
2010-12-07 13:00:00,3.3460288,0,0
2010-12-07 14:00:00,3.5492353,0,0
2010-12-07 15:00:00,3.4907277,0,0
2010-12-07 16:00:00,3.1692536,0,0
2010-12-07 17:00:00,3.2855146,0,0
2010-12-07 18:00:00,3.1732402,0,0
2010-12-07 19:00:00,3.0400746,0,0
2010-12-07 20:00:00,2.8780398,0,0
2010-12-07 21:00:00,2.7658803,0,0
2010-12-07 22:00:00,2.6926978,0,0
2010-12-07 23:00:00,2.697891,0,0
2010-12-08 00:00:00,2.5964944,0,0
2010-12-08 01:00:00,2.5026767,0,0
2010-12-08 02:00:00,2.287246,0,0
2010-12-08 03:00:00,1.9491273,0,0
2010-12-08 04:00:00,1.632009,0,0
2010-12-08 05:00:00,1.505041,0,0
2010-12-08 06:00:00,1.2659217,0,0
2010-12-08 07:00:00,1.2045448,0,0
2010-12-08 08:00:00,1.2216338,0,0
2010-12-08 09:00:00,1.3271544,0,0
2010-12-08 10:00:00,1.5072004,0,0
2010-12-08 11:00:00,1.7074449,0,0
2010-12-08 12:00:00,1.899681,0,0
2010-12-08 13:00:00,2.009649,0,0
2010-12-08 14:00:00,2.1319592,0,0
2010-12-08 15:00:00,2.1254852,0,0
2010-12-08 16:00:00,2.1229677,0,0
2010-12-08 17:00:00,1.9531331,0,0
2010-12-08 18:00:00,1.8043643,0,0
2010-12-08 19:00:00,1.6150563,0,0
2010-12-08 20:00:00,1.4154491,0,0
2010-12-08 21:00:00,1.2724926,0,0
2010-12-08 22:00:00,1.1411166,0,0
2010-12-08 23:00:00,0.9917183,0,0
2010-12-09 00:00:00,0.84760076,0,0
2010-12-09 01:00:00,0.76388323,0,0
2010-12-09 02:00:00,0.71972597,0,0
2010-12-09 03:00:00,0.7158725,0,0
2010-12-09 04:00:00,0.7254659,0,0
2010-12-09 05:00:00,0.7075402,0,0
2010-12-09 06:00:00,0.6848358,0,0
2010-12-09 07:00:00,0.76681715,0,0
2010-12-09 08:00:00,0.8711508,0,0
2010-12-09 09:00:00,1.0055648,0,0
2010-12-09 10:00:00,1.1367654,0,0
2010-12-09 11:00:00,1.2823285,0,0
2010-12-09 12:00:00,1.3773866,0,0
2010-12-09 13:00:00,1.3973985,0,0
2010-12-09 14:00:00,1.3911862,0,0
2010-12-09 15:00:00,1.4149952,0,0
2010-12-09 16:00:00,1.3766375,0,0
2010-12-09 17:00:00,1.3405381,0,0
2010-12-09 18:00:00,1.1646113,0,0
2010-12-09 19:00:00,0.9426882,0,0
2010-12-09 20:00:00,0.73973876,0,0
2010-12-09 21:00:00,0.57142544,0,0
2010-12-09 22:00:00,0.4397441,0,0
2010-12-09 23:00:00,0.31754026,0,0
2010-12-10 00:00:00,0.17936921,0,0
2010-12-10 01:00:00,0.04490092,0,0
2010-12-10 02:00:00,-0.030638179,0,0
2010-12-10 03:00:00,-0.17300601,0,0
2010-12-10 04:00:00,-0.3361366,0,0
2010-12-10 05:00:00,-0.35820356,0,0
2010-12-10 06:00:00,-0.47387862,0,0
2010-12-10 07:00:00,-0.5844021,0,0
2010-12-10 08:00:00,-0.5952807,0,0
2010-12-10 09:00:00,-0.56950736,0,0
2010-12-10 10:00:00,-0.5196948,0,0
2010-12-10 11:00:00,-0.35061836,0,0
2010-12-10 12:00:00,-0.19588056,0,0
2010-12-10 13:00:00,-0.11337767,0,0
2010-12-10 14:00:00,-0.05570083,0,0
2010-12-10 15:00:00,-0.0005060109,0,0
2010-12-10 16:00:00,-0.0034305032,0,0
2010-12-10 17:00:00,0.011592132,0,0
2010-12-10 18:00:00,-0.030904526,0,0
2010-12-10 19:00:00,-0.08732544,0,0
2010-12-10 20:00:00,-0.14968058,0,0
2010-12-10 21:00:00,-0.16331172,0,0
2010-12-10 22:00:00,-0.17642196,0,0
2010-12-10 23:00:00,-0.19266775,0,0
2010-12-11 00:00:00,-0.22942193,1,0
2010-12-11 01:00:00,-0.23031886,1,0
2010-12-11 02:00:00,-0.2076542,1,0
2010-12-11 03:00:00,-0.21250843,1,0
2010-12-11 04:00:00,-0.22758391,1,0
2010-12-11 05:00:00,-0.183335,1,0
2010-12-11 06:00:00,-0.15307593,1,0
2010-12-11 07:00:00,-0.095857605,1,0
2010-12-11 08:00:00,-0.007878652,1,0
2010-12-11 09:00:00,0.09995472,1,0
2010-12-11 10:00:00,0.22022443,1,0
2010-12-11 11:00:00,0.32873607,1,0
2010-12-11 12:00:00,0.43416312,1,0
2010-12-11 13:00:00,0.5246679,1,0
2010-12-11 14:00:00,0.5545879,1,0
2010-12-11 15:00:00,0.6284716,1,0
2010-12-11 16:00:00,0.61095434,1,0
2010-12-11 17:00:00,0.56995744,1,0
2010-12-11 18:00:00,0.5049729,1,0
2010-12-11 19:00:00,0.38204053,1,0
2010-12-11 20:00:00,0.21461198,1,0
2010-12-11 21:00:00,0.058179587,1,0
2010-12-11 22:00:00,0.02405667,1,0
2010-12-11 23:00:00,-0.03964442,1,0
2010-12-12 00:00:00,-0.0896608,1,0
2010-12-12 01:00:00,-0.22068481,1,0
2010-12-12 02:00:00,-0.357377,1,0
2010-12-12 03:00:00,-0.4806179,1,0
2010-12-12 04:00:00,-0.5609401,1,0
2010-12-12 05:00:00,-0.6270062,1,0
2010-12-12 06:00:00,-0.668207,1,0
2010-12-12 07:00:00,-0.536582,1,0
2010-12-12 08:00:00,-0.46003345,1,0
2010-12-12 09:00:00,-0.31218502,1,0
2010-12-12 10:00:00,-0.18125097,1,0
2010-12-12 11:00:00,-0.007640355,1,0
2010-12-12 12:00:00,0.033654895,1,0
2010-12-12 13:00:00,0.12751803,1,0
2010-12-12 14:00:00,0.110744886,1,0
2010-12-12 15:00:00,0.19224961,1,0
2010-12-12 16:00:00,0.19335753,1,0
2010-12-12 17:00:00,0.11130859,1,0
2010-12-12 18:00:00,0.09700462,1,0
2010-12-12 19:00:00,0.029509535,1,0
2010-12-12 20:00:00,-0.051337842,1,0
2010-12-12 21:00:00,-0.12835689,1,0
2010-12-12 22:00:00,-0.17025065,1,0
2010-12-12 23:00:00,-0.22587979,1,0
2010-12-13 00:00:00,-0.28858298,0,0
2010-12-13 01:00:00,-0.35228407,0,0
2010-12-13 02:00:00,-0.36034894,0,0
2010-12-13 03:00:00,-0.40080607,0,0
2010-12-13 04:00:00,-0.49614057,0,0
2010-12-13 05:00:00,-0.5183554,0,0
2010-12-13 06:00:00,-0.53011125,0,0
2010-12-13 07:00:00,-0.28430825,0,0
2010-12-13 08:00:00,-0.169409,0,0
2010-12-13 09:00:00,-0.04292608,0,0
2010-12-13 10:00:00,0.21422897,0,0
2010-12-13 11:00:00,0.4632809,0,0
2010-12-13 12:00:00,0.69152266,0,0
2010-12-13 13:00:00,0.98246396,0,0
2010-12-13 14:00:00,1.1478971,0,0
2010-12-13 15:00:00,1.2583582,0,0
2010-12-13 16:00:00,1.2996255,0,0
2010-12-13 17:00:00,1.4762311,0,0
2010-12-13 18:00:00,1.4120713,0,0
2010-12-13 19:00:00,1.2938166,0,0
2010-12-13 20:00:00,1.0388907,0,0
2010-12-13 21:00:00,0.80709225,0,0
2010-12-13 22:00:00,0.62461686,0,0
2010-12-13 23:00:00,0.49037176,0,0
2010-12-14 00:00:00,0.38505098,0,0
2010-12-14 01:00:00,0.29053834,0,0
2010-12-14 02:00:00,0.21770395,0,0
2010-12-14 03:00:00,0.15763818,0,0
2010-12-14 04:00:00,0.11454975,0,0
2010-12-14 05:00:00,0.09049686,0,0
2010-12-14 06:00:00,0.1507562,0,0
2010-12-14 07:00:00,0.39197913,0,0
2010-12-14 08:00:00,0.7614659,0,0
2010-12-14 09:00:00,1.1557088,0,0
2010-12-14 10:00:00,1.5336337,0,0
2010-12-14 11:00:00,1.8491614,0,0
2010-12-14 12:00:00,2.0580459,0,0
2010-12-14 13:00:00,2.1970096,0,0
2010-12-14 14:00:00,2.324061,0,0
2010-12-14 15:00:00,2.3303049,0,0
2010-12-14 16:00:00,2.3153234,0,0
2010-12-14 17:00:00,2.3400235,0,0
2010-12-14 18:00:00,2.3143518,0,0
2010-12-14 19:00:00,2.1598346,0,0
2010-12-14 20:00:00,1.89705,0,0
2010-12-14 21:00:00,1.7573289,0,0
2010-12-14 22:00:00,1.616132,0,0
2010-12-14 23:00:00,1.5011696,0,0
2010-12-15 00:00:00,1.4331069,0,0
2010-12-15 01:00:00,1.3934019,0,0
2010-12-15 02:00:00,1.3580654,0,0
2010-12-15 03:00:00,1.5061038,0,0
2010-12-15 04:00:00,1.3187478,0,0
2010-12-15 05:00:00,0.8675451,0,0
2010-12-15 06:00:00,0.60147876,0,0
2010-12-15 07:00:00,0.45847332,0,0
2010-12-15 08:00:00,0.4045862,0,0
2010-12-15 09:00:00,0.40161952,0,0
2010-12-15 10:00:00,0.51919353,0,0
2010-12-15 11:00:00,0.61378074,0,0
2010-12-15 12:00:00,0.75858814,0,0
2010-12-15 13:00:00,0.8791531,0,0
2010-12-15 14:00:00,0.9416494,0,0
2010-12-15 15:00:00,0.9729585,0,0
2010-12-15 16:00:00,0.9133832,0,0
2010-12-15 17:00:00,0.7583865,0,0
2010-12-15 18:00:00,0.60276717,0,0
2010-12-15 19:00:00,0.4191273,0,0
2010-12-15 20:00:00,0.28032017,0,0
2010-12-15 21:00:00,0.17872925,0,0
2010-12-15 22:00:00,0.08664677,0,0
2010-12-15 23:00:00,0.0030746942,0,0
2010-12-16 00:00:00,-0.05855215,0,0
2010-12-16 01:00:00,-0.12355017,0,0
2010-12-16 02:00:00,-0.2103864,0,0
2010-12-16 03:00:00,-0.26953188,0,0
2010-12-16 04:00:00,-0.3473025,0,0
2010-12-16 05:00:00,-0.4317394,0,0
2010-12-16 06:00:00,-0.49285,0,0
2010-12-16 07:00:00,-0.48991078,0,0
2010-12-16 08:00:00,-0.4140629,0,0
2010-12-16 09:00:00,-0.2290929,0,0
2010-12-16 10:00:00,-0.07168481,0,0
2010-12-16 11:00:00,0.057323128,0,0
2010-12-16 12:00:00,0.3128182,0,0
2010-12-16 13:00:00,0.50628763,0,0
2010-12-16 14:00:00,0.56285703,0,0
2010-12-16 15:00:00,0.64515674,0,0
2010-12-16 16:00:00,0.64220095,0,0
2010-12-16 17:00:00,0.63431674,0,0
2010-12-16 18:00:00,0.556186,0,0
2010-12-16 19:00:00,0.43664688,0,0
2010-12-16 20:00:00,0.29880682,0,0
2010-12-16 21:00:00,0.2063325,0,0
2010-12-16 22:00:00,0.11439112,0,0
2010-12-16 23:00:00,0.04844613,0,0
2010-12-17 00:00:00,0.0126901325,0,0
2010-12-17 01:00:00,0.009910273,0,0
2010-12-17 02:00:00,0.03143585,0,0
2010-12-17 03:00:00,0.02791175,0,0
2010-12-17 04:00:00,-0.0048728883,0,0
2010-12-17 05:00:00,0.028505186,0,0
2010-12-17 06:00:00,-0.0015583573,0,0
2010-12-17 07:00:00,0.14045218,0,0
2010-12-17 08:00:00,0.3059857,0,0
2010-12-17 09:00:00,0.48265645,0,0
2010-12-17 10:00:00,0.680102,0,0
2010-12-17 11:00:00,0.9125251,0,0
2010-12-17 12:00:00,0.97317904,0,0
2010-12-17 13:00:00,1.034001,0,0
2010-12-17 14:00:00,0.9967169,0,0
2010-12-17 15:00:00,0.95087916,0,0
2010-12-17 16:00:00,0.8737009,0,0
2010-12-17 17:00:00,0.57754827,0,0
2010-12-17 18:00:00,0.43001288,0,0
2010-12-17 19:00:00,0.2786681,0,0
2010-12-17 20:00:00,0.17176099,0,0
2010-12-17 21:00:00,0.12794103,0,0
2010-12-17 22:00:00,0.03875187,0,0
2010-12-17 23:00:00,-0.066646725,0,0
2010-12-18 00:00:00,-0.08856826,1,0
2010-12-18 01:00:00,-0.11106174,1,0
2010-12-18 02:00:00,-0.20812178,1,0
2010-12-18 03:00:00,-0.21323994,1,0
2010-12-18 04:00:00,-0.2520536,1,0
2010-12-18 05:00:00,-0.47039822,1,0
2010-12-18 06:00:00,-0.5447202,1,0
2010-12-18 07:00:00,-0.45460138,1,0
2010-12-18 08:00:00,-0.3282282,1,0
2010-12-18 09:00:00,-0.22961612,1,0
2010-12-18 10:00:00,-0.09836036,1,0
2010-12-18 11:00:00,0.015182035,1,0
2010-12-18 12:00:00,0.11263167,1,0
2010-12-18 13:00:00,0.23188879,1,0
2010-12-18 14:00:00,0.27266303,1,0
2010-12-18 15:00:00,0.3343723,1,0
2010-12-18 16:00:00,0.28470087,1,0
2010-12-18 17:00:00,0.21175641,1,0
2010-12-18 18:00:00,0.122246265,1,0
2010-12-18 19:00:00,0.018404506,1,0
2010-12-18 20:00:00,-0.08133445,1,0
2010-12-18 21:00:00,-0.14732265,1,0
2010-12-18 22:00:00,-0.206022,1,0
2010-12-18 23:00:00,-0.28464538,1,0
2010-12-19 00:00:00,-0.35565802,1,0
2010-12-19 01:00:00,-0.35765532,1,0
2010-12-19 02:00:00,-0.32799217,1,0
2010-12-19 03:00:00,-0.35789573,1,0
2010-12-19 04:00:00,-0.38384214,1,0
2010-12-19 05:00:00,-0.34229794,1,0
2010-12-19 06:00:00,-0.4279665,1,0
2010-12-19 07:00:00,-0.38829327,1,0
2010-12-19 08:00:00,-0.45333672,1,0
2010-12-19 09:00:00,-0.54343396,1,0
2010-12-19 10:00:00,-0.5386324,1,0
2010-12-19 11:00:00,-0.4246203,1,0
2010-12-19 12:00:00,-0.29683384,1,0
2010-12-19 13:00:00,-0.1223194,1,0
2010-12-19 14:00:00,-0.009963952,1,0
2010-12-19 15:00:00,-0.096564196,1,0
2010-12-19 16:00:00,-0.2651432,1,0
2010-12-19 17:00:00,-0.4458265,1,0
2010-12-19 18:00:00,-0.59318984,1,0
2010-12-19 19:00:00,-0.6900209,1,0
2010-12-19 20:00:00,-0.7710139,1,0
2010-12-19 21:00:00,-0.8248707,1,0
2010-12-19 22:00:00,-0.8164913,1,0
2010-12-19 23:00:00,-0.8109762,1,0
2010-12-20 00:00:00,-0.8179799,0,0
2010-12-20 01:00:00,-0.8353648,0,0
2010-12-20 02:00:00,-0.8164974,0,0
2010-12-20 03:00:00,-0.77800643,0,0
2010-12-20 04:00:00,-0.75739694,0,0
2010-12-20 05:00:00,-0.8165449,0,0
2010-12-20 06:00:00,-0.79677355,0,0
2010-12-20 07:00:00,-0.67832875,0,0
2010-12-20 08:00:00,-0.51039594,0,0
2010-12-20 09:00:00,-0.4548134,0,0
2010-12-20 10:00:00,-0.3305698,0,0
2010-12-20 11:00:00,-0.17231573,0,0
2010-12-20 12:00:00,-0.11490374,0,0
2010-12-20 13:00:00,-0.059405934,0,0
2010-12-20 14:00:00,-0.121312976,0,0
2010-12-20 15:00:00,-0.071284264,0,0
2010-12-20 16:00:00,-0.057378855,0,0
2010-12-20 17:00:00,-0.05487751,0,0
2010-12-20 18:00:00,-0.13475013,0,0
2010-12-20 19:00:00,-0.23588711,0,0
2010-12-20 20:00:00,-0.3055318,0,0
2010-12-20 21:00:00,-0.32906654,0,0
2010-12-20 22:00:00,-0.33890033,0,0
2010-12-20 23:00:00,-0.3410619,0,0
2010-12-21 00:00:00,-0.37881422,0,0
2010-12-21 01:00:00,-0.4044431,0,0
2010-12-21 02:00:00,-0.36332536,0,0
2010-12-21 03:00:00,-0.34271583,0,0
2010-12-21 04:00:00,-0.36619532,0,0
2010-12-21 05:00:00,-0.3745968,0,0
2010-12-21 06:00:00,-0.47288257,0,0
2010-12-21 07:00:00,-0.58093905,0,0
2010-12-21 08:00:00,-0.6085356,0,0
2010-12-21 09:00:00,-0.5714407,0,0
2010-12-21 10:00:00,-0.4596093,0,0
2010-12-21 11:00:00,-0.19127394,0,0
2010-12-21 12:00:00,-0.010788367,0,0
2010-12-21 13:00:00,0.17789774,0,0
2010-12-21 14:00:00,0.35070223,0,0
2010-12-21 15:00:00,0.48004273,0,0
2010-12-21 16:00:00,0.48613384,0,0
2010-12-21 17:00:00,0.50223315,0,0
2010-12-21 18:00:00,0.37874895,0,0
2010-12-21 19:00:00,0.16295227,0,0
2010-12-21 20:00:00,-0.10754543,0,0
2010-12-21 21:00:00,-0.3569831,0,0
2010-12-21 22:00:00,-0.52298266,0,0
2010-12-21 23:00:00,-0.63062483,0,0
2010-12-22 00:00:00,-0.7236622,0,0
2010-12-22 01:00:00,-0.7943713,0,0
2010-12-22 02:00:00,-0.8588795,0,0
2010-12-22 03:00:00,-0.9219942,0,0
2010-12-22 04:00:00,-0.98650247,0,0
2010-12-22 05:00:00,-1.0586708,0,0
2010-12-22 06:00:00,-1.0888096,0,0
2010-12-22 07:00:00,-0.82597136,0,0
2010-12-22 08:00:00,-0.4253528,0,0
2010-12-22 09:00:00,0.013351858,0,0
2010-12-22 10:00:00,0.4560236,0,0
2010-12-22 11:00:00,0.8027676,0,0
2010-12-22 12:00:00,1.1192911,0,0
2010-12-22 13:00:00,1.2934065,0,0
2010-12-22 14:00:00,1.3905739,0,0
2010-12-22 15:00:00,1.4276608,0,0
2010-12-22 16:00:00,1.4423136,0,0
2010-12-22 17:00:00,1.3715775,0,0
2010-12-22 18:00:00,1.2928128,0,0
2010-12-22 19:00:00,1.1836281,0,0
2010-12-22 20:00:00,0.8673035,0,0
2010-12-22 21:00:00,0.5056534,0,0
2010-12-22 22:00:00,0.24859911,0,0
2010-12-22 23:00:00,0.07981246,0,0
2010-12-23 00:00:00,-0.03646902,0,0
2010-12-23 01:00:00,-0.12282799,0,0
2010-12-23 02:00:00,-0.20243058,0,0
2010-12-23 03:00:00,-0.2575555,0,0
2010-12-23 04:00:00,-0.30631965,0,0
2010-12-23 05:00:00,-0.4434026,0,0
2010-12-23 06:00:00,-0.50699484,0,0
2010-12-23 07:00:00,-0.40722635,0,0
2010-12-23 08:00:00,-0.15783294,0,0
2010-12-23 09:00:00,0.13302754,0,0
2010-12-23 10:00:00,0.42841065,0,0
2010-12-23 11:00:00,0.6951986,0,0
2010-12-23 12:00:00,0.97233677,0,0
2010-12-23 13:00:00,1.2025439,0,0
2010-12-23 14:00:00,1.3956332,0,0
2010-12-23 15:00:00,1.4993382,0,0
2010-12-23 16:00:00,1.5050972,0,0
2010-12-23 17:00:00,1.5445696,0,0
2010-12-23 18:00:00,1.4584033,0,0
2010-12-23 19:00:00,1.2861136,0,0
2010-12-23 20:00:00,0.9811687,0,0
2010-12-23 21:00:00,0.72537005,0,0
2010-12-23 22:00:00,0.5547349,0,0
2010-12-23 23:00:00,0.4574575,0,0
2010-12-24 00:00:00,0.39027473,0,0
2010-12-24 01:00:00,0.3271556,0,0
2010-12-24 02:00:00,0.21048658,0,0
2010-12-24 03:00:00,0.08566815,0,0
2010-12-24 04:00:00,-0.019131988,0,0
2010-12-24 05:00:00,-0.16858813,0,0
2010-12-24 06:00:00,-0.24042434,0,0
2010-12-24 07:00:00,-0.005371275,0,0
2010-12-24 08:00:00,0.37644988,0,0
2010-12-24 09:00:00,0.79678357,0,0
2010-12-24 10:00:00,1.2178425,0,0
2010-12-24 11:00:00,1.6048449,0,0
2010-12-24 12:00:00,1.869411,0,0
2010-12-24 13:00:00,2.162307,0,0
2010-12-24 14:00:00,2.4123583,0,0
2010-12-24 15:00:00,2.55084,0,0
2010-12-24 16:00:00,2.5889716,0,0
2010-12-24 17:00:00,2.6280136,0,0
2010-12-24 18:00:00,2.5620685,0,0
2010-12-24 19:00:00,2.5095887,0,0
2010-12-24 20:00:00,2.216199,0,0
2010-12-24 21:00:00,1.8835076,0,0
2010-12-24 22:00:00,1.6149015,0,0
2010-12-24 23:00:00,1.3723742,0,0
2010-12-25 00:00:00,1.2103604,1,0
2010-12-25 01:00:00,1.1103125,1,0
2010-12-25 02:00:00,1.0343304,1,0
2010-12-25 03:00:00,0.9444366,1,0
2010-12-25 04:00:00,0.8717577,1,0
2010-12-25 05:00:00,0.9112633,1,0
2010-12-25 06:00:00,0.842687,1,0
2010-12-25 07:00:00,0.9527262,1,0
2010-12-25 08:00:00,1.100366,1,0
2010-12-25 09:00:00,1.3496217,1,0
2010-12-25 10:00:00,1.5945942,1,0
2010-12-25 11:00:00,1.9107443,1,0
2010-12-25 12:00:00,2.2360456,1,0
2010-12-25 13:00:00,2.2022533,1,0
2010-12-25 14:00:00,2.2160764,1,0
2010-12-25 15:00:00,2.290488,1,0
2010-12-25 16:00:00,2.2667043,1,0
2010-12-25 17:00:00,2.125261,1,0
2010-12-25 18:00:00,2.0512738,1,0
2010-12-25 19:00:00,1.9237902,1,0
2010-12-25 20:00:00,1.6271014,1,0
2010-12-25 21:00:00,1.3546859,1,0
2010-12-25 22:00:00,1.0968877,1,0
2010-12-25 23:00:00,0.8798197,1,0
2010-12-26 00:00:00,0.66672087,1,1
2010-12-26 01:00:00,0.51559263,1,1
2010-12-26 02:00:00,0.4128401,1,1
2010-12-26 03:00:00,0.32648116,1,1
2010-12-26 04:00:00,0.26559806,1,1
2010-12-26 05:00:00,0.25456187,1,1
2010-12-26 06:00:00,0.23934555,1,1
2010-12-26 07:00:00,0.33492163,1,1
2010-12-26 08:00:00,0.49952692,1,1
2010-12-26 09:00:00,0.70486003,1,1
2010-12-26 10:00:00,0.9517429,1,1
2010-12-26 11:00:00,1.1391757,1,1
2010-12-26 12:00:00,1.2765847,1,1
2010-12-26 13:00:00,1.374528,1,1
2010-12-26 14:00:00,1.2699298,1,1
2010-12-26 15:00:00,1.1086175,1,1
2010-12-26 16:00:00,1.0024639,1,1
2010-12-26 17:00:00,0.7953622,1,1
2010-12-26 18:00:00,0.5674508,1,1
2010-12-26 19:00:00,0.29044673,1,1
2010-12-26 20:00:00,0.047216177,1,1
2010-12-26 21:00:00,-0.07483668,1,1
2010-12-26 22:00:00,-0.13280404,1,1
2010-12-26 23:00:00,-0.29192647,1,1
2010-12-27 00:00:00,-0.42796448,0,1
2010-12-27 01:00:00,-0.5177764,0,1
2010-12-27 02:00:00,-0.5557638,0,1
2010-12-27 03:00:00,-0.61656916,0,1
2010-12-27 04:00:00,-0.6820756,0,1
2010-12-27 05:00:00,-0.73166585,0,1
2010-12-27 06:00:00,-0.77688694,0,1
2010-12-27 07:00:00,-0.74346566,0,1
2010-12-27 08:00:00,-0.57309794,0,1
2010-12-27 09:00:00,-0.31280497,0,1
2010-12-27 10:00:00,-0.019856097,0,1
2010-12-27 11:00:00,0.2413505,0,1
2010-12-27 12:00:00,0.48363397,0,1
2010-12-27 13:00:00,0.68482673,0,1
2010-12-27 14:00:00,0.84207815,0,1
2010-12-27 15:00:00,0.93237954,0,1
2010-12-27 16:00:00,0.91658515,0,1
2010-12-27 17:00:00,0.76616627,0,1
2010-12-27 18:00:00,0.561507,0,1
2010-12-27 19:00:00,0.29205403,0,1
2010-12-27 20:00:00,0.02061157,0,1
2010-12-27 21:00:00,-0.16878642,0,1
2010-12-27 22:00:00,-0.307456,0,1
2010-12-27 23:00:00,-0.40036446,0,1
2010-12-28 00:00:00,-0.4883055,0,1
2010-12-28 01:00:00,-0.585966,0,1
2010-12-28 02:00:00,-0.7017311,0,1
2010-12-28 03:00:00,-0.8187175,0,1
2010-12-28 04:00:00,-0.89731437,0,1
2010-12-28 05:00:00,-0.97499067,0,1
2010-12-28 06:00:00,-1.0075212,0,1
2010-12-28 07:00:00,-0.85807794,0,1
2010-12-28 08:00:00,-0.5629234,0,1
2010-12-28 09:00:00,-0.12823907,0,1
2010-12-28 10:00:00,0.29895744,0,1
2010-12-28 11:00:00,0.7553423,0,1
2010-12-28 12:00:00,1.120595,0,1
2010-12-28 13:00:00,1.4322885,0,1
2010-12-28 14:00:00,1.6498677,0,1
2010-12-28 15:00:00,1.7831587,0,1
2010-12-28 16:00:00,1.806114,0,1
2010-12-28 17:00:00,1.7681994,0,1
2010-12-28 18:00:00,1.6746413,0,1
2010-12-28 19:00:00,1.5923948,0,1
2010-12-28 20:00:00,1.403008,0,1
2010-12-28 21:00:00,1.1283523,0,1
2010-12-28 22:00:00,0.93501365,0,1
2010-12-28 23:00:00,0.73042095,0,1
2010-12-29 00:00:00,0.4988302,0,0
2010-12-29 01:00:00,0.3450439,0,0
2010-12-29 02:00:00,0.20889929,0,0
2010-12-29 03:00:00,0.07523637,0,0
2010-12-29 04:00:00,-0.037729863,0,0
2010-12-29 05:00:00,-0.06240083,0,0
2010-12-29 06:00:00,-0.14587866,0,0
2010-12-29 07:00:00,0.3406126,0,0
2010-12-29 08:00:00,0.92417014,0,0
2010-12-29 09:00:00,1.2865484,0,0
2010-12-29 10:00:00,1.7445751,0,0
2010-12-29 11:00:00,2.0769458,0,0
2010-12-29 12:00:00,2.3256466,0,0
2010-12-29 13:00:00,2.486039,0,0
2010-12-29 14:00:00,2.6017153,0,0
2010-12-29 15:00:00,2.6125944,0,0
2010-12-29 16:00:00,2.589347,0,0
2010-12-29 17:00:00,2.5402236,0,0
2010-12-29 18:00:00,2.4606802,0,0
2010-12-29 19:00:00,2.2227397,0,0
2010-12-29 20:00:00,1.8564965,0,0
2010-12-29 21:00:00,1.5021964,0,0
2010-12-29 22:00:00,1.237187,0,0
2010-12-29 23:00:00,1.0434798,0,0
2010-12-30 00:00:00,0.88086545,0,0
2010-12-30 01:00:00,0.7571616,0,0
2010-12-30 02:00:00,0.64475524,0,0
2010-12-30 03:00:00,0.552634,0,0
2010-12-30 04:00:00,0.48309526,0,0
2010-12-30 05:00:00,0.4615999,0,0
2010-12-30 06:00:00,0.419592,0,0
2010-12-30 07:00:00,0.61799306,0,0
2010-12-30 08:00:00,1.0519031,0,0
2010-12-30 09:00:00,1.5895458,0,0
2010-12-30 10:00:00,2.1503692,0,0
2010-12-30 11:00:00,2.6281273,0,0
2010-12-30 12:00:00,2.9806964,0,0
2010-12-30 13:00:00,3.226223,0,0
2010-12-30 14:00:00,3.4010127,0,0
2010-12-30 15:00:00,3.5060241,0,0
2010-12-30 16:00:00,3.5649145,0,0
2010-12-30 17:00:00,3.537961,0,0
2010-12-30 18:00:00,3.5665822,0,0
2010-12-30 19:00:00,3.5859132,0,0
2010-12-30 20:00:00,3.36671,0,0
2010-12-30 21:00:00,3.0011394,0,0
2010-12-30 22:00:00,2.840612,0,0
2010-12-30 23:00:00,2.7634287,0,0
2010-12-31 00:00:00,2.655363,0,0
2010-12-31 01:00:00,2.5377038,0,0
2010-12-31 02:00:00,2.4132104,0,0
2010-12-31 03:00:00,2.3109674,0,0
2010-12-31 04:00:00,2.2670386,0,0
2010-12-31 05:00:00,2.2629402,0,0
2010-12-31 06:00:00,2.260885,0,0
2010-12-31 07:00:00,2.3399272,0,0
2010-12-31 08:00:00,2.6167037,0,0
2010-12-31 09:00:00,2.9230318,0,0
2010-12-31 10:00:00,3.28849,0,0
2010-12-31 11:00:00,3.65088,0,0
2010-12-31 12:00:00,4.002114,0,0
2010-12-31 13:00:00,4.184159,0,0
2010-12-31 14:00:00,4.2500563,0,0
2010-12-31 15:00:00,4.12683,0,0
2010-12-31 16:00:00,3.999473,0,0
2010-12-31 17:00:00,3.7584872,0,0
2010-12-31 18:00:00,3.552907,0,0
2010-12-31 19:00:00,3.3150592,0,0
2010-12-31 20:00:00,3.113189,0,0
2010-12-31 21:00:00,2.9065204,0,0
2010-12-31 22:00:00,2.698596,0,0
2010-12-31 23:00:00,2.4713454,0,0
2011-01-01 00:00:00,2.249329,1,0
2011-01-01 01:00:00,2.0477698,1,0
2011-01-01 02:00:00,1.8729854,1,0
2011-01-01 03:00:00,1.6739901,1,0
2011-01-01 04:00:00,1.4752611,1,0
2011-01-01 05:00:00,1.3936195,1,0
2011-01-01 06:00:00,1.3006138,1,0
2011-01-01 07:00:00,1.3513881,1,0
2011-01-01 08:00:00,1.5369204,1,0
2011-01-01 09:00:00,1.801931,1,0
2011-01-01 10:00:00,2.0945234,1,0
2011-01-01 11:00:00,2.2467365,1,0
2011-01-01 12:00:00,2.4820244,1,0
2011-01-01 13:00:00,2.780395,1,0
2011-01-01 14:00:00,2.994188,1,0
2011-01-01 15:00:00,3.0708995,1,0
2011-01-01 16:00:00,3.0287013,1,0
2011-01-01 17:00:00,2.8404253,1,0
2011-01-01 18:00:00,2.6738262,1,0
2011-01-01 19:00:00,2.3431346,1,0
2011-01-01 20:00:00,1.9109195,1,0
2011-01-01 21:00:00,1.543517,1,0
2011-01-01 22:00:00,1.3072622,1,0
2011-01-01 23:00:00,1.139351,1,0
2011-01-02 00:00:00,1.0208256,1,0
2011-01-02 01:00:00,0.9211922,1,0
2011-01-02 02:00:00,0.82155865,1,0
2011-01-02 03:00:00,0.7325726,1,0
2011-01-02 04:00:00,0.6388226,1,0
2011-01-02 05:00:00,0.4244397,1,0
2011-01-02 06:00:00,0.30522597,1,0
2011-01-02 07:00:00,0.32161865,1,0
2011-01-02 08:00:00,0.48245806,1,0
2011-01-02 09:00:00,0.7378536,1,0
2011-01-02 10:00:00,1.0233724,1,0
2011-01-02 11:00:00,1.341504,1,0
2011-01-02 12:00:00,1.63068,1,0
2011-01-02 13:00:00,1.878593,1,0
2011-01-02 14:00:00,2.038006,1,0
2011-01-02 15:00:00,2.0934486,1,0
2011-01-02 16:00:00,2.0505188,1,0
2011-01-02 17:00:00,1.9450445,1,0
2011-01-02 18:00:00,1.714643,1,0
2011-01-02 19:00:00,1.391013,1,0
2011-01-02 20:00:00,1.0512314,1,0
2011-01-02 21:00:00,0.8268533,1,0
2011-01-02 22:00:00,0.6684584,1,0
2011-01-02 23:00:00,0.55904996,1,0
2011-01-03 00:00:00,0.4856705,0,1
2011-01-03 01:00:00,0.4276401,0,1
2011-01-03 02:00:00,0.35924023,0,1
2011-01-03 03:00:00,0.25411066,0,1
2011-01-03 04:00:00,0.13464259,0,1
2011-01-03 05:00:00,-0.08640226,0,1
2011-01-03 06:00:00,-0.20892358,0,1
2011-01-03 07:00:00,-0.17704105,0,1
2011-01-03 08:00:00,0.05211058,0,1
2011-01-03 09:00:00,0.4035913,0,1
2011-01-03 10:00:00,0.75427496,0,1
2011-01-03 11:00:00,1.1206057,0,1
2011-01-03 12:00:00,1.4187818,0,1
2011-01-03 13:00:00,1.6844282,0,1
2011-01-03 14:00:00,1.8886863,0,1
2011-01-03 15:00:00,1.9940511,0,1
2011-01-03 16:00:00,1.9545697,0,1
2011-01-03 17:00:00,1.7970294,0,1
2011-01-03 18:00:00,1.5765827,0,1
2011-01-03 19:00:00,1.282926,0,1
2011-01-03 20:00:00,0.96792775,0,1
2011-01-03 21:00:00,0.7424614,0,1
2011-01-03 22:00:00,0.60077757,0,1
2011-01-03 23:00:00,0.50057983,0,1
2011-01-04 00:00:00,0.4293377,0,0
2011-01-04 01:00:00,0.35317153,0,0
2011-01-04 02:00:00,0.2871635,0,0
2011-01-04 03:00:00,0.20607315,0,0
2011-01-04 04:00:00,0.13414264,0,0
2011-01-04 05:00:00,0.0072688744,0,0
2011-01-04 06:00:00,-0.08656335,0,0
2011-01-04 07:00:00,0.061246738,0,0
2011-01-04 08:00:00,0.36012632,0,0
2011-01-04 09:00:00,0.7351424,0,0
2011-01-04 10:00:00,1.1538614,0,0
2011-01-04 11:00:00,1.4807285,0,0
2011-01-04 12:00:00,1.7449713,0,0
2011-01-04 13:00:00,1.9002165,0,0
2011-01-04 14:00:00,2.0463912,0,0
2011-01-04 15:00:00,2.1075215,0,0
2011-01-04 16:00:00,2.0728,0,0
2011-01-04 17:00:00,2.0326483,0,0
2011-01-04 18:00:00,1.9774597,0,0
2011-01-04 19:00:00,1.9452144,0,0
2011-01-04 20:00:00,1.6942922,0,0
2011-01-04 21:00:00,1.3623717,0,0
2011-01-04 22:00:00,1.0590235,0,0
2011-01-04 23:00:00,0.8293816,0,0
2011-01-05 00:00:00,0.657353,0,0
2011-01-05 01:00:00,0.52374524,0,0
2011-01-05 02:00:00,0.42294148,0,0
2011-01-05 03:00:00,0.3240518,0,0
2011-01-05 04:00:00,0.25103322,0,0
2011-01-05 05:00:00,0.18502493,0,0
2011-01-05 06:00:00,0.13486749,0,0
2011-01-05 07:00:00,0.26175943,0,0
2011-01-05 08:00:00,0.46365857,0,0
2011-01-05 09:00:00,0.7058859,0,0
2011-01-05 10:00:00,0.9350249,0,0
2011-01-05 11:00:00,1.1178,0,0
2011-01-05 12:00:00,1.2617543,0,0
2011-01-05 13:00:00,1.3985487,0,0
2011-01-05 14:00:00,1.7771456,0,0
2011-01-05 15:00:00,1.9981028,0,0
2011-01-05 16:00:00,2.0904038,0,0
2011-01-05 17:00:00,2.1550078,0,0
2011-01-05 18:00:00,2.0251071,0,0
2011-01-05 19:00:00,1.7581433,0,0
2011-01-05 20:00:00,1.3731027,0,0
2011-01-05 21:00:00,1.0519896,0,0
2011-01-05 22:00:00,0.8677045,0,0
2011-01-05 23:00:00,0.7488816,0,0
2011-01-06 00:00:00,0.67507595,0,0
2011-01-06 01:00:00,0.61661905,0,0
2011-01-06 02:00:00,0.57086486,0,0
2011-01-06 03:00:00,0.5388774,0,0
2011-01-06 04:00:00,0.5093717,0,0
2011-01-06 05:00:00,0.39533982,0,0
2011-01-06 06:00:00,0.39065593,0,0
2011-01-06 07:00:00,0.5980572,0,0
2011-01-06 08:00:00,0.98280257,0,0
2011-01-06 09:00:00,1.3553596,0,0
2011-01-06 10:00:00,1.7114254,0,0
2011-01-06 11:00:00,2.170323,0,0
2011-01-06 12:00:00,2.5551946,0,0
2011-01-06 13:00:00,2.8590705,0,0
2011-01-06 14:00:00,3.0489085,0,0
2011-01-06 15:00:00,3.0757983,0,0
2011-01-06 16:00:00,3.078116,0,0
2011-01-06 17:00:00,3.016681,0,0
2011-01-06 18:00:00,2.8946757,0,0
2011-01-06 19:00:00,2.7924273,0,0
2011-01-06 20:00:00,2.6814287,0,0
2011-01-06 21:00:00,2.5386887,0,0
2011-01-06 22:00:00,2.2548728,0,0
2011-01-06 23:00:00,2.020138,0,0
2011-01-07 00:00:00,1.9063522,0,0
2011-01-07 01:00:00,1.8542613,0,0
2011-01-07 02:00:00,1.8225212,0,0
2011-01-07 03:00:00,1.8036608,0,0
2011-01-07 04:00:00,1.7831525,0,0
2011-01-07 05:00:00,1.7420851,0,0
2011-01-07 06:00:00,1.6260179,0,0
2011-01-07 07:00:00,1.7069457,0,0
2011-01-07 08:00:00,2.0788796,0,0
2011-01-07 09:00:00,2.5383396,0,0
2011-01-07 10:00:00,2.894472,0,0
2011-01-07 11:00:00,3.2932642,0,0
2011-01-07 12:00:00,3.6320348,0,0
2011-01-07 13:00:00,3.8508441,0,0
2011-01-07 14:00:00,4.0064287,0,0
2011-01-07 15:00:00,4.132634,0,0
2011-01-07 16:00:00,4.1496735,0,0
2011-01-07 17:00:00,4.137639,0,0
2011-01-07 18:00:00,4.0442405,0,0
2011-01-07 19:00:00,3.904885,0,0
2011-01-07 20:00:00,3.656174,0,0
2011-01-07 21:00:00,3.3652022,0,0
2011-01-07 22:00:00,3.1709435,0,0
2011-01-07 23:00:00,3.0537925,0,0
2011-01-08 00:00:00,2.9345984,1,0
2011-01-08 01:00:00,2.8521779,1,0
2011-01-08 02:00:00,2.7787447,1,0
2011-01-08 03:00:00,2.6950905,1,0
2011-01-08 04:00:00,2.6292355,1,0
2011-01-08 05:00:00,2.6559353,1,0
2011-01-08 06:00:00,2.606206,1,0
2011-01-08 07:00:00,2.6166227,1,0
2011-01-08 08:00:00,2.6766756,1,0
2011-01-08 09:00:00,2.773897,1,0
2011-01-08 10:00:00,3.0975432,1,0
2011-01-08 11:00:00,3.1760144,1,0
2011-01-08 12:00:00,3.2265127,1,0
2011-01-08 13:00:00,3.0995846,1,0
2011-01-08 14:00:00,2.913116,1,0
2011-01-08 15:00:00,2.8002765,1,0
2011-01-08 16:00:00,2.818041,1,0
2011-01-08 17:00:00,2.7854936,1,0
2011-01-08 18:00:00,2.678955,1,0
2011-01-08 19:00:00,2.4431708,1,0
2011-01-08 20:00:00,2.1538901,1,0
2011-01-08 21:00:00,1.9036144,1,0
2011-01-08 22:00:00,1.7321575,1,0
2011-01-08 23:00:00,1.6338865,1,0
2011-01-09 00:00:00,1.549476,1,0
2011-01-09 01:00:00,1.4914577,1,0
2011-01-09 02:00:00,1.431302,1,0
2011-01-09 03:00:00,1.3660498,1,0
2011-01-09 04:00:00,1.3087872,1,0
2011-01-09 05:00:00,1.14262,1,0
2011-01-09 06:00:00,1.0655934,1,0
2011-01-09 07:00:00,1.109568,1,0
2011-01-09 08:00:00,1.3395803,1,0
2011-01-09 09:00:00,1.7263855,1,0
2011-01-09 10:00:00,2.1724615,1,0
2011-01-09 11:00:00,2.6385849,1,0
2011-01-09 12:00:00,3.0309486,1,0
2011-01-09 13:00:00,3.3438318,1,0
2011-01-09 14:00:00,3.5636737,1,0
2011-01-09 15:00:00,3.6687214,1,0
2011-01-09 16:00:00,3.6691952,1,0
2011-01-09 17:00:00,3.6476955,1,0
2011-01-09 18:00:00,3.4589596,1,0
2011-01-09 19:00:00,3.2028162,1,0
2011-01-09 20:00:00,2.8584235,1,0
2011-01-09 21:00:00,2.6094155,1,0
2011-01-09 22:00:00,2.4225156,1,0
2011-01-09 23:00:00,2.3161414,1,0
2011-01-10 00:00:00,2.2870042,0,0
2011-01-10 01:00:00,2.3249452,0,0
2011-01-10 02:00:00,2.3352394,0,0
2011-01-10 03:00:00,2.2620728,0,0
2011-01-10 04:00:00,2.16574,0,0
2011-01-10 05:00:00,2.0282304,0,0
2011-01-10 06:00:00,1.9039017,0,0
2011-01-10 07:00:00,1.9054472,0,0
2011-01-10 08:00:00,2.0972948,0,0
2011-01-10 09:00:00,2.4604192,0,0
2011-01-10 10:00:00,2.860474,0,0
2011-01-10 11:00:00,3.2474244,0,0
2011-01-10 12:00:00,3.5666804,0,0
2011-01-10 13:00:00,3.76109,0,0
2011-01-10 14:00:00,3.8075914,0,0
2011-01-10 15:00:00,3.8921814,0,0
2011-01-10 16:00:00,3.8665178,0,0
2011-01-10 17:00:00,3.7831175,0,0
2011-01-10 18:00:00,3.673318,0,0
2011-01-10 19:00:00,3.5081508,0,0
2011-01-10 20:00:00,3.2642903,0,0
2011-01-10 21:00:00,3.0437996,0,0
2011-01-10 22:00:00,2.8962054,0,0
2011-01-10 23:00:00,2.7961922,0,0
2011-01-11 00:00:00,2.6979327,0,0
2011-01-11 01:00:00,2.6150227,0,0
2011-01-11 02:00:00,2.5438993,0,0
2011-01-11 03:00:00,2.4843273,0,0
2011-01-11 04:00:00,2.441733,0,0
2011-01-11 05:00:00,2.3339741,0,0
2011-01-11 06:00:00,2.2661705,0,0
2011-01-11 07:00:00,2.251138,0,0
2011-01-11 08:00:00,2.3158224,0,0
2011-01-11 09:00:00,2.4396071,0,0
2011-01-11 10:00:00,2.5855603,0,0
2011-01-11 11:00:00,2.6611273,0,0
2011-01-11 12:00:00,2.908315,0,0
2011-01-11 13:00:00,3.1014984,0,0
2011-01-11 14:00:00,3.2438362,0,0
2011-01-11 15:00:00,3.1878633,0,0
2011-01-11 16:00:00,3.1064808,0,0
2011-01-11 17:00:00,2.8389661,0,0
2011-01-11 18:00:00,2.6318402,0,0
2011-01-11 19:00:00,2.3936522,0,0
2011-01-11 20:00:00,2.1880445,0,0
2011-01-11 21:00:00,2.0284526,0,0
2011-01-11 22:00:00,1.933407,0,0
2011-01-11 23:00:00,1.859785,0,0
2011-01-12 00:00:00,1.8036498,0,0
2011-01-12 01:00:00,1.7600454,0,0
2011-01-12 02:00:00,1.7265986,0,0
2011-01-12 03:00:00,1.7242141,0,0
2011-01-12 04:00:00,1.7072552,0,0
2011-01-12 05:00:00,1.7229241,0,0
2011-01-12 06:00:00,1.7184964,0,0
2011-01-12 07:00:00,1.7955102,0,0
2011-01-12 08:00:00,1.9658003,0,0
2011-01-12 09:00:00,2.2128596,0,0
2011-01-12 10:00:00,2.3752472,0,0
2011-01-12 11:00:00,2.5608137,0,0
2011-01-12 12:00:00,2.7538486,0,0
2011-01-12 13:00:00,2.8705509,0,0
2011-01-12 14:00:00,3.057981,0,0
2011-01-12 15:00:00,3.2025316,0,0
2011-01-12 16:00:00,3.215744,0,0
2011-01-12 17:00:00,3.118815,0,0
2011-01-12 18:00:00,2.9717913,0,0
2011-01-12 19:00:00,2.7945788,0,0
2011-01-12 20:00:00,2.608303,0,0
2011-01-12 21:00:00,2.4754772,0,0
2011-01-12 22:00:00,2.370402,0,0
2011-01-12 23:00:00,2.2553885,0,0
2011-01-13 00:00:00,2.1757545,0,0
2011-01-13 01:00:00,2.0977807,0,0
2011-01-13 02:00:00,2.0685267,0,0
2011-01-13 03:00:00,2.051314,0,0
2011-01-13 04:00:00,2.014826,0,0
2011-01-13 05:00:00,2.08017,0,0
2011-01-13 06:00:00,2.083242,0,0
2011-01-13 07:00:00,2.135524,0,0
2011-01-13 08:00:00,2.221526,0,0
2011-01-13 09:00:00,2.3588746,0,0
2011-01-13 10:00:00,2.4838498,0,0
2011-01-13 11:00:00,2.5619924,0,0
2011-01-13 12:00:00,2.497344,0,0
2011-01-13 13:00:00,2.4452531,0,0
2011-01-13 14:00:00,2.4149354,0,0
2011-01-13 15:00:00,2.5328374,0,0
2011-01-13 16:00:00,2.4369237,0,0
2011-01-13 17:00:00,2.1485221,0,0
2011-01-13 18:00:00,2.1146572,0,0
2011-01-13 19:00:00,2.085083,0,0
2011-01-13 20:00:00,1.9888015,0,0
2011-01-13 21:00:00,1.8783412,0,0
2011-01-13 22:00:00,1.7780391,0,0
2011-01-13 23:00:00,1.6621648,0,0
2011-01-14 00:00:00,1.5830636,0,0
2011-01-14 01:00:00,1.5214549,0,0
2011-01-14 02:00:00,1.4035093,0,0
2011-01-14 03:00:00,1.3403122,0,0
2011-01-14 04:00:00,1.2217888,0,0
2011-01-14 05:00:00,1.3064073,0,0
2011-01-14 06:00:00,1.3887883,0,0
2011-01-14 07:00:00,1.5335304,0,0
2011-01-14 08:00:00,1.6325014,0,0
2011-01-14 09:00:00,1.7612472,0,0
2011-01-14 10:00:00,1.915936,0,0
2011-01-14 11:00:00,2.0567763,0,0
2011-01-14 12:00:00,2.2718196,0,0
2011-01-14 13:00:00,2.455848,0,0
2011-01-14 14:00:00,2.5775447,0,0
2011-01-14 15:00:00,2.634483,0,0
2011-01-14 16:00:00,2.6109302,0,0
2011-01-14 17:00:00,2.5065684,0,0
2011-01-14 18:00:00,2.3630223,0,0
2011-01-14 19:00:00,2.1965396,0,0
2011-01-14 20:00:00,2.0149505,0,0
2011-01-14 21:00:00,1.8210626,0,0
2011-01-14 22:00:00,1.6187671,0,0
2011-01-14 23:00:00,1.4108201,0,0
2011-01-15 00:00:00,1.1959552,1,0
2011-01-15 01:00:00,1.0225645,1,0
2011-01-15 02:00:00,0.8828936,1,0
2011-01-15 03:00:00,0.72940487,1,0
2011-01-15 04:00:00,0.5998099,1,0
2011-01-15 05:00:00,0.5341459,1,0
2011-01-15 06:00:00,0.46858853,1,0
2011-01-15 07:00:00,0.70843697,1,0
2011-01-15 08:00:00,1.3698196,1,0
2011-01-15 09:00:00,1.7053488,1,0
2011-01-15 10:00:00,2.0391834,1,0
2011-01-15 11:00:00,2.4094543,1,0
2011-01-15 12:00:00,2.691385,1,0
2011-01-15 13:00:00,2.8661282,1,0
2011-01-15 14:00:00,3.00562,1,0
2011-01-15 15:00:00,3.0436351,1,0
2011-01-15 16:00:00,3.0048933,1,0
2011-01-15 17:00:00,3.168765,1,0
2011-01-15 18:00:00,3.0940247,1,0
2011-01-15 19:00:00,2.915675,1,0
2011-01-15 20:00:00,2.6114266,1,0
2011-01-15 21:00:00,2.3238688,1,0
2011-01-15 22:00:00,2.0776565,1,0
2011-01-15 23:00:00,1.867568,1,0
2011-01-16 00:00:00,1.6950786,1,0
2011-01-16 01:00:00,1.5337923,1,0
2011-01-16 02:00:00,1.4024283,1,0
2011-01-16 03:00:00,1.2832656,1,0
2011-01-16 04:00:00,1.2028246,1,0
2011-01-16 05:00:00,1.1864257,1,0
2011-01-16 06:00:00,1.1726027,1,0
2011-01-16 07:00:00,1.3664958,1,0
2011-01-16 08:00:00,1.612453,1,0
2011-01-16 09:00:00,1.9109678,1,0
2011-01-16 10:00:00,2.1926317,1,0
2011-01-16 11:00:00,2.4760618,1,0
2011-01-16 12:00:00,2.682556,1,0
2011-01-16 13:00:00,2.6924894,1,0
2011-01-16 14:00:00,2.682392,1,0
2011-01-16 15:00:00,2.5859632,1,0
2011-01-16 16:00:00,2.46378,1,0
2011-01-16 17:00:00,2.2271793,1,0
2011-01-16 18:00:00,2.080744,1,0
2011-01-16 19:00:00,1.8808125,1,0
2011-01-16 20:00:00,1.6251653,1,0
2011-01-16 21:00:00,1.3828547,1,0
2011-01-16 22:00:00,1.2016662,1,0
2011-01-16 23:00:00,1.0167238,1,0
2011-01-17 00:00:00,0.8261135,0,0
2011-01-17 01:00:00,0.6613231,0,0
2011-01-17 02:00:00,0.53408843,0,0
2011-01-17 03:00:00,0.41155508,0,0
2011-01-17 04:00:00,0.32907122,0,0
2011-01-17 05:00:00,0.39229643,0,0
2011-01-17 06:00:00,0.3939633,0,0
2011-01-17 07:00:00,0.46786046,0,0
2011-01-17 08:00:00,0.5929881,0,0
2011-01-17 09:00:00,0.7821696,0,0
2011-01-17 10:00:00,0.942408,0,0
2011-01-17 11:00:00,1.1176977,0,0
2011-01-17 12:00:00,1.3099768,0,0
2011-01-17 13:00:00,1.5202315,0,0
2011-01-17 14:00:00,1.6955965,0,0
2011-01-17 15:00:00,1.8245851,0,0
2011-01-17 16:00:00,1.8406276,0,0
2011-01-17 17:00:00,1.7011882,0,0
2011-01-17 18:00:00,1.5575789,0,0
2011-01-17 19:00:00,1.3475283,0,0
2011-01-17 20:00:00,1.1060083,0,0
2011-01-17 21:00:00,0.92395055,0,0
2011-01-17 22:00:00,0.7820678,0,0
2011-01-17 23:00:00,0.66822445,0,0
2011-01-18 00:00:00,0.5909001,0,0
2011-01-18 01:00:00,0.5126909,0,0
2011-01-18 02:00:00,0.43802458,0,0
2011-01-18 03:00:00,0.37770888,0,0
2011-01-18 04:00:00,0.31220224,0,0
2011-01-18 05:00:00,0.24203831,0,0
2011-01-18 06:00:00,0.19987041,0,0
2011-01-18 07:00:00,0.19308221,0,0
2011-01-18 08:00:00,0.33833492,0,0
2011-01-18 09:00:00,0.57181394,0,0
2011-01-18 10:00:00,0.87991303,0,0
2011-01-18 11:00:00,1.2464612,0,0
2011-01-18 12:00:00,1.6226975,0,0
2011-01-18 13:00:00,1.9307419,0,0
2011-01-18 14:00:00,2.0909212,0,0
2011-01-18 15:00:00,2.212319,0,0
2011-01-18 16:00:00,2.2456625,0,0
2011-01-18 17:00:00,2.1891105,0,0
2011-01-18 18:00:00,2.0609643,0,0
2011-01-18 19:00:00,1.7517478,0,0
2011-01-18 20:00:00,1.315055,0,0
2011-01-18 21:00:00,0.9529063,0,0
2011-01-18 22:00:00,0.7221598,0,0
2011-01-18 23:00:00,0.5759902,0,0
2011-01-19 00:00:00,0.46964696,0,0
2011-01-19 01:00:00,0.37411156,0,0
2011-01-19 02:00:00,0.29895556,0,0
2011-01-19 03:00:00,0.234181,0,0
2011-01-19 04:00:00,0.1776503,0,0
2011-01-19 05:00:00,0.090547614,0,0
2011-01-19 06:00:00,0.023240356,0,0
2011-01-19 07:00:00,0.119199425,0,0
2011-01-19 08:00:00,0.426545,0,0
2011-01-19 09:00:00,0.773952,0,0
2011-01-19 10:00:00,1.1552484,0,0
2011-01-19 11:00:00,1.5901744,0,0
2011-01-19 12:00:00,1.9744786,0,0
2011-01-19 13:00:00,2.280824,0,0
2011-01-19 14:00:00,2.4964259,0,0
2011-01-19 15:00:00,2.6359718,0,0
2011-01-19 16:00:00,2.699473,0,0
2011-01-19 17:00:00,2.6924522,0,0
2011-01-19 18:00:00,2.6411512,0,0
2011-01-19 19:00:00,2.4623299,0,0
2011-01-19 20:00:00,2.1408715,0,0
2011-01-19 21:00:00,1.8288875,0,0
2011-01-19 22:00:00,1.5982038,0,0
2011-01-19 23:00:00,1.4278864,0,0
2011-01-20 00:00:00,1.2987884,0,0
2011-01-20 01:00:00,1.2014333,0,0
2011-01-20 02:00:00,1.1303753,0,0
2011-01-20 03:00:00,1.0736682,0,0
2011-01-20 04:00:00,1.0304736,0,0
2011-01-20 05:00:00,0.9705801,0,0
2011-01-20 06:00:00,0.96343094,0,0
2011-01-20 07:00:00,1.1241716,0,0
2011-01-20 08:00:00,1.5218188,0,0
2011-01-20 09:00:00,1.9922273,0,0
2011-01-20 10:00:00,2.391483,0,0
2011-01-20 11:00:00,2.7599099,0,0
2011-01-20 12:00:00,3.0674975,0,0
2011-01-20 13:00:00,3.2874072,0,0
2011-01-20 14:00:00,3.4475067,0,0
2011-01-20 15:00:00,3.5399652,0,0
2011-01-20 16:00:00,3.5622196,0,0
2011-01-20 17:00:00,3.4183671,0,0
2011-01-20 18:00:00,3.2915275,0,0
2011-01-20 19:00:00,3.1628828,0,0
2011-01-20 20:00:00,3.0315437,0,0
2011-01-20 21:00:00,2.5983608,0,0
2011-01-20 22:00:00,2.3794358,0,0
2011-01-20 23:00:00,2.367077,0,0
2011-01-21 00:00:00,2.2977424,0,0
2011-01-21 01:00:00,2.1611955,0,0
2011-01-21 02:00:00,2.1331692,0,0
2011-01-21 03:00:00,1.9825305,0,0
2011-01-21 04:00:00,1.8106084,0,0
2011-01-21 05:00:00,1.7671965,0,0
2011-01-21 06:00:00,1.6565055,0,0
2011-01-21 07:00:00,1.7691143,0,0
2011-01-21 08:00:00,2.1327949,0,0
2011-01-21 09:00:00,2.3954918,0,0
2011-01-21 10:00:00,2.7102404,0,0
2011-01-21 11:00:00,2.9224768,0,0
2011-01-21 12:00:00,3.1860995,0,0
2011-01-21 13:00:00,3.3973455,0,0
2011-01-21 14:00:00,3.5111232,0,0
2011-01-21 15:00:00,3.532114,0,0
2011-01-21 16:00:00,3.4422963,0,0
2011-01-21 17:00:00,3.1395206,0,0
2011-01-21 18:00:00,2.8515832,0,0
2011-01-21 19:00:00,2.4892154,0,0
2011-01-21 20:00:00,2.086879,0,0
2011-01-21 21:00:00,1.793617,0,0
2011-01-21 22:00:00,1.6305988,0,0
2011-01-21 23:00:00,1.5285962,0,0
2011-01-22 00:00:00,1.4679073,1,0
2011-01-22 01:00:00,1.4253668,1,0
2011-01-22 02:00:00,1.3751024,1,0
2011-01-22 03:00:00,1.3194879,1,0
2011-01-22 04:00:00,1.2445984,1,0
2011-01-22 05:00:00,1.1073432,1,0
2011-01-22 06:00:00,1.0168818,1,0
2011-01-22 07:00:00,1.0518688,1,0
2011-01-22 08:00:00,1.3436524,1,0
2011-01-22 09:00:00,1.7944608,1,0
2011-01-22 10:00:00,2.2986999,1,0
2011-01-22 11:00:00,2.7969074,1,0
2011-01-22 12:00:00,3.2180667,1,0
2011-01-22 13:00:00,3.574147,1,0
2011-01-22 14:00:00,3.8198602,1,0
2011-01-22 15:00:00,3.9253032,1,0
2011-01-22 16:00:00,3.9064078,1,0
2011-01-22 17:00:00,3.5760777,1,0
2011-01-22 18:00:00,3.3066404,1,0
2011-01-22 19:00:00,2.9158835,1,0
2011-01-22 20:00:00,2.4576406,1,0
2011-01-22 21:00:00,2.075113,1,0
2011-01-22 22:00:00,1.8210275,1,0
2011-01-22 23:00:00,1.6432755,1,0
2011-01-23 00:00:00,1.5195285,1,0
2011-01-23 01:00:00,1.407333,1,0
2011-01-23 02:00:00,1.3150274,1,0
2011-01-23 03:00:00,1.2337648,1,0
2011-01-23 04:00:00,1.1548116,1,0
2011-01-23 05:00:00,1.0115321,1,0
2011-01-23 06:00:00,0.92550546,1,0
2011-01-23 07:00:00,1.0289524,1,0
2011-01-23 08:00:00,1.5013942,1,0
2011-01-23 09:00:00,2.0187771,1,0
2011-01-23 10:00:00,2.535963,1,0
2011-01-23 11:00:00,3.0093286,1,0
2011-01-23 12:00:00,3.2894752,1,0
2011-01-23 13:00:00,3.3990922,1,0
2011-01-23 14:00:00,3.465692,1,0
2011-01-23 15:00:00,3.483027,1,0
2011-01-23 16:00:00,3.416328,1,0
2011-01-23 17:00:00,3.3777294,1,0
2011-01-23 18:00:00,3.2155023,1,0
2011-01-23 19:00:00,3.0030434,1,0
2011-01-23 20:00:00,2.7604265,1,0
2011-01-23 21:00:00,2.5651016,1,0
2011-01-23 22:00:00,2.3839643,1,0
2011-01-23 23:00:00,2.241432,1,0
2011-01-24 00:00:00,2.153288,0,0
2011-01-24 01:00:00,2.072609,0,0
2011-01-24 02:00:00,1.8957626,0,0
2011-01-24 03:00:00,1.7386177,0,0
2011-01-24 04:00:00,1.59293,0,0
2011-01-24 05:00:00,1.4840112,0,0
2011-01-24 06:00:00,1.4548004,0,0
2011-01-24 07:00:00,1.5055988,0,0
2011-01-24 08:00:00,1.7727733,0,0
2011-01-24 09:00:00,2.0604053,0,0
2011-01-24 10:00:00,2.268009,0,0
2011-01-24 11:00:00,2.4289255,0,0
2011-01-24 12:00:00,2.6929624,0,0
2011-01-24 13:00:00,2.902834,0,0
2011-01-24 14:00:00,3.090029,0,0
2011-01-24 15:00:00,3.1940749,0,0
2011-01-24 16:00:00,3.1758258,0,0
2011-01-24 17:00:00,2.9815333,0,0
2011-01-24 18:00:00,2.7864003,0,0
2011-01-24 19:00:00,2.5127852,0,0
2011-01-24 20:00:00,2.117201,0,0
2011-01-24 21:00:00,1.7359334,0,0
2011-01-24 22:00:00,1.4747046,0,0
2011-01-24 23:00:00,1.259491,0,0
2011-01-25 00:00:00,1.0991864,0,0
2011-01-25 01:00:00,0.9983,0,0
2011-01-25 02:00:00,0.9411976,0,0
2011-01-25 03:00:00,0.9374075,0,0
2011-01-25 04:00:00,0.96583706,0,0
2011-01-25 05:00:00,1.0888432,0,0
2011-01-25 06:00:00,1.1158137,0,0
2011-01-25 07:00:00,1.243062,0,0
2011-01-25 08:00:00,1.6961243,0,0
2011-01-25 09:00:00,2.18605,0,0
2011-01-25 10:00:00,2.8000383,0,0
2011-01-25 11:00:00,3.3931553,0,0
2011-01-25 12:00:00,3.8561645,0,0
2011-01-25 13:00:00,4.1115713,0,0
2011-01-25 14:00:00,4.2838154,0,0
2011-01-25 15:00:00,4.3176894,0,0
2011-01-25 16:00:00,4.1844397,0,0
2011-01-25 17:00:00,3.3719432,0,0
2011-01-25 18:00:00,2.7112343,0,0
2011-01-25 19:00:00,2.2123435,0,0
2011-01-25 20:00:00,1.8384709,0,0
2011-01-25 21:00:00,1.612222,0,0
2011-01-25 22:00:00,1.5325986,0,0
2011-01-25 23:00:00,1.5444024,0,0
2011-01-26 00:00:00,1.5198882,0,1
2011-01-26 01:00:00,1.4665563,0,1
2011-01-26 02:00:00,1.366685,0,1
2011-01-26 03:00:00,1.2613684,0,1
2011-01-26 04:00:00,1.1771469,0,1
2011-01-26 05:00:00,1.1159976,0,1
2011-01-26 06:00:00,1.0513949,0,1
2011-01-26 07:00:00,1.0595948,0,1
2011-01-26 08:00:00,1.2840497,0,1
2011-01-26 09:00:00,1.6317501,0,1
2011-01-26 10:00:00,2.028199,0,1
2011-01-26 11:00:00,2.4585373,0,1
2011-01-26 12:00:00,2.8961844,0,1
2011-01-26 13:00:00,3.2347157,0,1
2011-01-26 14:00:00,3.4300632,0,1
2011-01-26 15:00:00,3.5064054,0,1
2011-01-26 16:00:00,3.5049016,0,1
2011-01-26 17:00:00,3.3675358,0,1
2011-01-26 18:00:00,3.24317,0,1
2011-01-26 19:00:00,3.0051963,0,1
2011-01-26 20:00:00,2.6372764,0,1
2011-01-26 21:00:00,2.3023758,0,1
2011-01-26 22:00:00,2.0727806,0,1
2011-01-26 23:00:00,1.8959566,0,1
2011-01-27 00:00:00,1.7903574,0,0
2011-01-27 01:00:00,1.7191275,0,0
2011-01-27 02:00:00,1.662738,0,0
2011-01-27 03:00:00,1.6553224,0,0
2011-01-27 04:00:00,1.7095286,0,0
2011-01-27 05:00:00,1.5887513,0,0
2011-01-27 06:00:00,1.505097,0,0
2011-01-27 07:00:00,1.5931296,0,0
2011-01-27 08:00:00,1.9295818,0,0
2011-01-27 09:00:00,2.2752512,0,0
2011-01-27 10:00:00,2.5816123,0,0
2011-01-27 11:00:00,2.824167,0,0
2011-01-27 12:00:00,3.1203554,0,0
2011-01-27 13:00:00,3.281484,0,0
2011-01-27 14:00:00,3.38546,0,0
2011-01-27 15:00:00,3.412475,0,0
2011-01-27 16:00:00,3.3716004,0,0
2011-01-27 17:00:00,3.0978,0,0
2011-01-27 18:00:00,2.9066534,0,0
2011-01-27 19:00:00,2.5835516,0,0
2011-01-27 20:00:00,2.1820107,0,0
2011-01-27 21:00:00,1.8956503,0,0
2011-01-27 22:00:00,1.7263529,0,0
2011-01-27 23:00:00,1.5973086,0,0
2011-01-28 00:00:00,1.4991974,0,0
2011-01-28 01:00:00,1.415531,0,0
2011-01-28 02:00:00,1.3283341,0,0
2011-01-28 03:00:00,1.239254,0,0
2011-01-28 04:00:00,1.1627046,0,0
2011-01-28 05:00:00,1.0648208,0,0
2011-01-28 06:00:00,0.9863884,0,0
2011-01-28 07:00:00,1.0103323,0,0
2011-01-28 08:00:00,1.2306682,0,0
2011-01-28 09:00:00,1.5578557,0,0
2011-01-28 10:00:00,1.9881921,0,0
2011-01-28 11:00:00,2.2700894,0,0
2011-01-28 12:00:00,2.557489,0,0
2011-01-28 13:00:00,3.0633814,0,0
2011-01-28 14:00:00,3.3480604,0,0
2011-01-28 15:00:00,3.5006578,0,0
2011-01-28 16:00:00,3.5634148,0,0
2011-01-28 17:00:00,3.5738378,0,0
2011-01-28 18:00:00,3.4908595,0,0
2011-01-28 19:00:00,3.2490616,0,0
2011-01-28 20:00:00,2.8105054,0,0
2011-01-28 21:00:00,2.4344015,0,0
2011-01-28 22:00:00,2.1332684,0,0
2011-01-28 23:00:00,1.9129155,0,0
2011-01-29 00:00:00,1.7318988,1,0
2011-01-29 01:00:00,1.5958052,1,0
2011-01-29 02:00:00,1.5009315,1,0
2011-01-29 03:00:00,1.4218018,1,0
2011-01-29 04:00:00,1.358021,1,0
2011-01-29 05:00:00,1.198911,1,0
2011-01-29 06:00:00,1.120552,1,0
2011-01-29 07:00:00,1.1898093,1,0
2011-01-29 08:00:00,1.5409954,1,0
2011-01-29 09:00:00,1.9877135,1,0
2011-01-29 10:00:00,2.434218,1,0
2011-01-29 11:00:00,2.8442564,1,0
2011-01-29 12:00:00,3.233835,1,0
2011-01-29 13:00:00,3.6463094,1,0
2011-01-29 14:00:00,3.9696054,1,0
2011-01-29 15:00:00,4.171824,1,0
2011-01-29 16:00:00,4.2413664,1,0
2011-01-29 17:00:00,4.1778836,1,0
2011-01-29 18:00:00,4.062575,1,0
2011-01-29 19:00:00,3.9444115,1,0
2011-01-29 20:00:00,3.6747835,1,0
2011-01-29 21:00:00,3.3267655,1,0
2011-01-29 22:00:00,3.05653,1,0
2011-01-29 23:00:00,2.8393323,1,0
2011-01-30 00:00:00,2.68355,1,0
2011-01-30 01:00:00,2.5688922,1,0
2011-01-30 02:00:00,2.4589484,1,0
2011-01-30 03:00:00,2.347216,1,0
2011-01-30 04:00:00,2.2715635,1,0
2011-01-30 05:00:00,2.2639673,1,0
2011-01-30 06:00:00,2.2793982,1,0
2011-01-30 07:00:00,2.3745987,1,0
2011-01-30 08:00:00,2.7126405,1,0
2011-01-30 09:00:00,3.077769,1,0
2011-01-30 10:00:00,3.45085,1,0
2011-01-30 11:00:00,3.816589,1,0
2011-01-30 12:00:00,4.1019425,1,0
2011-01-30 13:00:00,4.3109035,1,0
2011-01-30 14:00:00,4.4918475,1,0
2011-01-30 15:00:00,4.624094,1,0
2011-01-30 16:00:00,4.718106,1,0
2011-01-30 17:00:00,4.7036633,1,0
2011-01-30 18:00:00,4.5132203,1,0
2011-01-30 19:00:00,4.2078805,1,0
2011-01-30 20:00:00,3.8610032,1,0
2011-01-30 21:00:00,3.6341696,1,0
2011-01-30 22:00:00,3.4574351,1,0
2011-01-30 23:00:00,3.2842267,1,0
2011-01-31 00:00:00,3.1578546,0,0
2011-01-31 01:00:00,3.1203012,0,0
2011-01-31 02:00:00,3.2042146,0,0
2011-01-31 03:00:00,3.3277044,0,0
2011-01-31 04:00:00,3.367683,0,0
2011-01-31 05:00:00,3.391518,0,0
2011-01-31 06:00:00,3.396078,0,0
2011-01-31 07:00:00,3.4891412,0,0
2011-01-31 08:00:00,3.823085,0,0
2011-01-31 09:00:00,4.2013206,0,0
2011-01-31 10:00:00,4.521872,0,0
2011-01-31 11:00:00,4.820159,0,0
2011-01-31 12:00:00,5.0687156,0,0
2011-01-31 13:00:00,5.2701645,0,0
2011-01-31 14:00:00,5.421217,0,0
2011-01-31 15:00:00,5.51651,0,0
2011-01-31 16:00:00,5.548927,0,0
2011-01-31 17:00:00,5.5350385,0,0
2011-01-31 18:00:00,5.394886,0,0
2011-01-31 19:00:00,5.1562023,0,0
2011-01-31 20:00:00,4.819793,0,0
2011-01-31 21:00:00,4.5371,0,0
2011-01-31 22:00:00,4.339854,0,0
2011-01-31 23:00:00,4.179079,0,0
2011-02-01 00:00:00,4.0083003,0,0
2011-02-01 01:00:00,3.8974326,0,0
2011-02-01 02:00:00,3.8507624,0,0
2011-02-01 03:00:00,3.799074,0,0
2011-02-01 04:00:00,3.7001922,0,0
2011-02-01 05:00:00,3.3657491,0,0
2011-02-01 06:00:00,3.2391496,0,0
2011-02-01 07:00:00,3.331246,0,0
2011-02-01 08:00:00,3.6996186,0,0
2011-02-01 09:00:00,4.084463,0,0
2011-02-01 10:00:00,4.4375653,0,0
2011-02-01 11:00:00,4.595619,0,0
2011-02-01 12:00:00,4.766958,0,0
2011-02-01 13:00:00,4.811923,0,0
2011-02-01 14:00:00,4.792474,0,0
2011-02-01 15:00:00,4.7517123,0,0
2011-02-01 16:00:00,4.654319,0,0
2011-02-01 17:00:00,4.370333,0,0
2011-02-01 18:00:00,4.0573773,0,0
2011-02-01 19:00:00,3.6198733,0,0
2011-02-01 20:00:00,3.1496472,0,0
2011-02-01 21:00:00,2.8331676,0,0
2011-02-01 22:00:00,2.6404302,0,0
2011-02-01 23:00:00,2.507632,0,0
2011-02-02 00:00:00,2.4219882,0,0
2011-02-02 01:00:00,2.3535767,0,0
2011-02-02 02:00:00,2.3016524,0,0
2011-02-02 03:00:00,2.26177,0,0
2011-02-02 04:00:00,2.2369819,0,0
2011-02-02 05:00:00,2.148262,0,0
2011-02-02 06:00:00,2.1063366,0,0
2011-02-02 07:00:00,2.1643832,0,0
2011-02-02 08:00:00,2.5387893,0,0
2011-02-02 09:00:00,3.1234496,0,0
2011-02-02 10:00:00,3.7244015,0,0
2011-02-02 11:00:00,4.3651814,0,0
2011-02-02 12:00:00,4.813704,0,0
2011-02-02 13:00:00,5.036392,0,0
2011-02-02 14:00:00,5.0997586,0,0
2011-02-02 15:00:00,5.1217175,0,0
2011-02-02 16:00:00,5.106873,0,0
2011-02-02 17:00:00,5.019754,0,0
2011-02-02 18:00:00,4.796315,0,0
2011-02-02 19:00:00,4.4669695,0,0
2011-02-02 20:00:00,3.9901447,0,0
2011-02-02 21:00:00,3.6166945,0,0
2011-02-02 22:00:00,3.3368404,0,0
2011-02-02 23:00:00,3.1258192,0,0
2011-02-03 00:00:00,2.941272,0,0
2011-02-03 01:00:00,2.8151767,0,0
2011-02-03 02:00:00,2.7088768,0,0
2011-02-03 03:00:00,2.6247451,0,0
2011-02-03 04:00:00,2.5503454,0,0
2011-02-03 05:00:00,2.565008,0,0
2011-02-03 06:00:00,2.4930122,0,0
2011-02-03 07:00:00,2.4612253,0,0
2011-02-03 08:00:00,2.5597768,0,0
2011-02-03 09:00:00,2.859206,0,0
2011-02-03 10:00:00,3.4277246,0,0
2011-02-03 11:00:00,3.9383922,0,0
2011-02-03 12:00:00,4.33307,0,0
2011-02-03 13:00:00,4.6626167,0,0
2011-02-03 14:00:00,4.729941,0,0
2011-02-03 15:00:00,4.291747,0,0
2011-02-03 16:00:00,4.0712657,0,0
2011-02-03 17:00:00,4.1240907,0,0
2011-02-03 18:00:00,4.20868,0,0
2011-02-03 19:00:00,4.1629534,0,0
2011-02-03 20:00:00,3.9916887,0,0
2011-02-03 21:00:00,3.7929482,0,0
2011-02-03 22:00:00,3.6139214,0,0
2011-02-03 23:00:00,3.504283,0,0
2011-02-04 00:00:00,3.4234276,0,0
2011-02-04 01:00:00,3.513481,0,0
2011-02-04 02:00:00,3.3570755,0,0
2011-02-04 03:00:00,3.404099,0,0
2011-02-04 04:00:00,3.4563134,0,0
2011-02-04 05:00:00,3.422535,0,0
2011-02-04 06:00:00,3.3805778,0,0
2011-02-04 07:00:00,3.4898627,0,0
2011-02-04 08:00:00,3.8344152,0,0
2011-02-04 09:00:00,4.1926317,0,0
2011-02-04 10:00:00,4.493487,0,0
2011-02-04 11:00:00,4.6374354,0,0
2011-02-04 12:00:00,4.6601114,0,0
2011-02-04 13:00:00,4.786037,0,0
2011-02-04 14:00:00,4.789567,0,0
2011-02-04 15:00:00,4.725463,0,0
2011-02-04 16:00:00,4.6797295,0,0
2011-02-04 17:00:00,4.5082917,0,0
2011-02-04 18:00:00,4.2923064,0,0
2011-02-04 19:00:00,4.0053506,0,0
2011-02-04 20:00:00,3.6761618,0,0
2011-02-04 21:00:00,3.35863,0,0
2011-02-04 22:00:00,3.102463,0,0
2011-02-04 23:00:00,2.8948443,0,0
2011-02-05 00:00:00,2.7319758,1,0
2011-02-05 01:00:00,2.5986345,1,0
2011-02-05 02:00:00,2.4764304,1,0
2011-02-05 03:00:00,2.3716183,1,0
2011-02-05 04:00:00,2.2668066,1,0
2011-02-05 05:00:00,2.3359227,1,0
2011-02-05 06:00:00,2.2246208,1,0
2011-02-05 07:00:00,2.1531577,1,0
2011-02-05 08:00:00,2.1851633,1,0
2011-02-05 09:00:00,2.262848,1,0
2011-02-05 10:00:00,2.269414,1,0
2011-02-05 11:00:00,2.1717286,1,0
2011-02-05 12:00:00,2.0818875,1,0
2011-02-05 13:00:00,2.2299511,1,0
2011-02-05 14:00:00,2.2294228,1,0
2011-02-05 15:00:00,2.181246,1,0
2011-02-05 16:00:00,2.1501675,1,0
2011-02-05 17:00:00,1.9878685,1,0
2011-02-05 18:00:00,1.7072825,1,0
2011-02-05 19:00:00,1.4683431,1,0
2011-02-05 20:00:00,1.1856077,1,0
2011-02-05 21:00:00,0.9383343,1,0
2011-02-05 22:00:00,0.72900414,1,0
2011-02-05 23:00:00,0.5476315,1,0
2011-02-06 00:00:00,0.40377578,1,0
2011-02-06 01:00:00,0.2443482,1,0
2011-02-06 02:00:00,0.10856417,1,0
2011-02-06 03:00:00,0.045195147,1,0
2011-02-06 04:00:00,-0.03837693,1,0
2011-02-06 05:00:00,-0.13263111,1,0
2011-02-06 06:00:00,-0.19204293,1,0
2011-02-06 07:00:00,-0.1989375,1,0
2011-02-06 08:00:00,-0.11945003,1,0
2011-02-06 09:00:00,-0.021790063,1,0
2011-02-06 10:00:00,0.20361733,1,0
2011-02-06 11:00:00,0.48002732,1,0
2011-02-06 12:00:00,0.7794435,1,0
2011-02-06 13:00:00,1.0195552,1,0
2011-02-06 14:00:00,1.1483495,1,0
2011-02-06 15:00:00,1.1848658,1,0
2011-02-06 16:00:00,1.1481248,1,0
2011-02-06 17:00:00,1.1659377,1,0
2011-02-06 18:00:00,1.0511627,1,0
2011-02-06 19:00:00,0.88022125,1,0
2011-02-06 20:00:00,0.7099335,1,0
2011-02-06 21:00:00,0.58907545,1,0
2011-02-06 22:00:00,0.5115233,1,0
2011-02-06 23:00:00,0.45197418,1,0
2011-02-07 00:00:00,0.37703678,0,0
2011-02-07 01:00:00,0.2282915,0,0
2011-02-07 02:00:00,0.04784688,0,0
2011-02-07 03:00:00,-0.083904415,0,0
2011-02-07 04:00:00,-0.1888765,0,0
2011-02-07 05:00:00,-0.28734216,0,0
2011-02-07 06:00:00,-0.37509465,0,0
2011-02-07 07:00:00,-0.37648112,0,0
2011-02-07 08:00:00,-0.1634223,0,0
2011-02-07 09:00:00,0.16443127,0,0
2011-02-07 10:00:00,0.5168691,0,0
2011-02-07 11:00:00,0.80701673,0,0
2011-02-07 12:00:00,1.1336274,0,0
2011-02-07 13:00:00,1.427219,0,0
2011-02-07 14:00:00,1.6481372,0,0
2011-02-07 15:00:00,1.7653203,0,0
2011-02-07 16:00:00,1.7577387,0,0
2011-02-07 17:00:00,1.7702519,0,0
2011-02-07 18:00:00,1.5812663,0,0
2011-02-07 19:00:00,1.3033273,0,0
2011-02-07 20:00:00,1.0191284,0,0
2011-02-07 21:00:00,0.8697798,0,0
2011-02-07 22:00:00,0.77768874,0,0
2011-02-07 23:00:00,0.7003867,0,0
2011-02-08 00:00:00,0.6432409,0,0
2011-02-08 01:00:00,0.5773737,0,0
2011-02-08 02:00:00,0.4873076,0,0
2011-02-08 03:00:00,0.36758536,0,0
2011-02-08 04:00:00,0.25444707,0,0
2011-02-08 05:00:00,0.15466557,0,0
2011-02-08 06:00:00,0.07276561,0,0
2011-02-08 07:00:00,0.07080738,0,0
2011-02-08 08:00:00,0.31173378,0,0
2011-02-08 09:00:00,0.7041967,0,0
2011-02-08 10:00:00,1.1535581,0,0
2011-02-08 11:00:00,1.577519,0,0
2011-02-08 12:00:00,1.970227,0,0
2011-02-08 13:00:00,2.2985997,0,0
2011-02-08 14:00:00,2.5448217,0,0
2011-02-08 15:00:00,2.6845558,0,0
2011-02-08 16:00:00,2.722852,0,0
2011-02-08 17:00:00,2.6678865,0,0
2011-02-08 18:00:00,2.5517383,0,0
2011-02-08 19:00:00,2.2771022,0,0
2011-02-08 20:00:00,1.8904014,0,0
2011-02-08 21:00:00,1.5896205,0,0
2011-02-08 22:00:00,1.4007118,0,0
2011-02-08 23:00:00,1.2624377,0,0
2011-02-09 00:00:00,1.1705741,0,0
2011-02-09 01:00:00,1.0978563,0,0
2011-02-09 02:00:00,1.0251508,0,0
2011-02-09 03:00:00,0.9176807,0,0
2011-02-09 04:00:00,0.8050198,0,0
2011-02-09 05:00:00,0.6988921,0,0
2011-02-09 06:00:00,0.6281908,0,0
2011-02-09 07:00:00,0.6415935,0,0
2011-02-09 08:00:00,0.9396125,0,0
2011-02-09 09:00:00,1.306772,0,0
2011-02-09 10:00:00,1.728254,0,0
2011-02-09 11:00:00,2.1737988,0,0
2011-02-09 12:00:00,2.5433183,0,0
2011-02-09 13:00:00,2.8537872,0,0
2011-02-09 14:00:00,3.1400092,0,0
2011-02-09 15:00:00,3.2213476,0,0
2011-02-09 16:00:00,3.2652729,0,0
2011-02-09 17:00:00,3.3474605,0,0
2011-02-09 18:00:00,3.2551892,0,0
2011-02-09 19:00:00,3.0661933,0,0
2011-02-09 20:00:00,2.7526305,0,0
2011-02-09 21:00:00,2.543723,0,0
2011-02-09 22:00:00,2.3649583,0,0
2011-02-09 23:00:00,2.2120957,0,0
2011-02-10 00:00:00,2.1189015,0,0
2011-02-10 01:00:00,2.0810428,0,0
2011-02-10 02:00:00,2.075828,0,0
2011-02-10 03:00:00,2.0907261,0,0
2011-02-10 04:00:00,2.1289504,0,0
2011-02-10 05:00:00,2.2160237,0,0
2011-02-10 06:00:00,2.2478485,0,0
2011-02-10 07:00:00,2.2939293,0,0
2011-02-10 08:00:00,2.6024587,0,0
2011-02-10 09:00:00,3.050805,0,0
2011-02-10 10:00:00,3.4257185,0,0
2011-02-10 11:00:00,3.8140905,0,0
2011-02-10 12:00:00,4.1082826,0,0
2011-02-10 13:00:00,4.321334,0,0
2011-02-10 14:00:00,4.4815197,0,0
2011-02-10 15:00:00,4.556995,0,0
2011-02-10 16:00:00,4.4108973,0,0
2011-02-10 17:00:00,4.2847686,0,0
2011-02-10 18:00:00,4.091637,0,0
2011-02-10 19:00:00,3.9597144,0,0
2011-02-10 20:00:00,3.8120468,0,0
2011-02-10 21:00:00,3.6540236,0,0
2011-02-10 22:00:00,3.5602314,0,0
2011-02-10 23:00:00,3.420893,0,0
2011-02-11 00:00:00,3.2952442,0,0
2011-02-11 01:00:00,3.2906356,0,0
2011-02-11 02:00:00,3.2021575,0,0
2011-02-11 03:00:00,3.08282,0,0
2011-02-11 04:00:00,2.957292,0,0
2011-02-11 05:00:00,2.8894107,0,0
2011-02-11 06:00:00,2.8749232,0,0
2011-02-11 07:00:00,2.918621,0,0
2011-02-11 08:00:00,3.0548086,0,0
2011-02-11 09:00:00,3.180692,0,0
2011-02-11 10:00:00,3.3025794,0,0
2011-02-11 11:00:00,3.2450032,0,0
2011-02-11 12:00:00,3.2848341,0,0
2011-02-11 13:00:00,3.390879,0,0
2011-02-11 14:00:00,3.386393,0,0
2011-02-11 15:00:00,3.4996736,0,0
2011-02-11 16:00:00,3.3590217,0,0
2011-02-11 17:00:00,2.76963,0,0
2011-02-11 18:00:00,2.435701,0,0
2011-02-11 19:00:00,2.1501787,0,0
2011-02-11 20:00:00,1.9012454,0,0
2011-02-11 21:00:00,1.7225382,0,0
2011-02-11 22:00:00,1.5599242,0,0
2011-02-11 23:00:00,1.4385298,0,0
2011-02-12 00:00:00,1.3299206,1,0
2011-02-12 01:00:00,1.2514061,1,0
2011-02-12 02:00:00,1.1406593,1,0
2011-02-12 03:00:00,1.0539008,1,0
2011-02-12 04:00:00,0.97613025,1,0
2011-02-12 05:00:00,0.8687034,1,0
2011-02-12 06:00:00,0.8005701,1,0
2011-02-12 07:00:00,0.7588287,1,0
2011-02-12 08:00:00,0.8092707,1,0
2011-02-12 09:00:00,0.9672143,1,0
2011-02-12 10:00:00,1.1817895,1,0
2011-02-12 11:00:00,1.4011414,1,0
2011-02-12 12:00:00,1.5449382,1,0
2011-02-12 13:00:00,1.5440345,1,0
2011-02-12 14:00:00,1.5892869,1,0
2011-02-12 15:00:00,1.5475582,1,0
2011-02-12 16:00:00,1.4761616,1,0
2011-02-12 17:00:00,1.5476273,1,0
2011-02-12 18:00:00,1.351526,1,0
2011-02-12 19:00:00,1.0836985,1,0
2011-02-12 20:00:00,0.78431976,1,0
2011-02-12 21:00:00,0.555245,1,0
2011-02-12 22:00:00,0.40646067,1,0
2011-02-12 23:00:00,0.32296637,1,0
2011-02-13 00:00:00,0.26377752,1,0
2011-02-13 01:00:00,0.2147472,1,0
2011-02-13 02:00:00,0.17305683,1,0
2011-02-13 03:00:00,0.10261392,1,0
2011-02-13 04:00:00,0.020885983,1,0
2011-02-13 05:00:00,-0.08291562,1,0
2011-02-13 06:00:00,-0.19225676,1,0
2011-02-13 07:00:00,-0.2705049,1,0
2011-02-13 08:00:00,-0.18190046,1,0
2011-02-13 09:00:00,0.08137844,1,0
2011-02-13 10:00:00,0.45700487,1,0
2011-02-13 11:00:00,0.8842177,1,0
2011-02-13 12:00:00,1.2908137,1,0
2011-02-13 13:00:00,1.6490537,1,0
2011-02-13 14:00:00,1.9198229,1,0
2011-02-13 15:00:00,2.0777872,1,0
2011-02-13 16:00:00,2.1142125,1,0
2011-02-13 17:00:00,2.0942826,1,0
2011-02-13 18:00:00,1.905164,1,0
2011-02-13 19:00:00,1.5870544,1,0
2011-02-13 20:00:00,1.1973436,1,0
2011-02-13 21:00:00,0.9484178,1,0
2011-02-13 22:00:00,0.80617434,1,0
2011-02-13 23:00:00,0.71579856,1,0
2011-02-14 00:00:00,0.6542061,0,0
2011-02-14 01:00:00,0.6449585,0,0
2011-02-14 02:00:00,0.63192606,0,0
2011-02-14 03:00:00,0.58141994,0,0
2011-02-14 04:00:00,0.4954173,0,0
2011-02-14 05:00:00,0.4341978,0,0
2011-02-14 06:00:00,0.3451418,0,0
2011-02-14 07:00:00,0.32504788,0,0
2011-02-14 08:00:00,0.5199469,0,0
2011-02-14 09:00:00,0.8775856,0,0
2011-02-14 10:00:00,1.2829745,0,0
2011-02-14 11:00:00,1.7149907,0,0
2011-02-14 12:00:00,2.0482922,0,0
2011-02-14 13:00:00,2.3377666,0,0
2011-02-14 14:00:00,2.5622277,0,0
2011-02-14 15:00:00,2.7027833,0,0
2011-02-14 16:00:00,2.7739732,0,0
2011-02-14 17:00:00,2.7541888,0,0
2011-02-14 18:00:00,2.6255054,0,0
2011-02-14 19:00:00,2.4360018,0,0
2011-02-14 20:00:00,2.1230702,0,0
2011-02-14 21:00:00,1.8566872,0,0
2011-02-14 22:00:00,1.6621271,0,0
2011-02-14 23:00:00,1.5022029,0,0
2011-02-15 00:00:00,1.3902427,0,0
2011-02-15 01:00:00,1.2941211,0,0
2011-02-15 02:00:00,1.2126039,0,0
2011-02-15 03:00:00,1.1543314,0,0
2011-02-15 04:00:00,1.117483,0,0
2011-02-15 05:00:00,1.081061,0,0
2011-02-15 06:00:00,1.0853547,0,0
2011-02-15 07:00:00,1.1541003,0,0
2011-02-15 08:00:00,1.6750692,0,0
2011-02-15 09:00:00,2.3186564,0,0
2011-02-15 10:00:00,2.826561,0,0
2011-02-15 11:00:00,3.2253144,0,0
2011-02-15 12:00:00,3.42638,0,0
2011-02-15 13:00:00,3.648255,0,0
2011-02-15 14:00:00,3.7279663,0,0
2011-02-15 15:00:00,3.718325,0,0
2011-02-15 16:00:00,3.7626107,0,0
2011-02-15 17:00:00,3.6850243,0,0
2011-02-15 18:00:00,3.4775798,0,0
2011-02-15 19:00:00,3.3691735,0,0
2011-02-15 20:00:00,3.231419,0,0
2011-02-15 21:00:00,3.089794,0,0
2011-02-15 22:00:00,2.9741774,0,0
2011-02-15 23:00:00,2.8697293,0,0
2011-02-16 00:00:00,2.7542505,0,0
2011-02-16 01:00:00,2.6508129,0,0
2011-02-16 02:00:00,2.553736,0,0
2011-02-16 03:00:00,2.4700942,0,0
2011-02-16 04:00:00,2.3858025,0,0
2011-02-16 05:00:00,2.2567604,0,0
2011-02-16 06:00:00,2.1590338,0,0
2011-02-16 07:00:00,2.1410773,0,0
2011-02-16 08:00:00,2.4073417,0,0
2011-02-16 09:00:00,2.797774,0,0
2011-02-16 10:00:00,3.1417422,0,0
2011-02-16 11:00:00,3.447318,0,0
2011-02-16 12:00:00,3.6654701,0,0
2011-02-16 13:00:00,3.8910358,0,0
2011-02-16 14:00:00,3.9865959,0,0
2011-02-16 15:00:00,4.0321546,0,0
2011-02-16 16:00:00,3.937537,0,0
2011-02-16 17:00:00,3.82513,0,0
2011-02-16 18:00:00,3.6137834,0,0
2011-02-16 19:00:00,3.412716,0,0
2011-02-16 20:00:00,3.1528327,0,0
2011-02-16 21:00:00,2.9923158,0,0
2011-02-16 22:00:00,2.8490744,0,0
2011-02-16 23:00:00,2.7244232,0,0
2011-02-17 00:00:00,2.5984733,0,0
2011-02-17 01:00:00,2.4638839,0,0
2011-02-17 02:00:00,2.3419852,0,0
2011-02-17 03:00:00,2.2318106,0,0
2011-02-17 04:00:00,2.1618576,0,0
2011-02-17 05:00:00,2.068088,0,0
2011-02-17 06:00:00,2.0021863,0,0
2011-02-17 07:00:00,1.9965255,0,0
2011-02-17 08:00:00,2.168619,0,0
2011-02-17 09:00:00,2.466566,0,0
2011-02-17 10:00:00,2.7051709,0,0
2011-02-17 11:00:00,2.9023004,0,0
2011-02-17 12:00:00,3.1647017,0,0
2011-02-17 13:00:00,3.3375194,0,0
2011-02-17 14:00:00,3.4285693,0,0
2011-02-17 15:00:00,3.4788165,0,0
2011-02-17 16:00:00,3.4882152,0,0
2011-02-17 17:00:00,3.4309225,0,0
2011-02-17 18:00:00,3.2883024,0,0
2011-02-17 19:00:00,3.0692906,0,0
2011-02-17 20:00:00,2.812172,0,0
2011-02-17 21:00:00,2.5928798,0,0
2011-02-17 22:00:00,2.433511,0,0
2011-02-17 23:00:00,2.3209794,0,0
2011-02-18 00:00:00,2.2491775,0,0
2011-02-18 01:00:00,2.2212226,0,0
2011-02-18 02:00:00,2.205309,0,0
2011-02-18 03:00:00,2.1934466,0,0
2011-02-18 04:00:00,2.1999555,0,0
2011-02-18 05:00:00,2.1946893,0,0
2011-02-18 06:00:00,2.1848989,0,0
2011-02-18 07:00:00,2.1920903,0,0
2011-02-18 08:00:00,2.2470694,0,0
2011-02-18 09:00:00,2.3340259,0,0
2011-02-18 10:00:00,2.4324393,0,0
2011-02-18 11:00:00,2.5090148,0,0
2011-02-18 12:00:00,2.5597312,0,0
2011-02-18 13:00:00,2.530979,0,0
2011-02-18 14:00:00,2.572347,0,0
2011-02-18 15:00:00,2.6128764,0,0
2011-02-18 16:00:00,2.6019108,0,0
2011-02-18 17:00:00,2.5986223,0,0
2011-02-18 18:00:00,2.604971,0,0
2011-02-18 19:00:00,2.5645263,0,0
2011-02-18 20:00:00,2.549875,0,0
2011-02-18 21:00:00,2.5168524,0,0
2011-02-18 22:00:00,2.2958949,0,0
2011-02-18 23:00:00,2.0679922,0,0
2011-02-19 00:00:00,1.8654591,1,0
2011-02-19 01:00:00,1.744833,1,0
2011-02-19 02:00:00,1.6673919,1,0
2011-02-19 03:00:00,1.6129287,1,0
2011-02-19 04:00:00,1.558465,1,0
2011-02-19 05:00:00,1.457286,1,0
2011-02-19 06:00:00,1.3793553,1,0
2011-02-19 07:00:00,1.3442612,1,0
2011-02-19 08:00:00,1.4161621,1,0
2011-02-19 09:00:00,1.5290574,1,0
2011-02-19 10:00:00,1.6659696,1,0
2011-02-19 11:00:00,1.8426646,1,0
2011-02-19 12:00:00,1.9558581,1,0
2011-02-19 13:00:00,2.1200035,1,0
2011-02-19 14:00:00,2.2633548,1,0
2011-02-19 15:00:00,2.3389063,1,0
2011-02-19 16:00:00,2.3777664,1,0
2011-02-19 17:00:00,2.271686,1,0
2011-02-19 18:00:00,2.1400402,1,0
2011-02-19 19:00:00,1.9574739,1,0
2011-02-19 20:00:00,1.7656841,1,0
2011-02-19 21:00:00,1.6617016,1,0
2011-02-19 22:00:00,1.4993104,1,0
2011-02-19 23:00:00,1.3275316,1,0
2011-02-20 00:00:00,1.3274323,1,0
2011-02-20 01:00:00,1.3769195,1,0
2011-02-20 02:00:00,1.362459,1,0
2011-02-20 03:00:00,1.3582977,1,0
2011-02-20 04:00:00,1.2952074,1,0
2011-02-20 05:00:00,1.194772,1,0
2011-02-20 06:00:00,1.0802524,1,0
2011-02-20 07:00:00,1.019377,1,0
2011-02-20 08:00:00,1.074407,1,0
2011-02-20 09:00:00,1.2071366,1,0
2011-02-20 10:00:00,1.3882662,1,0
2011-02-20 11:00:00,1.347768,1,0
2011-02-20 12:00:00,1.3399092,1,0
2011-02-20 13:00:00,1.2883757,1,0
2011-02-20 14:00:00,1.2883608,1,0
2011-02-20 15:00:00,1.2544668,1,0
2011-02-20 16:00:00,1.1639916,1,0
2011-02-20 17:00:00,1.0143087,1,0
2011-02-20 18:00:00,0.8111292,1,0
2011-02-20 19:00:00,0.5426355,1,0
2011-02-20 20:00:00,0.28197843,1,0
2011-02-20 21:00:00,0.10475912,1,0
2011-02-20 22:00:00,-0.018944649,1,0
2011-02-20 23:00:00,-0.10967253,1,0
2011-02-21 00:00:00,-0.18861328,0,0
2011-02-21 01:00:00,-0.22468677,0,0
2011-02-21 02:00:00,-0.2654613,0,0
2011-02-21 03:00:00,-0.32979724,0,0
2011-02-21 04:00:00,-0.38186887,0,0
2011-02-21 05:00:00,-0.3259085,0,0
2011-02-21 06:00:00,-0.32637915,0,0
2011-02-21 07:00:00,-0.30847865,0,0
2011-02-21 08:00:00,-0.20201975,0,0
2011-02-21 09:00:00,-0.023344943,0,0
2011-02-21 10:00:00,0.1796356,0,0
2011-02-21 11:00:00,0.32417652,0,0
2011-02-21 12:00:00,0.6200265,0,0
2011-02-21 13:00:00,0.8251763,0,0
2011-02-21 14:00:00,0.992065,0,0
2011-02-21 15:00:00,1.1023853,0,0
2011-02-21 16:00:00,1.1238415,0,0
2011-02-21 17:00:00,1.0825471,0,0
2011-02-21 18:00:00,0.9563583,0,0
2011-02-21 19:00:00,0.7510372,0,0
2011-02-21 20:00:00,0.53378856,0,0
2011-02-21 21:00:00,0.36133352,0,0
2011-02-21 22:00:00,0.23126885,0,0
2011-02-21 23:00:00,0.15255103,0,0
2011-02-22 00:00:00,0.08983152,0,0
2011-02-22 01:00:00,0.037270233,0,0
2011-02-22 02:00:00,-0.050392345,0,0
2011-02-22 03:00:00,-0.15807332,0,0
2011-02-22 04:00:00,-0.2790949,0,0
2011-02-22 05:00:00,-0.40103215,0,0
2011-02-22 06:00:00,-0.5058322,0,0
2011-02-22 07:00:00,-0.55105346,0,0
2011-02-22 08:00:00,-0.39754644,0,0
2011-02-22 09:00:00,-0.13191934,0,0
2011-02-22 10:00:00,0.15868708,0,0
2011-02-22 11:00:00,0.4710351,0,0
2011-02-22 12:00:00,0.7499934,0,0
2011-02-22 13:00:00,1.0110265,0,0
2011-02-22 14:00:00,1.2303196,0,0
2011-02-22 15:00:00,1.3942015,0,0
2011-02-22 16:00:00,1.4873244,0,0
2011-02-22 17:00:00,1.5336804,0,0
2011-02-22 18:00:00,1.4504732,0,0
2011-02-22 19:00:00,1.2965544,0,0
2011-02-22 20:00:00,1.0397309,0,0
2011-02-22 21:00:00,0.8660278,0,0
2011-02-22 22:00:00,0.76305544,0,0
2011-02-22 23:00:00,0.7050059,0,0
2011-02-23 00:00:00,0.6606575,0,0
2011-02-23 01:00:00,0.6103743,0,0
2011-02-23 02:00:00,0.53828406,0,0
2011-02-23 03:00:00,0.4651955,0,0
2011-02-23 04:00:00,0.3715984,0,0
2011-02-23 05:00:00,0.26301345,0,0
2011-02-23 06:00:00,0.17164804,0,0
2011-02-23 07:00:00,0.14191677,0,0
2011-02-23 08:00:00,0.37650427,0,0
2011-02-23 09:00:00,0.734444,0,0
2011-02-23 10:00:00,1.1751919,0,0
2011-02-23 11:00:00,1.6716243,0,0
2011-02-23 12:00:00,2.073045,0,0
2011-02-23 13:00:00,2.3927817,0,0
2011-02-23 14:00:00,2.6536405,0,0
2011-02-23 15:00:00,2.8266804,0,0
2011-02-23 16:00:00,2.9056997,0,0
2011-02-23 17:00:00,2.8322892,0,0
2011-02-23 18:00:00,2.7208495,0,0
2011-02-23 19:00:00,2.5103579,0,0
2011-02-23 20:00:00,2.1470675,0,0
2011-02-23 21:00:00,1.8636844,0,0
2011-02-23 22:00:00,1.6464133,0,0
2011-02-23 23:00:00,1.4964871,0,0
2011-02-24 00:00:00,1.3792074,0,0
2011-02-24 01:00:00,1.2911065,0,0
2011-02-24 02:00:00,1.2170074,0,0
2011-02-24 03:00:00,1.1657573,0,0
2011-02-24 04:00:00,1.1442415,0,0
2011-02-24 05:00:00,1.0846817,0,0
2011-02-24 06:00:00,1.0648253,0,0
2011-02-24 07:00:00,1.0753037,0,0
2011-02-24 08:00:00,1.4227822,0,0
2011-02-24 09:00:00,1.9046867,0,0
2011-02-24 10:00:00,2.3276718,0,0
2011-02-24 11:00:00,2.6582088,0,0
2011-02-24 12:00:00,2.9429045,0,0
2011-02-24 13:00:00,3.2061322,0,0
2011-02-24 14:00:00,3.3967643,0,0
2011-02-24 15:00:00,3.4970796,0,0
2011-02-24 16:00:00,3.4921083,0,0
2011-02-24 17:00:00,3.3597686,0,0
2011-02-24 18:00:00,3.2335052,0,0
2011-02-24 19:00:00,3.0550613,0,0
2011-02-24 20:00:00,2.7534707,0,0
2011-02-24 21:00:00,2.4811964,0,0
2011-02-24 22:00:00,2.2278447,0,0
2011-02-24 23:00:00,2.0001411,0,0
2011-02-25 00:00:00,1.819592,0,0
2011-02-25 01:00:00,1.7249068,0,0
2011-02-25 02:00:00,1.6688659,0,0
2011-02-25 03:00:00,1.6315441,0,0
2011-02-25 04:00:00,1.6604636,0,0
2011-02-25 05:00:00,1.6261787,0,0
2011-02-25 06:00:00,1.6152327,0,0
2011-02-25 07:00:00,1.6546394,0,0
2011-02-25 08:00:00,1.8545958,0,0
2011-02-25 09:00:00,2.2410748,0,0
2011-02-25 10:00:00,2.5932808,0,0
2011-02-25 11:00:00,2.9097867,0,0
2011-02-25 12:00:00,3.1753,0,0
2011-02-25 13:00:00,3.3233154,0,0
2011-02-25 14:00:00,3.291523,0,0
2011-02-25 15:00:00,3.424028,0,0
2011-02-25 16:00:00,3.4908702,0,0
2011-02-25 17:00:00,3.5799842,0,0
2011-02-25 18:00:00,3.5638902,0,0
2011-02-25 19:00:00,3.449915,0,0
2011-02-25 20:00:00,3.2450876,0,0
2011-02-25 21:00:00,3.0364556,0,0
2011-02-25 22:00:00,2.879025,0,0
2011-02-25 23:00:00,2.7458372,0,0
2011-02-26 00:00:00,2.6298807,1,0
2011-02-26 01:00:00,2.5296686,1,0
2011-02-26 02:00:00,2.4296286,1,0
2011-02-26 03:00:00,2.321771,1,0
2011-02-26 04:00:00,2.2531412,1,0
2011-02-26 05:00:00,2.282562,1,0
2011-02-26 06:00:00,2.2359164,1,0
2011-02-26 07:00:00,2.2290847,1,0
2011-02-26 08:00:00,2.465039,1,0
2011-02-26 09:00:00,2.8266816,1,0
2011-02-26 10:00:00,3.1213806,1,0
2011-02-26 11:00:00,3.3084934,1,0
2011-02-26 12:00:00,3.4962676,1,0
2011-02-26 13:00:00,3.666118,1,0
2011-02-26 14:00:00,3.8659408,1,0
2011-02-26 15:00:00,3.9394221,1,0
2011-02-26 16:00:00,3.9543967,1,0
2011-02-26 17:00:00,3.6880288,1,0
2011-02-26 18:00:00,3.5198374,1,0
2011-02-26 19:00:00,3.320078,1,0
2011-02-26 20:00:00,3.1681657,1,0
2011-02-26 21:00:00,3.0848634,1,0
2011-02-26 22:00:00,3.0619946,1,0
2011-02-26 23:00:00,3.0223367,1,0
2011-02-27 00:00:00,2.9317498,1,0
2011-02-27 01:00:00,2.856352,1,0
2011-02-27 02:00:00,2.7899418,1,0
2011-02-27 03:00:00,2.730464,1,0
2011-02-27 04:00:00,2.6624882,1,0
2011-02-27 05:00:00,2.5900657,1,0
2011-02-27 06:00:00,2.4969628,1,0
2011-02-27 07:00:00,2.3815317,1,0
2011-02-27 08:00:00,2.4618652,1,0
2011-02-27 09:00:00,2.6392722,1,0
2011-02-27 10:00:00,2.9301493,1,0
2011-02-27 11:00:00,3.2215283,1,0
2011-02-27 12:00:00,3.5395389,1,0
2011-02-27 13:00:00,3.7797914,1,0
2011-02-27 14:00:00,3.9341083,1,0
2011-02-27 15:00:00,3.987981,1,0
2011-02-27 16:00:00,3.9480102,1,0
2011-02-27 17:00:00,3.8842335,1,0
2011-02-27 18:00:00,3.6247594,1,0
2011-02-27 19:00:00,3.2189171,1,0
2011-02-27 20:00:00,2.78828,1,0
2011-02-27 21:00:00,2.4684706,1,0
2011-02-27 22:00:00,2.253257,1,0
2011-02-27 23:00:00,2.0955791,1,0
2011-02-28 00:00:00,1.9867035,0,0
2011-02-28 01:00:00,1.8976231,0,0
2011-02-28 02:00:00,1.8321046,0,0
2011-02-28 03:00:00,1.7741804,0,0
2011-02-28 04:00:00,1.706619,0,0
2011-02-28 05:00:00,1.6000183,0,0
2011-02-28 06:00:00,1.528926,0,0
2011-02-28 07:00:00,1.4839591,0,0
2011-02-28 08:00:00,1.6192015,0,0
2011-02-28 09:00:00,1.894448,0,0
2011-02-28 10:00:00,2.2367198,0,0
2011-02-28 11:00:00,2.6080573,0,0
2011-02-28 12:00:00,2.774967,0,0
2011-02-28 13:00:00,2.9256897,0,0
2011-02-28 14:00:00,3.047789,0,0
2011-02-28 15:00:00,3.096471,0,0
2011-02-28 16:00:00,3.033949,0,0
2011-02-28 17:00:00,2.6260655,0,0
2011-02-28 18:00:00,2.318081,0,0
2011-02-28 19:00:00,1.9464505,0,0
2011-02-28 20:00:00,1.6365793,0,0
2011-02-28 21:00:00,1.3790966,0,0
2011-02-28 22:00:00,1.1388459,0,0
2011-02-28 23:00:00,0.95350397,0,0
2011-03-01 00:00:00,0.7919778,0,0
2011-03-01 01:00:00,0.6621163,0,0
2011-03-01 02:00:00,0.5901858,0,0
2011-03-01 03:00:00,0.5408499,0,0
2011-03-01 04:00:00,0.51458615,0,0
2011-03-01 05:00:00,0.5801064,0,0
2011-03-01 06:00:00,0.54708636,0,0
2011-03-01 07:00:00,0.5301277,0,0
2011-03-01 08:00:00,0.54632926,0,0
2011-03-01 09:00:00,0.62949324,0,0
2011-03-01 10:00:00,0.79006356,0,0
2011-03-01 11:00:00,1.0218172,0,0
2011-03-01 12:00:00,1.0624716,0,0
2011-03-01 13:00:00,1.0905643,0,0
2011-03-01 14:00:00,1.1469314,0,0
2011-03-01 15:00:00,1.1075842,0,0
2011-03-01 16:00:00,1.0303717,0,0
2011-03-01 17:00:00,0.8719897,0,0
2011-03-01 18:00:00,0.6507791,0,0
2011-03-01 19:00:00,0.35181797,0,0
2011-03-01 20:00:00,0.0836831,0,0
2011-03-01 21:00:00,-0.08378194,0,0
2011-03-01 22:00:00,-0.21089995,0,0
2011-03-01 23:00:00,-0.30569142,0,0
2011-03-02 00:00:00,-0.38019782,0,0
2011-03-02 01:00:00,-0.4536938,0,0
2011-03-02 02:00:00,-0.541114,0,0
2011-03-02 03:00:00,-0.6360221,0,0
2011-03-02 04:00:00,-0.7643837,0,0
2011-03-02 05:00:00,-0.83408254,0,0
2011-03-02 06:00:00,-0.9554336,0,0
2011-03-02 07:00:00,-1.0353415,0,0
2011-03-02 08:00:00,-0.90736157,0,0
2011-03-02 09:00:00,-0.60229117,0,0
2011-03-02 10:00:00,-0.2812758,0,0
2011-03-02 11:00:00,0.045194138,0,0
2011-03-02 12:00:00,0.37727857,0,0
2011-03-02 13:00:00,0.69397086,0,0
2011-03-02 14:00:00,0.9278972,0,0
2011-03-02 15:00:00,1.0670474,0,0
2011-03-02 16:00:00,1.1074642,0,0
2011-03-02 17:00:00,1.0922866,0,0
2011-03-02 18:00:00,0.94933456,0,0
2011-03-02 19:00:00,0.71350247,0,0
2011-03-02 20:00:00,0.4323958,0,0
2011-03-02 21:00:00,0.21828254,0,0
2011-03-02 22:00:00,0.07993063,0,0
2011-03-02 23:00:00,-0.023625653,0,0
2011-03-03 00:00:00,-0.09411183,0,0
2011-03-03 01:00:00,-0.1504192,0,0
2011-03-03 02:00:00,-0.20416291,0,0
2011-03-03 03:00:00,-0.24306664,0,0
2011-03-03 04:00:00,-0.27486518,0,0
2011-03-03 05:00:00,-0.22094779,0,0
2011-03-03 06:00:00,-0.2093771,0,0
2011-03-03 07:00:00,-0.18981677,0,0
2011-03-03 08:00:00,-0.042138103,0,0
2011-03-03 09:00:00,0.10339336,0,0
2011-03-03 10:00:00,0.2947486,0,0
2011-03-03 11:00:00,0.60213226,0,0
2011-03-03 12:00:00,0.89643323,0,0
2011-03-03 13:00:00,1.1535573,0,0
2011-03-03 14:00:00,1.3732928,0,0
2011-03-03 15:00:00,1.4811269,0,0
2011-03-03 16:00:00,1.4997367,0,0
2011-03-03 17:00:00,1.4456874,0,0
2011-03-03 18:00:00,1.3006413,0,0
2011-03-03 19:00:00,1.0733976,0,0
2011-03-03 20:00:00,0.8145369,0,0
2011-03-03 21:00:00,0.6025729,0,0
2011-03-03 22:00:00,0.4233618,0,0
2011-03-03 23:00:00,0.29073337,0,0
2011-03-04 00:00:00,0.15259664,0,0
2011-03-04 01:00:00,0.046042677,0,0
2011-03-04 02:00:00,-0.055320844,0,0
2011-03-04 03:00:00,-0.14389901,0,0
2011-03-04 04:00:00,-0.22472312,0,0
2011-03-04 05:00:00,-0.29912314,0,0
2011-03-04 06:00:00,-0.37287349,0,0
2011-03-04 07:00:00,-0.41225436,0,0
2011-03-04 08:00:00,-0.24413036,0,0
2011-03-04 09:00:00,-0.013372462,0,0
2011-03-04 10:00:00,0.24375036,0,0
2011-03-04 11:00:00,0.58997244,0,0
2011-03-04 12:00:00,0.92539907,0,0
2011-03-04 13:00:00,1.1925989,0,0
2011-03-04 14:00:00,1.4382489,0,0
2011-03-04 15:00:00,1.5722208,0,0
2011-03-04 16:00:00,1.5715555,0,0
2011-03-04 17:00:00,1.5106555,0,0
2011-03-04 18:00:00,1.3026454,0,0
2011-03-04 19:00:00,0.9889702,0,0
2011-03-04 20:00:00,0.63799787,0,0
2011-03-04 21:00:00,0.42427993,0,0
2011-03-04 22:00:00,0.28963077,0,0
2011-03-04 23:00:00,0.21219982,0,0
2011-03-05 00:00:00,0.1432795,1,0
2011-03-05 01:00:00,0.07693484,1,0
2011-03-05 02:00:00,-0.03702935,1,0
2011-03-05 03:00:00,-0.17659831,1,0
2011-03-05 04:00:00,-0.29252347,1,0
2011-03-05 05:00:00,-0.37581685,1,0
2011-03-05 06:00:00,-0.45086652,1,0
2011-03-05 07:00:00,-0.49914083,1,0
2011-03-05 08:00:00,-0.35906845,1,0
2011-03-05 09:00:00,-0.050639644,1,0
2011-03-05 10:00:00,0.32397658,1,0
2011-03-05 11:00:00,0.69474196,1,0
2011-03-05 12:00:00,1.0309781,1,0
2011-03-05 13:00:00,1.3356127,1,0
2011-03-05 14:00:00,1.5742012,1,0
2011-03-05 15:00:00,1.7439134,1,0
2011-03-05 16:00:00,1.8288985,1,0
2011-03-05 17:00:00,1.8271633,1,0
2011-03-05 18:00:00,1.7008713,1,0
2011-03-05 19:00:00,1.4513462,1,0
2011-03-05 20:00:00,1.0978055,1,0
2011-03-05 21:00:00,0.83934903,1,0
2011-03-05 22:00:00,0.6457051,1,0
2011-03-05 23:00:00,0.48166636,1,0
2011-03-06 00:00:00,0.31804946,1,0
2011-03-06 01:00:00,0.13410868,1,0
2011-03-06 02:00:00,0.020888234,1,0
2011-03-06 03:00:00,-0.054509792,1,0
2011-03-06 04:00:00,-0.10444424,1,0
2011-03-06 05:00:00,-0.21764828,1,0
2011-03-06 06:00:00,-0.23931976,1,0
2011-03-06 07:00:00,-0.21130462,1,0
2011-03-06 08:00:00,0.123471215,1,0
2011-03-06 09:00:00,0.63083935,1,0
2011-03-06 10:00:00,1.1596726,1,0
2011-03-06 11:00:00,1.718586,1,0
2011-03-06 12:00:00,2.2081742,1,0
2011-03-06 13:00:00,2.586074,1,0
2011-03-06 14:00:00,2.8269575,1,0
2011-03-06 15:00:00,3.0417888,1,0
2011-03-06 16:00:00,3.172065,1,0
2011-03-06 17:00:00,2.9811692,1,0
2011-03-06 18:00:00,2.8945782,1,0
2011-03-06 19:00:00,2.7810383,1,0
2011-03-06 20:00:00,2.5077791,1,0
2011-03-06 21:00:00,2.2575517,1,0
2011-03-06 22:00:00,2.088152,1,0
2011-03-06 23:00:00,2.1067877,1,0
2011-03-07 00:00:00,2.1391077,0,0
2011-03-07 01:00:00,2.2916899,0,0
2011-03-07 02:00:00,2.424536,0,0
2011-03-07 03:00:00,2.4368434,0,0
2011-03-07 04:00:00,2.3823268,0,0
2011-03-07 05:00:00,2.3042173,0,0
2011-03-07 06:00:00,2.2567618,0,0
2011-03-07 07:00:00,2.2151468,0,0
2011-03-07 08:00:00,2.3875651,0,0
2011-03-07 09:00:00,2.7040858,0,0
2011-03-07 10:00:00,3.035718,0,0
2011-03-07 11:00:00,3.1746416,0,0
2011-03-07 12:00:00,3.3712854,0,0
2011-03-07 13:00:00,3.4122443,0,0
2011-03-07 14:00:00,3.444469,0,0
2011-03-07 15:00:00,3.5072787,0,0
2011-03-07 16:00:00,3.5139337,0,0
2011-03-07 17:00:00,3.7076852,0,0
2011-03-07 18:00:00,3.5589862,0,0
2011-03-07 19:00:00,3.451572,0,0
2011-03-07 20:00:00,3.341531,0,0
2011-03-07 21:00:00,3.2271075,0,0
2011-03-07 22:00:00,3.1367335,0,0
2011-03-07 23:00:00,3.0661342,0,0
2011-03-08 00:00:00,2.9848526,0,0
2011-03-08 01:00:00,2.9021654,0,0
2011-03-08 02:00:00,2.868137,0,0
2011-03-08 03:00:00,2.7658696,0,0
2011-03-08 04:00:00,2.7582943,0,0
2011-03-08 05:00:00,2.6138525,0,0
2011-03-08 06:00:00,2.5444663,0,0
2011-03-08 07:00:00,2.5435529,0,0
2011-03-08 08:00:00,2.6143537,0,0
2011-03-08 09:00:00,2.738905,0,0
2011-03-08 10:00:00,2.8036232,0,0
2011-03-08 11:00:00,2.8625734,0,0
2011-03-08 12:00:00,3.0984414,0,0
2011-03-08 13:00:00,3.2510607,0,0
2011-03-08 14:00:00,3.20267,0,0
2011-03-08 15:00:00,3.1951513,0,0
2011-03-08 16:00:00,3.1421254,0,0
2011-03-08 17:00:00,2.7064698,0,0
2011-03-08 18:00:00,2.46787,0,0
2011-03-08 19:00:00,2.2576828,0,0
2011-03-08 20:00:00,2.0742238,0,0
2011-03-08 21:00:00,1.8864901,0,0
2011-03-08 22:00:00,1.7182201,0,0
2011-03-08 23:00:00,1.6185164,0,0
2011-03-09 00:00:00,1.5188127,0,0
2011-03-09 01:00:00,1.421673,0,0
2011-03-09 02:00:00,1.3601363,0,0
2011-03-09 03:00:00,1.2665392,0,0
2011-03-09 04:00:00,1.1852376,0,0
2011-03-09 05:00:00,1.1859063,0,0
2011-03-09 06:00:00,1.125113,0,0
2011-03-09 07:00:00,1.0733079,0,0
2011-03-09 08:00:00,1.0400456,0,0
2011-03-09 09:00:00,1.0301217,0,0
2011-03-09 10:00:00,1.1352818,0,0
2011-03-09 11:00:00,1.1897131,0,0
2011-03-09 12:00:00,1.3396991,0,0
2011-03-09 13:00:00,1.4793035,0,0
2011-03-09 14:00:00,1.6015282,0,0
2011-03-09 15:00:00,1.6187965,0,0
2011-03-09 16:00:00,1.5362047,0,0
2011-03-09 17:00:00,1.34031,0,0
2011-03-09 18:00:00,1.1374196,0,0
2011-03-09 19:00:00,0.94219327,0,0
2011-03-09 20:00:00,0.79543734,0,0
2011-03-09 21:00:00,0.67558205,0,0
2011-03-09 22:00:00,0.5915015,0,0
2011-03-09 23:00:00,0.48691243,0,0
2011-03-10 00:00:00,0.4209165,0,0
2011-03-10 01:00:00,0.3516128,0,0
2011-03-10 02:00:00,0.30398792,0,0
2011-03-10 03:00:00,0.28183863,0,0
2011-03-10 04:00:00,0.24320166,0,0
2011-03-10 05:00:00,0.22048065,0,0
2011-03-10 06:00:00,0.21744639,0,0
2011-03-10 07:00:00,0.2123568,0,0
2011-03-10 08:00:00,0.32727087,0,0
2011-03-10 09:00:00,0.47273013,0,0
2011-03-10 10:00:00,0.59207624,0,0
2011-03-10 11:00:00,0.7756996,0,0
2011-03-10 12:00:00,0.9184207,0,0
2011-03-10 13:00:00,1.0929474,0,0
2011-03-10 14:00:00,1.209022,0,0
2011-03-10 15:00:00,1.26185,0,0
2011-03-10 16:00:00,1.1741061,0,0
2011-03-10 17:00:00,1.1065187,0,0
2011-03-10 18:00:00,1.000787,0,0
2011-03-10 19:00:00,0.79326564,0,0
2011-03-10 20:00:00,0.6060293,0,0
2011-03-10 21:00:00,0.5037185,0,0
2011-03-10 22:00:00,0.45688847,0,0
2011-03-10 23:00:00,0.45455483,0,0
2011-03-11 00:00:00,0.4444035,0,0
2011-03-11 01:00:00,0.479175,0,0
2011-03-11 02:00:00,0.46104622,0,0
2011-03-11 03:00:00,0.47628856,0,0
2011-03-11 04:00:00,0.4725104,0,0
2011-03-11 05:00:00,0.42483178,0,0
2011-03-11 06:00:00,0.3732496,0,0
2011-03-11 07:00:00,0.38190788,0,0
2011-03-11 08:00:00,0.5212053,0,0
2011-03-11 09:00:00,0.82745373,0,0
2011-03-11 10:00:00,1.2406049,0,0
2011-03-11 11:00:00,1.7106111,0,0
2011-03-11 12:00:00,1.9721551,0,0
2011-03-11 13:00:00,2.2435758,0,0
2011-03-11 14:00:00,2.395363,0,0
2011-03-11 15:00:00,2.5149844,0,0
2011-03-11 16:00:00,2.5592108,0,0
2011-03-11 17:00:00,2.595269,0,0
2011-03-11 18:00:00,2.5290067,0,0
2011-03-11 19:00:00,2.3822885,0,0
2011-03-11 20:00:00,2.1350036,0,0
2011-03-11 21:00:00,1.9457244,0,0
2011-03-11 22:00:00,1.7806993,0,0
2011-03-11 23:00:00,1.6743805,0,0
2011-03-12 00:00:00,1.5726026,1,0
2011-03-12 01:00:00,1.4969504,1,0
2011-03-12 02:00:00,1.4451139,1,0
2011-03-12 03:00:00,1.4189131,1,0
2011-03-12 04:00:00,1.4283152,1,0
2011-03-12 05:00:00,1.3127364,1,0
2011-03-12 06:00:00,1.3324255,1,0
2011-03-12 07:00:00,1.3797276,1,0
2011-03-12 08:00:00,1.6245759,1,0
2011-03-12 09:00:00,2.0802996,1,0
2011-03-12 10:00:00,2.377785,1,0
2011-03-12 11:00:00,2.5659082,1,0
2011-03-12 12:00:00,2.7529,1,0
2011-03-12 13:00:00,2.972441,1,0
2011-03-12 14:00:00,3.1392887,1,0
2011-03-12 15:00:00,3.1880212,1,0
2011-03-12 16:00:00,3.195961,1,0
2011-03-12 17:00:00,3.1059334,1,0
2011-03-12 18:00:00,2.9416249,1,0
2011-03-12 19:00:00,2.6738784,1,0
2011-03-12 20:00:00,2.3816977,1,0
2011-03-12 21:00:00,2.195949,1,0
2011-03-12 22:00:00,2.1007164,1,0
2011-03-12 23:00:00,2.0065763,1,0
2011-03-13 00:00:00,1.9023211,1,0
2011-03-13 01:00:00,1.8264068,1,0
2011-03-13 02:00:00,1.7547158,1,0
2011-03-13 03:00:00,1.6742094,1,0
2011-03-13 04:00:00,1.5946187,1,0
2011-03-13 05:00:00,1.5261369,1,0
2011-03-13 06:00:00,1.4584274,1,0
2011-03-13 07:00:00,1.4421188,1,0
2011-03-13 08:00:00,1.8616989,1,0
2011-03-13 09:00:00,2.3160946,1,0
2011-03-13 10:00:00,2.5613298,1,0
2011-03-13 11:00:00,2.6433613,1,0
2011-03-13 12:00:00,2.8283923,1,0
2011-03-13 13:00:00,2.9167106,1,0
2011-03-13 14:00:00,2.8903406,1,0
2011-03-13 15:00:00,2.759629,1,0
2011-03-13 16:00:00,2.4875078,1,0
2011-03-13 17:00:00,2.141484,1,0
2011-03-13 18:00:00,1.843572,1,0
2011-03-13 19:00:00,1.6077366,1,0
2011-03-13 20:00:00,1.4036604,1,0
2011-03-13 21:00:00,1.249952,1,0
2011-03-13 22:00:00,1.1087741,1,0
2011-03-13 23:00:00,1.010464,1,0
2011-03-14 00:00:00,0.92253506,0,1
2011-03-14 01:00:00,0.8304139,0,1
2011-03-14 02:00:00,0.75007945,0,1
2011-03-14 03:00:00,0.6741918,0,1
2011-03-14 04:00:00,0.6068024,0,1
2011-03-14 05:00:00,0.5400747,0,1
2011-03-14 06:00:00,0.48966292,0,1
2011-03-14 07:00:00,0.42581636,0,1
2011-03-14 08:00:00,0.50539386,0,1
2011-03-14 09:00:00,0.82829034,0,1
2011-03-14 10:00:00,1.2510158,0,1
2011-03-14 11:00:00,1.7605188,0,1
2011-03-14 12:00:00,2.132036,0,1
2011-03-14 13:00:00,2.4680133,0,1
2011-03-14 14:00:00,2.7712379,0,1
2011-03-14 15:00:00,2.9712944,0,1
2011-03-14 16:00:00,2.9261675,0,1
2011-03-14 17:00:00,2.9715233,0,1
2011-03-14 18:00:00,2.7810893,0,1
2011-03-14 19:00:00,2.5164905,0,1
2011-03-14 20:00:00,2.2365394,0,1
2011-03-14 21:00:00,2.0108478,0,1
2011-03-14 22:00:00,1.8188758,0,1
2011-03-14 23:00:00,1.6780155,0,1
2011-03-15 00:00:00,1.5971603,0,0
2011-03-15 01:00:00,1.5471947,0,0
2011-03-15 02:00:00,1.5593717,0,0
2011-03-15 03:00:00,1.6087986,0,0
2011-03-15 04:00:00,1.6758534,0,0
2011-03-15 05:00:00,1.6284126,0,0
2011-03-15 06:00:00,1.6518214,0,0
2011-03-15 07:00:00,1.6573485,0,0
2011-03-15 08:00:00,1.8952168,0,0
2011-03-15 09:00:00,2.404497,0,0
2011-03-15 10:00:00,2.791861,0,0
2011-03-15 11:00:00,3.1256342,0,0
2011-03-15 12:00:00,3.3930857,0,0
2011-03-15 13:00:00,3.5492854,0,0
2011-03-15 14:00:00,3.6335702,0,0
2011-03-15 15:00:00,3.533051,0,0
2011-03-15 16:00:00,3.4612267,0,0
2011-03-15 17:00:00,3.1989453,0,0
2011-03-15 18:00:00,2.8294742,0,0
2011-03-15 19:00:00,2.293538,0,0
2011-03-15 20:00:00,1.805914,0,0
2011-03-15 21:00:00,1.5024205,0,0
2011-03-15 22:00:00,1.3168632,0,0
2011-03-15 23:00:00,1.1853106,0,0
2011-03-16 00:00:00,1.0587256,0,0
2011-03-16 01:00:00,0.95381933,0,0
2011-03-16 02:00:00,0.8565073,0,0
2011-03-16 03:00:00,0.76818323,0,0
2011-03-16 04:00:00,0.6850498,0,0
2011-03-16 05:00:00,0.5411162,0,0
2011-03-16 06:00:00,0.4379642,0,0
2011-03-16 07:00:00,0.35269323,0,0
2011-03-16 08:00:00,0.3917438,0,0
2011-03-16 09:00:00,0.62683,0,0
2011-03-16 10:00:00,0.9720443,0,0
2011-03-16 11:00:00,1.2988685,0,0
2011-03-16 12:00:00,1.6156291,0,0
2011-03-16 13:00:00,1.8808516,0,0
2011-03-16 14:00:00,2.0647736,0,0
2011-03-16 15:00:00,2.1344845,0,0
2011-03-16 16:00:00,2.0761547,0,0
2011-03-16 17:00:00,2.06001,0,0
2011-03-16 18:00:00,1.8108231,0,0
2011-03-16 19:00:00,1.4707993,0,0
2011-03-16 20:00:00,1.1800207,0,0
2011-03-16 21:00:00,1.0085207,0,0
2011-03-16 22:00:00,0.90222853,0,0
2011-03-16 23:00:00,0.8248919,0,0
2011-03-17 00:00:00,0.75597155,0,0
2011-03-17 01:00:00,0.6963055,0,0
2011-03-17 02:00:00,0.630055,0,0
2011-03-17 03:00:00,0.54404044,0,0
2011-03-17 04:00:00,0.4623127,0,0
2011-03-17 05:00:00,0.34154102,0,0
2011-03-17 06:00:00,0.2464728,0,0
2011-03-17 07:00:00,0.16104214,0,0
2011-03-17 08:00:00,0.223388,0,0
2011-03-17 09:00:00,0.44377473,0,0
2011-03-17 10:00:00,0.7272175,0,0
2011-03-17 11:00:00,1.0515482,0,0
2011-03-17 12:00:00,1.3169184,0,0
2011-03-17 13:00:00,1.5085827,0,0
2011-03-17 14:00:00,1.5857351,0,0
2011-03-17 15:00:00,1.6099273,0,0
2011-03-17 16:00:00,1.5466489,0,0
2011-03-17 17:00:00,1.6098276,0,0
2011-03-17 18:00:00,1.3999428,0,0
2011-03-17 19:00:00,1.113502,0,0
2011-03-17 20:00:00,0.8543571,0,0
2011-03-17 21:00:00,0.69740397,0,0
2011-03-17 22:00:00,0.5953598,0,0
2011-03-17 23:00:00,0.5300765,0,0
2011-03-18 00:00:00,0.50484294,0,0
2011-03-18 01:00:00,0.490417,0,0
2011-03-18 02:00:00,0.4825874,0,0
2011-03-18 03:00:00,0.45918572,0,0
2011-03-18 04:00:00,0.42945436,0,0
2011-03-18 05:00:00,0.26481685,0,0
2011-03-18 06:00:00,0.19906834,0,0
2011-03-18 07:00:00,0.15080598,0,0
2011-03-18 08:00:00,0.16797452,0,0
2011-03-18 09:00:00,0.23750055,0,0
2011-03-18 10:00:00,0.33891416,0,0
2011-03-18 11:00:00,0.46158007,0,0
2011-03-18 12:00:00,0.6801325,0,0
2011-03-18 13:00:00,0.86626416,0,0
2011-03-18 14:00:00,1.2643884,0,0
2011-03-18 15:00:00,1.4798808,0,0
2011-03-18 16:00:00,1.551971,0,0
2011-03-18 17:00:00,1.6098888,0,0
2011-03-18 18:00:00,1.5032414,0,0
2011-03-18 19:00:00,1.2807827,0,0
2011-03-18 20:00:00,1.0356005,0,0
2011-03-18 21:00:00,0.85448754,0,0
2011-03-18 22:00:00,0.71929526,0,0
2011-03-18 23:00:00,0.6274601,0,0
2011-03-19 00:00:00,0.5431252,1,0
2011-03-19 01:00:00,0.4816392,1,0
2011-03-19 02:00:00,0.4186656,1,0
2011-03-19 03:00:00,0.36040497,1,0
2011-03-19 04:00:00,0.30075094,1,0
2011-03-19 05:00:00,0.2256357,1,0
2011-03-19 06:00:00,0.14884424,1,0
2011-03-19 07:00:00,0.07148101,1,0
2011-03-19 08:00:00,0.14800084,1,0
2011-03-19 09:00:00,0.37559468,1,0
2011-03-19 10:00:00,0.7337349,1,0
2011-03-19 11:00:00,1.1268287,1,0
2011-03-19 12:00:00,1.4611628,1,0
2011-03-19 13:00:00,1.7504017,1,0
2011-03-19 14:00:00,1.9958143,1,0
2011-03-19 15:00:00,2.180582,1,0
2011-03-19 16:00:00,2.2735326,1,0
2011-03-19 17:00:00,2.2503731,1,0
2011-03-19 18:00:00,2.1133509,1,0
2011-03-19 19:00:00,1.8507398,1,0
2011-03-19 20:00:00,1.6053258,1,0
2011-03-19 21:00:00,1.456307,1,0
2011-03-19 22:00:00,1.3415288,1,0
2011-03-19 23:00:00,1.2399621,1,0
2011-03-20 00:00:00,1.1475552,1,0
2011-03-20 01:00:00,1.0979339,1,0
2011-03-20 02:00:00,1.0722228,1,0
2011-03-20 03:00:00,1.034393,1,0
2011-03-20 04:00:00,1.0445389,1,0
2011-03-20 05:00:00,1.0688467,1,0
2011-03-20 06:00:00,1.0328485,1,0
2011-03-20 07:00:00,1.0087197,1,0
2011-03-20 08:00:00,1.1312791,1,0
2011-03-20 09:00:00,1.414933,1,0
2011-03-20 10:00:00,1.7099905,1,0
2011-03-20 11:00:00,1.9338832,1,0
2011-03-20 12:00:00,2.1224864,1,0
2011-03-20 13:00:00,2.3593767,1,0
2011-03-20 14:00:00,2.281408,1,0
2011-03-20 15:00:00,2.227583,1,0
2011-03-20 16:00:00,2.210119,1,0
2011-03-20 17:00:00,2.1686718,1,0
2011-03-20 18:00:00,2.0511844,1,0
2011-03-20 19:00:00,1.9287728,1,0
2011-03-20 20:00:00,1.8552575,1,0
2011-03-20 21:00:00,1.8128043,1,0
2011-03-20 22:00:00,1.7632773,1,0
2011-03-20 23:00:00,1.7324696,1,0
2011-03-21 00:00:00,1.7320626,0,0
2011-03-21 01:00:00,1.7356246,0,0
2011-03-21 02:00:00,1.6996262,0,0
2011-03-21 03:00:00,1.6991366,0,0
2011-03-21 04:00:00,1.6333883,0,0
2011-03-21 05:00:00,1.2963101,0,0
2011-03-21 06:00:00,1.1885979,0,0
2011-03-21 07:00:00,1.1183904,0,0
2011-03-21 08:00:00,1.1576208,0,0
2011-03-21 09:00:00,1.2799404,0,0
2011-03-21 10:00:00,1.5223744,0,0
2011-03-21 11:00:00,1.728154,0,0
2011-03-21 12:00:00,1.9059879,0,0
2011-03-21 13:00:00,1.9252094,0,0
2011-03-21 14:00:00,1.9963614,0,0
2011-03-21 15:00:00,1.9934778,0,0
2011-03-21 16:00:00,1.901464,0,0
2011-03-21 17:00:00,1.6181829,0,0
2011-03-21 18:00:00,1.4363093,0,0
2011-03-21 19:00:00,1.2874116,0,0
2011-03-21 20:00:00,1.1608077,0,0
2011-03-21 21:00:00,1.0613271,0,0
2011-03-21 22:00:00,0.98592913,0,0
2011-03-21 23:00:00,0.90739554,0,0
2011-03-22 00:00:00,0.79797226,0,0
2011-03-22 01:00:00,0.69679314,0,0
2011-03-22 02:00:00,0.6156327,0,0
2011-03-22 03:00:00,0.57386,0,0
2011-03-22 04:00:00,0.54534996,0,0
2011-03-22 05:00:00,0.6967192,0,0
2011-03-22 06:00:00,0.68165594,0,0
2011-03-22 07:00:00,0.62934226,0,0
2011-03-22 08:00:00,0.62435484,0,0
2011-03-22 09:00:00,0.6643846,0,0
2011-03-22 10:00:00,0.76450676,0,0
2011-03-22 11:00:00,0.93617123,0,0
2011-03-22 12:00:00,1.0225657,0,0
2011-03-22 13:00:00,1.094593,0,0
2011-03-22 14:00:00,1.1565608,0,0
2011-03-22 15:00:00,1.1579396,0,0
2011-03-22 16:00:00,1.1635255,0,0
2011-03-22 17:00:00,1.0856391,0,0
2011-03-22 18:00:00,0.9267718,0,0
2011-03-22 19:00:00,0.7671485,0,0
2011-03-22 20:00:00,0.6550286,0,0
2011-03-22 21:00:00,0.5695542,0,0
2011-03-22 22:00:00,0.50287765,0,0
2011-03-22 23:00:00,0.4296168,0,0
2011-03-23 00:00:00,0.36402842,0,0
2011-03-23 01:00:00,0.28740913,0,0
2011-03-23 02:00:00,0.24035127,0,0
2011-03-23 03:00:00,0.17781611,0,0
2011-03-23 04:00:00,0.13844737,0,0
2011-03-23 05:00:00,0.07379144,0,0
2011-03-23 06:00:00,0.07485527,0,0
2011-03-23 07:00:00,0.10304268,0,0
2011-03-23 08:00:00,0.1304205,0,0
2011-03-23 09:00:00,0.1755853,0,0
2011-03-23 10:00:00,0.23788776,0,0
2011-03-23 11:00:00,0.31447515,0,0
2011-03-23 12:00:00,0.3960033,0,0
2011-03-23 13:00:00,0.44232374,0,0
2011-03-23 14:00:00,0.4586395,0,0
2011-03-23 15:00:00,0.47084096,0,0
2011-03-23 16:00:00,0.45525238,0,0
2011-03-23 17:00:00,0.53741336,0,0
2011-03-23 18:00:00,0.5175668,0,0
2011-03-23 19:00:00,0.45716643,0,0
2011-03-23 20:00:00,0.41175404,0,0
2011-03-23 21:00:00,0.34689054,0,0
2011-03-23 22:00:00,0.23630926,0,0
2011-03-23 23:00:00,0.1726981,0,0
2011-03-24 00:00:00,0.15127361,0,0
2011-03-24 01:00:00,0.13595611,0,0
2011-03-24 02:00:00,0.10415049,0,0
2011-03-24 03:00:00,0.094023354,0,0
2011-03-24 04:00:00,0.04284882,0,0
2011-03-24 05:00:00,-0.004924058,0,0
2011-03-24 06:00:00,-0.019592108,0,0
2011-03-24 07:00:00,-0.028325794,0,0
2011-03-24 08:00:00,0.041156802,0,0
2011-03-24 09:00:00,0.100696504,0,0
2011-03-24 10:00:00,0.16998035,0,0
2011-03-24 11:00:00,0.23224139,0,0
2011-03-24 12:00:00,0.26812282,0,0
2011-03-24 13:00:00,0.27112272,0,0
2011-03-24 14:00:00,0.38317725,0,0
2011-03-24 15:00:00,0.34682345,0,0
2011-03-24 16:00:00,0.32892314,0,0
2011-03-24 17:00:00,0.2836639,0,0
2011-03-24 18:00:00,0.1289892,0,0
2011-03-24 19:00:00,0.005140751,0,0
2011-03-24 20:00:00,-0.089180015,0,0
2011-03-24 21:00:00,-0.12784828,0,0
2011-03-24 22:00:00,-0.08782287,0,0
2011-03-24 23:00:00,-0.07061548,0,0
2011-03-25 00:00:00,-0.0052863155,0,0
2011-03-25 01:00:00,0.015068761,0,0
2011-03-25 02:00:00,0.032765836,0,0
2011-03-25 03:00:00,0.07025868,0,0
2011-03-25 04:00:00,0.094411045,0,0
2011-03-25 05:00:00,0.16239364,0,0
2011-03-25 06:00:00,0.17394522,0,0
2011-03-25 07:00:00,0.1518716,0,0
2011-03-25 08:00:00,0.18122223,0,0
2011-03-25 09:00:00,0.15824461,0,0
2011-03-25 10:00:00,0.17979173,0,0
2011-03-25 11:00:00,0.13992831,0,0
2011-03-25 12:00:00,0.22094564,0,0
2011-03-25 13:00:00,0.32171482,0,0
2011-03-25 14:00:00,0.42763165,0,0
2011-03-25 15:00:00,0.48918068,0,0
2011-03-25 16:00:00,0.4287959,0,0
2011-03-25 17:00:00,0.28573152,0,0
2011-03-25 18:00:00,0.08132655,0,0
2011-03-25 19:00:00,-0.11672974,0,0
2011-03-25 20:00:00,-0.23199764,0,0
2011-03-25 21:00:00,-0.31568277,0,0
2011-03-25 22:00:00,-0.39226338,0,0
2011-03-25 23:00:00,-0.42474273,0,0
2011-03-26 00:00:00,-0.4447546,1,0
2011-03-26 01:00:00,-0.4993902,1,0
2011-03-26 02:00:00,-0.5292938,1,0
2011-03-26 03:00:00,-0.55095327,1,0
2011-03-26 04:00:00,-0.6151319,1,0
2011-03-26 05:00:00,-0.671083,1,0
2011-03-26 06:00:00,-0.6950521,1,0
2011-03-26 07:00:00,-0.7458903,1,0
2011-03-26 08:00:00,-0.64581674,1,0
2011-03-26 09:00:00,-0.43927854,1,0
2011-03-26 10:00:00,-0.281754,1,0
2011-03-26 11:00:00,-0.116915666,1,0
2011-03-26 12:00:00,0.0045219297,1,0
2011-03-26 13:00:00,0.14597823,1,0
2011-03-26 14:00:00,0.28395495,1,0
2011-03-26 15:00:00,0.31697497,1,0
2011-03-26 16:00:00,0.30653125,1,0
2011-03-26 17:00:00,0.3893187,1,0
2011-03-26 18:00:00,0.2660108,1,0
2011-03-26 19:00:00,0.1360947,1,0
2011-03-26 20:00:00,0.073967,1,0
2011-03-26 21:00:00,0.047473,1,0
2011-03-26 22:00:00,0.033842016,1,0
2011-03-26 23:00:00,0.03168062,1,0
2011-03-27 00:00:00,-0.0020202918,1,0
2011-03-27 01:00:00,-0.05385668,1,0
2011-03-27 02:00:00,-0.12545767,1,0
2011-03-27 03:00:00,-0.19425936,1,0
2011-03-27 04:00:00,-0.25011632,1,0
2011-03-27 05:00:00,-0.3292993,1,0
2011-03-27 06:00:00,-0.38885924,1,0
2011-03-27 07:00:00,-0.47380036,1,0
2011-03-27 08:00:00,-0.40298742,1,0
2011-03-27 09:00:00,-0.18736744,1,0
2011-03-27 10:00:00,-0.022502396,1,0
2011-03-27 11:00:00,0.20267048,1,0
2011-03-27 12:00:00,0.46178636,1,0
2011-03-27 13:00:00,0.6918524,1,0
2011-03-27 14:00:00,0.88297653,1,0
2011-03-27 15:00:00,0.9992269,1,0
2011-03-27 16:00:00,1.0329311,1,0
2011-03-27 17:00:00,0.9467771,1,0
2011-03-27 18:00:00,0.77923065,1,0
2011-03-27 19:00:00,0.5251774,1,0
2011-03-27 20:00:00,0.30711907,1,0
2011-03-27 21:00:00,0.15338378,1,0
2011-03-27 22:00:00,0.058005854,1,0
2011-03-27 23:00:00,0.008294706,1,0
2011-03-28 00:00:00,-0.048744522,0,0
2011-03-28 01:00:00,-0.122494966,0,0
2011-03-28 02:00:00,-0.19244818,0,0
2011-03-28 03:00:00,-0.26404902,0,0
2011-03-28 04:00:00,-0.3361394,0,0
2011-03-28 05:00:00,-0.46901342,0,0
2011-03-28 06:00:00,-0.5144889,0,0
2011-03-28 07:00:00,-0.5655505,0,0
2011-03-28 08:00:00,-0.43721396,0,0
2011-03-28 09:00:00,0.043706898,0,0
2011-03-28 10:00:00,0.53274643,0,0
2011-03-28 11:00:00,1.0396934,0,0
2011-03-28 12:00:00,1.3912162,0,0
2011-03-28 13:00:00,1.6498988,0,0
2011-03-28 14:00:00,1.7770877,0,0
2011-03-28 15:00:00,1.8657879,0,0
2011-03-28 16:00:00,1.8653413,0,0
2011-03-28 17:00:00,1.8349048,0,0
2011-03-28 18:00:00,1.7499269,0,0
2011-03-28 19:00:00,1.570155,0,0
2011-03-28 20:00:00,1.2893046,0,0
2011-03-28 21:00:00,1.0911481,0,0
2011-03-28 22:00:00,0.97671425,0,0
2011-03-28 23:00:00,0.8696514,0,0
2011-03-29 00:00:00,0.772747,0,0
2011-03-29 01:00:00,0.71885073,0,0
2011-03-29 02:00:00,0.66125196,0,0
2011-03-29 03:00:00,0.6002045,0,0
2011-03-29 04:00:00,0.54039055,0,0
2011-03-29 05:00:00,0.36509377,0,0
2011-03-29 06:00:00,0.23678331,0,0
2011-03-29 07:00:00,0.13211222,0,0
2011-03-29 08:00:00,0.34941268,0,0
2011-03-29 09:00:00,0.9107916,0,0
2011-03-29 10:00:00,1.4051613,0,0
2011-03-29 11:00:00,1.7771455,0,0
2011-03-29 12:00:00,2.0605955,0,0
2011-03-29 13:00:00,2.2497056,0,0
2011-03-29 14:00:00,2.2927868,0,0
2011-03-29 15:00:00,2.3383067,0,0
2011-03-29 16:00:00,2.2875278,0,0
2011-03-29 17:00:00,2.1473913,0,0
2011-03-29 18:00:00,2.021719,0,0
2011-03-29 19:00:00,1.7643578,0,0
2011-03-29 20:00:00,1.5410146,0,0
2011-03-29 21:00:00,1.3482088,0,0
2011-03-29 22:00:00,1.1603705,0,0
2011-03-29 23:00:00,0.9953812,0,0
2011-03-30 00:00:00,0.85502946,0,0
2011-03-30 01:00:00,0.70975363,0,0
2011-03-30 02:00:00,0.5893696,0,0
2011-03-30 03:00:00,0.50186723,0,0
2011-03-30 04:00:00,0.39714518,0,0
2011-03-30 05:00:00,0.28091902,0,0
2011-03-30 06:00:00,0.2104885,0,0
2011-03-30 07:00:00,0.11040178,0,0
2011-03-30 08:00:00,0.14325133,0,0
2011-03-30 09:00:00,0.24584745,0,0
2011-03-30 10:00:00,0.49110135,0,0
2011-03-30 11:00:00,0.804198,0,0
2011-03-30 12:00:00,1.0467237,0,0
2011-03-30 13:00:00,1.1602225,0,0
2011-03-30 14:00:00,1.2286102,0,0
2011-03-30 15:00:00,1.1974983,0,0
2011-03-30 16:00:00,1.0329319,0,0
2011-03-30 17:00:00,0.8088689,0,0
2011-03-30 18:00:00,0.52350396,0,0
2011-03-30 19:00:00,0.22997323,0,0
2011-03-30 20:00:00,-0.012019655,0,0
2011-03-30 21:00:00,-0.17693539,0,0
2011-03-30 22:00:00,-0.33993718,0,0
2011-03-30 23:00:00,-0.48225427,0,0
2011-03-31 00:00:00,-0.5732362,0,0
2011-03-31 01:00:00,-0.64271206,0,0
2011-03-31 02:00:00,-0.68976516,0,0
2011-03-31 03:00:00,-0.7261828,0,0
2011-03-31 04:00:00,-0.77249223,0,0
2011-03-31 05:00:00,-0.89582324,0,0
2011-03-31 06:00:00,-0.9722782,0,0
2011-03-31 07:00:00,-1.041977,0,0
2011-03-31 08:00:00,-0.97165376,0,0
2011-03-31 09:00:00,-0.7513836,0,0
2011-03-31 10:00:00,-0.53143346,0,0
2011-03-31 11:00:00,-0.30836666,0,0
2011-03-31 12:00:00,-0.072812356,0,0
2011-03-31 13:00:00,0.17195286,0,0
2011-03-31 14:00:00,0.3404193,0,0
2011-03-31 15:00:00,0.44118002,0,0
2011-03-31 16:00:00,0.44826913,0,0
2011-03-31 17:00:00,0.47613093,0,0
2011-03-31 18:00:00,0.3237613,0,0
2011-03-31 19:00:00,0.07778012,0,0
2011-03-31 20:00:00,-0.13649327,0,0
2011-03-31 21:00:00,-0.28809115,0,0
2011-03-31 22:00:00,-0.40375423,0,0
2011-03-31 23:00:00,-0.4960788,0,0
2011-04-01 00:00:00,-0.57685184,0,0
2011-04-01 01:00:00,-0.6500306,0,0
2011-04-01 02:00:00,-0.72518647,0,0
2011-04-01 03:00:00,-0.7930021,0,0
2011-04-01 04:00:00,-0.8525742,0,0
2011-04-01 05:00:00,-0.9526731,0,0
2011-04-01 06:00:00,-1.041157,0,0
2011-04-01 07:00:00,-1.1226306,0,0
2011-04-01 08:00:00,-0.9348099,0,0
2011-04-01 09:00:00,-0.34445867,0,0
2011-04-01 10:00:00,-0.021931596,0,0
2011-04-01 11:00:00,0.24204735,0,0
2011-04-01 12:00:00,0.5058105,0,0
2011-04-01 13:00:00,0.69755006,0,0
2011-04-01 14:00:00,0.8146387,0,0
2011-04-01 15:00:00,0.8097929,0,0
2011-04-01 16:00:00,0.7113704,0,0
2011-04-01 17:00:00,0.55910283,0,0
2011-04-01 18:00:00,0.33175454,0,0
2011-04-01 19:00:00,0.094267204,0,0
2011-04-01 20:00:00,-0.064624205,0,0
2011-04-01 21:00:00,-0.14338554,0,0
2011-04-01 22:00:00,-0.1719388,0,0
2011-04-01 23:00:00,-0.21811935,0,0
2011-04-02 00:00:00,-0.23437724,1,0
2011-04-02 01:00:00,-0.1739847,1,0
2011-04-02 02:00:00,-0.1503218,1,0
2011-04-02 03:00:00,-0.20774417,1,0
2011-04-02 04:00:00,-0.27982265,1,0
2011-04-02 05:00:00,-0.37200177,1,0
2011-04-02 06:00:00,-0.50225323,1,0
2011-04-02 07:00:00,-0.63177294,1,0
2011-04-02 08:00:00,-0.6732793,1,0
2011-04-02 09:00:00,-0.5943657,1,0
2011-04-02 10:00:00,-0.40384862,1,0
2011-04-02 11:00:00,-0.20985395,1,0
2011-04-02 12:00:00,0.025794337,1,0
2011-04-02 13:00:00,0.27584457,1,0
2011-04-02 14:00:00,0.42791757,1,0
2011-04-02 15:00:00,0.50040334,1,0
2011-04-02 16:00:00,0.47006977,1,0
2011-04-02 17:00:00,0.40415585,1,0
2011-04-02 18:00:00,0.16715792,1,0
2011-04-02 19:00:00,-0.13452683,1,0
2011-04-02 20:00:00,-0.39561048,1,0
2011-04-02 21:00:00,-0.58363736,1,0
2011-04-02 22:00:00,-0.71775365,1,0
2011-04-02 23:00:00,-0.81344897,1,0
2011-04-03 00:00:00,-0.89265645,1,0
2011-04-03 01:00:00,-0.9590787,1,0
2011-04-03 02:00:00,-1.0343523,1,0
2011-04-03 03:00:00,-1.1110193,1,0
2011-04-03 04:00:00,-1.1554967,1,0
2011-04-03 05:00:00,-1.1993245,1,0
2011-04-03 06:00:00,-1.2363017,1,0
2011-04-03 07:00:00,-1.1666279,1,0
2011-04-03 08:00:00,-0.9385524,1,0
2011-04-03 09:00:00,-0.6950406,1,0
2011-04-03 10:00:00,-0.44955134,1,0
2011-04-03 11:00:00,-0.17638588,1,0
2011-04-03 12:00:00,0.1309456,1,0
2011-04-03 13:00:00,0.35158536,1,0
2011-04-03 14:00:00,0.42883527,1,0
2011-04-03 15:00:00,0.36321628,1,0
2011-04-03 16:00:00,0.30274722,1,0
2011-04-03 17:00:00,0.0738335,1,0
2011-04-03 18:00:00,-0.21655421,1,0
2011-04-03 19:00:00,-0.41369435,1,0
2011-04-03 20:00:00,-0.55401164,1,0
2011-04-03 21:00:00,-0.61750597,1,0
2011-04-03 22:00:00,-0.6621211,1,0
2011-04-03 23:00:00,-0.6715285,1,0
2011-04-04 00:00:00,-0.69576395,0,0
2011-04-04 01:00:00,-0.73788077,0,0
2011-04-04 02:00:00,-0.7859322,0,0
2011-04-04 03:00:00,-0.8245694,0,0
2011-04-04 04:00:00,-0.8593192,0,0
2011-04-04 05:00:00,-0.8891285,0,0
2011-04-04 06:00:00,-0.9109481,0,0
2011-04-04 07:00:00,-0.8570184,0,0
2011-04-04 08:00:00,-0.6122318,0,0
2011-04-04 09:00:00,-0.31319278,0,0
2011-04-04 10:00:00,-0.0062418357,0,0
2011-04-04 11:00:00,0.25997892,0,0
2011-04-04 12:00:00,0.52097774,0,0
2011-04-04 13:00:00,0.7022295,0,0
2011-04-04 14:00:00,0.81172353,0,0
2011-04-04 15:00:00,0.818907,0,0
2011-04-04 16:00:00,0.8330799,0,0
2011-04-04 17:00:00,0.6603596,0,0
2011-04-04 18:00:00,0.38958052,0,0
2011-04-04 19:00:00,0.19136882,0,0
2011-04-04 20:00:00,0.051858522,0,0
2011-04-04 21:00:00,-0.070310675,0,0
2011-04-04 22:00:00,-0.17013979,0,0
2011-04-04 23:00:00,-0.26425743,0,0
2011-04-05 00:00:00,-0.37385282,0,0
2011-04-05 01:00:00,-0.48344803,0,0
2011-04-05 02:00:00,-0.5982342,0,0
2011-04-05 03:00:00,-0.7077351,0,0
2011-04-05 04:00:00,-0.79952675,0,0
2011-04-05 05:00:00,-0.8991361,0,0
2011-04-05 06:00:00,-0.9834278,0,0
2011-04-05 07:00:00,-0.89688295,0,0
2011-04-05 08:00:00,-0.49534395,0,0
2011-04-05 09:00:00,-0.08633002,0,0
2011-04-05 10:00:00,0.32252446,0,0
2011-04-05 11:00:00,0.6450058,0,0
2011-04-05 12:00:00,0.92493707,0,0
2011-04-05 13:00:00,1.1341314,0,0
2011-04-05 14:00:00,1.2489452,0,0
2011-04-05 15:00:00,1.2483145,0,0
2011-04-05 16:00:00,1.1059849,0,0
2011-04-05 17:00:00,0.9416089,0,0
2011-04-05 18:00:00,0.64293367,0,0
2011-04-05 19:00:00,0.3732743,0,0
2011-04-05 20:00:00,0.16742912,0,0
2011-04-05 21:00:00,-0.0033659237,0,0
2011-04-05 22:00:00,-0.13219708,0,0
2011-04-05 23:00:00,-0.24602818,0,0
2011-04-06 00:00:00,-0.3490517,0,0
2011-04-06 01:00:00,-0.44596848,0,0
2011-04-06 02:00:00,-0.5487252,0,0
2011-04-06 03:00:00,-0.65592897,0,0
2011-04-06 04:00:00,-0.81733197,0,0
2011-04-06 05:00:00,-0.9087917,0,0
2011-04-06 06:00:00,-0.9682858,0,0
2011-04-06 07:00:00,-0.78847104,0,0
2011-04-06 08:00:00,-0.18515694,0,0
2011-04-06 09:00:00,0.30912265,0,0
2011-04-06 10:00:00,0.66932005,0,0
2011-04-06 11:00:00,0.9792176,0,0
2011-04-06 12:00:00,1.2351607,0,0
2011-04-06 13:00:00,1.4338138,0,0
2011-04-06 14:00:00,1.5367868,0,0
2011-04-06 15:00:00,1.5579293,0,0
2011-04-06 16:00:00,1.4954329,0,0
2011-04-06 17:00:00,1.3980141,0,0
2011-04-06 18:00:00,1.0952754,0,0
2011-04-06 19:00:00,0.8265827,0,0
2011-04-06 20:00:00,0.5877783,0,0
2011-04-06 21:00:00,0.4025504,0,0
2011-04-06 22:00:00,0.27295873,0,0
2011-04-06 23:00:00,0.1667997,0,0
2011-04-07 00:00:00,0.08157573,0,0
2011-04-07 01:00:00,0.024708629,0,0
2011-04-07 02:00:00,-0.0016640174,0,0
2011-04-07 03:00:00,-0.015186188,0,0
2011-04-07 04:00:00,-0.033903312,0,0
2011-04-07 05:00:00,0.032940138,0,0
2011-04-07 06:00:00,0.06667901,0,0
2011-04-07 07:00:00,0.23004624,0,0
2011-04-07 08:00:00,0.70141995,0,0
2011-04-07 09:00:00,1.1962159,0,0
2011-04-07 10:00:00,1.6216991,0,0
2011-04-07 11:00:00,1.8819438,0,0
2011-04-07 12:00:00,2.0816505,0,0
2011-04-07 13:00:00,2.2002168,0,0
2011-04-07 14:00:00,2.2658105,0,0
2011-04-07 15:00:00,2.2435732,0,0
2011-04-07 16:00:00,2.1469061,0,0
2011-04-07 17:00:00,2.015491,0,0
2011-04-07 18:00:00,1.7271316,0,0
2011-04-07 19:00:00,1.4709023,0,0
2011-04-07 20:00:00,1.273469,0,0
2011-04-07 21:00:00,1.0987244,0,0
2011-04-07 22:00:00,0.9582083,0,0
2011-04-07 23:00:00,0.87693906,0,0
2011-04-08 00:00:00,0.83291996,0,0
2011-04-08 01:00:00,0.787018,0,0
2011-04-08 02:00:00,0.7434256,0,0
2011-04-08 03:00:00,0.7036303,0,0
2011-04-08 04:00:00,0.65014607,0,0
2011-04-08 05:00:00,0.6021068,0,0
2011-04-08 06:00:00,0.5534179,0,0
2011-04-08 07:00:00,0.60988027,0,0
2011-04-08 08:00:00,0.9171613,0,0
2011-04-08 09:00:00,1.3049456,0,0
2011-04-08 10:00:00,1.6572149,0,0
2011-04-08 11:00:00,1.9094412,0,0
2011-04-08 12:00:00,2.0679426,0,0
2011-04-08 13:00:00,2.1986978,0,0
2011-04-08 14:00:00,2.2551973,0,0
2011-04-08 15:00:00,2.239704,0,0
2011-04-08 16:00:00,2.191194,0,0
2011-04-08 17:00:00,2.0186455,0,0
2011-04-08 18:00:00,1.7636843,0,0
2011-04-08 19:00:00,1.5723964,0,0
2011-04-08 20:00:00,1.4472489,0,0
2011-04-08 21:00:00,1.3516289,0,0
2011-04-08 22:00:00,1.272419,0,0
2011-04-08 23:00:00,1.2632468,0,0
2011-04-09 00:00:00,1.2789007,1,0
2011-04-09 01:00:00,1.3083159,1,0
2011-04-09 02:00:00,1.3458802,1,0
2011-04-09 03:00:00,1.2948433,1,0
2011-04-09 04:00:00,1.3419673,1,0
2011-04-09 05:00:00,1.299201,1,0
2011-04-09 06:00:00,1.2483625,1,0
2011-04-09 07:00:00,1.2271928,1,0
2011-04-09 08:00:00,1.2965896,1,0
2011-04-09 09:00:00,1.2941678,1,0
2011-04-09 10:00:00,1.1272007,1,0
2011-04-09 11:00:00,0.8913719,1,0
2011-04-09 12:00:00,0.7948192,1,0
2011-04-09 13:00:00,0.8893658,1,0
2011-04-09 14:00:00,1.0065911,1,0
2011-04-09 15:00:00,1.0300894,1,0
2011-04-09 16:00:00,0.77418023,1,0
2011-04-09 17:00:00,0.53962165,1,0
2011-04-09 18:00:00,0.32184446,1,0
2011-04-09 19:00:00,0.17372184,1,0
2011-04-09 20:00:00,0.07052634,1,0
2011-04-09 21:00:00,-0.009408377,1,0
2011-04-09 22:00:00,-0.15063281,1,0
2011-04-09 23:00:00,-0.26367676,1,0
2011-04-10 00:00:00,-0.38198924,1,0
2011-04-10 01:00:00,-0.43241322,1,0
2011-04-10 02:00:00,-0.5326841,1,0
2011-04-10 03:00:00,-0.6054406,1,0
2011-04-10 04:00:00,-0.73431265,1,0
2011-04-10 05:00:00,-0.8166902,1,0
2011-04-10 06:00:00,-0.8824975,1,0
2011-04-10 07:00:00,-0.8511579,1,0
2011-04-10 08:00:00,-0.7800908,1,0
2011-04-10 09:00:00,-0.63389534,1,0
2011-04-10 10:00:00,-0.39762494,1,0
2011-04-10 11:00:00,-0.32475057,1,0
2011-04-10 12:00:00,-0.3477552,1,0
2011-04-10 13:00:00,-0.32870588,1,0
2011-04-10 14:00:00,-0.43386143,1,0
2011-04-10 15:00:00,-0.55744314,1,0
2011-04-10 16:00:00,-0.49837923,1,0
2011-04-10 17:00:00,-0.6407872,1,0
2011-04-10 18:00:00,-0.72788644,1,0
2011-04-10 19:00:00,-0.76031494,1,0
2011-04-10 20:00:00,-0.785893,1,0
2011-04-10 21:00:00,-0.82356304,1,0
2011-04-10 22:00:00,-0.8587516,1,0
2011-04-10 23:00:00,-0.88595045,1,0
2011-04-11 00:00:00,-0.93077636,0,0
2011-04-11 01:00:00,-0.96966785,0,0
2011-04-11 02:00:00,-0.97444415,0,0
2011-04-11 03:00:00,-0.94978774,0,0
2011-04-11 04:00:00,-0.91582555,0,0
2011-04-11 05:00:00,-0.9147452,0,0
2011-04-11 06:00:00,-0.9233966,0,0
2011-04-11 07:00:00,-0.86701214,0,0
2011-04-11 08:00:00,-0.7332887,0,0
2011-04-11 09:00:00,-0.577608,0,0
2011-04-11 10:00:00,-0.4378194,0,0
2011-04-11 11:00:00,-0.3133916,0,0
2011-04-11 12:00:00,-0.18114613,0,0
2011-04-11 13:00:00,-0.08247522,0,0
2011-04-11 14:00:00,-0.0034399573,0,0
2011-04-11 15:00:00,-0.030938968,0,0
2011-04-11 16:00:00,-0.16592695,0,0
2011-04-11 17:00:00,-0.27869335,0,0
2011-04-11 18:00:00,-0.406523,0,0
2011-04-11 19:00:00,-0.48553857,0,0
2011-04-11 20:00:00,-0.5261209,0,0
2011-04-11 21:00:00,-0.5828429,0,0
2011-04-11 22:00:00,-0.62950075,0,0
2011-04-11 23:00:00,-0.67566913,0,0
2011-04-12 00:00:00,-0.7498459,0,0
2011-04-12 01:00:00,-0.7816637,0,0
2011-04-12 02:00:00,-0.8407459,0,0
2011-04-12 03:00:00,-0.85795873,0,0
2011-04-12 04:00:00,-0.8835097,0,0
2011-04-12 05:00:00,-0.90211594,0,0
2011-04-12 06:00:00,-0.9194889,0,0
2011-04-12 07:00:00,-0.85690343,0,0
2011-04-12 08:00:00,-0.51750684,0,0
2011-04-12 09:00:00,-0.31115156,0,0
2011-04-12 10:00:00,-0.15808786,0,0
2011-04-12 11:00:00,-0.019801859,0,0
2011-04-12 12:00:00,0.069149666,0,0
2011-04-12 13:00:00,0.14770754,0,0
2011-04-12 14:00:00,0.12624529,0,0
2011-04-12 15:00:00,0.1374412,0,0
2011-04-12 16:00:00,0.18477106,0,0
2011-04-12 17:00:00,0.06942432,0,0
2011-04-12 18:00:00,-0.08144291,0,0
2011-04-12 19:00:00,-0.22261281,0,0
2011-04-12 20:00:00,-0.39597166,0,0
2011-04-12 21:00:00,-0.5869575,0,0
2011-04-12 22:00:00,-0.6981961,0,0
2011-04-12 23:00:00,-0.85511816,0,0
2011-04-13 00:00:00,-0.9880862,0,0
2011-04-13 01:00:00,-1.0769191,0,0
2011-04-13 02:00:00,-1.1445627,0,0
2011-04-13 03:00:00,-1.1222156,0,0
2011-04-13 04:00:00,-1.1419611,0,0
2011-04-13 05:00:00,-1.1158165,0,0
2011-04-13 06:00:00,-1.090576,0,0
2011-04-13 07:00:00,-1.0176258,0,0
2011-04-13 08:00:00,-0.6685816,0,0
2011-04-13 09:00:00,-0.25188944,0,0
2011-04-13 10:00:00,-0.07951235,0,0
2011-04-13 11:00:00,0.15725283,0,0
2011-04-13 12:00:00,0.4250366,0,0
2011-04-13 13:00:00,0.57420146,0,0
2011-04-13 14:00:00,0.61402875,0,0
2011-04-13 15:00:00,0.51597726,0,0
2011-04-13 16:00:00,0.5231707,0,0
2011-04-13 17:00:00,0.40236706,0,0
2011-04-13 18:00:00,0.27494454,0,0
2011-04-13 19:00:00,0.15547755,0,0
2011-04-13 20:00:00,0.040315952,0,0
2011-04-13 21:00:00,-0.025635725,0,0
2011-04-13 22:00:00,-0.10236391,0,0
2011-04-13 23:00:00,-0.2139513,0,0
2011-04-14 00:00:00,-0.30791137,0,0
2011-04-14 01:00:00,-0.39476684,0,0
2011-04-14 02:00:00,-0.45698458,0,0
2011-04-14 03:00:00,-0.52858555,0,0
2011-04-14 04:00:00,-0.53920203,0,0
2011-04-14 05:00:00,-0.62134427,0,0
2011-04-14 06:00:00,-0.6945927,0,0
2011-04-14 07:00:00,-0.6925187,0,0
2011-04-14 08:00:00,-0.45486557,0,0
2011-04-14 09:00:00,-0.14200863,0,0
2011-04-14 10:00:00,0.1547719,0,0
2011-04-14 11:00:00,0.4069307,0,0
2011-04-14 12:00:00,0.66856706,0,0
2011-04-14 13:00:00,0.8701036,0,0
2011-04-14 14:00:00,1.0129226,0,0
2011-04-14 15:00:00,1.0609937,0,0
2011-04-14 16:00:00,0.9576901,0,0
2011-04-14 17:00:00,0.7657439,0,0
2011-04-14 18:00:00,0.5045469,0,0
2011-04-14 19:00:00,0.31354207,0,0
2011-04-14 20:00:00,0.16326758,0,0
2011-04-14 21:00:00,0.017788371,0,0
2011-04-14 22:00:00,-0.086565204,0,0
2011-04-14 23:00:00,-0.1576887,0,0
2011-04-15 00:00:00,-0.21118501,0,0
2011-04-15 01:00:00,-0.2635111,0,0
2011-04-15 02:00:00,-0.3358558,0,0
2011-04-15 03:00:00,-0.40959415,0,0
2011-04-15 04:00:00,-0.46579948,0,0
2011-04-15 05:00:00,-0.5126685,0,0
2011-04-15 06:00:00,-0.5804721,0,0
2011-04-15 07:00:00,-0.5649634,0,0
2011-04-15 08:00:00,-0.2197552,0,0
2011-04-15 09:00:00,0.17136092,0,0
2011-04-15 10:00:00,0.5683968,0,0
2011-04-15 11:00:00,0.86142117,0,0
2011-04-15 12:00:00,1.0733291,0,0
2011-04-15 13:00:00,1.2373776,0,0
2011-04-15 14:00:00,1.2385952,0,0
2011-04-15 15:00:00,1.1522362,0,0
2011-04-15 16:00:00,1.079566,0,0
2011-04-15 17:00:00,0.8855934,0,0
2011-04-15 18:00:00,0.62745416,0,0
2011-04-15 19:00:00,0.42754364,0,0
2011-04-15 20:00:00,0.26356795,0,0
2011-04-15 21:00:00,0.17189285,0,0
2011-04-15 22:00:00,0.109886155,0,0
2011-04-15 23:00:00,0.045346867,0,0
2011-04-16 00:00:00,-0.042264562,1,0
2011-04-16 01:00:00,-0.09625037,1,0
2011-04-16 02:00:00,-0.15870348,1,0
2011-04-16 03:00:00,-0.2571736,1,0
2011-04-16 04:00:00,-0.40457463,1,0
2011-04-16 05:00:00,-0.50418407,1,0
2011-04-16 06:00:00,-0.5854222,1,0
2011-04-16 07:00:00,-0.5515236,1,0
2011-04-16 08:00:00,-0.10975252,1,0
2011-04-16 09:00:00,0.23823814,1,0
2011-04-16 10:00:00,0.41217533,1,0
2011-04-16 11:00:00,0.5710254,1,0
2011-04-16 12:00:00,0.7107174,1,0
2011-04-16 13:00:00,0.79208636,1,0
2011-04-16 14:00:00,0.8091857,1,0
2011-04-16 15:00:00,0.7529811,1,0
2011-04-16 16:00:00,0.6778295,1,0
2011-04-16 17:00:00,0.47329113,1,0
2011-04-16 18:00:00,0.21422394,1,0
2011-04-16 19:00:00,0.03776849,1,0
2011-04-16 20:00:00,-0.08409569,1,0
2011-04-16 21:00:00,-0.16613325,1,0
2011-04-16 22:00:00,-0.25614828,1,0
2011-04-16 23:00:00,-0.35323718,1,0
2011-04-17 00:00:00,-0.46161115,1,0
2011-04-17 01:00:00,-0.5546364,1,0
2011-04-17 02:00:00,-0.66248953,1,0
2011-04-17 03:00:00,-0.76209897,1,0
2011-04-17 04:00:00,-0.87653637,1,0
2011-04-17 05:00:00,-0.95965755,1,0
2011-04-17 06:00:00,-1.0337912,1,0
2011-04-17 07:00:00,-1.0147203,1,0
2011-04-17 08:00:00,-0.63946867,1,0
2011-04-17 09:00:00,-0.16586348,1,0
2011-04-17 10:00:00,0.14776568,1,0
2011-04-17 11:00:00,0.37931368,1,0
2011-04-17 12:00:00,0.6014741,1,0
2011-04-17 13:00:00,0.7779589,1,0
2011-04-17 14:00:00,0.85661453,1,0
2011-04-17 15:00:00,0.8339101,1,0
2011-04-17 16:00:00,0.83280414,1,0
2011-04-17 17:00:00,0.6859648,1,0
2011-04-17 18:00:00,0.43674168,1,0
2011-04-17 19:00:00,0.21618515,1,0
2011-04-17 20:00:00,0.016274765,1,0
2011-04-17 21:00:00,-0.16637295,1,0
2011-04-17 22:00:00,-0.30189908,1,0
2011-04-17 23:00:00,-0.43377325,1,0
2011-04-18 00:00:00,-0.5379281,0,0
2011-04-18 01:00:00,-0.59880346,0,0
2011-04-18 02:00:00,-0.666435,0,0
2011-04-18 03:00:00,-0.7334169,0,0
2011-04-18 04:00:00,-0.8313665,0,0
2011-04-18 05:00:00,-0.87024575,0,0
2011-04-18 06:00:00,-0.8895959,0,0
2011-04-18 07:00:00,-0.8194447,0,0
2011-04-18 08:00:00,-0.42084223,0,0
2011-04-18 09:00:00,0.0016839167,0,0
2011-04-18 10:00:00,0.38694555,0,0
2011-04-18 11:00:00,0.65680337,0,0
2011-04-18 12:00:00,0.843129,0,0
2011-04-18 13:00:00,0.9228383,0,0
2011-04-18 14:00:00,0.93051124,0,0
2011-04-18 15:00:00,0.88320035,0,0
2011-04-18 16:00:00,0.8487744,0,0
2011-04-18 17:00:00,0.7113393,0,0
2011-04-18 18:00:00,0.60834354,0,0
2011-04-18 19:00:00,0.41016012,0,0
2011-04-18 20:00:00,0.29543695,0,0
2011-04-18 21:00:00,0.14516672,0,0
2011-04-18 22:00:00,0.010767465,0,0
2011-04-18 23:00:00,-0.076110646,0,0
2011-04-19 00:00:00,-0.10684795,0,0
2011-04-19 01:00:00,-0.098662935,0,0
2011-04-19 02:00:00,-0.22146027,0,0
2011-04-19 03:00:00,-0.3343977,0,0
2011-04-19 04:00:00,-0.3026795,0,0
2011-04-19 05:00:00,-0.342981,0,0
2011-04-19 06:00:00,-0.35278222,0,0
2011-04-19 07:00:00,-0.37759516,0,0
2011-04-19 08:00:00,0.20860854,0,0
2011-04-19 09:00:00,0.46364072,0,0
2011-04-19 10:00:00,0.6294503,0,0
2011-04-19 11:00:00,0.8329611,0,0
2011-04-19 12:00:00,0.8650653,0,0
2011-04-19 13:00:00,0.9863308,0,0
2011-04-19 14:00:00,1.0173734,0,0
2011-04-19 15:00:00,1.085107,0,0
2011-04-19 16:00:00,1.1952755,0,0
2011-04-19 17:00:00,1.0888734,0,0
2011-04-19 18:00:00,0.8845852,0,0
2011-04-19 19:00:00,0.6351452,0,0
2011-04-19 20:00:00,0.45959988,0,0
2011-04-19 21:00:00,0.35746118,0,0
2011-04-19 22:00:00,0.33526003,0,0
2011-04-19 23:00:00,0.33296093,0,0
2011-04-20 00:00:00,0.29424945,0,0
2011-04-20 01:00:00,0.2440805,0,0
2011-04-20 02:00:00,0.30763298,0,0
2011-04-20 03:00:00,0.4744329,0,0
2011-04-20 04:00:00,0.3426667,0,0
2011-04-20 05:00:00,0.27326632,0,0
2011-04-20 06:00:00,0.2270202,0,0
2011-04-20 07:00:00,0.22254917,0,0
2011-04-20 08:00:00,0.51735055,0,0
2011-04-20 09:00:00,0.778949,0,0
2011-04-20 10:00:00,1.0047699,0,0
2011-04-20 11:00:00,1.1881843,0,0
2011-04-20 12:00:00,1.3240013,0,0
2011-04-20 13:00:00,1.3276194,0,0
2011-04-20 14:00:00,1.2980729,0,0
2011-04-20 15:00:00,1.211362,0,0
2011-04-20 16:00:00,1.2048036,0,0
2011-04-20 17:00:00,1.0447885,0,0
2011-04-20 18:00:00,0.8495313,0,0
2011-04-20 19:00:00,0.6492089,0,0
2011-04-20 20:00:00,0.48706532,0,0
2011-04-20 21:00:00,0.33764344,0,0
2011-04-20 22:00:00,0.23271796,0,0
2011-04-20 23:00:00,0.15212932,0,0
2011-04-21 00:00:00,0.0849753,0,0
2011-04-21 01:00:00,0.049626786,0,0
2011-04-21 02:00:00,-0.007145974,0,0
2011-04-21 03:00:00,-0.03993076,0,0
2011-04-21 04:00:00,-0.13513653,0,0
2011-04-21 05:00:00,-0.29650533,0,0
2011-04-21 06:00:00,-0.48217922,0,0
2011-04-21 07:00:00,-0.49247596,0,0
2011-04-21 08:00:00,-0.10478339,0,0
2011-04-21 09:00:00,0.12905636,0,0
2011-04-21 10:00:00,0.34519473,0,0
2011-04-21 11:00:00,0.5613842,0,0
2011-04-21 12:00:00,0.6283663,0,0
2011-04-21 13:00:00,0.5782604,0,0
2011-04-21 14:00:00,0.56880295,0,0
2011-04-21 15:00:00,0.6124222,0,0
2011-04-21 16:00:00,0.523765,0,0
2011-04-21 17:00:00,0.37413564,0,0
2011-04-21 18:00:00,0.18289085,0,0
2011-04-21 19:00:00,0.02841951,0,0
2011-04-21 20:00:00,-0.039255388,0,0
2011-04-21 21:00:00,-0.0710731,0,0
2011-04-21 22:00:00,-0.11558154,0,0
2011-04-21 23:00:00,-0.117476545,0,0
2011-04-22 00:00:00,-0.17162248,0,1
2011-04-22 01:00:00,-0.21456544,0,1
2011-04-22 02:00:00,-0.26078483,0,1
2011-04-22 03:00:00,-0.2925082,0,1
2011-04-22 04:00:00,-0.2527062,0,1
2011-04-22 05:00:00,-0.27296016,0,1
2011-04-22 06:00:00,-0.2924702,0,1
2011-04-22 07:00:00,-0.31272426,0,1
2011-04-22 08:00:00,-0.19012609,0,1
2011-04-22 09:00:00,-0.06853168,0,1
2011-04-22 10:00:00,0.01446951,0,1
2011-04-22 11:00:00,0.16103108,0,1
2011-04-22 12:00:00,0.24631062,0,1
2011-04-22 13:00:00,0.2872226,0,1
2011-04-22 14:00:00,0.28275678,0,1
2011-04-22 15:00:00,0.25651807,0,1
2011-04-22 16:00:00,0.17161487,0,1
2011-04-22 17:00:00,0.023163423,0,1
2011-04-22 18:00:00,-0.12098201,0,1
2011-04-22 19:00:00,-0.24243878,0,1
2011-04-22 20:00:00,-0.36799344,0,1
2011-04-22 21:00:00,-0.5082,0,1
2011-04-22 22:00:00,-0.67140055,0,1
2011-04-22 23:00:00,-0.7495631,0,1
2011-04-23 00:00:00,-0.87491477,1,1
2011-04-23 01:00:00,-0.94626117,1,1
2011-04-23 02:00:00,-1.0624528,1,1
2011-04-23 03:00:00,-1.1018337,1,1
2011-04-23 04:00:00,-1.228058,1,1
2011-04-23 05:00:00,-1.268183,1,1
2011-04-23 06:00:00,-1.3312854,1,1
2011-04-23 07:00:00,-1.2355642,1,1
2011-04-23 08:00:00,-0.71540064,1,1
2011-04-23 09:00:00,-0.31235558,1,1
2011-04-23 10:00:00,-0.073899195,1,1
2011-04-23 11:00:00,0.07346917,1,1
2011-04-23 12:00:00,0.23096465,1,1
2011-04-23 13:00:00,0.28594175,1,1
2011-04-23 14:00:00,0.32672852,1,1
2011-04-23 15:00:00,0.28430274,1,1
2011-04-23 16:00:00,0.26071927,1,1
2011-04-23 17:00:00,0.1502967,1,1
2011-04-23 18:00:00,0.03512659,1,1
2011-04-23 19:00:00,-0.09805378,1,1
2011-04-23 20:00:00,-0.22311907,1,1
2011-04-23 21:00:00,-0.30696428,1,1
2011-04-23 22:00:00,-0.39557385,1,1
2011-04-23 23:00:00,-0.5034583,1,1
2011-04-24 00:00:00,-0.58290786,1,0
2011-04-24 01:00:00,-0.6784191,1,0
2011-04-24 02:00:00,-0.76519644,1,0
2011-04-24 03:00:00,-0.8538572,1,0
2011-04-24 04:00:00,-0.9560138,1,0
2011-04-24 05:00:00,-1.0099876,1,0
2011-04-24 06:00:00,-1.0600041,1,0
2011-04-24 07:00:00,-1.0374848,1,0
2011-04-24 08:00:00,-0.7089367,1,0
2011-04-24 09:00:00,-0.35063654,1,0
2011-04-24 10:00:00,-0.04794811,1,0
2011-04-24 11:00:00,0.24624643,1,0
2011-04-24 12:00:00,0.48575544,1,0
2011-04-24 13:00:00,0.6573038,1,0
2011-04-24 14:00:00,0.7138858,1,0
2011-04-24 15:00:00,0.70766884,1,0
2011-04-24 16:00:00,0.78917533,1,0
2011-04-24 17:00:00,0.6858651,1,0
2011-04-24 18:00:00,0.4425884,1,0
2011-04-24 19:00:00,0.14122972,1,0
2011-04-24 20:00:00,-0.10158274,1,0
2011-04-24 21:00:00,-0.2417322,1,0
2011-04-24 22:00:00,-0.36123577,1,0
2011-04-24 23:00:00,-0.4661178,1,0
2011-04-25 00:00:00,-0.54085433,0,1
2011-04-25 01:00:00,-0.6066029,0,1
2011-04-25 02:00:00,-0.6751504,0,1
2011-04-25 03:00:00,-0.75664306,0,1
2011-04-25 04:00:00,-0.8706686,0,1
2011-04-25 05:00:00,-0.94557714,0,1
2011-04-25 06:00:00,-1.0075406,0,1
2011-04-25 07:00:00,-0.99483085,0,1
2011-04-25 08:00:00,-0.63218,0,1
2011-04-25 09:00:00,-0.18232332,0,1
2011-04-25 10:00:00,0.11521771,0,1
2011-04-25 11:00:00,0.37837502,0,1
2011-04-25 12:00:00,0.6447818,0,1
2011-04-25 13:00:00,0.8582162,0,1
2011-04-25 14:00:00,0.95699716,0,1
2011-04-25 15:00:00,0.95736456,0,1
2011-04-25 16:00:00,0.93365985,0,1
2011-04-25 17:00:00,0.7443793,0,1
2011-04-25 18:00:00,0.4417784,0,1
2011-04-25 19:00:00,0.20409636,0,1
2011-04-25 20:00:00,0.03575162,0,1
2011-04-25 21:00:00,-0.07694011,0,1
2011-04-25 22:00:00,-0.15970947,0,1
2011-04-25 23:00:00,-0.23537388,0,1
2011-04-26 00:00:00,-0.29554853,0,0
2011-04-26 01:00:00,-0.36270273,0,0
2011-04-26 02:00:00,-0.41947562,0,0
2011-04-26 03:00:00,-0.48958868,0,0
2011-04-26 04:00:00,-0.59924537,0,0
2011-04-26 05:00:00,-0.68000615,0,0
2011-04-26 06:00:00,-0.76076704,0,0
2011-04-26 07:00:00,-0.7624081,0,0
2011-04-26 08:00:00,-0.3147969,0,0
2011-04-26 09:00:00,0.24290176,0,0
2011-04-26 10:00:00,0.745188,0,0
2011-04-26 11:00:00,1.0726758,0,0
2011-04-26 12:00:00,1.3256192,0,0
2011-04-26 13:00:00,1.4918829,0,0
2011-04-26 14:00:00,1.5714545,0,0
2011-04-26 15:00:00,1.5801601,0,0
2011-04-26 16:00:00,1.4272878,0,0
2011-04-26 17:00:00,1.2148186,0,0
2011-04-26 18:00:00,0.96356446,0,0
2011-04-26 19:00:00,0.77154934,0,0
2011-04-26 20:00:00,0.6114485,0,0
2011-04-26 21:00:00,0.49043047,0,0
2011-04-26 22:00:00,0.40783316,0,0
2011-04-26 23:00:00,0.3830892,0,0
2011-04-27 00:00:00,0.39956924,0,0
2011-04-27 01:00:00,0.42494318,0,0
2011-04-27 02:00:00,0.43705422,0,0
2011-04-27 03:00:00,0.42626563,0,0
2011-04-27 04:00:00,0.4043516,0,0
2011-04-27 05:00:00,0.37773678,0,0
2011-04-27 06:00:00,0.3492387,0,0
2011-04-27 07:00:00,0.3551099,0,0
2011-04-27 08:00:00,0.60346204,0,0
2011-04-27 09:00:00,0.9515922,0,0
2011-04-27 10:00:00,1.3053368,0,0
2011-04-27 11:00:00,1.6141707,0,0
2011-04-27 12:00:00,1.8520976,0,0
2011-04-27 13:00:00,1.9770902,0,0
2011-04-27 14:00:00,2.0244732,0,0
2011-04-27 15:00:00,2.0008302,0,0
2011-04-27 16:00:00,1.919422,0,0
2011-04-27 17:00:00,1.7213199,0,0
2011-04-27 18:00:00,1.4845107,0,0
2011-04-27 19:00:00,1.2859893,0,0
2011-04-27 20:00:00,1.0935235,0,0
2011-04-27 21:00:00,0.9258017,0,0
2011-04-27 22:00:00,0.7777973,0,0
2011-04-27 23:00:00,0.6664768,0,0
2011-04-28 00:00:00,0.5666762,0,0
2011-04-28 01:00:00,0.4611956,0,0
2011-04-28 02:00:00,0.35951227,0,0
2011-04-28 03:00:00,0.2674662,0,0
2011-04-28 04:00:00,0.16973999,0,0
2011-04-28 05:00:00,0.09112847,0,0
2011-04-28 06:00:00,0.022154545,0,0
2011-04-28 07:00:00,-0.0002489156,0,0
2011-04-28 08:00:00,0.2101908,0,0
2011-04-28 09:00:00,0.5405993,0,0
2011-04-28 10:00:00,0.9207237,0,0
2011-04-28 11:00:00,1.229812,0,0
2011-04-28 12:00:00,1.4583557,0,0
2011-04-28 13:00:00,1.6199372,0,0
2011-04-28 14:00:00,1.6597134,0,0
2011-04-28 15:00:00,1.610265,0,0
2011-04-28 16:00:00,1.5639703,0,0
2011-04-28 17:00:00,1.3432225,0,0
2011-04-28 18:00:00,1.0862492,0,0
2011-04-28 19:00:00,0.86648774,0,0
2011-04-28 20:00:00,0.70163494,0,0
2011-04-28 21:00:00,0.5792235,0,0
2011-04-28 22:00:00,0.48682877,0,0
2011-04-28 23:00:00,0.4051641,0,0
2011-04-29 00:00:00,0.33462465,0,0
2011-04-29 01:00:00,0.27677575,0,0
2011-04-29 02:00:00,0.22262977,0,0
2011-04-29 03:00:00,0.16939981,0,0
2011-04-29 04:00:00,0.13239144,0,0
2011-04-29 05:00:00,0.088055275,0,0
2011-04-29 06:00:00,0.028495388,0,0
2011-04-29 07:00:00,0.008718794,0,0
2011-04-29 08:00:00,0.25797468,0,0
2011-04-29 09:00:00,0.5954182,0,0
2011-04-29 10:00:00,0.9163245,0,0
2011-04-29 11:00:00,1.2216831,0,0
2011-04-29 12:00:00,1.4212636,0,0
2011-04-29 13:00:00,1.5660294,0,0
2011-04-29 14:00:00,1.5275503,0,0
2011-04-29 15:00:00,1.4395792,0,0
2011-04-29 16:00:00,1.3138512,0,0
2011-04-29 17:00:00,1.2331284,0,0
2011-04-29 18:00:00,1.1359994,0,0
2011-04-29 19:00:00,1.0113173,0,0
2011-04-29 20:00:00,0.8528029,0,0
2011-04-29 21:00:00,0.72644323,0,0
2011-04-29 22:00:00,0.6182964,0,0
2011-04-29 23:00:00,0.57238245,0,0
2011-04-30 00:00:00,0.48690847,1,0
2011-04-30 01:00:00,0.41464576,1,0
2011-04-30 02:00:00,0.37649825,1,0
2011-04-30 03:00:00,0.35863602,1,0
2011-04-30 04:00:00,0.34949514,1,0
2011-04-30 05:00:00,0.26759082,1,0
2011-04-30 06:00:00,0.1363436,1,0
2011-04-30 07:00:00,0.028920121,1,0
2011-04-30 08:00:00,0.10935377,1,0
2011-04-30 09:00:00,0.29604518,1,0
2011-04-30 10:00:00,0.55798787,1,0
2011-04-30 11:00:00,0.68804914,1,0
2011-04-30 12:00:00,0.74649084,1,0
2011-04-30 13:00:00,0.86817473,1,0
2011-04-30 14:00:00,0.8876071,1,0
2011-04-30 15:00:00,0.9279231,1,0
2011-04-30 16:00:00,1.0954685,1,0
2011-04-30 17:00:00,0.9882248,1,0
2011-04-30 18:00:00,0.86485374,1,0
2011-04-30 19:00:00,0.7427474,1,0
2011-04-30 20:00:00,0.67276317,1,0
2011-04-30 21:00:00,0.5959407,1,0
2011-04-30 22:00:00,0.50166285,1,0
2011-04-30 23:00:00,0.43137333,1,0
2011-05-01 00:00:00,0.34913698,1,0
2011-05-01 01:00:00,0.28857902,1,0
2011-05-01 02:00:00,0.23188414,1,0
2011-05-01 03:00:00,0.22915068,1,0
2011-05-01 04:00:00,0.23173536,1,0
2011-05-01 05:00:00,0.22556552,1,0
2011-05-01 06:00:00,0.23950881,1,0
2011-05-01 07:00:00,0.2635789,1,0
2011-05-01 08:00:00,0.34626085,1,0
2011-05-01 09:00:00,0.47324032,1,0
2011-05-01 10:00:00,0.5253741,1,0
2011-05-01 11:00:00,0.58113337,1,0
2011-05-01 12:00:00,0.6322693,1,0
2011-05-01 13:00:00,0.69676214,1,0
2011-05-01 14:00:00,0.6238774,1,0
2011-05-01 15:00:00,0.49899653,1,0
2011-05-01 16:00:00,0.4249173,1,0
2011-05-01 17:00:00,0.2927907,1,0
2011-05-01 18:00:00,0.16990602,1,0
2011-05-01 19:00:00,0.0495031,1,0
2011-05-01 20:00:00,-0.08036511,1,0
2011-05-01 21:00:00,-0.17019607,1,0
2011-05-01 22:00:00,-0.26866618,1,0
2011-05-01 23:00:00,-0.3350766,1,0
2011-05-02 00:00:00,-0.33391824,0,0
2011-05-02 01:00:00,-0.3517808,0,0
2011-05-02 02:00:00,-0.41770127,0,0
2011-05-02 03:00:00,-0.4654864,0,0
2011-05-02 04:00:00,-0.53659743,0,0
2011-05-02 05:00:00,-0.5813293,0,0
2011-05-02 06:00:00,-0.6543236,0,0
2011-05-02 07:00:00,-0.64047474,0,0
2011-05-02 08:00:00,-0.46350032,0,0
2011-05-02 09:00:00,-0.2854136,0,0
2011-05-02 10:00:00,-0.12528464,0,0
2011-05-02 11:00:00,0.008082296,0,0
2011-05-02 12:00:00,0.14023504,0,0
2011-05-02 13:00:00,0.215936,0,0
2011-05-02 14:00:00,0.23651525,0,0
2011-05-02 15:00:00,0.14758474,0,0
2011-05-02 16:00:00,0.17797162,0,0
2011-05-02 17:00:00,-0.017501269,0,0
2011-05-02 18:00:00,-0.21531768,0,0
2011-05-02 19:00:00,-0.35251418,0,0
2011-05-02 20:00:00,-0.48927176,0,0
2011-05-02 21:00:00,-0.6263472,0,0
2011-05-02 22:00:00,-0.7488173,0,0
2011-05-02 23:00:00,-0.8619045,0,0
2011-05-03 00:00:00,-0.9767805,0,0
2011-05-03 01:00:00,-1.0956767,0,0
2011-05-03 02:00:00,-1.2155713,0,0
2011-05-03 03:00:00,-1.3122338,0,0
2011-05-03 04:00:00,-1.3010237,0,0
2011-05-03 05:00:00,-1.3051972,0,0
2011-05-03 06:00:00,-1.323549,0,0
2011-05-03 07:00:00,-1.2754717,0,0
2011-05-03 08:00:00,-0.8028128,0,0
2011-05-03 09:00:00,-0.44079298,0,0
2011-05-03 10:00:00,-0.23687235,0,0
2011-05-03 11:00:00,0.07367687,0,0
2011-05-03 12:00:00,0.2665866,0,0
2011-05-03 13:00:00,0.31582808,0,0
2011-05-03 14:00:00,0.2822691,0,0
2011-05-03 15:00:00,0.23774497,0,0
2011-05-03 16:00:00,0.1825488,0,0
2011-05-03 17:00:00,0.042818855,0,0
2011-05-03 18:00:00,-0.083605416,0,0
2011-05-03 19:00:00,-0.1795861,0,0
2011-05-03 20:00:00,-0.25593147,0,0
2011-05-03 21:00:00,-0.3520412,0,0
2011-05-03 22:00:00,-0.4450973,0,0
2011-05-03 23:00:00,-0.5350061,0,0
2011-05-04 00:00:00,-0.61790425,0,0
2011-05-04 01:00:00,-0.65630615,0,0
2011-05-04 02:00:00,-0.740692,0,0
2011-05-04 03:00:00,-0.71454763,0,0
2011-05-04 04:00:00,-0.8399692,0,0
2011-05-04 05:00:00,-0.8951764,0,0
2011-05-04 06:00:00,-1.0181121,0,0
2011-05-04 07:00:00,-1.0911064,0,0
2011-05-04 08:00:00,-0.7100024,0,0
2011-05-04 09:00:00,-0.36499718,0,0
2011-05-04 10:00:00,-0.2338953,0,0
2011-05-04 11:00:00,-0.12162969,0,0
2011-05-04 12:00:00,-0.022747925,0,0
2011-05-04 13:00:00,0.051656265,0,0
2011-05-04 14:00:00,0.09093076,0,0
2011-05-04 15:00:00,0.09722937,0,0
2011-05-04 16:00:00,0.0382915,0,0
2011-05-04 17:00:00,-0.06810184,0,0
2011-05-04 18:00:00,-0.22269438,0,0
2011-05-04 19:00:00,-0.34165278,0,0
2011-05-04 20:00:00,-0.40965977,0,0
2011-05-04 21:00:00,-0.5520855,0,0
2011-05-04 22:00:00,-0.64958876,0,0
2011-05-04 23:00:00,-0.76620674,0,0
2011-05-05 00:00:00,-0.86204994,0,0
2011-05-05 01:00:00,-0.99908197,0,0
2011-05-05 02:00:00,-1.1154335,0,0
2011-05-05 03:00:00,-1.2064035,0,0
2011-05-05 04:00:00,-1.3573475,0,0
2011-05-05 05:00:00,-1.4599035,0,0
2011-05-05 06:00:00,-1.5013276,0,0
2011-05-05 07:00:00,-1.4342299,0,0
2011-05-05 08:00:00,-1.0524431,0,0
2011-05-05 09:00:00,-0.70975375,0,0
2011-05-05 10:00:00,-0.5086321,0,0
2011-05-05 11:00:00,-0.33558887,0,0
2011-05-05 12:00:00,-0.22665761,0,0
2011-05-05 13:00:00,-0.15376799,0,0
2011-05-05 14:00:00,-0.119926274,0,0
2011-05-05 15:00:00,-0.14372665,0,0
2011-05-05 16:00:00,-0.19808903,0,0
2011-05-05 17:00:00,-0.3424545,0,0
2011-05-05 18:00:00,-0.4920329,0,0
2011-05-05 19:00:00,-0.66791636,0,0
2011-05-05 20:00:00,-0.8133878,0,0
2011-05-05 21:00:00,-0.94228905,0,0
2011-05-05 22:00:00,-1.0278333,0,0
2011-05-05 23:00:00,-1.1296108,0,0
2011-05-06 00:00:00,-1.2336981,0,0
2011-05-06 01:00:00,-1.3333386,0,0
2011-05-06 02:00:00,-1.4105564,0,0
2011-05-06 03:00:00,-1.4830734,0,0
2011-05-06 04:00:00,-1.5110896,0,0
2011-05-06 05:00:00,-1.5909343,0,0
2011-05-06 06:00:00,-1.6382463,0,0
2011-05-06 07:00:00,-1.6604776,0,0
2011-05-06 08:00:00,-1.464706,0,0
2011-05-06 09:00:00,-1.1163095,0,0
2011-05-06 10:00:00,-0.72487146,0,0
2011-05-06 11:00:00,-0.4198839,0,0
2011-05-06 12:00:00,-0.19956763,0,0
2011-05-06 13:00:00,-0.069995195,0,0
2011-05-06 14:00:00,-0.040376987,0,0
2011-05-06 15:00:00,-0.08612262,0,0
2011-05-06 16:00:00,-0.18224205,0,0
2011-05-06 17:00:00,-0.3195459,0,0
2011-05-06 18:00:00,-0.48365906,0,0
2011-05-06 19:00:00,-0.6308294,0,0
2011-05-06 20:00:00,-0.75415266,0,0
2011-05-06 21:00:00,-0.83608365,0,0
2011-05-06 22:00:00,-0.9402651,0,0
2011-05-06 23:00:00,-1.0450186,0,0
2011-05-07 00:00:00,-1.1195949,1,0
2011-05-07 01:00:00,-1.1735686,1,0
2011-05-07 02:00:00,-1.227288,1,0
2011-05-07 03:00:00,-1.2915611,1,0
2011-05-07 04:00:00,-1.3047369,1,0
2011-05-07 05:00:00,-1.3713193,1,0
2011-05-07 06:00:00,-1.3998294,1,0
2011-05-07 07:00:00,-1.4118516,1,0
2011-05-07 08:00:00,-1.0621578,1,0
2011-05-07 09:00:00,-0.5924112,1,0
2011-05-07 10:00:00,-0.30603424,1,0
2011-05-07 11:00:00,-0.11695635,1,0
2011-05-07 12:00:00,0.013137047,1,0
2011-05-07 13:00:00,-0.009730824,1,0
2011-05-07 14:00:00,-0.049886007,1,0
2011-05-07 15:00:00,-0.048140734,1,0
2011-05-07 16:00:00,-0.075328365,1,0
2011-05-07 17:00:00,-0.18391451,1,0
2011-05-07 18:00:00,-0.2609916,1,0
2011-05-07 19:00:00,-0.4916239,1,0
2011-05-07 20:00:00,-0.64401937,1,0
2011-05-07 21:00:00,-0.70797485,1,0
2011-05-07 22:00:00,-0.79055554,1,0
2011-05-07 23:00:00,-0.8685173,1,0
2011-05-08 00:00:00,-0.9449914,1,0
2011-05-08 01:00:00,-0.9863808,1,0
2011-05-08 02:00:00,-1.0572379,1,0
2011-05-08 03:00:00,-1.06026,1,0
2011-05-08 04:00:00,-1.1319265,1,0
2011-05-08 05:00:00,-1.1199607,1,0
2011-05-08 06:00:00,-1.1471595,1,0
2011-05-08 07:00:00,-1.1928895,1,0
2011-05-08 08:00:00,-0.96079963,1,0
2011-05-08 09:00:00,-0.65898573,1,0
2011-05-08 10:00:00,-0.4212634,1,0
2011-05-08 11:00:00,-0.17220256,1,0
2011-05-08 12:00:00,0.044488534,1,0
2011-05-08 13:00:00,0.21018496,1,0
2011-05-08 14:00:00,0.3326405,1,0
2011-05-08 15:00:00,0.19603917,1,0
2011-05-08 16:00:00,-0.13674155,1,0
2011-05-08 17:00:00,-0.3404973,1,0
2011-05-08 18:00:00,-0.53804725,1,0
2011-05-08 19:00:00,-0.67828465,1,0
2011-05-08 20:00:00,-0.76627153,1,0
2011-05-08 21:00:00,-0.7771933,1,0
2011-05-08 22:00:00,-0.7586824,1,0
2011-05-08 23:00:00,-0.7638029,1,0
2011-05-09 00:00:00,-0.8203093,0,0
2011-05-09 01:00:00,-0.930542,0,0
2011-05-09 02:00:00,-1.0747178,0,0
2011-05-09 03:00:00,-1.2184982,0,0
2011-05-09 04:00:00,-1.3729774,0,0
2011-05-09 05:00:00,-1.5204606,0,0
2011-05-09 06:00:00,-1.6604558,0,0
2011-05-09 07:00:00,-1.7686578,0,0
2011-05-09 08:00:00,-1.6421021,0,0
2011-05-09 09:00:00,-1.4297465,0,0
2011-05-09 10:00:00,-1.204077,0,0
2011-05-09 11:00:00,-1.012554,0,0
2011-05-09 12:00:00,-0.895481,0,0
2011-05-09 13:00:00,-0.90209615,0,0
2011-05-09 14:00:00,-0.93122816,0,0
2011-05-09 15:00:00,-0.9699977,0,0
2011-05-09 16:00:00,-1.1170002,0,0
2011-05-09 17:00:00,-1.276972,0,0
2011-05-09 18:00:00,-1.4202795,0,0
2011-05-09 19:00:00,-1.472159,0,0
2011-05-09 20:00:00,-1.5364754,0,0
2011-05-09 21:00:00,-1.5898895,0,0
2011-05-09 22:00:00,-1.6692059,0,0
2011-05-09 23:00:00,-1.7541082,0,0
2011-05-10 00:00:00,-1.8691565,0,0
2011-05-10 01:00:00,-1.9544871,0,0
2011-05-10 02:00:00,-1.9267998,0,0
2011-05-10 03:00:00,-1.8888806,0,0
2011-05-10 04:00:00,-1.9606045,0,0
2011-05-10 05:00:00,-1.9604255,0,0
2011-05-10 06:00:00,-1.9966195,0,0
2011-05-10 07:00:00,-1.8918939,0,0
2011-05-10 08:00:00,-1.6141254,0,0
2011-05-10 09:00:00,-1.3023134,0,0
2011-05-10 10:00:00,-1.1416677,0,0
2011-05-10 11:00:00,-0.9611245,0,0
2011-05-10 12:00:00,-0.86191034,0,0
2011-05-10 13:00:00,-0.7771803,0,0
2011-05-10 14:00:00,-0.700483,0,0
2011-05-10 15:00:00,-0.65145427,0,0
2011-05-10 16:00:00,-0.5181884,0,0
2011-05-10 17:00:00,-0.50054497,0,0
2011-05-10 18:00:00,-0.50137115,0,0
2011-05-10 19:00:00,-0.626996,0,0
2011-05-10 20:00:00,-0.8332674,0,0
2011-05-10 21:00:00,-1.0452968,0,0
2011-05-10 22:00:00,-1.2039486,0,0
2011-05-10 23:00:00,-1.3016793,0,0
2011-05-11 00:00:00,-1.3475856,0,0
2011-05-11 01:00:00,-1.3732847,0,0
2011-05-11 02:00:00,-1.4130797,0,0
2011-05-11 03:00:00,-1.4181885,0,0
2011-05-11 04:00:00,-1.3516935,0,0
2011-05-11 05:00:00,-1.3623878,0,0
2011-05-11 06:00:00,-1.3159894,0,0
2011-05-11 07:00:00,-1.2844969,0,0
2011-05-11 08:00:00,-1.1297323,0,0
2011-05-11 09:00:00,-0.9557317,0,0
2011-05-11 10:00:00,-0.77347493,0,0
2011-05-11 11:00:00,-0.70064396,0,0
2011-05-11 12:00:00,-0.65481997,0,0
2011-05-11 13:00:00,-0.4942073,0,0
2011-05-11 14:00:00,-0.42132968,0,0
2011-05-11 15:00:00,-0.5240303,0,0
2011-05-11 16:00:00,-0.6501101,0,0
2011-05-11 17:00:00,-0.7161052,0,0
2011-05-11 18:00:00,-0.7242326,0,0
2011-05-11 19:00:00,-0.7414766,0,0
2011-05-11 20:00:00,-0.74544585,0,0
2011-05-11 21:00:00,-0.73120177,0,0
2011-05-11 22:00:00,-0.7302979,0,0
2011-05-11 23:00:00,-0.71027917,0,0
2011-05-12 00:00:00,-0.6884407,0,0
2011-05-12 01:00:00,-0.6720469,0,0
2011-05-12 02:00:00,-0.66315335,0,0
2011-05-12 03:00:00,-0.65984565,0,0
2011-05-12 04:00:00,-0.70369685,0,0
2011-05-12 05:00:00,-0.6798809,0,0
2011-05-12 06:00:00,-0.65812016,0,0
2011-05-12 07:00:00,-0.64254814,0,0
2011-05-12 08:00:00,-0.5275711,0,0
2011-05-12 09:00:00,-0.4308628,0,0
2011-05-12 10:00:00,-0.34874317,0,0
2011-05-12 11:00:00,-0.25916216,0,0
2011-05-12 12:00:00,-0.21397552,0,0
2011-05-12 13:00:00,-0.22170553,0,0
2011-05-12 14:00:00,-0.28706586,0,0
2011-05-12 15:00:00,-0.40123573,0,0
2011-05-12 16:00:00,-0.39106992,0,0
2011-05-12 17:00:00,-0.48070875,0,0
2011-05-12 18:00:00,-0.5629886,0,0
2011-05-12 19:00:00,-0.5917842,0,0
2011-05-12 20:00:00,-0.6351534,0,0
2011-05-12 21:00:00,-0.6641721,0,0
2011-05-12 22:00:00,-0.70208436,0,0
2011-05-12 23:00:00,-0.73100895,0,0
2011-05-13 00:00:00,-0.7397425,0,0
2011-05-13 01:00:00,-0.7619105,0,0
2011-05-13 02:00:00,-0.7862161,0,0
2011-05-13 03:00:00,-0.82626563,0,0
2011-05-13 04:00:00,-0.7465083,0,0
2011-05-13 05:00:00,-0.75663525,0,0
2011-05-13 06:00:00,-0.76676226,0,0
2011-05-13 07:00:00,-0.74937046,0,0
2011-05-13 08:00:00,-0.6015117,0,0
2011-05-13 09:00:00,-0.49619868,0,0
2011-05-13 10:00:00,-0.36770734,0,0
2011-05-13 11:00:00,-0.30790368,0,0
2011-05-13 12:00:00,-0.2356756,0,0
2011-05-13 13:00:00,-0.1957738,0,0
2011-05-13 14:00:00,-0.17854881,0,0
2011-05-13 15:00:00,-0.23323464,0,0
2011-05-13 16:00:00,-0.33476925,0,0
2011-05-13 17:00:00,-0.49882695,0,0
2011-05-13 18:00:00,-0.65372485,0,0
2011-05-13 19:00:00,-0.7835423,0,0
2011-05-13 20:00:00,-0.8968716,0,0
2011-05-13 21:00:00,-0.9866082,0,0
2011-05-13 22:00:00,-1.0634818,0,0
2011-05-13 23:00:00,-1.1483333,0,0
2011-05-14 00:00:00,-1.2847856,1,0
2011-05-14 01:00:00,-1.3544134,1,0
2011-05-14 02:00:00,-1.4260967,1,0
2011-05-14 03:00:00,-1.4657196,1,0
2011-05-14 04:00:00,-1.5197878,1,0
2011-05-14 05:00:00,-1.5259576,1,0
2011-05-14 06:00:00,-1.5434247,1,0
2011-05-14 07:00:00,-1.5283424,1,0
2011-05-14 08:00:00,-1.3921763,1,0
2011-05-14 09:00:00,-1.2072226,1,0
2011-05-14 10:00:00,-1.0434457,1,0
2011-05-14 11:00:00,-0.9284323,1,0
2011-05-14 12:00:00,-0.85843575,1,0
2011-05-14 13:00:00,-0.78978187,1,0
2011-05-14 14:00:00,-0.7635813,1,0
2011-05-14 15:00:00,-0.8058303,1,0
2011-05-14 16:00:00,-0.8903053,1,0
2011-05-14 17:00:00,-1.0013297,1,0
2011-05-14 18:00:00,-1.1259174,1,0
2011-05-14 19:00:00,-1.2054882,1,0
2011-05-14 20:00:00,-1.2846324,1,0
2011-05-14 21:00:00,-1.3799982,1,0
2011-05-14 22:00:00,-1.4789069,1,0
2011-05-14 23:00:00,-1.5665183,1,0
2011-05-15 00:00:00,-1.6635128,1,0
2011-05-15 01:00:00,-1.7529131,1,0
2011-05-15 02:00:00,-1.8731395,1,0
2011-05-15 03:00:00,-1.9836974,1,0
2011-05-15 04:00:00,-1.8729702,1,0
2011-05-15 05:00:00,-1.9382879,1,0
2011-05-15 06:00:00,-1.9248343,1,0
2011-05-15 07:00:00,-1.9695659,1,0
2011-05-15 08:00:00,-1.614505,1,0
2011-05-15 09:00:00,-1.3153715,1,0
2011-05-15 10:00:00,-1.2274728,1,0
2011-05-15 11:00:00,-1.0345978,1,0
2011-05-15 12:00:00,-0.8839526,1,0
2011-05-15 13:00:00,-0.8083193,1,0
2011-05-15 14:00:00,-0.7995704,1,0
2011-05-15 15:00:00,-0.8781316,1,0
2011-05-15 16:00:00,-0.96620363,1,0
2011-05-15 17:00:00,-1.0487298,1,0
2011-05-15 18:00:00,-1.1714346,1,0
2011-05-15 19:00:00,-1.2232201,1,0
2011-05-15 20:00:00,-1.3735725,1,0
2011-05-15 21:00:00,-1.4907889,1,0
2011-05-15 22:00:00,-1.6082287,1,0
2011-05-15 23:00:00,-1.7084365,1,0
2011-05-16 00:00:00,-1.8258762,0,0
2011-05-16 01:00:00,-1.9325081,0,0
2011-05-16 02:00:00,-2.0591588,0,0
2011-05-16 03:00:00,-2.1581185,0,0
2011-05-16 04:00:00,-2.2986813,0,0
2011-05-16 05:00:00,-2.4468386,0,0
2011-05-16 06:00:00,-2.5590727,0,0
2011-05-16 07:00:00,-2.6005912,0,0
2011-05-16 08:00:00,-2.144998,0,0
2011-05-16 09:00:00,-1.677444,0,0
2011-05-16 10:00:00,-1.5262738,0,0
2011-05-16 11:00:00,-1.3299967,0,0
2011-05-16 12:00:00,-1.1519929,0,0
2011-05-16 13:00:00,-1.042279,0,0
2011-05-16 14:00:00,-0.9744943,0,0
2011-05-16 15:00:00,-1.0012193,0,0
2011-05-16 16:00:00,-1.0276963,0,0
2011-05-16 17:00:00,-1.2099228,0,0
2011-05-16 18:00:00,-1.4477767,0,0
2011-05-16 19:00:00,-1.6423247,0,0
2011-05-16 20:00:00,-1.8105438,0,0
2011-05-16 21:00:00,-1.9368814,0,0
2011-05-16 22:00:00,-2.0234046,0,0
2011-05-16 23:00:00,-2.0886757,0,0
2011-05-17 00:00:00,-2.1602764,0,0
2011-05-17 01:00:00,-2.2243774,0,0
2011-05-17 02:00:00,-2.2667997,0,0
2011-05-17 03:00:00,-2.3181152,0,0
2011-05-17 04:00:00,-2.432967,0,0
2011-05-17 05:00:00,-2.5059612,0,0
2011-05-17 06:00:00,-2.565521,0,0
2011-05-17 07:00:00,-2.5975618,0,0
2011-05-17 08:00:00,-2.3748698,0,0
2011-05-17 09:00:00,-2.018125,0,0
2011-05-17 10:00:00,-1.6585522,0,0
2011-05-17 11:00:00,-1.3573247,0,0
2011-05-17 12:00:00,-1.1246952,0,0
2011-05-17 13:00:00,-0.98653436,0,0
2011-05-17 14:00:00,-0.9272167,0,0
2011-05-17 15:00:00,-0.95079416,0,0
2011-05-17 16:00:00,-0.96075004,0,0
2011-05-17 17:00:00,-1.0285815,0,0
2011-05-17 18:00:00,-1.3292785,0,0
2011-05-17 19:00:00,-1.5227218,0,0
2011-05-17 20:00:00,-1.5961244,0,0
2011-05-17 21:00:00,-1.624971,0,0
2011-05-17 22:00:00,-1.6726661,0,0
2011-05-17 23:00:00,-1.7101398,0,0
2011-05-18 00:00:00,-1.7262013,0,0
2011-05-18 01:00:00,-1.7751445,0,0
2011-05-18 02:00:00,-1.8038967,0,0
2011-05-18 03:00:00,-1.8818463,0,0
2011-05-18 04:00:00,-1.9490826,0,0
2011-05-18 05:00:00,-2.0431762,0,0
2011-05-18 06:00:00,-2.1504498,0,0
2011-05-18 07:00:00,-2.1858804,0,0
2011-05-18 08:00:00,-2.0264702,0,0
2011-05-18 09:00:00,-1.7496711,0,0
2011-05-18 10:00:00,-1.4264375,0,0
2011-05-18 11:00:00,-1.1500121,0,0
2011-05-18 12:00:00,-0.89892936,0,0
2011-05-18 13:00:00,-0.66834694,0,0
2011-05-18 14:00:00,-0.49583337,0,0
2011-05-18 15:00:00,-0.4356043,0,0
2011-05-18 16:00:00,-0.31950134,0,0
2011-05-18 17:00:00,-0.5444293,0,0
2011-05-18 18:00:00,-0.76189166,0,0
2011-05-18 19:00:00,-0.9006457,0,0
2011-05-18 20:00:00,-1.032949,0,0
2011-05-18 21:00:00,-1.1712377,0,0
2011-05-18 22:00:00,-1.3004442,0,0
2011-05-18 23:00:00,-1.3723817,0,0
2011-05-19 00:00:00,-1.4362471,0,0
2011-05-19 01:00:00,-1.5024221,0,0
2011-05-19 02:00:00,-1.5551625,0,0
2011-05-19 03:00:00,-1.613583,0,0
2011-05-19 04:00:00,-1.6149108,0,0
2011-05-19 05:00:00,-1.6455461,0,0
2011-05-19 06:00:00,-1.6646609,0,0
2011-05-19 07:00:00,-1.6733003,0,0
2011-05-19 08:00:00,-1.4590244,0,0
2011-05-19 09:00:00,-1.0776685,0,0
2011-05-19 10:00:00,-0.69231945,0,0
2011-05-19 11:00:00,-0.38188094,0,0
2011-05-19 12:00:00,-0.17999548,0,0
2011-05-19 13:00:00,-0.084726535,0,0
2011-05-19 14:00:00,-0.00037175367,0,0
2011-05-19 15:00:00,0.07032065,0,0
2011-05-19 16:00:00,0.12828195,0,0
2011-05-19 17:00:00,-0.061266538,0,0
2011-05-19 18:00:00,-0.2755812,0,0
2011-05-19 19:00:00,-0.3978353,0,0
2011-05-19 20:00:00,-0.51248026,0,0
2011-05-19 21:00:00,-0.6697263,0,0
2011-05-19 22:00:00,-0.82292116,0,0
2011-05-19 23:00:00,-0.96128744,0,0
2011-05-20 00:00:00,-1.0534157,0,0
2011-05-20 01:00:00,-1.1341643,0,0
2011-05-20 02:00:00,-1.1937554,0,0
2011-05-20 03:00:00,-1.2850573,0,0
2011-05-20 04:00:00,-1.3592386,0,0
2011-05-20 05:00:00,-1.420618,0,0
2011-05-20 06:00:00,-1.4885939,0,0
2011-05-20 07:00:00,-1.5122455,0,0
2011-05-20 08:00:00,-1.2255237,0,0
2011-05-20 09:00:00,-0.76758486,0,0
2011-05-20 10:00:00,-0.3985738,0,0
2011-05-20 11:00:00,-0.0653521,0,0
2011-05-20 12:00:00,0.17899095,0,0
2011-05-20 13:00:00,0.2785856,0,0
2011-05-20 14:00:00,0.24261078,0,0
2011-05-20 15:00:00,0.23346625,0,0
2011-05-20 16:00:00,0.23638526,0,0
2011-05-20 17:00:00,0.0042115524,0,0
2011-05-20 18:00:00,-0.23057702,0,0
2011-05-20 19:00:00,-0.36380842,0,0
2011-05-20 20:00:00,-0.4594451,0,0
2011-05-20 21:00:00,-0.5084989,0,0
2011-05-20 22:00:00,-0.5655138,0,0
2011-05-20 23:00:00,-0.5854505,0,0
2011-05-21 00:00:00,-0.59954673,1,0
2011-05-21 01:00:00,-0.61578053,1,0
2011-05-21 02:00:00,-0.6242596,1,0
2011-05-21 03:00:00,-0.6174213,1,0
2011-05-21 04:00:00,-0.6520917,1,0
2011-05-21 05:00:00,-0.6094905,1,0
2011-05-21 06:00:00,-0.55040133,1,0
2011-05-21 07:00:00,-0.47813183,1,0
2011-05-21 08:00:00,-0.30414778,1,0
2011-05-21 09:00:00,-0.012770784,1,0
2011-05-21 10:00:00,0.17726463,1,0
2011-05-21 11:00:00,0.31443417,1,0
2011-05-21 12:00:00,0.3825165,1,0
2011-05-21 13:00:00,0.47361982,1,0
2011-05-21 14:00:00,0.5656902,1,0
2011-05-21 15:00:00,0.5753595,1,0
2011-05-21 16:00:00,0.5270816,1,0
2011-05-21 17:00:00,0.37234098,1,0
2011-05-21 18:00:00,0.2634274,1,0
2011-05-21 19:00:00,0.16136414,1,0
2011-05-21 20:00:00,0.11469941,1,0
2011-05-21 21:00:00,0.08897359,1,0
2011-05-21 22:00:00,0.07162498,1,0
2011-05-21 23:00:00,0.0674877,1,0
2011-05-22 00:00:00,0.056672435,1,0
2011-05-22 01:00:00,0.032111086,1,0
2011-05-22 02:00:00,0.004351161,1,0
2011-05-22 03:00:00,-0.00086370873,1,0
2011-05-22 04:00:00,-0.029628167,1,0
2011-05-22 05:00:00,-0.19548242,1,0
2011-05-22 06:00:00,-0.2807723,1,0
2011-05-22 07:00:00,-0.3880582,1,0
2011-05-22 08:00:00,-0.4208308,1,0
2011-05-22 09:00:00,-0.37866378,1,0
2011-05-22 10:00:00,-0.3812351,1,0
2011-05-22 11:00:00,-0.34701124,1,0
2011-05-22 12:00:00,-0.22990894,1,0
2011-05-22 13:00:00,-0.12544633,1,0
2011-05-22 14:00:00,-0.053766612,1,0
2011-05-22 15:00:00,0.027955856,1,0
2011-05-22 16:00:00,-0.013741468,1,0
2011-05-22 17:00:00,-0.1339724,1,0
2011-05-22 18:00:00,-0.19802642,1,0
2011-05-22 19:00:00,-0.28545362,1,0
2011-05-22 20:00:00,-0.43599015,1,0
2011-05-22 21:00:00,-0.5487988,1,0
2011-05-22 22:00:00,-0.6264941,1,0
2011-05-22 23:00:00,-0.690595,1,0
2011-05-23 00:00:00,-0.7601406,0,0
2011-05-23 01:00:00,-0.8293377,0,0
2011-05-23 02:00:00,-0.892949,0,0
2011-05-23 03:00:00,-0.90818447,0,0
2011-05-23 04:00:00,-0.9394815,0,0
2011-05-23 05:00:00,-0.92496645,0,0
2011-05-23 06:00:00,-0.98098326,0,0
2011-05-23 07:00:00,-1.1104087,0,0
2011-05-23 08:00:00,-1.0428213,0,0
2011-05-23 09:00:00,-0.9826439,0,0
2011-05-23 10:00:00,-1.0625033,0,0
2011-05-23 11:00:00,-1.144195,0,0
2011-05-23 12:00:00,-0.9453336,0,0
2011-05-23 13:00:00,-0.94896877,0,0
2011-05-23 14:00:00,-0.9700801,0,0
2011-05-23 15:00:00,-1.1010901,0,0
2011-05-23 16:00:00,-1.0474789,0,0
2011-05-23 17:00:00,-1.2470185,0,0
2011-05-23 18:00:00,-1.3393475,0,0
2011-05-23 19:00:00,-1.3992723,0,0
2011-05-23 20:00:00,-1.4019935,0,0
2011-05-23 21:00:00,-1.3348283,0,0
2011-05-23 22:00:00,-1.2192093,0,0
2011-05-23 23:00:00,-1.1189392,0,0
2011-05-24 00:00:00,-1.1111026,0,0
2011-05-24 01:00:00,-1.2105423,0,0
2011-05-24 02:00:00,-1.2777785,0,0
2011-05-24 03:00:00,-1.342388,0,0
2011-05-24 04:00:00,-1.4593934,0,0
2011-05-24 05:00:00,-1.6142213,0,0
2011-05-24 06:00:00,-1.6834227,0,0
2011-05-24 07:00:00,-1.6947831,0,0
2011-05-24 08:00:00,-1.5685208,0,0
2011-05-24 09:00:00,-1.4343078,0,0
2011-05-24 10:00:00,-1.3403744,0,0
2011-05-24 11:00:00,-1.3223354,0,0
2011-05-24 12:00:00,-1.3049849,0,0
2011-05-24 13:00:00,-1.2721059,0,0
2011-05-24 14:00:00,-1.2572145,0,0
2011-05-24 15:00:00,-1.292359,0,0
2011-05-24 16:00:00,-1.329581,0,0
2011-05-24 17:00:00,-1.4324946,0,0
2011-05-24 18:00:00,-1.5427829,0,0
2011-05-24 19:00:00,-1.6189557,0,0
2011-05-24 20:00:00,-1.6783868,0,0
2011-05-24 21:00:00,-1.7175325,0,0
2011-05-24 22:00:00,-1.7424997,0,0
2011-05-24 23:00:00,-1.7622762,0,0
2011-05-25 00:00:00,-1.7977968,0,0
2011-05-25 01:00:00,-1.8130324,0,0
2011-05-25 02:00:00,-1.8200238,0,0
2011-05-25 03:00:00,-1.8576818,0,0
2011-05-25 04:00:00,-1.7931477,0,0
2011-05-25 05:00:00,-1.8059794,0,0
2011-05-25 06:00:00,-1.799141,0,0
2011-05-25 07:00:00,-1.8143766,0,0
2011-05-25 08:00:00,-1.6968358,0,0
2011-05-25 09:00:00,-1.4878429,0,0
2011-05-25 10:00:00,-1.3059736,0,0
2011-05-25 11:00:00,-1.1442487,0,0
2011-05-25 12:00:00,-1.1156608,0,0
2011-05-25 13:00:00,-1.1382743,0,0
2011-05-25 14:00:00,-1.1196681,0,0
2011-05-25 15:00:00,-1.2159734,0,0
2011-05-25 16:00:00,-1.2081947,0,0
2011-05-25 17:00:00,-1.2978336,0,0
2011-05-25 18:00:00,-1.419579,0,0
2011-05-25 19:00:00,-1.5248365,0,0
2011-05-25 20:00:00,-1.584917,0,0
2011-05-25 21:00:00,-1.6393173,0,0
2011-05-25 22:00:00,-1.6986537,0,0
2011-05-25 23:00:00,-1.7132397,0,0
2011-05-26 00:00:00,-1.7000403,0,0
2011-05-26 01:00:00,-1.6901487,0,0
2011-05-26 02:00:00,-1.6746399,0,0
2011-05-26 03:00:00,-1.7019044,0,0
2011-05-26 04:00:00,-1.7363534,0,0
2011-05-26 05:00:00,-1.7585216,0,0
2011-05-26 06:00:00,-1.7365887,0,0
2011-05-26 07:00:00,-1.7290064,0,0
2011-05-26 08:00:00,-1.5903077,0,0
2011-05-26 09:00:00,-1.4322788,0,0
2011-05-26 10:00:00,-1.2893199,0,0
2011-05-26 11:00:00,-1.1830279,0,0
2011-05-26 12:00:00,-1.1470176,0,0
2011-05-26 13:00:00,-1.1055114,0,0
2011-05-26 14:00:00,-1.0614291,0,0
2011-05-26 15:00:00,-1.0499521,0,0
2011-05-26 16:00:00,-0.8565358,0,0
2011-05-26 17:00:00,-0.9485619,0,0
2011-05-26 18:00:00,-1.0177392,0,0
2011-05-26 19:00:00,-1.0582273,0,0
2011-05-26 20:00:00,-1.1208715,0,0
2011-05-26 21:00:00,-1.1550809,0,0
2011-05-26 22:00:00,-1.2010651,0,0
2011-05-26 23:00:00,-1.2336146,0,0
2011-05-27 00:00:00,-1.2706108,0,0
2011-05-27 01:00:00,-1.3282876,0,0
2011-05-27 02:00:00,-1.4065037,0,0
2011-05-27 03:00:00,-1.437311,0,0
2011-05-27 04:00:00,-1.4132696,0,0
2011-05-27 05:00:00,-1.4136648,0,0
2011-05-27 06:00:00,-1.4107524,0,0
2011-05-27 07:00:00,-1.4470048,0,0
2011-05-27 08:00:00,-1.2492048,0,0
2011-05-27 09:00:00,-1.0390295,0,0
2011-05-27 10:00:00,-0.94338524,0,0
2011-05-27 11:00:00,-0.8874728,0,0
2011-05-27 12:00:00,-0.7650249,0,0
2011-05-27 13:00:00,-0.7418655,0,0
2011-05-27 14:00:00,-0.74519205,0,0
2011-05-27 15:00:00,-0.8329358,0,0
2011-05-27 16:00:00,-0.8109442,0,0
2011-05-27 17:00:00,-0.9140299,0,0
2011-05-27 18:00:00,-0.9765454,0,0
2011-05-27 19:00:00,-1.0683682,0,0
2011-05-27 20:00:00,-1.219942,0,0
2011-05-27 21:00:00,-1.425223,0,0
2011-05-27 22:00:00,-1.6252356,0,0
2011-05-27 23:00:00,-1.6864552,0,0
2011-05-28 00:00:00,-1.7504617,1,0
2011-05-28 01:00:00,-1.9379123,1,0
2011-05-28 02:00:00,-2.102291,1,0
2011-05-28 03:00:00,-2.1632442,1,0
2011-05-28 04:00:00,-1.9818907,1,0
2011-05-28 05:00:00,-2.0433993,1,0
2011-05-28 06:00:00,-2.1332648,1,0
2011-05-28 07:00:00,-2.084952,1,0
2011-05-28 08:00:00,-1.8237882,1,0
2011-05-28 09:00:00,-1.4376082,1,0
2011-05-28 10:00:00,-1.1620575,1,0
2011-05-28 11:00:00,-1.034552,1,0
2011-05-28 12:00:00,-0.8818806,1,0
2011-05-28 13:00:00,-0.87111086,1,0
2011-05-28 14:00:00,-0.8462571,1,0
2011-05-28 15:00:00,-0.89785475,1,0
2011-05-28 16:00:00,-0.8570312,1,0
2011-05-28 17:00:00,-0.96220326,1,0
2011-05-28 18:00:00,-1.1306257,1,0
2011-05-28 19:00:00,-1.2568179,1,0
2011-05-28 20:00:00,-1.4384595,1,0
2011-05-28 21:00:00,-1.464265,1,0
2011-05-28 22:00:00,-1.5926577,1,0
2011-05-28 23:00:00,-1.6666625,1,0
2011-05-29 00:00:00,-1.7302734,1,0
2011-05-29 01:00:00,-1.8569121,1,0
2011-05-29 02:00:00,-1.8941435,1,0
2011-05-29 03:00:00,-1.9179405,1,0
2011-05-29 04:00:00,-1.7940451,1,0
2011-05-29 05:00:00,-1.814299,1,0
2011-05-29 06:00:00,-1.8286184,1,0
2011-05-29 07:00:00,-1.8973261,1,0
2011-05-29 08:00:00,-1.7164092,1,0
2011-05-29 09:00:00,-1.2960812,1,0
2011-05-29 10:00:00,-1.1461266,1,0
2011-05-29 11:00:00,-0.9886476,1,0
2011-05-29 12:00:00,-0.8808211,1,0
2011-05-29 13:00:00,-0.80016917,1,0
2011-05-29 14:00:00,-0.75834996,1,0
2011-05-29 15:00:00,-0.7951075,1,0
2011-05-29 16:00:00,-0.8645211,1,0
2011-05-29 17:00:00,-1.0537373,1,0
2011-05-29 18:00:00,-1.217129,1,0
2011-05-29 19:00:00,-1.3210709,1,0
2011-05-29 20:00:00,-1.4641464,1,0
2011-05-29 21:00:00,-1.5933608,1,0
2011-05-29 22:00:00,-1.736092,1,0
2011-05-29 23:00:00,-1.8886961,1,0
2011-05-30 00:00:00,-1.998197,0,0
2011-05-30 01:00:00,-2.128727,0,0
2011-05-30 02:00:00,-2.2290804,0,0
2011-05-30 03:00:00,-2.430904,0,0
2011-05-30 04:00:00,-2.493451,0,0
2011-05-30 05:00:00,-2.626514,0,0
2011-05-30 06:00:00,-2.6822762,0,0
2011-05-30 07:00:00,-2.7916176,0,0
2011-05-30 08:00:00,-2.2362914,0,0
2011-05-30 09:00:00,-1.751389,0,0
2011-05-30 10:00:00,-1.5642616,0,0
2011-05-30 11:00:00,-1.4187806,0,0
2011-05-30 12:00:00,-1.2772998,0,0
2011-05-30 13:00:00,-1.1751683,0,0
2011-05-30 14:00:00,-1.1522286,0,0
2011-05-30 15:00:00,-1.195175,0,0
2011-05-30 16:00:00,-1.2282194,0,0
2011-05-30 17:00:00,-1.4393928,0,0
2011-05-30 18:00:00,-1.6702076,0,0
2011-05-30 19:00:00,-1.8948847,0,0
2011-05-30 20:00:00,-2.0869975,0,0
2011-05-30 21:00:00,-2.2033613,0,0
2011-05-30 22:00:00,-2.2785053,0,0
2011-05-30 23:00:00,-2.3123004,0,0
2011-05-31 00:00:00,-2.3270435,0,0
2011-05-31 01:00:00,-2.3388937,0,0
2011-05-31 02:00:00,-2.3612192,0,0
2011-05-31 03:00:00,-2.3650796,0,0
2011-05-31 04:00:00,-2.480804,0,0
2011-05-31 05:00:00,-2.5605547,0,0
2011-05-31 06:00:00,-2.60035,0,0
2011-05-31 07:00:00,-2.6220095,0,0
2011-05-31 08:00:00,-2.4334326,0,0
2011-05-31 09:00:00,-2.1025896,0,0
2011-05-31 10:00:00,-1.8340062,0,0
2011-05-31 11:00:00,-1.6308725,0,0
2011-05-31 12:00:00,-1.5086132,0,0
2011-05-31 13:00:00,-1.4365107,0,0
2011-05-31 14:00:00,-1.4146279,0,0
2011-05-31 15:00:00,-1.4192313,0,0
2011-05-31 16:00:00,-1.3594339,0,0
2011-05-31 17:00:00,-1.5286313,0,0
2011-05-31 18:00:00,-1.7187202,0,0
2011-05-31 19:00:00,-1.8736647,0,0
2011-05-31 20:00:00,-2.0093224,0,0
2011-05-31 21:00:00,-2.0984092,0,0
2011-05-31 22:00:00,-2.1776047,0,0
2011-05-31 23:00:00,-2.2346318,0,0
2011-06-01 00:00:00,-2.2876074,0,0
2011-06-01 01:00:00,-2.3312,0,0
2011-06-01 02:00:00,-2.363495,0,0
2011-06-01 03:00:00,-2.4051733,0,0
2011-06-01 04:00:00,-2.5274308,0,0
2011-06-01 05:00:00,-2.5825438,0,0
2011-06-01 06:00:00,-2.610392,0,0
2011-06-01 07:00:00,-2.6401236,0,0
2011-06-01 08:00:00,-2.4317045,0,0
2011-06-01 09:00:00,-1.9882106,0,0
2011-06-01 10:00:00,-1.5767235,0,0
2011-06-01 11:00:00,-1.3271673,0,0
2011-06-01 12:00:00,-1.1272784,0,0
2011-06-01 13:00:00,-0.9805683,0,0
2011-06-01 14:00:00,-0.9228474,0,0
2011-06-01 15:00:00,-0.9342503,0,0
2011-06-01 16:00:00,-0.94436616,0,0
2011-06-01 17:00:00,-1.0484214,0,0
2011-06-01 18:00:00,-1.4641631,0,0
2011-06-01 19:00:00,-1.6925474,0,0
2011-06-01 20:00:00,-1.7825669,0,0
2011-06-01 21:00:00,-1.8438686,0,0
2011-06-01 22:00:00,-1.8968322,0,0
2011-06-01 23:00:00,-1.9274676,0,0
2011-06-02 00:00:00,-1.9611561,0,0
2011-06-02 01:00:00,-1.9743364,0,0
2011-06-02 02:00:00,-1.9745717,0,0
2011-06-02 03:00:00,-1.9587455,0,0
2011-06-02 04:00:00,-2.022168,0,0
2011-06-02 05:00:00,-1.9878109,0,0
2011-06-02 06:00:00,-1.9237031,0,0
2011-06-02 07:00:00,-1.8760834,0,0
2011-06-02 08:00:00,-1.6700516,0,0
2011-06-02 09:00:00,-1.2560683,0,0
2011-06-02 10:00:00,-0.89181376,0,0
2011-06-02 11:00:00,-0.6456552,0,0
2011-06-02 12:00:00,-0.48747548,0,0
2011-06-02 13:00:00,-0.39255545,0,0
2011-06-02 14:00:00,-0.34950247,0,0
2011-06-02 15:00:00,-0.34869206,0,0
2011-06-02 16:00:00,-0.54671615,0,0
2011-06-02 17:00:00,-0.7885707,0,0
2011-06-02 18:00:00,-0.9680161,0,0
2011-06-02 19:00:00,-1.082426,0,0
2011-06-02 20:00:00,-1.1451522,0,0
2011-06-02 21:00:00,-1.1787777,0,0
2011-06-02 22:00:00,-1.2545902,0,0
2011-06-02 23:00:00,-1.2934062,0,0
2011-06-03 00:00:00,-1.3379025,0,0
2011-06-03 01:00:00,-1.3849628,0,0
2011-06-03 02:00:00,-1.3848805,0,0
2011-06-03 03:00:00,-1.3936918,0,0
2011-06-03 04:00:00,-1.3609002,0,0
2011-06-03 05:00:00,-1.3824024,0,0
2011-06-03 06:00:00,-1.3883325,0,0
2011-06-03 07:00:00,-1.3695308,0,0
2011-06-03 08:00:00,-1.2479696,0,0
2011-06-03 09:00:00,-1.0563929,0,0
2011-06-03 10:00:00,-0.78191364,0,0
2011-06-03 11:00:00,-0.5226889,0,0
2011-06-03 12:00:00,-0.35423014,0,0
2011-06-03 13:00:00,-0.23943199,0,0
2011-06-03 14:00:00,-0.21375223,0,0
2011-06-03 15:00:00,-0.27406707,0,0
2011-06-03 16:00:00,-0.30779558,0,0
2011-06-03 17:00:00,-0.40468028,0,0
2011-06-03 18:00:00,-0.47238633,0,0
2011-06-03 19:00:00,-0.5762382,0,0
2011-06-03 20:00:00,-0.67512274,0,0
2011-06-03 21:00:00,-0.7420414,0,0
2011-06-03 22:00:00,-0.8045135,0,0
2011-06-03 23:00:00,-0.8986191,0,0
2011-06-04 00:00:00,-0.9564722,1,0
2011-06-04 01:00:00,-1.0259235,1,0
2011-06-04 02:00:00,-1.1273407,1,0
2011-06-04 03:00:00,-1.1435744,1,0
2011-06-04 04:00:00,-1.1751422,1,0
2011-06-04 05:00:00,-1.2714628,1,0
2011-06-04 06:00:00,-1.3990995,1,0
2011-06-04 07:00:00,-1.5022706,1,0
2011-06-04 08:00:00,-1.3891888,1,0
2011-06-04 09:00:00,-1.1065841,1,0
2011-06-04 10:00:00,-1.0469421,1,0
2011-06-04 11:00:00,-0.9746152,1,0
2011-06-04 12:00:00,-0.923904,1,0
2011-06-04 13:00:00,-0.89174443,1,0
2011-06-04 14:00:00,-0.91056097,1,0
2011-06-04 15:00:00,-0.9719683,1,0
2011-06-04 16:00:00,-0.9546407,1,0
2011-06-04 17:00:00,-1.0790998,1,0
2011-06-04 18:00:00,-1.2743092,1,0
2011-06-04 19:00:00,-1.4446148,1,0
2011-06-04 20:00:00,-1.5723699,1,0
2011-06-04 21:00:00,-1.6158024,1,0
2011-06-04 22:00:00,-1.6302284,1,0
2011-06-04 23:00:00,-1.6772816,1,0
2011-06-05 00:00:00,-1.6684468,1,0
2011-06-05 01:00:00,-1.6848215,1,0
2011-06-05 02:00:00,-1.7257558,1,0
2011-06-05 03:00:00,-1.7429687,1,0
2011-06-05 04:00:00,-1.6999531,1,0
2011-06-05 05:00:00,-1.7334533,1,0
2011-06-05 06:00:00,-1.7209976,1,0
2011-06-05 07:00:00,-1.7054889,1,0
2011-06-05 08:00:00,-1.5620892,1,0
2011-06-05 09:00:00,-1.3206656,1,0
2011-06-05 10:00:00,-1.1640178,1,0
2011-06-05 11:00:00,-0.9993518,1,0
2011-06-05 12:00:00,-0.91202915,1,0
2011-06-05 13:00:00,-0.8472667,1,0
2011-06-05 14:00:00,-0.89451784,1,0
2011-06-05 15:00:00,-0.9213405,1,0
2011-06-05 16:00:00,-0.89300877,1,0
2011-06-05 17:00:00,-1.0369415,1,0
2011-06-05 18:00:00,-1.1372626,1,0
2011-06-05 19:00:00,-1.1688409,1,0
2011-06-05 20:00:00,-1.1916074,1,0
2011-06-05 21:00:00,-1.2036443,1,0
2011-06-05 22:00:00,-1.2667661,1,0
2011-06-05 23:00:00,-1.3838493,1,0
2011-06-06 00:00:00,-1.5332466,0,0
2011-06-06 01:00:00,-1.600483,0,0
2011-06-06 02:00:00,-1.761573,0,0
2011-06-06 03:00:00,-1.8929126,0,0
2011-06-06 04:00:00,-2.0465925,0,0
2011-06-06 05:00:00,-2.2196417,0,0
2011-06-06 06:00:00,-2.2865415,0,0
2011-06-06 07:00:00,-2.466269,0,0
2011-06-06 08:00:00,-2.152057,0,0
2011-06-06 09:00:00,-1.6633184,0,0
2011-06-06 10:00:00,-1.6827575,0,0
2011-06-06 11:00:00,-1.5812788,0,0
2011-06-06 12:00:00,-1.4428982,0,0
2011-06-06 13:00:00,-1.3857957,0,0
2011-06-06 14:00:00,-1.3817942,0,0
2011-06-06 15:00:00,-1.4479659,0,0
2011-06-06 16:00:00,-1.3855702,0,0
2011-06-06 17:00:00,-1.3912982,0,0
2011-06-06 18:00:00,-1.5650835,0,0
2011-06-06 19:00:00,-1.7096467,0,0
2011-06-06 20:00:00,-1.8702713,0,0
2011-06-06 21:00:00,-1.9364583,0,0
2011-06-06 22:00:00,-2.0270452,0,0
2011-06-06 23:00:00,-2.0504591,0,0
2011-06-07 00:00:00,-1.9874251,0,0
2011-06-07 01:00:00,-2.0289147,0,0
2011-06-07 02:00:00,-2.014322,0,0
2011-06-07 03:00:00,-2.009856,0,0
2011-06-07 04:00:00,-1.9047458,0,0
2011-06-07 05:00:00,-1.865249,0,0
2011-06-07 06:00:00,-1.838603,0,0
2011-06-07 07:00:00,-1.8515166,0,0
2011-06-07 08:00:00,-1.7470152,0,0
2011-06-07 09:00:00,-1.5687954,0,0
2011-06-07 10:00:00,-1.4627265,0,0
2011-06-07 11:00:00,-1.3518766,0,0
2011-06-07 12:00:00,-1.317227,0,0
2011-06-07 13:00:00,-1.2986041,0,0
2011-06-07 14:00:00,-1.3591344,0,0
2011-06-07 15:00:00,-1.5447298,0,0
2011-06-07 16:00:00,-1.6422685,0,0
2011-06-07 17:00:00,-1.8400729,0,0
2011-06-07 18:00:00,-2.0153725,0,0
2011-06-07 19:00:00,-2.130839,0,0
2011-06-07 20:00:00,-2.1890366,0,0
2011-06-07 21:00:00,-2.2157416,0,0
2011-06-07 22:00:00,-2.2263072,0,0
2011-06-07 23:00:00,-2.2929718,0,0
2011-06-08 00:00:00,-2.3857615,0,0
2011-06-08 01:00:00,-2.4576168,0,0
2011-06-08 02:00:00,-2.505656,0,0
2011-06-08 03:00:00,-2.538441,0,0
2011-06-08 04:00:00,-2.5687706,0,0
2011-06-08 05:00:00,-2.589197,0,0
2011-06-08 06:00:00,-2.572295,0,0
2011-06-08 07:00:00,-2.5784645,0,0
2011-06-08 08:00:00,-2.46909,0,0
2011-06-08 09:00:00,-2.2520537,0,0
2011-06-08 10:00:00,-2.120349,0,0
2011-06-08 11:00:00,-2.0189424,0,0
2011-06-08 12:00:00,-1.9202956,0,0
2011-06-08 13:00:00,-1.8478565,0,0
2011-06-08 14:00:00,-1.8144999,0,0
2011-06-08 15:00:00,-1.7666719,0,0
2011-06-08 16:00:00,-1.6645621,0,0
2011-06-08 17:00:00,-1.7883939,0,0
2011-06-08 18:00:00,-1.8649933,0,0
2011-06-08 19:00:00,-1.9344882,0,0
2011-06-08 20:00:00,-2.0047266,0,0
2011-06-08 21:00:00,-2.0596166,0,0
2011-06-08 22:00:00,-2.103209,0,0
2011-06-08 23:00:00,-2.1481948,0,0
2011-06-09 00:00:00,-2.197882,0,0
2011-06-09 01:00:00,-2.2719524,0,0
2011-06-09 02:00:00,-2.3377786,0,0
2011-06-09 03:00:00,-2.432718,0,0
2011-06-09 04:00:00,-2.4164596,0,0
2011-06-09 05:00:00,-2.5825636,0,0
2011-06-09 06:00:00,-2.6241477,0,0
2011-06-09 07:00:00,-2.6472008,0,0
2011-06-09 08:00:00,-2.3815901,0,0
2011-06-09 09:00:00,-1.9368194,0,0
2011-06-09 10:00:00,-1.6630164,0,0
2011-06-09 11:00:00,-1.487285,0,0
2011-06-09 12:00:00,-1.4156721,0,0
2011-06-09 13:00:00,-1.3396124,0,0
2011-06-09 14:00:00,-1.3192173,0,0
2011-06-09 15:00:00,-1.3477266,0,0
2011-06-09 16:00:00,-1.3508499,0,0
2011-06-09 17:00:00,-1.4488107,0,0
2011-06-09 18:00:00,-1.5368674,0,0
2011-06-09 19:00:00,-1.6115528,0,0
2011-06-09 20:00:00,-1.6452726,0,0
2011-06-09 21:00:00,-1.6936605,0,0
2011-06-09 22:00:00,-1.7292633,0,0
2011-06-09 23:00:00,-1.7902477,0,0
2011-06-10 00:00:00,-1.8295532,0,0
2011-06-10 01:00:00,-1.8471805,0,0
2011-06-10 02:00:00,-1.8655512,0,0
2011-06-10 03:00:00,-1.9187814,0,0
2011-06-10 04:00:00,-1.8969427,0,0
2011-06-10 05:00:00,-1.9607139,0,0
2011-06-10 06:00:00,-1.9738942,0,0
2011-06-10 07:00:00,-2.031825,0,0
2011-06-10 08:00:00,-1.9480042,0,0
2011-06-10 09:00:00,-1.6481166,0,0
2011-06-10 10:00:00,-1.5063014,0,0
2011-06-10 11:00:00,-1.4359607,0,0
2011-06-10 12:00:00,-1.3509519,0,0
2011-06-10 13:00:00,-1.3239174,0,0
2011-06-10 14:00:00,-1.3366271,0,0
2011-06-10 15:00:00,-1.3776551,0,0
2011-06-10 16:00:00,-1.3909099,0,0
2011-06-10 17:00:00,-1.530568,0,0
2011-06-10 18:00:00,-1.6640371,0,0
2011-06-10 19:00:00,-1.7471386,0,0
2011-06-10 20:00:00,-1.8010614,0,0
2011-06-10 21:00:00,-1.8799392,0,0
2011-06-10 22:00:00,-1.8908223,0,0
2011-06-10 23:00:00,-1.927087,0,0
2011-06-11 00:00:00,-1.9826262,1,0
2011-06-11 01:00:00,-2.0134337,1,0
2011-06-11 02:00:00,-2.067313,1,0
2011-06-11 03:00:00,-2.1129484,1,0
2011-06-11 04:00:00,-2.060472,1,0
2011-06-11 05:00:00,-2.1187985,1,0
2011-06-11 06:00:00,-2.119288,1,0
2011-06-11 07:00:00,-2.138798,1,0
2011-06-11 08:00:00,-2.0988116,1,0
2011-06-11 09:00:00,-1.9408215,1,0
2011-06-11 10:00:00,-1.9874187,1,0
2011-06-11 11:00:00,-1.9612136,1,0
2011-06-11 12:00:00,-1.9059508,1,0
2011-06-11 13:00:00,-1.8690902,1,0
2011-06-11 14:00:00,-1.8712467,1,0
2011-06-11 15:00:00,-1.9147294,1,0
2011-06-11 16:00:00,-1.8823727,1,0
2011-06-11 17:00:00,-2.0114896,1,0
2011-06-11 18:00:00,-2.1300528,1,0
2011-06-11 19:00:00,-2.1899102,1,0
2011-06-11 20:00:00,-2.24646,1,0
2011-06-11 21:00:00,-2.3046572,1,0
2011-06-11 22:00:00,-2.3566658,1,0
2011-06-11 23:00:00,-2.4063773,1,0
2011-06-12 00:00:00,-2.3283699,1,0
2011-06-12 01:00:00,-2.131016,1,0
2011-06-12 02:00:00,-2.0130875,1,0
2011-06-12 03:00:00,-1.9927202,1,0
2011-06-12 04:00:00,-2.0451,1,0
2011-06-12 05:00:00,-2.081098,1,0
2011-06-12 06:00:00,-2.0808437,1,0
2011-06-12 07:00:00,-2.0723453,1,0
2011-06-12 08:00:00,-2.0108523,1,0
2011-06-12 09:00:00,-1.8771945,1,0
2011-06-12 10:00:00,-1.7119076,1,0
2011-06-12 11:00:00,-1.5710864,1,0
2011-06-12 12:00:00,-1.4712495,1,0
2011-06-12 13:00:00,-1.4979656,1,0
2011-06-12 14:00:00,-1.5126406,1,0
2011-06-12 15:00:00,-1.5781727,1,0
2011-06-12 16:00:00,-1.5421644,1,0
2011-06-12 17:00:00,-1.6304878,1,0
2011-06-12 18:00:00,-1.7409672,1,0
2011-06-12 19:00:00,-1.8125992,1,0
2011-06-12 20:00:00,-1.796472,1,0
2011-06-12 21:00:00,-1.7898057,1,0
2011-06-12 22:00:00,-1.773662,1,0
2011-06-12 23:00:00,-1.7884078,1,0
2011-06-13 00:00:00,-1.8396604,0,1
2011-06-13 01:00:00,-1.898241,0,1
2011-06-13 02:00:00,-1.9554281,0,1
2011-06-13 03:00:00,-2.041794,0,1
2011-06-13 04:00:00,-2.0644517,0,1
2011-06-13 05:00:00,-2.1164482,0,1
2011-06-13 06:00:00,-2.1359584,0,1
2011-06-13 07:00:00,-2.1886985,0,1
2011-06-13 08:00:00,-2.1201952,0,1
2011-06-13 09:00:00,-1.959367,0,1
2011-06-13 10:00:00,-1.7623212,0,1
2011-06-13 11:00:00,-1.6111063,0,1
2011-06-13 12:00:00,-1.54403,0,1
2011-06-13 13:00:00,-1.5816869,0,1
2011-06-13 14:00:00,-1.5996695,0,1
2011-06-13 15:00:00,-1.6619496,0,1
2011-06-13 16:00:00,-1.7476625,0,1
2011-06-13 17:00:00,-1.8708447,0,1
2011-06-13 18:00:00,-1.9871764,0,1
2011-06-13 19:00:00,-2.0276647,0,1
2011-06-13 20:00:00,-2.0794501,0,1
2011-06-13 21:00:00,-2.142012,0,1
2011-06-13 22:00:00,-2.1672456,0,1
2011-06-13 23:00:00,-2.1983194,0,1
2011-06-14 00:00:00,-2.257402,0,0
2011-06-14 01:00:00,-2.3294291,0,0
2011-06-14 02:00:00,-2.4063928,0,0
2011-06-14 03:00:00,-2.492994,0,0
2011-06-14 04:00:00,-2.5015676,0,0
2011-06-14 05:00:00,-2.5476925,0,0
2011-06-14 06:00:00,-2.53128,0,0
2011-06-14 07:00:00,-2.5292058,0,0
2011-06-14 08:00:00,-2.4569051,0,0
2011-06-14 09:00:00,-2.1226647,0,0
2011-06-14 10:00:00,-1.9628018,0,0
2011-06-14 11:00:00,-1.8760898,0,0
2011-06-14 12:00:00,-1.7560335,0,0
2011-06-14 13:00:00,-1.6758978,0,0
2011-06-14 14:00:00,-1.6680093,0,0
2011-06-14 15:00:00,-1.6927259,0,0
2011-06-14 16:00:00,-1.6587485,0,0
2011-06-14 17:00:00,-1.8381162,0,0
2011-06-14 18:00:00,-2.0194016,0,0
2011-06-14 19:00:00,-2.1452885,0,0
2011-06-14 20:00:00,-2.2617612,0,0
2011-06-14 21:00:00,-2.3344502,0,0
2011-06-14 22:00:00,-2.391395,0,0
2011-06-14 23:00:00,-2.455668,0,0
2011-06-15 00:00:00,-2.5072503,0,0
2011-06-15 01:00:00,-2.6108167,0,0
2011-06-15 02:00:00,-2.696596,0,0
2011-06-15 03:00:00,-2.7428155,0,0
2011-06-15 04:00:00,-2.9698322,0,0
2011-06-15 05:00:00,-3.0495048,0,0
2011-06-15 06:00:00,-3.0295613,0,0
2011-06-15 07:00:00,-2.9930358,0,0
2011-06-15 08:00:00,-2.8262153,0,0
2011-06-15 09:00:00,-2.4326582,0,0
2011-06-15 10:00:00,-2.0515013,0,0
2011-06-15 11:00:00,-1.7705468,0,0
2011-06-15 12:00:00,-1.5796145,0,0
2011-06-15 13:00:00,-1.4707265,0,0
2011-06-15 14:00:00,-1.4569036,0,0
2011-06-15 15:00:00,-1.500594,0,0
2011-06-15 16:00:00,-1.454957,0,0
2011-06-15 17:00:00,-1.6093818,0,0
2011-06-15 18:00:00,-1.9098517,0,0
2011-06-15 19:00:00,-2.2949119,0,0
2011-06-15 20:00:00,-2.5074267,0,0
2011-06-15 21:00:00,-2.5025942,0,0
2011-06-15 22:00:00,-2.469788,0,0
2011-06-15 23:00:00,-2.4622567,0,0
2011-06-16 00:00:00,-2.471863,0,0
2011-06-16 01:00:00,-2.5158386,0,0
2011-06-16 02:00:00,-2.5664926,0,0
2011-06-16 03:00:00,-2.62927,0,0
2011-06-16 04:00:00,-2.8098624,0,0
2011-06-16 05:00:00,-2.892404,0,0
2011-06-16 06:00:00,-2.9634254,0,0
2011-06-16 07:00:00,-2.9965467,0,0
2011-06-16 08:00:00,-2.8969817,0,0
2011-06-16 09:00:00,-2.6303487,0,0
2011-06-16 10:00:00,-2.3275287,0,0
2011-06-16 11:00:00,-2.077958,0,0
2011-06-16 12:00:00,-1.8761913,0,0
2011-06-16 13:00:00,-1.6975278,0,0
2011-06-16 14:00:00,-1.5740081,0,0
2011-06-16 15:00:00,-1.4993973,0,0
2011-06-16 16:00:00,-1.4944696,0,0
2011-06-16 17:00:00,-1.6031603,0,0
2011-06-16 18:00:00,-1.6353577,0,0
2011-06-16 19:00:00,-1.5731746,0,0
2011-06-16 20:00:00,-1.4337977,0,0
2011-06-16 21:00:00,-1.2839962,0,0
2011-06-16 22:00:00,-1.2784103,0,0
2011-06-16 23:00:00,-1.4746836,0,0
2011-06-17 00:00:00,-1.5721133,0,0
2011-06-17 01:00:00,-1.659133,0,0
2011-06-17 02:00:00,-1.7355173,0,0
2011-06-17 03:00:00,-1.76378,0,0
2011-06-17 04:00:00,-1.7473041,0,0
2011-06-17 05:00:00,-1.7627938,0,0
2011-06-17 06:00:00,-1.7524124,0,0
2011-06-17 07:00:00,-1.7604023,0,0
2011-06-17 08:00:00,-1.6559007,0,0
2011-06-17 09:00:00,-1.4703407,0,0
2011-06-17 10:00:00,-1.3637943,0,0
2011-06-17 11:00:00,-1.277482,0,0
2011-06-17 12:00:00,-1.2046045,0,0
2011-06-17 13:00:00,-1.1843382,0,0
2011-06-17 14:00:00,-1.1823921,0,0
2011-06-17 15:00:00,-1.1653636,0,0
2011-06-17 16:00:00,-1.1600709,0,0
2011-06-17 17:00:00,-1.2527632,0,0
2011-06-17 18:00:00,-1.3091718,0,0
2011-06-17 19:00:00,-1.3251823,0,0
2011-06-17 20:00:00,-1.3386291,0,0
2011-06-17 21:00:00,-1.3410329,0,0
2011-06-17 22:00:00,-1.3424386,0,0
2011-06-17 23:00:00,-1.3857136,0,0
2011-06-18 00:00:00,-1.3946191,1,0
2011-06-18 01:00:00,-1.4259474,1,0
2011-06-18 02:00:00,-1.4325436,1,0
2011-06-18 03:00:00,-1.4539679,1,0
2011-06-18 04:00:00,-1.4173012,1,0
2011-06-18 05:00:00,-1.4438219,1,0
2011-06-18 06:00:00,-1.4804695,1,0
2011-06-18 07:00:00,-1.5607287,1,0
2011-06-18 08:00:00,-1.4650384,1,0
2011-06-18 09:00:00,-1.1292716,1,0
2011-06-18 10:00:00,-0.9360106,1,0
2011-06-18 11:00:00,-0.77278143,1,0
2011-06-18 12:00:00,-0.7142423,1,0
2011-06-18 13:00:00,-0.6773939,1,0
2011-06-18 14:00:00,-0.68442345,1,0
2011-06-18 15:00:00,-0.70730346,1,0
2011-06-18 16:00:00,-0.73137814,1,0
2011-06-18 17:00:00,-0.8857042,1,0
2011-06-18 18:00:00,-0.9720355,1,0
2011-06-18 19:00:00,-1.0446658,1,0
2011-06-18 20:00:00,-1.1146379,1,0
2011-06-18 21:00:00,-1.2053727,1,0
2011-06-18 22:00:00,-1.3165214,1,0
2011-06-18 23:00:00,-1.4093934,1,0
2011-06-19 00:00:00,-1.467642,1,0
2011-06-19 01:00:00,-1.4851912,1,0
2011-06-19 02:00:00,-1.5323144,1,0
2011-06-19 03:00:00,-1.5403042,1,0
2011-06-19 04:00:00,-1.5153301,1,0
2011-06-19 05:00:00,-1.4816223,1,0
2011-06-19 06:00:00,-1.4373614,1,0
2011-06-19 07:00:00,-1.4418081,1,0
2011-06-19 08:00:00,-1.4279472,1,0
2011-06-19 09:00:00,-1.30215,1,0
2011-06-19 10:00:00,-1.100262,1,0
2011-06-19 11:00:00,-0.9367951,1,0
2011-06-19 12:00:00,-0.825845,1,0
2011-06-19 13:00:00,-0.7345187,1,0
2011-06-19 14:00:00,-0.7490605,1,0
2011-06-19 15:00:00,-0.76736057,1,0
2011-06-19 16:00:00,-0.73309004,1,0
2011-06-19 17:00:00,-0.7254058,1,0
2011-06-19 18:00:00,-0.782464,1,0
2011-06-19 19:00:00,-0.8884533,1,0
2011-06-19 20:00:00,-0.99187875,1,0
2011-06-19 21:00:00,-1.0595413,1,0
2011-06-19 22:00:00,-1.0869004,1,0
2011-06-19 23:00:00,-1.1269499,1,0
2011-06-20 00:00:00,-1.140874,0,0
2011-06-20 01:00:00,-1.1846265,0,0
2011-06-20 02:00:00,-1.2481434,0,0
2011-06-20 03:00:00,-1.2792051,0,0
2011-06-20 04:00:00,-1.2745042,0,0
2011-06-20 05:00:00,-1.3025124,0,0
2011-06-20 06:00:00,-1.3216273,0,0
2011-06-20 07:00:00,-1.3421357,0,0
2011-06-20 08:00:00,-1.3193811,0,0
2011-06-20 09:00:00,-1.1825533,0,0
2011-06-20 10:00:00,-1.0552564,0,0
2011-06-20 11:00:00,-0.8685573,0,0
2011-06-20 12:00:00,-0.7643635,0,0
2011-06-20 13:00:00,-0.6979534,0,0
2011-06-20 14:00:00,-0.6501805,0,0
2011-06-20 15:00:00,-0.6848354,0,0
2011-06-20 16:00:00,-0.7189368,0,0
2011-06-20 17:00:00,-0.7984053,0,0
2011-06-20 18:00:00,-0.8425002,0,0
2011-06-20 19:00:00,-0.8767199,0,0
2011-06-20 20:00:00,-0.84370506,0,0
2011-06-20 21:00:00,-0.8264854,0,0
2011-06-20 22:00:00,-1.1057104,0,0
2011-06-20 23:00:00,-1.438674,0,0
2011-06-21 00:00:00,-1.6991259,0,0
2011-06-21 01:00:00,-1.8355126,0,0
2011-06-21 02:00:00,-1.9646536,0,0
2011-06-21 03:00:00,-2.151094,0,0
2011-06-21 04:00:00,-2.1877701,0,0
2011-06-21 05:00:00,-2.2227864,0,0
2011-06-21 06:00:00,-2.2830126,0,0
2011-06-21 07:00:00,-2.3714843,0,0
2011-06-21 08:00:00,-2.364236,0,0
2011-06-21 09:00:00,-2.2604473,0,0
2011-06-21 10:00:00,-2.1707184,0,0
2011-06-21 11:00:00,-2.0884774,0,0
2011-06-21 12:00:00,-2.0234175,0,0
2011-06-21 13:00:00,-1.979081,0,0
2011-06-21 14:00:00,-1.992942,0,0
2011-06-21 15:00:00,-1.9848237,0,0
2011-06-21 16:00:00,-1.9597474,0,0
2011-06-21 17:00:00,-1.9480238,0,0
2011-06-21 18:00:00,-1.9798683,0,0
2011-06-21 19:00:00,-1.9944031,0,0
2011-06-21 20:00:00,-2.0099995,0,0
2011-06-21 21:00:00,-2.0066261,0,0
2011-06-21 22:00:00,-2.0380998,0,0
2011-06-21 23:00:00,-2.017749,0,0
2011-06-22 00:00:00,-2.0008466,0,0
2011-06-22 01:00:00,-1.9685324,0,0
2011-06-22 02:00:00,-1.9734689,0,0
2011-06-22 03:00:00,-1.9381957,0,0
2011-06-22 04:00:00,-1.9312673,0,0
2011-06-22 05:00:00,-1.8651823,0,0
2011-06-22 06:00:00,-1.7884617,0,0
2011-06-22 07:00:00,-1.7113457,0,0
2011-06-22 08:00:00,-1.5871699,0,0
2011-06-22 09:00:00,-1.3456953,0,0
2011-06-22 10:00:00,-1.1852648,0,0
2011-06-22 11:00:00,-1.0730115,0,0
2011-06-22 12:00:00,-0.9495984,0,0
2011-06-22 13:00:00,-0.8511162,0,0
2011-06-22 14:00:00,-0.8240938,0,0
2011-06-22 15:00:00,-0.8080634,0,0
2011-06-22 16:00:00,-0.8001949,0,0
2011-06-22 17:00:00,-0.8852927,0,0
2011-06-22 18:00:00,-0.97152966,0,0
2011-06-22 19:00:00,-1.007559,0,0
2011-06-22 20:00:00,-0.99198705,0,0
2011-06-22 21:00:00,-1.022559,0,0
2011-06-22 22:00:00,-1.0204217,0,0
2011-06-22 23:00:00,-1.0107843,0,0
2011-06-23 00:00:00,-1.0201675,0,0
2011-06-23 01:00:00,-1.0253581,0,0
2011-06-23 02:00:00,-1.0484302,0,0
2011-06-23 03:00:00,-1.0663116,0,0
2011-06-23 04:00:00,-1.0982772,0,0
2011-06-23 05:00:00,-1.1300827,0,0
2011-06-23 06:00:00,-1.1248922,0,0
2011-06-23 07:00:00,-1.1477098,0,0
2011-06-23 08:00:00,-1.0612619,0,0
2011-06-23 09:00:00,-0.9611008,0,0
2011-06-23 10:00:00,-0.93303686,0,0
2011-06-23 11:00:00,-0.83553374,0,0
2011-06-23 12:00:00,-0.7993635,0,0
2011-06-23 13:00:00,-0.78660965,0,0
2011-06-23 14:00:00,-0.7624806,0,0
2011-06-23 15:00:00,-0.761024,0,0
2011-06-23 16:00:00,-0.7408765,0,0
2011-06-23 17:00:00,-0.8491752,0,0
2011-06-23 18:00:00,-0.9403364,0,0
2011-06-23 19:00:00,-1.0474647,0,0
2011-06-23 20:00:00,-1.1619211,0,0
2011-06-23 21:00:00,-1.2950027,0,0
2011-06-23 22:00:00,-1.4024487,0,0
2011-06-23 23:00:00,-1.4510597,0,0
2011-06-24 00:00:00,-1.467865,0,0
2011-06-24 01:00:00,-1.4844161,0,0
2011-06-24 02:00:00,-1.503531,0,0
2011-06-24 03:00:00,-1.5539619,0,0
2011-06-24 04:00:00,-1.6993855,0,0
2011-06-24 05:00:00,-1.8121943,0,0
2011-06-24 06:00:00,-1.9033244,0,0
2011-06-24 07:00:00,-1.9808598,0,0
2011-06-24 08:00:00,-1.827173,0,0
2011-06-24 09:00:00,-1.4935554,0,0
2011-06-24 10:00:00,-1.2306954,0,0
2011-06-24 11:00:00,-1.0192356,0,0
2011-06-24 12:00:00,-0.8853617,0,0
2011-06-24 13:00:00,-0.8115991,0,0
2011-06-24 14:00:00,-0.7992759,0,0
2011-06-24 15:00:00,-0.8158262,0,0
2011-06-24 16:00:00,-0.7575167,0,0
2011-06-24 17:00:00,-0.9429355,0,0
2011-06-24 18:00:00,-1.1708424,0,0
2011-06-24 19:00:00,-1.4337535,0,0
2011-06-24 20:00:00,-1.6248724,0,0
2011-06-24 21:00:00,-1.759755,0,0
2011-06-24 22:00:00,-1.8110052,0,0
2011-06-24 23:00:00,-1.8363842,0,0
2011-06-25 00:00:00,-1.8839192,1,0
2011-06-25 01:00:00,-1.9437841,1,0
2011-06-25 02:00:00,-2.005469,1,0
2011-06-25 03:00:00,-2.0463912,1,0
2011-06-25 04:00:00,-2.1357672,1,0
2011-06-25 05:00:00,-2.2111533,1,0
2011-06-25 06:00:00,-2.2966661,1,0
2011-06-25 07:00:00,-2.3676054,1,0
2011-06-25 08:00:00,-2.2949092,1,0
2011-06-25 09:00:00,-2.017817,1,0
2011-06-25 10:00:00,-1.7761972,1,0
2011-06-25 11:00:00,-1.5655756,1,0
2011-06-25 12:00:00,-1.407236,1,0
2011-06-25 13:00:00,-1.2844483,1,0
2011-06-25 14:00:00,-1.207688,1,0
2011-06-25 15:00:00,-1.1920184,1,0
2011-06-25 16:00:00,-1.2109845,1,0
2011-06-25 17:00:00,-1.4393221,1,0
2011-06-25 18:00:00,-1.5948696,1,0
2011-06-25 19:00:00,-1.7193241,1,0
2011-06-25 20:00:00,-1.8056121,1,0
2011-06-25 21:00:00,-1.8857934,1,0
2011-06-25 22:00:00,-1.9788888,1,0
2011-06-25 23:00:00,-2.0434039,1,0
2011-06-26 00:00:00,-2.0781806,1,0
2011-06-26 01:00:00,-2.0797582,1,0
2011-06-26 02:00:00,-2.0742311,1,0
2011-06-26 03:00:00,-2.0797348,1,0
2011-06-26 04:00:00,-2.0922656,1,0
2011-06-26 05:00:00,-2.111204,1,0
2011-06-26 06:00:00,-2.1294928,1,0
2011-06-26 07:00:00,-2.1434948,1,0
2011-06-26 08:00:00,-2.0402224,1,0
2011-06-26 09:00:00,-1.7657719,1,0
2011-06-26 10:00:00,-1.4894607,1,0
2011-06-26 11:00:00,-1.2546235,1,0
2011-06-26 12:00:00,-1.0525392,1,0
2011-06-26 13:00:00,-0.86885715,1,0
2011-06-26 14:00:00,-0.77691996,1,0
2011-06-26 15:00:00,-0.7635477,1,0
2011-06-26 16:00:00,-0.7986698,1,0
2011-06-26 17:00:00,-0.8898353,1,0
2011-06-26 18:00:00,-1.1045948,1,0
2011-06-26 19:00:00,-1.3651513,1,0
2011-06-26 20:00:00,-1.5465387,1,0
2011-06-26 21:00:00,-1.6282978,1,0
2011-06-26 22:00:00,-1.700454,1,0
2011-06-26 23:00:00,-1.7375913,1,0
2011-06-27 00:00:00,-1.8374547,0,0
2011-06-27 01:00:00,-1.8972687,0,0
2011-06-27 02:00:00,-2.085369,0,0
2011-06-27 03:00:00,-2.2558424,0,0
2011-06-27 04:00:00,-2.2696187,0,0
2011-06-27 05:00:00,-2.4426243,0,0
2011-06-27 06:00:00,-2.5624123,0,0
2011-06-27 07:00:00,-2.6289513,0,0
2011-06-27 08:00:00,-2.450184,0,0
2011-06-27 09:00:00,-2.0894263,0,0
2011-06-27 10:00:00,-1.6560742,0,0
2011-06-27 11:00:00,-1.4097886,0,0
2011-06-27 12:00:00,-1.2329569,0,0
2011-06-27 13:00:00,-1.1389915,0,0
2011-06-27 14:00:00,-1.0992973,0,0
2011-06-27 15:00:00,-1.1343951,0,0
2011-06-27 16:00:00,-1.1026537,0,0
2011-06-27 17:00:00,-1.3271554,0,0
2011-06-27 18:00:00,-1.5632118,0,0
2011-06-27 19:00:00,-1.7564828,0,0
2011-06-27 20:00:00,-1.9140543,0,0
2011-06-27 21:00:00,-2.024076,0,0
2011-06-27 22:00:00,-2.0950272,0,0
2011-06-27 23:00:00,-2.1466095,0,0
2011-06-28 00:00:00,-2.1899478,0,0
2011-06-28 01:00:00,-2.248858,0,0
2011-06-28 02:00:00,-2.2964706,0,0
2011-06-28 03:00:00,-2.3411245,0,0
2011-06-28 04:00:00,-2.453318,0,0
2011-06-28 05:00:00,-2.496484,0,0
2011-06-28 06:00:00,-2.5212793,0,0
2011-06-28 07:00:00,-2.561392,0,0
2011-06-28 08:00:00,-2.4840772,0,0
2011-06-28 09:00:00,-2.239428,0,0
2011-06-28 10:00:00,-2.0363576,0,0
2011-06-28 11:00:00,-1.8530829,0,0
2011-06-28 12:00:00,-1.702815,0,0
2011-06-28 13:00:00,-1.5716112,0,0
2011-06-28 14:00:00,-1.4804059,0,0
2011-06-28 15:00:00,-1.4500681,0,0
2011-06-28 16:00:00,-1.5258262,0,0
2011-06-28 17:00:00,-1.7695082,0,0
2011-06-28 18:00:00,-1.9609085,0,0
2011-06-28 19:00:00,-2.1031623,0,0
2011-06-28 20:00:00,-2.2089915,0,0
2011-06-28 21:00:00,-2.3007054,0,0
2011-06-28 22:00:00,-2.370995,0,0
2011-06-28 23:00:00,-2.424053,0,0
2011-06-29 00:00:00,-2.456348,0,0
2011-06-29 01:00:00,-2.4640834,0,0
2011-06-29 02:00:00,-2.4733844,0,0
2011-06-29 03:00:00,-2.487132,0,0
2011-06-29 04:00:00,-2.5938177,0,0
2011-06-29 05:00:00,-2.6166475,0,0
2011-06-29 06:00:00,-2.617149,0,0
2011-06-29 07:00:00,-2.6164806,0,0
2011-06-29 08:00:00,-2.4745684,0,0
2011-06-29 09:00:00,-2.1350164,0,0
2011-06-29 10:00:00,-1.6811559,0,0
2011-06-29 11:00:00,-1.3577379,0,0
2011-06-29 12:00:00,-1.1191392,0,0
2011-06-29 13:00:00,-0.96132046,0,0
2011-06-29 14:00:00,-0.87679344,0,0
2011-06-29 15:00:00,-0.8525503,0,0
2011-06-29 16:00:00,-0.94461197,0,0
2011-06-29 17:00:00,-1.1792941,0,0
2011-06-29 18:00:00,-1.3241427,0,0
2011-06-29 19:00:00,-1.381201,0,0
2011-06-29 20:00:00,-1.3844429,0,0
2011-06-29 21:00:00,-1.3570185,0,0
2011-06-29 22:00:00,-1.3302433,0,0
2011-06-29 23:00:00,-1.2885462,0,0
2011-06-30 00:00:00,-1.2505517,0,0
2011-06-30 01:00:00,-1.2133012,0,0
2011-06-30 02:00:00,-1.1979835,0,0
2011-06-30 03:00:00,-1.1749115,0,0
2011-06-30 04:00:00,-1.1698031,0,0
2011-06-30 05:00:00,-1.1622087,0,0
2011-06-30 06:00:00,-1.1907256,0,0
2011-06-30 07:00:00,-1.246335,0,0
2011-06-30 08:00:00,-1.24262,0,0
2011-06-30 09:00:00,-1.111237,0,0
2011-06-30 10:00:00,-0.96583563,0,0
2011-06-30 11:00:00,-0.75788444,0,0
2011-06-30 12:00:00,-0.6183544,0,0
2011-06-30 13:00:00,-0.48972663,0,0
2011-06-30 14:00:00,-0.4117015,0,0
2011-06-30 15:00:00,-0.4001179,0,0
2011-06-30 16:00:00,-0.36385778,0,0
2011-06-30 17:00:00,-0.5986851,0,0
2011-06-30 18:00:00,-0.7483802,0,0
2011-06-30 19:00:00,-0.85585713,0,0
2011-06-30 20:00:00,-0.93315727,0,0
2011-06-30 21:00:00,-0.98170507,0,0
2011-06-30 22:00:00,-1.0321361,0,0
2011-06-30 23:00:00,-1.0907167,0,0
2011-07-01 00:00:00,-1.1411475,0,0
2011-07-01 01:00:00,-1.1795372,0,0
2011-07-01 02:00:00,-1.2000455,0,0
2011-07-01 03:00:00,-1.2452856,0,0
2011-07-01 04:00:00,-1.2807164,0,0
2011-07-01 05:00:00,-1.2879622,0,0
2011-07-01 06:00:00,-1.2869639,0,0
2011-07-01 07:00:00,-1.3090378,0,0
2011-07-01 08:00:00,-1.2583526,0,0
2011-07-01 09:00:00,-1.0373863,0,0
2011-07-01 10:00:00,-0.7761863,0,0
2011-07-01 11:00:00,-0.5274414,0,0
2011-07-01 12:00:00,-0.32575676,0,0
2011-07-01 13:00:00,-0.19241564,0,0
2011-07-01 14:00:00,-0.13895041,0,0
2011-07-01 15:00:00,-0.15828767,0,0
2011-07-01 16:00:00,-0.23583864,0,0
2011-07-01 17:00:00,-0.51154166,0,0
2011-07-01 18:00:00,-0.68627405,0,0
2011-07-01 19:00:00,-0.82350147,0,0
2011-07-01 20:00:00,-0.91868293,0,0
2011-07-01 21:00:00,-0.94480836,0,0
2011-07-01 22:00:00,-0.96342915,0,0
2011-07-01 23:00:00,-1.028938,0,0
2011-07-02 00:00:00,-1.0092592,1,0
2011-07-02 01:00:00,-1.0516304,1,0
2011-07-02 02:00:00,-1.0984648,1,0
2011-07-02 03:00:00,-1.0940036,1,0
2011-07-02 04:00:00,-1.0933272,1,0
2011-07-02 05:00:00,-1.0072744,1,0
2011-07-02 06:00:00,-0.95981467,1,0
2011-07-02 07:00:00,-0.9526544,1,0
2011-07-02 08:00:00,-0.90593415,1,0
2011-07-02 09:00:00,-0.7837191,1,0
2011-07-02 10:00:00,-0.7394416,1,0
2011-07-02 11:00:00,-0.6202511,1,0
2011-07-02 12:00:00,-0.6271016,1,0
2011-07-02 13:00:00,-0.5801359,1,0
2011-07-02 14:00:00,-0.3585632,1,0
2011-07-02 15:00:00,-0.37636688,1,0
2011-07-02 16:00:00,-0.42203355,1,0
2011-07-02 17:00:00,-0.5078154,1,0
2011-07-02 18:00:00,-0.5541316,1,0
2011-07-02 19:00:00,-0.59853363,1,0
2011-07-02 20:00:00,-0.69650203,1,0
2011-07-02 21:00:00,-0.7788985,1,0
2011-07-02 22:00:00,-0.83303225,1,0
2011-07-02 23:00:00,-0.8968035,1,0
2011-07-03 00:00:00,-0.9576157,1,0
2011-07-03 01:00:00,-1.0062268,1,0
2011-07-03 02:00:00,-1.1093079,1,0
2011-07-03 03:00:00,-1.247248,1,0
2011-07-03 04:00:00,-1.565129,1,0
2011-07-03 05:00:00,-1.6912125,1,0
2011-07-03 06:00:00,-1.7731948,1,0
2011-07-03 07:00:00,-1.8396049,1,0
2011-07-03 08:00:00,-1.7584229,1,0
2011-07-03 09:00:00,-1.5311899,1,0
2011-07-03 10:00:00,-1.3001354,1,0
2011-07-03 11:00:00,-1.151986,1,0
2011-07-03 12:00:00,-1.0396305,1,0
2011-07-03 13:00:00,-1.0619388,1,0
2011-07-03 14:00:00,-1.1464958,1,0
2011-07-03 15:00:00,-1.1826385,1,0
2011-07-03 16:00:00,-1.243443,1,0
2011-07-03 17:00:00,-1.445151,1,0
2011-07-03 18:00:00,-1.5355026,1,0
2011-07-03 19:00:00,-1.5713719,1,0
2011-07-03 20:00:00,-1.5892655,1,0
2011-07-03 21:00:00,-1.5896728,1,0
2011-07-03 22:00:00,-1.5948591,1,0
2011-07-03 23:00:00,-1.6110885,1,0
2011-07-04 00:00:00,-1.631197,0,0
2011-07-04 01:00:00,-1.6330922,0,0
2011-07-04 02:00:00,-1.669912,0,0
2011-07-04 03:00:00,-1.6607598,0,0
2011-07-04 04:00:00,-1.7027702,0,0
2011-07-04 05:00:00,-1.7151244,0,0
2011-07-04 06:00:00,-1.7178411,0,0
2011-07-04 07:00:00,-1.7095151,0,0
2011-07-04 08:00:00,-1.6584157,0,0
2011-07-04 09:00:00,-1.5627255,0,0
2011-07-04 10:00:00,-1.4214511,0,0
2011-07-04 11:00:00,-1.409625,0,0
2011-07-04 12:00:00,-1.2425407,0,0
2011-07-04 13:00:00,-1.3201652,0,0
2011-07-04 14:00:00,-1.3682071,0,0
2011-07-04 15:00:00,-1.3977343,0,0
2011-07-04 16:00:00,-1.4735122,0,0
2011-07-04 17:00:00,-1.607049,0,0
2011-07-04 18:00:00,-1.7200463,0,0
2011-07-04 19:00:00,-1.7718827,0,0
2011-07-04 20:00:00,-1.7546629,0,0
2011-07-04 21:00:00,-1.7788863,0,0
2011-07-04 22:00:00,-1.8104376,0,0
2011-07-04 23:00:00,-1.8130646,0,0
2011-07-05 00:00:00,-1.8750159,0,0
2011-07-05 01:00:00,-1.9306372,0,0
2011-07-05 02:00:00,-1.9621886,0,0
2011-07-05 03:00:00,-1.9732317,0,0
2011-07-05 04:00:00,-1.9237142,0,0
2011-07-05 05:00:00,-1.9450443,0,0
2011-07-05 06:00:00,-1.9425749,0,0
2011-07-05 07:00:00,-1.9430645,0,0
2011-07-05 08:00:00,-1.8712846,0,0
2011-07-05 09:00:00,-1.7106408,0,0
2011-07-05 10:00:00,-1.6400459,0,0
2011-07-05 11:00:00,-1.550348,0,0
2011-07-05 12:00:00,-1.5267621,0,0
2011-07-05 13:00:00,-1.4943725,0,0
2011-07-05 14:00:00,-1.4451778,0,0
2011-07-05 15:00:00,-1.4632623,0,0
2011-07-05 16:00:00,-1.4879434,0,0
2011-07-05 17:00:00,-1.5929778,0,0
2011-07-05 18:00:00,-1.6431977,0,0
2011-07-05 19:00:00,-1.6674521,0,0
2011-07-05 20:00:00,-1.7044604,0,0
2011-07-05 21:00:00,-1.7214379,0,0
2011-07-05 22:00:00,-1.7353622,0,0
2011-07-05 23:00:00,-1.7791146,0,0
2011-07-06 00:00:00,-1.8002846,0,0
2011-07-06 01:00:00,-1.8075304,0,0
2011-07-06 02:00:00,-1.9029351,0,0
2011-07-06 03:00:00,-1.917681,0,0
2011-07-06 04:00:00,-1.8497927,0,0
2011-07-06 05:00:00,-1.8354377,0,0
2011-07-06 06:00:00,-1.8233143,0,0
2011-07-06 07:00:00,-1.846132,0,0
2011-07-06 08:00:00,-1.7542391,0,0
2011-07-06 09:00:00,-1.616362,0,0
2011-07-06 10:00:00,-1.4079456,0,0
2011-07-06 11:00:00,-1.3124855,0,0
2011-07-06 12:00:00,-1.3175575,0,0
2011-07-06 13:00:00,-1.3158344,0,0
2011-07-06 14:00:00,-1.2494364,0,0
2011-07-06 15:00:00,-1.3436387,0,0
2011-07-06 16:00:00,-1.5850891,0,0
2011-07-06 17:00:00,-1.7461445,0,0
2011-07-06 18:00:00,-1.7665197,0,0
2011-07-06 19:00:00,-1.8394508,0,0
2011-07-06 20:00:00,-1.8932526,0,0
2011-07-06 21:00:00,-1.9504396,0,0
2011-07-06 22:00:00,-2.0615885,0,0
2011-07-06 23:00:00,-2.094722,0,0
2011-07-07 00:00:00,-2.2029114,0,0
2011-07-07 01:00:00,-2.3409295,0,0
2011-07-07 02:00:00,-2.3967865,0,0
2011-07-07 03:00:00,-2.4410286,0,0
2011-07-07 04:00:00,-2.5155106,0,0
2011-07-07 05:00:00,-2.570134,0,0
2011-07-07 06:00:00,-2.6386814,0,0
2011-07-07 07:00:00,-2.689602,0,0
2011-07-07 08:00:00,-2.5387142,0,0
2011-07-07 09:00:00,-2.2074883,0,0
2011-07-07 10:00:00,-2.1047678,0,0
2011-07-07 11:00:00,-2.022558,0,0
2011-07-07 12:00:00,-1.9489752,0,0
2011-07-07 13:00:00,-1.923906,0,0
2011-07-07 14:00:00,-1.9166793,0,0
2011-07-07 15:00:00,-1.940303,0,0
2011-07-07 16:00:00,-1.9685581,0,0
2011-07-07 17:00:00,-2.0872936,0,0
2011-07-07 18:00:00,-2.1838295,0,0
2011-07-07 19:00:00,-2.2646215,0,0
2011-07-07 20:00:00,-2.4032505,0,0
2011-07-07 21:00:00,-2.5800145,0,0
2011-07-07 22:00:00,-2.7388196,0,0
2011-07-07 23:00:00,-2.8460233,0,0
2011-07-08 00:00:00,-2.8958795,0,0
2011-07-08 01:00:00,-2.9521258,0,0
2011-07-08 02:00:00,-2.9651272,0,0
2011-07-08 03:00:00,-3.104108,0,0
2011-07-08 04:00:00,-3.1172693,0,0
2011-07-08 05:00:00,-3.248467,0,0
2011-07-08 06:00:00,-3.1726475,0,0
2011-07-08 07:00:00,-3.014272,0,0
2011-07-08 08:00:00,-2.7759914,0,0
2011-07-08 09:00:00,-2.4737556,0,0
2011-07-08 10:00:00,-2.2143319,0,0
2011-07-08 11:00:00,-2.0521173,0,0
2011-07-08 12:00:00,-2.0009227,0,0
2011-07-08 13:00:00,-1.9987922,0,0
2011-07-08 14:00:00,-2.0453818,0,0
2011-07-08 15:00:00,-2.0642924,0,0
2011-07-08 16:00:00,-1.9224608,0,0
2011-07-08 17:00:00,-2.0036838,0,0
2011-07-08 18:00:00,-2.0513587,0,0
2011-07-08 19:00:00,-2.0754411,0,0
2011-07-08 20:00:00,-2.1573603,0,0
2011-07-08 21:00:00,-2.1769016,0,0
2011-07-08 22:00:00,-2.2110167,0,0
2011-07-08 23:00:00,-2.224197,0,0
2011-07-09 00:00:00,-2.2917652,1,0
2011-07-09 01:00:00,-2.3049457,1,0
2011-07-09 02:00:00,-2.309882,1,0
2011-07-09 03:00:00,-2.3136792,1,0
2011-07-09 04:00:00,-2.29581,1,0
2011-07-09 05:00:00,-2.3238182,1,0
2011-07-09 06:00:00,-2.4483073,1,0
2011-07-09 07:00:00,-2.6023238,1,0
2011-07-09 08:00:00,-2.4464054,1,0
2011-07-09 09:00:00,-1.9274553,1,0
2011-07-09 10:00:00,-1.7574042,1,0
2011-07-09 11:00:00,-1.6830431,1,0
2011-07-09 12:00:00,-1.6124628,1,0
2011-07-09 13:00:00,-1.6154287,1,0
2011-07-09 14:00:00,-1.6134703,1,0
2011-07-09 15:00:00,-1.6334528,1,0
2011-07-09 16:00:00,-1.6207544,1,0
2011-07-09 17:00:00,-1.6980977,1,0
2011-07-09 18:00:00,-1.7925787,1,0
2011-07-09 19:00:00,-1.8950372,1,0
2011-07-09 20:00:00,-1.9240558,1,0
2011-07-09 21:00:00,-1.9728391,1,0
2011-07-09 22:00:00,-1.968138,1,0
2011-07-09 23:00:00,-1.9820621,1,0
2011-07-10 00:00:00,-1.9884862,1,0
2011-07-10 01:00:00,-2.0061958,1,0
2011-07-10 02:00:00,-2.0639544,1,0
2011-07-10 03:00:00,-2.1068852,1,0
2011-07-10 04:00:00,-2.1015346,1,0
2011-07-10 05:00:00,-2.1481683,1,0
2011-07-10 06:00:00,-2.1463485,1,0
2011-07-10 07:00:00,-2.1958632,1,0
2011-07-10 08:00:00,-2.1441844,1,0
2011-07-10 09:00:00,-2.0045574,1,0
2011-07-10 10:00:00,-1.9365894,1,0
2011-07-10 11:00:00,-1.8314797,1,0
2011-07-10 12:00:00,-1.755815,1,0
2011-07-10 13:00:00,-1.6851302,1,0
2011-07-10 14:00:00,-1.5945042,1,0
2011-07-10 15:00:00,-1.5770029,1,0
2011-07-10 16:00:00,-1.4644995,1,0
2011-07-10 17:00:00,-1.5055741,1,0
2011-07-10 18:00:00,-1.5232445,1,0
2011-07-10 19:00:00,-1.5295234,1,0
2011-07-10 20:00:00,-1.5483207,1,0
2011-07-10 21:00:00,-1.5990059,1,0
2011-07-10 22:00:00,-1.6881628,1,0
2011-07-10 23:00:00,-1.8157097,1,0
2011-07-11 00:00:00,-1.9515781,0,0
2011-07-11 01:00:00,-2.0385158,0,0
2011-07-11 02:00:00,-2.146134,0,0
2011-07-11 03:00:00,-2.2330713,0,0
2011-07-11 04:00:00,-2.2891824,0,0
2011-07-11 05:00:00,-2.3407524,0,0
2011-07-11 06:00:00,-2.3699944,0,0
2011-07-11 07:00:00,-2.4419274,0,0
2011-07-11 08:00:00,-2.3814447,0,0
2011-07-11 09:00:00,-2.0597064,0,0
2011-07-11 10:00:00,-1.947996,0,0
2011-07-11 11:00:00,-1.8674339,0,0
2011-07-11 12:00:00,-1.8167558,0,0
2011-07-11 13:00:00,-1.7436551,0,0
2011-07-11 14:00:00,-1.7444613,0,0
2011-07-11 15:00:00,-1.8022002,0,0
2011-07-11 16:00:00,-1.7179207,0,0
2011-07-11 17:00:00,-1.8305494,0,0
2011-07-11 18:00:00,-1.9479426,0,0
2011-07-11 19:00:00,-2.0626776,0,0
2011-07-11 20:00:00,-2.2054987,0,0
2011-07-11 21:00:00,-2.2471755,0,0
2011-07-11 22:00:00,-2.354279,0,0
2011-07-11 23:00:00,-2.455909,0,0
2011-07-12 00:00:00,-2.5303087,0,0
2011-07-12 01:00:00,-2.6357706,0,0
2011-07-12 02:00:00,-2.8824348,0,0
2011-07-12 03:00:00,-3.0545204,0,0
2011-07-12 04:00:00,-2.788707,0,0
2011-07-12 05:00:00,-3.1080952,0,0
2011-07-12 06:00:00,-3.1686056,0,0
2011-07-12 07:00:00,-3.1455145,0,0
2011-07-12 08:00:00,-2.9274538,0,0
2011-07-12 09:00:00,-2.493781,0,0
2011-07-12 10:00:00,-2.3042233,0,0
2011-07-12 11:00:00,-2.2026322,0,0
2011-07-12 12:00:00,-2.1903434,0,0
2011-07-12 13:00:00,-2.1625652,0,0
2011-07-12 14:00:00,-2.1364467,0,0
2011-07-12 15:00:00,-2.1782694,0,0
2011-07-12 16:00:00,-2.178817,0,0
2011-07-12 17:00:00,-2.2486093,0,0
2011-07-12 18:00:00,-2.30519,0,0
2011-07-12 19:00:00,-2.3428793,0,0
2011-07-12 20:00:00,-2.3793983,0,0
2011-07-12 21:00:00,-2.3904412,0,0
2011-07-12 22:00:00,-2.3932402,0,0
2011-07-12 23:00:00,-2.392242,0,0
2011-07-13 00:00:00,-2.4211664,0,0
2011-07-13 01:00:00,-2.4338572,0,0
2011-07-13 02:00:00,-2.4374,0,0
2011-07-13 03:00:00,-2.444646,0,0
2011-07-13 04:00:00,-2.4584758,0,0
2011-07-13 05:00:00,-2.4612749,0,0
2011-07-13 06:00:00,-2.552737,0,0
2011-07-13 07:00:00,-2.6149547,0,0
2011-07-13 08:00:00,-2.5014775,0,0
2011-07-13 09:00:00,-2.221109,0,0
2011-07-13 10:00:00,-1.9900976,0,0
2011-07-13 11:00:00,-1.8687664,0,0
2011-07-13 12:00:00,-1.7400129,0,0
2011-07-13 13:00:00,-1.6370838,0,0
2011-07-13 14:00:00,-1.5557392,0,0
2011-07-13 15:00:00,-1.5457255,0,0
2011-07-13 16:00:00,-1.5426644,0,0
2011-07-13 17:00:00,-1.6664497,0,0
2011-07-13 18:00:00,-1.7818654,0,0
2011-07-13 19:00:00,-1.8243186,0,0
2011-07-13 20:00:00,-1.8974264,0,0
2011-07-13 21:00:00,-1.9759477,0,0
2011-07-13 22:00:00,-2.1678643,0,0
2011-07-13 23:00:00,-2.344049,0,0
2011-07-14 00:00:00,-2.4737406,0,0
2011-07-14 01:00:00,-2.6660647,0,0
2011-07-14 02:00:00,-2.851538,0,0
2011-07-14 03:00:00,-3.019714,0,0
2011-07-14 04:00:00,-3.069464,0,0
2011-07-14 05:00:00,-3.1609235,0,0
2011-07-14 06:00:00,-3.2478423,0,0
2011-07-14 07:00:00,-3.3846076,0,0
2011-07-14 08:00:00,-3.1607063,0,0
2011-07-14 09:00:00,-2.5353575,0,0
2011-07-14 10:00:00,-2.269071,0,0
2011-07-14 11:00:00,-2.1473713,0,0
2011-07-14 12:00:00,-2.050842,0,0
2011-07-14 13:00:00,-1.9616019,0,0
2011-07-14 14:00:00,-1.9039443,0,0
2011-07-14 15:00:00,-1.9448823,0,0
2011-07-14 16:00:00,-1.9490204,0,0
2011-07-14 17:00:00,-2.0547476,0,0
2011-07-14 18:00:00,-2.1766021,0,0
2011-07-14 19:00:00,-2.2676811,0,0
2011-07-14 20:00:00,-2.3527477,0,0
2011-07-14 21:00:00,-2.3955963,0,0
2011-07-14 22:00:00,-2.467878,0,0
2011-07-14 23:00:00,-2.5159173,0,0
2011-07-15 00:00:00,-2.5684032,0,0
2011-07-15 01:00:00,-2.6006985,0,0
2011-07-15 02:00:00,-2.6245775,0,0
2011-07-15 03:00:00,-2.6821642,0,0
2011-07-15 04:00:00,-2.8405125,0,0
2011-07-15 05:00:00,-2.901732,0,0
2011-07-15 06:00:00,-2.955056,0,0
2011-07-15 07:00:00,-2.9520779,0,0
2011-07-15 08:00:00,-2.8355474,0,0
2011-07-15 09:00:00,-2.5577114,0,0
2011-07-15 10:00:00,-2.2596438,0,0
2011-07-15 11:00:00,-2.0617952,0,0
2011-07-15 12:00:00,-1.9990245,0,0
2011-07-15 13:00:00,-1.9411006,0,0
2011-07-15 14:00:00,-1.9086523,0,0
2011-07-15 15:00:00,-1.938465,0,0
2011-07-15 16:00:00,-1.8251957,0,0
2011-07-15 17:00:00,-2.0284016,0,0
2011-07-15 18:00:00,-2.212556,0,0
2011-07-15 19:00:00,-2.3548098,0,0
2011-07-15 20:00:00,-2.4916065,0,0
2011-07-15 21:00:00,-2.597831,0,0
2011-07-15 22:00:00,-2.715576,0,0
2011-07-15 23:00:00,-2.8373725,0,0
2011-07-16 00:00:00,-2.95181,1,0
2011-07-16 01:00:00,-3.042036,1,0
2011-07-16 02:00:00,-3.10984,1,0
2011-07-16 03:00:00,-3.1582742,1,0
2011-07-16 04:00:00,-3.2868779,1,0
2011-07-16 05:00:00,-3.3212285,1,0
2011-07-16 06:00:00,-3.351132,1,0
2011-07-16 07:00:00,-3.3720477,1,0
2011-07-16 08:00:00,-3.243316,1,0
2011-07-16 09:00:00,-2.8871036,1,0
2011-07-16 10:00:00,-2.5189981,1,0
2011-07-16 11:00:00,-2.2861142,1,0
2011-07-16 12:00:00,-2.0993233,1,0
2011-07-16 13:00:00,-1.9588141,1,0
2011-07-16 14:00:00,-1.8790003,1,0
2011-07-16 15:00:00,-1.8504047,1,0
2011-07-16 16:00:00,-1.8405529,1,0
2011-07-16 17:00:00,-1.9428318,1,0
2011-07-16 18:00:00,-2.0107098,1,0
2011-07-16 19:00:00,-2.091756,1,0
2011-07-16 20:00:00,-2.1895137,1,0
2011-07-16 21:00:00,-2.2735698,1,0
2011-07-16 22:00:00,-2.3329885,1,0
2011-07-16 23:00:00,-2.3669317,1,0
2011-07-17 00:00:00,-2.408864,1,0
2011-07-17 01:00:00,-2.4316819,1,0
2011-07-17 02:00:00,-2.420874,1,0
2011-07-17 03:00:00,-2.4698174,1,0
2011-07-17 04:00:00,-2.4054596,1,0
2011-07-17 05:00:00,-2.3888896,1,0
2011-07-17 06:00:00,-2.345227,1,0
2011-07-17 07:00:00,-2.2633157,1,0
2011-07-17 08:00:00,-2.1688738,1,0
2011-07-17 09:00:00,-2.0713005,1,0
2011-07-17 10:00:00,-1.9111897,1,0
2011-07-17 11:00:00,-1.6806171,1,0
2011-07-17 12:00:00,-1.512781,1,0
2011-07-17 13:00:00,-1.4648628,1,0
2011-07-17 14:00:00,-1.5002717,1,0
2011-07-17 15:00:00,-1.5692405,1,0
2011-07-17 16:00:00,-1.6773206,1,0
2011-07-17 17:00:00,-1.865182,1,0
2011-07-17 18:00:00,-1.9998726,1,0
2011-07-17 19:00:00,-2.0902076,1,0
2011-07-17 20:00:00,-2.0992076,1,0
2011-07-17 21:00:00,-2.1797333,1,0
2011-07-17 22:00:00,-2.216092,1,0
2011-07-17 23:00:00,-2.2493033,1,0
2011-07-18 00:00:00,-2.3093836,0,0
2011-07-18 01:00:00,-2.3557754,0,0
2011-07-18 02:00:00,-2.367308,0,0
2011-07-18 03:00:00,-2.4171238,0,0
2011-07-18 04:00:00,-2.356641,0,0
2011-07-18 05:00:00,-2.4178486,0,0
2011-07-18 06:00:00,-2.4663653,0,0
2011-07-18 07:00:00,-2.48548,0,0
2011-07-18 08:00:00,-2.4001713,0,0
2011-07-18 09:00:00,-2.1113045,0,0
2011-07-18 10:00:00,-1.91072,0,0
2011-07-18 11:00:00,-1.836742,0,0
2011-07-18 12:00:00,-1.7756269,0,0
2011-07-18 13:00:00,-1.7040018,0,0
2011-07-18 14:00:00,-1.6908405,0,0
2011-07-18 15:00:00,-1.7075629,0,0
2011-07-18 16:00:00,-1.6792924,0,0
2011-07-18 17:00:00,-1.8027291,0,0
2011-07-18 18:00:00,-1.9249952,0,0
2011-07-18 19:00:00,-2.0430377,0,0
2011-07-18 20:00:00,-2.1255407,0,0
2011-07-18 21:00:00,-2.178027,0,0
2011-07-18 22:00:00,-2.2126315,0,0
2011-07-18 23:00:00,-2.2912428,0,0
2011-07-19 00:00:00,-2.3519728,0,0
2011-07-19 01:00:00,-2.431328,0,0
2011-07-19 02:00:00,-2.546192,0,0
2011-07-19 03:00:00,-2.654949,0,0
2011-07-19 04:00:00,-2.7115498,0,0
2011-07-19 05:00:00,-2.7978845,0,0
2011-07-19 06:00:00,-2.8567946,0,0
2011-07-19 07:00:00,-2.910514,0,0
2011-07-19 08:00:00,-2.7108896,0,0
2011-07-19 09:00:00,-2.171298,0,0
2011-07-19 10:00:00,-1.9832158,0,0
2011-07-19 11:00:00,-1.8700266,0,0
2011-07-19 12:00:00,-1.818992,0,0
2011-07-19 13:00:00,-1.7328051,0,0
2011-07-19 14:00:00,-1.6892315,0,0
2011-07-19 15:00:00,-1.7324791,0,0
2011-07-19 16:00:00,-1.7026699,0,0
2011-07-19 17:00:00,-1.793397,0,0
2011-07-19 18:00:00,-1.891753,0,0
2011-07-19 19:00:00,-1.996693,0,0
2011-07-19 20:00:00,-2.082327,0,0
2011-07-19 21:00:00,-2.1315367,0,0
2011-07-19 22:00:00,-2.1908731,0,0
2011-07-19 23:00:00,-2.3170342,0,0
2011-07-20 00:00:00,-2.481745,0,0
2011-07-20 01:00:00,-2.5987463,0,0
2011-07-20 02:00:00,-2.616703,0,0
2011-07-20 03:00:00,-2.6659753,0,0
2011-07-20 04:00:00,-2.520467,0,0
2011-07-20 05:00:00,-2.6231177,0,0
2011-07-20 06:00:00,-2.7819762,0,0
2011-07-20 07:00:00,-2.9509616,0,0
2011-07-20 08:00:00,-2.8039997,0,0
2011-07-20 09:00:00,-2.3259475,0,0
2011-07-20 10:00:00,-2.1520438,0,0
2011-07-20 11:00:00,-1.934986,0,0
2011-07-20 12:00:00,-1.7506812,0,0
2011-07-20 13:00:00,-1.6182437,0,0
2011-07-20 14:00:00,-1.5525186,0,0
2011-07-20 15:00:00,-1.5752742,0,0
2011-07-20 16:00:00,-1.6504605,0,0
2011-07-20 17:00:00,-1.8342751,0,0
2011-07-20 18:00:00,-2.078842,0,0
2011-07-20 19:00:00,-2.2859552,0,0
2011-07-20 20:00:00,-2.4401557,0,0
2011-07-20 21:00:00,-2.5234494,0,0
2011-07-20 22:00:00,-2.5705845,0,0
2011-07-20 23:00:00,-2.605029,0,0
2011-07-21 00:00:00,-2.654302,0,0
2011-07-21 01:00:00,-2.7418702,0,0
2011-07-21 02:00:00,-2.8572114,0,0
2011-07-21 03:00:00,-2.948831,0,0
2011-07-21 04:00:00,-3.1255398,0,0
2011-07-21 05:00:00,-3.2081711,0,0
2011-07-21 06:00:00,-3.2715285,0,0
2011-07-21 07:00:00,-3.3649366,0,0
2011-07-21 08:00:00,-3.18487,0,0
2011-07-21 09:00:00,-2.7440422,0,0
2011-07-21 10:00:00,-2.4389515,0,0
2011-07-21 11:00:00,-2.2240434,0,0
2011-07-21 12:00:00,-2.0331109,0,0
2011-07-21 13:00:00,-1.9377521,0,0
2011-07-21 14:00:00,-1.9039925,0,0
2011-07-21 15:00:00,-1.9598528,0,0
2011-07-21 16:00:00,-1.968071,0,0
2011-07-21 17:00:00,-2.1777446,0,0
2011-07-21 18:00:00,-2.4267583,0,0
2011-07-21 19:00:00,-2.6384783,0,0
2011-07-21 20:00:00,-2.8013182,0,0
2011-07-21 21:00:00,-2.928967,0,0
2011-07-21 22:00:00,-3.0271828,0,0
2011-07-21 23:00:00,-3.0547771,0,0
2011-07-22 00:00:00,-3.132802,0,0
2011-07-22 01:00:00,-3.2020934,0,0
2011-07-22 02:00:00,-3.3670273,0,0
2011-07-22 03:00:00,-3.549193,0,0
2011-07-22 04:00:00,-3.867676,0,0
2011-07-22 05:00:00,-3.9278197,0,0
2011-07-22 06:00:00,-3.9213107,0,0
2011-07-22 07:00:00,-3.962085,0,0
2011-07-22 08:00:00,-3.688177,0,0
2011-07-22 09:00:00,-3.142309,0,0
2011-07-22 10:00:00,-2.788597,0,0
2011-07-22 11:00:00,-2.6296856,0,0
2011-07-22 12:00:00,-2.4776516,0,0
2011-07-22 13:00:00,-2.3207366,0,0
2011-07-22 14:00:00,-2.2248492,0,0
2011-07-22 15:00:00,-2.221463,0,0
2011-07-22 16:00:00,-2.120932,0,0
2011-07-22 17:00:00,-2.1626382,0,0
2011-07-22 18:00:00,-2.5214381,0,0
2011-07-22 19:00:00,-2.8486128,0,0
2011-07-22 20:00:00,-3.0092378,0,0
2011-07-22 21:00:00,-3.0295367,0,0
2011-07-22 22:00:00,-3.061883,0,0
2011-07-22 23:00:00,-3.0475008,0,0
2011-07-23 00:00:00,-3.0491178,1,0
2011-07-23 01:00:00,-3.079009,1,0
2011-07-23 02:00:00,-3.0912733,1,0
2011-07-23 03:00:00,-3.1214192,1,0
2011-07-23 04:00:00,-3.2193098,1,0
2011-07-23 05:00:00,-3.2471583,1,0
2011-07-23 06:00:00,-3.2528384,1,0
2011-07-23 07:00:00,-3.269072,1,0
2011-07-23 08:00:00,-3.0745919,1,0
2011-07-23 09:00:00,-2.6741498,1,0
2011-07-23 10:00:00,-2.193502,1,0
2011-07-23 11:00:00,-1.7986509,1,0
2011-07-23 12:00:00,-1.4948667,1,0
2011-07-23 13:00:00,-1.3207588,1,0
2011-07-23 14:00:00,-1.2094717,1,0
2011-07-23 15:00:00,-1.1852285,1,0
2011-07-23 16:00:00,-1.2470459,1,0
2011-07-23 17:00:00,-1.4408686,1,0
2011-07-23 18:00:00,-1.5791333,1,0
2011-07-23 19:00:00,-1.6682514,1,0
2011-07-23 20:00:00,-1.7511686,1,0
2011-07-23 21:00:00,-1.8211409,1,0
2011-07-23 22:00:00,-1.8299687,1,0
2011-07-23 23:00:00,-1.8397005,1,0
2011-07-24 00:00:00,-1.8566781,1,0
2011-07-24 01:00:00,-1.8781022,1,0
2011-07-24 02:00:00,-1.8511508,1,0
2011-07-24 03:00:00,-1.8398491,1,0
2011-07-24 04:00:00,-1.7215255,1,0
2011-07-24 05:00:00,-1.7021563,1,0
2011-07-24 06:00:00,-1.6752872,1,0
2011-07-24 07:00:00,-1.577714,1,0
2011-07-24 08:00:00,-1.4978502,1,0
2011-07-24 09:00:00,-1.3324422,1,0
2011-07-24 10:00:00,-1.1449603,1,0
2011-07-24 11:00:00,-1.2032545,1,0
2011-07-24 12:00:00,-1.0639864,1,0
2011-07-24 13:00:00,-0.8420721,1,0
2011-07-24 14:00:00,-0.9210615,1,0
2011-07-24 15:00:00,-1.0045815,1,0
2011-07-24 16:00:00,-1.1518773,1,0
2011-07-24 17:00:00,-1.2764407,1,0
2011-07-24 18:00:00,-1.3932499,1,0
2011-07-24 19:00:00,-1.4469061,1,0
2011-07-24 20:00:00,-1.4951997,1,0
2011-07-24 21:00:00,-1.5187613,1,0
2011-07-24 22:00:00,-1.5439707,1,0
2011-07-24 23:00:00,-1.5936576,1,0
2011-07-25 00:00:00,-1.6299101,0,0
2011-07-25 01:00:00,-1.6713531,0,0
2011-07-25 02:00:00,-1.7114027,0,0
2011-07-25 03:00:00,-1.701511,0,0
2011-07-25 04:00:00,-1.7072855,0,0
2011-07-25 05:00:00,-1.7301034,0,0
2011-07-25 06:00:00,-1.7336463,0,0
2011-07-25 07:00:00,-1.7564639,0,0
2011-07-25 08:00:00,-1.68394,0,0
2011-07-25 09:00:00,-1.5650759,0,0
2011-07-25 10:00:00,-1.4707714,0,0
2011-07-25 11:00:00,-1.3405813,0,0
2011-07-25 12:00:00,-1.2290474,0,0
2011-07-25 13:00:00,-1.1560754,0,0
2011-07-25 14:00:00,-1.130873,0,0
2011-07-25 15:00:00,-1.1565399,0,0
2011-07-25 16:00:00,-1.1950984,0,0
2011-07-25 17:00:00,-1.3133442,0,0
2011-07-25 18:00:00,-1.4718628,0,0
2011-07-25 19:00:00,-1.5816615,0,0
2011-07-25 20:00:00,-1.688802,0,0
2011-07-25 21:00:00,-1.8082069,0,0
2011-07-25 22:00:00,-1.9694692,0,0
2011-07-25 23:00:00,-2.1003945,0,0
2011-07-26 00:00:00,-2.179684,0,0
2011-07-26 01:00:00,-2.3069065,0,0
2011-07-26 02:00:00,-2.3166192,0,0
2011-07-26 03:00:00,-2.3724759,0,0
2011-07-26 04:00:00,-2.4076767,0,0
2011-07-26 05:00:00,-2.5709507,0,0
2011-07-26 06:00:00,-2.6281066,0,0
2011-07-26 07:00:00,-2.7192712,0,0
2011-07-26 08:00:00,-2.3895407,0,0
2011-07-26 09:00:00,-1.9611081,0,0
2011-07-26 10:00:00,-1.6524363,0,0
2011-07-26 11:00:00,-1.5162094,0,0
2011-07-26 12:00:00,-1.4284015,0,0
2011-07-26 13:00:00,-1.3368398,0,0
2011-07-26 14:00:00,-1.3034368,0,0
2011-07-26 15:00:00,-1.3164562,0,0
2011-07-26 16:00:00,-1.313678,0,0
2011-07-26 17:00:00,-1.4337723,0,0
2011-07-26 18:00:00,-1.618021,0,0
2011-07-26 19:00:00,-1.8139191,0,0
2011-07-26 20:00:00,-1.9529475,0,0
2011-07-26 21:00:00,-2.044266,0,0
2011-07-26 22:00:00,-2.1197462,0,0
2011-07-26 23:00:00,-2.214991,0,0
2011-07-27 00:00:00,-2.3208714,0,0
2011-07-27 01:00:00,-2.4092655,0,0
2011-07-27 02:00:00,-2.482342,0,0
2011-07-27 03:00:00,-2.5768425,0,0
2011-07-27 04:00:00,-2.6774383,0,0
2011-07-27 05:00:00,-2.7155733,0,0
2011-07-27 06:00:00,-2.7483582,0,0
2011-07-27 07:00:00,-2.7724094,0,0
2011-07-27 08:00:00,-2.6192002,0,0
2011-07-27 09:00:00,-2.2693489,0,0
2011-07-27 10:00:00,-1.9178915,0,0
2011-07-27 11:00:00,-1.6064204,0,0
2011-07-27 12:00:00,-1.4050555,0,0
2011-07-27 13:00:00,-1.2987436,0,0
2011-07-27 14:00:00,-1.2226328,0,0
2011-07-27 15:00:00,-1.1991335,0,0
2011-07-27 16:00:00,-1.1486605,0,0
2011-07-27 17:00:00,-1.3336841,0,0
2011-07-27 18:00:00,-1.5565767,0,0
2011-07-27 19:00:00,-1.7183597,0,0
2011-07-27 20:00:00,-1.8330826,0,0
2011-07-27 21:00:00,-1.9191163,0,0
2011-07-27 22:00:00,-1.9752274,0,0
2011-07-27 23:00:00,-2.0077767,0,0
2011-07-28 00:00:00,-2.0497096,0,0
2011-07-28 01:00:00,-2.0939515,0,0
2011-07-28 02:00:00,-2.145776,0,0
2011-07-28 03:00:00,-2.1980898,0,0
2011-07-28 04:00:00,-2.2407663,0,0
2011-07-28 05:00:00,-2.2977812,0,0
2011-07-28 06:00:00,-2.3404577,0,0
2011-07-28 07:00:00,-2.3647633,0,0
2011-07-28 08:00:00,-2.195982,0,0
2011-07-28 09:00:00,-1.8333457,0,0
2011-07-28 10:00:00,-1.5708565,0,0
2011-07-28 11:00:00,-1.3235708,0,0
2011-07-28 12:00:00,-1.1200689,0,0
2011-07-28 13:00:00,-0.97816634,0,0
2011-07-28 14:00:00,-0.90379775,0,0
2011-07-28 15:00:00,-0.8900301,0,0
2011-07-28 16:00:00,-0.7326127,0,0
2011-07-28 17:00:00,-0.9361674,0,0
2011-07-28 18:00:00,-1.2104726,0,0
2011-07-28 19:00:00,-1.4117212,0,0
2011-07-28 20:00:00,-1.5880822,0,0
2011-07-28 21:00:00,-1.7562504,0,0
2011-07-28 22:00:00,-1.8902214,0,0
2011-07-28 23:00:00,-1.9604986,0,0
2011-07-29 00:00:00,-2.0128126,0,0
2011-07-29 01:00:00,-2.0564873,0,0
2011-07-29 02:00:00,-2.1095448,0,0
2011-07-29 03:00:00,-2.1607196,0,0
2011-07-29 04:00:00,-2.165496,0,0
2011-07-29 05:00:00,-2.1629324,0,0
2011-07-29 06:00:00,-2.1596248,0,0
2011-07-29 07:00:00,-2.0984762,0,0
2011-07-29 08:00:00,-1.958396,0,0
2011-07-29 09:00:00,-1.6609677,0,0
2011-07-29 10:00:00,-1.3143134,0,0
2011-07-29 11:00:00,-1.0104368,0,0
2011-07-29 12:00:00,-0.8040822,0,0
2011-07-29 13:00:00,-0.65952164,0,0
2011-07-29 14:00:00,-0.55270547,0,0
2011-07-29 15:00:00,-0.5670406,0,0
2011-07-29 16:00:00,-0.6687907,0,0
2011-07-29 17:00:00,-0.77925783,0,0
2011-07-29 18:00:00,-0.95868695,0,0
2011-07-29 19:00:00,-1.0944265,0,0
2011-07-29 20:00:00,-1.2016536,0,0
2011-07-29 21:00:00,-1.2425293,0,0
2011-07-29 22:00:00,-1.2889907,0,0
2011-07-29 23:00:00,-1.3208785,0,0
2011-07-30 00:00:00,-1.3550757,1,0
2011-07-30 01:00:00,-1.3438562,1,0
2011-07-30 02:00:00,-1.2943203,1,0
2011-07-30 03:00:00,-1.3118757,1,0
2011-07-30 04:00:00,-1.3079245,1,0
2011-07-30 05:00:00,-1.3235042,1,0
2011-07-30 06:00:00,-1.3755906,1,0
2011-07-30 07:00:00,-1.4491836,1,0
2011-07-30 08:00:00,-1.2955744,1,0
2011-07-30 09:00:00,-0.96371704,1,0
2011-07-30 10:00:00,-0.69398993,1,0
2011-07-30 11:00:00,-0.5400539,1,0
2011-07-30 12:00:00,-0.42760402,1,0
2011-07-30 13:00:00,-0.3505218,1,0
2011-07-30 14:00:00,-0.36125863,1,0
2011-07-30 15:00:00,-0.41711894,1,0
2011-07-30 16:00:00,-0.44806072,1,0
2011-07-30 17:00:00,-0.61168426,1,0
2011-07-30 18:00:00,-0.830804,1,0
2011-07-30 19:00:00,-1.0525385,1,0
2011-07-30 20:00:00,-1.2719325,1,0
2011-07-30 21:00:00,-1.4047064,1,0
2011-07-30 22:00:00,-1.5259943,1,0
2011-07-30 23:00:00,-1.6192425,1,0
2011-07-31 00:00:00,-1.698661,1,0
2011-07-31 01:00:00,-1.7653886,1,0
2011-07-31 02:00:00,-1.8316269,1,0
2011-07-31 03:00:00,-1.8842704,1,0
2011-07-31 04:00:00,-1.9813037,1,0
2011-07-31 05:00:00,-2.0139942,1,0
2011-07-31 06:00:00,-2.0466845,1,0
2011-07-31 07:00:00,-2.0749283,1,0
2011-07-31 08:00:00,-1.8840421,1,0
2011-07-31 09:00:00,-1.4824176,1,0
2011-07-31 10:00:00,-1.132009,1,0
2011-07-31 11:00:00,-0.8761354,1,0
2011-07-31 12:00:00,-0.6902649,1,0
2011-07-31 13:00:00,-0.60314995,1,0
2011-07-31 14:00:00,-0.5688186,1,0
2011-07-31 15:00:00,-0.5528194,1,0
2011-07-31 16:00:00,-0.4963296,1,0
2011-07-31 17:00:00,-0.71074295,1,0
2011-07-31 18:00:00,-0.87182957,1,0
2011-07-31 19:00:00,-0.99373937,1,0
2011-07-31 20:00:00,-1.0511972,1,0
2011-07-31 21:00:00,-1.1185157,1,0
2011-07-31 22:00:00,-1.219714,1,0
2011-07-31 23:00:00,-1.2366016,1,0
2011-08-01 00:00:00,-1.2744238,0,0
2011-08-01 01:00:00,-1.3278182,0,0
2011-08-01 02:00:00,-1.3952966,0,0
2011-08-01 03:00:00,-1.4425021,0,0
2011-08-01 04:00:00,-1.4478647,0,0
2011-08-01 05:00:00,-1.4107863,0,0
2011-08-01 06:00:00,-1.3760173,0,0
2011-08-01 07:00:00,-1.3480046,0,0
2011-08-01 08:00:00,-1.1805493,0,0
2011-08-01 09:00:00,-0.9630462,0,0
2011-08-01 10:00:00,-0.72192603,0,0
2011-08-01 11:00:00,-0.55203056,0,0
2011-08-01 12:00:00,-0.35298735,0,0
2011-08-01 13:00:00,-0.18609409,0,0
2011-08-01 14:00:00,-0.048994634,0,0
2011-08-01 15:00:00,0.005997036,0,0
2011-08-01 16:00:00,-0.02979097,0,0
2011-08-01 17:00:00,-0.20509511,0,0
2011-08-01 18:00:00,-0.43209648,0,0
2011-08-01 19:00:00,-0.5916541,0,0
2011-08-01 20:00:00,-0.78680956,0,0
2011-08-01 21:00:00,-0.9590205,0,0
2011-08-01 22:00:00,-1.0344187,0,0
2011-08-01 23:00:00,-1.1193885,0,0
2011-08-02 00:00:00,-1.1828396,0,0
2011-08-02 01:00:00,-1.183499,0,0
2011-08-02 02:00:00,-1.161246,0,0
2011-08-02 03:00:00,-1.1574298,0,0
2011-08-02 04:00:00,-1.1984463,0,0
2011-08-02 05:00:00,-1.2349219,0,0
2011-08-02 06:00:00,-1.2815243,0,0
2011-08-02 07:00:00,-1.3124139,0,0
2011-08-02 08:00:00,-1.1225259,0,0
2011-08-02 09:00:00,-0.76332605,0,0
2011-08-02 10:00:00,-0.41910222,0,0
2011-08-02 11:00:00,-0.16042493,0,0
2011-08-02 12:00:00,0.028154535,0,0
2011-08-02 13:00:00,0.1484565,0,0
2011-08-02 14:00:00,0.1850072,0,0
2011-08-02 15:00:00,0.20405972,0,0
2011-08-02 16:00:00,0.104352556,0,0
2011-08-02 17:00:00,-0.11172074,0,0
2011-08-02 18:00:00,-0.2875021,0,0
2011-08-02 19:00:00,-0.47741455,0,0
2011-08-02 20:00:00,-0.73185843,0,0
2011-08-02 21:00:00,-0.9532789,0,0
2011-08-02 22:00:00,-1.0727781,0,0
2011-08-02 23:00:00,-1.1486658,0,0
2011-08-03 00:00:00,-1.1815449,0,0
2011-08-03 01:00:00,-1.2069238,0,0
2011-08-03 02:00:00,-1.2320365,0,0
2011-08-03 03:00:00,-1.2578928,0,0
2011-08-03 04:00:00,-1.2624193,0,0
2011-08-03 05:00:00,-1.2487813,0,0
2011-08-03 06:00:00,-1.2450473,0,0
2011-08-03 07:00:00,-1.262408,0,0
2011-08-03 08:00:00,-1.0667454,0,0
2011-08-03 09:00:00,-0.69816256,0,0
2011-08-03 10:00:00,-0.37979755,0,0
2011-08-03 11:00:00,-0.1080343,0,0
2011-08-03 12:00:00,0.12668942,0,0
2011-08-03 13:00:00,0.3204942,0,0
2011-08-03 14:00:00,0.382078,0,0
2011-08-03 15:00:00,0.35580796,0,0
2011-08-03 16:00:00,0.29160506,0,0
2011-08-03 17:00:00,0.06319741,0,0
2011-08-03 18:00:00,-0.13965242,0,0
2011-08-03 19:00:00,-0.28503984,0,0
2011-08-03 20:00:00,-0.340272,0,0
2011-08-03 21:00:00,-0.4133198,0,0
2011-08-03 22:00:00,-0.48539034,0,0
2011-08-03 23:00:00,-0.5211774,0,0
2011-08-04 00:00:00,-0.51348,0,0
2011-08-04 01:00:00,-0.51923364,0,0
2011-08-04 02:00:00,-0.49128404,0,0
2011-08-04 03:00:00,-0.51392525,0,0
2011-08-04 04:00:00,-0.53129804,0,0
2011-08-04 05:00:00,-0.5814748,0,0
2011-08-04 06:00:00,-0.6145137,0,0
2011-08-04 07:00:00,-0.7152812,0,0
2011-08-04 08:00:00,-0.65693593,0,0
2011-08-04 09:00:00,-0.45704955,0,0
2011-08-04 10:00:00,-0.42030326,0,0
2011-08-04 11:00:00,-0.44042653,0,0
2011-08-04 12:00:00,-0.4715972,0,0
2011-08-04 13:00:00,-0.53335214,0,0
2011-08-04 14:00:00,-0.60384506,0,0
2011-08-04 15:00:00,-0.6430729,0,0
2011-08-04 16:00:00,-0.636501,0,0
2011-08-04 17:00:00,-0.7854209,0,0
2011-08-04 18:00:00,-0.8953649,0,0
2011-08-04 19:00:00,-1.0437642,0,0
2011-08-04 20:00:00,-1.1704026,0,0
2011-08-04 21:00:00,-1.2563422,0,0
2011-08-04 22:00:00,-1.3337833,0,0
2011-08-04 23:00:00,-1.3832159,0,0
2011-08-05 00:00:00,-1.4279475,0,0
2011-08-05 01:00:00,-1.5105792,0,0
2011-08-05 02:00:00,-1.5480651,0,0
2011-08-05 03:00:00,-1.6039219,0,0
2011-08-05 04:00:00,-1.7236487,0,0
2011-08-05 05:00:00,-1.7159064,0,0
2011-08-05 06:00:00,-1.7047622,0,0
2011-08-05 07:00:00,-1.7059134,0,0
2011-08-05 08:00:00,-1.6107129,0,0
2011-08-05 09:00:00,-1.4468437,0,0
2011-08-05 10:00:00,-1.313268,0,0
2011-08-05 11:00:00,-1.2269948,0,0
2011-08-05 12:00:00,-1.1574756,0,0
2011-08-05 13:00:00,-1.1417384,0,0
2011-08-05 14:00:00,-1.1260134,0,0
2011-08-05 15:00:00,-1.1605082,0,0
2011-08-05 16:00:00,-1.1428856,0,0
2011-08-05 17:00:00,-1.2696106,0,0
2011-08-05 18:00:00,-1.3759727,0,0
2011-08-05 19:00:00,-1.4573367,0,0
2011-08-05 20:00:00,-1.5583705,0,0
2011-08-05 21:00:00,-1.6672999,0,0
2011-08-05 22:00:00,-1.7299906,0,0
2011-08-05 23:00:00,-1.7765421,0,0
2011-08-06 00:00:00,-1.8660244,1,0
2011-08-06 01:00:00,-1.9472628,1,0
2011-08-06 02:00:00,-1.9927381,1,0
2011-08-06 03:00:00,-2.0426605,1,0
2011-08-06 04:00:00,-2.1061773,1,0
2011-08-06 05:00:00,-2.150165,1,0
2011-08-06 06:00:00,-2.181462,1,0
2011-08-06 07:00:00,-2.1995788,1,0
2011-08-06 08:00:00,-2.0856752,1,0
2011-08-06 09:00:00,-1.9326769,1,0
2011-08-06 10:00:00,-1.8001114,1,0
2011-08-06 11:00:00,-1.7200512,1,0
2011-08-06 12:00:00,-1.6799895,1,0
2011-08-06 13:00:00,-1.6259092,1,0
2011-08-06 14:00:00,-1.5786917,1,0
2011-08-06 15:00:00,-1.534716,1,0
2011-08-06 16:00:00,-1.5276079,1,0
2011-08-06 17:00:00,-1.6240151,1,0
2011-08-06 18:00:00,-1.746027,1,0
2011-08-06 19:00:00,-1.8178313,1,0
2011-08-06 20:00:00,-1.8802212,1,0
2011-08-06 21:00:00,-1.9171352,1,0
2011-08-06 22:00:00,-1.958496,1,0
2011-08-06 23:00:00,-2.0629785,1,0
2011-08-07 00:00:00,-2.1845863,1,0
2011-08-07 01:00:00,-2.1422205,1,0
2011-08-07 02:00:00,-2.0963116,1,0
2011-08-07 03:00:00,-2.0729854,1,0
2011-08-07 04:00:00,-2.0827804,1,0
2011-08-07 05:00:00,-2.1217372,1,0
2011-08-07 06:00:00,-2.1654897,1,0
2011-08-07 07:00:00,-2.1791599,1,0
2011-08-07 08:00:00,-1.9696794,1,0
2011-08-07 09:00:00,-1.8116667,1,0
2011-08-07 10:00:00,-1.6525686,1,0
2011-08-07 11:00:00,-1.4733244,1,0
2011-08-07 12:00:00,-1.1911367,1,0
2011-08-07 13:00:00,-1.0850089,1,0
2011-08-07 14:00:00,-1.1888798,1,0
2011-08-07 15:00:00,-1.2281702,1,0
2011-08-07 16:00:00,-1.3640352,1,0
2011-08-07 17:00:00,-1.5782454,1,0
2011-08-07 18:00:00,-1.7478892,1,0
2011-08-07 19:00:00,-1.8077464,1,0
2011-08-07 20:00:00,-1.852999,1,0
2011-08-07 21:00:00,-1.910026,1,0
2011-08-07 22:00:00,-2.0073571,1,0
2011-08-07 23:00:00,-1.993348,1,0
2011-08-08 00:00:00,-1.9794049,0,0
2011-08-08 01:00:00,-1.9374532,0,0
2011-08-08 02:00:00,-1.9190633,0,0
2011-08-08 03:00:00,-1.9136183,0,0
2011-08-08 04:00:00,-1.8352543,0,0
2011-08-08 05:00:00,-1.8550187,0,0
2011-08-08 06:00:00,-1.8460308,0,0
2011-08-08 07:00:00,-1.8606045,0,0
2011-08-08 08:00:00,-1.7532219,0,0
2011-08-08 09:00:00,-1.6001725,0,0
2011-08-08 10:00:00,-1.4316992,0,0
2011-08-08 11:00:00,-1.370252,0,0
2011-08-08 12:00:00,-1.4065502,0,0
2011-08-08 13:00:00,-1.3836181,0,0
2011-08-08 14:00:00,-1.4407343,0,0
2011-08-08 15:00:00,-1.543345,0,0
2011-08-08 16:00:00,-1.5290766,0,0
2011-08-08 17:00:00,-1.605453,0,0
2011-08-08 18:00:00,-1.6747246,0,0
2011-08-08 19:00:00,-1.6979809,0,0
2011-08-08 20:00:00,-1.7450532,0,0
2011-08-08 21:00:00,-1.7968897,0,0
2011-08-08 22:00:00,-1.7996886,0,0
2011-08-08 23:00:00,-1.8544842,0,0
2011-08-09 00:00:00,-1.8768244,0,0
2011-08-09 01:00:00,-1.8666784,0,0
2011-08-09 02:00:00,-1.9139738,0,0
2011-08-09 03:00:00,-1.912326,0,0
2011-08-09 04:00:00,-1.9470251,0,0
2011-08-09 05:00:00,-1.9517071,0,0
2011-08-09 06:00:00,-2.009638,0,0
2011-08-09 07:00:00,-2.0008855,0,0
2011-08-09 08:00:00,-1.7741731,0,0
2011-08-09 09:00:00,-1.6413414,0,0
2011-08-09 10:00:00,-1.5320859,0,0
2011-08-09 11:00:00,-1.4665197,0,0
2011-08-09 12:00:00,-1.3900213,0,0
2011-08-09 13:00:00,-1.3958027,0,0
2011-08-09 14:00:00,-1.3672926,0,0
2011-08-09 15:00:00,-1.4138166,0,0
2011-08-09 16:00:00,-1.4424667,0,0
2011-08-09 17:00:00,-1.5322778,0,0
2011-08-09 18:00:00,-1.6675522,0,0
2011-08-09 19:00:00,-1.7504816,0,0
2011-08-09 20:00:00,-1.8389969,0,0
2011-08-09 21:00:00,-1.9214054,0,0
2011-08-09 22:00:00,-2.0602453,0,0
2011-08-09 23:00:00,-2.102934,0,0
2011-08-10 00:00:00,-2.0828903,0,0
2011-08-10 01:00:00,-2.1517985,0,0
2011-08-10 02:00:00,-2.2384284,0,0
2011-08-10 03:00:00,-2.4808226,0,0
2011-08-10 04:00:00,-2.659191,0,0
2011-08-10 05:00:00,-2.7336133,0,0
2011-08-10 06:00:00,-2.6759927,0,0
2011-08-10 07:00:00,-2.4528356,0,0
2011-08-10 08:00:00,-2.1002872,0,0
2011-08-10 09:00:00,-1.8826675,0,0
2011-08-10 10:00:00,-1.7896397,0,0
2011-08-10 11:00:00,-1.6226152,0,0
2011-08-10 12:00:00,-1.3081297,0,0
2011-08-10 13:00:00,-0.98465633,0,0
2011-08-10 14:00:00,-0.93247813,0,0
2011-08-10 15:00:00,-0.9977318,0,0
2011-08-10 16:00:00,-1.1612024,0,0
2011-08-10 17:00:00,-1.2794361,0,0
2011-08-10 18:00:00,-1.4183502,0,0
2011-08-10 19:00:00,-1.4948554,0,0
2011-08-10 20:00:00,-1.5739875,0,0
2011-08-10 21:00:00,-1.666288,0,0
2011-08-10 22:00:00,-1.7607256,0,0
2011-08-10 23:00:00,-1.8607492,0,0
2011-08-11 00:00:00,-1.9243604,0,0
2011-08-11 01:00:00,-1.9366368,0,0
2011-08-11 02:00:00,-1.9178514,0,0
2011-08-11 03:00:00,-1.9046524,0,0
2011-08-11 04:00:00,-1.8507538,0,0
2011-08-11 05:00:00,-1.9038774,0,0
2011-08-11 06:00:00,-1.965339,0,0
2011-08-11 07:00:00,-1.998538,0,0
2011-08-11 08:00:00,-1.8819952,0,0
2011-08-11 09:00:00,-1.7449052,0,0
2011-08-11 10:00:00,-1.5465915,0,0
2011-08-11 11:00:00,-1.3243552,0,0
2011-08-11 12:00:00,-1.1287652,0,0
2011-08-11 13:00:00,-1.0387812,0,0
2011-08-11 14:00:00,-1.0081649,0,0
2011-08-11 15:00:00,-1.0056512,0,0
2011-08-11 16:00:00,-1.0082237,0,0
2011-08-11 17:00:00,-1.1154267,0,0
2011-08-11 18:00:00,-1.29504,0,0
2011-08-11 19:00:00,-1.4447309,0,0
2011-08-11 20:00:00,-1.615325,0,0
2011-08-11 21:00:00,-1.733242,0,0
2011-08-11 22:00:00,-1.8304787,0,0
2011-08-11 23:00:00,-1.94748,0,0
2011-08-12 00:00:00,-2.0511408,0,0
2011-08-12 01:00:00,-2.1337724,0,0
2011-08-12 02:00:00,-2.2374334,0,0
2011-08-12 03:00:00,-2.1978543,0,0
2011-08-12 04:00:00,-2.3848152,0,0
2011-08-12 05:00:00,-2.4930518,0,0
2011-08-12 06:00:00,-2.5288897,0,0
2011-08-12 07:00:00,-2.544443,0,0
2011-08-12 08:00:00,-2.1418877,0,0
2011-08-12 09:00:00,-1.65926,0,0
2011-08-12 10:00:00,-1.3911072,0,0
2011-08-12 11:00:00,-1.1777524,0,0
2011-08-12 12:00:00,-1.0424606,0,0
2011-08-12 13:00:00,-0.9696452,0,0
2011-08-12 14:00:00,-0.93994486,0,0
2011-08-12 15:00:00,-0.9756412,0,0
2011-08-12 16:00:00,-1.0116671,0,0
2011-08-12 17:00:00,-1.0954148,0,0
2011-08-12 18:00:00,-1.2506568,0,0
2011-08-12 19:00:00,-1.3880522,0,0
2011-08-12 20:00:00,-1.5174266,0,0
2011-08-12 21:00:00,-1.6199483,0,0
2011-08-12 22:00:00,-1.7036724,0,0
2011-08-12 23:00:00,-1.7447833,0,0
2011-08-13 00:00:00,-1.853051,1,0
2011-08-13 01:00:00,-1.9300969,1,0
2011-08-13 02:00:00,-2.0068884,1,0
2011-08-13 03:00:00,-2.022046,1,0
2011-08-13 04:00:00,-2.0310025,1,0
2011-08-13 05:00:00,-2.0602446,1,0
2011-08-13 06:00:00,-2.0544674,1,0
2011-08-13 07:00:00,-2.0431824,1,0
2011-08-13 08:00:00,-1.8580853,1,0
2011-08-13 09:00:00,-1.5283306,1,0
2011-08-13 10:00:00,-1.2068734,1,0
2011-08-13 11:00:00,-1.0934808,1,0
2011-08-13 12:00:00,-0.9547604,1,0
2011-08-13 13:00:00,-0.78752285,1,0
2011-08-13 14:00:00,-0.6131996,1,0
2011-08-13 15:00:00,-0.53163177,1,0
2011-08-13 16:00:00,-0.5451885,1,0
2011-08-13 17:00:00,-0.7764342,1,0
2011-08-13 18:00:00,-1.058428,1,0
2011-08-13 19:00:00,-1.2416352,1,0
2011-08-13 20:00:00,-1.337827,1,0
2011-08-13 21:00:00,-1.4588797,1,0
2011-08-13 22:00:00,-1.5721779,1,0
2011-08-13 23:00:00,-1.6440331,1,0
2011-08-14 00:00:00,-1.6933057,1,0
2011-08-14 01:00:00,-1.7531198,1,0
2011-08-14 02:00:00,-1.81203,1,0
2011-08-14 03:00:00,-1.8539625,1,0
2011-08-14 04:00:00,-1.9432726,1,0
2011-08-14 05:00:00,-1.9845557,1,0
2011-08-14 06:00:00,-2.0321686,1,0
2011-08-14 07:00:00,-2.0324984,1,0
2011-08-14 08:00:00,-1.7194444,1,0
2011-08-14 09:00:00,-1.2867703,1,0
2011-08-14 10:00:00,-0.9972831,1,0
2011-08-14 11:00:00,-0.7737582,1,0
2011-08-14 12:00:00,-0.58869714,1,0
2011-08-14 13:00:00,-0.4586514,1,0
2011-08-14 14:00:00,-0.4115005,1,0
2011-08-14 15:00:00,-0.43063104,1,0
2011-08-14 16:00:00,-0.41410515,1,0
2011-08-14 17:00:00,-0.5761347,1,0
2011-08-14 18:00:00,-0.80371183,1,0
2011-08-14 19:00:00,-0.9195228,1,0
2011-08-14 20:00:00,-1.0419178,1,0
2011-08-14 21:00:00,-1.1335685,1,0
2011-08-14 22:00:00,-1.197102,1,0
2011-08-14 23:00:00,-1.2783446,1,0
2011-08-15 00:00:00,-1.3209312,0,0
2011-08-15 01:00:00,-1.3314579,0,0
2011-08-15 02:00:00,-1.3606098,0,0
2011-08-15 03:00:00,-1.3803785,0,0
2011-08-15 04:00:00,-1.3072095,0,0
2011-08-15 05:00:00,-1.2794242,0,0
2011-08-15 06:00:00,-1.2592168,0,0
2011-08-15 07:00:00,-1.2133062,0,0
2011-08-15 08:00:00,-1.1782033,0,0
2011-08-15 09:00:00,-1.139727,0,0
2011-08-15 10:00:00,-1.0468341,0,0
2011-08-15 11:00:00,-0.9968763,0,0
2011-08-15 12:00:00,-0.90095097,0,0
2011-08-15 13:00:00,-0.7570495,0,0
2011-08-15 14:00:00,-0.71632165,0,0
2011-08-15 15:00:00,-0.70619464,0,0
2011-08-15 16:00:00,-0.5261905,0,0
2011-08-15 17:00:00,-0.62008756,0,0
2011-08-15 18:00:00,-0.76564896,0,0
2011-08-15 19:00:00,-0.91853833,0,0
2011-08-15 20:00:00,-1.0351441,0,0
2011-08-15 21:00:00,-1.094563,0,0
2011-08-15 22:00:00,-1.1737461,0,0
2011-08-15 23:00:00,-1.191785,0,0
2011-08-16 00:00:00,-1.2545745,0,0
2011-08-16 01:00:00,-1.3314481,0,0
2011-08-16 02:00:00,-1.3720695,0,0
2011-08-16 03:00:00,-1.4437525,0,0
2011-08-16 04:00:00,-1.4856074,0,0
2011-08-16 05:00:00,-1.4397807,0,0
2011-08-16 06:00:00,-1.3768944,0,0
2011-08-16 07:00:00,-1.3009998,0,0
2011-08-16 08:00:00,-1.1912254,0,0
2011-08-16 09:00:00,-1.0646502,0,0
2011-08-16 10:00:00,-0.9011294,0,0
2011-08-16 11:00:00,-0.90339816,0,0
2011-08-16 12:00:00,-0.9319212,0,0
2011-08-16 13:00:00,-0.9259521,0,0
2011-08-16 14:00:00,-0.8231269,0,0
2011-08-16 15:00:00,-0.73676544,0,0
2011-08-16 16:00:00,-0.65243536,0,0
2011-08-16 17:00:00,-0.7674942,0,0
2011-08-16 18:00:00,-0.8519094,0,0
2011-08-16 19:00:00,-0.8658605,0,0
2011-08-16 20:00:00,-0.88111055,0,0
2011-08-16 21:00:00,-0.90114146,0,0
2011-08-16 22:00:00,-0.9012193,0,0
2011-08-16 23:00:00,-0.99917114,0,0
2011-08-17 00:00:00,-1.1602491,0,0
2011-08-17 01:00:00,-1.3776923,0,0
2011-08-17 02:00:00,-1.5616823,0,0
2011-08-17 03:00:00,-1.6521628,0,0
2011-08-17 04:00:00,-1.6126106,0,0
2011-08-17 05:00:00,-1.6694657,0,0
2011-08-17 06:00:00,-1.7211298,0,0
2011-08-17 07:00:00,-1.8088746,0,0
2011-08-17 08:00:00,-1.7369225,0,0
2011-08-17 09:00:00,-1.6592469,0,0
2011-08-17 10:00:00,-1.5667969,0,0
2011-08-17 11:00:00,-1.4990667,0,0
2011-08-17 12:00:00,-1.470763,0,0
2011-08-17 13:00:00,-1.5971854,0,0
2011-08-17 14:00:00,-1.6459262,0,0
2011-08-17 15:00:00,-1.6734328,0,0
2011-08-17 16:00:00,-1.6930175,0,0
2011-08-17 17:00:00,-1.8156011,0,0
2011-08-17 18:00:00,-1.9460025,0,0
2011-08-17 19:00:00,-2.061137,0,0
2011-08-17 20:00:00,-2.1375332,0,0
2011-08-17 21:00:00,-2.173054,0,0
2011-08-17 22:00:00,-2.1977668,0,0
2011-08-17 23:00:00,-2.2166274,0,0
2011-08-18 00:00:00,-2.3192043,0,0
2011-08-18 01:00:00,-2.3430836,0,0
2011-08-18 02:00:00,-2.2944698,0,0
2011-08-18 03:00:00,-2.1583428,0,0
2011-08-18 04:00:00,-1.8240547,0,0
2011-08-18 05:00:00,-1.7176002,0,0
2011-08-18 06:00:00,-1.6960938,0,0
2011-08-18 07:00:00,-1.6515152,0,0
2011-08-18 08:00:00,-1.5218043,0,0
2011-08-18 09:00:00,-1.3956898,0,0
2011-08-18 10:00:00,-1.2584381,0,0
2011-08-18 11:00:00,-1.1728699,0,0
2011-08-18 12:00:00,-1.1179678,0,0
2011-08-18 13:00:00,-1.0796481,0,0
2011-08-18 14:00:00,-1.0547632,0,0
2011-08-18 15:00:00,-1.0771104,0,0
2011-08-18 16:00:00,-1.0480839,0,0
2011-08-18 17:00:00,-1.1251099,0,0
2011-08-18 18:00:00,-1.1755841,0,0
2011-08-18 19:00:00,-1.2050292,0,0
2011-08-18 20:00:00,-1.2214351,0,0
2011-08-18 21:00:00,-1.2134575,0,0
2011-08-18 22:00:00,-1.2251501,0,0
2011-08-18 23:00:00,-1.2413838,0,0
2011-08-19 00:00:00,-1.2757531,0,0
2011-08-19 01:00:00,-1.2927308,0,0
2011-08-19 02:00:00,-1.3155483,0,0
2011-08-19 03:00:00,-1.397201,0,0
2011-08-19 04:00:00,-1.3836063,0,0
2011-08-19 05:00:00,-1.4786935,0,0
2011-08-19 06:00:00,-1.5615795,0,0
2011-08-19 07:00:00,-1.6477731,0,0
2011-08-19 08:00:00,-1.4058064,0,0
2011-08-19 09:00:00,-1.2184023,0,0
2011-08-19 10:00:00,-1.1549122,0,0
2011-08-19 11:00:00,-0.9412087,0,0
2011-08-19 12:00:00,-0.77116007,0,0
2011-08-19 13:00:00,-0.6657641,0,0
2011-08-19 14:00:00,-0.6486768,0,0
2011-08-19 15:00:00,-0.6995187,0,0
2011-08-19 16:00:00,-0.7579626,0,0
2011-08-19 17:00:00,-0.8822373,0,0
2011-08-19 18:00:00,-1.0078743,0,0
2011-08-19 19:00:00,-1.1296198,0,0
2011-08-19 20:00:00,-1.234623,0,0
2011-08-19 21:00:00,-1.3127569,0,0
2011-08-19 22:00:00,-1.3622018,0,0
2011-08-19 23:00:00,-1.41304,0,0
2011-08-20 00:00:00,-1.4796103,1,0
2011-08-20 01:00:00,-1.5689983,1,0
2011-08-20 02:00:00,-1.7312396,1,0
2011-08-20 03:00:00,-1.8469416,1,0
2011-08-20 04:00:00,-1.8639001,1,0
2011-08-20 05:00:00,-1.8735185,1,0
2011-08-20 06:00:00,-1.8786901,1,0
2011-08-20 07:00:00,-1.7701492,1,0
2011-08-20 08:00:00,-1.417601,1,0
2011-08-20 09:00:00,-1.0400304,1,0
2011-08-20 10:00:00,-0.7489732,1,0
2011-08-20 11:00:00,-0.5547645,1,0
2011-08-20 12:00:00,-0.4038351,1,0
2011-08-20 13:00:00,-0.36858788,1,0
2011-08-20 14:00:00,-0.36001083,1,0
2011-08-20 15:00:00,-0.36190513,1,0
2011-08-20 16:00:00,-0.35928693,1,0
2011-08-20 17:00:00,-0.426186,1,0
2011-08-20 18:00:00,-0.5386427,1,0
2011-08-20 19:00:00,-0.6097851,1,0
2011-08-20 20:00:00,-0.6968948,1,0
2011-08-20 21:00:00,-0.7357109,1,0
2011-08-20 22:00:00,-0.7988325,1,0
2011-08-20 23:00:00,-0.8313819,1,0
2011-08-21 00:00:00,-0.887493,1,0
2011-08-21 01:00:00,-0.9684184,1,0
2011-08-21 02:00:00,-1.1154242,1,0
2011-08-21 03:00:00,-1.2191672,1,0
2011-08-21 04:00:00,-1.4531596,1,0
2011-08-21 05:00:00,-1.4957705,1,0
2011-08-21 06:00:00,-1.5065757,1,0
2011-08-21 07:00:00,-1.4725358,1,0
2011-08-21 08:00:00,-1.1523652,1,0
2011-08-21 09:00:00,-0.7158653,1,0
2011-08-21 10:00:00,-0.4048596,1,0
2011-08-21 11:00:00,-0.26320672,1,0
2011-08-21 12:00:00,-0.16748707,1,0
2011-08-21 13:00:00,-0.090436086,1,0
2011-08-21 14:00:00,-0.091961876,1,0
2011-08-21 15:00:00,-0.12796345,1,0
2011-08-21 16:00:00,-0.054590493,1,0
2011-08-21 17:00:00,-0.13776647,1,0
2011-08-21 18:00:00,-0.36222446,1,0
2011-08-21 19:00:00,-0.6267712,1,0
2011-08-21 20:00:00,-0.88461274,1,0
2011-08-21 21:00:00,-1.1168184,1,0
2011-08-21 22:00:00,-1.256324,1,0
2011-08-21 23:00:00,-1.3644317,1,0
2011-08-22 00:00:00,-1.4696581,0,0
2011-08-22 01:00:00,-1.5529515,0,0
2011-08-22 02:00:00,-1.626118,0,0
2011-08-22 03:00:00,-1.7037313,0,0
2011-08-22 04:00:00,-1.8359555,0,0
2011-08-22 05:00:00,-1.888677,0,0
2011-08-22 06:00:00,-1.9231216,0,0
2011-08-22 07:00:00,-1.9097623,0,0
2011-08-22 08:00:00,-1.6138027,0,0
2011-08-22 09:00:00,-1.2417401,0,0
2011-08-22 10:00:00,-0.9526482,0,0
2011-08-22 11:00:00,-0.7922102,0,0
2011-08-22 12:00:00,-0.613268,0,0
2011-08-22 13:00:00,-0.46312147,0,0
2011-08-22 14:00:00,-0.36863983,0,0
2011-08-22 15:00:00,-0.34637392,0,0
2011-08-22 16:00:00,-0.30704236,0,0
2011-08-22 17:00:00,-0.4513627,0,0
2011-08-22 18:00:00,-0.78451467,0,0
2011-08-22 19:00:00,-1.027395,0,0
2011-08-22 20:00:00,-1.2332522,0,0
2011-08-22 21:00:00,-1.4028257,0,0
2011-08-22 22:00:00,-1.5018677,0,0
2011-08-22 23:00:00,-1.5720631,0,0
2011-08-23 00:00:00,-1.6146574,0,0
2011-08-23 01:00:00,-1.6275011,0,0
2011-08-23 02:00:00,-1.6198368,0,0
2011-08-23 03:00:00,-1.6296272,0,0
2011-08-23 04:00:00,-1.6995682,0,0
2011-08-23 05:00:00,-1.7193449,0,0
2011-08-23 06:00:00,-1.7708325,0,0
2011-08-23 07:00:00,-1.7629962,0,0
2011-08-23 08:00:00,-1.4555161,0,0
2011-08-23 09:00:00,-1.0458076,0,0
2011-08-23 10:00:00,-0.7166662,0,0
2011-08-23 11:00:00,-0.48041147,0,0
2011-08-23 12:00:00,-0.3148095,0,0
2011-08-23 13:00:00,-0.18724547,0,0
2011-08-23 14:00:00,-0.12621687,0,0
2011-08-23 15:00:00,-0.12653355,0,0
2011-08-23 16:00:00,-0.025658445,0,0
2011-08-23 17:00:00,-0.14774477,0,0
2011-08-23 18:00:00,-0.4426957,0,0
2011-08-23 19:00:00,-0.7245807,0,0
2011-08-23 20:00:00,-0.9559093,0,0
2011-08-23 21:00:00,-1.1451799,0,0
2011-08-23 22:00:00,-1.2694434,0,0
2011-08-23 23:00:00,-1.3298413,0,0
2011-08-24 00:00:00,-1.3645089,0,0
2011-08-24 01:00:00,-1.4371592,0,0
2011-08-24 02:00:00,-1.533785,0,0
2011-08-24 03:00:00,-1.6287633,0,0
2011-08-24 04:00:00,-1.7298316,0,0
2011-08-24 05:00:00,-1.7859428,0,0
2011-08-24 06:00:00,-1.8380024,0,0
2011-08-24 07:00:00,-1.8234096,0,0
2011-08-24 08:00:00,-1.4892324,0,0
2011-08-24 09:00:00,-1.0831326,0,0
2011-08-24 10:00:00,-0.7821596,0,0
2011-08-24 11:00:00,-0.52844983,0,0
2011-08-24 12:00:00,-0.34737015,0,0
2011-08-24 13:00:00,-0.224093,0,0
2011-08-24 14:00:00,-0.16167098,0,0
2011-08-24 15:00:00,-0.1450223,0,0
2011-08-24 16:00:00,-0.044130325,0,0
2011-08-24 17:00:00,-0.29077592,0,0
2011-08-24 18:00:00,-0.58891356,0,0
2011-08-24 19:00:00,-0.78212315,0,0
2011-08-24 20:00:00,-0.90838295,0,0
2011-08-24 21:00:00,-0.97827727,0,0
2011-08-24 22:00:00,-1.0417942,0,0
2011-08-24 23:00:00,-1.1358833,0,0
2011-08-25 00:00:00,-1.2439787,0,0
2011-08-25 01:00:00,-1.3431027,0,0
2011-08-25 02:00:00,-1.3930292,0,0
2011-08-25 03:00:00,-1.4006867,0,0
2011-08-25 04:00:00,-1.3151506,0,0
2011-08-25 05:00:00,-1.2206999,0,0
2011-08-25 06:00:00,-1.1182715,0,0
2011-08-25 07:00:00,-0.9093931,0,0
2011-08-25 08:00:00,-0.6142699,0,0
2011-08-25 09:00:00,-0.5550067,0,0
2011-08-25 10:00:00,-0.49939543,0,0
2011-08-25 11:00:00,-0.4204457,0,0
2011-08-25 12:00:00,-0.37406442,0,0
2011-08-25 13:00:00,-0.41431972,0,0
2011-08-25 14:00:00,-0.56948644,0,0
2011-08-25 15:00:00,-0.6680889,0,0
2011-08-25 16:00:00,-0.7762918,0,0
2011-08-25 17:00:00,-0.8434815,0,0
2011-08-25 18:00:00,-0.99124783,0,0
2011-08-25 19:00:00,-1.100581,0,0
2011-08-25 20:00:00,-1.1876206,0,0
2011-08-25 21:00:00,-1.2308767,0,0
2011-08-25 22:00:00,-1.3598369,0,0
2011-08-25 23:00:00,-1.4569135,0,0
2011-08-26 00:00:00,-1.5601599,0,0
2011-08-26 01:00:00,-1.6814479,0,0
2011-08-26 02:00:00,-1.6922997,0,0
2011-08-26 03:00:00,-1.7971941,0,0
2011-08-26 04:00:00,-1.8650156,0,0
2011-08-26 05:00:00,-1.9549755,0,0
2011-08-26 06:00:00,-1.9570282,0,0
2011-08-26 07:00:00,-1.9125127,0,0
2011-08-26 08:00:00,-1.5641181,0,0
2011-08-26 09:00:00,-1.3817282,0,0
2011-08-26 10:00:00,-1.2622124,0,0
2011-08-26 11:00:00,-1.1858308,0,0
2011-08-26 12:00:00,-1.1336093,0,0
2011-08-26 13:00:00,-1.1222124,0,0
2011-08-26 14:00:00,-1.1705949,0,0
2011-08-26 15:00:00,-1.2881713,0,0
2011-08-26 16:00:00,-1.4146043,0,0
2011-08-26 17:00:00,-1.4759537,0,0
2011-08-26 18:00:00,-1.6130213,0,0
2011-08-26 19:00:00,-1.7402316,0,0
2011-08-26 20:00:00,-1.8322344,0,0
2011-08-26 21:00:00,-1.913479,0,0
2011-08-26 22:00:00,-1.9034024,0,0
2011-08-26 23:00:00,-2.0129278,0,0
2011-08-27 00:00:00,-2.117551,1,0
2011-08-27 01:00:00,-2.2051315,1,0
2011-08-27 02:00:00,-2.317921,1,0
2011-08-27 03:00:00,-2.3629823,1,0
2011-08-27 04:00:00,-2.4986267,1,0
2011-08-27 05:00:00,-2.4997468,1,0
2011-08-27 06:00:00,-2.5454576,1,0
2011-08-27 07:00:00,-2.5339527,1,0
2011-08-27 08:00:00,-1.9606613,1,0
2011-08-27 09:00:00,-1.4633818,1,0
2011-08-27 10:00:00,-1.3466963,1,0
2011-08-27 11:00:00,-1.2134595,1,0
2011-08-27 12:00:00,-1.1498,1,0
2011-08-27 13:00:00,-1.1272432,1,0
2011-08-27 14:00:00,-1.1035163,1,0
2011-08-27 15:00:00,-1.1199766,1,0
2011-08-27 16:00:00,-1.1639291,1,0
2011-08-27 17:00:00,-1.269716,1,0
2011-08-27 18:00:00,-1.449147,1,0
2011-08-27 19:00:00,-1.6288668,1,0
2011-08-27 20:00:00,-1.7732698,1,0
2011-08-27 21:00:00,-1.9063759,1,0
2011-08-27 22:00:00,-2.0385659,1,0
2011-08-27 23:00:00,-2.1614358,1,0
2011-08-28 00:00:00,-2.247705,1,0
2011-08-28 01:00:00,-2.3211887,1,0
2011-08-28 02:00:00,-2.3932793,1,0
2011-08-28 03:00:00,-2.4533286,1,0
2011-08-28 04:00:00,-2.5380976,1,0
2011-08-28 05:00:00,-2.6017718,1,0
2011-08-28 06:00:00,-2.6545753,1,0
2011-08-28 07:00:00,-2.6155682,1,0
2011-08-28 08:00:00,-2.2100642,1,0
2011-08-28 09:00:00,-1.8018494,1,0
2011-08-28 10:00:00,-1.452183,1,0
2011-08-28 11:00:00,-1.1954199,1,0
2011-08-28 12:00:00,-1.0506749,1,0
2011-08-28 13:00:00,-0.9224614,1,0
2011-08-28 14:00:00,-0.8646627,1,0
2011-08-28 15:00:00,-0.8879736,1,0
2011-08-28 16:00:00,-0.8932043,1,0
2011-08-28 17:00:00,-1.0247557,1,0
2011-08-28 18:00:00,-1.2348288,1,0
2011-08-28 19:00:00,-1.3487734,1,0
2011-08-28 20:00:00,-1.4645065,1,0
2011-08-28 21:00:00,-1.5283842,1,0
2011-08-28 22:00:00,-1.5383002,1,0
2011-08-28 23:00:00,-1.499414,1,0
2011-08-29 00:00:00,-1.4523617,0,0
2011-08-29 01:00:00,-1.3892478,0,0
2011-08-29 02:00:00,-1.3161478,0,0
2011-08-29 03:00:00,-1.308377,0,0
2011-08-29 04:00:00,-1.3695846,0,0
2011-08-29 05:00:00,-1.4496715,0,0
2011-08-29 06:00:00,-1.5443321,0,0
2011-08-29 07:00:00,-1.5752218,0,0
2011-08-29 08:00:00,-1.394959,0,0
2011-08-29 09:00:00,-1.2842156,0,0
2011-08-29 10:00:00,-1.1577551,0,0
2011-08-29 11:00:00,-1.0974884,0,0
2011-08-29 12:00:00,-1.1407728,0,0
2011-08-29 13:00:00,-1.1339171,0,0
2011-08-29 14:00:00,-1.2182001,0,0
2011-08-29 15:00:00,-1.2607157,0,0
2011-08-29 16:00:00,-1.3233564,0,0
2011-08-29 17:00:00,-1.4117352,0,0
2011-08-29 18:00:00,-1.5724466,0,0
2011-08-29 19:00:00,-1.6935546,0,0
2011-08-29 20:00:00,-1.8089513,0,0
2011-08-29 21:00:00,-1.9040629,0,0
2011-08-29 22:00:00,-1.9801226,0,0
2011-08-29 23:00:00,-2.0526395,0,0
2011-08-30 00:00:00,-2.1211047,0,0
2011-08-30 01:00:00,-2.2352371,0,0
2011-08-30 02:00:00,-2.344828,0,0
2011-08-30 03:00:00,-2.4598327,0,0
2011-08-30 04:00:00,-2.5707393,0,0
2011-08-30 05:00:00,-2.6797318,0,0
2011-08-30 06:00:00,-2.720506,0,0
2011-08-30 07:00:00,-2.6129444,0,0
2011-08-30 08:00:00,-2.0720346,0,0
2011-08-30 09:00:00,-1.8194329,0,0
2011-08-30 10:00:00,-1.6214181,0,0
2011-08-30 11:00:00,-1.4255328,0,0
2011-08-30 12:00:00,-1.2577938,0,0
2011-08-30 13:00:00,-1.1506089,0,0
2011-08-30 14:00:00,-1.1105438,0,0
2011-08-30 15:00:00,-1.1561606,0,0
2011-08-30 16:00:00,-1.1986538,0,0
2011-08-30 17:00:00,-1.2985573,0,0
2011-08-30 18:00:00,-1.4555537,0,0
2011-08-30 19:00:00,-1.6499294,0,0
2011-08-30 20:00:00,-1.8187982,0,0
2011-08-30 21:00:00,-1.9005573,0,0
2011-08-30 22:00:00,-2.0222714,0,0
2011-08-30 23:00:00,-2.1253607,0,0
2011-08-31 00:00:00,-2.2199514,0,0
2011-08-31 01:00:00,-2.292468,0,0
2011-08-31 02:00:00,-2.388547,0,0
2011-08-31 03:00:00,-2.4688811,0,0
2011-08-31 04:00:00,-2.5618122,0,0
2011-08-31 05:00:00,-2.6085212,0,0
2011-08-31 06:00:00,-2.6448486,0,0
2011-08-31 07:00:00,-2.5345824,0,0
2011-08-31 08:00:00,-2.1224165,0,0
2011-08-31 09:00:00,-1.7816921,0,0
2011-08-31 10:00:00,-1.4747066,0,0
2011-08-31 11:00:00,-1.2151955,0,0
2011-08-31 12:00:00,-0.9973309,0,0
2011-08-31 13:00:00,-0.83883405,0,0
2011-08-31 14:00:00,-0.7336923,0,0
2011-08-31 15:00:00,-0.7083921,0,0
2011-08-31 16:00:00,-0.6769094,0,0
2011-08-31 17:00:00,-0.73073876,0,0
2011-08-31 18:00:00,-1.0261164,0,0
2011-08-31 19:00:00,-1.2994235,0,0
2011-08-31 20:00:00,-1.5019997,0,0
2011-08-31 21:00:00,-1.649856,0,0
2011-08-31 22:00:00,-1.7597057,0,0
2011-08-31 23:00:00,-1.8462288,0,0
2011-09-01 00:00:00,-1.936455,0,0
2011-09-01 01:00:00,-2.0101933,0,0
2011-09-01 02:00:00,-2.074294,0,0
2011-09-01 03:00:00,-2.133948,0,0
2011-09-01 04:00:00,-2.230664,0,0
2011-09-01 05:00:00,-2.2768834,0,0
2011-09-01 06:00:00,-2.3091786,0,0
2011-09-01 07:00:00,-2.2301338,0,0
2011-09-01 08:00:00,-1.8635405,0,0
2011-09-01 09:00:00,-1.4704367,0,0
2011-09-01 10:00:00,-1.1098849,0,0
2011-09-01 11:00:00,-0.8133898,0,0
2011-09-01 12:00:00,-0.5896848,0,0
2011-09-01 13:00:00,-0.4381204,0,0
2011-09-01 14:00:00,-0.3547516,0,0
2011-09-01 15:00:00,-0.34502348,0,0
2011-09-01 16:00:00,-0.4196632,0,0
2011-09-01 17:00:00,-0.45477304,0,0
2011-09-01 18:00:00,-0.77155834,0,0
2011-09-01 19:00:00,-0.97739124,0,0
2011-09-01 20:00:00,-1.1553301,0,0
2011-09-01 21:00:00,-1.2972397,0,0
2011-09-01 22:00:00,-1.3921669,0,0
2011-09-01 23:00:00,-1.4655098,0,0
2011-09-02 00:00:00,-1.5364488,0,0
2011-09-02 01:00:00,-1.6170256,0,0
2011-09-02 02:00:00,-1.6906694,0,0
2011-09-02 03:00:00,-1.7587274,0,0
2011-09-02 04:00:00,-1.8384824,0,0
2011-09-02 05:00:00,-1.8693839,0,0
2011-09-02 06:00:00,-1.8879904,0,0
2011-09-02 07:00:00,-1.8058292,0,0
2011-09-02 08:00:00,-1.4403238,0,0
2011-09-02 09:00:00,-1.0430397,0,0
2011-09-02 10:00:00,-0.6759982,0,0
2011-09-02 11:00:00,-0.36163366,0,0
2011-09-02 12:00:00,-0.1735749,0,0
2011-09-02 13:00:00,-0.022778701,0,0
2011-09-02 14:00:00,0.053249974,0,0
2011-09-02 15:00:00,0.0769334,0,0
2011-09-02 16:00:00,0.18022475,0,0
2011-09-02 17:00:00,-0.11329668,0,0
2011-09-02 18:00:00,-0.5399669,0,0
2011-09-02 19:00:00,-0.8661563,0,0
2011-09-02 20:00:00,-1.0501938,0,0
2011-09-02 21:00:00,-1.1766136,0,0
2011-09-02 22:00:00,-1.2642949,0,0
2011-09-02 23:00:00,-1.3326074,0,0
2011-09-03 00:00:00,-1.3778474,1,0
2011-09-03 01:00:00,-1.3977062,1,0
2011-09-03 02:00:00,-1.4338808,1,0
2011-09-03 03:00:00,-1.4974021,1,0
2011-09-03 04:00:00,-1.5867987,1,0
2011-09-03 05:00:00,-1.5768129,1,0
2011-09-03 06:00:00,-1.5093343,1,0
2011-09-03 07:00:00,-1.3359565,1,0
2011-09-03 08:00:00,-1.021069,1,0
2011-09-03 09:00:00,-0.5414229,1,0
2011-09-03 10:00:00,-0.14026187,1,0
2011-09-03 11:00:00,0.23325484,1,0
2011-09-03 12:00:00,0.50802827,1,0
2011-09-03 13:00:00,0.67366445,1,0
2011-09-03 14:00:00,0.77316475,1,0
2011-09-03 15:00:00,0.87318134,1,0
2011-09-03 16:00:00,0.6845555,1,0
2011-09-03 17:00:00,0.35823447,1,0
2011-09-03 18:00:00,0.02023149,1,0
2011-09-03 19:00:00,-0.15338598,1,0
2011-09-03 20:00:00,-0.24233961,1,0
2011-09-03 21:00:00,-0.17832777,1,0
2011-09-03 22:00:00,-0.15707453,1,0
2011-09-03 23:00:00,-0.2025769,1,0
2011-09-04 00:00:00,-0.30235845,1,0
2011-09-04 01:00:00,-0.40082854,1,0
2011-09-04 02:00:00,-0.50802,1,0
2011-09-04 03:00:00,-0.66768545,1,0
2011-09-04 04:00:00,-0.8612471,1,0
2011-09-04 05:00:00,-0.96243834,1,0
2011-09-04 06:00:00,-1.061398,1,0
2011-09-04 07:00:00,-1.0708566,1,0
2011-09-04 08:00:00,-0.9449117,1,0
2011-09-04 09:00:00,-0.8857938,1,0
2011-09-04 10:00:00,-0.776573,1,0
2011-09-04 11:00:00,-0.59116656,1,0
2011-09-04 12:00:00,-0.50701416,1,0
2011-09-04 13:00:00,-0.4695039,1,0
2011-09-04 14:00:00,-0.45533222,1,0
2011-09-04 15:00:00,-0.47193354,1,0
2011-09-04 16:00:00,-0.43318167,1,0
2011-09-04 17:00:00,-0.57771933,1,0
2011-09-04 18:00:00,-0.6959791,1,0
2011-09-04 19:00:00,-1.0096474,1,0
2011-09-04 20:00:00,-1.2679307,1,0
2011-09-04 21:00:00,-1.492261,1,0
2011-09-04 22:00:00,-1.6521394,1,0
2011-09-04 23:00:00,-1.8081262,1,0
2011-09-05 00:00:00,-1.9527216,0,0
2011-09-05 01:00:00,-2.0831382,0,0
2011-09-05 02:00:00,-2.1956737,0,0
2011-09-05 03:00:00,-2.2955182,0,0
2011-09-05 04:00:00,-2.3625588,0,0
2011-09-05 05:00:00,-2.3911324,0,0
2011-09-05 06:00:00,-2.3751435,0,0
2011-09-05 07:00:00,-2.1726398,0,0
2011-09-05 08:00:00,-1.6724173,0,0
2011-09-05 09:00:00,-1.245366,0,0
2011-09-05 10:00:00,-0.931235,0,0
2011-09-05 11:00:00,-0.66651696,0,0
2011-09-05 12:00:00,-0.49052146,0,0
2011-09-05 13:00:00,-0.3954946,0,0
2011-09-05 14:00:00,-0.36041936,0,0
2011-09-05 15:00:00,-0.40732312,0,0
2011-09-05 16:00:00,-0.40549216,0,0
2011-09-05 17:00:00,-0.5592432,0,0
2011-09-05 18:00:00,-0.80073863,0,0
2011-09-05 19:00:00,-0.98278433,0,0
2011-09-05 20:00:00,-1.1063783,0,0
2011-09-05 21:00:00,-1.1926905,0,0
2011-09-05 22:00:00,-1.2504616,0,0
2011-09-05 23:00:00,-1.2930603,0,0
2011-09-06 00:00:00,-1.2773794,0,0
2011-09-06 01:00:00,-1.1638649,0,0
2011-09-06 02:00:00,-1.1418269,0,0
2011-09-06 03:00:00,-1.2790067,0,0
2011-09-06 04:00:00,-1.6990861,0,0
2011-09-06 05:00:00,-1.9087752,0,0
2011-09-06 06:00:00,-2.0235445,0,0
2011-09-06 07:00:00,-2.0216424,0,0
2011-09-06 08:00:00,-1.9837501,0,0
2011-09-06 09:00:00,-1.9168777,0,0
2011-09-06 10:00:00,-1.7857282,0,0
2011-09-06 11:00:00,-1.6670076,0,0
2011-09-06 12:00:00,-1.5017473,0,0
2011-09-06 13:00:00,-1.3953221,0,0
2011-09-06 14:00:00,-1.4159317,0,0
2011-09-06 15:00:00,-1.4469899,0,0
2011-09-06 16:00:00,-1.5023149,0,0
2011-09-06 17:00:00,-1.5884353,0,0
2011-09-06 18:00:00,-1.6664015,0,0
2011-09-06 19:00:00,-1.6899364,0,0
2011-09-06 20:00:00,-1.7385085,0,0
2011-09-06 21:00:00,-1.8194416,0,0
2011-09-06 22:00:00,-1.863124,0,0
2011-09-06 23:00:00,-1.8933718,0,0
2011-09-07 00:00:00,-1.9465196,0,0
2011-09-07 01:00:00,-1.9920728,0,0
2011-09-07 02:00:00,-2.1260517,0,0
2011-09-07 03:00:00,-2.1484551,0,0
2011-09-07 04:00:00,-2.3096082,0,0
2011-09-07 05:00:00,-2.343309,0,0
2011-09-07 06:00:00,-2.3750958,0,0
2011-09-07 07:00:00,-2.2226422,0,0
2011-09-07 08:00:00,-1.9176992,0,0
2011-09-07 09:00:00,-1.7645167,0,0
2011-09-07 10:00:00,-1.6012949,0,0
2011-09-07 11:00:00,-1.4241248,0,0
2011-09-07 12:00:00,-1.3267021,0,0
2011-09-07 13:00:00,-1.2989938,0,0
2011-09-07 14:00:00,-1.2596949,0,0
2011-09-07 15:00:00,-1.2480524,0,0
2011-09-07 16:00:00,-1.3380998,0,0
2011-09-07 17:00:00,-1.3913308,0,0
2011-09-07 18:00:00,-1.5092835,0,0
2011-09-07 19:00:00,-1.537292,0,0
2011-09-07 20:00:00,-1.5744992,0,0
2011-09-07 21:00:00,-1.6481864,0,0
2011-09-07 22:00:00,-1.7431257,0,0
2011-09-07 23:00:00,-1.7815278,0,0
2011-09-08 00:00:00,-1.8458005,0,0
2011-09-08 01:00:00,-1.9043933,0,0
2011-09-08 02:00:00,-1.9954411,0,0
2011-09-08 03:00:00,-2.0260885,0,0
2011-09-08 04:00:00,-2.0306106,0,0
2011-09-08 05:00:00,-2.0389178,0,0
2011-09-08 06:00:00,-2.0506735,0,0
2011-09-08 07:00:00,-1.9833404,0,0
2011-09-08 08:00:00,-1.7093526,0,0
2011-09-08 09:00:00,-1.3907212,0,0
2011-09-08 10:00:00,-1.1528698,0,0
2011-09-08 11:00:00,-0.90912503,0,0
2011-09-08 12:00:00,-0.7056335,0,0
2011-09-08 13:00:00,-0.54922277,0,0
2011-09-08 14:00:00,-0.5695292,0,0
2011-09-08 15:00:00,-0.7988287,0,0
2011-09-08 16:00:00,-0.8961039,0,0
2011-09-08 17:00:00,-1.0692872,0,0
2011-09-08 18:00:00,-1.3200716,0,0
2011-09-08 19:00:00,-1.4850143,0,0
2011-09-08 20:00:00,-1.5714866,0,0
2011-09-08 21:00:00,-1.6679137,0,0
2011-09-08 22:00:00,-1.7449716,0,0
2011-09-08 23:00:00,-1.8400053,0,0
2011-09-09 00:00:00,-1.9178071,0,0
2011-09-09 01:00:00,-1.9115994,0,0
2011-09-09 02:00:00,-1.8336262,0,0
2011-09-09 03:00:00,-1.7448766,0,0
2011-09-09 04:00:00,-1.6973199,0,0
2011-09-09 05:00:00,-1.7243468,0,0
2011-09-09 06:00:00,-1.7112417,0,0
2011-09-09 07:00:00,-1.6635786,0,0
2011-09-09 08:00:00,-1.567661,0,0
2011-09-09 09:00:00,-1.4924817,0,0
2011-09-09 10:00:00,-1.4496164,0,0
2011-09-09 11:00:00,-1.3823125,0,0
2011-09-09 12:00:00,-1.2460202,0,0
2011-09-09 13:00:00,-1.2105385,0,0
2011-09-09 14:00:00,-1.2106742,0,0
2011-09-09 15:00:00,-1.2903806,0,0
2011-09-09 16:00:00,-1.4015589,0,0
2011-09-09 17:00:00,-1.4651623,0,0
2011-09-09 18:00:00,-1.5328028,0,0
2011-09-09 19:00:00,-1.602392,0,0
2011-09-09 20:00:00,-1.6443677,0,0
2011-09-09 21:00:00,-1.693323,0,0
2011-09-09 22:00:00,-1.7168969,0,0
2011-09-09 23:00:00,-1.7441734,0,0
2011-09-10 00:00:00,-1.7810875,1,0
2011-09-10 01:00:00,-1.8231922,1,0
2011-09-10 02:00:00,-1.8793033,1,0
2011-09-10 03:00:00,-1.9241173,1,0
2011-09-10 04:00:00,-1.8947906,1,0
2011-09-10 05:00:00,-1.8994727,1,0
2011-09-10 06:00:00,-1.9243456,1,0
2011-09-10 07:00:00,-1.8532152,1,0
2011-09-10 08:00:00,-1.6944813,1,0
2011-09-10 09:00:00,-1.5746723,1,0
2011-09-10 10:00:00,-1.4002088,1,0
2011-09-10 11:00:00,-1.296837,1,0
2011-09-10 12:00:00,-1.2305702,1,0
2011-09-10 13:00:00,-1.0992019,1,0
2011-09-10 14:00:00,-1.1127212,1,0
2011-09-10 15:00:00,-1.2518898,1,0
2011-09-10 16:00:00,-1.3381535,1,0
2011-09-10 17:00:00,-1.3931464,1,0
2011-09-10 18:00:00,-1.5345272,1,0
2011-09-10 19:00:00,-1.6128498,1,0
2011-09-10 20:00:00,-1.6820904,1,0
2011-09-10 21:00:00,-1.7701793,1,0
2011-09-10 22:00:00,-1.8436943,1,0
2011-09-10 23:00:00,-1.9064016,1,0
2011-09-11 00:00:00,-1.906477,1,0
2011-09-11 01:00:00,-1.9253376,1,0
2011-09-11 02:00:00,-1.9107447,1,0
2011-09-11 03:00:00,-1.9071827,1,0
2011-09-11 04:00:00,-1.9171498,1,0
2011-09-11 05:00:00,-1.9092354,1,0
2011-09-11 06:00:00,-1.9936093,1,0
2011-09-11 07:00:00,-1.8414102,1,0
2011-09-11 08:00:00,-1.6505939,1,0
2011-09-11 09:00:00,-1.5289818,1,0
2011-09-11 10:00:00,-1.4142569,1,0
2011-09-11 11:00:00,-1.3035958,1,0
2011-09-11 12:00:00,-1.2103043,1,0
2011-09-11 13:00:00,-1.0879118,1,0
2011-09-11 14:00:00,-1.0069155,1,0
2011-09-11 15:00:00,-0.9969798,1,0
2011-09-11 16:00:00,-0.97358257,1,0
2011-09-11 17:00:00,-1.079232,1,0
2011-09-11 18:00:00,-1.2644788,1,0
2011-09-11 19:00:00,-1.4675759,1,0
2011-09-11 20:00:00,-1.6440269,1,0
2011-09-11 21:00:00,-1.8171704,1,0
2011-09-11 22:00:00,-1.9603912,1,0
2011-09-11 23:00:00,-2.0939744,1,0
2011-09-12 00:00:00,-2.255644,0,0
2011-09-12 01:00:00,-2.4078648,0,0
2011-09-12 02:00:00,-2.4295592,0,0
2011-09-12 03:00:00,-2.5479004,0,0
2011-09-12 04:00:00,-2.576857,0,0
2011-09-12 05:00:00,-2.5499973,0,0
2011-09-12 06:00:00,-2.5325863,0,0
2011-09-12 07:00:00,-2.3652222,0,0
2011-09-12 08:00:00,-1.9855322,0,0
2011-09-12 09:00:00,-1.8736109,0,0
2011-09-12 10:00:00,-1.8144566,0,0
2011-09-12 11:00:00,-1.6155301,0,0
2011-09-12 12:00:00,-1.5270175,0,0
2011-09-12 13:00:00,-1.4423019,0,0
2011-09-12 14:00:00,-1.3914005,0,0
2011-09-12 15:00:00,-1.4091722,0,0
2011-09-12 16:00:00,-1.3625636,0,0
2011-09-12 17:00:00,-1.4709654,0,0
2011-09-12 18:00:00,-1.6162814,0,0
2011-09-12 19:00:00,-1.6849111,0,0
2011-09-12 20:00:00,-1.9542775,0,0
2011-09-12 21:00:00,-2.1477063,0,0
2011-09-12 22:00:00,-2.259451,0,0
2011-09-12 23:00:00,-2.3308918,0,0
2011-09-13 00:00:00,-2.5327876,0,0
2011-09-13 01:00:00,-2.6137717,0,0
2011-09-13 02:00:00,-2.688755,0,0
2011-09-13 03:00:00,-2.671894,0,0
2011-09-13 04:00:00,-2.6937766,0,0
2011-09-13 05:00:00,-2.660876,0,0
2011-09-13 06:00:00,-2.6420596,0,0
2011-09-13 07:00:00,-2.3848383,0,0
2011-09-13 08:00:00,-1.873493,0,0
2011-09-13 09:00:00,-1.4927847,0,0
2011-09-13 10:00:00,-1.110491,0,0
2011-09-13 11:00:00,-0.8592554,0,0
2011-09-13 12:00:00,-0.6813936,0,0
2011-09-13 13:00:00,-0.5613338,0,0
2011-09-13 14:00:00,-0.4969389,0,0
2011-09-13 15:00:00,-0.46793595,0,0
2011-09-13 16:00:00,-0.4249673,0,0
2011-09-13 17:00:00,-0.5534846,0,0
2011-09-13 18:00:00,-0.78640664,0,0
2011-09-13 19:00:00,-0.9625056,0,0
2011-09-13 20:00:00,-1.085993,0,0
2011-09-13 21:00:00,-1.1755065,0,0
2011-09-13 22:00:00,-1.2514911,0,0
2011-09-13 23:00:00,-1.305969,0,0
2011-09-14 00:00:00,-1.348418,0,0
2011-09-14 01:00:00,-1.3819734,0,0
2011-09-14 02:00:00,-1.3723439,0,0
2011-09-14 03:00:00,-1.3490251,0,0
2011-09-14 04:00:00,-1.2270887,0,0
2011-09-14 05:00:00,-1.1626323,0,0
2011-09-14 06:00:00,-1.1148751,0,0
2011-09-14 07:00:00,-1.0264064,0,0
2011-09-14 08:00:00,-0.92057276,0,0
2011-09-14 09:00:00,-0.7902207,0,0
2011-09-14 10:00:00,-0.7734788,0,0
2011-09-14 11:00:00,-0.72450966,0,0
2011-09-14 12:00:00,-0.6708704,0,0
2011-09-14 13:00:00,-0.65824,0,0
2011-09-14 14:00:00,-0.6933914,0,0
2011-09-14 15:00:00,-0.77388936,0,0
2011-09-14 16:00:00,-0.8844492,0,0
2011-09-14 17:00:00,-0.99897,0,0
2011-09-14 18:00:00,-1.1525851,0,0
2011-09-14 19:00:00,-1.2714183,0,0
2011-09-14 20:00:00,-1.5681435,0,0
2011-09-14 21:00:00,-1.8096892,0,0
2011-09-14 22:00:00,-2.007611,0,0
2011-09-14 23:00:00,-2.1273456,0,0
2011-09-15 00:00:00,-2.2117126,0,0
2011-09-15 01:00:00,-2.2612207,0,0
2011-09-15 02:00:00,-2.290632,0,0
2011-09-15 03:00:00,-2.308906,0,0
2011-09-15 04:00:00,-2.3761892,0,0
2011-09-15 05:00:00,-2.4294822,0,0
2011-09-15 06:00:00,-2.4545126,0,0
2011-09-15 07:00:00,-2.1732209,0,0
2011-09-15 08:00:00,-1.5513741,0,0
2011-09-15 09:00:00,-1.0098155,0,0
2011-09-15 10:00:00,-0.59325725,0,0
2011-09-15 11:00:00,-0.22426301,0,0
2011-09-15 12:00:00,0.020279892,0,0
2011-09-15 13:00:00,0.18524769,0,0
2011-09-15 14:00:00,0.27368155,0,0
2011-09-15 15:00:00,0.29531324,0,0
2011-09-15 16:00:00,0.3302117,0,0
2011-09-15 17:00:00,0.28337348,0,0
2011-09-15 18:00:00,0.0022867518,0,0
2011-09-15 19:00:00,-0.2578564,0,0
2011-09-15 20:00:00,-0.4646607,0,0
2011-09-15 21:00:00,-0.6507535,0,0
2011-09-15 22:00:00,-0.82149756,0,0
2011-09-15 23:00:00,-0.97303236,0,0
2011-09-16 00:00:00,-1.0811276,0,0
2011-09-16 01:00:00,-1.1417634,0,0
2011-09-16 02:00:00,-1.1706833,0,0
2011-09-16 03:00:00,-1.1723346,0,0
2011-09-16 04:00:00,-1.0634899,0,0
2011-09-16 05:00:00,-1.2436395,0,0
2011-09-16 06:00:00,-1.4246782,0,0
2011-09-16 07:00:00,-1.1525301,0,0
2011-09-16 08:00:00,-0.47660625,0,0
2011-09-16 09:00:00,-0.063520856,0,0
2011-09-16 10:00:00,0.23385578,0,0
2011-09-16 11:00:00,0.49138713,0,0
2011-09-16 12:00:00,0.6384536,0,0
2011-09-16 13:00:00,0.7101376,0,0
2011-09-16 14:00:00,0.7101461,0,0
2011-09-16 15:00:00,0.6504574,0,0
2011-09-16 16:00:00,0.6234208,0,0
2011-09-16 17:00:00,0.56892514,0,0
2011-09-16 18:00:00,0.42041844,0,0
2011-09-16 19:00:00,0.19974521,0,0
2011-09-16 20:00:00,-0.08266203,0,0
2011-09-16 21:00:00,-0.30541262,0,0
2011-09-16 22:00:00,-0.4732053,0,0
2011-09-16 23:00:00,-0.48172975,0,0
2011-09-17 00:00:00,-0.48767826,1,0
2011-09-17 01:00:00,-0.5766606,1,0
2011-09-17 02:00:00,-0.7395213,1,0
2011-09-17 03:00:00,-1.0998931,1,0
2011-09-17 04:00:00,-1.264496,1,0
2011-09-17 05:00:00,-1.1590906,1,0
2011-09-17 06:00:00,-1.1065688,1,0
2011-09-17 07:00:00,-0.92985934,1,0
2011-09-17 08:00:00,-0.5743893,1,0
2011-09-17 09:00:00,-0.18871793,1,0
2011-09-17 10:00:00,0.12156041,1,0
2011-09-17 11:00:00,0.43179542,1,0
2011-09-17 12:00:00,0.6953657,1,0
2011-09-17 13:00:00,0.8847404,1,0
2011-09-17 14:00:00,1.0013168,1,0
2011-09-17 15:00:00,0.94780105,1,0
2011-09-17 16:00:00,0.84068227,1,0
2011-09-17 17:00:00,0.638187,1,0
2011-09-17 18:00:00,0.36963782,1,0
2011-09-17 19:00:00,0.147053,1,0
2011-09-17 20:00:00,-0.046736285,1,0
2011-09-17 21:00:00,-0.21544492,1,0
2011-09-17 22:00:00,-0.3638685,1,0
2011-09-17 23:00:00,-0.4958042,1,0
2011-09-18 00:00:00,-0.6093376,1,0
2011-09-18 01:00:00,-0.7138833,1,0
2011-09-18 02:00:00,-0.8217366,1,0
2011-09-18 03:00:00,-0.97028875,1,0
2011-09-18 04:00:00,-1.1668338,1,0
2011-09-18 05:00:00,-1.3063327,1,0
2011-09-18 06:00:00,-1.3637239,1,0
2011-09-18 07:00:00,-0.94695914,1,0
2011-09-18 08:00:00,-0.65475154,1,0
2011-09-18 09:00:00,-0.4501502,1,0
2011-09-18 10:00:00,-0.15144332,1,0
2011-09-18 11:00:00,0.115172595,1,0
2011-09-18 12:00:00,0.369493,1,0
2011-09-18 13:00:00,0.51711476,1,0
2011-09-18 14:00:00,0.58210814,1,0
2011-09-18 15:00:00,0.59652096,1,0
2011-09-18 16:00:00,0.5753367,1,0
2011-09-18 17:00:00,0.4910908,1,0
2011-09-18 18:00:00,0.17013074,1,0
2011-09-18 19:00:00,-0.06786866,1,0
2011-09-18 20:00:00,-0.22705317,1,0
2011-09-18 21:00:00,-0.35191956,1,0
2011-09-18 22:00:00,-0.40953493,1,0
2011-09-18 23:00:00,-0.41925204,1,0
2011-09-19 00:00:00,-0.39659184,0,0
2011-09-19 01:00:00,-0.4292865,0,0
2011-09-19 02:00:00,-0.5014513,0,0
2011-09-19 03:00:00,-0.54627395,0,0
2011-09-19 04:00:00,-0.61431384,0,0
2011-09-19 05:00:00,-0.5536513,0,0
2011-09-19 06:00:00,-0.49289012,0,0
2011-09-19 07:00:00,-0.3320888,0,0
2011-09-19 08:00:00,-0.0617348,0,0
2011-09-19 09:00:00,0.011052964,0,0
2011-09-19 10:00:00,0.51025885,0,0
2011-09-19 11:00:00,0.785216,0,0
2011-09-19 12:00:00,0.71539754,0,0
2011-09-19 13:00:00,0.3953453,0,0
2011-09-19 14:00:00,0.068501934,0,0
2011-09-19 15:00:00,-0.14463644,0,0
2011-09-19 16:00:00,-0.3231004,0,0
2011-09-19 17:00:00,-0.43731904,0,0
2011-09-19 18:00:00,-0.60815305,0,0
2011-09-19 19:00:00,-0.7046311,0,0
2011-09-19 20:00:00,-0.8174027,0,0
2011-09-19 21:00:00,-0.94258225,0,0
2011-09-19 22:00:00,-1.1796091,0,0
2011-09-19 23:00:00,-1.2415701,0,0
2011-09-20 00:00:00,-1.2800306,0,0
2011-09-20 01:00:00,-1.2948518,0,0
2011-09-20 02:00:00,-1.3621633,0,0
2011-09-20 03:00:00,-1.4568216,0,0
2011-09-20 04:00:00,-1.5694556,0,0
2011-09-20 05:00:00,-1.6317365,0,0
2011-09-20 06:00:00,-1.6709455,0,0
2011-09-20 07:00:00,-1.5504265,0,0
2011-09-20 08:00:00,-1.416742,0,0
2011-09-20 09:00:00,-1.284955,0,0
2011-09-20 10:00:00,-1.109399,0,0
2011-09-20 11:00:00,-0.9640632,0,0
2011-09-20 12:00:00,-0.8706117,0,0
2011-09-20 13:00:00,-0.7903793,0,0
2011-09-20 14:00:00,-0.703684,0,0
2011-09-20 15:00:00,-0.69203466,0,0
2011-09-20 16:00:00,-0.77072495,0,0
2011-09-20 17:00:00,-0.8149758,0,0
2011-09-20 18:00:00,-0.9057149,0,0
2011-09-20 19:00:00,-0.9644574,0,0
2011-09-20 20:00:00,-1.033882,0,0
2011-09-20 21:00:00,-1.0979439,0,0
2011-09-20 22:00:00,-1.1499646,0,0
2011-09-20 23:00:00,-1.1883786,0,0
2011-09-21 00:00:00,-1.2128372,0,0
2011-09-21 01:00:00,-1.2262529,0,0
2011-09-21 02:00:00,-1.2589433,0,0
2011-09-21 03:00:00,-1.2775496,0,0
2011-09-21 04:00:00,-1.2406121,0,0
2011-09-21 05:00:00,-1.3045243,0,0
2011-09-21 06:00:00,-1.3136531,0,0
2011-09-21 07:00:00,-1.0987277,0,0
2011-09-21 08:00:00,-0.76059145,0,0
2011-09-21 09:00:00,-0.5077398,0,0
2011-09-21 10:00:00,-0.31505334,0,0
2011-09-21 11:00:00,-0.15351067,0,0
2011-09-21 12:00:00,-0.008581474,0,0
2011-09-21 13:00:00,0.122951955,0,0
2011-09-21 14:00:00,0.19000497,0,0
2011-09-21 15:00:00,0.18292765,0,0
2011-09-21 16:00:00,0.2689541,0,0
2011-09-21 17:00:00,0.20798089,0,0
2011-09-21 18:00:00,0.031782985,0,0
2011-09-21 19:00:00,-0.2822052,0,0
2011-09-21 20:00:00,-0.5126609,0,0
2011-09-21 21:00:00,-0.6814353,0,0
2011-09-21 22:00:00,-0.8023279,0,0
2011-09-21 23:00:00,-0.8329141,0,0
2011-09-22 00:00:00,-0.8401451,0,0
2011-09-22 01:00:00,-0.85272694,0,0
2011-09-22 02:00:00,-0.88763696,0,0
2011-09-22 03:00:00,-0.9425656,0,0
2011-09-22 04:00:00,-0.9369485,0,0
2011-09-22 05:00:00,-1.0015311,0,0
2011-09-22 06:00:00,-1.0157772,0,0
2011-09-22 07:00:00,-0.79349965,0,0
2011-09-22 08:00:00,-0.38264757,0,0
2011-09-22 09:00:00,-0.07919295,0,0
2011-09-22 10:00:00,0.14982392,0,0
2011-09-22 11:00:00,0.3640513,0,0
2011-09-22 12:00:00,0.5713973,0,0
2011-09-22 13:00:00,0.7273017,0,0
2011-09-22 14:00:00,0.8392506,0,0
2011-09-22 15:00:00,0.97752833,0,0
2011-09-22 16:00:00,0.8522723,0,0
2011-09-22 17:00:00,0.32139543,0,0
2011-09-22 18:00:00,0.016684093,0,0
2011-09-22 19:00:00,-0.13768293,0,0
2011-09-22 20:00:00,-0.29544276,0,0
2011-09-22 21:00:00,-0.5425708,0,0
2011-09-22 22:00:00,-0.7777358,0,0
2011-09-22 23:00:00,-0.9732582,0,0
2011-09-23 00:00:00,-1.1076365,0,0
2011-09-23 01:00:00,-1.2436746,0,0
2011-09-23 02:00:00,-1.3160192,0,0
2011-09-23 03:00:00,-1.356222,0,0
2011-09-23 04:00:00,-1.3709489,0,0
2011-09-23 05:00:00,-1.4333076,0,0
2011-09-23 06:00:00,-1.4818363,0,0
2011-09-23 07:00:00,-1.4700816,0,0
2011-09-23 08:00:00,-1.5078561,0,0
2011-09-23 09:00:00,-1.4754744,0,0
2011-09-23 10:00:00,-1.3459026,0,0
2011-09-23 11:00:00,-1.2139583,0,0
2011-09-23 12:00:00,-1.0635483,0,0
2011-09-23 13:00:00,-1.0607805,0,0
2011-09-23 14:00:00,-1.0292292,0,0
2011-09-23 15:00:00,-1.11477,0,0
2011-09-23 16:00:00,-1.2055422,0,0
2011-09-23 17:00:00,-1.3220624,0,0
2011-09-23 18:00:00,-1.4523305,0,0
2011-09-23 19:00:00,-1.5472188,0,0
2011-09-23 20:00:00,-1.6288958,0,0
2011-09-23 21:00:00,-1.701507,0,0
2011-09-23 22:00:00,-1.7420582,0,0
2011-09-23 23:00:00,-1.775759,0,0
2011-09-24 00:00:00,-1.8280851,1,0
2011-09-24 01:00:00,-1.9180058,1,0
2011-09-24 02:00:00,-1.9784936,1,0
2011-09-24 03:00:00,-2.0524163,1,0
2011-09-24 04:00:00,-2.0909202,1,0
2011-09-24 05:00:00,-2.1303012,1,0
2011-09-24 06:00:00,-2.1599505,1,0
2011-09-24 07:00:00,-2.0093248,1,0
2011-09-24 08:00:00,-1.9017609,1,0
2011-09-24 09:00:00,-1.7257787,1,0
2011-09-24 10:00:00,-1.4638283,1,0
2011-09-24 11:00:00,-1.150992,1,0
2011-09-24 12:00:00,-0.9506722,1,0
2011-09-24 13:00:00,-0.8160976,1,0
2011-09-24 14:00:00,-0.75731283,1,0
2011-09-24 15:00:00,-0.8582725,1,0
2011-09-24 16:00:00,-1.120023,1,0
2011-09-24 17:00:00,-1.3045858,1,0
2011-09-24 18:00:00,-1.5221832,1,0
2011-09-24 19:00:00,-1.6891302,1,0
2011-09-24 20:00:00,-1.7865944,1,0
2011-09-24 21:00:00,-1.8638365,1,0
2011-09-24 22:00:00,-1.925589,1,0
2011-09-24 23:00:00,-1.9839396,1,0
2011-09-25 00:00:00,-2.049618,1,0
2011-09-25 01:00:00,-2.1242845,1,0
2011-09-25 02:00:00,-2.1970367,1,0
2011-09-25 03:00:00,-2.2655964,1,0
2011-09-25 04:00:00,-2.3585274,1,0
2011-09-25 05:00:00,-2.4481506,1,0
2011-09-25 06:00:00,-2.5022652,1,0
2011-09-25 07:00:00,-2.2310886,1,0
2011-09-25 08:00:00,-1.8938396,1,0
2011-09-25 09:00:00,-1.7029659,1,0
2011-09-25 10:00:00,-1.5079144,1,0
2011-09-25 11:00:00,-1.2545326,1,0
2011-09-25 12:00:00,-1.0013537,1,0
2011-09-25 13:00:00,-0.7957334,1,0
2011-09-25 14:00:00,-0.71503484,1,0
2011-09-25 15:00:00,-0.7164095,1,0
2011-09-25 16:00:00,-0.807898,1,0
2011-09-25 17:00:00,-0.9488579,1,0
2011-09-25 18:00:00,-1.1594371,1,0
2011-09-25 19:00:00,-1.3948219,1,0
2011-09-25 20:00:00,-1.5873734,1,0
2011-09-25 21:00:00,-1.7557646,1,0
2011-09-25 22:00:00,-1.903715,1,0
2011-09-25 23:00:00,-2.0537763,1,0
2011-09-26 00:00:00,-2.158992,0,0
2011-09-26 01:00:00,-2.221927,0,0
2011-09-26 02:00:00,-2.2416768,0,0
2011-09-26 03:00:00,-2.2059772,0,0
2011-09-26 04:00:00,-2.3269863,0,0
2011-09-26 05:00:00,-2.3175843,0,0
2011-09-26 06:00:00,-2.2195969,0,0
2011-09-26 07:00:00,-1.9175575,0,0
2011-09-26 08:00:00,-1.4190873,0,0
2011-09-26 09:00:00,-0.9545893,0,0
2011-09-26 10:00:00,-0.61447036,0,0
2011-09-26 11:00:00,-0.4271344,0,0
2011-09-26 12:00:00,-0.35785,0,0
2011-09-26 13:00:00,-0.16193017,0,0
2011-09-26 14:00:00,-0.04963703,0,0
2011-09-26 15:00:00,-0.0310276,0,0
2011-09-26 16:00:00,0.03466895,0,0
2011-09-26 17:00:00,0.004017978,0,0
2011-09-26 18:00:00,-0.28460348,0,0
2011-09-26 19:00:00,-0.57335806,0,0
2011-09-26 20:00:00,-0.81114626,0,0
2011-09-26 21:00:00,-0.9452546,0,0
2011-09-26 22:00:00,-0.98597026,0,0
2011-09-26 23:00:00,-1.0437292,0,0
2011-09-27 00:00:00,-1.0962974,0,0
2011-09-27 01:00:00,-1.1634393,0,0
2011-09-27 02:00:00,-1.2204542,0,0
2011-09-27 03:00:00,-1.2589383,0,0
2011-09-27 04:00:00,-1.3181684,0,0
2011-09-27 05:00:00,-1.332582,0,0
2011-09-27 06:00:00,-1.3087783,0,0
2011-09-27 07:00:00,-1.0018026,0,0
2011-09-27 08:00:00,-0.48422977,0,0
2011-09-27 09:00:00,0.0027131182,0,0
2011-09-27 10:00:00,0.50887746,0,0
2011-09-27 11:00:00,0.87701684,0,0
2011-09-27 12:00:00,1.1138244,0,0
2011-09-27 13:00:00,1.2999034,0,0
2011-09-27 14:00:00,1.3680174,0,0
2011-09-27 15:00:00,1.3580488,0,0
2011-09-27 16:00:00,1.1543483,0,0
2011-09-27 17:00:00,0.8385929,0,0
2011-09-27 18:00:00,0.4835035,0,0
2011-09-27 19:00:00,0.2692811,0,0
2011-09-27 20:00:00,0.1157568,0,0
2011-09-27 21:00:00,-0.026947683,0,0
2011-09-27 22:00:00,-0.17588767,0,0
2011-09-27 23:00:00,-0.47136456,0,0
2011-09-28 00:00:00,-0.7198613,0,0
2011-09-28 01:00:00,-0.87232774,0,0
2011-09-28 02:00:00,-0.8960876,0,0
2011-09-28 03:00:00,-0.78049874,0,0
2011-09-28 04:00:00,-0.84675485,0,0
2011-09-28 05:00:00,-0.83182555,0,0
2011-09-28 06:00:00,-0.7884615,0,0
2011-09-28 07:00:00,-0.62762654,0,0
2011-09-28 08:00:00,-0.39264932,0,0
2011-09-28 09:00:00,-0.057454396,0,0
2011-09-28 10:00:00,0.35359263,0,0
2011-09-28 11:00:00,0.62893623,0,0
2011-09-28 12:00:00,0.5614287,0,0
2011-09-28 13:00:00,0.53941697,0,0
2011-09-28 14:00:00,0.45676985,0,0
2011-09-28 15:00:00,0.26345298,0,0
2011-09-28 16:00:00,-0.13148576,0,0
2011-09-28 17:00:00,-0.33215678,0,0
2011-09-28 18:00:00,-0.54600793,0,0
2011-09-28 19:00:00,-0.79991037,0,0
2011-09-28 20:00:00,-0.923391,0,0
2011-09-28 21:00:00,-1.0074736,0,0
2011-09-28 22:00:00,-1.0685331,0,0
2011-09-28 23:00:00,-1.2466638,0,0
2011-09-29 00:00:00,-1.3482504,0,0
2011-09-29 01:00:00,-1.4275087,0,0
2011-09-29 02:00:00,-1.4711645,0,0
2011-09-29 03:00:00,-1.5792409,0,0
2011-09-29 04:00:00,-1.547424,0,0
2011-09-29 05:00:00,-1.6185986,0,0
2011-09-29 06:00:00,-1.6118354,0,0
2011-09-29 07:00:00,-1.4254036,0,0
2011-09-29 08:00:00,-1.1944677,0,0
2011-09-29 09:00:00,-1.077431,0,0
2011-09-29 10:00:00,-0.99910396,0,0
2011-09-29 11:00:00,-0.9187651,0,0
2011-09-29 12:00:00,-0.86926484,0,0
2011-09-29 13:00:00,-0.8488265,0,0
2011-09-29 14:00:00,-0.8803338,0,0
2011-09-29 15:00:00,-0.95242345,0,0
2011-09-29 16:00:00,-1.0512344,0,0
2011-09-29 17:00:00,-1.1214385,0,0
2011-09-29 18:00:00,-1.2290342,0,0
2011-09-29 19:00:00,-1.306707,0,0
2011-09-29 20:00:00,-1.3759476,0,0
2011-09-29 21:00:00,-1.3958963,0,0
2011-09-29 22:00:00,-1.4215252,0,0
2011-09-29 23:00:00,-1.4739289,0,0
2011-09-30 00:00:00,-1.5164456,0,0
2011-09-30 01:00:00,-1.5719072,0,0
2011-09-30 02:00:00,-1.5756853,0,0
2011-09-30 03:00:00,-1.5795412,0,0
2011-09-30 04:00:00,-1.493101,0,0
2011-09-30 05:00:00,-1.436317,0,0
2011-09-30 06:00:00,-1.4269148,0,0
2011-09-30 07:00:00,-1.3152263,0,0
2011-09-30 08:00:00,-1.2446513,0,0
2011-09-30 09:00:00,-1.2129745,0,0
2011-09-30 10:00:00,-1.1467562,0,0
2011-09-30 11:00:00,-0.9151179,0,0
2011-09-30 12:00:00,-0.8434838,0,0
2011-09-30 13:00:00,-0.86388826,0,0
2011-09-30 14:00:00,-0.82450736,0,0
2011-09-30 15:00:00,-0.90489614,0,0
2011-09-30 16:00:00,-1.2848775,0,0
2011-09-30 17:00:00,-1.4304166,0,0
2011-09-30 18:00:00,-1.5408424,0,0
2011-09-30 19:00:00,-1.6379623,0,0
2011-09-30 20:00:00,-1.747158,0,0
2011-09-30 21:00:00,-1.8042752,0,0
2011-09-30 22:00:00,-1.8815562,0,0
2011-09-30 23:00:00,-1.9598355,0,0
2011-10-01 00:00:00,-2.0512173,1,0
2011-10-01 01:00:00,-2.1055086,1,0
2011-10-01 02:00:00,-2.1204119,1,0
2011-10-01 03:00:00,-2.113809,1,0
2011-10-01 04:00:00,-2.087347,1,0
2011-10-01 05:00:00,-2.127632,1,0
2011-10-01 06:00:00,-2.11008,1,0
2011-10-01 07:00:00,-1.8793162,1,0
2011-10-01 08:00:00,-1.7274328,1,0
2011-10-01 09:00:00,-1.5871667,1,0
2011-10-01 10:00:00,-1.4809567,1,0
2011-10-01 11:00:00,-1.3963311,1,0
2011-10-01 12:00:00,-1.2730926,1,0
2011-10-01 13:00:00,-1.2422098,1,0
2011-10-01 14:00:00,-1.1718614,1,0
2011-10-01 15:00:00,-1.1669054,1,0
2011-10-01 16:00:00,-1.2037649,1,0
2011-10-01 17:00:00,-1.268793,1,0
2011-10-01 18:00:00,-1.4515662,1,0
2011-10-01 19:00:00,-1.5700471,1,0
2011-10-01 20:00:00,-1.6430027,1,0
2011-10-01 21:00:00,-1.6914805,1,0
2011-10-01 22:00:00,-1.7439786,1,0
2011-10-01 23:00:00,-1.7978702,1,0
2011-10-02 00:00:00,-1.8590899,1,0
2011-10-02 01:00:00,-1.9624964,1,0
2011-10-02 02:00:00,-2.017619,1,0
2011-10-02 03:00:00,-2.0727413,1,0
2011-10-02 04:00:00,-2.1989534,1,0
2011-10-02 05:00:00,-2.3657238,1,0
2011-10-02 06:00:00,-2.457833,1,0
2011-10-02 07:00:00,-2.4771829,1,0
2011-10-02 08:00:00,-2.243417,1,0
2011-10-02 09:00:00,-1.9658962,1,0
2011-10-02 10:00:00,-1.7506005,1,0
2011-10-02 11:00:00,-1.5129912,1,0
2011-10-02 12:00:00,-1.272532,1,0
2011-10-02 13:00:00,-1.0573252,1,0
2011-10-02 14:00:00,-0.8843487,1,0
2011-10-02 15:00:00,-0.78955376,1,0
2011-10-02 16:00:00,-0.7725918,1,0
2011-10-02 17:00:00,-0.7821406,1,0
2011-10-02 18:00:00,-0.9041923,1,0
2011-10-02 19:00:00,-1.1527884,1,0
2011-10-02 20:00:00,-1.3808795,1,0
2011-10-02 21:00:00,-1.5407095,1,0
2011-10-02 22:00:00,-1.6551077,1,0
2011-10-02 23:00:00,-1.736041,1,0
2011-10-03 00:00:00,-1.8047726,0,1
2011-10-03 01:00:00,-1.8725885,0,1
2011-10-03 02:00:00,-1.9380949,0,1
2011-10-03 03:00:00,-2.0205665,0,1
2011-10-03 04:00:00,-2.1139092,0,1
2011-10-03 05:00:00,-2.2460558,0,1
2011-10-03 06:00:00,-2.3083367,0,1
2011-10-03 07:00:00,-2.297209,0,1
2011-10-03 08:00:00,-1.9077955,0,1
2011-10-03 09:00:00,-1.456162,0,1
2011-10-03 10:00:00,-1.0665138,0,1
2011-10-03 11:00:00,-0.7619857,0,1
2011-10-03 12:00:00,-0.5037105,0,1
2011-10-03 13:00:00,-0.25981718,0,1
2011-10-03 14:00:00,-0.060953084,0,1
2011-10-03 15:00:00,0.07504708,0,1
2011-10-03 16:00:00,0.11326099,0,1
2011-10-03 17:00:00,0.08267904,0,1
2011-10-03 18:00:00,0.012184933,0,1
2011-10-03 19:00:00,-0.32748216,0,1
2011-10-03 20:00:00,-0.69698554,0,1
2011-10-03 21:00:00,-0.9665792,0,1
2011-10-03 22:00:00,-1.1182206,0,1
2011-10-03 23:00:00,-1.1884279,0,1
2011-10-04 00:00:00,-1.2320204,0,0
2011-10-04 01:00:00,-1.2685081,0,0
2011-10-04 02:00:00,-1.2776369,0,0
2011-10-04 03:00:00,-1.2794377,0,0
2011-10-04 04:00:00,-1.3078535,0,0
2011-10-04 05:00:00,-1.2064341,0,0
2011-10-04 06:00:00,-1.1557176,0,0
2011-10-04 07:00:00,-1.1107126,0,0
2011-10-04 08:00:00,-0.97571695,0,0
2011-10-04 09:00:00,-0.74470145,0,0
2011-10-04 10:00:00,-0.47006685,0,0
2011-10-04 11:00:00,-0.20234792,0,0
2011-10-04 12:00:00,0.15076695,0,0
2011-10-04 13:00:00,0.26310766,0,0
2011-10-04 14:00:00,0.40241212,0,0
2011-10-04 15:00:00,0.38776124,0,0
2011-10-04 16:00:00,0.3927852,0,0
2011-10-04 17:00:00,0.35180035,0,0
2011-10-04 18:00:00,0.17132221,0,0
2011-10-04 19:00:00,0.0051312223,0,0
2011-10-04 20:00:00,-0.111517824,0,0
2011-10-04 21:00:00,-0.18085258,0,0
2011-10-04 22:00:00,-0.22536111,0,0
2011-10-04 23:00:00,-0.2703591,0,0
2011-10-05 00:00:00,-0.31619963,0,0
2011-10-05 01:00:00,-0.38129866,0,0
2011-10-05 02:00:00,-0.4504957,0,0
2011-10-05 03:00:00,-0.48954716,0,0
2011-10-05 04:00:00,-0.5156535,0,0
2011-10-05 05:00:00,-0.5003168,0,0
2011-10-05 06:00:00,-0.49017066,0,0
2011-10-05 07:00:00,-0.48002473,0,0
2011-10-05 08:00:00,-0.44745636,0,0
2011-10-05 09:00:00,-0.3271285,0,0
2011-10-05 10:00:00,-0.28006843,0,0
2011-10-05 11:00:00,-0.24435663,0,0
2011-10-05 12:00:00,-0.1525337,0,0
2011-10-05 13:00:00,0.014906854,0,0
2011-10-05 14:00:00,0.12223611,0,0
2011-10-05 15:00:00,0.21012591,0,0
2011-10-05 16:00:00,0.33696958,0,0
2011-10-05 17:00:00,0.15128615,0,0
2011-10-05 18:00:00,0.07380529,0,0
2011-10-05 19:00:00,-0.022696301,0,0
2011-10-05 20:00:00,-0.14924926,0,0
2011-10-05 21:00:00,-0.25944322,0,0
2011-10-05 22:00:00,-0.3858585,0,0
2011-10-05 23:00:00,-0.50989884,0,0
2011-10-06 00:00:00,-0.56018186,0,0
2011-10-06 01:00:00,-0.5653536,0,0
2011-10-06 02:00:00,-0.65214324,0,0
2011-10-06 03:00:00,-0.8169707,0,0
2011-10-06 04:00:00,-0.8163021,0,0
2011-10-06 05:00:00,-0.83935505,0,0
2011-10-06 06:00:00,-0.798637,0,0
2011-10-06 07:00:00,-0.6170827,0,0
2011-10-06 08:00:00,-0.43598172,0,0
2011-10-06 09:00:00,-0.24513686,0,0
2011-10-06 10:00:00,-0.04125933,0,0
2011-10-06 11:00:00,0.18784386,0,0
2011-10-06 12:00:00,0.31924844,0,0
2011-10-06 13:00:00,0.38402313,0,0
2011-10-06 14:00:00,0.50913244,0,0
2011-10-06 15:00:00,0.54865444,0,0
2011-10-06 16:00:00,0.5195977,0,0
2011-10-06 17:00:00,0.38576066,0,0
2011-10-06 18:00:00,0.2604758,0,0
2011-10-06 19:00:00,0.101819776,0,0
2011-10-06 20:00:00,-0.062250324,0,0
2011-10-06 21:00:00,-0.17040126,0,0
2011-10-06 22:00:00,-0.26459673,0,0
2011-10-06 23:00:00,-0.30744514,0,0
2011-10-07 00:00:00,-0.35662377,0,0
2011-10-07 01:00:00,-0.38372812,0,0
2011-10-07 02:00:00,-0.44124487,0,0
2011-10-07 03:00:00,-0.4475089,0,0
2011-10-07 04:00:00,-0.47451922,0,0
2011-10-07 05:00:00,-0.50490016,0,0
2011-10-07 06:00:00,-0.5275579,0,0
2011-10-07 07:00:00,-0.5277931,0,0
2011-10-07 08:00:00,-0.418984,0,0
2011-10-07 09:00:00,-0.29521787,0,0
2011-10-07 10:00:00,-0.17540911,0,0
2011-10-07 11:00:00,0.012091271,0,0
2011-10-07 12:00:00,0.036472067,0,0
2011-10-07 13:00:00,0.030151818,0,0
2011-10-07 14:00:00,0.1664399,0,0
2011-10-07 15:00:00,0.22461832,0,0
2011-10-07 16:00:00,0.115634486,0,0
2011-10-07 17:00:00,-0.090301506,0,0
2011-10-07 18:00:00,-0.22645737,0,0
2011-10-07 19:00:00,-0.3736563,0,0
2011-10-07 20:00:00,-0.5147951,0,0
2011-10-07 21:00:00,-0.6078637,0,0
2011-10-07 22:00:00,-0.65286165,0,0
2011-10-07 23:00:00,-0.71268773,0,0
2011-10-08 00:00:00,-0.79533166,1,0
2011-10-08 01:00:00,-0.8252352,1,0
2011-10-08 02:00:00,-0.935398,1,0
2011-10-08 03:00:00,-1.0119351,1,0
2011-10-08 04:00:00,-1.1153415,1,0
2011-10-08 05:00:00,-1.1736023,1,0
2011-10-08 06:00:00,-1.2150261,1,0
2011-10-08 07:00:00,-1.156822,1,0
2011-10-08 08:00:00,-0.8350526,1,0
2011-10-08 09:00:00,-0.669999,1,0
2011-10-08 10:00:00,-0.46614397,1,0
2011-10-08 11:00:00,-0.2828717,1,0
2011-10-08 12:00:00,-0.03359667,1,0
2011-10-08 13:00:00,0.0008412548,1,0
2011-10-08 14:00:00,0.11266126,1,0
2011-10-08 15:00:00,0.1446829,1,0
2011-10-08 16:00:00,0.06977091,1,0
2011-10-08 17:00:00,-0.0034710444,1,0
2011-10-08 18:00:00,-0.15459251,1,0
2011-10-08 19:00:00,-0.312972,1,0
2011-10-08 20:00:00,-0.46527934,1,0
2011-10-08 21:00:00,-0.57582957,1,0
2011-10-08 22:00:00,-0.73127586,1,0
2011-10-08 23:00:00,-0.7074696,1,0
2011-10-09 00:00:00,-0.67227155,1,0
2011-10-09 01:00:00,-0.6088767,1,0
2011-10-09 02:00:00,-0.60901755,1,0
2011-10-09 03:00:00,-0.673768,1,0
2011-10-09 04:00:00,-0.7305286,1,0
2011-10-09 05:00:00,-0.7352229,1,0
2011-10-09 06:00:00,-0.7743685,1,0
2011-10-09 07:00:00,-0.7549804,1,0
2011-10-09 08:00:00,-0.64162,1,0
2011-10-09 09:00:00,-0.5452126,1,0
2011-10-09 10:00:00,-0.48621583,1,0
2011-10-09 11:00:00,-0.36178797,1,0
2011-10-09 12:00:00,-0.1414063,1,0
2011-10-09 13:00:00,-0.04460628,1,0
2011-10-09 14:00:00,-0.0021598672,1,0
2011-10-09 15:00:00,-0.022185534,1,0
2011-10-09 16:00:00,-0.0700906,1,0
2011-10-09 17:00:00,-0.13225831,1,0
2011-10-09 18:00:00,-0.31908733,1,0
2011-10-09 19:00:00,-0.57933694,1,0
2011-10-09 20:00:00,-0.8800194,1,0
2011-10-09 21:00:00,-1.1464611,1,0
2011-10-09 22:00:00,-1.3786745,1,0
2011-10-09 23:00:00,-1.5353422,1,0
2011-10-10 00:00:00,-1.6319102,0,0
2011-10-10 01:00:00,-1.7345849,0,0
2011-10-10 02:00:00,-1.8156589,0,0
2011-10-10 03:00:00,-1.960787,0,0
2011-10-10 04:00:00,-1.9163576,0,0
2011-10-10 05:00:00,-2.078035,0,0
2011-10-10 06:00:00,-2.0572264,0,0
2011-10-10 07:00:00,-1.9910836,0,0
2011-10-10 08:00:00,-1.8493391,0,0
2011-10-10 09:00:00,-1.7767045,0,0
2011-10-10 10:00:00,-1.5717467,0,0
2011-10-10 11:00:00,-1.4030848,0,0
2011-10-10 12:00:00,-1.2968436,0,0
2011-10-10 13:00:00,-1.1304444,0,0
2011-10-10 14:00:00,-1.1389859,0,0
2011-10-10 15:00:00,-1.0056691,0,0
2011-10-10 16:00:00,-0.98123467,0,0
2011-10-10 17:00:00,-0.92897624,0,0
2011-10-10 18:00:00,-0.94726175,0,0
2011-10-10 19:00:00,-0.9863997,0,0
2011-10-10 20:00:00,-1.0278981,0,0
2011-10-10 21:00:00,-1.0811713,0,0
2011-10-10 22:00:00,-1.0917368,0,0
2011-10-10 23:00:00,-1.1034417,0,0
2011-10-11 00:00:00,-1.1041033,0,0
2011-10-11 01:00:00,-1.170196,0,0
2011-10-11 02:00:00,-1.2347233,0,0
2011-10-11 03:00:00,-1.3176215,0,0
2011-10-11 04:00:00,-1.3918806,0,0
2011-10-11 05:00:00,-1.4723914,0,0
2011-10-11 06:00:00,-1.452831,0,0
2011-10-11 07:00:00,-1.3974448,0,0
2011-10-11 08:00:00,-1.1620845,0,0
2011-10-11 09:00:00,-1.0098715,0,0
2011-10-11 10:00:00,-0.8122295,0,0
2011-10-11 11:00:00,-0.6857958,0,0
2011-10-11 12:00:00,-0.5285667,0,0
2011-10-11 13:00:00,-0.43559507,0,0
2011-10-11 14:00:00,-0.37173635,0,0
2011-10-11 15:00:00,-0.31786397,0,0
2011-10-11 16:00:00,-0.39584127,0,0
2011-10-11 17:00:00,-0.39370057,0,0
2011-10-11 18:00:00,-0.5065493,0,0
2011-10-11 19:00:00,-0.65186507,0,0
2011-10-11 20:00:00,-0.80603117,0,0
2011-10-11 21:00:00,-0.9424449,0,0
2011-10-11 22:00:00,-1.0420852,0,0
2011-10-11 23:00:00,-1.1440351,0,0
2011-10-12 00:00:00,-1.2209986,0,0
2011-10-12 01:00:00,-1.3372681,0,0
2011-10-12 02:00:00,-1.4702797,0,0
2011-10-12 03:00:00,-1.5969305,0,0
2011-10-12 04:00:00,-1.6944023,0,0
2011-10-12 05:00:00,-1.7814152,0,0
2011-10-12 06:00:00,-1.8815141,0,0
2011-10-12 07:00:00,-1.8455601,0,0
2011-10-12 08:00:00,-1.5854411,0,0
2011-10-12 09:00:00,-1.2966889,0,0
2011-10-12 10:00:00,-1.018255,0,0
2011-10-12 11:00:00,-0.726069,0,0
2011-10-12 12:00:00,-0.44166854,0,0
2011-10-12 13:00:00,-0.12794414,0,0
2011-10-12 14:00:00,0.08046311,0,0
2011-10-12 15:00:00,0.18446891,0,0
2011-10-12 16:00:00,0.15835813,0,0
2011-10-12 17:00:00,0.12314476,0,0
2011-10-12 18:00:00,0.0270299,0,0
2011-10-12 19:00:00,-0.2139373,0,0
2011-10-12 20:00:00,-0.4959432,0,0
2011-10-12 21:00:00,-0.6982143,0,0
2011-10-12 22:00:00,-0.8403859,0,0
2011-10-12 23:00:00,-0.9345936,0,0
2011-10-13 00:00:00,-1.0027578,0,0
2011-10-13 01:00:00,-1.1009738,0,0
2011-10-13 02:00:00,-1.1924334,0,0
2011-10-13 03:00:00,-1.2651899,0,0
2011-10-13 04:00:00,-1.3003006,0,0
2011-10-13 05:00:00,-1.3297778,0,0
2011-10-13 06:00:00,-1.3237466,0,0
2011-10-13 07:00:00,-1.2187364,0,0
2011-10-13 08:00:00,-0.84595394,0,0
2011-10-13 09:00:00,-0.3836343,0,0
2011-10-13 10:00:00,0.06921788,0,0
2011-10-13 11:00:00,0.4437061,0,0
2011-10-13 12:00:00,0.7226617,0,0
2011-10-13 13:00:00,0.89478964,0,0
2011-10-13 14:00:00,1.0081997,0,0
2011-10-13 15:00:00,0.9839539,0,0
2011-10-13 16:00:00,0.94006014,0,0
2011-10-13 17:00:00,0.92980224,0,0
2011-10-13 18:00:00,0.9428138,0,0
2011-10-13 19:00:00,0.7271625,0,0
2011-10-13 20:00:00,0.40076634,0,0
2011-10-13 21:00:00,0.12870316,0,0
2011-10-13 22:00:00,-0.10929638,0,0
2011-10-13 23:00:00,-0.2576176,0,0
2011-10-14 00:00:00,-0.34578854,0,0
2011-10-14 01:00:00,-0.40865597,0,0
2011-10-14 02:00:00,-0.44770744,0,0
2011-10-14 03:00:00,-0.47332424,0,0
2011-10-14 04:00:00,-0.48180336,0,0
2011-10-14 05:00:00,-0.42766708,0,0
2011-10-14 06:00:00,-0.4472551,0,0
2011-10-14 07:00:00,-0.37776807,0,0
2011-10-14 08:00:00,-0.10506736,0,0
2011-10-14 09:00:00,0.21775888,0,0
2011-10-14 10:00:00,0.3493634,0,0
2011-10-14 11:00:00,0.4950318,0,0
2011-10-14 12:00:00,0.5837087,0,0
2011-10-14 13:00:00,0.77620476,0,0
2011-10-14 14:00:00,0.95850396,0,0
2011-10-14 15:00:00,1.0206249,0,0
2011-10-14 16:00:00,1.0171036,0,0
2011-10-14 17:00:00,0.7967108,0,0
2011-10-14 18:00:00,0.67346865,0,0
2011-10-14 19:00:00,0.47894323,0,0
2011-10-14 20:00:00,0.30801067,0,0
2011-10-14 21:00:00,0.25760642,0,0
2011-10-14 22:00:00,0.17832139,0,0
2011-10-14 23:00:00,0.08883917,0,0
2011-10-15 00:00:00,-0.0948189,1,0
2011-10-15 01:00:00,-0.2298466,1,0
2011-10-15 02:00:00,-0.35260993,1,0
2011-10-15 03:00:00,-0.4478548,1,0
2011-10-15 04:00:00,-0.5659172,1,0
2011-10-15 05:00:00,-0.54097164,1,0
2011-10-15 06:00:00,-0.53454083,1,0
2011-10-15 07:00:00,-0.4311085,1,0
2011-10-15 08:00:00,-0.23986135,1,0
2011-10-15 09:00:00,-0.06698794,1,0
2011-10-15 10:00:00,0.023046212,1,0
2011-10-15 11:00:00,0.2932119,1,0
2011-10-15 12:00:00,0.36043802,1,0
2011-10-15 13:00:00,0.4320287,1,0
2011-10-15 14:00:00,0.42042357,1,0
2011-10-15 15:00:00,0.39602906,1,0
2011-10-15 16:00:00,0.22745457,1,0
2011-10-15 17:00:00,-0.080841355,1,0
2011-10-15 18:00:00,-0.17275088,1,0
2011-10-15 19:00:00,-0.3199498,1,0
2011-10-15 20:00:00,-0.51902384,1,0
2011-10-15 21:00:00,-0.6966305,1,0
2011-10-15 22:00:00,-0.8270829,1,0
2011-10-15 23:00:00,-0.90488476,1,0
2011-10-16 00:00:00,-0.9408949,1,0
2011-10-16 01:00:00,-0.9735974,1,0
2011-10-16 02:00:00,-1.0102574,1,0
2011-10-16 03:00:00,-1.0653702,1,0
2011-10-16 04:00:00,-1.1339176,1,0
2011-10-16 05:00:00,-1.2697716,1,0
2011-10-16 06:00:00,-1.3195218,1,0
2011-10-16 07:00:00,-1.3037585,1,0
2011-10-16 08:00:00,-1.1900537,1,0
2011-10-16 09:00:00,-1.1094294,1,0
2011-10-16 10:00:00,-0.9966,1,0
2011-10-16 11:00:00,-0.8166507,1,0
2011-10-16 12:00:00,-0.627585,1,0
2011-10-16 13:00:00,-0.5011167,1,0
2011-10-16 14:00:00,-0.40558136,1,0
2011-10-16 15:00:00,-0.34107316,1,0
2011-10-16 16:00:00,-0.38283274,1,0
2011-10-16 17:00:00,-0.36788476,1,0
2011-10-16 18:00:00,-0.54511935,1,0
2011-10-16 19:00:00,-0.77641815,1,0
2011-10-16 20:00:00,-1.0061857,1,0
2011-10-16 21:00:00,-1.17929,1,0
2011-10-16 22:00:00,-1.3064735,1,0
2011-10-16 23:00:00,-1.4141158,1,0
2011-10-17 00:00:00,-1.5250347,0,0
2011-10-17 01:00:00,-1.6270596,0,0
2011-10-17 02:00:00,-1.726681,0,0
2011-10-17 03:00:00,-1.8136115,0,0
2011-10-17 04:00:00,-1.8922983,0,0
2011-10-17 05:00:00,-2.0152972,0,0
2011-10-17 06:00:00,-2.0736988,0,0
2011-10-17 07:00:00,-1.9621676,0,0
2011-10-17 08:00:00,-1.6002952,0,0
2011-10-17 09:00:00,-1.2331791,0,0
2011-10-17 10:00:00,-0.8639449,0,0
2011-10-17 11:00:00,-0.5106146,0,0
2011-10-17 12:00:00,-0.18863133,0,0
2011-10-17 13:00:00,0.08502708,0,0
2011-10-17 14:00:00,0.29526618,0,0
2011-10-17 15:00:00,0.4124958,0,0
2011-10-17 16:00:00,0.43975663,0,0
2011-10-17 17:00:00,0.44280007,0,0
2011-10-17 18:00:00,0.3843474,0,0
2011-10-17 19:00:00,0.11228729,0,0
2011-10-17 20:00:00,-0.2520686,0,0
2011-10-17 21:00:00,-0.514017,0,0
2011-10-17 22:00:00,-0.7283846,0,0
2011-10-17 23:00:00,-0.905979,0,0
2011-10-18 00:00:00,-1.0689684,0,0
2011-10-18 01:00:00,-1.2162919,0,0
2011-10-18 02:00:00,-1.3413647,0,0
2011-10-18 03:00:00,-1.4366872,0,0
2011-10-18 04:00:00,-1.520979,0,0
2011-10-18 05:00:00,-1.6350045,0,0
2011-10-18 06:00:00,-1.6978838,0,0
2011-10-18 07:00:00,-1.6048329,0,0
2011-10-18 08:00:00,-1.1755252,0,0
2011-10-18 09:00:00,-0.7402857,0,0
2011-10-18 10:00:00,-0.27702105,0,0
2011-10-18 11:00:00,0.20088062,0,0
2011-10-18 12:00:00,0.5374374,0,0
2011-10-18 13:00:00,0.73132193,0,0
2011-10-18 14:00:00,0.8700191,0,0
2011-10-18 15:00:00,0.9710149,0,0
2011-10-18 16:00:00,1.0257169,0,0
2011-10-18 17:00:00,1.0502626,0,0
2011-10-18 18:00:00,1.0829606,0,0
2011-10-18 19:00:00,0.85568434,0,0
2011-10-18 20:00:00,0.5987784,0,0
2011-10-18 21:00:00,0.46297127,0,0
2011-10-18 22:00:00,0.38792506,0,0
2011-10-18 23:00:00,0.36152112,0,0
2011-10-19 00:00:00,0.39725956,0,0
2011-10-19 01:00:00,0.44348603,0,0
2011-10-19 02:00:00,0.42603534,0,0
2011-10-19 03:00:00,0.3597825,0,0
2011-10-19 04:00:00,0.25809935,0,0
2011-10-19 05:00:00,0.016345978,0,0
2011-10-19 06:00:00,-0.07174724,0,0
2011-10-19 07:00:00,0.04206183,0,0
2011-10-19 08:00:00,0.5052305,0,0
2011-10-19 09:00:00,1.0809618,0,0
2011-10-19 10:00:00,1.6024871,0,0
2011-10-19 11:00:00,1.9243537,0,0
2011-10-19 12:00:00,2.1906228,0,0
2011-10-19 13:00:00,2.3579478,0,0
2011-10-19 14:00:00,2.4530375,0,0
2011-10-19 15:00:00,2.4778726,0,0
2011-10-19 16:00:00,2.4410963,0,0
2011-10-19 17:00:00,2.205636,0,0
2011-10-19 18:00:00,2.2230945,0,0
2011-10-19 19:00:00,1.9447166,0,0
2011-10-19 20:00:00,1.6264391,0,0
2011-10-19 21:00:00,1.4618914,0,0
2011-10-19 22:00:00,1.3384863,0,0
2011-10-19 23:00:00,1.240729,0,0
2011-10-20 00:00:00,1.1904578,0,0
2011-10-20 01:00:00,1.1892244,0,0
2011-10-20 02:00:00,1.158417,0,0
2011-10-20 03:00:00,1.1413617,0,0
2011-10-20 04:00:00,1.0906072,0,0
2011-10-20 05:00:00,1.0512897,0,0
2011-10-20 06:00:00,1.0536121,0,0
2011-10-20 07:00:00,1.314719,0,0
2011-10-20 08:00:00,1.3648202,0,0
2011-10-20 09:00:00,1.5901966,0,0
2011-10-20 10:00:00,1.8080457,0,0
2011-10-20 11:00:00,1.8921369,0,0
2011-10-20 12:00:00,1.9653486,0,0
2011-10-20 13:00:00,2.195491,0,0
2011-10-20 14:00:00,2.1664715,0,0
2011-10-20 15:00:00,2.0306184,0,0
2011-10-20 16:00:00,1.7971737,0,0
2011-10-20 17:00:00,1.6857318,0,0
2011-10-20 18:00:00,1.5329529,0,0
2011-10-20 19:00:00,1.4912415,0,0
2011-10-20 20:00:00,1.4265952,0,0
2011-10-20 21:00:00,1.3387609,0,0
2011-10-20 22:00:00,1.1743045,0,0
2011-10-20 23:00:00,1.0061285,0,0
2011-10-21 00:00:00,0.83087915,0,0
2011-10-21 01:00:00,0.64499414,0,0
2011-10-21 02:00:00,0.5151449,0,0
2011-10-21 03:00:00,0.3897423,0,0
2011-10-21 04:00:00,0.32086506,0,0
2011-10-21 05:00:00,0.43457222,0,0
2011-10-21 06:00:00,0.36488572,0,0
2011-10-21 07:00:00,0.36821225,0,0
2011-10-21 08:00:00,0.4209206,0,0
2011-10-21 09:00:00,0.49381992,0,0
2011-10-21 10:00:00,0.7174562,0,0
2011-10-21 11:00:00,1.0182642,0,0
2011-10-21 12:00:00,1.2765341,0,0
2011-10-21 13:00:00,1.4374254,0,0
2011-10-21 14:00:00,1.604935,0,0
2011-10-21 15:00:00,1.7358379,0,0
2011-10-21 16:00:00,1.7779114,0,0
2011-10-21 17:00:00,1.4834455,0,0
2011-10-21 18:00:00,1.3932571,0,0
2011-10-21 19:00:00,1.2549684,0,0
2011-10-21 20:00:00,1.0834925,0,0
2011-10-21 21:00:00,0.93687415,0,0
2011-10-21 22:00:00,0.82479715,0,0
2011-10-21 23:00:00,0.7181777,0,0
2011-10-22 00:00:00,0.6167484,1,0
2011-10-22 01:00:00,0.5176286,1,0
2011-10-22 02:00:00,0.40458494,1,0
2011-10-22 03:00:00,0.31296515,1,0
2011-10-22 04:00:00,0.21335596,1,0
2011-10-22 05:00:00,0.28379595,1,0
2011-10-22 06:00:00,0.24681878,1,0
2011-10-22 07:00:00,0.40659985,1,0
2011-10-22 08:00:00,0.8137514,1,0
2011-10-22 09:00:00,1.1447006,1,0
2011-10-22 10:00:00,1.3655765,1,0
2011-10-22 11:00:00,1.719485,1,0
2011-10-22 12:00:00,1.9156057,1,0
2011-10-22 13:00:00,2.0355873,1,0
2011-10-22 14:00:00,2.1113617,1,0
2011-10-22 15:00:00,2.1630538,1,0
2011-10-22 16:00:00,2.1234782,1,0
2011-10-22 17:00:00,2.1936822,1,0
2011-10-22 18:00:00,2.1084816,1,0
2011-10-22 19:00:00,1.8685246,1,0
2011-10-22 20:00:00,1.5841148,1,0
2011-10-22 21:00:00,1.3479007,1,0
2011-10-22 22:00:00,1.1343758,1,0
2011-10-22 23:00:00,0.95233893,1,0
2011-10-23 00:00:00,0.79074717,1,0
2011-10-23 01:00:00,0.67390615,1,0
2011-10-23 02:00:00,0.5827008,1,0
2011-10-23 03:00:00,0.5120038,1,0
2011-10-23 04:00:00,0.46437877,1,0
2011-10-23 05:00:00,0.49263188,1,0
2011-10-23 06:00:00,0.51059794,1,0
2011-10-23 07:00:00,0.71093297,1,0
2011-10-23 08:00:00,1.1580667,1,0
2011-10-23 09:00:00,1.6022899,1,0
2011-10-23 10:00:00,1.8600615,1,0
2011-10-23 11:00:00,2.089533,1,0
2011-10-23 12:00:00,2.243479,1,0
2011-10-23 13:00:00,2.3748133,1,0
2011-10-23 14:00:00,2.4739943,1,0
2011-10-23 15:00:00,2.519686,1,0
2011-10-23 16:00:00,2.4493105,1,0
2011-10-23 17:00:00,2.4272642,1,0
2011-10-23 18:00:00,2.2901015,1,0
2011-10-23 19:00:00,2.0876331,1,0
2011-10-23 20:00:00,1.917946,1,0
2011-10-23 21:00:00,1.7694136,1,0
2011-10-23 22:00:00,1.6434755,1,0
2011-10-23 23:00:00,1.5455772,1,0
2011-10-24 00:00:00,1.4659554,0,0
2011-10-24 01:00:00,1.4010206,0,0
2011-10-24 02:00:00,1.318772,0,0
2011-10-24 03:00:00,1.2537555,0,0
2011-10-24 04:00:00,1.2215258,0,0
2011-10-24 05:00:00,1.1747838,0,0
2011-10-24 06:00:00,1.1226465,0,0
2011-10-24 07:00:00,1.1937466,0,0
2011-10-24 08:00:00,1.2358421,0,0
2011-10-24 09:00:00,1.1983747,0,0
2011-10-24 10:00:00,1.1493046,0,0
2011-10-24 11:00:00,1.1045995,0,0
2011-10-24 12:00:00,1.0996995,0,0
2011-10-24 13:00:00,1.1103715,0,0
2011-10-24 14:00:00,0.99160933,0,0
2011-10-24 15:00:00,0.86525285,0,0
2011-10-24 16:00:00,0.71127075,0,0
2011-10-24 17:00:00,0.3400177,0,0
2011-10-24 18:00:00,0.16933952,0,0
2011-10-24 19:00:00,0.027616447,0,0
2011-10-24 20:00:00,-0.1453012,0,0
2011-10-24 21:00:00,-0.29387015,0,0
2011-10-24 22:00:00,-0.4044444,0,0
2011-10-24 23:00:00,-0.52679366,0,0
2011-10-25 00:00:00,-0.67954296,0,0
2011-10-25 01:00:00,-0.8242203,0,0
2011-10-25 02:00:00,-0.9576005,0,0
2011-10-25 03:00:00,-1.1185937,0,0
2011-10-25 04:00:00,-1.2617832,0,0
2011-10-25 05:00:00,-1.52312,0,0
2011-10-25 06:00:00,-1.7064533,0,0
2011-10-25 07:00:00,-1.7571827,0,0
2011-10-25 08:00:00,-1.656615,0,0
2011-10-25 09:00:00,-1.4564967,0,0
2011-10-25 10:00:00,-1.2404771,0,0
2011-10-25 11:00:00,-0.90405416,0,0
2011-10-25 12:00:00,-0.6714712,0,0
2011-10-25 13:00:00,-0.4358659,0,0
2011-10-25 14:00:00,-0.2642639,0,0
2011-10-25 15:00:00,-0.20119247,0,0
2011-10-25 16:00:00,-0.21617705,0,0
2011-10-25 17:00:00,-0.3463398,0,0
2011-10-25 18:00:00,-0.5422118,0,0
2011-10-25 19:00:00,-0.7662769,0,0
2011-10-25 20:00:00,-0.9284059,0,0
2011-10-25 21:00:00,-0.96984655,0,0
2011-10-25 22:00:00,-0.95357925,0,0
2011-10-25 23:00:00,-0.9286295,0,0
2011-10-26 00:00:00,-0.93621695,0,0
2011-10-26 01:00:00,-0.9882887,0,0
2011-10-26 02:00:00,-1.0553485,0,0
2011-10-26 03:00:00,-1.1393858,0,0
2011-10-26 04:00:00,-1.2114763,0,0
2011-10-26 05:00:00,-1.3073663,0,0
2011-10-26 06:00:00,-1.3869566,0,0
2011-10-26 07:00:00,-1.3223137,0,0
2011-10-26 08:00:00,-1.1625936,0,0
2011-10-26 09:00:00,-0.82113755,0,0
2011-10-26 10:00:00,-0.45582935,0,0
2011-10-26 11:00:00,-0.19333848,0,0
2011-10-26 12:00:00,0.17084232,0,0
2011-10-26 13:00:00,0.45869586,0,0
2011-10-26 14:00:00,0.5383019,0,0
2011-10-26 15:00:00,0.5306097,0,0
2011-10-26 16:00:00,0.52717984,0,0
2011-10-26 17:00:00,0.37416846,0,0
2011-10-26 18:00:00,0.20464458,0,0
2011-10-26 19:00:00,0.005057275,0,0
2011-10-26 20:00:00,-0.2563748,0,0
2011-10-26 21:00:00,-0.44819883,0,0
2011-10-26 22:00:00,-0.5838805,0,0
2011-10-26 23:00:00,-0.7109698,0,0
2011-10-27 00:00:00,-0.84753656,0,0
2011-10-27 01:00:00,-0.98318726,0,0
2011-10-27 02:00:00,-1.0924624,0,0
2011-10-27 03:00:00,-1.1672741,0,0
2011-10-27 04:00:00,-1.2238094,0,0
2011-10-27 05:00:00,-1.2925757,0,0
2011-10-27 06:00:00,-1.3650776,0,0
2011-10-27 07:00:00,-1.0510769,0,0
2011-10-27 08:00:00,-0.3786348,0,0
2011-10-27 09:00:00,0.104904845,0,0
2011-10-27 10:00:00,0.547382,0,0
2011-10-27 11:00:00,0.931282,0,0
2011-10-27 12:00:00,1.2164894,0,0
2011-10-27 13:00:00,1.410335,0,0
2011-10-27 14:00:00,1.5120435,0,0
2011-10-27 15:00:00,1.5089434,0,0
2011-10-27 16:00:00,1.5201818,0,0
2011-10-27 17:00:00,1.4611651,0,0
2011-10-27 18:00:00,1.3667445,0,0
2011-10-27 19:00:00,1.2870109,0,0
2011-10-27 20:00:00,1.1743386,0,0
2011-10-27 21:00:00,1.0971571,0,0
2011-10-27 22:00:00,1.0126292,0,0
2011-10-27 23:00:00,1.0444059,0,0
2011-10-28 00:00:00,1.038377,0,0
2011-10-28 01:00:00,1.0089753,0,0
2011-10-28 02:00:00,0.9298719,0,0
2011-10-28 03:00:00,0.8528157,0,0
2011-10-28 04:00:00,0.7902703,0,0
2011-10-28 05:00:00,0.73734564,0,0
2011-10-28 06:00:00,0.69044983,0,0
2011-10-28 07:00:00,0.86879086,0,0
2011-10-28 08:00:00,1.2403804,0,0
2011-10-28 09:00:00,1.5159417,0,0
2011-10-28 10:00:00,1.4989947,0,0
2011-10-28 11:00:00,1.356421,0,0
2011-10-28 12:00:00,1.5730036,0,0
2011-10-28 13:00:00,1.6186268,0,0
2011-10-28 14:00:00,1.6009567,0,0
2011-10-28 15:00:00,1.5190843,0,0
2011-10-28 16:00:00,1.4037895,0,0
2011-10-28 17:00:00,1.3124952,0,0
2011-10-28 18:00:00,1.2211108,0,0
2011-10-28 19:00:00,1.0378218,0,0
2011-10-28 20:00:00,0.81604826,0,0
2011-10-28 21:00:00,0.59732825,0,0
2011-10-28 22:00:00,0.4416709,0,0
2011-10-28 23:00:00,0.29539698,0,0
2011-10-29 00:00:00,0.18160923,1,0
2011-10-29 01:00:00,0.044272035,1,0
2011-10-29 02:00:00,-0.11482605,1,0
2011-10-29 03:00:00,-0.2321447,1,0
2011-10-29 04:00:00,-0.33324158,1,0
2011-10-29 05:00:00,-0.46704817,1,0
2011-10-29 06:00:00,-0.5087388,1,0
2011-10-29 07:00:00,-0.44229043,1,0
2011-10-29 08:00:00,-0.32732108,1,0
2011-10-29 09:00:00,-0.24151817,1,0
2011-10-29 10:00:00,-0.08210603,1,0
2011-10-29 11:00:00,0.056418184,1,0
2011-10-29 12:00:00,0.18383361,1,0
2011-10-29 13:00:00,0.25532997,1,0
2011-10-29 14:00:00,0.21379787,1,0
2011-10-29 15:00:00,0.26346582,1,0
2011-10-29 16:00:00,0.18369956,1,0
2011-10-29 17:00:00,0.16119073,1,0
2011-10-29 18:00:00,-0.0049657016,1,0
2011-10-29 19:00:00,-0.17985564,1,0
2011-10-29 20:00:00,-0.3652677,1,0
2011-10-29 21:00:00,-0.49436522,1,0
2011-10-29 22:00:00,-0.5855197,1,0
2011-10-29 23:00:00,-0.686801,1,0
2011-10-30 00:00:00,-0.75091386,1,0
2011-10-30 01:00:00,-0.797795,1,0
2011-10-30 02:00:00,-0.90094715,1,0
2011-10-30 03:00:00,-1.0115095,1,0
2011-10-30 04:00:00,-1.108465,1,0
2011-10-30 05:00:00,-1.30059,1,0
2011-10-30 06:00:00,-1.3781765,1,0
2011-10-30 07:00:00,-1.4022784,1,0
2011-10-30 08:00:00,-1.3177092,1,0
2011-10-30 09:00:00,-1.1564384,1,0
2011-10-30 10:00:00,-0.8776802,1,0
2011-10-30 11:00:00,-0.6387897,1,0
2011-10-30 12:00:00,-0.3702085,1,0
2011-10-30 13:00:00,-0.18367212,1,0
2011-10-30 14:00:00,-0.06392544,1,0
2011-10-30 15:00:00,-0.05367649,1,0
2011-10-30 16:00:00,-0.1332074,1,0
2011-10-30 17:00:00,-0.36214343,1,0
2011-10-30 18:00:00,-0.59229076,1,0
2011-10-30 19:00:00,-0.8377678,1,0
2011-10-30 20:00:00,-1.0518978,1,0
2011-10-30 21:00:00,-1.1973233,1,0
2011-10-30 22:00:00,-1.3174964,1,0
2011-10-30 23:00:00,-1.3840132,1,0
2011-10-31 00:00:00,-1.4351809,0,0
2011-10-31 01:00:00,-1.4825517,0,0
2011-10-31 02:00:00,-1.5390702,0,0
2011-10-31 03:00:00,-1.6101624,0,0
2011-10-31 04:00:00,-1.665021,0,0
2011-10-31 05:00:00,-1.7511957,0,0
2011-10-31 06:00:00,-1.8199785,0,0
2011-10-31 07:00:00,-1.7816209,0,0
2011-10-31 08:00:00,-1.6339419,0,0
2011-10-31 09:00:00,-1.3885835,0,0
2011-10-31 10:00:00,-1.06821,0,0
2011-10-31 11:00:00,-0.7334228,0,0
2011-10-31 12:00:00,-0.40944338,0,0
2011-10-31 13:00:00,-0.119958796,0,0
2011-10-31 14:00:00,0.08433363,0,0
2011-10-31 15:00:00,0.18087056,0,0
2011-10-31 16:00:00,0.13833614,0,0
2011-10-31 17:00:00,-0.034204673,0,0
2011-10-31 18:00:00,-0.27703053,0,0
2011-10-31 19:00:00,-0.6039249,0,0
2011-10-31 20:00:00,-0.91141886,0,0
2011-10-31 21:00:00,-1.111487,0,0
2011-10-31 22:00:00,-1.2439554,0,0
2011-10-31 23:00:00,-1.343448,0,0
2011-11-01 00:00:00,-1.4040302,0,0
2011-11-01 01:00:00,-1.4575075,0,0
2011-11-01 02:00:00,-1.5060486,0,0
2011-11-01 03:00:00,-1.557122,0,0
2011-11-01 04:00:00,-1.6091938,0,0
2011-11-01 05:00:00,-1.6966796,0,0
2011-11-01 06:00:00,-1.7785796,0,0
2011-11-01 07:00:00,-1.5961727,0,0
2011-11-01 08:00:00,-1.2178103,0,0
2011-11-01 09:00:00,-0.8707787,0,0
2011-11-01 10:00:00,-0.53545845,0,0
2011-11-01 11:00:00,-0.21681754,0,0
2011-11-01 12:00:00,0.13345698,0,0
2011-11-01 13:00:00,0.41021943,0,0
2011-11-01 14:00:00,0.58240896,0,0
2011-11-01 15:00:00,0.6467483,0,0
2011-11-01 16:00:00,0.62945765,0,0
2011-11-01 17:00:00,0.48517978,0,0
2011-11-01 18:00:00,0.21678372,0,0
2011-11-01 19:00:00,-0.11490607,0,0
2011-11-01 20:00:00,-0.47151986,0,0
2011-11-01 21:00:00,-0.7187302,0,0
2011-11-01 22:00:00,-0.9078961,0,0
2011-11-01 23:00:00,-1.0402703,0,0
2011-11-02 00:00:00,-1.1543366,0,0
2011-11-02 01:00:00,-1.2302364,0,0
2011-11-02 02:00:00,-1.2705334,0,0
2011-11-02 03:00:00,-1.2948321,0,0
2011-11-02 04:00:00,-1.2939092,0,0
2011-11-02 05:00:00,-1.3152488,0,0
2011-11-02 06:00:00,-1.3600868,0,0
2011-11-02 07:00:00,-1.167192,0,0
2011-11-02 08:00:00,-0.81374574,0,0
2011-11-02 09:00:00,-0.54213125,0,0
2011-11-02 10:00:00,-0.26046747,0,0
2011-11-02 11:00:00,0.020515367,0,0
2011-11-02 12:00:00,0.3218468,0,0
2011-11-02 13:00:00,0.55281407,0,0
2011-11-02 14:00:00,0.63436294,0,0
2011-11-02 15:00:00,0.6667678,0,0
2011-11-02 16:00:00,0.62108576,0,0
2011-11-02 17:00:00,0.54907733,0,0
2011-11-02 18:00:00,0.36712906,0,0
2011-11-02 19:00:00,0.13810876,0,0
2011-11-02 20:00:00,-0.12176991,0,0
2011-11-02 21:00:00,-0.30115762,0,0
2011-11-02 22:00:00,-0.43452987,0,0
2011-11-02 23:00:00,-0.5238011,0,0
2011-11-03 00:00:00,-0.5683217,0,0
2011-11-03 01:00:00,-0.6191722,0,0
2011-11-03 02:00:00,-0.68864775,0,0
2011-11-03 03:00:00,-0.74987966,0,0
2011-11-03 04:00:00,-0.8303862,0,0
2011-11-03 05:00:00,-0.83724624,0,0
2011-11-03 06:00:00,-0.81390095,0,0
2011-11-03 07:00:00,-0.57764894,0,0
2011-11-03 08:00:00,-0.24734055,0,0
2011-11-03 09:00:00,0.071745805,0,0
2011-11-03 10:00:00,0.38975632,0,0
2011-11-03 11:00:00,0.67055076,0,0
2011-11-03 12:00:00,0.946945,0,0
2011-11-03 13:00:00,1.174687,0,0
2011-11-03 14:00:00,1.3566512,0,0
2011-11-03 15:00:00,1.4521899,0,0
2011-11-03 16:00:00,1.456461,0,0
2011-11-03 17:00:00,1.3080028,0,0
2011-11-03 18:00:00,1.0964454,0,0
2011-11-03 19:00:00,0.75716114,0,0
2011-11-03 20:00:00,0.35397714,0,0
2011-11-03 21:00:00,0.060704704,0,0
2011-11-03 22:00:00,-0.13621573,0,0
2011-11-03 23:00:00,-0.2879589,0,0
2011-11-04 00:00:00,-0.397089,0,0
2011-11-04 01:00:00,-0.48148718,0,0
2011-11-04 02:00:00,-0.5587804,0,0
2011-11-04 03:00:00,-0.6228932,0,0
2011-11-04 04:00:00,-0.68444234,0,0
2011-11-04 05:00:00,-0.7684019,0,0
2011-11-04 06:00:00,-0.7927827,0,0
2011-11-04 07:00:00,-0.57064354,0,0
2011-11-04 08:00:00,-0.11489314,0,0
2011-11-04 09:00:00,0.35368326,0,0
2011-11-04 10:00:00,0.79812366,0,0
2011-11-04 11:00:00,1.2492237,0,0
2011-11-04 12:00:00,1.5678887,0,0
2011-11-04 13:00:00,1.8699453,0,0
2011-11-04 14:00:00,2.098584,0,0
2011-11-04 15:00:00,2.230215,0,0
2011-11-04 16:00:00,2.2360206,0,0
2011-11-04 17:00:00,2.195182,0,0
2011-11-04 18:00:00,2.1079292,0,0
2011-11-04 19:00:00,1.9737208,0,0
2011-11-04 20:00:00,1.61293,0,0
2011-11-04 21:00:00,1.2212709,0,0
2011-11-04 22:00:00,0.9702201,0,0
2011-11-04 23:00:00,0.79895526,0,0
2011-11-05 00:00:00,0.7195057,1,0
2011-11-05 01:00:00,0.66173476,1,0
2011-11-05 02:00:00,0.5950702,1,0
2011-11-05 03:00:00,0.5402748,1,0
2011-11-05 04:00:00,0.49511677,1,0
2011-11-05 05:00:00,0.4411429,1,0
2011-11-05 06:00:00,0.4133767,1,0
2011-11-05 07:00:00,0.6313553,1,0
2011-11-05 08:00:00,1.0776016,1,0
2011-11-05 09:00:00,1.4790173,1,0
2011-11-05 10:00:00,1.7968123,1,0
2011-11-05 11:00:00,2.033241,1,0
2011-11-05 12:00:00,2.2390544,1,0
2011-11-05 13:00:00,2.4189534,1,0
2011-11-05 14:00:00,2.542839,1,0
2011-11-05 15:00:00,2.5908523,1,0
2011-11-05 16:00:00,2.5363662,1,0
2011-11-05 17:00:00,2.4609394,1,0
2011-11-05 18:00:00,2.4294846,1,0
2011-11-05 19:00:00,2.298566,1,0
2011-11-05 20:00:00,2.024506,1,0
2011-11-05 21:00:00,1.8418217,1,0
2011-11-05 22:00:00,1.7616882,1,0
2011-11-05 23:00:00,1.7022738,1,0
2011-11-06 00:00:00,1.6337364,1,0
2011-11-06 01:00:00,1.5845805,1,0
2011-11-06 02:00:00,1.4881411,1,0
2011-11-06 03:00:00,1.4305178,1,0
2011-11-06 04:00:00,1.3567553,1,0
2011-11-06 05:00:00,1.3342948,1,0
2011-11-06 06:00:00,1.3070495,1,0
2011-11-06 07:00:00,1.3300239,1,0
2011-11-06 08:00:00,1.3766974,1,0
2011-11-06 09:00:00,1.5057573,1,0
2011-11-06 10:00:00,1.5197967,1,0
2011-11-06 11:00:00,1.5918105,1,0
2011-11-06 12:00:00,1.7274354,1,0
2011-11-06 13:00:00,1.8823599,1,0
2011-11-06 14:00:00,1.9548662,1,0
2011-11-06 15:00:00,1.9738289,1,0
2011-11-06 16:00:00,1.8997697,1,0
2011-11-06 17:00:00,1.8241343,1,0
2011-11-06 18:00:00,1.6587402,1,0
2011-11-06 19:00:00,1.4748415,1,0
2011-11-06 20:00:00,1.2315552,1,0
2011-11-06 21:00:00,1.0346569,1,0
2011-11-06 22:00:00,0.84902173,1,0
2011-11-06 23:00:00,0.6855859,1,0
2011-11-07 00:00:00,0.5372445,0,0
2011-11-07 01:00:00,0.40045464,0,0
2011-11-07 02:00:00,0.29184535,0,0
2011-11-07 03:00:00,0.18885338,0,0
2011-11-07 04:00:00,0.10959486,0,0
2011-11-07 05:00:00,0.030414127,0,0
2011-11-07 06:00:00,-0.015712751,0,0
2011-11-07 07:00:00,0.22316404,0,0
2011-11-07 08:00:00,0.7529262,0,0
2011-11-07 09:00:00,1.3445393,0,0
2011-11-07 10:00:00,1.8859979,0,0
2011-11-07 11:00:00,2.2185388,0,0
2011-11-07 12:00:00,2.50204,0,0
2011-11-07 13:00:00,2.7836657,0,0
2011-11-07 14:00:00,2.971228,0,0
2011-11-07 15:00:00,2.8871925,0,0
2011-11-07 16:00:00,2.8377187,0,0
2011-11-07 17:00:00,2.662146,0,0
2011-11-07 18:00:00,2.506651,0,0
2011-11-07 19:00:00,2.2871125,0,0
2011-11-07 20:00:00,2.15151,0,0
2011-11-07 21:00:00,1.9767637,0,0
2011-11-07 22:00:00,1.8128805,0,0
2011-11-07 23:00:00,1.7623142,0,0
2011-11-08 00:00:00,1.7248,0,0
2011-11-08 01:00:00,1.6687547,0,0
2011-11-08 02:00:00,1.6135476,0,0
2011-11-08 03:00:00,1.5666008,0,0
2011-11-08 04:00:00,1.5232788,0,0
2011-11-08 05:00:00,1.3924315,0,0
2011-11-08 06:00:00,1.3080618,0,0
2011-11-08 07:00:00,1.5161802,0,0
2011-11-08 08:00:00,1.7167879,0,0
2011-11-08 09:00:00,1.9036291,0,0
2011-11-08 10:00:00,2.164973,0,0
2011-11-08 11:00:00,2.5514457,0,0
2011-11-08 12:00:00,2.8518224,0,0
2011-11-08 13:00:00,3.0608058,0,0
2011-11-08 14:00:00,3.192351,0,0
2011-11-08 15:00:00,3.2570004,0,0
2011-11-08 16:00:00,3.2679334,0,0
2011-11-08 17:00:00,3.1242886,0,0
2011-11-08 18:00:00,3.0087223,0,0
2011-11-08 19:00:00,2.8491077,0,0
2011-11-08 20:00:00,2.70855,0,0
2011-11-08 21:00:00,2.5260928,0,0
2011-11-08 22:00:00,2.390896,0,0
2011-11-08 23:00:00,2.2302716,0,0
2011-11-09 00:00:00,2.1234303,0,0
2011-11-09 01:00:00,2.067834,0,0
2011-11-09 02:00:00,1.9762695,0,0
2011-11-09 03:00:00,1.8751457,0,0
2011-11-09 04:00:00,1.7761861,0,0
2011-11-09 05:00:00,1.7825228,0,0
2011-11-09 06:00:00,1.7179488,0,0
2011-11-09 07:00:00,1.8001411,0,0
2011-11-09 08:00:00,2.0854263,0,0
2011-11-09 09:00:00,2.3578384,0,0
2011-11-09 10:00:00,2.6459692,0,0
2011-11-09 11:00:00,2.8600338,0,0
2011-11-09 12:00:00,3.0185277,0,0
2011-11-09 13:00:00,2.8742154,0,0
2011-11-09 14:00:00,2.7617683,0,0
2011-11-09 15:00:00,2.469989,0,0
2011-11-09 16:00:00,1.9918344,0,0
2011-11-09 17:00:00,1.5240363,0,0
2011-11-09 18:00:00,1.1692938,0,0
2011-11-09 19:00:00,1.0102956,0,0
2011-11-09 20:00:00,0.8734029,0,0
2011-11-09 21:00:00,0.7003131,0,0
2011-11-09 22:00:00,0.5068993,0,0
2011-11-09 23:00:00,0.34415188,0,0
2011-11-10 00:00:00,0.24592386,0,0
2011-11-10 01:00:00,0.18725589,0,0
2011-11-10 02:00:00,0.11920458,0,0
2011-11-10 03:00:00,0.068780735,0,0
2011-11-10 04:00:00,0.02595096,0,0
2011-11-10 05:00:00,-0.11345777,0,0
2011-11-10 06:00:00,-0.13395916,0,0
2011-11-10 07:00:00,-0.002142912,0,0
2011-11-10 08:00:00,0.15253614,0,0
2011-11-10 09:00:00,0.28150168,0,0
2011-11-10 10:00:00,0.4252642,0,0
2011-11-10 11:00:00,0.5560693,0,0
2011-11-10 12:00:00,0.7290738,0,0
2011-11-10 13:00:00,0.87451583,0,0
2011-11-10 14:00:00,0.91638285,0,0
2011-11-10 15:00:00,1.0113509,0,0
2011-11-10 16:00:00,0.92168087,0,0
2011-11-10 17:00:00,0.7550384,0,0
2011-11-10 18:00:00,0.57229525,0,0
2011-11-10 19:00:00,0.43162522,0,0
2011-11-10 20:00:00,0.31287587,0,0
2011-11-10 21:00:00,0.2442174,0,0
2011-11-10 22:00:00,0.15087023,0,0
2011-11-10 23:00:00,0.052615296,0,0
2011-11-11 00:00:00,-0.09154569,0,0
2011-11-11 01:00:00,-0.247799,0,0
2011-11-11 02:00:00,-0.42701775,0,0
2011-11-11 03:00:00,-0.53733784,0,0
2011-11-11 04:00:00,-0.595012,0,0
2011-11-11 05:00:00,-0.6381592,0,0
2011-11-11 06:00:00,-0.67710143,0,0
2011-11-11 07:00:00,-0.51623976,0,0
2011-11-11 08:00:00,-0.14910926,0,0
2011-11-11 09:00:00,0.21361537,0,0
2011-11-11 10:00:00,0.57328445,0,0
2011-11-11 11:00:00,0.8533247,0,0
2011-11-11 12:00:00,1.0486505,0,0
2011-11-11 13:00:00,1.1849917,0,0
2011-11-11 14:00:00,1.2147039,0,0
2011-11-11 15:00:00,1.2969844,0,0
2011-11-11 16:00:00,1.2642592,0,0
2011-11-11 17:00:00,1.2212843,0,0
2011-11-11 18:00:00,1.096269,0,0
2011-11-11 19:00:00,0.96642625,0,0
2011-11-11 20:00:00,0.7437546,0,0
2011-11-11 21:00:00,0.58342654,0,0
2011-11-11 22:00:00,0.4061807,0,0
2011-11-11 23:00:00,0.23678327,0,0
2011-11-12 00:00:00,0.071449816,1,0
2011-11-12 01:00:00,-0.08504113,1,0
2011-11-12 02:00:00,-0.22719811,1,0
2011-11-12 03:00:00,-0.35204536,1,0
2011-11-12 04:00:00,-0.4617982,1,0
2011-11-12 05:00:00,-0.5840696,1,0
2011-11-12 06:00:00,-0.6103378,1,0
2011-11-12 07:00:00,-0.32587633,1,0
2011-11-12 08:00:00,0.13176163,1,0
2011-11-12 09:00:00,0.6185922,1,0
2011-11-12 10:00:00,1.1137466,1,0
2011-11-12 11:00:00,1.4730134,1,0
2011-11-12 12:00:00,1.7974577,1,0
2011-11-12 13:00:00,2.0469024,1,0
2011-11-12 14:00:00,2.2181654,1,0
2011-11-12 15:00:00,2.2423077,1,0
2011-11-12 16:00:00,2.1754706,1,0
2011-11-12 17:00:00,1.6596088,1,0
2011-11-12 18:00:00,1.523573,1,0
2011-11-12 19:00:00,1.3976953,1,0
2011-11-12 20:00:00,1.2896075,1,0
2011-11-12 21:00:00,1.1776838,1,0
2011-11-12 22:00:00,1.0428133,1,0
2011-11-12 23:00:00,0.94824696,1,0
2011-11-13 00:00:00,0.83027405,1,0
2011-11-13 01:00:00,0.8115572,1,0
2011-11-13 02:00:00,0.7386241,1,0
2011-11-13 03:00:00,0.6490432,1,0
2011-11-13 04:00:00,0.62122154,1,0
2011-11-13 05:00:00,0.64571816,1,0
2011-11-13 06:00:00,0.56478524,1,0
2011-11-13 07:00:00,0.78203666,1,0
2011-11-13 08:00:00,1.0702971,1,0
2011-11-13 09:00:00,1.3473855,1,0
2011-11-13 10:00:00,1.5329186,1,0
2011-11-13 11:00:00,1.7315931,1,0
2011-11-13 12:00:00,1.9563829,1,0
2011-11-13 13:00:00,2.2777045,1,0
2011-11-13 14:00:00,2.5872245,1,0
2011-11-13 15:00:00,2.8062553,1,0
2011-11-13 16:00:00,2.781979,1,0
2011-11-13 17:00:00,2.3487937,1,0
2011-11-13 18:00:00,2.1229067,1,0
2011-11-13 19:00:00,1.9074539,1,0
2011-11-13 20:00:00,1.6505075,1,0
2011-11-13 21:00:00,1.4507447,1,0
2011-11-13 22:00:00,1.2946054,1,0
2011-11-13 23:00:00,1.1603172,1,0
2011-11-14 00:00:00,1.0079244,0,0
2011-11-14 01:00:00,0.86015034,0,0
2011-11-14 02:00:00,0.7098436,0,0
2011-11-14 03:00:00,0.60262793,0,0
2011-11-14 04:00:00,0.5137829,0,0
2011-11-14 05:00:00,0.40535033,0,0
2011-11-14 06:00:00,0.32639715,0,0
2011-11-14 07:00:00,0.57492787,0,0
2011-11-14 08:00:00,0.874974,0,0
2011-11-14 09:00:00,1.0262411,0,0
2011-11-14 10:00:00,1.2009099,0,0
2011-11-14 11:00:00,1.4319948,0,0
2011-11-14 12:00:00,1.6851146,0,0
2011-11-14 13:00:00,1.8949943,0,0
2011-11-14 14:00:00,2.0459013,0,0
2011-11-14 15:00:00,2.0780053,0,0
2011-11-14 16:00:00,1.992622,0,0
2011-11-14 17:00:00,1.7783943,0,0
2011-11-14 18:00:00,1.5971737,0,0
2011-11-14 19:00:00,1.4081622,0,0
2011-11-14 20:00:00,1.2410716,0,0
2011-11-14 21:00:00,1.0867435,0,0
2011-11-14 22:00:00,0.89639497,0,0
2011-11-14 23:00:00,0.72419447,0,0
2011-11-15 00:00:00,0.58094925,0,0
2011-11-15 01:00:00,0.4833709,0,0
2011-11-15 02:00:00,0.3955198,0,0
2011-11-15 03:00:00,0.31568956,0,0
2011-11-15 04:00:00,0.26272866,0,0
2011-11-15 05:00:00,0.19321413,0,0
2011-11-15 06:00:00,0.18375567,0,0
2011-11-15 07:00:00,0.4916111,0,0
2011-11-15 08:00:00,1.0550827,0,0
2011-11-15 09:00:00,1.5179971,0,0
2011-11-15 10:00:00,1.9126135,0,0
2011-11-15 11:00:00,2.1619382,0,0
2011-11-15 12:00:00,2.3393168,0,0
2011-11-15 13:00:00,2.4424832,0,0
2011-11-15 14:00:00,2.5198517,0,0
2011-11-15 15:00:00,2.5032,0,0
2011-11-15 16:00:00,2.429294,0,0
2011-11-15 17:00:00,2.3531873,0,0
2011-11-15 18:00:00,2.08824,0,0
2011-11-15 19:00:00,1.76129,0,0
2011-11-15 20:00:00,1.39525,0,0
2011-11-15 21:00:00,1.1069796,0,0
2011-11-15 22:00:00,0.8794707,0,0
2011-11-15 23:00:00,0.6997968,0,0
2011-11-16 00:00:00,0.5691603,0,0
2011-11-16 01:00:00,0.47892195,0,0
2011-11-16 02:00:00,0.3985753,0,0
2011-11-16 03:00:00,0.3057102,0,0
2011-11-16 04:00:00,0.2217506,0,0
2011-11-16 05:00:00,0.15707026,0,0
2011-11-16 06:00:00,0.07550245,0,0
2011-11-16 07:00:00,0.10064078,0,0
2011-11-16 08:00:00,0.2688326,0,0
2011-11-16 09:00:00,0.519316,0,0
2011-11-16 10:00:00,0.81942064,0,0
2011-11-16 11:00:00,1.2375414,0,0
2011-11-16 12:00:00,1.6287781,0,0
2011-11-16 13:00:00,1.9584666,0,0
2011-11-16 14:00:00,2.177948,0,0
2011-11-16 15:00:00,2.2748802,0,0
2011-11-16 16:00:00,2.2678254,0,0
2011-11-16 17:00:00,2.109731,0,0
2011-11-16 18:00:00,1.88677,0,0
2011-11-16 19:00:00,1.5828608,0,0
2011-11-16 20:00:00,1.2412593,0,0
2011-11-16 21:00:00,1.0258813,0,0
2011-11-16 22:00:00,0.8931975,0,0
2011-11-16 23:00:00,0.80413723,0,0
2011-11-17 00:00:00,0.76931965,0,0
2011-11-17 01:00:00,0.71539944,0,0
2011-11-17 02:00:00,0.70342654,0,0
2011-11-17 03:00:00,0.79321903,0,0
2011-11-17 04:00:00,0.96272,0,0
2011-11-17 05:00:00,1.0163995,0,0
2011-11-17 06:00:00,1.1005571,0,0
2011-11-17 07:00:00,1.3502903,0,0
2011-11-17 08:00:00,1.7510976,0,0
2011-11-17 09:00:00,2.0433028,0,0
2011-11-17 10:00:00,2.476096,0,0
2011-11-17 11:00:00,2.7973993,0,0
2011-11-17 12:00:00,3.023236,0,0
2011-11-17 13:00:00,3.1718621,0,0
2011-11-17 14:00:00,3.207472,0,0
2011-11-17 15:00:00,3.1469126,0,0
2011-11-17 16:00:00,3.065613,0,0
2011-11-17 17:00:00,2.8966374,0,0
2011-11-17 18:00:00,2.7272506,0,0
2011-11-17 19:00:00,2.542544,0,0
2011-11-17 20:00:00,2.2663581,0,0
2011-11-17 21:00:00,1.9831697,0,0
2011-11-17 22:00:00,1.8000792,0,0
2011-11-17 23:00:00,1.6713215,0,0
2011-11-18 00:00:00,1.5635926,0,0
2011-11-18 01:00:00,1.4955181,0,0
2011-11-18 02:00:00,1.4416223,0,0
2011-11-18 03:00:00,1.4235833,0,0
2011-11-18 04:00:00,1.4321636,0,0
2011-11-18 05:00:00,1.5484322,0,0
2011-11-18 06:00:00,1.7283939,0,0
2011-11-18 07:00:00,2.089285,0,0
2011-11-18 08:00:00,2.4926965,0,0
2011-11-18 09:00:00,2.861712,0,0
2011-11-18 10:00:00,3.224551,0,0
2011-11-18 11:00:00,3.5006995,0,0
2011-11-18 12:00:00,3.7371552,0,0
2011-11-18 13:00:00,3.9036853,0,0
2011-11-18 14:00:00,4.024105,0,0
2011-11-18 15:00:00,4.062207,0,0
2011-11-18 16:00:00,3.937622,0,0
2011-11-18 17:00:00,3.862348,0,0
2011-11-18 18:00:00,3.7050889,0,0
2011-11-18 19:00:00,3.4640784,0,0
2011-11-18 20:00:00,3.1064277,0,0
2011-11-18 21:00:00,2.795419,0,0
2011-11-18 22:00:00,2.473079,0,0
2011-11-18 23:00:00,2.1531427,0,0
2011-11-19 00:00:00,1.8951092,1,0
2011-11-19 01:00:00,1.7146913,1,0
2011-11-19 02:00:00,1.5918871,1,0
2011-11-19 03:00:00,1.5219995,1,0
2011-11-19 04:00:00,1.4700879,1,0
2011-11-19 05:00:00,1.5776926,1,0
2011-11-19 06:00:00,1.5154163,1,0
2011-11-19 07:00:00,1.5820018,1,0
2011-11-19 08:00:00,1.7480097,1,0
2011-11-19 09:00:00,1.8622905,1,0
2011-11-19 10:00:00,2.0668163,1,0
2011-11-19 11:00:00,2.1331723,1,0
2011-11-19 12:00:00,1.9885436,1,0
2011-11-19 13:00:00,1.850177,1,0
2011-11-19 14:00:00,1.7694463,1,0
2011-11-19 15:00:00,1.792617,1,0
2011-11-19 16:00:00,1.7720042,1,0
2011-11-19 17:00:00,1.5002196,1,0
2011-11-19 18:00:00,1.2362937,1,0
2011-11-19 19:00:00,0.94039017,1,0
2011-11-19 20:00:00,0.72011477,1,0
2011-11-19 21:00:00,0.5133996,1,0
2011-11-19 22:00:00,0.35152927,1,0
2011-11-19 23:00:00,0.2003067,1,0
2011-11-20 00:00:00,0.06482814,1,0
2011-11-20 01:00:00,-0.051598776,1,0
2011-11-20 02:00:00,-0.14429188,1,0
2011-11-20 03:00:00,-0.24043345,1,0
2011-11-20 04:00:00,-0.31633326,1,0
2011-11-20 05:00:00,-0.36890668,1,0
2011-11-20 06:00:00,-0.37385264,1,0
2011-11-20 07:00:00,-0.14755565,1,0
2011-11-20 08:00:00,0.043540202,1,0
2011-11-20 09:00:00,0.19689333,1,0
2011-11-20 10:00:00,0.22149833,1,0
2011-11-20 11:00:00,0.3036392,1,0
2011-11-20 12:00:00,0.4496454,1,0
2011-11-20 13:00:00,0.6653697,1,0
2011-11-20 14:00:00,0.7540035,1,0
2011-11-20 15:00:00,0.82080895,1,0
2011-11-20 16:00:00,0.80027276,1,0
2011-11-20 17:00:00,0.85033417,1,0
2011-11-20 18:00:00,0.7886361,1,0
2011-11-20 19:00:00,0.6749639,1,0
2011-11-20 20:00:00,0.5379187,1,0
2011-11-20 21:00:00,0.3962469,1,0
2011-11-20 22:00:00,0.25890514,1,0
2011-11-20 23:00:00,0.12958436,1,0
2011-11-21 00:00:00,-0.005671087,0,0
2011-11-21 01:00:00,-0.14345893,0,0
2011-11-21 02:00:00,-0.27325746,0,0
2011-11-21 03:00:00,-0.38556957,0,0
2011-11-21 04:00:00,-0.50463796,0,0
2011-11-21 05:00:00,-0.5526702,0,0
2011-11-21 06:00:00,-0.65238595,0,0
2011-11-21 07:00:00,-0.36252868,0,0
2011-11-21 08:00:00,-0.10006085,0,0
2011-11-21 09:00:00,0.16412559,0,0
2011-11-21 10:00:00,0.37647867,0,0
2011-11-21 11:00:00,0.6208264,0,0
2011-11-21 12:00:00,0.85096425,0,0
2011-11-21 13:00:00,1.0462899,0,0
2011-11-21 14:00:00,1.074871,0,0
2011-11-21 15:00:00,0.9691158,0,0
2011-11-21 16:00:00,0.8584245,0,0
2011-11-21 17:00:00,0.7876643,0,0
2011-11-21 18:00:00,0.62463033,0,0
2011-11-21 19:00:00,0.5187636,0,0
2011-11-21 20:00:00,0.40788257,0,0
2011-11-21 21:00:00,0.3116621,0,0
2011-11-21 22:00:00,0.22464466,0,0
2011-11-21 23:00:00,0.1301707,0,0
2011-11-22 00:00:00,0.04683416,0,0
2011-11-22 01:00:00,-0.020504363,0,0
2011-11-22 02:00:00,-0.10176696,0,0
2011-11-22 03:00:00,-0.17338005,0,0
2011-11-22 04:00:00,-0.22165443,0,0
2011-11-22 05:00:00,-0.27579796,0,0
2011-11-22 06:00:00,-0.30823413,0,0
2011-11-22 07:00:00,-0.13205469,0,0
2011-11-22 08:00:00,0.08035651,0,0
2011-11-22 09:00:00,0.33062893,0,0
2011-11-22 10:00:00,0.56857926,0,0
2011-11-22 11:00:00,0.7344154,0,0
2011-11-22 12:00:00,0.92201,0,0
2011-11-22 13:00:00,0.8786337,0,0
2011-11-22 14:00:00,0.99688494,0,0
2011-11-22 15:00:00,0.9238916,0,0
2011-11-22 16:00:00,0.8094239,0,0
2011-11-22 17:00:00,0.5242632,0,0
2011-11-22 18:00:00,0.36821747,0,0
2011-11-22 19:00:00,0.2464898,0,0
2011-11-22 20:00:00,0.12742053,0,0
2011-11-22 21:00:00,-0.018857988,0,0
2011-11-22 22:00:00,-0.13312761,0,0
2011-11-22 23:00:00,-0.23937654,0,0
2011-11-23 00:00:00,-0.31076646,0,0
2011-11-23 01:00:00,-0.38403916,0,0
2011-11-23 02:00:00,-0.46834296,0,0
2011-11-23 03:00:00,-0.524212,0,0
2011-11-23 04:00:00,-0.5522955,0,0
2011-11-23 05:00:00,-0.6480342,0,0
2011-11-23 06:00:00,-0.6878928,0,0
2011-11-23 07:00:00,-0.60573924,0,0
2011-11-23 08:00:00,-0.45585558,0,0
2011-11-23 09:00:00,-0.2678753,0,0
2011-11-23 10:00:00,-0.14031203,0,0
2011-11-23 11:00:00,-0.002433013,0,0
2011-11-23 12:00:00,0.105996415,0,0
2011-11-23 13:00:00,0.20190728,0,0
2011-11-23 14:00:00,0.3423265,0,0
2011-11-23 15:00:00,0.4052182,0,0
2011-11-23 16:00:00,0.5136042,0,0
2011-11-23 17:00:00,0.4809923,0,0
2011-11-23 18:00:00,0.3766974,0,0
2011-11-23 19:00:00,0.21668665,0,0
2011-11-23 20:00:00,0.03681716,0,0
2011-11-23 21:00:00,-0.09669282,0,0
2011-11-23 22:00:00,-0.16713223,0,0
2011-11-23 23:00:00,-0.2347413,0,0
2011-11-24 00:00:00,-0.33758035,0,0
2011-11-24 01:00:00,-0.49694484,0,0
2011-11-24 02:00:00,-0.66066194,0,0
2011-11-24 03:00:00,-0.8116058,0,0
2011-11-24 04:00:00,-0.91896945,0,0
2011-11-24 05:00:00,-1.0246855,0,0
2011-11-24 06:00:00,-1.0814582,0,0
2011-11-24 07:00:00,-0.9630645,0,0
2011-11-24 08:00:00,-0.6726113,0,0
2011-11-24 09:00:00,-0.3170977,0,0
2011-11-24 10:00:00,0.047350023,0,0
2011-11-24 11:00:00,0.39962536,0,0
2011-11-24 12:00:00,0.69987285,0,0
2011-11-24 13:00:00,0.9261824,0,0
2011-11-24 14:00:00,1.0650562,0,0
2011-11-24 15:00:00,1.147904,0,0
2011-11-24 16:00:00,1.1667368,0,0
2011-11-24 17:00:00,1.1751087,0,0
2011-11-24 18:00:00,1.0774788,0,0
2011-11-24 19:00:00,0.8762396,0,0
2011-11-24 20:00:00,0.6648383,0,0
2011-11-24 21:00:00,0.564837,0,0
2011-11-24 22:00:00,0.5002934,0,0
2011-11-24 23:00:00,0.4521045,0,0
2011-11-25 00:00:00,0.4351025,0,0
2011-11-25 01:00:00,0.40336698,0,0
2011-11-25 02:00:00,0.35680333,0,0
2011-11-25 03:00:00,0.31550816,0,0
2011-11-25 04:00:00,0.31757027,0,0
2011-11-25 05:00:00,0.34123296,0,0
2011-11-25 06:00:00,0.35608003,0,0
2011-11-25 07:00:00,0.4545882,0,0
2011-11-25 08:00:00,0.5511433,0,0
2011-11-25 09:00:00,0.59177935,0,0
2011-11-25 10:00:00,0.6602948,0,0
2011-11-25 11:00:00,0.86954194,0,0
2011-11-25 12:00:00,0.96605563,0,0
2011-11-25 13:00:00,1.0289786,0,0
2011-11-25 14:00:00,0.99688596,0,0
2011-11-25 15:00:00,0.7891163,0,0
2011-11-25 16:00:00,0.73421776,0,0
2011-11-25 17:00:00,0.5625146,0,0
2011-11-25 18:00:00,0.56460685,0,0
2011-11-25 19:00:00,0.524385,0,0
2011-11-25 20:00:00,0.4296687,0,0
2011-11-25 21:00:00,0.3403155,0,0
2011-11-25 22:00:00,0.27669197,0,0
2011-11-25 23:00:00,0.22699302,0,0
2011-11-26 00:00:00,0.17096394,1,0
2011-11-26 01:00:00,0.13281634,1,0
2011-11-26 02:00:00,0.15779045,1,0
2011-11-26 03:00:00,0.13704696,1,0
2011-11-26 04:00:00,0.13144876,1,0
2011-11-26 05:00:00,0.13352312,1,0
2011-11-26 06:00:00,0.103459515,1,0
2011-11-26 07:00:00,0.17929097,1,0
2011-11-26 08:00:00,0.37948242,1,0
2011-11-26 09:00:00,0.6089713,1,0
2011-11-26 10:00:00,0.8045582,1,0
2011-11-26 11:00:00,1.0032104,1,0
2011-11-26 12:00:00,1.1318159,1,0
2011-11-26 13:00:00,1.2463374,1,0
2011-11-26 14:00:00,1.3023129,1,0
2011-11-26 15:00:00,1.304933,1,0
2011-11-26 16:00:00,1.2476013,1,0
2011-11-26 17:00:00,1.0369809,1,0
2011-11-26 18:00:00,0.8836174,1,0
2011-11-26 19:00:00,0.6729602,1,0
2011-11-26 20:00:00,0.4683978,1,0
2011-11-26 21:00:00,0.309201,1,0
2011-11-26 22:00:00,0.19693546,1,0
2011-11-26 23:00:00,0.07678673,1,0
2011-11-27 00:00:00,0.012686011,1,0
2011-11-27 01:00:00,-0.08456277,1,0
2011-11-27 02:00:00,-0.17207998,1,0
2011-11-27 03:00:00,-0.26684272,1,0
2011-11-27 04:00:00,-0.34022662,1,0
2011-11-27 05:00:00,-0.634789,1,0
2011-11-27 06:00:00,-0.7283039,1,0
2011-11-27 07:00:00,-0.2857069,1,0
2011-11-27 08:00:00,0.08198533,1,0
2011-11-27 09:00:00,0.4688944,1,0
2011-11-27 10:00:00,0.8670984,1,0
2011-11-27 11:00:00,1.2069795,1,0
2011-11-27 12:00:00,1.4178336,1,0
2011-11-27 13:00:00,1.5783037,1,0
2011-11-27 14:00:00,1.6945783,1,0
2011-11-27 15:00:00,1.7651576,1,0
2011-11-27 16:00:00,1.7849964,1,0
2011-11-27 17:00:00,1.7382498,1,0
2011-11-27 18:00:00,1.6532842,1,0
2011-11-27 19:00:00,1.5633965,1,0
2011-11-27 20:00:00,1.2952161,1,0
2011-11-27 21:00:00,1.0207922,1,0
2011-11-27 22:00:00,0.8362306,1,0
2011-11-27 23:00:00,0.6751836,1,0
2011-11-28 00:00:00,0.56532615,0,0
2011-11-28 01:00:00,0.51801866,0,0
2011-11-28 02:00:00,0.48894116,0,0
2011-11-28 03:00:00,0.49554437,0,0
2011-11-28 04:00:00,0.4816391,0,0
2011-11-28 05:00:00,0.45034215,0,0
2011-11-28 06:00:00,0.44877902,0,0
2011-11-28 07:00:00,0.65919006,0,0
2011-11-28 08:00:00,1.1111269,0,0
2011-11-28 09:00:00,1.6047318,0,0
2011-11-28 10:00:00,2.0125012,0,0
2011-11-28 11:00:00,2.2751844,0,0
2011-11-28 12:00:00,2.4025276,0,0
2011-11-28 13:00:00,2.4935148,0,0
2011-11-28 14:00:00,2.4741933,0,0
2011-11-28 15:00:00,2.4807613,0,0
2011-11-28 16:00:00,2.518736,0,0
2011-11-28 17:00:00,2.5191567,0,0
2011-11-28 18:00:00,2.53032,0,0
2011-11-28 19:00:00,2.4080734,0,0
2011-11-28 20:00:00,2.1397376,0,0
2011-11-28 21:00:00,1.9845731,0,0
2011-11-28 22:00:00,1.8515303,0,0
2011-11-28 23:00:00,1.6669029,0,0
2011-11-29 00:00:00,1.4678781,0,0
2011-11-29 01:00:00,1.2882673,0,0
2011-11-29 02:00:00,1.1971086,0,0
2011-11-29 03:00:00,1.1173639,0,0
2011-11-29 04:00:00,1.0208261,0,0
2011-11-29 05:00:00,1.3657485,0,0
2011-11-29 06:00:00,1.3869462,0,0
2011-11-29 07:00:00,1.4182769,0,0
2011-11-29 08:00:00,1.7222154,0,0
2011-11-29 09:00:00,2.0185125,0,0
2011-11-29 10:00:00,2.1022923,0,0
2011-11-29 11:00:00,2.3292968,0,0
2011-11-29 12:00:00,2.475944,0,0
2011-11-29 13:00:00,2.6435602,0,0
2011-11-29 14:00:00,2.796404,0,0
2011-11-29 15:00:00,2.8343773,0,0
2011-11-29 16:00:00,2.8482435,0,0
2011-11-29 17:00:00,2.7218513,0,0
2011-11-29 18:00:00,2.6015584,0,0
2011-11-29 19:00:00,2.1761467,0,0
2011-11-29 20:00:00,1.8028729,0,0
2011-11-29 21:00:00,1.5207258,0,0
2011-11-29 22:00:00,1.286143,0,0
2011-11-29 23:00:00,1.0187999,0,0
2011-11-30 00:00:00,0.71752584,0,0
2011-11-30 01:00:00,0.45161945,0,0
2011-11-30 02:00:00,0.22231385,0,0
2011-11-30 03:00:00,0.033045918,0,0
2011-11-30 04:00:00,-0.15835959,0,0
2011-11-30 05:00:00,-0.3888907,0,0
2011-11-30 06:00:00,-0.4876471,0,0
2011-11-30 07:00:00,-0.5131116,0,0
2011-11-30 08:00:00,-0.44433317,0,0
2011-11-30 09:00:00,-0.33234486,0,0
2011-11-30 10:00:00,-0.19260277,0,0
2011-11-30 11:00:00,-0.040436383,0,0
2011-11-30 12:00:00,0.094561264,0,0
2011-11-30 13:00:00,0.1670437,0,0
2011-11-30 14:00:00,0.24981311,0,0
2011-11-30 15:00:00,0.31278673,0,0
2011-11-30 16:00:00,0.32924363,0,0
2011-11-30 17:00:00,0.26261705,0,0
2011-11-30 18:00:00,0.13230127,0,0
2011-11-30 19:00:00,-0.044531513,0,0
2011-11-30 20:00:00,-0.20759298,0,0
2011-11-30 21:00:00,-0.29562062,0,0
2011-11-30 22:00:00,-0.3395039,0,0
2011-11-30 23:00:00,-0.3912703,0,0
2011-12-01 00:00:00,-0.4511085,0,0
2011-12-01 01:00:00,-0.5078933,0,0
2011-12-01 02:00:00,-0.59194285,0,0
2011-12-01 03:00:00,-0.63010263,0,0
2011-12-01 04:00:00,-0.65382946,0,0
2011-12-01 05:00:00,-0.71445054,0,0
2011-12-01 06:00:00,-0.6978613,0,0
2011-12-01 07:00:00,-0.5649448,0,0
2011-12-01 08:00:00,-0.3824684,0,0
2011-12-01 09:00:00,-0.2438187,0,0
2011-12-01 10:00:00,-0.021852436,0,0
2011-12-01 11:00:00,0.20284738,0,0
2011-12-01 12:00:00,0.42924163,0,0
2011-12-01 13:00:00,0.64274186,0,0
2011-12-01 14:00:00,0.8130448,0,0
2011-12-01 15:00:00,0.932525,0,0
2011-12-01 16:00:00,0.909786,0,0
2011-12-01 17:00:00,0.8804893,0,0
2011-12-01 18:00:00,0.69541025,0,0
2011-12-01 19:00:00,0.44859073,0,0
2011-12-01 20:00:00,0.20202564,0,0
2011-12-01 21:00:00,0.015508708,0,0
2011-12-01 22:00:00,-0.12646823,0,0
2011-12-01 23:00:00,-0.22975801,0,0
2011-12-02 00:00:00,-0.28005317,0,0
2011-12-02 01:00:00,-0.322754,0,0
2011-12-02 02:00:00,-0.3882603,0,0
2011-12-02 03:00:00,-0.50418544,0,0
2011-12-02 04:00:00,-0.6439265,0,0
2011-12-02 05:00:00,-0.8096986,0,0
2011-12-02 06:00:00,-0.91193473,0,0
2011-12-02 07:00:00,-0.80209035,0,0
2011-12-02 08:00:00,-0.51415753,0,0
2011-12-02 09:00:00,-0.15706205,0,0
2011-12-02 10:00:00,0.21389206,0,0
2011-12-02 11:00:00,0.5756327,0,0
2011-12-02 12:00:00,0.927799,0,0
2011-12-02 13:00:00,1.2272161,0,0
2011-12-02 14:00:00,1.4117132,0,0
2011-12-02 15:00:00,1.4866059,0,0
2011-12-02 16:00:00,1.4428723,0,0
2011-12-02 17:00:00,1.2893358,0,0
2011-12-02 18:00:00,1.0576696,0,0
2011-12-02 19:00:00,0.7793308,0,0
2011-12-02 20:00:00,0.4971359,0,0
2011-12-02 21:00:00,0.3498858,0,0
2011-12-02 22:00:00,0.2543582,0,0
2011-12-02 23:00:00,0.17980863,0,0
2011-12-03 00:00:00,0.11451327,1,0
2011-12-03 01:00:00,0.055324446,1,0
2011-12-03 02:00:00,-0.011841645,1,0
2011-12-03 03:00:00,-0.08864548,1,0
2011-12-03 04:00:00,-0.17622565,1,0
2011-12-03 05:00:00,-0.21068242,1,0
2011-12-03 06:00:00,-0.23941576,1,0
2011-12-03 07:00:00,-0.064707614,1,0
2011-12-03 08:00:00,0.21044017,1,0
2011-12-03 09:00:00,0.50737303,1,0
2011-12-03 10:00:00,0.83819544,1,0
2011-12-03 11:00:00,1.0889283,1,0
2011-12-03 12:00:00,1.3686243,1,0
2011-12-03 13:00:00,1.5285703,1,0
2011-12-03 14:00:00,1.5936747,1,0
2011-12-03 15:00:00,1.6068989,1,0
2011-12-03 16:00:00,1.5258025,1,0
2011-12-03 17:00:00,1.3533441,1,0
2011-12-03 18:00:00,1.0575745,1,0
2011-12-03 19:00:00,0.7018846,1,0
2011-12-03 20:00:00,0.3639185,1,0
2011-12-03 21:00:00,0.14162256,1,0
2011-12-03 22:00:00,-0.021211533,1,0
2011-12-03 23:00:00,-0.10077964,1,0
2011-12-04 00:00:00,-0.1356752,1,0
2011-12-04 01:00:00,-0.19551325,1,0
2011-12-04 02:00:00,-0.30171886,1,0
2011-12-04 03:00:00,-0.41856003,1,0
2011-12-04 04:00:00,-0.5521122,1,0
2011-12-04 05:00:00,-0.7468908,1,0
2011-12-04 06:00:00,-0.89658666,1,0
2011-12-04 07:00:00,-0.92928934,1,0
2011-12-04 08:00:00,-0.7984426,1,0
2011-12-04 09:00:00,-0.54717636,1,0
2011-12-04 10:00:00,-0.24223718,1,0
2011-12-04 11:00:00,0.08749693,1,0
2011-12-04 12:00:00,0.3896813,1,0
2011-12-04 13:00:00,0.6420407,1,0
2011-12-04 14:00:00,0.84546065,1,0
2011-12-04 15:00:00,0.963281,1,0
2011-12-04 16:00:00,0.99021655,1,0
2011-12-04 17:00:00,0.9902112,1,0
2011-12-04 18:00:00,0.8865182,1,0
2011-12-04 19:00:00,0.71564436,1,0
2011-12-04 20:00:00,0.4875833,1,0
2011-12-04 21:00:00,0.3449521,1,0
2011-12-04 22:00:00,0.2504183,1,0
2011-12-04 23:00:00,0.10310064,1,0
2011-12-05 00:00:00,-0.1439496,0,0
2011-12-05 01:00:00,-0.3913785,0,0
2011-12-05 02:00:00,-0.54414254,0,0
2011-12-05 03:00:00,-0.66560245,0,0
2011-12-05 04:00:00,-0.7795624,0,0
2011-12-05 05:00:00,-0.9001841,0,0
2011-12-05 06:00:00,-0.9731907,0,0
2011-12-05 07:00:00,-0.87481564,0,0
2011-12-05 08:00:00,-0.60857344,0,0
2011-12-05 09:00:00,-0.25511524,0,0
2011-12-05 10:00:00,0.14378405,0,0
2011-12-05 11:00:00,0.58315706,0,0
2011-12-05 12:00:00,0.9501946,0,0
2011-12-05 13:00:00,1.3182503,0,0
2011-12-05 14:00:00,1.5758327,0,0
2011-12-05 15:00:00,1.7030828,0,0
2011-12-05 16:00:00,1.7299706,0,0
2011-12-05 17:00:00,1.6668574,0,0
2011-12-05 18:00:00,1.5455794,0,0
2011-12-05 19:00:00,1.3662418,0,0
2011-12-05 20:00:00,1.0851083,0,0
2011-12-05 21:00:00,0.84161294,0,0
2011-12-05 22:00:00,0.6703361,0,0
2011-12-05 23:00:00,0.54524654,0,0
2011-12-06 00:00:00,0.4293168,0,0
2011-12-06 01:00:00,0.34753367,0,0
2011-12-06 02:00:00,0.23560001,0,0
2011-12-06 03:00:00,0.10843921,0,0
2011-12-06 04:00:00,-0.026449632,0,0
2011-12-06 05:00:00,-0.20893736,0,0
2011-12-06 06:00:00,-0.32971314,0,0
2011-12-06 07:00:00,-0.11223609,0,0
2011-12-06 08:00:00,0.27091736,0,0
2011-12-06 09:00:00,0.66639227,0,0
2011-12-06 10:00:00,0.9999134,0,0
2011-12-06 11:00:00,1.3240491,0,0
2011-12-06 12:00:00,1.7530875,0,0
2011-12-06 13:00:00,2.1564527,0,0
2011-12-06 14:00:00,2.3316731,0,0
2011-12-06 15:00:00,2.3801043,0,0
2011-12-06 16:00:00,2.3350239,0,0
2011-12-06 17:00:00,2.188438,0,0
2011-12-06 18:00:00,1.998155,0,0
2011-12-06 19:00:00,1.7224143,0,0
2011-12-06 20:00:00,1.3524247,0,0
2011-12-06 21:00:00,1.0599697,0,0
2011-12-06 22:00:00,0.8693237,0,0
2011-12-06 23:00:00,0.7500743,0,0
2011-12-07 00:00:00,0.6685962,0,0
2011-12-07 01:00:00,0.60295665,0,0
2011-12-07 02:00:00,0.53897697,0,0
2011-12-07 03:00:00,0.47097695,0,0
2011-12-07 04:00:00,0.4043825,0,0
2011-12-07 05:00:00,0.328405,0,0
2011-12-07 06:00:00,0.28910607,0,0
2011-12-07 07:00:00,0.64762986,0,0
2011-12-07 08:00:00,1.2578276,0,0
2011-12-07 09:00:00,1.6913795,0,0
2011-12-07 10:00:00,2.1105945,0,0
2011-12-07 11:00:00,2.4317951,0,0
2011-12-07 12:00:00,2.627033,0,0
2011-12-07 13:00:00,2.7783208,0,0
2011-12-07 14:00:00,2.8686466,0,0
2011-12-07 15:00:00,2.8686118,0,0
2011-12-07 16:00:00,2.8009799,0,0
2011-12-07 17:00:00,2.7009156,0,0
2011-12-07 18:00:00,2.5807686,0,0
2011-12-07 19:00:00,2.4617417,0,0
2011-12-07 20:00:00,2.1378841,0,0
2011-12-07 21:00:00,1.8519353,0,0
2011-12-07 22:00:00,1.6181984,0,0
2011-12-07 23:00:00,1.3990155,0,0
2011-12-08 00:00:00,1.2195646,0,0
2011-12-08 01:00:00,1.0768871,0,0
2011-12-08 02:00:00,0.9783104,0,0
2011-12-08 03:00:00,0.92704815,0,0
2011-12-08 04:00:00,0.9047106,0,0
2011-12-08 05:00:00,0.7964007,0,0
2011-12-08 06:00:00,0.78806925,0,0
2011-12-08 07:00:00,1.0698484,0,0
2011-12-08 08:00:00,1.3954599,0,0
2011-12-08 09:00:00,1.7888732,0,0
2011-12-08 10:00:00,2.0832324,0,0
2011-12-08 11:00:00,2.362394,0,0
2011-12-08 12:00:00,2.5703578,0,0
2011-12-08 13:00:00,2.686728,0,0
2011-12-08 14:00:00,2.7705786,0,0
2011-12-08 15:00:00,2.8000348,0,0
2011-12-08 16:00:00,2.7527928,0,0
2011-12-08 17:00:00,2.73114,0,0
2011-12-08 18:00:00,2.6866975,0,0
2011-12-08 19:00:00,2.5432303,0,0
2011-12-08 20:00:00,2.372172,0,0
2011-12-08 21:00:00,2.2525866,0,0
2011-12-08 22:00:00,2.1558497,0,0
2011-12-08 23:00:00,2.0846827,0,0
2011-12-09 00:00:00,1.9081376,0,0
2011-12-09 01:00:00,1.8183107,0,0
2011-12-09 02:00:00,1.7522227,0,0
2011-12-09 03:00:00,1.7232124,0,0
2011-12-09 04:00:00,1.6501794,0,0
2011-12-09 05:00:00,1.5913734,0,0
2011-12-09 06:00:00,1.5644335,0,0
2011-12-09 07:00:00,1.6375481,0,0
2011-12-09 08:00:00,1.7392428,0,0
2011-12-09 09:00:00,1.7716616,0,0
2011-12-09 10:00:00,1.7448399,0,0
2011-12-09 11:00:00,1.8460634,0,0
2011-12-09 12:00:00,1.8985132,0,0
2011-12-09 13:00:00,1.8166821,0,0
2011-12-09 14:00:00,1.9099808,0,0
2011-12-09 15:00:00,1.9878261,0,0
2011-12-09 16:00:00,2.131451,0,0
2011-12-09 17:00:00,2.258049,0,0
2011-12-09 18:00:00,2.1199832,0,0
2011-12-09 19:00:00,2.0493407,0,0
2011-12-09 20:00:00,1.9429498,0,0
2011-12-09 21:00:00,1.8755758,0,0
2011-12-09 22:00:00,1.7952101,0,0
2011-12-09 23:00:00,1.7080884,0,0
2011-12-10 00:00:00,1.668121,1,0
2011-12-10 01:00:00,1.5874543,1,0
2011-12-10 02:00:00,1.5079271,1,0
2011-12-10 03:00:00,1.4361541,1,0
2011-12-10 04:00:00,1.3605839,1,0
2011-12-10 05:00:00,1.462356,1,0
2011-12-10 06:00:00,1.490306,1,0
2011-12-10 07:00:00,1.6272757,1,0
2011-12-10 08:00:00,1.84606,1,0
2011-12-10 09:00:00,2.07525,1,0
2011-12-10 10:00:00,2.1765444,1,0
2011-12-10 11:00:00,2.311454,1,0
2011-12-10 12:00:00,2.3892457,1,0
2011-12-10 13:00:00,2.390155,1,0
2011-12-10 14:00:00,2.362174,1,0
2011-12-10 15:00:00,2.2616456,1,0
2011-12-10 16:00:00,2.2249312,1,0
2011-12-10 17:00:00,2.0593154,1,0
2011-12-10 18:00:00,1.8603165,1,0
2011-12-10 19:00:00,1.5837076,1,0
2011-12-10 20:00:00,1.2752811,1,0
2011-12-10 21:00:00,0.9984803,1,0
2011-12-10 22:00:00,0.74330705,1,0
2011-12-10 23:00:00,0.59068656,1,0
2011-12-11 00:00:00,0.46031654,1,0
2011-12-11 01:00:00,0.35708213,1,0
2011-12-11 02:00:00,0.23810385,1,0
2011-12-11 03:00:00,0.10825464,1,0
2011-12-11 04:00:00,-0.0039677145,1,0
2011-12-11 05:00:00,-0.085540086,1,0
2011-12-11 06:00:00,-0.11362377,1,0
2011-12-11 07:00:00,-0.05406475,1,0
2011-12-11 08:00:00,0.05243725,1,0
2011-12-11 09:00:00,0.2802872,1,0
2011-12-11 10:00:00,0.5153054,1,0
2011-12-11 11:00:00,0.8230823,1,0
2011-12-11 12:00:00,1.0433743,1,0
2011-12-11 13:00:00,1.324757,1,0
2011-12-11 14:00:00,1.4718157,1,0
2011-12-11 15:00:00,1.4798806,1,0
2011-12-11 16:00:00,1.4283895,1,0
2011-12-11 17:00:00,1.2930527,1,0
2011-12-11 18:00:00,1.1119263,1,0
2011-12-11 19:00:00,0.8838877,1,0
2011-12-11 20:00:00,0.6797471,1,0
2011-12-11 21:00:00,0.50517714,1,0
2011-12-11 22:00:00,0.3683908,1,0
2011-12-11 23:00:00,0.2627916,1,0
2011-12-12 00:00:00,0.17913732,0,0
2011-12-12 01:00:00,0.087239146,0,0
2011-12-12 02:00:00,0.047858175,0,0
2011-12-12 03:00:00,0.013667778,0,0
2011-12-12 04:00:00,-0.018639427,0,0
2011-12-12 05:00:00,-0.054411948,0,0
2011-12-12 06:00:00,-0.09732357,0,0
2011-12-12 07:00:00,-0.0653225,0,0
2011-12-12 08:00:00,0.031648897,0,0
2011-12-12 09:00:00,0.22661725,0,0
2011-12-12 10:00:00,0.49405566,0,0
2011-12-12 11:00:00,0.55497426,0,0
2011-12-12 12:00:00,0.76409036,0,0
2011-12-12 13:00:00,0.91869223,0,0
2011-12-12 14:00:00,0.9448932,0,0
2011-12-12 15:00:00,1.0056741,0,0
2011-12-12 16:00:00,1.0975212,0,0
2011-12-12 17:00:00,1.04162,0,0
2011-12-12 18:00:00,0.9531348,0,0
2011-12-12 19:00:00,0.8368089,0,0
2011-12-12 20:00:00,0.7092169,0,0
2011-12-12 21:00:00,0.5862603,0,0
2011-12-12 22:00:00,0.47265238,0,0
2011-12-12 23:00:00,0.4252506,0,0
2011-12-13 00:00:00,0.363115,0,0
2011-12-13 01:00:00,0.26891962,0,0
2011-12-13 02:00:00,0.19046825,0,0
2011-12-13 03:00:00,0.10938981,0,0
2011-12-13 04:00:00,0.045938704,0,0
2011-12-13 05:00:00,0.03483257,0,0
2011-12-13 06:00:00,-0.012608369,0,0
2011-12-13 07:00:00,-0.024484918,0,0
2011-12-13 08:00:00,0.005657532,0,0
2011-12-13 09:00:00,0.07744352,0,0
2011-12-13 10:00:00,0.26890546,0,0
2011-12-13 11:00:00,0.5197638,0,0
2011-12-13 12:00:00,0.8275114,0,0
2011-12-13 13:00:00,1.0597868,0,0
2011-12-13 14:00:00,1.2484728,0,0
2011-12-13 15:00:00,1.3280444,0,0
2011-12-13 16:00:00,1.3049566,0,0
2011-12-13 17:00:00,1.1496314,0,0
2011-12-13 18:00:00,0.9484431,0,0
2011-12-13 19:00:00,0.66969234,0,0
2011-12-13 20:00:00,0.3531117,0,0
2011-12-13 21:00:00,0.13349798,0,0
2011-12-13 22:00:00,-0.019471088,0,0
2011-12-13 23:00:00,-0.14331253,0,0
2011-12-14 00:00:00,-0.22593398,0,0
2011-12-14 01:00:00,-0.28067595,0,0
2011-12-14 02:00:00,-0.32905683,0,0
2011-12-14 03:00:00,-0.4153259,0,0
2011-12-14 04:00:00,-0.54237616,0,0
2011-12-14 05:00:00,-0.7219004,0,0
2011-12-14 06:00:00,-0.83904684,0,0
2011-12-14 07:00:00,-0.77295476,0,0
2011-12-14 08:00:00,-0.48957515,0,0
2011-12-14 09:00:00,-0.111479424,0,0
2011-12-14 10:00:00,0.2738912,0,0
2011-12-14 11:00:00,0.6349535,0,0
2011-12-14 12:00:00,0.95067877,0,0
2011-12-14 13:00:00,1.2593156,0,0
2011-12-14 14:00:00,1.4926746,0,0
2011-12-14 15:00:00,1.5697049,0,0
2011-12-14 16:00:00,1.5889863,0,0
2011-12-14 17:00:00,1.5519248,0,0
2011-12-14 18:00:00,1.3864214,0,0
2011-12-14 19:00:00,1.1466099,0,0
2011-12-14 20:00:00,0.846335,0,0
2011-12-14 21:00:00,0.63855124,0,0
2011-12-14 22:00:00,0.520441,0,0
2011-12-14 23:00:00,0.45484802,0,0
2011-12-15 00:00:00,0.38039285,0,0
2011-12-15 01:00:00,0.31467116,0,0
2011-12-15 02:00:00,0.25910744,0,0
2011-12-15 03:00:00,0.21764019,0,0
2011-12-15 04:00:00,0.1930872,0,0
2011-12-15 05:00:00,0.18221892,0,0
2011-12-15 06:00:00,0.1557127,0,0
2011-12-15 07:00:00,0.25944626,0,0
2011-12-15 08:00:00,0.3921203,0,0
2011-12-15 09:00:00,0.68034416,0,0
2011-12-15 10:00:00,1.0382079,0,0
2011-12-15 11:00:00,1.3517059,0,0
2011-12-15 12:00:00,1.6765034,0,0
2011-12-15 13:00:00,2.0768588,0,0
2011-12-15 14:00:00,2.3013482,0,0
2011-12-15 15:00:00,2.3952389,0,0
2011-12-15 16:00:00,2.406885,0,0
2011-12-15 17:00:00,2.3859792,0,0
2011-12-15 18:00:00,2.2555966,0,0
2011-12-15 19:00:00,2.0208771,0,0
2011-12-15 20:00:00,1.6535968,0,0
2011-12-15 21:00:00,1.3355839,0,0
2011-12-15 22:00:00,1.1362818,0,0
2011-12-15 23:00:00,1.0320327,0,0
2011-12-16 00:00:00,0.974938,0,0
2011-12-16 01:00:00,0.9252144,0,0
2011-12-16 02:00:00,0.8567836,0,0
2011-12-16 03:00:00,0.77024823,0,0
2011-12-16 04:00:00,0.669801,0,0
2011-12-16 05:00:00,0.5265125,0,0
2011-12-16 06:00:00,0.45978487,0,0
2011-12-16 07:00:00,0.70294863,0,0
2011-12-16 08:00:00,1.0930182,0,0
2011-12-16 09:00:00,1.5481378,0,0
2011-12-16 10:00:00,1.9444468,0,0
2011-12-16 11:00:00,2.1186697,0,0
2011-12-16 12:00:00,2.2580197,0,0
2011-12-16 13:00:00,2.4998908,0,0
2011-12-16 14:00:00,2.8041277,0,0
2011-12-16 15:00:00,2.9802473,0,0
2011-12-16 16:00:00,3.008846,0,0
2011-12-16 17:00:00,2.8698547,0,0
2011-12-16 18:00:00,2.7261932,0,0
2011-12-16 19:00:00,2.6025593,0,0
2011-12-16 20:00:00,2.3926194,0,0
2011-12-16 21:00:00,2.1972456,0,0
2011-12-16 22:00:00,2.0604322,0,0
2011-12-16 23:00:00,1.9590764,0,0
2011-12-17 00:00:00,1.8827189,1,0
2011-12-17 01:00:00,1.817247,1,0
2011-12-17 02:00:00,1.7802222,1,0
2011-12-17 03:00:00,1.7431297,1,0
2011-12-17 04:00:00,1.7225375,1,0
2011-12-17 05:00:00,1.5792899,1,0
2011-12-17 06:00:00,1.5566323,1,0
2011-12-17 07:00:00,1.7673652,1,0
2011-12-17 08:00:00,2.0624928,1,0
2011-12-17 09:00:00,2.3548787,1,0
2011-12-17 10:00:00,2.5589576,1,0
2011-12-17 11:00:00,2.4085724,1,0
2011-12-17 12:00:00,2.3028212,1,0
2011-12-17 13:00:00,2.389902,1,0
2011-12-17 14:00:00,2.5245328,1,0
2011-12-17 15:00:00,2.6021755,1,0
2011-12-17 16:00:00,2.6548526,1,0
2011-12-17 17:00:00,2.7553291,1,0
2011-12-17 18:00:00,2.578124,1,0
2011-12-17 19:00:00,2.4600532,1,0
2011-12-17 20:00:00,2.3917942,1,0
2011-12-17 21:00:00,2.3353224,1,0
2011-12-17 22:00:00,2.2838345,1,0
2011-12-17 23:00:00,2.188512,1,0
2011-12-18 00:00:00,2.0449083,1,0
2011-12-18 01:00:00,2.0238981,1,0
2011-12-18 02:00:00,2.0300117,1,0
2011-12-18 03:00:00,1.9881735,1,0
2011-12-18 04:00:00,1.8537173,1,0
2011-12-18 05:00:00,1.5859371,1,0
2011-12-18 06:00:00,1.4490775,1,0
2011-12-18 07:00:00,1.4403589,1,0
2011-12-18 08:00:00,1.4535849,1,0
2011-12-18 09:00:00,1.5498078,1,0
2011-12-18 10:00:00,1.6416787,1,0
2011-12-18 11:00:00,1.6853966,1,0
2011-12-18 12:00:00,1.7034665,1,0
2011-12-18 13:00:00,1.7484835,1,0
2011-12-18 14:00:00,1.8853354,1,0
2011-12-18 15:00:00,1.9130675,1,0
2011-12-18 16:00:00,1.8741035,1,0
2011-12-18 17:00:00,1.7585276,1,0
2011-12-18 18:00:00,1.6078101,1,0
2011-12-18 19:00:00,1.4830773,1,0
2011-12-18 20:00:00,1.3253682,1,0
2011-12-18 21:00:00,1.2112706,1,0
2011-12-18 22:00:00,1.1051939,1,0
2011-12-18 23:00:00,1.0149554,1,0
2011-12-19 00:00:00,0.9412053,0,0
2011-12-19 01:00:00,0.88699627,0,0
2011-12-19 02:00:00,0.85520965,0,0
2011-12-19 03:00:00,0.8144353,0,0
2011-12-19 04:00:00,0.76782036,0,0
2011-12-19 05:00:00,0.7014103,0,0
2011-12-19 06:00:00,0.69574916,0,0
2011-12-19 07:00:00,0.78719115,0,0
2011-12-19 08:00:00,0.87316626,0,0
2011-12-19 09:00:00,1.048429,0,0
2011-12-19 10:00:00,1.1959575,0,0
2011-12-19 11:00:00,1.3552729,0,0
2011-12-19 12:00:00,1.5183543,0,0
2011-12-19 13:00:00,1.6693002,0,0
2011-12-19 14:00:00,1.7596139,0,0
2011-12-19 15:00:00,1.8247838,0,0
2011-12-19 16:00:00,1.795284,0,0
2011-12-19 17:00:00,1.7165418,0,0
2011-12-19 18:00:00,1.5939615,0,0
2011-12-19 19:00:00,1.457496,0,0
2011-12-19 20:00:00,1.2649356,0,0
2011-12-19 21:00:00,1.0454205,0,0
2011-12-19 22:00:00,0.85356194,0,0
2011-12-19 23:00:00,0.69607276,0,0
2011-12-20 00:00:00,0.5538382,0,0
2011-12-20 01:00:00,0.43328193,0,0
2011-12-20 02:00:00,0.31528938,0,0
2011-12-20 03:00:00,0.22391203,0,0
2011-12-20 04:00:00,0.16764773,0,0
2011-12-20 05:00:00,0.098853,0,0
2011-12-20 06:00:00,0.058332782,0,0
2011-12-20 07:00:00,0.17827983,0,0
2011-12-20 08:00:00,0.37233046,0,0
2011-12-20 09:00:00,0.5171913,0,0
2011-12-20 10:00:00,0.7630635,0,0
2011-12-20 11:00:00,0.9004053,0,0
2011-12-20 12:00:00,1.0748273,0,0
2011-12-20 13:00:00,1.2429929,0,0
2011-12-20 14:00:00,1.6073517,0,0
2011-12-20 15:00:00,1.7920085,0,0
2011-12-20 16:00:00,1.848264,0,0
2011-12-20 17:00:00,1.6606224,0,0
2011-12-20 18:00:00,1.6234797,0,0
2011-12-20 19:00:00,1.5514903,0,0
2011-12-20 20:00:00,1.352707,0,0
2011-12-20 21:00:00,1.1649195,0,0
2011-12-20 22:00:00,0.99719435,0,0
2011-12-20 23:00:00,0.8713385,0,0
2011-12-21 00:00:00,0.7689811,0,0
2011-12-21 01:00:00,0.68122905,0,0
2011-12-21 02:00:00,0.6103598,0,0
2011-12-21 03:00:00,0.55993575,0,0
2011-12-21 04:00:00,0.50637627,0,0
2011-12-21 05:00:00,0.4211011,0,0
2011-12-21 06:00:00,0.34786722,0,0
2011-12-21 07:00:00,0.5224642,0,0
2011-12-21 08:00:00,0.79882914,0,0
2011-12-21 09:00:00,1.1770391,0,0
2011-12-21 10:00:00,1.5516874,0,0
2011-12-21 11:00:00,1.8667691,0,0
2011-12-21 12:00:00,2.1235685,0,0
2011-12-21 13:00:00,2.3795972,0,0
2011-12-21 14:00:00,2.6176894,0,0
2011-12-21 15:00:00,2.7332592,0,0
2011-12-21 16:00:00,2.7579563,0,0
2011-12-21 17:00:00,2.6767955,0,0
2011-12-21 18:00:00,2.5148635,0,0
2011-12-21 19:00:00,2.254384,0,0
2011-12-21 20:00:00,1.850218,0,0
2011-12-21 21:00:00,1.5133343,0,0
2011-12-21 22:00:00,1.250411,0,0
2011-12-21 23:00:00,1.0459396,0,0
2011-12-22 00:00:00,0.90509826,0,0
2011-12-22 01:00:00,0.7970606,0,0
2011-12-22 02:00:00,0.7158924,0,0
2011-12-22 03:00:00,0.6601057,0,0
2011-12-22 04:00:00,0.60292536,0,0
2011-12-22 05:00:00,0.51254624,0,0
2011-12-22 06:00:00,0.48009807,0,0
2011-12-22 07:00:00,0.77119887,0,0
2011-12-22 08:00:00,1.1765574,0,0
2011-12-22 09:00:00,1.5203984,0,0
2011-12-22 10:00:00,1.8686056,0,0
2011-12-22 11:00:00,2.1911504,0,0
2011-12-22 12:00:00,2.476612,0,0
2011-12-22 13:00:00,2.6413567,0,0
2011-12-22 14:00:00,2.724135,0,0
2011-12-22 15:00:00,2.719869,0,0
2011-12-22 16:00:00,2.647153,0,0
2011-12-22 17:00:00,2.5959027,0,0
2011-12-22 18:00:00,2.5369725,0,0
2011-12-22 19:00:00,2.4823089,0,0
2011-12-22 20:00:00,2.2194445,0,0
2011-12-22 21:00:00,1.9477298,0,0
2011-12-22 22:00:00,1.7059808,0,0
2011-12-22 23:00:00,1.5028248,0,0
2011-12-23 00:00:00,1.3113927,0,0
2011-12-23 01:00:00,1.1335672,0,0
2011-12-23 02:00:00,0.9788139,0,0
2011-12-23 03:00:00,0.8351857,0,0
2011-12-23 04:00:00,0.68736506,0,0
2011-12-23 05:00:00,0.65076315,0,0
2011-12-23 06:00:00,0.5863371,0,0
2011-12-23 07:00:00,0.9742,0,0
2011-12-23 08:00:00,1.3302013,0,0
2011-12-23 09:00:00,1.6024776,0,0
2011-12-23 10:00:00,1.9914707,0,0
2011-12-23 11:00:00,2.3370318,0,0
2011-12-23 12:00:00,2.5823498,0,0
2011-12-23 13:00:00,2.7622712,0,0
2011-12-23 14:00:00,2.8767135,0,0
2011-12-23 15:00:00,2.9380553,0,0
2011-12-23 16:00:00,2.9280658,0,0
2011-12-23 17:00:00,2.9266627,0,0
2011-12-23 18:00:00,2.8573675,0,0
2011-12-23 19:00:00,2.6828027,0,0
2011-12-23 20:00:00,2.339076,0,0
2011-12-23 21:00:00,2.009176,0,0
2011-12-23 22:00:00,1.7110618,0,0
2011-12-23 23:00:00,1.4705609,0,0
2011-12-24 00:00:00,1.2984813,1,0
2011-12-24 01:00:00,1.1695869,1,0
2011-12-24 02:00:00,1.0609777,1,0
2011-12-24 03:00:00,0.9765164,1,0
2011-12-24 04:00:00,0.9410927,1,0
2011-12-24 05:00:00,0.94776595,1,0
2011-12-24 06:00:00,0.99441504,1,0
2011-12-24 07:00:00,1.3608268,1,0
2011-12-24 08:00:00,2.0155988,1,0
2011-12-24 09:00:00,2.5004907,1,0
2011-12-24 10:00:00,2.8193066,1,0
2011-12-24 11:00:00,3.1101623,1,0
2011-12-24 12:00:00,3.3439887,1,0
2011-12-24 13:00:00,3.4835138,1,0
2011-12-24 14:00:00,3.5801423,1,0
2011-12-24 15:00:00,3.6446395,1,0
2011-12-24 16:00:00,3.6964557,1,0
2011-12-24 17:00:00,3.6983247,1,0
2011-12-24 18:00:00,3.5994036,1,0
2011-12-24 19:00:00,3.5269263,1,0
2011-12-24 20:00:00,3.3679724,1,0
2011-12-24 21:00:00,3.1435797,1,0
2011-12-24 22:00:00,2.8684287,1,0
2011-12-24 23:00:00,2.6291614,1,0
2011-12-25 00:00:00,2.4889548,1,1
2011-12-25 01:00:00,2.3573413,1,1
2011-12-25 02:00:00,2.2711318,1,1
2011-12-25 03:00:00,2.1461678,1,1
2011-12-25 04:00:00,2.0189989,1,1
2011-12-25 05:00:00,1.7655123,1,1
2011-12-25 06:00:00,1.8139591,1,1
2011-12-25 07:00:00,2.0135756,1,1
2011-12-25 08:00:00,2.395002,1,1
2011-12-25 09:00:00,2.6967158,1,1
2011-12-25 10:00:00,3.02645,1,1
2011-12-25 11:00:00,3.2394938,1,1
2011-12-25 12:00:00,3.4295387,1,1
2011-12-25 13:00:00,3.53241,1,1
2011-12-25 14:00:00,3.527431,1,1
2011-12-25 15:00:00,3.501161,1,1
2011-12-25 16:00:00,3.415085,1,1
2011-12-25 17:00:00,3.1557713,1,1
2011-12-25 18:00:00,2.993463,1,1
2011-12-25 19:00:00,2.709836,1,1
2011-12-25 20:00:00,2.3690052,1,1
2011-12-25 21:00:00,2.0883172,1,1
2011-12-25 22:00:00,1.8895797,1,1
2011-12-25 23:00:00,1.7293566,1,1
2011-12-26 00:00:00,1.6176,0,1
2011-12-26 01:00:00,1.4854289,0,1
2011-12-26 02:00:00,1.3727995,0,1
2011-12-26 03:00:00,1.2867849,0,1
2011-12-26 04:00:00,1.1875898,0,1
2011-12-26 05:00:00,1.1583548,0,1
2011-12-26 06:00:00,1.0709467,0,1
2011-12-26 07:00:00,0.97468406,0,1
2011-12-26 08:00:00,0.87072223,0,1
2011-12-26 09:00:00,0.90029734,0,1
2011-12-26 10:00:00,0.9980249,0,1
2011-12-26 11:00:00,1.2629266,0,1
2011-12-26 12:00:00,1.5145509,0,1
2011-12-26 13:00:00,1.7164797,0,1
2011-12-26 14:00:00,1.8445013,0,1
2011-12-26 15:00:00,1.8741506,0,1
2011-12-26 16:00:00,1.8284994,0,1
2011-12-26 17:00:00,1.6915807,0,1
2011-12-26 18:00:00,1.5227497,0,1
2011-12-26 19:00:00,1.3070067,0,1
2011-12-26 20:00:00,1.0868045,0,1
2011-12-26 21:00:00,0.94921887,0,1
2011-12-26 22:00:00,0.85965693,0,1
2011-12-26 23:00:00,0.8207921,0,1
2011-12-27 00:00:00,0.78763884,0,1
2011-12-27 01:00:00,0.7584548,0,1
2011-12-27 02:00:00,0.75260925,0,1
2011-12-27 03:00:00,0.761604,0,1
2011-12-27 04:00:00,0.7387933,0,1
2011-12-27 05:00:00,0.68872553,0,1
2011-12-27 06:00:00,0.6972429,0,1
2011-12-27 07:00:00,0.76283044,0,1
2011-12-27 08:00:00,0.8727036,0,1
2011-12-27 09:00:00,1.0219378,0,1
2011-12-27 10:00:00,1.2220147,0,1
2011-12-27 11:00:00,1.4377269,0,1
2011-12-27 12:00:00,1.6456722,0,1
2011-12-27 13:00:00,1.845992,0,1
2011-12-27 14:00:00,1.976895,0,1
2011-12-27 15:00:00,1.949869,0,1
2011-12-27 16:00:00,1.9687762,0,1
2011-12-27 17:00:00,1.7676433,0,1
2011-12-27 18:00:00,1.647721,0,1
2011-12-27 19:00:00,1.4352319,0,1
2011-12-27 20:00:00,1.2020626,0,1
2011-12-27 21:00:00,1.0125989,0,1
2011-12-27 22:00:00,0.86774486,0,1
2011-12-27 23:00:00,0.78479135,0,1
2011-12-28 00:00:00,0.7269962,0,0
2011-12-28 01:00:00,0.66972166,0,0
2011-12-28 02:00:00,0.62118065,0,0
2011-12-28 03:00:00,0.5726396,0,0
2011-12-28 04:00:00,0.52650255,0,0
2011-12-28 05:00:00,0.43604103,0,0
2011-12-28 06:00:00,0.39360657,0,0
2011-12-28 07:00:00,0.52783877,0,0
2011-12-28 08:00:00,0.75165194,0,0
2011-12-28 09:00:00,0.9941968,0,0
2011-12-28 10:00:00,1.2923096,0,0
2011-12-28 11:00:00,1.5664463,0,0
2011-12-28 12:00:00,1.8565195,0,0
2011-12-28 13:00:00,2.0918438,0,0
2011-12-28 14:00:00,2.2811096,0,0
2011-12-28 15:00:00,2.3575454,0,0
2011-12-28 16:00:00,2.3162277,0,0
2011-12-28 17:00:00,2.2257392,0,0
2011-12-28 18:00:00,1.9812225,0,0
2011-12-28 19:00:00,1.6621022,0,0
2011-12-28 20:00:00,1.3105968,0,0
2011-12-28 21:00:00,1.0595891,0,0
2011-12-28 22:00:00,0.8851959,0,0
2011-12-28 23:00:00,0.7255918,0,0
2011-12-29 00:00:00,0.603015,0,0
2011-12-29 01:00:00,0.50822353,0,0
2011-12-29 02:00:00,0.43066368,0,0
2011-12-29 03:00:00,0.3588155,0,0
2011-12-29 04:00:00,0.3001474,0,0
2011-12-29 05:00:00,0.20218603,0,0
2011-12-29 06:00:00,0.11617134,0,0
2011-12-29 07:00:00,0.2629368,0,0
2011-12-29 08:00:00,0.47287637,0,0
2011-12-29 09:00:00,0.76723355,0,0
2011-12-29 10:00:00,1.058053,0,0
2011-12-29 11:00:00,1.3457536,0,0
2011-12-29 12:00:00,1.6137381,0,0
2011-12-29 13:00:00,1.9065013,0,0
2011-12-29 14:00:00,2.1483738,0,0
2011-12-29 15:00:00,2.3117864,0,0
2011-12-29 16:00:00,2.3525212,0,0
2011-12-29 17:00:00,2.3224063,0,0
2011-12-29 18:00:00,2.1417935,0,0
2011-12-29 19:00:00,1.8668132,0,0
2011-12-29 20:00:00,1.5000535,0,0
2011-12-29 21:00:00,1.2021415,0,0
2011-12-29 22:00:00,1.0369589,0,0
2011-12-29 23:00:00,0.97737074,0,0
2011-12-30 00:00:00,0.9526723,0,0
2011-12-30 01:00:00,0.9444741,0,0
2011-12-30 02:00:00,0.9360526,0,0
2011-12-30 03:00:00,0.9247501,0,0
2011-12-30 04:00:00,0.9039821,0,0
2011-12-30 05:00:00,0.8573553,0,0
2011-12-30 06:00:00,0.8306653,0,0
2011-12-30 07:00:00,1.0754768,0,0
2011-12-30 08:00:00,1.519746,0,0
2011-12-30 09:00:00,1.9559346,0,0
2011-12-30 10:00:00,2.3706145,0,0
2011-12-30 11:00:00,2.712705,0,0
2011-12-30 12:00:00,3.0643566,0,0
2011-12-30 13:00:00,3.3885465,0,0
2011-12-30 14:00:00,3.5779698,0,0
2011-12-30 15:00:00,3.6809897,0,0
2011-12-30 16:00:00,3.6904037,0,0
2011-12-30 17:00:00,3.588072,0,0
2011-12-30 18:00:00,3.451351,0,0
2011-12-30 19:00:00,3.25264,0,0
2011-12-30 20:00:00,2.925819,0,0
2011-12-30 21:00:00,2.6053362,0,0
2011-12-30 22:00:00,2.3723433,0,0
2011-12-30 23:00:00,2.1903965,0,0
2011-12-31 00:00:00,2.0308087,1,0
2011-12-31 01:00:00,1.9076456,1,0
2011-12-31 02:00:00,1.7756977,1,0
2011-12-31 03:00:00,1.6651742,1,0
2011-12-31 04:00:00,1.5654584,1,0
2011-12-31 05:00:00,1.5252063,1,0
2011-12-31 06:00:00,1.4997598,1,0
2011-12-31 07:00:00,1.7334417,1,0
2011-12-31 08:00:00,2.211082,1,0
2011-12-31 09:00:00,2.6353793,1,0
2011-12-31 10:00:00,2.968925,1,0
2011-12-31 11:00:00,3.19752,1,0
2011-12-31 12:00:00,3.5347552,1,0
2011-12-31 13:00:00,3.846466,1,0
2011-12-31 14:00:00,4.061137,1,0
2011-12-31 15:00:00,4.154985,1,0
2011-12-31 16:00:00,4.1260605,1,0
2011-12-31 17:00:00,3.9995215,1,0
2011-12-31 18:00:00,3.7777462,1,0
2011-12-31 19:00:00,3.467976,1,0
2011-12-31 20:00:00,3.0907369,1,0
2011-12-31 21:00:00,2.765318,1,0
2011-12-31 22:00:00,2.5226872,1,0
2011-12-31 23:00:00,2.3617408,1,0
2012-01-01 00:00:00,2.2610657,1,1
2012-01-01 01:00:00,2.1979077,1,1
2012-01-01 02:00:00,2.1602254,1,1
2012-01-01 03:00:00,2.1003094,1,1
2012-01-01 04:00:00,2.0280347,1,1
2012-01-01 05:00:00,1.9523909,1,1
2012-01-01 06:00:00,1.9279034,1,1
2012-01-01 07:00:00,2.195994,1,1
2012-01-01 08:00:00,2.6736221,1,1
2012-01-01 09:00:00,3.1653693,1,1
2012-01-01 10:00:00,3.5604854,1,1
2012-01-01 11:00:00,3.8352246,1,1
2012-01-01 12:00:00,4.1231275,1,1
2012-01-01 13:00:00,4.3453197,1,1
2012-01-01 14:00:00,4.493766,1,1
2012-01-01 15:00:00,4.571658,1,1
2012-01-01 16:00:00,4.5354486,1,1
2012-01-01 17:00:00,4.500893,1,1
2012-01-01 18:00:00,4.2976093,1,1
2012-01-01 19:00:00,4.0853963,1,1
2012-01-01 20:00:00,3.8199425,1,1
2012-01-01 21:00:00,3.632362,1,1
2012-01-01 22:00:00,3.4230294,1,1
2012-01-01 23:00:00,3.2380292,1,1
2012-01-02 00:00:00,3.0623546,0,1
2012-01-02 01:00:00,2.8993363,0,1
2012-01-02 02:00:00,2.8016105,0,1
2012-01-02 03:00:00,2.7635446,0,1
2012-01-02 04:00:00,2.7351289,0,1
2012-01-02 05:00:00,2.6697948,0,1
2012-01-02 06:00:00,2.6585164,0,1
2012-01-02 07:00:00,2.8687718,0,1
2012-01-02 08:00:00,3.2743356,0,1
2012-01-02 09:00:00,3.6746328,0,1
2012-01-02 10:00:00,4.0371704,0,1
2012-01-02 11:00:00,4.3234553,0,1
2012-01-02 12:00:00,4.564362,0,1
2012-01-02 13:00:00,4.7293305,0,1
2012-01-02 14:00:00,4.831723,0,1
2012-01-02 15:00:00,4.7919507,0,1
2012-01-02 16:00:00,4.6979017,0,1
2012-01-02 17:00:00,4.366347,0,1
2012-01-02 18:00:00,4.1681094,0,1
2012-01-02 19:00:00,4.0178022,0,1
2012-01-02 20:00:00,3.8141043,0,1
2012-01-02 21:00:00,3.5877223,0,1
2012-01-02 22:00:00,3.3739798,0,1
2012-01-02 23:00:00,3.2052546,0,1
2012-01-03 00:00:00,3.0701714,0,0
2012-01-03 01:00:00,2.9568489,0,0
2012-01-03 02:00:00,2.852592,0,0
2012-01-03 03:00:00,2.7883728,0,0
2012-01-03 04:00:00,2.7874515,0,0
2012-01-03 05:00:00,2.3836741,0,0
2012-01-03 06:00:00,2.368591,0,0
2012-01-03 07:00:00,2.5585926,0,0
2012-01-03 08:00:00,2.8597758,0,0
2012-01-03 09:00:00,3.3697248,0,0
2012-01-03 10:00:00,3.7567222,0,0
2012-01-03 11:00:00,4.0429683,0,0
2012-01-03 12:00:00,4.391497,0,0
2012-01-03 13:00:00,4.6314135,0,0
2012-01-03 14:00:00,4.714837,0,0
2012-01-03 15:00:00,4.710877,0,0
2012-01-03 16:00:00,4.643332,0,0
2012-01-03 17:00:00,4.392919,0,0
2012-01-03 18:00:00,4.1148524,0,0
2012-01-03 19:00:00,3.8822339,0,0
2012-01-03 20:00:00,3.650868,0,0
2012-01-03 21:00:00,3.4764311,0,0
2012-01-03 22:00:00,3.325298,0,0
2012-01-03 23:00:00,3.0968428,0,0
2012-01-04 00:00:00,2.8047066,0,0
2012-01-04 01:00:00,2.5658023,0,0
2012-01-04 02:00:00,2.3598745,0,0
2012-01-04 03:00:00,2.1455572,0,0
2012-01-04 04:00:00,1.9253172,0,0
2012-01-04 05:00:00,1.6472529,0,0
2012-01-04 06:00:00,1.4935755,0,0
2012-01-04 07:00:00,1.4530042,0,0
2012-01-04 08:00:00,1.5094243,0,0
2012-01-04 09:00:00,1.6257018,0,0
2012-01-04 10:00:00,1.8585746,0,0
2012-01-04 11:00:00,2.1117837,0,0
2012-01-04 12:00:00,2.3801506,0,0
2012-01-04 13:00:00,2.5675995,0,0
2012-01-04 14:00:00,2.6688468,0,0
2012-01-04 15:00:00,2.671881,0,0
2012-01-04 16:00:00,2.5817332,0,0
2012-01-04 17:00:00,2.4590588,0,0
2012-01-04 18:00:00,2.1748555,0,0
2012-01-04 19:00:00,1.8529509,0,0
2012-01-04 20:00:00,1.5752053,0,0
2012-01-04 21:00:00,1.4065967,0,0
2012-01-04 22:00:00,1.2967376,0,0
2012-01-04 23:00:00,1.2154194,0,0
2012-01-05 00:00:00,1.1548132,0,0
2012-01-05 01:00:00,1.101578,0,0
2012-01-05 02:00:00,1.0355698,0,0
2012-01-05 03:00:00,0.95564955,0,0
2012-01-05 04:00:00,0.8646987,0,0
2012-01-05 05:00:00,0.74103796,0,0
2012-01-05 06:00:00,0.6456403,0,0
2012-01-05 07:00:00,0.69845766,0,0
2012-01-05 08:00:00,0.92600465,0,0
2012-01-05 09:00:00,1.297654,0,0
2012-01-05 10:00:00,1.7064229,0,0
2012-01-05 11:00:00,2.091373,0,0
2012-01-05 12:00:00,2.4564848,0,0
2012-01-05 13:00:00,2.718416,0,0
2012-01-05 14:00:00,2.8499496,0,0
2012-01-05 15:00:00,2.8849814,0,0
2012-01-05 16:00:00,2.7788863,0,0
2012-01-05 17:00:00,2.4260318,0,0
2012-01-05 18:00:00,2.0269969,0,0
2012-01-05 19:00:00,1.558545,0,0
2012-01-05 20:00:00,1.154787,0,0
2012-01-05 21:00:00,0.9060869,0,0
2012-01-05 22:00:00,0.75666344,0,0
2012-01-05 23:00:00,0.64427936,0,0
2012-01-06 00:00:00,0.55903083,0,0
2012-01-06 01:00:00,0.47365344,0,0
2012-01-06 02:00:00,0.36018577,0,0
2012-01-06 03:00:00,0.21846732,0,0
2012-01-06 04:00:00,0.064484745,0,0
2012-01-06 05:00:00,-0.1000392,0,0
2012-01-06 06:00:00,-0.17829956,0,0
2012-01-06 07:00:00,-0.074573845,0,0
2012-01-06 08:00:00,0.18728697,0,0
2012-01-06 09:00:00,0.617888,0,0
2012-01-06 10:00:00,1.091526,0,0
2012-01-06 11:00:00,1.6338062,0,0
2012-01-06 12:00:00,2.1295326,0,0
2012-01-06 13:00:00,2.5981205,0,0
2012-01-06 14:00:00,2.9564953,0,0
2012-01-06 15:00:00,3.1900895,0,0
2012-01-06 16:00:00,3.3061366,0,0
2012-01-06 17:00:00,3.3613222,0,0
2012-01-06 18:00:00,3.2819645,0,0
2012-01-06 19:00:00,3.1432106,0,0
2012-01-06 20:00:00,2.9381247,0,0
2012-01-06 21:00:00,2.6575198,0,0
2012-01-06 22:00:00,2.4685578,0,0
2012-01-06 23:00:00,2.2981699,0,0
2012-01-07 00:00:00,2.1356926,1,0
2012-01-07 01:00:00,1.9633619,1,0
2012-01-07 02:00:00,1.8184379,1,0
2012-01-07 03:00:00,1.7526897,1,0
2012-01-07 04:00:00,1.7459211,1,0
2012-01-07 05:00:00,1.9567543,1,0
2012-01-07 06:00:00,2.0017593,1,0
2012-01-07 07:00:00,2.2568285,1,0
2012-01-07 08:00:00,2.5650032,1,0
2012-01-07 09:00:00,2.8442554,1,0
2012-01-07 10:00:00,3.1085029,1,0
2012-01-07 11:00:00,3.515064,1,0
2012-01-07 12:00:00,3.8402858,1,0
2012-01-07 13:00:00,3.7605524,1,0
2012-01-07 14:00:00,3.7715197,1,0
2012-01-07 15:00:00,3.7793434,1,0
2012-01-07 16:00:00,3.5572066,1,0
2012-01-07 17:00:00,3.5073776,1,0
2012-01-07 18:00:00,3.2422593,1,0
2012-01-07 19:00:00,3.0340085,1,0
2012-01-07 20:00:00,2.9289765,1,0
2012-01-07 21:00:00,2.8405268,1,0
2012-01-07 22:00:00,2.7570446,1,0
2012-01-07 23:00:00,2.6714253,1,0
2012-01-08 00:00:00,2.548,1,0
2012-01-08 01:00:00,2.3576682,1,0
2012-01-08 02:00:00,2.1207027,1,0
2012-01-08 03:00:00,1.9383484,1,0
2012-01-08 04:00:00,1.7712485,1,0
2012-01-08 05:00:00,1.6073619,1,0
2012-01-08 06:00:00,1.5250504,1,0
2012-01-08 07:00:00,1.4752324,1,0
2012-01-08 08:00:00,1.5041683,1,0
2012-01-08 09:00:00,1.615107,1,0
2012-01-08 10:00:00,1.5743899,1,0
2012-01-08 11:00:00,1.6033678,1,0
2012-01-08 12:00:00,1.4977947,1,0
2012-01-08 13:00:00,1.439122,1,0
2012-01-08 14:00:00,1.4332938,1,0
2012-01-08 15:00:00,1.3862461,1,0
2012-01-08 16:00:00,1.2833879,1,0
2012-01-08 17:00:00,1.2609999,1,0
2012-01-08 18:00:00,1.141947,1,0
2012-01-08 19:00:00,1.014638,1,0
2012-01-08 20:00:00,0.88121027,1,0
2012-01-08 21:00:00,0.7530162,1,0
2012-01-08 22:00:00,0.6441406,1,0
2012-01-08 23:00:00,0.57317716,1,0
2012-01-09 00:00:00,0.5234969,0,0
2012-01-09 01:00:00,0.44026905,0,0
2012-01-09 02:00:00,0.37938163,0,0
2012-01-09 03:00:00,0.3121645,0,0
2012-01-09 04:00:00,0.26480585,0,0
2012-01-09 05:00:00,0.24099703,0,0
2012-01-09 06:00:00,0.19833952,0,0
2012-01-09 07:00:00,0.24205986,0,0
2012-01-09 08:00:00,0.3257132,0,0
2012-01-09 09:00:00,0.4359038,0,0
2012-01-09 10:00:00,0.5541781,0,0
2012-01-09 11:00:00,0.7113321,0,0
2012-01-09 12:00:00,0.82587266,0,0
2012-01-09 13:00:00,0.84547704,0,0
2012-01-09 14:00:00,0.95180804,0,0
2012-01-09 15:00:00,1.018962,0,0
2012-01-09 16:00:00,1.0293121,0,0
2012-01-09 17:00:00,1.0049158,0,0
2012-01-09 18:00:00,0.9602385,0,0
2012-01-09 19:00:00,0.89958197,0,0
2012-01-09 20:00:00,0.84764653,0,0
2012-01-09 21:00:00,0.820964,0,0
2012-01-09 22:00:00,0.8296612,0,0
2012-01-09 23:00:00,0.790331,0,0
2012-01-10 00:00:00,0.7378331,0,0
2012-01-10 01:00:00,0.69218546,0,0
2012-01-10 02:00:00,0.7014153,0,0
2012-01-10 03:00:00,0.68866587,0,0
2012-01-10 04:00:00,0.6700597,0,0
2012-01-10 05:00:00,0.63017005,0,0
2012-01-10 06:00:00,0.57950395,0,0
2012-01-10 07:00:00,0.6034287,0,0
2012-01-10 08:00:00,0.620743,0,0
2012-01-10 09:00:00,0.6896867,0,0
2012-01-10 10:00:00,0.7597862,0,0
2012-01-10 11:00:00,0.79687876,0,0
2012-01-10 12:00:00,0.8953821,0,0
2012-01-10 13:00:00,0.8833116,0,0
2012-01-10 14:00:00,0.8600095,0,0
2012-01-10 15:00:00,0.9838631,0,0
2012-01-10 16:00:00,0.988131,0,0
2012-01-10 17:00:00,1.0521941,0,0
2012-01-10 18:00:00,0.9964426,0,0
2012-01-10 19:00:00,0.8854529,0,0
2012-01-10 20:00:00,0.7111061,0,0
2012-01-10 21:00:00,0.55839914,0,0
2012-01-10 22:00:00,0.4309568,0,0
2012-01-10 23:00:00,0.356858,0,0
2012-01-11 00:00:00,0.3349319,0,0
2012-01-11 01:00:00,0.31754714,0,0
2012-01-11 02:00:00,0.309322,0,0
2012-01-11 03:00:00,0.27718675,0,0
2012-01-11 04:00:00,0.28304607,0,0
2012-01-11 05:00:00,0.3199715,0,0
2012-01-11 06:00:00,0.23504241,0,0
2012-01-11 07:00:00,0.08502209,0,0
2012-01-11 08:00:00,0.0774199,0,0
2012-01-11 09:00:00,0.19410023,0,0
2012-01-11 10:00:00,0.34176442,0,0
2012-01-11 11:00:00,0.39373833,0,0
2012-01-11 12:00:00,0.5780279,0,0
2012-01-11 13:00:00,0.70880204,0,0
2012-01-11 14:00:00,0.7555545,0,0
2012-01-11 15:00:00,0.82678443,0,0
2012-01-11 16:00:00,0.8171279,0,0
2012-01-11 17:00:00,0.82451475,0,0
2012-01-11 18:00:00,0.70988935,0,0
2012-01-11 19:00:00,0.5101034,0,0
2012-01-11 20:00:00,0.30658987,0,0
2012-01-11 21:00:00,0.12602003,0,0
2012-01-11 22:00:00,-0.003821709,0,0
2012-01-11 23:00:00,-0.11953576,0,0
2012-01-12 00:00:00,-0.21012257,0,0
2012-01-12 01:00:00,-0.27423546,0,0
2012-01-12 02:00:00,-0.33760464,0,0
2012-01-12 03:00:00,-0.39643255,0,0
2012-01-12 04:00:00,-0.4590577,0,0
2012-01-12 05:00:00,-0.5038014,0,0
2012-01-12 06:00:00,-0.5753201,0,0
2012-01-12 07:00:00,-0.5285975,0,0
2012-01-12 08:00:00,-0.3790968,0,0
2012-01-12 09:00:00,-0.06308805,0,0
2012-01-12 10:00:00,0.27600488,0,0
2012-01-12 11:00:00,0.58171993,0,0
2012-01-12 12:00:00,0.91322845,0,0
2012-01-12 13:00:00,1.1723639,0,0
2012-01-12 14:00:00,1.4232557,0,0
2012-01-12 15:00:00,1.5673424,0,0
2012-01-12 16:00:00,1.611079,0,0
2012-01-12 17:00:00,1.5926325,0,0
2012-01-12 18:00:00,1.4371397,0,0
2012-01-12 19:00:00,1.1870246,0,0
2012-01-12 20:00:00,0.8671917,0,0
2012-01-12 21:00:00,0.6510698,0,0
2012-01-12 22:00:00,0.53422433,0,0
2012-01-12 23:00:00,0.4743427,0,0
2012-01-13 00:00:00,0.42741835,0,0
2012-01-13 01:00:00,0.39750275,0,0
2012-01-13 02:00:00,0.35581222,0,0
2012-01-13 03:00:00,0.31692076,0,0
2012-01-13 04:00:00,0.28439015,0,0
2012-01-13 05:00:00,0.32954308,0,0
2012-01-13 06:00:00,0.278877,0,0
2012-01-13 07:00:00,0.32408527,0,0
2012-01-13 08:00:00,0.5165268,0,0
2012-01-13 09:00:00,0.7088083,0,0
2012-01-13 10:00:00,0.95773417,0,0
2012-01-13 11:00:00,1.1911287,0,0
2012-01-13 12:00:00,1.4353942,0,0
2012-01-13 13:00:00,1.7570106,0,0
2012-01-13 14:00:00,1.9071815,0,0
2012-01-13 15:00:00,2.019729,0,0
2012-01-13 16:00:00,1.9926839,0,0
2012-01-13 17:00:00,1.7680691,0,0
2012-01-13 18:00:00,1.471728,0,0
2012-01-13 19:00:00,1.1765448,0,0
2012-01-13 20:00:00,0.92404497,0,0
2012-01-13 21:00:00,0.71733737,0,0
2012-01-13 22:00:00,0.56711644,0,0
2012-01-13 23:00:00,0.41619468,0,0
2012-01-14 00:00:00,0.30204636,1,0
2012-01-14 01:00:00,0.21262966,1,0
2012-01-14 02:00:00,0.13220084,1,0
2012-01-14 03:00:00,0.051122453,1,0
2012-01-14 04:00:00,-0.03933888,1,0
2012-01-14 05:00:00,-0.15377626,1,0
2012-01-14 06:00:00,-0.2281761,1,0
2012-01-14 07:00:00,-0.14267612,1,0
2012-01-14 08:00:00,0.10681151,1,0
2012-01-14 09:00:00,0.36317414,1,0
2012-01-14 10:00:00,0.6330001,1,0
2012-01-14 11:00:00,0.9476518,1,0
2012-01-14 12:00:00,1.2257658,1,0
2012-01-14 13:00:00,1.4700657,1,0
2012-01-14 14:00:00,1.6622003,1,0
2012-01-14 15:00:00,1.7411224,1,0
2012-01-14 16:00:00,1.7046943,1,0
2012-01-14 17:00:00,1.6297266,1,0
2012-01-14 18:00:00,1.46433,1,0
2012-01-14 19:00:00,1.2282871,1,0
2012-01-14 20:00:00,0.9869634,1,0
2012-01-14 21:00:00,0.8107069,1,0
2012-01-14 22:00:00,0.71147615,1,0
2012-01-14 23:00:00,0.6279388,1,0
2012-01-15 00:00:00,0.57004917,1,0
2012-01-15 01:00:00,0.5095448,1,0
2012-01-15 02:00:00,0.42104426,1,0
2012-01-15 03:00:00,0.3007501,1,0
2012-01-15 04:00:00,0.1611813,1,0
2012-01-15 05:00:00,-0.01775901,1,0
2012-01-15 06:00:00,-0.13969634,1,0
2012-01-15 07:00:00,-0.07521349,1,0
2012-01-15 08:00:00,0.16786255,1,0
2012-01-15 09:00:00,0.5593152,1,0
2012-01-15 10:00:00,0.97195005,1,0
2012-01-15 11:00:00,1.4060378,1,0
2012-01-15 12:00:00,1.7823644,1,0
2012-01-15 13:00:00,2.129309,1,0
2012-01-15 14:00:00,2.3639913,1,0
2012-01-15 15:00:00,2.498848,1,0
2012-01-15 16:00:00,2.5472667,1,0
2012-01-15 17:00:00,2.5053217,1,0
2012-01-15 18:00:00,2.4002774,1,0
2012-01-15 19:00:00,2.2392433,1,0
2012-01-15 20:00:00,1.9723184,1,0
2012-01-15 21:00:00,1.7024312,1,0
2012-01-15 22:00:00,1.4879856,1,0
2012-01-15 23:00:00,1.3208668,1,0
2012-01-16 00:00:00,1.1710887,0,0
2012-01-16 01:00:00,1.0379705,0,0
2012-01-16 02:00:00,0.9065903,0,0
2012-01-16 03:00:00,0.7645111,0,0
2012-01-16 04:00:00,0.6639527,0,0
2012-01-16 05:00:00,0.48670498,0,0
2012-01-16 06:00:00,0.42234814,0,0
2012-01-16 07:00:00,0.63179207,0,0
2012-01-16 08:00:00,1.1901612,0,0
2012-01-16 09:00:00,1.6535636,0,0
2012-01-16 10:00:00,1.8714926,0,0
2012-01-16 11:00:00,2.2077818,0,0
2012-01-16 12:00:00,2.4615488,0,0
2012-01-16 13:00:00,2.6846058,0,0
2012-01-16 14:00:00,2.846033,0,0
2012-01-16 15:00:00,2.90711,0,0
2012-01-16 16:00:00,2.8915584,0,0
2012-01-16 17:00:00,2.8386683,0,0
2012-01-16 18:00:00,2.791572,0,0
2012-01-16 19:00:00,2.7871418,0,0
2012-01-16 20:00:00,2.5569017,0,0
2012-01-16 21:00:00,2.2609193,0,0
2012-01-16 22:00:00,2.0657997,0,0
2012-01-16 23:00:00,1.8545961,0,0
2012-01-17 00:00:00,1.7007053,0,0
2012-01-17 01:00:00,1.5878514,0,0
2012-01-17 02:00:00,1.5609847,0,0
2012-01-17 03:00:00,1.725961,0,0
2012-01-17 04:00:00,1.8603772,0,0
2012-01-17 05:00:00,1.742589,0,0
2012-01-17 06:00:00,1.7669135,0,0
2012-01-17 07:00:00,1.9738659,0,0
2012-01-17 08:00:00,2.3990726,0,0
2012-01-17 09:00:00,2.8679585,0,0
2012-01-17 10:00:00,3.2956448,0,0
2012-01-17 11:00:00,3.5564883,0,0
2012-01-17 12:00:00,3.779126,0,0
2012-01-17 13:00:00,3.9708822,0,0
2012-01-17 14:00:00,4.055355,0,0
2012-01-17 15:00:00,4.124558,0,0
2012-01-17 16:00:00,4.076238,0,0
2012-01-17 17:00:00,4.0135994,0,0
2012-01-17 18:00:00,3.4480882,0,0
2012-01-17 19:00:00,3.1864588,0,0
2012-01-17 20:00:00,3.0761719,0,0
2012-01-17 21:00:00,2.9504855,0,0
2012-01-17 22:00:00,3.0811477,0,0
2012-01-17 23:00:00,2.6142359,0,0
2012-01-18 00:00:00,2.4060776,0,0
2012-01-18 01:00:00,2.2262602,0,0
2012-01-18 02:00:00,2.1173189,0,0
2012-01-18 03:00:00,2.018015,0,0
2012-01-18 04:00:00,1.9413878,0,0
2012-01-18 05:00:00,1.8870885,0,0
2012-01-18 06:00:00,1.8489456,0,0
2012-01-18 07:00:00,1.9009966,0,0
2012-01-18 08:00:00,2.0391202,0,0
2012-01-18 09:00:00,2.26729,0,0
2012-01-18 10:00:00,2.5582106,0,0
2012-01-18 11:00:00,2.809251,0,0
2012-01-18 12:00:00,3.1584492,0,0
2012-01-18 13:00:00,3.4424074,0,0
2012-01-18 14:00:00,3.631047,0,0
2012-01-18 15:00:00,3.7222643,0,0
2012-01-18 16:00:00,3.6743162,0,0
2012-01-18 17:00:00,3.4242687,0,0
2012-01-18 18:00:00,3.1163905,0,0
2012-01-18 19:00:00,2.6790435,0,0
2012-01-18 20:00:00,2.160032,0,0
2012-01-18 21:00:00,1.7452208,0,0
2012-01-18 22:00:00,1.473109,0,0
2012-01-18 23:00:00,1.3100396,0,0
2012-01-19 00:00:00,1.179551,0,0
2012-01-19 01:00:00,1.1056942,0,0
2012-01-19 02:00:00,1.043389,0,0
2012-01-19 03:00:00,0.97904074,0,0
2012-01-19 04:00:00,0.8969833,0,0
2012-01-19 05:00:00,0.7269243,0,0
2012-01-19 06:00:00,0.626336,0,0
2012-01-19 07:00:00,0.67278016,0,0
2012-01-19 08:00:00,0.92700785,0,0
2012-01-19 09:00:00,1.3671297,0,0
2012-01-19 10:00:00,1.9088856,0,0
2012-01-19 11:00:00,2.5065806,0,0
2012-01-19 12:00:00,2.9911673,0,0
2012-01-19 13:00:00,3.3228984,0,0
2012-01-19 14:00:00,3.4672294,0,0
2012-01-19 15:00:00,3.4741826,0,0
2012-01-19 16:00:00,3.3394372,0,0
2012-01-19 17:00:00,3.0212142,0,0
2012-01-19 18:00:00,2.732502,0,0
2012-01-19 19:00:00,2.423007,0,0
2012-01-19 20:00:00,2.1254516,0,0
2012-01-19 21:00:00,1.9086245,0,0
2012-01-19 22:00:00,1.7489648,0,0
2012-01-19 23:00:00,1.6331953,0,0
2012-01-20 00:00:00,1.5459547,0,0
2012-01-20 01:00:00,1.4764669,0,0
2012-01-20 02:00:00,1.4347644,0,0
2012-01-20 03:00:00,1.3966048,0,0
2012-01-20 04:00:00,1.3596153,0,0
2012-01-20 05:00:00,1.3144763,0,0
2012-01-20 06:00:00,1.2720418,0,0
2012-01-20 07:00:00,1.3226007,0,0
2012-01-20 08:00:00,1.5345205,0,0
2012-01-20 09:00:00,1.9410169,0,0
2012-01-20 10:00:00,2.4658196,0,0
2012-01-20 11:00:00,2.9325001,0,0
2012-01-20 12:00:00,3.306677,0,0
2012-01-20 13:00:00,3.611818,0,0
2012-01-20 14:00:00,3.792844,0,0
2012-01-20 15:00:00,3.848917,0,0
2012-01-20 16:00:00,3.828202,0,0
2012-01-20 17:00:00,3.6159291,0,0
2012-01-20 18:00:00,3.3025627,0,0
2012-01-20 19:00:00,2.8799186,0,0
2012-01-20 20:00:00,2.4057086,0,0
2012-01-20 21:00:00,2.0164242,0,0
2012-01-20 22:00:00,1.7701565,0,0
2012-01-20 23:00:00,1.6221551,0,0
2012-01-21 00:00:00,1.5365624,1,0
2012-01-21 01:00:00,1.4639269,1,0
2012-01-21 02:00:00,1.3938673,1,0
2012-01-21 03:00:00,1.3233303,1,0
2012-01-21 04:00:00,1.2320306,1,0
2012-01-21 05:00:00,1.1124847,1,0
2012-01-21 06:00:00,0.99820745,1,0
2012-01-21 07:00:00,1.0145689,1,0
2012-01-21 08:00:00,1.2512206,1,0
2012-01-21 09:00:00,1.6326243,1,0
2012-01-21 10:00:00,2.0611286,1,0
2012-01-21 11:00:00,2.4637432,1,0
2012-01-21 12:00:00,2.852525,1,0
2012-01-21 13:00:00,3.1711438,1,0
2012-01-21 14:00:00,3.367131,1,0
2012-01-21 15:00:00,3.458928,1,0
2012-01-21 16:00:00,3.4447465,1,0
2012-01-21 17:00:00,3.3767579,1,0
2012-01-21 18:00:00,3.2231703,1,0
2012-01-21 19:00:00,2.9959774,1,0
2012-01-21 20:00:00,2.661089,1,0
2012-01-21 21:00:00,2.3584757,1,0
2012-01-21 22:00:00,2.1160057,1,0
2012-01-21 23:00:00,1.9498681,1,0
2012-01-22 00:00:00,1.8378959,1,0
2012-01-22 01:00:00,1.7739937,1,0
2012-01-22 02:00:00,1.7154548,1,0
2012-01-22 03:00:00,1.6538113,1,0
2012-01-22 04:00:00,1.6172948,1,0
2012-01-22 05:00:00,1.570336,1,0
2012-01-22 06:00:00,1.5670497,1,0
2012-01-22 07:00:00,1.7380774,1,0
2012-01-22 08:00:00,2.2545648,1,0
2012-01-22 09:00:00,2.7858453,1,0
2012-01-22 10:00:00,3.2375402,1,0
2012-01-22 11:00:00,3.5590837,1,0
2012-01-22 12:00:00,3.832364,1,0
2012-01-22 13:00:00,4.130273,1,0
2012-01-22 14:00:00,4.2969723,1,0
2012-01-22 15:00:00,4.4160504,1,0
2012-01-22 16:00:00,4.4007325,1,0
2012-01-22 17:00:00,4.3581905,1,0
2012-01-22 18:00:00,4.1206546,1,0
2012-01-22 19:00:00,3.9796739,1,0
2012-01-22 20:00:00,3.7311077,1,0
2012-01-22 21:00:00,3.541957,1,0
2012-01-22 22:00:00,3.3584788,1,0
2012-01-22 23:00:00,3.2024684,1,0
2012-01-23 00:00:00,3.0976598,0,0
2012-01-23 01:00:00,3.0046692,0,0
2012-01-23 02:00:00,2.9108691,0,0
2012-01-23 03:00:00,2.829364,0,0
2012-01-23 04:00:00,2.7341073,0,0
2012-01-23 05:00:00,2.563124,0,0
2012-01-23 06:00:00,2.4671516,0,0
2012-01-23 07:00:00,2.514987,0,0
2012-01-23 08:00:00,2.783272,0,0
2012-01-23 09:00:00,3.1412055,0,0
2012-01-23 10:00:00,3.5252934,0,0
2012-01-23 11:00:00,3.8590376,0,0
2012-01-23 12:00:00,4.0816145,0,0
2012-01-23 13:00:00,4.286029,0,0
2012-01-23 14:00:00,4.498365,0,0
2012-01-23 15:00:00,4.621033,0,0
2012-01-23 16:00:00,4.635792,0,0
2012-01-23 17:00:00,4.5226164,0,0
2012-01-23 18:00:00,4.2651434,0,0
2012-01-23 19:00:00,4.0574937,0,0
2012-01-23 20:00:00,3.7966304,0,0
2012-01-23 21:00:00,3.5565548,0,0
2012-01-23 22:00:00,3.4118931,0,0
2012-01-23 23:00:00,3.2718036,0,0
2012-01-24 00:00:00,3.1736774,0,0
2012-01-24 01:00:00,3.1002831,0,0
2012-01-24 02:00:00,3.0363035,0,0
2012-01-24 03:00:00,2.961293,0,0
2012-01-24 04:00:00,2.8820076,0,0
2012-01-24 05:00:00,2.693057,0,0
2012-01-24 06:00:00,2.6257188,0,0
2012-01-24 07:00:00,2.7344508,0,0
2012-01-24 08:00:00,3.184392,0,0
2012-01-24 09:00:00,3.5869374,0,0
2012-01-24 10:00:00,3.912008,0,0
2012-01-24 11:00:00,4.1996846,0,0
2012-01-24 12:00:00,4.4682064,0,0
2012-01-24 13:00:00,4.650458,0,0
2012-01-24 14:00:00,4.748883,0,0
2012-01-24 15:00:00,4.825384,0,0
2012-01-24 16:00:00,4.738572,0,0
2012-01-24 17:00:00,4.4600973,0,0
2012-01-24 18:00:00,4.330168,0,0
2012-01-24 19:00:00,4.204079,0,0
2012-01-24 20:00:00,3.962399,0,0
2012-01-24 21:00:00,3.679426,0,0
2012-01-24 22:00:00,3.4044182,0,0
2012-01-24 23:00:00,3.1948729,0,0
2012-01-25 00:00:00,3.0356174,0,0
2012-01-25 01:00:00,2.9204628,0,0
2012-01-25 02:00:00,2.8180933,0,0
2012-01-25 03:00:00,2.7360091,0,0
2012-01-25 04:00:00,2.6393507,0,0
2012-01-25 05:00:00,2.5686412,0,0
2012-01-25 06:00:00,2.4826314,0,0
2012-01-25 07:00:00,2.5392067,0,0
2012-01-25 08:00:00,2.8418925,0,0
2012-01-25 09:00:00,3.2276263,0,0
2012-01-25 10:00:00,3.6348128,0,0
2012-01-25 11:00:00,3.978781,0,0
2012-01-25 12:00:00,4.2987304,0,0
2012-01-25 13:00:00,4.4616947,0,0
2012-01-25 14:00:00,4.4492326,0,0
2012-01-25 15:00:00,4.449354,0,0
2012-01-25 16:00:00,4.3596025,0,0
2012-01-25 17:00:00,4.2093983,0,0
2012-01-25 18:00:00,3.874895,0,0
2012-01-25 19:00:00,3.4613683,0,0
2012-01-25 20:00:00,3.0031567,0,0
2012-01-25 21:00:00,2.645947,0,0
2012-01-25 22:00:00,2.4267354,0,0
2012-01-25 23:00:00,2.2757075,0,0
2012-01-26 00:00:00,2.155612,0,1
2012-01-26 01:00:00,2.035294,0,1
2012-01-26 02:00:00,1.924625,0,1
2012-01-26 03:00:00,1.804573,0,1
2012-01-26 04:00:00,1.6799142,0,1
2012-01-26 05:00:00,1.5111036,0,1
2012-01-26 06:00:00,1.3961768,0,1
2012-01-26 07:00:00,1.3851017,0,1
2012-01-26 08:00:00,1.5293753,0,1
2012-01-26 09:00:00,1.8167244,0,1
2012-01-26 10:00:00,2.193599,0,1
2012-01-26 11:00:00,2.653165,0,1
2012-01-26 12:00:00,3.129965,0,1
2012-01-26 13:00:00,3.4604452,0,1
2012-01-26 14:00:00,3.5917718,0,1
2012-01-26 15:00:00,3.625187,0,1
2012-01-26 16:00:00,3.588175,0,1
2012-01-26 17:00:00,3.4642646,0,1
2012-01-26 18:00:00,3.270675,0,1
2012-01-26 19:00:00,3.0206811,0,1
2012-01-26 20:00:00,2.6856515,0,1
2012-01-26 21:00:00,2.4209697,0,1
2012-01-26 22:00:00,2.275484,0,1
2012-01-26 23:00:00,2.1837804,0,1
2012-01-27 00:00:00,2.1103966,0,0
2012-01-27 01:00:00,2.0258532,0,0
2012-01-27 02:00:00,1.9298527,0,0
2012-01-27 03:00:00,1.842934,0,0
2012-01-27 04:00:00,1.7625996,0,0
2012-01-27 05:00:00,1.6400168,0,0
2012-01-27 06:00:00,1.552832,0,0
2012-01-27 07:00:00,1.5904336,0,0
2012-01-27 08:00:00,1.8232882,0,0
2012-01-27 09:00:00,2.1893084,0,0
2012-01-27 10:00:00,2.648436,0,0
2012-01-27 11:00:00,3.1998026,0,0
2012-01-27 12:00:00,3.7094693,0,0
2012-01-27 13:00:00,4.112532,0,0
2012-01-27 14:00:00,4.3749876,0,0
2012-01-27 15:00:00,4.501459,0,0
2012-01-27 16:00:00,4.4560657,0,0
2012-01-27 17:00:00,4.398309,0,0
2012-01-27 18:00:00,4.23766,0,0
2012-01-27 19:00:00,3.927511,0,0
2012-01-27 20:00:00,3.5216253,0,0
2012-01-27 21:00:00,3.1742227,0,0
2012-01-27 22:00:00,2.9867198,0,0
2012-01-27 23:00:00,2.8908868,0,0
2012-01-28 00:00:00,2.8166668,1,0
2012-01-28 01:00:00,2.766689,1,0
2012-01-28 02:00:00,2.710777,1,0
2012-01-28 03:00:00,2.7081914,1,0
2012-01-28 04:00:00,2.729434,1,0
2012-01-28 05:00:00,2.907406,1,0
2012-01-28 06:00:00,2.9436822,1,0
2012-01-28 07:00:00,3.0674937,1,0
2012-01-28 08:00:00,3.444051,1,0
2012-01-28 09:00:00,3.8124604,1,0
2012-01-28 10:00:00,4.1390247,1,0
2012-01-28 11:00:00,4.4134607,1,0
2012-01-28 12:00:00,4.662124,1,0
2012-01-28 13:00:00,4.8937664,1,0
2012-01-28 14:00:00,5.052646,1,0
2012-01-28 15:00:00,5.04995,1,0
2012-01-28 16:00:00,4.9926043,1,0
2012-01-28 17:00:00,4.673048,1,0
2012-01-28 18:00:00,4.4896965,1,0
2012-01-28 19:00:00,4.3486857,1,0
2012-01-28 20:00:00,4.1841393,1,0
2012-01-28 21:00:00,4.035174,1,0
2012-01-28 22:00:00,3.9230883,1,0
2012-01-28 23:00:00,3.8038943,1,0
2012-01-29 00:00:00,3.6884978,1,0
2012-01-29 01:00:00,3.583005,1,0
2012-01-29 02:00:00,3.4888098,1,0
2012-01-29 03:00:00,3.4065611,1,0
2012-01-29 04:00:00,3.3408,1,0
2012-01-29 05:00:00,3.2188628,1,0
2012-01-29 06:00:00,3.1799715,1,0
2012-01-29 07:00:00,3.202585,1,0
2012-01-29 08:00:00,3.295958,1,0
2012-01-29 09:00:00,3.4796002,1,0
2012-01-29 10:00:00,3.578983,1,0
2012-01-29 11:00:00,3.6760564,1,0
2012-01-29 12:00:00,3.8137002,1,0
2012-01-29 13:00:00,4.06563,1,0
2012-01-29 14:00:00,4.1721153,1,0
2012-01-29 15:00:00,4.206943,1,0
2012-01-29 16:00:00,4.1984797,1,0
2012-01-29 17:00:00,4.183798,1,0
2012-01-29 18:00:00,4.1557927,1,0
2012-01-29 19:00:00,4.011776,1,0
2012-01-29 20:00:00,3.8801835,1,0
2012-01-29 21:00:00,3.7466736,1,0
2012-01-29 22:00:00,3.6390002,1,0
2012-01-29 23:00:00,3.5412307,1,0
2012-01-30 00:00:00,3.4611192,0,0
2012-01-30 01:00:00,3.406135,0,0
2012-01-30 02:00:00,3.345565,0,0
2012-01-30 03:00:00,3.240339,0,0
2012-01-30 04:00:00,3.0458941,0,0
2012-01-30 05:00:00,2.7913978,0,0
2012-01-30 06:00:00,2.5208964,0,0
2012-01-30 07:00:00,2.1970015,0,0
2012-01-30 08:00:00,2.0215366,0,0
2012-01-30 09:00:00,2.1009033,0,0
2012-01-30 10:00:00,2.2130854,0,0
2012-01-30 11:00:00,2.342168,0,0
2012-01-30 12:00:00,2.4748874,0,0
2012-01-30 13:00:00,2.449307,0,0
2012-01-30 14:00:00,2.3808901,0,0
2012-01-30 15:00:00,2.3575027,0,0
2012-01-30 16:00:00,2.2516034,0,0
2012-01-30 17:00:00,1.9560026,0,0
2012-01-30 18:00:00,1.8023796,0,0
2012-01-30 19:00:00,1.6350719,0,0
2012-01-30 20:00:00,1.4479834,0,0
2012-01-30 21:00:00,1.2876352,0,0
2012-01-30 22:00:00,1.1605296,0,0
2012-01-30 23:00:00,1.0346885,0,0
2012-01-31 00:00:00,0.9170915,0,0
2012-01-31 01:00:00,0.8397983,0,0
2012-01-31 02:00:00,0.7735477,0,0
2012-01-31 03:00:00,0.7157959,0,0
2012-01-31 04:00:00,0.63867474,0,0
2012-01-31 05:00:00,0.5572789,0,0
2012-01-31 06:00:00,0.49499813,0,0
2012-01-31 07:00:00,0.4332501,0,0
2012-01-31 08:00:00,0.40352285,0,0
2012-01-31 09:00:00,0.40281454,0,0
2012-01-31 10:00:00,0.47436115,0,0
2012-01-31 11:00:00,0.72739834,0,0
2012-01-31 12:00:00,0.8314164,0,0
2012-01-31 13:00:00,1.0496923,0,0
2012-01-31 14:00:00,1.2024113,0,0
2012-01-31 15:00:00,1.3331853,0,0
2012-01-31 16:00:00,1.3223586,0,0
2012-01-31 17:00:00,1.2712815,0,0
2012-01-31 18:00:00,1.1341784,0,0
2012-01-31 19:00:00,0.93581235,0,0
2012-01-31 20:00:00,0.7085099,0,0
2012-01-31 21:00:00,0.5655615,0,0
2012-01-31 22:00:00,0.47647274,0,0
2012-01-31 23:00:00,0.44130635,0,0
2012-02-01 00:00:00,0.37273028,0,0
2012-02-01 01:00:00,0.22787628,0,0
2012-02-01 02:00:00,0.04661017,0,0
2012-02-01 03:00:00,-0.09683382,0,0
2012-02-01 04:00:00,-0.20394337,0,0
2012-02-01 05:00:00,-0.3109705,0,0
2012-02-01 06:00:00,-0.37804228,0,0
2012-02-01 07:00:00,-0.3606316,0,0
2012-02-01 08:00:00,-0.16628778,0,0
2012-02-01 09:00:00,0.12313279,0,0
2012-02-01 10:00:00,0.45307028,0,0
2012-02-01 11:00:00,0.7775914,0,0
2012-02-01 12:00:00,1.0863373,0,0
2012-02-01 13:00:00,1.3471419,0,0
2012-02-01 14:00:00,1.5167131,0,0
2012-02-01 15:00:00,1.5957949,0,0
2012-02-01 16:00:00,1.5979165,0,0
2012-02-01 17:00:00,1.5515051,0,0
2012-02-01 18:00:00,1.4942615,0,0
2012-02-01 19:00:00,1.3738062,0,0
2012-02-01 20:00:00,1.1999447,0,0
2012-02-01 21:00:00,1.0624096,0,0
2012-02-01 22:00:00,0.9647447,0,0
2012-02-01 23:00:00,0.88780344,0,0
2012-02-02 00:00:00,0.82901007,0,0
2012-02-02 01:00:00,0.7727924,0,0
2012-02-02 02:00:00,0.6909703,0,0
2012-02-02 03:00:00,0.60444707,0,0
2012-02-02 04:00:00,0.518178,0,0
2012-02-02 05:00:00,0.42599106,0,0
2012-02-02 06:00:00,0.36023036,0,0
2012-02-02 07:00:00,0.37262276,0,0
2012-02-02 08:00:00,0.5931817,0,0
2012-02-02 09:00:00,0.93948406,0,0
2012-02-02 10:00:00,1.3415267,0,0
2012-02-02 11:00:00,1.7163458,0,0
2012-02-02 12:00:00,2.0557823,0,0
2012-02-02 13:00:00,2.3467102,0,0
2012-02-02 14:00:00,2.5776896,0,0
2012-02-02 15:00:00,2.7100956,0,0
2012-02-02 16:00:00,2.7496088,0,0
2012-02-02 17:00:00,2.614515,0,0
2012-02-02 18:00:00,2.382617,0,0
2012-02-02 19:00:00,2.0824108,0,0
2012-02-02 20:00:00,1.7223129,0,0
2012-02-02 21:00:00,1.4680756,0,0
2012-02-02 22:00:00,1.2940774,0,0
2012-02-02 23:00:00,1.1586845,0,0
2012-02-03 00:00:00,1.0454909,0,0
2012-02-03 01:00:00,0.95916647,0,0
2012-02-03 02:00:00,0.8811803,0,0
2012-02-03 03:00:00,0.8081617,0,0
2012-02-03 04:00:00,0.75063276,0,0
2012-02-03 05:00:00,0.69148743,0,0
2012-02-03 06:00:00,0.6572972,0,0
2012-02-03 07:00:00,0.7038866,0,0
2012-02-03 08:00:00,1.0376459,0,0
2012-02-03 09:00:00,1.3925923,0,0
2012-02-03 10:00:00,1.6872178,0,0
2012-02-03 11:00:00,1.9400926,0,0
2012-02-03 12:00:00,2.2576659,0,0
2012-02-03 13:00:00,2.4711049,0,0
2012-02-03 14:00:00,2.5642607,0,0
2012-02-03 15:00:00,2.61492,0,0
2012-02-03 16:00:00,2.5923219,0,0
2012-02-03 17:00:00,2.5142071,0,0
2012-02-03 18:00:00,2.3859375,0,0
2012-02-03 19:00:00,2.2229426,0,0
2012-02-03 20:00:00,1.9922891,0,0
2012-02-03 21:00:00,1.7648264,0,0
2012-02-03 22:00:00,1.566203,0,0
2012-02-03 23:00:00,1.3923423,0,0
2012-02-04 00:00:00,1.2676915,1,0
2012-02-04 01:00:00,1.1562519,1,0
2012-02-04 02:00:00,1.0721083,1,0
2012-02-04 03:00:00,0.9959542,1,0
2012-02-04 04:00:00,0.9078531,1,0
2012-02-04 05:00:00,0.8046066,1,0
2012-02-04 06:00:00,0.71658343,1,0
2012-02-04 07:00:00,0.714875,1,0
2012-02-04 08:00:00,1.0248125,1,0
2012-02-04 09:00:00,1.4737966,1,0
2012-02-04 10:00:00,1.8088651,1,0
2012-02-04 11:00:00,2.2348852,1,0
2012-02-04 12:00:00,2.7540627,1,0
2012-02-04 13:00:00,2.731774,1,0
2012-02-04 14:00:00,2.5588548,1,0
2012-02-04 15:00:00,2.4592807,1,0
2012-02-04 16:00:00,2.3256698,1,0
2012-02-04 17:00:00,2.630124,1,0
2012-02-04 18:00:00,2.5214458,1,0
2012-02-04 19:00:00,2.374537,1,0
2012-02-04 20:00:00,2.2151313,1,0
2012-02-04 21:00:00,2.0783525,1,0
2012-02-04 22:00:00,2.0039005,1,0
2012-02-04 23:00:00,1.9373404,1,0
2012-02-05 00:00:00,1.9075657,1,0
2012-02-05 01:00:00,1.786423,1,0
2012-02-05 02:00:00,1.685299,1,0
2012-02-05 03:00:00,1.5910094,1,0
2012-02-05 04:00:00,1.5729254,1,0
2012-02-05 05:00:00,1.4178629,1,0
2012-02-05 06:00:00,1.2773166,1,0
2012-02-05 07:00:00,1.0676154,1,0
2012-02-05 08:00:00,0.95252866,1,0
2012-02-05 09:00:00,0.925734,1,0
2012-02-05 10:00:00,1.1457375,1,0
2012-02-05 11:00:00,1.2774512,1,0
2012-02-05 12:00:00,1.3471632,1,0
2012-02-05 13:00:00,1.3943974,1,0
2012-02-05 14:00:00,1.3869381,1,0
2012-02-05 15:00:00,1.3205599,1,0
2012-02-05 16:00:00,1.3266355,1,0
2012-02-05 17:00:00,1.1617559,1,0
2012-02-05 18:00:00,0.9757364,1,0
2012-02-05 19:00:00,0.7107838,1,0
2012-02-05 20:00:00,0.46554896,1,0
2012-02-05 21:00:00,0.25626552,1,0
2012-02-05 22:00:00,0.14499828,1,0
2012-02-05 23:00:00,0.082106724,1,0
2012-02-06 00:00:00,0.01494023,0,0
2012-02-06 01:00:00,-0.028238075,0,0
2012-02-06 02:00:00,-0.07586288,0,0
2012-02-06 03:00:00,-0.081618436,0,0
2012-02-06 04:00:00,-0.10895819,0,0
2012-02-06 05:00:00,-0.1178449,0,0
2012-02-06 06:00:00,-0.09196677,0,0
2012-02-06 07:00:00,-0.04331792,0,0
2012-02-06 08:00:00,0.055546626,0,0
2012-02-06 09:00:00,0.21498993,0,0
2012-02-06 10:00:00,0.39125088,0,0
2012-02-06 11:00:00,0.59051824,0,0
2012-02-06 12:00:00,0.7894758,0,0
2012-02-06 13:00:00,0.95987296,0,0
2012-02-06 14:00:00,0.9707518,0,0
2012-02-06 15:00:00,1.0825787,0,0
2012-02-06 16:00:00,1.1420052,0,0
2012-02-06 17:00:00,1.1284286,0,0
2012-02-06 18:00:00,1.0634495,0,0
2012-02-06 19:00:00,0.987522,0,0
2012-02-06 20:00:00,0.88589543,0,0
2012-02-06 21:00:00,0.8186546,0,0
2012-02-06 22:00:00,0.7515394,0,0
2012-02-06 23:00:00,0.6902764,0,0
2012-02-07 00:00:00,0.6601063,0,0
2012-02-07 01:00:00,0.603651,0,0
2012-02-07 02:00:00,0.56105673,0,0
2012-02-07 03:00:00,0.5273561,0,0
2012-02-07 04:00:00,0.4430644,0,0
2012-02-07 05:00:00,0.3781255,0,0
2012-02-07 06:00:00,0.29539928,0,0
2012-02-07 07:00:00,0.31207854,0,0
2012-02-07 08:00:00,0.43102932,0,0
2012-02-07 09:00:00,0.50856143,0,0
2012-02-07 10:00:00,0.61411846,0,0
2012-02-07 11:00:00,0.8296192,0,0
2012-02-07 12:00:00,0.99775064,0,0
2012-02-07 13:00:00,1.0819887,0,0
2012-02-07 14:00:00,1.1988076,0,0
2012-02-07 15:00:00,1.2452623,0,0
2012-02-07 16:00:00,1.2010868,0,0
2012-02-07 17:00:00,1.113726,0,0
2012-02-07 18:00:00,0.966758,0,0
2012-02-07 19:00:00,0.77602524,0,0
2012-02-07 20:00:00,0.5962459,0,0
2012-02-07 21:00:00,0.4486517,0,0
2012-02-07 22:00:00,0.32763773,0,0
2012-02-07 23:00:00,0.21363474,0,0
2012-02-08 00:00:00,0.11728969,0,0
2012-02-08 01:00:00,0.017637119,0,0
2012-02-08 02:00:00,-0.06082632,0,0
2012-02-08 03:00:00,-0.13549265,0,0
2012-02-08 04:00:00,-0.20191519,0,0
2012-02-08 05:00:00,-0.21665841,0,0
2012-02-08 06:00:00,-0.23526467,0,0
2012-02-08 07:00:00,-0.21693791,0,0
2012-02-08 08:00:00,-0.05244936,0,0
2012-02-08 09:00:00,0.11450619,0,0
2012-02-08 10:00:00,0.27205977,0,0
2012-02-08 11:00:00,0.5098888,0,0
2012-02-08 12:00:00,0.7050615,0,0
2012-02-08 13:00:00,0.93417704,0,0
2012-02-08 14:00:00,1.041487,0,0
2012-02-08 15:00:00,1.1310446,0,0
2012-02-08 16:00:00,1.2027864,0,0
2012-02-08 17:00:00,1.1245425,0,0
2012-02-08 18:00:00,1.029321,0,0
2012-02-08 19:00:00,0.8086223,0,0
2012-02-08 20:00:00,0.5797622,0,0
2012-02-08 21:00:00,0.40246856,0,0
2012-02-08 22:00:00,0.26403895,0,0
2012-02-08 23:00:00,0.1602449,0,0
2012-02-09 00:00:00,0.08274825,0,0
2012-02-09 01:00:00,0.003114388,0,0
2012-02-09 02:00:00,-0.055807788,0,0
2012-02-09 03:00:00,-0.14085546,0,0
2012-02-09 04:00:00,-0.22729664,0,0
2012-02-09 05:00:00,-0.27658138,0,0
2012-02-09 06:00:00,-0.34514117,0,0
2012-02-09 07:00:00,-0.30068892,0,0
2012-02-09 08:00:00,-0.07135312,0,0
2012-02-09 09:00:00,0.12958872,0,0
2012-02-09 10:00:00,0.32240507,0,0
2012-02-09 11:00:00,0.53389806,0,0
2012-02-09 12:00:00,0.7873622,0,0
2012-02-09 13:00:00,0.8961602,0,0
2012-02-09 14:00:00,1.0005457,0,0
2012-02-09 15:00:00,1.0096434,0,0
2012-02-09 16:00:00,1.0056895,0,0
2012-02-09 17:00:00,0.9713416,0,0
2012-02-09 18:00:00,0.8555175,0,0
2012-02-09 19:00:00,0.6540714,0,0
2012-02-09 20:00:00,0.45723656,0,0
2012-02-09 21:00:00,0.35510993,0,0
2012-02-09 22:00:00,0.31623092,0,0
2012-02-09 23:00:00,0.26565462,0,0
2012-02-10 00:00:00,0.20010501,0,0
2012-02-10 01:00:00,0.14751238,0,0
2012-02-10 02:00:00,0.09213295,0,0
2012-02-10 03:00:00,0.04756147,0,0
2012-02-10 04:00:00,-0.01440217,0,0
2012-02-10 05:00:00,-0.06756635,0,0
2012-02-10 06:00:00,-0.10571377,0,0
2012-02-10 07:00:00,-0.09588517,0,0
2012-02-10 08:00:00,0.09698272,0,0
2012-02-10 09:00:00,0.23964493,0,0
2012-02-10 10:00:00,0.42595524,0,0
2012-02-10 11:00:00,0.5979103,0,0
2012-02-10 12:00:00,0.7661581,0,0
2012-02-10 13:00:00,0.9575166,0,0
2012-02-10 14:00:00,1.2133561,0,0
2012-02-10 15:00:00,1.2734995,0,0
2012-02-10 16:00:00,1.2270412,0,0
2012-02-10 17:00:00,1.3101996,0,0
2012-02-10 18:00:00,1.2659997,0,0
2012-02-10 19:00:00,1.1841375,0,0
2012-02-10 20:00:00,1.0467647,0,0
2012-02-10 21:00:00,0.9394866,0,0
2012-02-10 22:00:00,0.8388359,0,0
2012-02-10 23:00:00,0.7673637,0,0
2012-02-11 00:00:00,0.7112406,1,0
2012-02-11 01:00:00,0.71230435,1,0
2012-02-11 02:00:00,0.7059623,1,0
2012-02-11 03:00:00,0.66830444,1,0
2012-02-11 04:00:00,0.6598252,1,0
2012-02-11 05:00:00,0.5550373,1,0
2012-02-11 06:00:00,0.49068248,1,0
2012-02-11 07:00:00,0.4562499,1,0
2012-02-11 08:00:00,0.537989,1,0
2012-02-11 09:00:00,0.65293175,1,0
2012-02-11 10:00:00,0.8487296,1,0
2012-02-11 11:00:00,1.0731629,1,0
2012-02-11 12:00:00,1.2950839,1,0
2012-02-11 13:00:00,1.5017889,1,0
2012-02-11 14:00:00,1.557149,1,0
2012-02-11 15:00:00,1.6273376,1,0
2012-02-11 16:00:00,1.5889324,1,0
2012-02-11 17:00:00,1.3714899,1,0
2012-02-11 18:00:00,1.2535015,1,0
2012-02-11 19:00:00,1.0512726,1,0
2012-02-11 20:00:00,0.7927607,1,0
2012-02-11 21:00:00,0.60779494,1,0
2012-02-11 22:00:00,0.46713334,1,0
2012-02-11 23:00:00,0.34923866,1,0
2012-02-12 00:00:00,0.24949187,1,0
2012-02-12 01:00:00,0.16814692,1,0
2012-02-12 02:00:00,0.0903451,1,0
2012-02-12 03:00:00,0.0165949,1,0
2012-02-12 04:00:00,-0.056411717,1,0
2012-02-12 05:00:00,-0.16871177,1,0
2012-02-12 06:00:00,-0.2544089,1,0
2012-02-12 07:00:00,-0.25209257,1,0
2012-02-12 08:00:00,0.051955268,1,0
2012-02-12 09:00:00,0.39260617,1,0
2012-02-12 10:00:00,0.6745409,1,0
2012-02-12 11:00:00,1.0229967,1,0
2012-02-12 12:00:00,1.3970735,1,0
2012-02-12 13:00:00,1.6988001,1,0
2012-02-12 14:00:00,1.8207307,1,0
2012-02-12 15:00:00,1.8742112,1,0
2012-02-12 16:00:00,1.8844827,1,0
2012-02-12 17:00:00,1.883479,1,0
2012-02-12 18:00:00,1.7825686,1,0
2012-02-12 19:00:00,1.5936201,1,0
2012-02-12 20:00:00,1.3267264,1,0
2012-02-12 21:00:00,1.1249285,1,0
2012-02-12 22:00:00,0.9725432,1,0
2012-02-12 23:00:00,0.83650064,1,0
2012-02-13 00:00:00,0.73583776,0,0
2012-02-13 01:00:00,0.6459826,0,0
2012-02-13 02:00:00,0.5637219,0,0
2012-02-13 03:00:00,0.48081145,0,0
2012-02-13 04:00:00,0.41883585,0,0
2012-02-13 05:00:00,0.36222312,0,0
2012-02-13 06:00:00,0.3170019,0,0
2012-02-13 07:00:00,0.32773438,0,0
2012-02-13 08:00:00,0.6459501,0,0
2012-02-13 09:00:00,1.1377525,0,0
2012-02-13 10:00:00,1.5648879,0,0
2012-02-13 11:00:00,1.9146038,0,0
2012-02-13 12:00:00,2.2648113,0,0
2012-02-13 13:00:00,2.5550582,0,0
2012-02-13 14:00:00,2.7496603,0,0
2012-02-13 15:00:00,2.8508792,0,0
2012-02-13 16:00:00,2.863918,0,0
2012-02-13 17:00:00,2.8296676,0,0
2012-02-13 18:00:00,2.7086952,0,0
2012-02-13 19:00:00,2.5450072,0,0
2012-02-13 20:00:00,2.2521293,0,0
2012-02-13 21:00:00,1.9841518,0,0
2012-02-13 22:00:00,1.7831365,0,0
2012-02-13 23:00:00,1.6170115,0,0
2012-02-14 00:00:00,1.4879136,0,0
2012-02-14 01:00:00,1.3746542,0,0
2012-02-14 02:00:00,1.2823298,0,0
2012-02-14 03:00:00,1.1681811,0,0
2012-02-14 04:00:00,1.0514015,0,0
2012-02-14 05:00:00,0.94402725,0,0
2012-02-14 06:00:00,0.84575146,0,0
2012-02-14 07:00:00,0.84737504,0,0
2012-02-14 08:00:00,1.1688616,0,0
2012-02-14 09:00:00,1.6164522,0,0
2012-02-14 10:00:00,2.0674422,0,0
2012-02-14 11:00:00,2.4748497,0,0
2012-02-14 12:00:00,2.7902985,0,0
2012-02-14 13:00:00,3.0247638,0,0
2012-02-14 14:00:00,3.2615774,0,0
2012-02-14 15:00:00,3.4429212,0,0
2012-02-14 16:00:00,3.5395215,0,0
2012-02-14 17:00:00,3.4625692,0,0
2012-02-14 18:00:00,3.239478,0,0
2012-02-14 19:00:00,3.0254838,0,0
2012-02-14 20:00:00,2.6796725,0,0
2012-02-14 21:00:00,2.4981117,0,0
2012-02-14 22:00:00,2.404629,0,0
2012-02-14 23:00:00,2.3019474,0,0
2012-02-15 00:00:00,2.2194834,0,0
2012-02-15 01:00:00,2.130351,0,0
2012-02-15 02:00:00,1.9585248,0,0
2012-02-15 03:00:00,1.7648257,0,0
2012-02-15 04:00:00,1.6943251,0,0
2012-02-15 05:00:00,1.7591808,0,0
2012-02-15 06:00:00,1.705279,0,0
2012-02-15 07:00:00,1.6528484,0,0
2012-02-15 08:00:00,1.9475988,0,0
2012-02-15 09:00:00,2.3664088,0,0
2012-02-15 10:00:00,2.8035753,0,0
2012-02-15 11:00:00,3.1017885,0,0
2012-02-15 12:00:00,3.431158,0,0
2012-02-15 13:00:00,3.4954658,0,0
2012-02-15 14:00:00,3.4761965,0,0
2012-02-15 15:00:00,3.5031483,0,0
2012-02-15 16:00:00,3.3381002,0,0
2012-02-15 17:00:00,3.1710315,0,0
2012-02-15 18:00:00,2.9236236,0,0
2012-02-15 19:00:00,2.7075317,0,0
2012-02-15 20:00:00,2.4803848,0,0
2012-02-15 21:00:00,2.3294423,0,0
2012-02-15 22:00:00,2.2083879,0,0
2012-02-15 23:00:00,2.0913968,0,0
2012-02-16 00:00:00,1.9761603,0,0
2012-02-16 01:00:00,1.8628377,0,0
2012-02-16 02:00:00,1.7653536,0,0
2012-02-16 03:00:00,1.7043884,0,0
2012-02-16 04:00:00,1.616808,0,0
2012-02-16 05:00:00,1.5218177,0,0
2012-02-16 06:00:00,1.4372908,0,0
2012-02-16 07:00:00,1.4057708,0,0
2012-02-16 08:00:00,1.508269,0,0
2012-02-16 09:00:00,1.743929,0,0
2012-02-16 10:00:00,2.0893216,0,0
2012-02-16 11:00:00,2.4448416,0,0
2012-02-16 12:00:00,2.772557,0,0
2012-02-16 13:00:00,3.0192604,0,0
2012-02-16 14:00:00,3.1711228,0,0
2012-02-16 15:00:00,3.2601085,0,0
2012-02-16 16:00:00,3.2749207,0,0
2012-02-16 17:00:00,3.2010026,0,0
2012-02-16 18:00:00,3.0209599,0,0
2012-02-16 19:00:00,2.6698334,0,0
2012-02-16 20:00:00,2.2140763,0,0
2012-02-16 21:00:00,1.8497783,0,0
2012-02-16 22:00:00,1.61563,0,0
2012-02-16 23:00:00,1.4540483,0,0
2012-02-17 00:00:00,1.3341762,0,0
2012-02-17 01:00:00,1.234194,0,0
2012-02-17 02:00:00,1.1551464,0,0
2012-02-17 03:00:00,1.0844374,0,0
2012-02-17 04:00:00,1.0200893,0,0
2012-02-17 05:00:00,0.96827185,0,0
2012-02-17 06:00:00,0.9305386,0,0
2012-02-17 07:00:00,0.94275856,0,0
2012-02-17 08:00:00,1.1426251,0,0
2012-02-17 09:00:00,1.4516526,0,0
2012-02-17 10:00:00,1.8853478,0,0
2012-02-17 11:00:00,2.4185667,0,0
2012-02-17 12:00:00,2.7908218,0,0
2012-02-17 13:00:00,3.1232238,0,0
2012-02-17 14:00:00,3.3586934,0,0
2012-02-17 15:00:00,3.4870913,0,0
2012-02-17 16:00:00,3.494588,0,0
2012-02-17 17:00:00,3.3862956,0,0
2012-02-17 18:00:00,3.181851,0,0
2012-02-17 19:00:00,2.850806,0,0
2012-02-17 20:00:00,2.4548512,0,0
2012-02-17 21:00:00,2.159515,0,0
2012-02-17 22:00:00,1.9593095,0,0
2012-02-17 23:00:00,1.8394881,0,0
2012-02-18 00:00:00,1.751504,1,0
2012-02-18 01:00:00,1.6958458,1,0
2012-02-18 02:00:00,1.633604,1,0
2012-02-18 03:00:00,1.5812657,1,0
2012-02-18 04:00:00,1.5312369,1,0
2012-02-18 05:00:00,1.4784992,1,0
2012-02-18 06:00:00,1.4102837,1,0
2012-02-18 07:00:00,1.3898723,1,0
2012-02-18 08:00:00,1.7436564,1,0
2012-02-18 09:00:00,2.2373524,1,0
2012-02-18 10:00:00,2.737028,1,0
2012-02-18 11:00:00,3.225287,1,0
2012-02-18 12:00:00,3.6698198,1,0
2012-02-18 13:00:00,3.9767435,1,0
2012-02-18 14:00:00,4.144648,1,0
2012-02-18 15:00:00,4.1849723,1,0
2012-02-18 16:00:00,4.136456,1,0
2012-02-18 17:00:00,3.9803221,1,0
2012-02-18 18:00:00,3.831642,1,0
2012-02-18 19:00:00,3.6380315,1,0
2012-02-18 20:00:00,3.3383029,1,0
2012-02-18 21:00:00,3.0806127,1,0
2012-02-18 22:00:00,2.8594067,1,0
2012-02-18 23:00:00,2.6575186,1,0
2012-02-19 00:00:00,2.4874675,1,0
2012-02-19 01:00:00,2.3578923,1,0
2012-02-19 02:00:00,2.2249465,1,0
2012-02-19 03:00:00,2.1211913,1,0
2012-02-19 04:00:00,2.0826318,1,0
2012-02-19 05:00:00,2.0945034,1,0
2012-02-19 06:00:00,2.0564337,1,0
2012-02-19 07:00:00,2.0370834,1,0
2012-02-19 08:00:00,2.2433186,1,0
2012-02-19 09:00:00,2.6403286,1,0
2012-02-19 10:00:00,2.9136302,1,0
2012-02-19 11:00:00,3.4561093,1,0
2012-02-19 12:00:00,3.9095953,1,0
2012-02-19 13:00:00,3.9738781,1,0
2012-02-19 14:00:00,3.9964736,1,0
2012-02-19 15:00:00,3.9117253,1,0
2012-02-19 16:00:00,3.7137353,1,0
2012-02-19 17:00:00,3.4355404,1,0
2012-02-19 18:00:00,3.2492623,1,0
2012-02-19 19:00:00,3.0622594,1,0
2012-02-19 20:00:00,2.886648,1,0
2012-02-19 21:00:00,2.7536154,1,0
2012-02-19 22:00:00,2.617745,1,0
2012-02-19 23:00:00,2.4822354,1,0
2012-02-20 00:00:00,2.3418014,0,0
2012-02-20 01:00:00,2.2365627,0,0
2012-02-20 02:00:00,2.1162298,0,0
2012-02-20 03:00:00,1.9769827,0,0
2012-02-20 04:00:00,1.8788612,0,0
2012-02-20 05:00:00,1.9068646,0,0
2012-02-20 06:00:00,1.8205177,0,0
2012-02-20 07:00:00,1.7728149,0,0
2012-02-20 08:00:00,1.8844178,0,0
2012-02-20 09:00:00,2.177808,0,0
2012-02-20 10:00:00,2.468995,0,0
2012-02-20 11:00:00,2.7177815,0,0
2012-02-20 12:00:00,2.9859061,0,0
2012-02-20 13:00:00,3.199587,0,0
2012-02-20 14:00:00,3.3237584,0,0
2012-02-20 15:00:00,3.3390691,0,0
2012-02-20 16:00:00,3.2656326,0,0
2012-02-20 17:00:00,3.0182002,0,0
2012-02-20 18:00:00,2.7654924,0,0
2012-02-20 19:00:00,2.4392743,0,0
2012-02-20 20:00:00,2.0984826,0,0
2012-02-20 21:00:00,1.8231964,0,0
2012-02-20 22:00:00,1.6245874,0,0
2012-02-20 23:00:00,1.4811536,0,0
2012-02-21 00:00:00,1.3587489,0,0
2012-02-21 01:00:00,1.2700642,0,0
2012-02-21 02:00:00,1.206855,0,0
2012-02-21 03:00:00,1.1556871,0,0
2012-02-21 04:00:00,1.1120194,0,0
2012-02-21 05:00:00,1.0996675,0,0
2012-02-21 06:00:00,1.0533072,0,0
2012-02-21 07:00:00,1.0328178,0,0
2012-02-21 08:00:00,1.1370765,0,0
2012-02-21 09:00:00,1.3913716,0,0
2012-02-21 10:00:00,1.7412215,0,0
2012-02-21 11:00:00,2.1311927,0,0
2012-02-21 12:00:00,2.4066453,0,0
2012-02-21 13:00:00,2.6611633,0,0
2012-02-21 14:00:00,2.7734654,0,0
2012-02-21 15:00:00,2.8121145,0,0
2012-02-21 16:00:00,2.7434037,0,0
2012-02-21 17:00:00,2.5649593,0,0
2012-02-21 18:00:00,2.3334653,0,0
2012-02-21 19:00:00,1.9752773,0,0
2012-02-21 20:00:00,1.630606,0,0
2012-02-21 21:00:00,1.4211506,0,0
2012-02-21 22:00:00,1.3216535,0,0
2012-02-21 23:00:00,1.2341466,0,0
2012-02-22 00:00:00,1.1649595,0,0
2012-02-22 01:00:00,1.101484,0,0
2012-02-22 02:00:00,1.0401582,0,0
2012-02-22 03:00:00,0.98074627,0,0
2012-02-22 04:00:00,0.91663337,0,0
2012-02-22 05:00:00,0.8096838,0,0
2012-02-22 06:00:00,0.7161692,0,0
2012-02-22 07:00:00,0.6805854,0,0
2012-02-22 08:00:00,0.9508847,0,0
2012-02-22 09:00:00,1.3515185,0,0
2012-02-22 10:00:00,1.7767588,0,0
2012-02-22 11:00:00,2.1995535,0,0
2012-02-22 12:00:00,2.5529234,0,0
2012-02-22 13:00:00,2.8897185,0,0
2012-02-22 14:00:00,3.0951278,0,0
2012-02-22 15:00:00,3.1710312,0,0
2012-02-22 16:00:00,3.1553056,0,0
2012-02-22 17:00:00,3.1423,0,0
2012-02-22 18:00:00,2.9983373,0,0
2012-02-22 19:00:00,2.746224,0,0
2012-02-22 20:00:00,2.3929603,0,0
2012-02-22 21:00:00,2.1005955,0,0
2012-02-22 22:00:00,1.8738812,0,0
2012-02-22 23:00:00,1.6945757,0,0
2012-02-23 00:00:00,1.5520432,0,0
2012-02-23 01:00:00,1.4419972,0,0
2012-02-23 02:00:00,1.3508428,0,0
2012-02-23 03:00:00,1.2424569,0,0
2012-02-23 04:00:00,1.1475052,0,0
2012-02-23 05:00:00,1.0507649,0,0
2012-02-23 06:00:00,0.9682812,0,0
2012-02-23 07:00:00,0.93260294,0,0
2012-02-23 08:00:00,1.2887788,0,0
2012-02-23 09:00:00,1.7521791,0,0
2012-02-23 10:00:00,2.23882,0,0
2012-02-23 11:00:00,2.7525668,0,0
2012-02-23 12:00:00,3.1655664,0,0
2012-02-23 13:00:00,3.4436777,0,0
2012-02-23 14:00:00,3.5871048,0,0
2012-02-23 15:00:00,3.6142492,0,0
2012-02-23 16:00:00,3.571933,0,0
2012-02-23 17:00:00,3.479192,0,0
2012-02-23 18:00:00,3.3293853,0,0
2012-02-23 19:00:00,3.190468,0,0
2012-02-23 20:00:00,2.876643,0,0
2012-02-23 21:00:00,2.6233218,0,0
2012-02-23 22:00:00,2.415378,0,0
2012-02-23 23:00:00,2.2321155,0,0
2012-02-24 00:00:00,2.0860357,0,0
2012-02-24 01:00:00,1.9723604,0,0
2012-02-24 02:00:00,1.8844929,0,0
2012-02-24 03:00:00,1.8219409,0,0
2012-02-24 04:00:00,1.7521557,0,0
2012-02-24 05:00:00,1.7002472,0,0
2012-02-24 06:00:00,1.6589133,0,0
2012-02-24 07:00:00,1.641235,0,0
2012-02-24 08:00:00,1.9295734,0,0
2012-02-24 09:00:00,2.4067261,0,0
2012-02-24 10:00:00,2.90884,0,0
2012-02-24 11:00:00,3.30762,0,0
2012-02-24 12:00:00,3.6358926,0,0
2012-02-24 13:00:00,3.900002,0,0
2012-02-24 14:00:00,4.1039057,0,0
2012-02-24 15:00:00,4.23216,0,0
2012-02-24 16:00:00,4.262108,0,0
2012-02-24 17:00:00,4.2544503,0,0
2012-02-24 18:00:00,4.149316,0,0
2012-02-24 19:00:00,3.9530306,0,0
2012-02-24 20:00:00,3.617584,0,0
2012-02-24 21:00:00,3.347676,0,0
2012-02-24 22:00:00,3.1074347,0,0
2012-02-24 23:00:00,2.975429,0,0
2012-02-25 00:00:00,2.93539,1,0
2012-02-25 01:00:00,2.8697581,1,0
2012-02-25 02:00:00,2.809188,1,0
2012-02-25 03:00:00,2.770864,1,0
2012-02-25 04:00:00,2.7356875,1,0
2012-02-25 05:00:00,2.6555374,1,0
2012-02-25 06:00:00,2.6358552,1,0
2012-02-25 07:00:00,2.6592636,1,0
2012-02-25 08:00:00,2.9642231,1,0
2012-02-25 09:00:00,3.4177094,1,0
2012-02-25 10:00:00,3.897444,1,0
2012-02-25 11:00:00,4.268078,1,0
2012-02-25 12:00:00,4.546729,1,0
2012-02-25 13:00:00,4.7603135,1,0
2012-02-25 14:00:00,4.936858,1,0
2012-02-25 15:00:00,5.045998,1,0
2012-02-25 16:00:00,5.025898,1,0
2012-02-25 17:00:00,4.9560223,1,0
2012-02-25 18:00:00,4.8171463,1,0
2012-02-25 19:00:00,4.5748377,1,0
2012-02-25 20:00:00,4.3144135,1,0
2012-02-25 21:00:00,4.1083364,1,0
2012-02-25 22:00:00,3.9529877,1,0
2012-02-25 23:00:00,3.7965941,1,0
2012-02-26 00:00:00,3.6562114,1,0
2012-02-26 01:00:00,3.4836354,1,0
2012-02-26 02:00:00,3.368755,1,0
2012-02-26 03:00:00,3.293357,1,0
2012-02-26 04:00:00,3.2163112,1,0
2012-02-26 05:00:00,3.156735,1,0
2012-02-26 06:00:00,3.073931,1,0
2012-02-26 07:00:00,3.0398982,1,0
2012-02-26 08:00:00,3.2430143,1,0
2012-02-26 09:00:00,3.6277153,1,0
2012-02-26 10:00:00,4.1599836,1,0
2012-02-26 11:00:00,4.4870853,1,0
2012-02-26 12:00:00,4.7190857,1,0
2012-02-26 13:00:00,4.885668,1,0
2012-02-26 14:00:00,5.0015645,1,0
2012-02-26 15:00:00,4.988013,1,0
2012-02-26 16:00:00,4.843317,1,0
2012-02-26 17:00:00,4.203801,1,0
2012-02-26 18:00:00,4.032548,1,0
2012-02-26 19:00:00,3.8984287,1,0
2012-02-26 20:00:00,3.7512667,1,0
2012-02-26 21:00:00,3.6592147,1,0
2012-02-26 22:00:00,3.5549147,1,0
2012-02-26 23:00:00,3.4395998,1,0
2012-02-27 00:00:00,3.3603926,0,0
2012-02-27 01:00:00,3.2754395,0,0
2012-02-27 02:00:00,3.2022772,0,0
2012-02-27 03:00:00,3.1146355,0,0
2012-02-27 04:00:00,3.0494,0,0
2012-02-27 05:00:00,2.985191,0,0
2012-02-27 06:00:00,2.9557962,0,0
2012-02-27 07:00:00,2.9026794,0,0
2012-02-27 08:00:00,2.8492575,0,0
2012-02-27 09:00:00,2.838117,0,0
2012-02-27 10:00:00,2.9019282,0,0
2012-02-27 11:00:00,3.1500347,0,0
2012-02-27 12:00:00,3.4918633,0,0
2012-02-27 13:00:00,3.8686576,0,0
2012-02-27 14:00:00,4.0098257,0,0
2012-02-27 15:00:00,4.002052,0,0
2012-02-27 16:00:00,3.8642724,0,0
2012-02-27 17:00:00,3.861194,0,0
2012-02-27 18:00:00,3.4263186,0,0
2012-02-27 19:00:00,2.9118645,0,0
2012-02-27 20:00:00,2.4790676,0,0
2012-02-27 21:00:00,2.2071564,0,0
2012-02-27 22:00:00,2.0822701,0,0
2012-02-27 23:00:00,1.9993476,0,0
2012-02-28 00:00:00,1.9248414,0,0
2012-02-28 01:00:00,1.8431013,0,0
2012-02-28 02:00:00,1.782296,0,0
2012-02-28 03:00:00,1.7491037,0,0
2012-02-28 04:00:00,1.6935834,0,0
2012-02-28 05:00:00,1.6514032,0,0
2012-02-28 06:00:00,1.5906923,0,0
2012-02-28 07:00:00,1.5591602,0,0
2012-02-28 08:00:00,1.5725628,0,0
2012-02-28 09:00:00,1.6196032,0,0
2012-02-28 10:00:00,1.7048218,0,0
2012-02-28 11:00:00,1.792018,0,0
2012-02-28 12:00:00,1.8782985,0,0
2012-02-28 13:00:00,1.94923,0,0
2012-02-28 14:00:00,2.0211287,0,0
2012-02-28 15:00:00,2.0391164,0,0
2012-02-28 16:00:00,1.9767075,0,0
2012-02-28 17:00:00,1.9953551,0,0
2012-02-28 18:00:00,1.9046713,0,0
2012-02-28 19:00:00,1.7261217,0,0
2012-02-28 20:00:00,1.539062,0,0
2012-02-28 21:00:00,1.391339,0,0
2012-02-28 22:00:00,1.3065145,0,0
2012-02-28 23:00:00,1.251123,0,0
2012-02-29 00:00:00,1.2122194,0,0
2012-02-29 01:00:00,1.2090908,0,0
2012-02-29 02:00:00,1.1958351,0,0
2012-02-29 03:00:00,1.1712945,0,0
2012-02-29 04:00:00,1.149807,0,0
2012-02-29 05:00:00,1.1581478,0,0
2012-02-29 06:00:00,1.1239696,0,0
2012-02-29 07:00:00,1.1189431,0,0
2012-02-29 08:00:00,1.2153528,0,0
2012-02-29 09:00:00,1.3573471,0,0
2012-02-29 10:00:00,1.4741096,0,0
2012-02-29 11:00:00,1.461173,0,0
2012-02-29 12:00:00,1.4978297,0,0
2012-02-29 13:00:00,1.391101,0,0
2012-02-29 14:00:00,1.3150777,0,0
2012-02-29 15:00:00,1.1989492,0,0
2012-02-29 16:00:00,1.071206,0,0
2012-02-29 17:00:00,0.8612671,0,0
2012-02-29 18:00:00,0.8043058,0,0
2012-02-29 19:00:00,0.7663184,0,0
2012-02-29 20:00:00,0.7453081,0,0
2012-02-29 21:00:00,0.71871233,0,0
2012-02-29 22:00:00,0.6866715,0,0
2012-02-29 23:00:00,0.6546304,0,0
2012-03-01 00:00:00,0.6057842,0,0
2012-03-01 01:00:00,0.6012623,0,0
2012-03-01 02:00:00,0.5841434,0,0
2012-03-01 03:00:00,0.55703926,0,0
2012-03-01 04:00:00,0.51461685,0,0
2012-03-01 05:00:00,0.5703066,0,0
2012-03-01 06:00:00,0.6051843,0,0
2012-03-01 07:00:00,0.62727755,0,0
2012-03-01 08:00:00,0.73722374,0,0
2012-03-01 09:00:00,0.91469973,0,0
2012-03-01 10:00:00,1.0288122,0,0
2012-03-01 11:00:00,1.2783275,0,0
2012-03-01 12:00:00,1.5682265,0,0
2012-03-01 13:00:00,1.6222633,0,0
2012-03-01 14:00:00,1.7236389,0,0
2012-03-01 15:00:00,1.7587454,0,0
2012-03-01 16:00:00,1.7897059,0,0
2012-03-01 17:00:00,1.7089788,0,0
2012-03-01 18:00:00,1.6372721,0,0
2012-03-01 19:00:00,1.519848,0,0
2012-03-01 20:00:00,1.3402182,0,0
2012-03-01 21:00:00,1.2185507,0,0
2012-03-01 22:00:00,1.131773,0,0
2012-03-01 23:00:00,1.0172223,0,0
2012-03-02 00:00:00,0.8420483,0,0
2012-03-02 01:00:00,0.6645644,0,0
2012-03-02 02:00:00,0.5275446,0,0
2012-03-02 03:00:00,0.43147823,0,0
2012-03-02 04:00:00,0.36185485,0,0
2012-03-02 05:00:00,0.2234294,0,0
2012-03-02 06:00:00,0.15322188,0,0
2012-03-02 07:00:00,0.11572401,0,0
2012-03-02 08:00:00,0.22644557,0,0
2012-03-02 09:00:00,0.4899862,0,0
2012-03-02 10:00:00,0.77142066,0,0
2012-03-02 11:00:00,1.1415933,0,0
2012-03-02 12:00:00,1.3964735,0,0
2012-03-02 13:00:00,1.6659272,0,0
2012-03-02 14:00:00,1.7244577,0,0
2012-03-02 15:00:00,1.8372473,0,0
2012-03-02 16:00:00,1.876886,0,0
2012-03-02 17:00:00,1.8040091,0,0
2012-03-02 18:00:00,1.7536325,0,0
2012-03-02 19:00:00,1.6655982,0,0
2012-03-02 20:00:00,1.5496497,0,0
2012-03-02 21:00:00,1.4731319,0,0
2012-03-02 22:00:00,1.4192094,0,0
2012-03-02 23:00:00,1.3575631,0,0
2012-03-03 00:00:00,1.2749823,1,0
2012-03-03 01:00:00,1.1954552,1,0
2012-03-03 02:00:00,1.1324158,1,0
2012-03-03 03:00:00,1.0523988,1,0
2012-03-03 04:00:00,0.9582975,1,0
2012-03-03 05:00:00,0.8523273,1,0
2012-03-03 06:00:00,0.6989019,1,0
2012-03-03 07:00:00,0.63719267,1,0
2012-03-03 08:00:00,1.0791746,1,0
2012-03-03 09:00:00,1.5124986,1,0
2012-03-03 10:00:00,1.8105967,1,0
2012-03-03 11:00:00,2.0346115,1,0
2012-03-03 12:00:00,2.2005265,1,0
2012-03-03 13:00:00,2.2900019,1,0
2012-03-03 14:00:00,2.344352,1,0
2012-03-03 15:00:00,2.3296025,1,0
2012-03-03 16:00:00,2.2810047,1,0
2012-03-03 17:00:00,2.137819,1,0
2012-03-03 18:00:00,2.013118,1,0
2012-03-03 19:00:00,1.8732979,1,0
2012-03-03 20:00:00,1.740583,1,0
2012-03-03 21:00:00,1.6356964,1,0
2012-03-03 22:00:00,1.5256627,1,0
2012-03-03 23:00:00,1.4111818,1,0
2012-03-04 00:00:00,1.3318143,1,0
2012-03-04 01:00:00,1.2722425,1,0
2012-03-04 02:00:00,1.2252012,1,0
2012-03-04 03:00:00,1.1851709,1,0
2012-03-04 04:00:00,1.1166234,1,0
2012-03-04 05:00:00,0.9004282,1,0
2012-03-04 06:00:00,0.7933966,1,0
2012-03-04 07:00:00,0.7554211,1,0
2012-03-04 08:00:00,0.8663146,1,0
2012-03-04 09:00:00,0.99343187,1,0
2012-03-04 10:00:00,1.1517171,1,0
2012-03-04 11:00:00,1.2810466,1,0
2012-03-04 12:00:00,1.3648384,1,0
2012-03-04 13:00:00,1.4542161,1,0
2012-03-04 14:00:00,1.5306369,1,0
2012-03-04 15:00:00,1.5506486,1,0
2012-03-04 16:00:00,1.539238,1,0
2012-03-04 17:00:00,1.5477908,1,0
2012-03-04 18:00:00,1.4946973,1,0
2012-03-04 19:00:00,1.4033309,1,0
2012-03-04 20:00:00,1.3058068,1,0
2012-03-04 21:00:00,1.2374269,1,0
2012-03-04 22:00:00,1.1832688,1,0
2012-03-04 23:00:00,1.1326538,1,0
2012-03-05 00:00:00,1.0766249,0,0
2012-03-05 01:00:00,1.0019705,0,0
2012-03-05 02:00:00,0.94397646,0,0
2012-03-05 03:00:00,0.87831,0,0
2012-03-05 04:00:00,0.84182256,0,0
2012-03-05 05:00:00,0.7366906,0,0
2012-03-05 06:00:00,0.68436426,0,0
2012-03-05 07:00:00,0.652973,0,0
2012-03-05 08:00:00,0.762391,0,0
2012-03-05 09:00:00,0.9200923,0,0
2012-03-05 10:00:00,1.0881872,0,0
2012-03-05 11:00:00,1.2950953,0,0
2012-03-05 12:00:00,1.4515297,0,0
2012-03-05 13:00:00,1.5747682,0,0
2012-03-05 14:00:00,1.6473094,0,0
2012-03-05 15:00:00,1.6486526,0,0
2012-03-05 16:00:00,1.6350616,0,0
2012-03-05 17:00:00,1.5601374,0,0
2012-03-05 18:00:00,1.4315445,0,0
2012-03-05 19:00:00,1.2396458,0,0
2012-03-05 20:00:00,1.0155468,0,0
2012-03-05 21:00:00,0.8570981,0,0
2012-03-05 22:00:00,0.7490294,0,0
2012-03-05 23:00:00,0.6413872,0,0
2012-03-06 00:00:00,0.55328614,0,0
2012-03-06 01:00:00,0.49436387,0,0
2012-03-06 02:00:00,0.45128012,0,0
2012-03-06 03:00:00,0.3671483,0,0
2012-03-06 04:00:00,0.3046954,0,0
2012-03-06 05:00:00,0.22478299,0,0
2012-03-06 06:00:00,0.16582173,0,0
2012-03-06 07:00:00,0.10799972,0,0
2012-03-06 08:00:00,0.1795176,0,0
2012-03-06 09:00:00,0.3092883,0,0
2012-03-06 10:00:00,0.5029755,0,0
2012-03-06 11:00:00,0.77093834,0,0
2012-03-06 12:00:00,1.109445,0,0
2012-03-06 13:00:00,1.3959584,0,0
2012-03-06 14:00:00,1.570837,0,0
2012-03-06 15:00:00,1.631771,0,0
2012-03-06 16:00:00,1.6304442,0,0
2012-03-06 17:00:00,1.5789963,0,0
2012-03-06 18:00:00,1.4490612,0,0
2012-03-06 19:00:00,1.250978,0,0
2012-03-06 20:00:00,1.0156757,0,0
2012-03-06 21:00:00,0.83472216,0,0
2012-03-06 22:00:00,0.6998623,0,0
2012-03-06 23:00:00,0.62130433,0,0
2012-03-07 00:00:00,0.5896465,0,0
2012-03-07 01:00:00,0.5301526,0,0
2012-03-07 02:00:00,0.42378262,0,0
2012-03-07 03:00:00,0.27226692,0,0
2012-03-07 04:00:00,0.14300156,0,0
2012-03-07 05:00:00,-0.03859676,0,0
2012-03-07 06:00:00,-0.12189021,0,0
2012-03-07 07:00:00,-0.16802746,0,0
2012-03-07 08:00:00,-0.031180495,0,0
2012-03-07 09:00:00,0.29106623,0,0
2012-03-07 10:00:00,0.62833756,0,0
2012-03-07 11:00:00,0.93431705,0,0
2012-03-07 12:00:00,1.2045149,0,0
2012-03-07 13:00:00,1.4319272,0,0
2012-03-07 14:00:00,1.6275537,0,0
2012-03-07 15:00:00,1.783882,0,0
2012-03-07 16:00:00,1.8450394,0,0
2012-03-07 17:00:00,1.8523698,0,0
2012-03-07 18:00:00,1.7336725,0,0
2012-03-07 19:00:00,1.5040369,0,0
2012-03-07 20:00:00,1.2205507,0,0
2012-03-07 21:00:00,0.9862586,0,0
2012-03-07 22:00:00,0.79789966,0,0
2012-03-07 23:00:00,0.5731386,0,0
2012-03-08 00:00:00,0.3096004,0,0
2012-03-08 01:00:00,0.15337116,0,0
2012-03-08 02:00:00,0.07584039,0,0
2012-03-08 03:00:00,0.027061345,0,0
2012-03-08 04:00:00,-0.042491917,0,0
2012-03-08 05:00:00,-0.18297245,0,0
2012-03-08 06:00:00,-0.24930051,0,0
2012-03-08 07:00:00,-0.28505632,0,0
2012-03-08 08:00:00,-0.036869835,0,0
2012-03-08 09:00:00,0.41175792,0,0
2012-03-08 10:00:00,0.87220126,0,0
2012-03-08 11:00:00,1.2328805,0,0
2012-03-08 12:00:00,1.5440933,0,0
2012-03-08 13:00:00,1.8153421,0,0
2012-03-08 14:00:00,1.9833167,0,0
2012-03-08 15:00:00,2.0385513,0,0
2012-03-08 16:00:00,1.9957461,0,0
2012-03-08 17:00:00,1.8789661,0,0
2012-03-08 18:00:00,1.6973187,0,0
2012-03-08 19:00:00,1.5059834,0,0
2012-03-08 20:00:00,1.2576641,0,0
2012-03-08 21:00:00,1.0434685,0,0
2012-03-08 22:00:00,0.86731064,0,0
2012-03-08 23:00:00,0.7376576,0,0
2012-03-09 00:00:00,0.60677123,0,0
2012-03-09 01:00:00,0.45141932,0,0
2012-03-09 02:00:00,0.27481505,0,0
2012-03-09 03:00:00,0.10636066,0,0
2012-03-09 04:00:00,0.017964747,0,0
2012-03-09 05:00:00,-0.08455002,0,0
2012-03-09 06:00:00,-0.13193288,0,0
2012-03-09 07:00:00,-0.17616802,0,0
2012-03-09 08:00:00,0.3290695,0,0
2012-03-09 09:00:00,1.0651994,0,0
2012-03-09 10:00:00,1.312949,0,0
2012-03-09 11:00:00,1.4596024,0,0
2012-03-09 12:00:00,1.6258048,0,0
2012-03-09 13:00:00,1.7450638,0,0
2012-03-09 14:00:00,1.815797,0,0
2012-03-09 15:00:00,1.86619,0,0
2012-03-09 16:00:00,1.9165152,0,0
2012-03-09 17:00:00,1.8689723,0,0
2012-03-09 18:00:00,1.827567,0,0
2012-03-09 19:00:00,1.7134415,0,0
2012-03-09 20:00:00,1.4898705,0,0
2012-03-09 21:00:00,1.3232288,0,0
2012-03-09 22:00:00,1.2025207,0,0
2012-03-09 23:00:00,1.0872062,0,0
2012-03-10 00:00:00,0.97106564,1,0
2012-03-10 01:00:00,0.86878616,1,0
2012-03-10 02:00:00,0.79123855,1,0
2012-03-10 03:00:00,0.707107,1,0
2012-03-10 04:00:00,0.63806975,1,0
2012-03-10 05:00:00,0.5348356,1,0
2012-03-10 06:00:00,0.48062629,1,0
2012-03-10 07:00:00,0.4384586,1,0
2012-03-10 08:00:00,0.53404653,1,0
2012-03-10 09:00:00,0.73942316,1,0
2012-03-10 10:00:00,0.9789432,1,0
2012-03-10 11:00:00,1.2395556,1,0
2012-03-10 12:00:00,1.4328573,1,0
2012-03-10 13:00:00,1.7207975,1,0
2012-03-10 14:00:00,1.9599575,1,0
2012-03-10 15:00:00,2.1123314,1,0
2012-03-10 16:00:00,2.1331563,1,0
2012-03-10 17:00:00,2.0488358,1,0
2012-03-10 18:00:00,1.8675717,1,0
2012-03-10 19:00:00,1.5715894,1,0
2012-03-10 20:00:00,1.1844544,1,0
2012-03-10 21:00:00,0.8475707,1,0
2012-03-10 22:00:00,0.6225478,1,0
2012-03-10 23:00:00,0.47259313,1,0
2012-03-11 00:00:00,0.34722945,1,0
2012-03-11 01:00:00,0.23504597,1,0
2012-03-11 02:00:00,0.13821149,1,0
2012-03-11 03:00:00,0.039983585,1,0
2012-03-11 04:00:00,-0.041106854,1,0
2012-03-11 05:00:00,-0.13998438,1,0
2012-03-11 06:00:00,-0.1872608,1,0
2012-03-11 07:00:00,-0.22869697,1,0
2012-03-11 08:00:00,0.015770208,1,0
2012-03-11 09:00:00,0.4582014,1,0
2012-03-11 10:00:00,0.89355624,1,0
2012-03-11 11:00:00,1.3446816,1,0
2012-03-11 12:00:00,1.7310883,1,0
2012-03-11 13:00:00,1.9582198,1,0
2012-03-11 14:00:00,2.0879169,1,0
2012-03-11 15:00:00,2.137377,1,0
2012-03-11 16:00:00,2.1525848,1,0
2012-03-11 17:00:00,2.017928,1,0
2012-03-11 18:00:00,1.8557009,1,0
2012-03-11 19:00:00,1.5145069,1,0
2012-03-11 20:00:00,1.1445258,1,0
2012-03-11 21:00:00,0.90281177,1,0
2012-03-11 22:00:00,0.7469734,1,0
2012-03-11 23:00:00,0.62183285,1,0
2012-03-12 00:00:00,0.5266151,0,1
2012-03-12 01:00:00,0.44649163,0,1
2012-03-12 02:00:00,0.37701586,0,1
2012-03-12 03:00:00,0.320231,0,1
2012-03-12 04:00:00,0.2377472,0,1
2012-03-12 05:00:00,0.15353757,0,1
2012-03-12 06:00:00,0.08170147,0,1
2012-03-12 07:00:00,0.017760677,0,1
2012-03-12 08:00:00,0.26396564,0,1
2012-03-12 09:00:00,0.78876024,0,1
2012-03-12 10:00:00,1.294921,0,1
2012-03-12 11:00:00,1.8052478,0,1
2012-03-12 12:00:00,2.2126405,0,1
2012-03-12 13:00:00,2.483252,0,1
2012-03-12 14:00:00,2.6528986,0,1
2012-03-12 15:00:00,2.7337973,0,1
2012-03-12 16:00:00,2.7220707,0,1
2012-03-12 17:00:00,2.589214,0,1
2012-03-12 18:00:00,2.4556453,0,1
2012-03-12 19:00:00,2.2793486,0,1
2012-03-12 20:00:00,2.018451,0,1
2012-03-12 21:00:00,1.7532995,0,1
2012-03-12 22:00:00,1.5193516,0,1
2012-03-12 23:00:00,1.2768588,0,1
2012-03-13 00:00:00,1.0868832,0,0
2012-03-13 01:00:00,0.97947425,0,0
2012-03-13 02:00:00,0.8633605,0,0
2012-03-13 03:00:00,0.77098507,0,0
2012-03-13 04:00:00,0.74856925,0,0
2012-03-13 05:00:00,0.6673686,0,0
2012-03-13 06:00:00,0.6270714,0,0
2012-03-13 07:00:00,0.6211436,0,0
2012-03-13 08:00:00,1.0031396,0,0
2012-03-13 09:00:00,1.7240477,0,0
2012-03-13 10:00:00,2.1880503,0,0
2012-03-13 11:00:00,2.5924163,0,0
2012-03-13 12:00:00,2.8924096,0,0
2012-03-13 13:00:00,3.1154552,0,0
2012-03-13 14:00:00,3.2600644,0,0
2012-03-13 15:00:00,3.3126965,0,0
2012-03-13 16:00:00,3.2930696,0,0
2012-03-13 17:00:00,3.1128705,0,0
2012-03-13 18:00:00,2.9748545,0,0
2012-03-13 19:00:00,2.7815883,0,0
2012-03-13 20:00:00,2.873679,0,0
2012-03-13 21:00:00,2.2880063,0,0
2012-03-13 22:00:00,2.0833766,0,0
2012-03-13 23:00:00,2.0493782,0,0
2012-03-14 00:00:00,2.0557783,0,0
2012-03-14 01:00:00,2.0390549,0,0
2012-03-14 02:00:00,1.9568304,0,0
2012-03-14 03:00:00,1.8124782,0,0
2012-03-14 04:00:00,1.6597997,0,0
2012-03-14 05:00:00,1.4871808,0,0
2012-03-14 06:00:00,1.4363545,0,0
2012-03-14 07:00:00,1.4802715,0,0
2012-03-14 08:00:00,1.6926373,0,0
2012-03-14 09:00:00,2.0336936,0,0
2012-03-14 10:00:00,2.4156888,0,0
2012-03-14 11:00:00,2.7465334,0,0
2012-03-14 12:00:00,3.0516257,0,0
2012-03-14 13:00:00,3.2844055,0,0
2012-03-14 14:00:00,3.3315198,0,0
2012-03-14 15:00:00,3.241549,0,0
2012-03-14 16:00:00,3.1777213,0,0
2012-03-14 17:00:00,3.2382221,0,0
2012-03-14 18:00:00,3.042676,0,0
2012-03-14 19:00:00,2.8457303,0,0
2012-03-14 20:00:00,2.679843,0,0
2012-03-14 21:00:00,2.560727,0,0
2012-03-14 22:00:00,2.4392505,0,0
2012-03-14 23:00:00,2.3499284,0,0
2012-03-15 00:00:00,2.28526,0,0
2012-03-15 01:00:00,2.210305,0,0
2012-03-15 02:00:00,2.1836312,0,0
2012-03-15 03:00:00,2.1065385,0,0
2012-03-15 04:00:00,1.948361,0,0
2012-03-15 05:00:00,1.4886137,0,0
2012-03-15 06:00:00,1.3466289,0,0
2012-03-15 07:00:00,1.2433825,0,0
2012-03-15 08:00:00,1.2646681,0,0
2012-03-15 09:00:00,1.3197296,0,0
2012-03-15 10:00:00,1.3946736,0,0
2012-03-15 11:00:00,1.5191325,0,0
2012-03-15 12:00:00,1.6341773,0,0
2012-03-15 13:00:00,1.7498403,0,0
2012-03-15 14:00:00,1.8749688,0,0
2012-03-15 15:00:00,1.9083086,0,0
2012-03-15 16:00:00,1.8871542,0,0
2012-03-15 17:00:00,1.8226303,0,0
2012-03-15 18:00:00,1.7683812,0,0
2012-03-15 19:00:00,1.7044992,0,0
2012-03-15 20:00:00,1.6262199,0,0
2012-03-15 21:00:00,1.5567174,0,0
2012-03-15 22:00:00,1.4685384,0,0
2012-03-15 23:00:00,1.3858947,0,0
2012-03-16 00:00:00,1.3208778,0,0
2012-03-16 01:00:00,1.270466,0,0
2012-03-16 02:00:00,1.2119044,0,0
2012-03-16 03:00:00,1.1100798,0,0
2012-03-16 04:00:00,1.0251387,0,0
2012-03-16 05:00:00,0.9843479,0,0
2012-03-16 06:00:00,0.88639855,0,0
2012-03-16 07:00:00,0.81330997,0,0
2012-03-16 08:00:00,0.845893,0,0
2012-03-16 09:00:00,0.9801494,0,0
2012-03-16 10:00:00,1.1070122,0,0
2012-03-16 11:00:00,1.2625617,0,0
2012-03-16 12:00:00,1.3463535,0,0
2012-03-16 13:00:00,1.4112535,0,0
2012-03-16 14:00:00,1.4778482,0,0
2012-03-16 15:00:00,1.4607693,0,0
2012-03-16 16:00:00,1.3923002,0,0
2012-03-16 17:00:00,1.299608,0,0
2012-03-16 18:00:00,1.1235869,0,0
2012-03-16 19:00:00,0.9035466,0,0
2012-03-16 20:00:00,0.6864189,0,0
2012-03-16 21:00:00,0.5092119,0,0
2012-03-16 22:00:00,0.37282965,0,0
2012-03-16 23:00:00,0.2512752,0,0
2012-03-17 00:00:00,0.14860035,1,0
2012-03-17 01:00:00,0.05481921,1,0
2012-03-17 02:00:00,-0.02247404,1,0
2012-03-17 03:00:00,-0.0840232,1,0
2012-03-17 04:00:00,-0.14294526,1,0
2012-03-17 05:00:00,-0.13831516,1,0
2012-03-17 06:00:00,-0.17446633,1,0
2012-03-17 07:00:00,-0.17056814,1,0
2012-03-17 08:00:00,0.10497742,1,0
2012-03-17 09:00:00,0.5208956,1,0
2012-03-17 10:00:00,0.76008964,1,0
2012-03-17 11:00:00,0.9171567,1,0
2012-03-17 12:00:00,1.0686069,1,0
2012-03-17 13:00:00,1.2395717,1,0
2012-03-17 14:00:00,1.4360633,1,0
2012-03-17 15:00:00,1.5145899,1,0
2012-03-17 16:00:00,1.5099164,1,0
2012-03-17 17:00:00,1.4635558,1,0
2012-03-17 18:00:00,1.2485152,1,0
2012-03-17 19:00:00,0.9490742,1,0
2012-03-17 20:00:00,0.6524163,1,0
2012-03-17 21:00:00,0.4604322,1,0
2012-03-17 22:00:00,0.35937408,1,0
2012-03-17 23:00:00,0.32143763,1,0
2012-03-18 00:00:00,0.3136781,1,0
2012-03-18 01:00:00,0.3179595,1,0
2012-03-18 02:00:00,0.31565678,1,0
2012-03-18 03:00:00,0.29094392,1,0
2012-03-18 04:00:00,0.22496031,1,0
2012-03-18 05:00:00,0.05103399,1,0
2012-03-18 06:00:00,-0.050540246,1,0
2012-03-18 07:00:00,-0.13540366,1,0
2012-03-18 08:00:00,-0.018020414,1,0
2012-03-18 09:00:00,0.26474416,1,0
2012-03-18 10:00:00,0.6364359,1,0
2012-03-18 11:00:00,0.9689748,1,0
2012-03-18 12:00:00,1.2606239,1,0
2012-03-18 13:00:00,1.5077453,1,0
2012-03-18 14:00:00,1.7191545,1,0
2012-03-18 15:00:00,1.8881618,1,0
2012-03-18 16:00:00,1.94313,1,0
2012-03-18 17:00:00,1.9092062,1,0
2012-03-18 18:00:00,1.760375,1,0
2012-03-18 19:00:00,1.4857944,1,0
2012-03-18 20:00:00,1.2279216,1,0
2012-03-18 21:00:00,1.053487,1,0
2012-03-18 22:00:00,0.91384804,1,0
2012-03-18 23:00:00,0.7950762,1,0
2012-03-19 00:00:00,0.7166981,0,0
2012-03-19 01:00:00,0.7136639,0,0
2012-03-19 02:00:00,0.81288904,0,0
2012-03-19 03:00:00,0.923889,0,0
2012-03-19 04:00:00,0.97992915,0,0
2012-03-19 05:00:00,1.0017719,0,0
2012-03-19 06:00:00,1.0214778,0,0
2012-03-19 07:00:00,1.0246131,0,0
2012-03-19 08:00:00,1.0999671,0,0
2012-03-19 09:00:00,1.325991,0,0
2012-03-19 10:00:00,1.6587846,0,0
2012-03-19 11:00:00,2.0612059,0,0
2012-03-19 12:00:00,2.397273,0,0
2012-03-19 13:00:00,2.6406918,0,0
2012-03-19 14:00:00,2.776856,0,0
2012-03-19 15:00:00,2.8379865,0,0
2012-03-19 16:00:00,2.8122964,0,0
2012-03-19 17:00:00,2.7555501,0,0
2012-03-19 18:00:00,2.6089625,0,0
2012-03-19 19:00:00,2.3176832,0,0
2012-03-19 20:00:00,2.0414474,0,0
2012-03-19 21:00:00,1.8362128,0,0
2012-03-19 22:00:00,1.7604514,0,0
2012-03-19 23:00:00,1.7442733,0,0
2012-03-20 00:00:00,1.7663436,0,0
2012-03-20 01:00:00,1.7678237,0,0
2012-03-20 02:00:00,1.7321308,0,0
2012-03-20 03:00:00,1.6772411,0,0
2012-03-20 04:00:00,1.6277142,0,0
2012-03-20 05:00:00,1.6660119,0,0
2012-03-20 06:00:00,1.6502048,0,0
2012-03-20 07:00:00,1.6292068,0,0
2012-03-20 08:00:00,1.7385817,0,0
2012-03-20 09:00:00,2.0705945,0,0
2012-03-20 10:00:00,2.4851227,0,0
2012-03-20 11:00:00,2.8554962,0,0
2012-03-20 12:00:00,3.088499,0,0
2012-03-20 13:00:00,3.251326,0,0
2012-03-20 14:00:00,3.3948228,0,0
2012-03-20 15:00:00,3.4702652,0,0
2012-03-20 16:00:00,3.4791596,0,0
2012-03-20 17:00:00,3.3597856,0,0
2012-03-20 18:00:00,3.2245657,0,0
2012-03-20 19:00:00,3.0312858,0,0
2012-03-20 20:00:00,2.8826547,0,0
2012-03-20 21:00:00,2.6593158,0,0
2012-03-20 22:00:00,2.4964986,0,0
2012-03-20 23:00:00,2.3104925,0,0
2012-03-21 00:00:00,2.0150094,0,0
2012-03-21 01:00:00,1.5502001,0,0
2012-03-21 02:00:00,1.3001829,0,0
2012-03-21 03:00:00,1.1428028,0,0
2012-03-21 04:00:00,0.99597627,0,0
2012-03-21 05:00:00,0.52671826,0,0
2012-03-21 06:00:00,0.2732751,0,0
2012-03-21 07:00:00,0.12112425,0,0
2012-03-21 08:00:00,-0.018069157,0,0
2012-03-21 09:00:00,0.0027168135,0,0
2012-03-21 10:00:00,0.072634585,0,0
2012-03-21 11:00:00,0.21152641,0,0
2012-03-21 12:00:00,0.31663284,0,0
2012-03-21 13:00:00,0.4000171,0,0
2012-03-21 14:00:00,0.42829198,0,0
2012-03-21 15:00:00,0.44517532,0,0
2012-03-21 16:00:00,0.40071344,0,0
2012-03-21 17:00:00,0.2745435,0,0
2012-03-21 18:00:00,0.16707672,0,0
2012-03-21 19:00:00,0.036130436,0,0
2012-03-21 20:00:00,-0.020964166,0,0
2012-03-21 21:00:00,-0.052062336,0,0
2012-03-21 22:00:00,-0.08594728,0,0
2012-03-21 23:00:00,-0.14578573,0,0
2012-03-22 00:00:00,-0.21592301,0,0
2012-03-22 01:00:00,-0.22629748,0,0
2012-03-22 02:00:00,-0.29979357,0,0
2012-03-22 03:00:00,-0.3428773,0,0
2012-03-22 04:00:00,-0.41562954,0,0
2012-03-22 05:00:00,-0.40117782,0,0
2012-03-22 06:00:00,-0.43527365,0,0
2012-03-22 07:00:00,-0.46797645,0,0
2012-03-22 08:00:00,-0.38774914,0,0
2012-03-22 09:00:00,-0.2938478,0,0
2012-03-22 10:00:00,-0.14123079,0,0
2012-03-22 11:00:00,-0.059239678,0,0
2012-03-22 12:00:00,0.021486783,0,0
2012-03-22 13:00:00,0.14492054,0,0
2012-03-22 14:00:00,0.1451128,0,0
2012-03-22 15:00:00,0.25442925,0,0
2012-03-22 16:00:00,0.35249203,0,0
2012-03-22 17:00:00,0.38659486,0,0
2012-03-22 18:00:00,0.30830234,0,0
2012-03-22 19:00:00,0.19978648,0,0
2012-03-22 20:00:00,0.162989,0,0
2012-03-22 21:00:00,0.1553869,0,0
2012-03-22 22:00:00,0.12404659,0,0
2012-03-22 23:00:00,0.09628042,0,0
2012-03-23 00:00:00,0.048163295,0,0
2012-03-23 01:00:00,0.02393985,0,0
2012-03-23 02:00:00,-0.052201983,0,0
2012-03-23 03:00:00,-0.1554406,0,0
2012-03-23 04:00:00,-0.2848704,0,0
2012-03-23 05:00:00,-0.3389895,0,0
2012-03-23 06:00:00,-0.4055598,0,0
2012-03-23 07:00:00,-0.4237708,0,0
2012-03-23 08:00:00,-0.38179234,0,0
2012-03-23 09:00:00,-0.3115615,0,0
2012-03-23 10:00:00,-0.19241437,0,0
2012-03-23 11:00:00,-0.09380221,0,0
2012-03-23 12:00:00,0.0052317996,0,0
2012-03-23 13:00:00,0.0904948,0,0
2012-03-23 14:00:00,0.121757336,0,0
2012-03-23 15:00:00,0.18001795,0,0
2012-03-23 16:00:00,0.16183896,0,0
2012-03-23 17:00:00,0.15045522,0,0
2012-03-23 18:00:00,0.06088202,0,0
2012-03-23 19:00:00,-0.0012502545,0,0
2012-03-23 20:00:00,-0.024867304,0,0
2012-03-23 21:00:00,-0.05646206,0,0
2012-03-23 22:00:00,-0.054826338,0,0
2012-03-23 23:00:00,-0.054094527,0,0
2012-03-24 00:00:00,-0.05978709,1,0
2012-03-24 01:00:00,-0.082871035,1,0
2012-03-24 02:00:00,-0.09226637,1,0
2012-03-24 03:00:00,-0.07553637,1,0
2012-03-24 04:00:00,-0.059804335,1,0
2012-03-24 05:00:00,-0.049564008,1,0
2012-03-24 06:00:00,-0.011409467,1,0
2012-03-24 07:00:00,0.029625999,1,0
2012-03-24 08:00:00,0.12613772,1,0
2012-03-24 09:00:00,0.2425636,1,0
2012-03-24 10:00:00,0.37134832,1,0
2012-03-24 11:00:00,0.43031818,1,0
2012-03-24 12:00:00,0.508813,1,0
2012-03-24 13:00:00,0.59992063,1,0
2012-03-24 14:00:00,0.71023315,1,0
2012-03-24 15:00:00,0.69036746,1,0
2012-03-24 16:00:00,0.69202054,1,0
2012-03-24 17:00:00,0.7274468,1,0
2012-03-24 18:00:00,0.66785955,1,0
2012-03-24 19:00:00,0.5629417,1,0
2012-03-24 20:00:00,0.48022327,1,0
2012-03-24 21:00:00,0.4217594,1,0
2012-03-24 22:00:00,0.3873777,1,0
2012-03-24 23:00:00,0.31674412,1,0
2012-03-25 00:00:00,0.25889534,1,0
2012-03-25 01:00:00,0.16667715,1,0
2012-03-25 02:00:00,0.04379255,1,0
2012-03-25 03:00:00,-0.018820489,1,0
2012-03-25 04:00:00,-0.07698669,1,0
2012-03-25 05:00:00,-0.10828356,1,0
2012-03-25 06:00:00,-0.14882289,1,0
2012-03-25 07:00:00,-0.14954767,1,0
2012-03-25 08:00:00,0.008362664,1,0
2012-03-25 09:00:00,0.2533458,1,0
2012-03-25 10:00:00,0.41118804,1,0
2012-03-25 11:00:00,0.56896454,1,0
2012-03-25 12:00:00,0.7469174,1,0
2012-03-25 13:00:00,0.9502085,1,0
2012-03-25 14:00:00,1.1043365,1,0
2012-03-25 15:00:00,1.1232127,1,0
2012-03-25 16:00:00,1.1152072,1,0
2012-03-25 17:00:00,1.0894475,1,0
2012-03-25 18:00:00,0.9836727,1,0
2012-03-25 19:00:00,0.78419167,1,0
2012-03-25 20:00:00,0.5523934,1,0
2012-03-25 21:00:00,0.39479068,1,0
2012-03-25 22:00:00,0.27609858,1,0
2012-03-25 23:00:00,0.16079645,1,0
2012-03-26 00:00:00,0.087853,0,0
2012-03-26 01:00:00,0.0017294536,0,0
2012-03-26 02:00:00,-0.055705108,0,0
2012-03-26 03:00:00,-0.1267342,0,0
2012-03-26 04:00:00,-0.20823881,0,0
2012-03-26 05:00:00,-0.31962302,0,0
2012-03-26 06:00:00,-0.3907976,0,0
2012-03-26 07:00:00,-0.4197072,0,0
2012-03-26 08:00:00,-0.32574454,0,0
2012-03-26 09:00:00,0.074951686,0,0
2012-03-26 10:00:00,0.46681184,0,0
2012-03-26 11:00:00,0.7917629,0,0
2012-03-26 12:00:00,1.049887,0,0
2012-03-26 13:00:00,1.2751205,0,0
2012-03-26 14:00:00,1.3689771,0,0
2012-03-26 15:00:00,1.3579426,0,0
2012-03-26 16:00:00,1.3166248,0,0
2012-03-26 17:00:00,1.4111391,0,0
2012-03-26 18:00:00,1.2895648,0,0
2012-03-26 19:00:00,1.0602944,0,0
2012-03-26 20:00:00,0.79674155,0,0
2012-03-26 21:00:00,0.6104377,0,0
2012-03-26 22:00:00,0.4383434,0,0
2012-03-26 23:00:00,0.31710672,0,0
2012-03-27 00:00:00,0.22949538,0,0
2012-03-27 01:00:00,0.16538237,0,0
2012-03-27 02:00:00,0.08718524,0,0
2012-03-27 03:00:00,0.0661753,0,0
2012-03-27 04:00:00,0.04451574,0,0
2012-03-27 05:00:00,0.008931896,0,0
2012-03-27 06:00:00,-0.012555561,0,0
2012-03-27 07:00:00,-0.03469249,0,0
2012-03-27 08:00:00,0.058448322,0,0
2012-03-27 09:00:00,0.29675105,0,0
2012-03-27 10:00:00,0.5444267,0,0
2012-03-27 11:00:00,0.8076598,0,0
2012-03-27 12:00:00,1.0493207,0,0
2012-03-27 13:00:00,1.1833836,0,0
2012-03-27 14:00:00,1.2177027,0,0
2012-03-27 15:00:00,1.316025,0,0
2012-03-27 16:00:00,1.4136034,0,0
2012-03-27 17:00:00,1.41076,0,0
2012-03-27 18:00:00,1.3687607,0,0
2012-03-27 19:00:00,1.2402891,0,0
2012-03-27 20:00:00,1.0792454,0,0
2012-03-27 21:00:00,0.952537,0,0
2012-03-27 22:00:00,0.8406053,0,0
2012-03-27 23:00:00,0.7550491,0,0
2012-03-28 00:00:00,0.7095571,0,0
2012-03-28 01:00:00,0.55329674,0,0
2012-03-28 02:00:00,0.4645421,0,0
2012-03-28 03:00:00,0.39070955,0,0
2012-03-28 04:00:00,0.31828687,0,0
2012-03-28 05:00:00,0.26987472,0,0
2012-03-28 06:00:00,0.12905784,0,0
2012-03-28 07:00:00,0.00026995922,0,0
2012-03-28 08:00:00,0.27892396,0,0
2012-03-28 09:00:00,0.886787,0,0
2012-03-28 10:00:00,1.1877035,0,0
2012-03-28 11:00:00,1.5190005,0,0
2012-03-28 12:00:00,1.7051663,0,0
2012-03-28 13:00:00,1.8663336,0,0
2012-03-28 14:00:00,2.0015044,0,0
2012-03-28 15:00:00,2.0481,0,0
2012-03-28 16:00:00,2.0875788,0,0
2012-03-28 17:00:00,1.9419296,0,0
2012-03-28 18:00:00,1.8449104,0,0
2012-03-28 19:00:00,1.7064755,0,0
2012-03-28 20:00:00,1.4199792,0,0
2012-03-28 21:00:00,1.1778203,0,0
2012-03-28 22:00:00,1.0089414,0,0
2012-03-28 23:00:00,0.8839072,0,0
2012-03-29 00:00:00,0.77849233,0,0
2012-03-29 01:00:00,0.69261867,0,0
2012-03-29 02:00:00,0.6019027,0,0
2012-03-29 03:00:00,0.51528525,0,0
2012-03-29 04:00:00,0.4767259,0,0
2012-03-29 05:00:00,0.454228,0,0
2012-03-29 06:00:00,0.442378,0,0
2012-03-29 07:00:00,0.42821857,0,0
2012-03-29 08:00:00,0.61391425,0,0
2012-03-29 09:00:00,1.1274893,0,0
2012-03-29 10:00:00,1.5465751,0,0
2012-03-29 11:00:00,1.821046,0,0
2012-03-29 12:00:00,2.1138835,0,0
2012-03-29 13:00:00,2.3635747,0,0
2012-03-29 14:00:00,2.512662,0,0
2012-03-29 15:00:00,2.5457451,0,0
2012-03-29 16:00:00,2.5041263,0,0
2012-03-29 17:00:00,2.3658774,0,0
2012-03-29 18:00:00,2.2181773,0,0
2012-03-29 19:00:00,1.9776757,0,0
2012-03-29 20:00:00,1.7301557,0,0
2012-03-29 21:00:00,1.4850826,0,0
2012-03-29 22:00:00,1.2353398,0,0
2012-03-29 23:00:00,1.0329275,0,0
2012-03-30 00:00:00,0.8145483,0,0
2012-03-30 01:00:00,0.60004413,0,0
2012-03-30 02:00:00,0.45168635,0,0
2012-03-30 03:00:00,0.33334526,0,0
2012-03-30 04:00:00,0.23249058,0,0
2012-03-30 05:00:00,0.26850224,0,0
2012-03-30 06:00:00,0.12197038,0,0
2012-03-30 07:00:00,0.095151365,0,0
2012-03-30 08:00:00,0.3935026,0,0
2012-03-30 09:00:00,0.9085186,0,0
2012-03-30 10:00:00,1.335359,0,0
2012-03-30 11:00:00,1.7065753,0,0
2012-03-30 12:00:00,2.0182202,0,0
2012-03-30 13:00:00,2.2687554,0,0
2012-03-30 14:00:00,2.451064,0,0
2012-03-30 15:00:00,2.500125,0,0
2012-03-30 16:00:00,2.4779325,0,0
2012-03-30 17:00:00,2.4375634,0,0
2012-03-30 18:00:00,2.3020887,0,0
2012-03-30 19:00:00,2.034449,0,0
2012-03-30 20:00:00,1.8448166,0,0
2012-03-30 21:00:00,1.7021276,0,0
2012-03-30 22:00:00,1.5982714,0,0
2012-03-30 23:00:00,1.6077325,0,0
2012-03-31 00:00:00,1.5864654,1,0
2012-03-31 01:00:00,1.5781214,1,0
2012-03-31 02:00:00,1.7238576,1,0
2012-03-31 03:00:00,1.7728422,1,0
2012-03-31 04:00:00,1.7348955,1,0
2012-03-31 05:00:00,1.602472,1,0
2012-03-31 06:00:00,1.4377447,1,0
2012-03-31 07:00:00,1.2664335,1,0
2012-03-31 08:00:00,1.172289,1,0
2012-03-31 09:00:00,1.1492646,1,0
2012-03-31 10:00:00,1.1635973,1,0
2012-03-31 11:00:00,1.2126681,1,0
2012-03-31 12:00:00,1.2727695,1,0
2012-03-31 13:00:00,1.3691232,1,0
2012-03-31 14:00:00,1.4457759,1,0
2012-03-31 15:00:00,1.4745522,1,0
2012-03-31 16:00:00,1.4079975,1,0
2012-03-31 17:00:00,1.3236449,1,0
2012-03-31 18:00:00,1.1543245,1,0
2012-03-31 19:00:00,0.9882562,1,0
2012-03-31 20:00:00,0.84639585,1,0
2012-03-31 21:00:00,0.73770005,1,0
2012-03-31 22:00:00,0.61824405,1,0
2012-03-31 23:00:00,0.46113777,1,0
2012-04-01 00:00:00,0.34541154,1,0
2012-04-01 01:00:00,0.21735545,1,0
2012-04-01 02:00:00,0.038388234,1,0
2012-04-01 03:00:00,-0.059309367,1,0
2012-04-01 04:00:00,-0.104448445,1,0
2012-04-01 05:00:00,-0.20454733,1,0
2012-04-01 06:00:00,-0.3194743,1,0
2012-04-01 07:00:00,-0.16368212,1,0
2012-04-01 08:00:00,0.36277667,1,0
2012-04-01 09:00:00,0.64378315,1,0
2012-04-01 10:00:00,0.89520895,1,0
2012-04-01 11:00:00,1.1352938,1,0
2012-04-01 12:00:00,1.3422655,1,0
2012-04-01 13:00:00,1.4867562,1,0
2012-04-01 14:00:00,1.5661044,1,0
2012-04-01 15:00:00,1.5466253,1,0
2012-04-01 16:00:00,1.6472689,1,0
2012-04-01 17:00:00,1.5170732,1,0
2012-04-01 18:00:00,1.312334,1,0
2012-04-01 19:00:00,1.1204355,1,0
2012-04-01 20:00:00,0.9364289,1,0
2012-04-01 21:00:00,0.7608385,1,0
2012-04-01 22:00:00,0.6231749,1,0
2012-04-01 23:00:00,0.53340966,1,0
2012-04-02 00:00:00,0.49608386,0,0
2012-04-02 01:00:00,0.5035085,0,0
2012-04-02 02:00:00,0.54283327,0,0
2012-04-02 03:00:00,0.6006111,0,0
2012-04-02 04:00:00,0.6033558,0,0
2012-04-02 05:00:00,0.6037702,0,0
2012-04-02 06:00:00,0.6161313,0,0
2012-04-02 07:00:00,0.79184073,0,0
2012-04-02 08:00:00,1.2330523,0,0
2012-04-02 09:00:00,1.6830932,0,0
2012-04-02 10:00:00,2.0985947,0,0
2012-04-02 11:00:00,2.3945343,0,0
2012-04-02 12:00:00,2.6633735,0,0
2012-04-02 13:00:00,2.884525,0,0
2012-04-02 14:00:00,3.073844,0,0
2012-04-02 15:00:00,3.0704982,0,0
2012-04-02 16:00:00,3.0264924,0,0
2012-04-02 17:00:00,2.8683233,0,0
2012-04-02 18:00:00,2.5482032,0,0
2012-04-02 19:00:00,2.3277266,0,0
2012-04-02 20:00:00,2.1551623,0,0
2012-04-02 21:00:00,2.01548,0,0
2012-04-02 22:00:00,1.8666811,0,0
2012-04-02 23:00:00,1.7212843,0,0
2012-04-03 00:00:00,1.4808898,0,0
2012-04-03 01:00:00,1.2638998,0,0
2012-04-03 02:00:00,1.0910107,0,0
2012-04-03 03:00:00,0.9743295,0,0
2012-04-03 04:00:00,0.90428215,0,0
2012-04-03 05:00:00,0.94411516,0,0
2012-04-03 06:00:00,0.9384543,0,0
2012-04-03 07:00:00,1.17555,0,0
2012-04-03 08:00:00,1.402261,0,0
2012-04-03 09:00:00,1.653345,0,0
2012-04-03 10:00:00,1.876496,0,0
2012-04-03 11:00:00,2.0639572,0,0
2012-04-03 12:00:00,2.2612793,0,0
2012-04-03 13:00:00,2.3949156,0,0
2012-04-03 14:00:00,2.418948,0,0
2012-04-03 15:00:00,2.3872087,0,0
2012-04-03 16:00:00,2.2412977,0,0
2012-04-03 17:00:00,2.0739112,0,0
2012-04-03 18:00:00,1.8506248,0,0
2012-04-03 19:00:00,1.6835238,0,0
2012-04-03 20:00:00,1.5875695,0,0
2012-04-03 21:00:00,1.3947799,0,0
2012-04-03 22:00:00,1.2546228,0,0
2012-04-03 23:00:00,0.99558514,0,0
2012-04-04 00:00:00,0.81101555,0,0
2012-04-04 01:00:00,0.69063157,0,0
2012-04-04 02:00:00,0.59167206,0,0
2012-04-04 03:00:00,0.5239339,0,0
2012-04-04 04:00:00,0.49963534,0,0
2012-04-04 05:00:00,0.5163803,0,0
2012-04-04 06:00:00,0.50125366,0,0
2012-04-04 07:00:00,0.6098212,0,0
2012-04-04 08:00:00,1.1161114,0,0
2012-04-04 09:00:00,1.6404595,0,0
2012-04-04 10:00:00,2.068406,0,0
2012-04-04 11:00:00,2.367088,0,0
2012-04-04 12:00:00,2.5614321,0,0
2012-04-04 13:00:00,2.6471822,0,0
2012-04-04 14:00:00,2.6485498,0,0
2012-04-04 15:00:00,2.599349,0,0
2012-04-04 16:00:00,2.4954524,0,0
2012-04-04 17:00:00,2.3483078,0,0
2012-04-04 18:00:00,2.1308305,0,0
2012-04-04 19:00:00,2.0104187,0,0
2012-04-04 20:00:00,1.7003099,0,0
2012-04-04 21:00:00,1.395908,0,0
2012-04-04 22:00:00,1.2191783,0,0
2012-04-04 23:00:00,1.0617837,0,0
2012-04-05 00:00:00,0.98092824,0,0
2012-04-05 01:00:00,0.93107176,0,0
2012-04-05 02:00:00,0.9070861,0,0
2012-04-05 03:00:00,0.8856644,0,0
2012-04-05 04:00:00,0.78065974,0,0
2012-04-05 05:00:00,0.76063114,0,0
2012-04-05 06:00:00,0.7650805,0,0
2012-04-05 07:00:00,0.9501101,0,0
2012-04-05 08:00:00,1.4888436,0,0
2012-04-05 09:00:00,2.041626,0,0
2012-04-05 10:00:00,2.3907928,0,0
2012-04-05 11:00:00,2.678362,0,0
2012-04-05 12:00:00,2.9364426,0,0
2012-04-05 13:00:00,3.1098862,0,0
2012-04-05 14:00:00,3.1708443,0,0
2012-04-05 15:00:00,3.1370392,0,0
2012-04-05 16:00:00,2.96892,0,0
2012-04-05 17:00:00,2.8392305,0,0
2012-04-05 18:00:00,2.7113051,0,0
2012-04-05 19:00:00,2.314846,0,0
2012-04-05 20:00:00,2.1151407,0,0
2012-04-05 21:00:00,2.0271494,0,0
2012-04-05 22:00:00,1.9621792,0,0
2012-04-05 23:00:00,1.8945166,0,0
2012-04-06 00:00:00,1.8395491,0,1
2012-04-06 01:00:00,1.7589456,0,1
2012-04-06 02:00:00,1.6809835,0,1
2012-04-06 03:00:00,1.6293194,0,1
2012-04-06 04:00:00,1.5532674,0,1
2012-04-06 05:00:00,1.5624975,0,1
2012-04-06 06:00:00,1.6280763,0,1
2012-04-06 07:00:00,1.7817796,0,1
2012-04-06 08:00:00,2.086133,0,1
2012-04-06 09:00:00,2.197279,0,1
2012-04-06 10:00:00,2.193277,0,1
2012-04-06 11:00:00,2.182197,0,1
2012-04-06 12:00:00,2.0865524,0,1
2012-04-06 13:00:00,1.8937562,0,1
2012-04-06 14:00:00,1.7789078,0,1
2012-04-06 15:00:00,1.6658527,0,1
2012-04-06 16:00:00,1.139636,0,1
2012-04-06 17:00:00,0.9129052,0,1
2012-04-06 18:00:00,0.7198823,0,1
2012-04-06 19:00:00,0.5850879,0,1
2012-04-06 20:00:00,0.4397012,0,1
2012-04-06 21:00:00,0.33165914,0,1
2012-04-06 22:00:00,0.21581195,0,1
2012-04-06 23:00:00,0.12072714,0,1
2012-04-07 00:00:00,0.060411613,1,1
2012-04-07 01:00:00,0.023911713,1,1
2012-04-07 02:00:00,-0.03640418,1,1
2012-04-07 03:00:00,-0.06160649,1,1
2012-04-07 04:00:00,-0.107477404,1,1
2012-04-07 05:00:00,-0.15295282,1,1
2012-04-07 06:00:00,-0.18029274,1,1
2012-04-07 07:00:00,-0.19937642,1,1
2012-04-07 08:00:00,-0.110171594,1,1
2012-04-07 09:00:00,0.004603428,1,1
2012-04-07 10:00:00,0.17226397,1,1
2012-04-07 11:00:00,0.23750037,1,1
2012-04-07 12:00:00,0.3673897,1,1
2012-04-07 13:00:00,0.49322763,1,1
2012-04-07 14:00:00,0.5972923,1,1
2012-04-07 15:00:00,0.5915931,1,1
2012-04-07 16:00:00,0.5401777,1,1
2012-04-07 17:00:00,0.36688787,1,1
2012-04-07 18:00:00,0.19829911,1,1
2012-04-07 19:00:00,0.051514603,1,1
2012-04-07 20:00:00,-0.04901959,1,1
2012-04-07 21:00:00,-0.1408667,1,1
2012-04-07 22:00:00,-0.23301496,1,1
2012-04-07 23:00:00,-0.30756435,1,1
2012-04-08 00:00:00,-0.3785055,1,0
2012-04-08 01:00:00,-0.43753433,1,0
2012-04-08 02:00:00,-0.51583797,1,0
2012-04-08 03:00:00,-0.5624647,1,0
2012-04-08 04:00:00,-0.5772858,1,0
2012-04-08 05:00:00,-0.62688184,1,0
2012-04-08 06:00:00,-0.6850826,1,0
2012-04-08 07:00:00,-0.61507684,1,0
2012-04-08 08:00:00,-0.30094078,1,0
2012-04-08 09:00:00,-0.13662241,1,0
2012-04-08 10:00:00,0.012374064,1,0
2012-04-08 11:00:00,0.15756875,1,0
2012-04-08 12:00:00,0.2972243,1,0
2012-04-08 13:00:00,0.4610564,1,0
2012-04-08 14:00:00,0.48615256,1,0
2012-04-08 15:00:00,0.4802644,1,0
2012-04-08 16:00:00,0.49920887,1,0
2012-04-08 17:00:00,0.40946335,1,0
2012-04-08 18:00:00,0.27683833,1,0
2012-04-08 19:00:00,0.20877144,1,0
2012-04-08 20:00:00,0.17337963,1,0
2012-04-08 21:00:00,0.13223001,1,0
2012-04-08 22:00:00,0.12750468,1,0
2012-04-08 23:00:00,0.0896745,1,0
2012-04-09 00:00:00,0.071291454,0,1
2012-04-09 01:00:00,0.04401476,0,1
2012-04-09 02:00:00,0.05613815,0,1
2012-04-09 03:00:00,0.032658678,0,1
2012-04-09 04:00:00,0.0062036994,0,1
2012-04-09 05:00:00,-0.06918229,0,1
2012-04-09 06:00:00,-0.17191474,0,1
2012-04-09 07:00:00,-0.2337762,0,1
2012-04-09 08:00:00,-0.22806491,0,1
2012-04-09 09:00:00,-0.15969287,0,1
2012-04-09 10:00:00,-0.009217336,0,1
2012-04-09 11:00:00,0.07712609,0,1
2012-04-09 12:00:00,0.15685406,0,1
2012-04-09 13:00:00,0.2932575,0,1
2012-04-09 14:00:00,0.29713008,0,1
2012-04-09 15:00:00,0.27961278,0,1
2012-04-09 16:00:00,0.23756237,0,1
2012-04-09 17:00:00,0.13783541,0,1
2012-04-09 18:00:00,0.014769888,0,1
2012-04-09 19:00:00,-0.06703247,0,1
2012-04-09 20:00:00,-0.18350941,0,1
2012-04-09 21:00:00,-0.30731454,0,1
2012-04-09 22:00:00,-0.40752664,0,1
2012-04-09 23:00:00,-0.48670977,0,1
2012-04-10 00:00:00,-0.58970886,0,0
2012-04-10 01:00:00,-0.69327974,0,0
2012-04-10 02:00:00,-0.7967562,0,0
2012-04-10 03:00:00,-0.85657,0,0
2012-04-10 04:00:00,-0.92092514,0,0
2012-04-10 05:00:00,-0.9509888,0,0
2012-04-10 06:00:00,-0.999028,0,0
2012-04-10 07:00:00,-1.0185382,0,0
2012-04-10 08:00:00,-0.915942,0,0
2012-04-10 09:00:00,-0.7341196,0,0
2012-04-10 10:00:00,-0.54738307,0,0
2012-04-10 11:00:00,-0.34140283,0,0
2012-04-10 12:00:00,-0.15784505,0,0
2012-04-10 13:00:00,0.015949884,0,0
2012-04-10 14:00:00,0.099999376,0,0
2012-04-10 15:00:00,0.081217386,0,0
2012-04-10 16:00:00,-0.030586319,0,0
2012-04-10 17:00:00,-0.18371221,0,0
2012-04-10 18:00:00,-0.3523275,0,0
2012-04-10 19:00:00,-0.45512003,0,0
2012-04-10 20:00:00,-0.5159998,0,0
2012-04-10 21:00:00,-0.57596356,0,0
2012-04-10 22:00:00,-0.6316093,0,0
2012-04-10 23:00:00,-0.7015938,0,0
2012-04-11 00:00:00,-0.7779078,0,0
2012-04-11 01:00:00,-0.86904985,0,0
2012-04-11 02:00:00,-0.9698296,0,0
2012-04-11 03:00:00,-1.0873202,0,0
2012-04-11 04:00:00,-1.2668589,0,0
2012-04-11 05:00:00,-1.3711815,0,0
2012-04-11 06:00:00,-1.4576226,0,0
2012-04-11 07:00:00,-1.4247221,0,0
2012-04-11 08:00:00,-1.1532116,0,0
2012-04-11 09:00:00,-0.8314524,0,0
2012-04-11 10:00:00,-0.5889609,0,0
2012-04-11 11:00:00,-0.31369716,0,0
2012-04-11 12:00:00,-0.055601697,0,0
2012-04-11 13:00:00,0.15555017,0,0
2012-04-11 14:00:00,0.30710223,0,0
2012-04-11 15:00:00,0.33386168,0,0
2012-04-11 16:00:00,0.24945112,0,0
2012-04-11 17:00:00,0.0863573,0,0
2012-04-11 18:00:00,-0.16191542,0,0
2012-04-11 19:00:00,-0.35726252,0,0
2012-04-11 20:00:00,-0.50675416,0,0
2012-04-11 21:00:00,-0.63148314,0,0
2012-04-11 22:00:00,-0.7265435,0,0
2012-04-11 23:00:00,-0.79661787,0,0
2012-04-12 00:00:00,-0.86042535,0,0
2012-04-12 01:00:00,-0.91088045,0,0
2012-04-12 02:00:00,-1.0002972,0,0
2012-04-12 03:00:00,-1.1117921,0,0
2012-04-12 04:00:00,-1.2243464,0,0
2012-04-12 05:00:00,-1.3199084,0,0
2012-04-12 06:00:00,-1.3776482,0,0
2012-04-12 07:00:00,-1.3117719,0,0
2012-04-12 08:00:00,-0.93034595,0,0
2012-04-12 09:00:00,-0.5383482,0,0
2012-04-12 10:00:00,-0.16944163,0,0
2012-04-12 11:00:00,0.10749448,0,0
2012-04-12 12:00:00,0.34606075,0,0
2012-04-12 13:00:00,0.52777946,0,0
2012-04-12 14:00:00,0.6595361,0,0
2012-04-12 15:00:00,0.68333644,0,0
2012-04-12 16:00:00,0.61580914,0,0
2012-04-12 17:00:00,0.5146753,0,0
2012-04-12 18:00:00,0.26284513,0,0
2012-04-12 19:00:00,0.01129002,0,0
2012-04-12 20:00:00,-0.24580783,0,0
2012-04-12 21:00:00,-0.46301764,0,0
2012-04-12 22:00:00,-0.68020487,0,0
2012-04-12 23:00:00,-0.77498883,0,0
2012-04-13 00:00:00,-0.83019596,0,0
2012-04-13 01:00:00,-0.8662884,0,0
2012-04-13 02:00:00,-0.89758545,0,0
2012-04-13 03:00:00,-0.90737593,0,0
2012-04-13 04:00:00,-0.9999773,0,0
2012-04-13 05:00:00,-0.99734336,0,0
2012-04-13 06:00:00,-0.98152924,0,0
2012-04-13 07:00:00,-0.85485286,0,0
2012-04-13 08:00:00,-0.3932233,0,0
2012-04-13 09:00:00,0.10842338,0,0
2012-04-13 10:00:00,0.44916156,0,0
2012-04-13 11:00:00,0.68768114,0,0
2012-04-13 12:00:00,0.9420467,0,0
2012-04-13 13:00:00,1.1182308,0,0
2012-04-13 14:00:00,1.2253497,0,0
2012-04-13 15:00:00,1.2655603,0,0
2012-04-13 16:00:00,1.1003265,0,0
2012-04-13 17:00:00,0.9303209,0,0
2012-04-13 18:00:00,0.62675637,0,0
2012-04-13 19:00:00,0.3843448,0,0
2012-04-13 20:00:00,0.20954913,0,0
2012-04-13 21:00:00,0.07170321,0,0
2012-04-13 22:00:00,-0.060685586,0,0
2012-04-13 23:00:00,-0.18035692,0,0
2012-04-14 00:00:00,-0.24912603,1,0
2012-04-14 01:00:00,-0.29444614,1,0
2012-04-14 02:00:00,-0.33834368,1,0
2012-04-14 03:00:00,-0.38529488,1,0
2012-04-14 04:00:00,-0.46485692,1,0
2012-04-14 05:00:00,-0.5174371,1,0
2012-04-14 06:00:00,-0.5592875,1,0
2012-04-14 07:00:00,-0.47826564,1,0
2012-04-14 08:00:00,-0.043982573,1,0
2012-04-14 09:00:00,0.4437519,1,0
2012-04-14 10:00:00,0.8779263,1,0
2012-04-14 11:00:00,1.2477343,1,0
2012-04-14 12:00:00,1.489114,1,0
2012-04-14 13:00:00,1.5707616,1,0
2012-04-14 14:00:00,1.5795006,1,0
2012-04-14 15:00:00,1.5626138,1,0
2012-04-14 16:00:00,1.4755107,1,0
2012-04-14 17:00:00,1.328194,1,0
2012-04-14 18:00:00,1.0883375,1,0
2012-04-14 19:00:00,0.8756763,1,0
2012-04-14 20:00:00,0.70549953,1,0
2012-04-14 21:00:00,0.525036,1,0
2012-04-14 22:00:00,0.38355282,1,0
2012-04-14 23:00:00,0.18630011,1,0
2012-04-15 00:00:00,-0.001222801,1,0
2012-04-15 01:00:00,-0.21848074,1,0
2012-04-15 02:00:00,-0.4143475,1,0
2012-04-15 03:00:00,-0.4492774,1,0
2012-04-15 04:00:00,-0.4764615,1,0
2012-04-15 05:00:00,-0.4205401,1,0
2012-04-15 06:00:00,-0.38636267,1,0
2012-04-15 07:00:00,-0.25295222,1,0
2012-04-15 08:00:00,0.24563907,1,0
2012-04-15 09:00:00,0.80483794,1,0
2012-04-15 10:00:00,1.2344834,1,0
2012-04-15 11:00:00,1.5865312,1,0
2012-04-15 12:00:00,1.8657454,1,0
2012-04-15 13:00:00,2.032675,1,0
2012-04-15 14:00:00,2.07832,1,0
2012-04-15 15:00:00,2.0446134,1,0
2012-04-15 16:00:00,1.7241242,1,0
2012-04-15 17:00:00,1.5809879,1,0
2012-04-15 18:00:00,1.3184587,1,0
2012-04-15 19:00:00,1.0693072,1,0
2012-04-15 20:00:00,0.902678,1,0
2012-04-15 21:00:00,0.76038516,1,0
2012-04-15 22:00:00,0.6400254,1,0
2012-04-15 23:00:00,0.58016044,1,0
2012-04-16 00:00:00,0.5314983,0,0
2012-04-16 01:00:00,0.48566654,0,0
2012-04-16 02:00:00,0.42592248,0,0
2012-04-16 03:00:00,0.42502558,0,0
2012-04-16 04:00:00,0.39917344,0,0
2012-04-16 05:00:00,0.40818024,0,0
2012-04-16 06:00:00,0.3620553,0,0
2012-04-16 07:00:00,0.37279987,0,0
2012-04-16 08:00:00,0.4616049,0,0
2012-04-16 09:00:00,0.7205269,0,0
2012-04-16 10:00:00,1.062751,0,0
2012-04-16 11:00:00,1.3523227,0,0
2012-04-16 12:00:00,1.61492,0,0
2012-04-16 13:00:00,1.8185841,0,0
2012-04-16 14:00:00,1.9101967,0,0
2012-04-16 15:00:00,1.8808136,0,0
2012-04-16 16:00:00,1.8732527,0,0
2012-04-16 17:00:00,1.7136283,0,0
2012-04-16 18:00:00,1.4169186,0,0
2012-04-16 19:00:00,1.1810297,0,0
2012-04-16 20:00:00,0.9960294,0,0
2012-04-16 21:00:00,0.84112364,0,0
2012-04-16 22:00:00,0.7038764,0,0
2012-04-16 23:00:00,0.58847964,0,0
2012-04-17 00:00:00,0.4873395,0,0
2012-04-17 01:00:00,0.3836664,0,0
2012-04-17 02:00:00,0.28155905,0,0
2012-04-17 03:00:00,0.17880227,0,0
2012-04-17 04:00:00,0.105541565,0,0
2012-04-17 05:00:00,0.03427278,0,0
2012-04-17 06:00:00,-0.02652056,0,0
2012-04-17 07:00:00,0.0045749433,0,0
2012-04-17 08:00:00,0.42625487,0,0
2012-04-17 09:00:00,0.8726634,0,0
2012-04-17 10:00:00,1.3231882,0,0
2012-04-17 11:00:00,1.6534959,0,0
2012-04-17 12:00:00,1.9651207,0,0
2012-04-17 13:00:00,2.2078793,0,0
2012-04-17 14:00:00,2.2983096,0,0
2012-04-17 15:00:00,2.2469935,0,0
2012-04-17 16:00:00,2.1704662,0,0
2012-04-17 17:00:00,1.9927063,0,0
2012-04-17 18:00:00,1.6627153,0,0
2012-04-17 19:00:00,1.4099389,0,0
2012-04-17 20:00:00,1.2040938,0,0
2012-04-17 21:00:00,1.0457352,0,0
2012-04-17 22:00:00,0.92497146,0,0
2012-04-17 23:00:00,0.81031436,0,0
2012-04-18 00:00:00,0.71815753,0,0
2012-04-18 01:00:00,0.62865865,0,0
2012-04-18 02:00:00,0.5828346,0,0
2012-04-18 03:00:00,0.5469965,0,0
2012-04-18 04:00:00,0.45169038,0,0
2012-04-18 05:00:00,0.4066104,0,0
2012-04-18 06:00:00,0.36483768,0,0
2012-04-18 07:00:00,0.421472,0,0
2012-04-18 08:00:00,0.78669864,0,0
2012-04-18 09:00:00,1.2687876,0,0
2012-04-18 10:00:00,1.6653897,0,0
2012-04-18 11:00:00,1.9619223,0,0
2012-04-18 12:00:00,2.1852264,0,0
2012-04-18 13:00:00,2.3298278,0,0
2012-04-18 14:00:00,2.3930876,0,0
2012-04-18 15:00:00,2.3458397,0,0
2012-04-18 16:00:00,2.141977,0,0
2012-04-18 17:00:00,1.9800043,0,0
2012-04-18 18:00:00,1.6899397,0,0
2012-04-18 19:00:00,1.3904685,0,0
2012-04-18 20:00:00,1.2990677,0,0
2012-04-18 21:00:00,1.185976,0,0
2012-04-18 22:00:00,1.0647469,0,0
2012-04-18 23:00:00,0.95943844,0,0
2012-04-19 00:00:00,0.88008314,0,0
2012-04-19 01:00:00,0.8087998,0,0
2012-04-19 02:00:00,0.74815184,0,0
2012-04-19 03:00:00,0.6878993,0,0
2012-04-19 04:00:00,0.663092,0,0
2012-04-19 05:00:00,0.6306248,0,0
2012-04-19 06:00:00,0.5872866,0,0
2012-04-19 07:00:00,0.61836743,0,0
2012-04-19 08:00:00,0.93710583,0,0
2012-04-19 09:00:00,1.3361652,0,0
2012-04-19 10:00:00,1.6397785,0,0
2012-04-19 11:00:00,1.902962,0,0
2012-04-19 12:00:00,1.998846,0,0
2012-04-19 13:00:00,2.1283677,0,0
2012-04-19 14:00:00,2.1971939,0,0
2012-04-19 15:00:00,2.1904655,0,0
2012-04-19 16:00:00,2.0437205,0,0
2012-04-19 17:00:00,1.8805311,0,0
2012-04-19 18:00:00,1.6597426,0,0
2012-04-19 19:00:00,1.4757705,0,0
2012-04-19 20:00:00,1.3037107,0,0
2012-04-19 21:00:00,1.1371248,0,0
2012-04-19 22:00:00,1.0052564,0,0
2012-04-19 23:00:00,0.88690096,0,0
2012-04-20 00:00:00,0.7500919,0,0
2012-04-20 01:00:00,0.6532755,0,0
2012-04-20 02:00:00,0.53821105,0,0
2012-04-20 03:00:00,0.42804837,0,0
2012-04-20 04:00:00,0.40919018,0,0
2012-04-20 05:00:00,0.37193012,0,0
2012-04-20 06:00:00,0.35231343,0,0
2012-04-20 07:00:00,0.317279,0,0
2012-04-20 08:00:00,0.7795282,0,0
2012-04-20 09:00:00,1.3926479,0,0
2012-04-20 10:00:00,1.7866534,0,0
2012-04-20 11:00:00,2.0452862,0,0
2012-04-20 12:00:00,2.1908038,0,0
2012-04-20 13:00:00,2.2548633,0,0
2012-04-20 14:00:00,2.2061827,0,0
2012-04-20 15:00:00,2.1531215,0,0
2012-04-20 16:00:00,2.1382716,0,0
2012-04-20 17:00:00,1.996211,0,0
2012-04-20 18:00:00,1.7457234,0,0
2012-04-20 19:00:00,1.515941,0,0
2012-04-20 20:00:00,1.2806163,0,0
2012-04-20 21:00:00,1.1613073,0,0
2012-04-20 22:00:00,1.047644,0,0
2012-04-20 23:00:00,0.9476039,0,0
2012-04-21 00:00:00,0.9293927,1,0
2012-04-21 01:00:00,0.96705765,1,0
2012-04-21 02:00:00,1.0276346,1,0
2012-04-21 03:00:00,1.0691909,1,0
2012-04-21 04:00:00,0.9930732,1,0
2012-04-21 05:00:00,0.95896274,1,0
2012-04-21 06:00:00,0.8838984,1,0
2012-04-21 07:00:00,0.875659,1,0
2012-04-21 08:00:00,1.0329363,1,0
2012-04-21 09:00:00,1.364538,1,0
2012-04-21 10:00:00,1.5546885,1,0
2012-04-21 11:00:00,1.6076398,1,0
2012-04-21 12:00:00,1.6272098,1,0
2012-04-21 13:00:00,1.6473905,1,0
2012-04-21 14:00:00,1.4949083,1,0
2012-04-21 15:00:00,1.4053006,1,0
2012-04-21 16:00:00,1.3420724,1,0
2012-04-21 17:00:00,1.1643281,1,0
2012-04-21 18:00:00,1.0282465,1,0
2012-04-21 19:00:00,0.91104037,1,0
2012-04-21 20:00:00,0.8925775,1,0
2012-04-21 21:00:00,0.8961229,1,0
2012-04-21 22:00:00,0.8978797,1,0
2012-04-21 23:00:00,0.84211725,1,0
2012-04-22 00:00:00,0.80529755,1,0
2012-04-22 01:00:00,0.81601965,1,0
2012-04-22 02:00:00,0.7933664,1,0
2012-04-22 03:00:00,0.8058259,1,0
2012-04-22 04:00:00,0.62209034,1,0
2012-04-22 05:00:00,0.48579794,1,0
2012-04-22 06:00:00,0.36582133,1,0
2012-04-22 07:00:00,0.32958806,1,0
2012-04-22 08:00:00,0.4511802,1,0
2012-04-22 09:00:00,0.56903106,1,0
2012-04-22 10:00:00,0.69070303,1,0
2012-04-22 11:00:00,0.7650608,1,0
2012-04-22 12:00:00,0.84343886,1,0
2012-04-22 13:00:00,0.80157727,1,0
2012-04-22 14:00:00,0.7775067,1,0
2012-04-22 15:00:00,0.7371719,1,0
2012-04-22 16:00:00,0.6222172,1,0
2012-04-22 17:00:00,0.53024435,1,0
2012-04-22 18:00:00,0.46958786,1,0
2012-04-22 19:00:00,0.37544322,1,0
2012-04-22 20:00:00,0.2556165,1,0
2012-04-22 21:00:00,0.19831072,1,0
2012-04-22 22:00:00,0.22327268,1,0
2012-04-22 23:00:00,0.15233783,1,0
2012-04-23 00:00:00,0.09279472,0,0
2012-04-23 01:00:00,0.040657274,0,0
2012-04-23 02:00:00,-0.0434622,0,0
2012-04-23 03:00:00,-0.17041817,0,0
2012-04-23 04:00:00,-0.23822185,0,0
2012-04-23 05:00:00,-0.3630406,0,0
2012-04-23 06:00:00,-0.54167974,0,0
2012-04-23 07:00:00,-0.52963173,0,0
2012-04-23 08:00:00,-0.38267016,0,0
2012-04-23 09:00:00,-0.26016164,0,0
2012-04-23 10:00:00,-0.19176283,0,0
2012-04-23 11:00:00,-0.27121064,0,0
2012-04-23 12:00:00,-0.16758616,0,0
2012-04-23 13:00:00,-0.24478991,0,0
2012-04-23 14:00:00,-0.43538308,0,0
2012-04-23 15:00:00,-0.6123592,0,0
2012-04-23 16:00:00,-0.9892356,0,0
2012-04-23 17:00:00,-1.1095096,0,0
2012-04-23 18:00:00,-1.2058979,0,0
2012-04-23 19:00:00,-1.2825729,0,0
2012-04-23 20:00:00,-1.3228698,0,0
2012-04-23 21:00:00,-1.3432301,0,0
2012-04-23 22:00:00,-1.3659003,0,0
2012-04-23 23:00:00,-1.3371409,0,0
2012-04-24 00:00:00,-1.3363901,0,0
2012-04-24 01:00:00,-1.3283938,0,0
2012-04-24 02:00:00,-1.2713597,0,0
2012-04-24 03:00:00,-1.2102741,0,0
2012-04-24 04:00:00,-1.2113476,0,0
2012-04-24 05:00:00,-1.217423,0,0
2012-04-24 06:00:00,-1.2475809,0,0
2012-04-24 07:00:00,-1.2141907,0,0
2012-04-24 08:00:00,-1.0449587,0,0
2012-04-24 09:00:00,-0.9421784,0,0
2012-04-24 10:00:00,-0.8463696,0,0
2012-04-24 11:00:00,-0.74117786,0,0
2012-04-24 12:00:00,-0.66715676,0,0
2012-04-24 13:00:00,-0.64755225,0,0
2012-04-24 14:00:00,-0.59785324,0,0
2012-04-24 15:00:00,-0.60656697,0,0
2012-04-24 16:00:00,-0.5369946,0,0
2012-04-24 17:00:00,-0.59754455,0,0
2012-04-24 18:00:00,-0.6550415,0,0
2012-04-24 19:00:00,-0.70757073,0,0
2012-04-24 20:00:00,-0.703136,0,0
2012-04-24 21:00:00,-0.73098445,0,0
2012-04-24 22:00:00,-0.7569498,0,0
2012-04-24 23:00:00,-0.7918089,0,0
2012-04-25 00:00:00,-0.78785163,0,1
2012-04-25 01:00:00,-0.78669333,0,1
2012-04-25 02:00:00,-0.76706994,0,1
2012-04-25 03:00:00,-0.766166,0,1
2012-04-25 04:00:00,-0.7443275,0,1
2012-04-25 05:00:00,-0.73294806,0,1
2012-04-25 06:00:00,-0.70848256,0,1
2012-04-25 07:00:00,-0.6806151,0,1
2012-04-25 08:00:00,-0.5843575,0,1
2012-04-25 09:00:00,-0.46736416,0,1
2012-04-25 10:00:00,-0.34786063,0,1
2012-04-25 11:00:00,-0.2099862,0,1
2012-04-25 12:00:00,-0.104464725,0,1
2012-04-25 13:00:00,-0.06953055,0,1
2012-04-25 14:00:00,-0.078881554,0,1
2012-04-25 15:00:00,-0.10818596,0,1
2012-04-25 16:00:00,-0.041538022,0,1
2012-04-25 17:00:00,-0.12625244,0,1
2012-04-25 18:00:00,-0.22239333,0,1
2012-04-25 19:00:00,-0.26907027,0,1
2012-04-25 20:00:00,-0.34680906,0,1
2012-04-25 21:00:00,-0.44967493,0,1
2012-04-25 22:00:00,-0.5681127,0,1
2012-04-25 23:00:00,-0.68093354,0,1
2012-04-26 00:00:00,-0.7396204,0,0
2012-04-26 01:00:00,-0.73450506,0,0
2012-04-26 02:00:00,-0.6869486,0,0
2012-04-26 03:00:00,-0.68041104,0,0
2012-04-26 04:00:00,-0.66646785,0,0
2012-04-26 05:00:00,-0.64148164,0,0
2012-04-26 06:00:00,-0.56704366,0,0
2012-04-26 07:00:00,-0.5316762,0,0
2012-04-26 08:00:00,-0.34556094,0,0
2012-04-26 09:00:00,-0.22545871,0,0
2012-04-26 10:00:00,-0.097393855,0,0
2012-04-26 11:00:00,-0.01664315,0,0
2012-04-26 12:00:00,0.046609078,0,0
2012-04-26 13:00:00,0.10745768,0,0
2012-04-26 14:00:00,0.09348316,0,0
2012-04-26 15:00:00,0.075445354,0,0
2012-04-26 16:00:00,0.10318274,0,0
2012-04-26 17:00:00,0.019861488,0,0
2012-04-26 18:00:00,-0.06450449,0,0
2012-04-26 19:00:00,-0.15471075,0,0
2012-04-26 20:00:00,-0.21159245,0,0
2012-04-26 21:00:00,-0.2657384,0,0
2012-04-26 22:00:00,-0.33134162,0,0
2012-04-26 23:00:00,-0.40262505,0,0
2012-04-27 00:00:00,-0.4657589,0,0
2012-04-27 01:00:00,-0.5927581,0,0
2012-04-27 02:00:00,-0.7504238,0,0
2012-04-27 03:00:00,-0.886794,0,0
2012-04-27 04:00:00,-0.96173716,0,0
2012-04-27 05:00:00,-0.88944846,0,0
2012-04-27 06:00:00,-0.8870258,0,0
2012-04-27 07:00:00,-0.86558247,0,0
2012-04-27 08:00:00,-0.50417966,0,0
2012-04-27 09:00:00,-0.14481798,0,0
2012-04-27 10:00:00,0.09178527,0,0
2012-04-27 11:00:00,0.2383235,0,0
2012-04-27 12:00:00,0.351447,0,0
2012-04-27 13:00:00,0.4109999,0,0
2012-04-27 14:00:00,0.42493966,0,0
2012-04-27 15:00:00,0.3933293,0,0
2012-04-27 16:00:00,0.34919253,0,0
2012-04-27 17:00:00,0.27489358,0,0
2012-04-27 18:00:00,0.14089157,0,0
2012-04-27 19:00:00,0.030004878,0,0
2012-04-27 20:00:00,-0.080615476,0,0
2012-04-27 21:00:00,-0.14251553,0,0
2012-04-27 22:00:00,-0.19648942,0,0
2012-04-27 23:00:00,-0.29521382,0,0
2012-04-28 00:00:00,-0.40126637,1,0
2012-04-28 01:00:00,-0.48712778,1,0
2012-04-28 02:00:00,-0.6558245,1,0
2012-04-28 03:00:00,-0.810992,1,0
2012-04-28 04:00:00,-0.95685005,1,0
2012-04-28 05:00:00,-1.0452342,1,0
2012-04-28 06:00:00,-1.1790525,1,0
2012-04-28 07:00:00,-1.206298,1,0
2012-04-28 08:00:00,-0.61180556,1,0
2012-04-28 09:00:00,-0.106406756,1,0
2012-04-28 10:00:00,0.2021895,1,0
2012-04-28 11:00:00,0.40666312,1,0
2012-04-28 12:00:00,0.58395743,1,0
2012-04-28 13:00:00,0.6432438,1,0
2012-04-28 14:00:00,0.601785,1,0
2012-04-28 15:00:00,0.5338403,1,0
2012-04-28 16:00:00,0.54407954,1,0
2012-04-28 17:00:00,0.3987325,1,0
2012-04-28 18:00:00,0.22664173,1,0
2012-04-28 19:00:00,0.05179506,1,0
2012-04-28 20:00:00,-0.056609847,1,0
2012-04-28 21:00:00,-0.16284664,1,0
2012-04-28 22:00:00,-0.22903357,1,0
2012-04-28 23:00:00,-0.37093887,1,0
2012-04-29 00:00:00,-0.58987767,1,0
2012-04-29 01:00:00,-0.7239506,1,0
2012-04-29 02:00:00,-0.8343961,1,0
2012-04-29 03:00:00,-0.9474402,1,0
2012-04-29 04:00:00,-0.9849727,1,0
2012-04-29 05:00:00,-1.0098144,1,0
2012-04-29 06:00:00,-0.9702354,1,0
2012-04-29 07:00:00,-0.84050536,1,0
2012-04-29 08:00:00,-0.35541633,1,0
2012-04-29 09:00:00,0.00014811757,1,0
2012-04-29 10:00:00,0.16266002,1,0
2012-04-29 11:00:00,0.29674974,1,0
2012-04-29 12:00:00,0.41632867,1,0
2012-04-29 13:00:00,0.4901855,1,0
2012-04-29 14:00:00,0.5408327,1,0
2012-04-29 15:00:00,0.53666776,1,0
2012-04-29 16:00:00,0.5815116,1,0
2012-04-29 17:00:00,0.39628717,1,0
2012-04-29 18:00:00,0.21012427,1,0
2012-04-29 19:00:00,0.023515258,1,0
2012-04-29 20:00:00,-0.13744602,1,0
2012-04-29 21:00:00,-0.2774724,1,0
2012-04-29 22:00:00,-0.38426876,1,0
2012-04-29 23:00:00,-0.46799305,1,0
2012-04-30 00:00:00,-0.5427295,0,0
2012-04-30 01:00:00,-0.6070844,0,0
2012-04-30 02:00:00,-0.68783313,0,0
2012-04-30 03:00:00,-0.7208723,0,0
2012-04-30 04:00:00,-0.67068887,0,0
2012-04-30 05:00:00,-0.675371,0,0
2012-04-30 06:00:00,-0.692094,0,0
2012-04-30 07:00:00,-0.70527446,0,0
2012-04-30 08:00:00,-0.46378502,0,0
2012-04-30 09:00:00,-0.1033252,0,0
2012-04-30 10:00:00,0.24098869,0,0
2012-04-30 11:00:00,0.49005508,0,0
2012-04-30 12:00:00,0.6918585,0,0
2012-04-30 13:00:00,0.8302426,0,0
2012-04-30 14:00:00,0.8966338,0,0
2012-04-30 15:00:00,0.8952246,0,0
2012-04-30 16:00:00,0.8302268,0,0
2012-04-30 17:00:00,0.66617656,0,0
2012-04-30 18:00:00,0.40600652,0,0
2012-04-30 19:00:00,0.25530547,0,0
2012-04-30 20:00:00,0.15894161,0,0
2012-04-30 21:00:00,0.07692802,0,0
2012-04-30 22:00:00,-0.007617827,0,0
2012-04-30 23:00:00,-0.07083384,0,0
2012-05-01 00:00:00,-0.17308897,0,0
2012-05-01 01:00:00,-0.25301594,0,0
2012-05-01 02:00:00,-0.333847,0,0
2012-05-01 03:00:00,-0.40997672,0,0
2012-05-01 04:00:00,-0.48094878,0,0
2012-05-01 05:00:00,-0.43782687,0,0
2012-05-01 06:00:00,-0.36538106,0,0
2012-05-01 07:00:00,-0.24538116,0,0
2012-05-01 08:00:00,0.022795128,0,0
2012-05-01 09:00:00,0.29659027,0,0
2012-05-01 10:00:00,0.49187168,0,0
2012-05-01 11:00:00,0.5442965,0,0
2012-05-01 12:00:00,0.63679755,0,0
2012-05-01 13:00:00,0.6274264,0,0
2012-05-01 14:00:00,0.5603821,0,0
2012-05-01 15:00:00,0.5152094,0,0
2012-05-01 16:00:00,0.3023253,0,0
2012-05-01 17:00:00,0.195752,0,0
2012-05-01 18:00:00,0.08128372,0,0
2012-05-01 19:00:00,-0.042822238,0,0
2012-05-01 20:00:00,-0.17425622,0,0
2012-05-01 21:00:00,-0.31137028,0,0
2012-05-01 22:00:00,-0.42780408,0,0
2012-05-01 23:00:00,-0.5468646,0,0
2012-05-02 00:00:00,-0.6249717,0,0
2012-05-02 01:00:00,-0.72540724,0,0
2012-05-02 02:00:00,-0.7857927,0,0
2012-05-02 03:00:00,-0.90244985,0,0
2012-05-02 04:00:00,-1.1253234,0,0
2012-05-02 05:00:00,-1.2309493,0,0
2012-05-02 06:00:00,-1.307651,0,0
2012-05-02 07:00:00,-1.357229,0,0
2012-05-02 08:00:00,-1.2989225,0,0
2012-05-02 09:00:00,-1.2751023,0,0
2012-05-02 10:00:00,-1.1541351,0,0
2012-05-02 11:00:00,-1.0943556,0,0
2012-05-02 12:00:00,-1.0307791,0,0
2012-05-02 13:00:00,-0.9698603,0,0
2012-05-02 14:00:00,-0.96937084,0,0
2012-05-02 15:00:00,-1.0050046,0,0
2012-05-02 16:00:00,-0.94296086,0,0
2012-05-02 17:00:00,-1.0359664,0,0
2012-05-02 18:00:00,-1.1438941,0,0
2012-05-02 19:00:00,-1.2564917,0,0
2012-05-02 20:00:00,-1.3316666,0,0
2012-05-02 21:00:00,-1.40279,0,0
2012-05-02 22:00:00,-1.4664133,0,0
2012-05-02 23:00:00,-1.4996245,0,0
2012-05-03 00:00:00,-1.5692601,0,0
2012-05-03 01:00:00,-1.6319633,0,0
2012-05-03 02:00:00,-1.7352242,0,0
2012-05-03 03:00:00,-1.8359218,0,0
2012-05-03 04:00:00,-1.8901309,0,0
2012-05-03 05:00:00,-1.9916664,0,0
2012-05-03 06:00:00,-2.1050055,0,0
2012-05-03 07:00:00,-2.107814,0,0
2012-05-03 08:00:00,-1.5704309,0,0
2012-05-03 09:00:00,-1.1110139,0,0
2012-05-03 10:00:00,-0.8264224,0,0
2012-05-03 11:00:00,-0.66539043,0,0
2012-05-03 12:00:00,-0.53785044,0,0
2012-05-03 13:00:00,-0.5156501,0,0
2012-05-03 14:00:00,-0.5098724,0,0
2012-05-03 15:00:00,-0.5058831,0,0
2012-05-03 16:00:00,-0.5076564,0,0
2012-05-03 17:00:00,-0.5992336,0,0
2012-05-03 18:00:00,-0.68461025,0,0
2012-05-03 19:00:00,-0.7068217,0,0
2012-05-03 20:00:00,-0.80104834,0,0
2012-05-03 21:00:00,-0.86557543,0,0
2012-05-03 22:00:00,-0.9715768,0,0
2012-05-03 23:00:00,-1.1090351,0,0
2012-05-04 00:00:00,-1.2047842,0,0
2012-05-04 01:00:00,-1.3518021,0,0
2012-05-04 02:00:00,-1.4399854,0,0
2012-05-04 03:00:00,-1.503088,0,0
2012-05-04 04:00:00,-1.4846487,0,0
2012-05-04 05:00:00,-1.5638441,0,0
2012-05-04 06:00:00,-1.6163646,0,0
2012-05-04 07:00:00,-1.5813923,0,0
2012-05-04 08:00:00,-1.1773884,0,0
2012-05-04 09:00:00,-0.851691,0,0
2012-05-04 10:00:00,-0.7333698,0,0
2012-05-04 11:00:00,-0.6222192,0,0
2012-05-04 12:00:00,-0.51726955,0,0
2012-05-04 13:00:00,-0.47557914,0,0
2012-05-04 14:00:00,-0.48371336,0,0
2012-05-04 15:00:00,-0.48277736,0,0
2012-05-04 16:00:00,-0.5052866,0,0
2012-05-04 17:00:00,-0.62667996,0,0
2012-05-04 18:00:00,-0.72077787,0,0
2012-05-04 19:00:00,-0.82704574,0,0
2012-05-04 20:00:00,-0.9023805,0,0
2012-05-04 21:00:00,-0.9640265,0,0
2012-05-04 22:00:00,-1.0430644,0,0
2012-05-04 23:00:00,-1.1442703,0,0
2012-05-05 00:00:00,-1.2629315,1,0
2012-05-05 01:00:00,-1.3882709,1,0
2012-05-05 02:00:00,-1.5098131,1,0
2012-05-05 03:00:00,-1.6379393,1,0
2012-05-05 04:00:00,-1.6303257,1,0
2012-05-05 05:00:00,-1.7522511,1,0
2012-05-05 06:00:00,-1.885568,1,0
2012-05-05 07:00:00,-1.8217123,1,0
2012-05-05 08:00:00,-1.3880355,1,0
2012-05-05 09:00:00,-0.93193895,1,0
2012-05-05 10:00:00,-0.8294274,1,0
2012-05-05 11:00:00,-0.7169101,1,0
2012-05-05 12:00:00,-0.65255755,1,0
2012-05-05 13:00:00,-0.54366976,1,0
2012-05-05 14:00:00,-0.551886,1,0
2012-05-05 15:00:00,-0.6058365,1,0
2012-05-05 16:00:00,-0.50984216,1,0
2012-05-05 17:00:00,-0.6106616,1,0
2012-05-05 18:00:00,-0.73180085,1,0
2012-05-05 19:00:00,-0.84063244,1,0
2012-05-05 20:00:00,-0.9018833,1,0
2012-05-05 21:00:00,-0.9798451,1,0
2012-05-05 22:00:00,-1.019245,1,0
2012-05-05 23:00:00,-1.053188,1,0
2012-05-06 00:00:00,-1.0883644,1,0
2012-05-06 01:00:00,-1.1566768,1,0
2012-05-06 02:00:00,-1.2045438,1,0
2012-05-06 03:00:00,-1.2234865,1,0
2012-05-06 04:00:00,-1.2848705,1,0
2012-05-06 05:00:00,-1.3155057,1,0
2012-05-06 06:00:00,-1.3353646,1,0
2012-05-06 07:00:00,-1.3389075,1,0
2012-05-06 08:00:00,-1.1997824,1,0
2012-05-06 09:00:00,-0.9455779,1,0
2012-05-06 10:00:00,-0.8071602,1,0
2012-05-06 11:00:00,-0.6844747,1,0
2012-05-06 12:00:00,-0.6215008,1,0
2012-05-06 13:00:00,-0.5628406,1,0
2012-05-06 14:00:00,-0.57506865,1,0
2012-05-06 15:00:00,-0.56019974,1,0
2012-05-06 16:00:00,-0.48530343,1,0
2012-05-06 17:00:00,-0.56381273,1,0
2012-05-06 18:00:00,-0.64979535,1,0
2012-05-06 19:00:00,-0.74136835,1,0
2012-05-06 20:00:00,-0.8134944,1,0
2012-05-06 21:00:00,-0.8215947,1,0
2012-05-06 22:00:00,-0.8592571,1,0
2012-05-06 23:00:00,-0.8907307,1,0
2012-05-07 00:00:00,-0.9334893,0,0
2012-05-07 01:00:00,-1.0051602,0,0
2012-05-07 02:00:00,-1.1355883,0,0
2012-05-07 03:00:00,-1.2384197,0,0
2012-05-07 04:00:00,-1.240057,0,0
2012-05-07 05:00:00,-1.2402023,0,0
2012-05-07 06:00:00,-1.1775703,0,0
2012-05-07 07:00:00,-1.0705318,0,0
2012-05-07 08:00:00,-0.8260817,0,0
2012-05-07 09:00:00,-0.59618104,0,0
2012-05-07 10:00:00,-0.3671722,0,0
2012-05-07 11:00:00,-0.12491714,0,0
2012-05-07 12:00:00,0.122685924,0,0
2012-05-07 13:00:00,0.30498686,0,0
2012-05-07 14:00:00,0.43401438,0,0
2012-05-07 15:00:00,0.49128443,0,0
2012-05-07 16:00:00,0.48217893,0,0
2012-05-07 17:00:00,0.3583547,0,0
2012-05-07 18:00:00,0.2674945,0,0
2012-05-07 19:00:00,0.16572873,0,0
2012-05-07 20:00:00,0.1467422,0,0
2012-05-07 21:00:00,0.036081143,0,0
2012-05-07 22:00:00,-0.15502125,0,0
2012-05-07 23:00:00,-0.39979026,0,0
2012-05-08 00:00:00,-0.67814165,0,0
2012-05-08 01:00:00,-0.84901,0,0
2012-05-08 02:00:00,-0.8440833,0,0
2012-05-08 03:00:00,-0.8317853,0,0
2012-05-08 04:00:00,-0.80581737,0,0
2012-05-08 05:00:00,-0.8424546,0,0
2012-05-08 06:00:00,-0.8795573,0,0
2012-05-08 07:00:00,-0.9951183,0,0
2012-05-08 08:00:00,-0.8981335,0,0
2012-05-08 09:00:00,-0.6200621,0,0
2012-05-08 10:00:00,-0.34265497,0,0
2012-05-08 11:00:00,-0.009386747,0,0
2012-05-08 12:00:00,0.26787248,0,0
2012-05-08 13:00:00,0.40794307,0,0
2012-05-08 14:00:00,0.49409878,0,0
2012-05-08 15:00:00,0.5772711,0,0
2012-05-08 16:00:00,0.5424743,0,0
2012-05-08 17:00:00,0.43235895,0,0
2012-05-08 18:00:00,0.35984308,0,0
2012-05-08 19:00:00,0.34940794,0,0
2012-05-08 20:00:00,0.34704936,0,0
2012-05-08 21:00:00,0.38662586,0,0
2012-05-08 22:00:00,0.40198675,0,0
2012-05-08 23:00:00,0.41489273,0,0
2012-05-09 00:00:00,0.38942137,0,0
2012-05-09 01:00:00,0.348378,0,0
2012-05-09 02:00:00,0.2882198,0,0
2012-05-09 03:00:00,0.24355139,0,0
2012-05-09 04:00:00,0.18587482,0,0
2012-05-09 05:00:00,0.16165146,0,0
2012-05-09 06:00:00,0.12828007,0,0
2012-05-09 07:00:00,0.12953281,0,0
2012-05-09 08:00:00,0.33193922,0,0
2012-05-09 09:00:00,0.48187405,0,0
2012-05-09 10:00:00,0.6523292,0,0
2012-05-09 11:00:00,0.7389634,0,0
2012-05-09 12:00:00,0.81024885,0,0
2012-05-09 13:00:00,0.8095924,0,0
2012-05-09 14:00:00,0.7914378,0,0
2012-05-09 15:00:00,0.71796685,0,0
2012-05-09 16:00:00,0.6835767,0,0
2012-05-09 17:00:00,0.54905367,0,0
2012-05-09 18:00:00,0.3937052,0,0
2012-05-09 19:00:00,0.270855,0,0
2012-05-09 20:00:00,0.16196029,0,0
2012-05-09 21:00:00,-0.0106112175,0,0
2012-05-09 22:00:00,-0.1537318,0,0
2012-05-09 23:00:00,-0.12583375,0,0
2012-05-10 00:00:00,-0.23061122,0,0
2012-05-10 01:00:00,-0.37053654,0,0
2012-05-10 02:00:00,-0.6101781,0,0
2012-05-10 03:00:00,-0.7622327,0,0
2012-05-10 04:00:00,-1.0336678,0,0
2012-05-10 05:00:00,-1.1407052,0,0
2012-05-10 06:00:00,-1.1887132,0,0
2012-05-10 07:00:00,-1.0983833,0,0
2012-05-10 08:00:00,-0.66668403,0,0
2012-05-10 09:00:00,-0.22765926,0,0
2012-05-10 10:00:00,0.047524817,0,0
2012-05-10 11:00:00,0.21988742,0,0
2012-05-10 12:00:00,0.35604846,0,0
2012-05-10 13:00:00,0.40583515,0,0
2012-05-10 14:00:00,0.40958202,0,0
2012-05-10 15:00:00,0.3942532,0,0
2012-05-10 16:00:00,0.26029345,0,0
2012-05-10 17:00:00,0.10067768,0,0
2012-05-10 18:00:00,-0.07416096,0,0
2012-05-10 19:00:00,-0.35007238,0,0
2012-05-10 20:00:00,-0.5857313,0,0
2012-05-10 21:00:00,-0.7148799,0,0
2012-05-10 22:00:00,-0.7958294,0,0
2012-05-10 23:00:00,-0.7091022,0,0
2012-05-11 00:00:00,-0.594639,0,0
2012-05-11 01:00:00,-0.48722064,0,0
2012-05-11 02:00:00,-0.4341784,0,0
2012-05-11 03:00:00,-0.384839,0,0
2012-05-11 04:00:00,-0.32918635,0,0
2012-05-11 05:00:00,-0.35389155,0,0
2012-05-11 06:00:00,-0.42910525,0,0
2012-05-11 07:00:00,-0.5565577,0,0
2012-05-11 08:00:00,-0.59294325,0,0
2012-05-11 09:00:00,-0.69720507,0,0
2012-05-11 10:00:00,-0.68550605,0,0
2012-05-11 11:00:00,-0.61103,0,0
2012-05-11 12:00:00,-0.5248345,0,0
2012-05-11 13:00:00,-0.45831776,0,0
2012-05-11 14:00:00,-0.43874443,0,0
2012-05-11 15:00:00,-0.48505726,0,0
2012-05-11 16:00:00,-0.5711429,0,0
2012-05-11 17:00:00,-0.65870017,0,0
2012-05-11 18:00:00,-0.7603101,0,0
2012-05-11 19:00:00,-0.8161591,0,0
2012-05-11 20:00:00,-0.89028496,0,0
2012-05-11 21:00:00,-0.9726278,0,0
2012-05-11 22:00:00,-1.0052674,0,0
2012-05-11 23:00:00,-1.0810097,0,0
2012-05-12 00:00:00,-1.0985545,1,0
2012-05-12 01:00:00,-1.1448517,1,0
2012-05-12 02:00:00,-1.2173686,1,0
2012-05-12 03:00:00,-1.2465281,1,0
2012-05-12 04:00:00,-1.2869852,1,0
2012-05-12 05:00:00,-1.363205,1,0
2012-05-12 06:00:00,-1.4244246,1,0
2012-05-12 07:00:00,-1.4736973,1,0
2012-05-12 08:00:00,-1.2159432,1,0
2012-05-12 09:00:00,-1.0176984,1,0
2012-05-12 10:00:00,-0.93130386,1,0
2012-05-12 11:00:00,-0.8708115,1,0
2012-05-12 12:00:00,-0.7839665,1,0
2012-05-12 13:00:00,-0.80046123,1,0
2012-05-12 14:00:00,-0.8218924,1,0
2012-05-12 15:00:00,-0.8832565,1,0
2012-05-12 16:00:00,-0.88007885,1,0
2012-05-12 17:00:00,-0.9973041,1,0
2012-05-12 18:00:00,-1.1156565,1,0
2012-05-12 19:00:00,-1.2098951,1,0
2012-05-12 20:00:00,-1.2905272,1,0
2012-05-12 21:00:00,-1.3230888,1,0
2012-05-12 22:00:00,-1.352597,1,0
2012-05-12 23:00:00,-1.3759987,1,0
2012-05-13 00:00:00,-1.3821685,1,0
2012-05-13 01:00:00,-1.4257611,1,0
2012-05-13 02:00:00,-1.3954244,1,0
2012-05-13 03:00:00,-1.394266,1,0
2012-05-13 04:00:00,-1.3981265,1,0
2012-05-13 05:00:00,-1.3465374,1,0
2012-05-13 06:00:00,-1.2755792,1,0
2012-05-13 07:00:00,-1.2180556,1,0
2012-05-13 08:00:00,-1.0251919,1,0
2012-05-13 09:00:00,-0.80013764,1,0
2012-05-13 10:00:00,-0.6633589,1,0
2012-05-13 11:00:00,-0.5563742,1,0
2012-05-13 12:00:00,-0.48895368,1,0
2012-05-13 13:00:00,-0.43339777,1,0
2012-05-13 14:00:00,-0.4122277,1,0
2012-05-13 15:00:00,-0.47149333,1,0
2012-05-13 16:00:00,-0.5794789,1,0
2012-05-13 17:00:00,-0.7345488,1,0
2012-05-13 18:00:00,-0.8933217,1,0
2012-05-13 19:00:00,-0.9762512,1,0
2012-05-13 20:00:00,-1.0697339,1,0
2012-05-13 21:00:00,-1.1053487,1,0
2012-05-13 22:00:00,-1.1590995,1,0
2012-05-13 23:00:00,-1.2304772,1,0
2012-05-14 00:00:00,-1.2791781,0,0
2012-05-14 01:00:00,-1.298383,0,0
2012-05-14 02:00:00,-1.344457,0,0
2012-05-14 03:00:00,-1.4020516,0,0
2012-05-14 04:00:00,-1.3592902,0,0
2012-05-14 05:00:00,-1.3904932,0,0
2012-05-14 06:00:00,-1.469754,0,0
2012-05-14 07:00:00,-1.5763738,0,0
2012-05-14 08:00:00,-1.2374058,0,0
2012-05-14 09:00:00,-0.9024108,0,0
2012-05-14 10:00:00,-0.73398644,0,0
2012-05-14 11:00:00,-0.6033767,0,0
2012-05-14 12:00:00,-0.53214675,0,0
2012-05-14 13:00:00,-0.49286005,0,0
2012-05-14 14:00:00,-0.40881076,0,0
2012-05-14 15:00:00,-0.45264208,0,0
2012-05-14 16:00:00,-0.5474638,0,0
2012-05-14 17:00:00,-0.63929546,0,0
2012-05-14 18:00:00,-0.7164278,0,0
2012-05-14 19:00:00,-0.80755013,0,0
2012-05-14 20:00:00,-0.8645262,0,0
2012-05-14 21:00:00,-0.9228958,0,0
2012-05-14 22:00:00,-0.99963635,0,0
2012-05-14 23:00:00,-1.1032461,0,0
2012-05-15 00:00:00,-1.2000053,0,0
2012-05-15 01:00:00,-1.3560889,0,0
2012-05-15 02:00:00,-1.4844817,0,0
2012-05-15 03:00:00,-1.5930789,0,0
2012-05-15 04:00:00,-1.6392982,0,0
2012-05-15 05:00:00,-1.7509365,0,0
2012-05-15 06:00:00,-1.7881682,0,0
2012-05-15 07:00:00,-1.8193873,0,0
2012-05-15 08:00:00,-1.6167816,0,0
2012-05-15 09:00:00,-1.4902241,0,0
2012-05-15 10:00:00,-1.3795586,0,0
2012-05-15 11:00:00,-1.2100729,0,0
2012-05-15 12:00:00,-1.0606613,0,0
2012-05-15 13:00:00,-0.92241836,0,0
2012-05-15 14:00:00,-0.8257559,0,0
2012-05-15 15:00:00,-0.8379537,0,0
2012-05-15 16:00:00,-0.91870797,0,0
2012-05-15 17:00:00,-1.0622905,0,0
2012-05-15 18:00:00,-1.2609453,0,0
2012-05-15 19:00:00,-1.424095,0,0
2012-05-15 20:00:00,-1.5481619,0,0
2012-05-15 21:00:00,-1.656708,0,0
2012-05-15 22:00:00,-1.7472007,0,0
2012-05-15 23:00:00,-1.841224,0,0
2012-05-16 00:00:00,-1.9219071,0,0
2012-05-16 01:00:00,-1.983049,0,0
2012-05-16 02:00:00,-2.0396495,0,0
2012-05-16 03:00:00,-2.085125,0,0
2012-05-16 04:00:00,-2.1840563,0,0
2012-05-16 05:00:00,-2.2226934,0,0
2012-05-16 06:00:00,-2.2533407,0,0
2012-05-16 07:00:00,-2.2623096,0,0
2012-05-16 08:00:00,-2.0006294,0,0
2012-05-16 09:00:00,-1.5887914,0,0
2012-05-16 10:00:00,-1.2709426,0,0
2012-05-16 11:00:00,-0.99184275,0,0
2012-05-16 12:00:00,-0.77122563,0,0
2012-05-16 13:00:00,-0.6362902,0,0
2012-05-16 14:00:00,-0.587526,0,0
2012-05-16 15:00:00,-0.6096157,0,0
2012-05-16 16:00:00,-0.6808924,0,0
2012-05-16 17:00:00,-0.8542254,0,0
2012-05-16 18:00:00,-1.1088502,0,0
2012-05-16 19:00:00,-1.3565093,0,0
2012-05-16 20:00:00,-1.6419374,0,0
2012-05-16 21:00:00,-1.81014,0,0
2012-05-16 22:00:00,-1.8796487,0,0
2012-05-16 23:00:00,-1.9322965,0,0
2012-05-17 00:00:00,-1.9660362,0,0
2012-05-17 01:00:00,-1.9820668,0,0
2012-05-17 02:00:00,-1.9902793,0,0
2012-05-17 03:00:00,-2.0087914,0,0
2012-05-17 04:00:00,-2.0350575,0,0
2012-05-17 05:00:00,-2.0449302,0,0
2012-05-17 06:00:00,-2.0578563,0,0
2012-05-17 07:00:00,-2.0625384,0,0
2012-05-17 08:00:00,-1.7927864,0,0
2012-05-17 09:00:00,-1.3451223,0,0
2012-05-17 10:00:00,-0.97553945,0,0
2012-05-17 11:00:00,-0.7719388,0,0
2012-05-17 12:00:00,-0.6072096,0,0
2012-05-17 13:00:00,-0.4717967,0,0
2012-05-17 14:00:00,-0.40632167,0,0
2012-05-17 15:00:00,-0.39421389,0,0
2012-05-17 16:00:00,-0.44708836,0,0
2012-05-17 17:00:00,-0.6623011,0,0
2012-05-17 18:00:00,-0.8069432,0,0
2012-05-17 19:00:00,-0.95203143,0,0
2012-05-17 20:00:00,-1.0603466,0,0
2012-05-17 21:00:00,-1.1209358,0,0
2012-05-17 22:00:00,-1.173453,0,0
2012-05-17 23:00:00,-1.1950493,0,0
2012-05-18 00:00:00,-1.2337831,0,0
2012-05-18 01:00:00,-1.2392359,0,0
2012-05-18 02:00:00,-1.1970569,0,0
2012-05-18 03:00:00,-1.2114033,0,0
2012-05-18 04:00:00,-1.2700901,0,0
2012-05-18 05:00:00,-1.3540643,0,0
2012-05-18 06:00:00,-1.3909783,0,0
2012-05-18 07:00:00,-1.4278924,0,0
2012-05-18 08:00:00,-1.21501,0,0
2012-05-18 09:00:00,-0.68789977,0,0
2012-05-18 10:00:00,-0.24201845,0,0
2012-05-18 11:00:00,-0.0020951647,0,0
2012-05-18 12:00:00,0.07721864,0,0
2012-05-18 13:00:00,0.1265977,0,0
2012-05-18 14:00:00,0.13985328,0,0
2012-05-18 15:00:00,0.09141527,0,0
2012-05-18 16:00:00,0.00022882942,0,0
2012-05-18 17:00:00,-0.1602126,0,0
2012-05-18 18:00:00,-0.29821256,0,0
2012-05-18 19:00:00,-0.4953858,0,0
2012-05-18 20:00:00,-0.6525683,0,0
2012-05-18 21:00:00,-0.7915086,0,0
2012-05-18 22:00:00,-0.8645748,0,0
2012-05-18 23:00:00,-0.9392411,0,0
2012-05-19 00:00:00,-0.93125683,1,0
2012-05-19 01:00:00,-1.0198067,1,0
2012-05-19 02:00:00,-1.1728938,1,0
2012-05-19 03:00:00,-1.0505639,1,0
2012-05-19 04:00:00,-1.1584109,1,0
2012-05-19 05:00:00,-1.1453402,1,0
2012-05-19 06:00:00,-1.1035175,1,0
2012-05-19 07:00:00,-1.1267306,1,0
2012-05-19 08:00:00,-0.90632534,1,0
2012-05-19 09:00:00,-0.54598767,1,0
2012-05-19 10:00:00,-0.35952637,1,0
2012-05-19 11:00:00,-0.16186805,1,0
2012-05-19 12:00:00,-0.10709738,1,0
2012-05-19 13:00:00,-0.035113372,1,0
2012-05-19 14:00:00,-0.0077736,1,0
2012-05-19 15:00:00,-0.047051772,1,0
2012-05-19 16:00:00,-0.28709057,1,0
2012-05-19 17:00:00,-0.5122582,1,0
2012-05-19 18:00:00,-0.7151322,1,0
2012-05-19 19:00:00,-0.8808066,1,0
2012-05-19 20:00:00,-1.0678931,1,0
2012-05-19 21:00:00,-1.2345346,1,0
2012-05-19 22:00:00,-1.3571693,1,0
2012-05-19 23:00:00,-1.4921461,1,0
2012-05-20 00:00:00,-1.565489,1,0
2012-05-20 01:00:00,-1.6632153,1,0
2012-05-20 02:00:00,-1.7386132,1,0
2012-05-20 03:00:00,-1.8259584,1,0
2012-05-20 04:00:00,-2.062289,1,0
2012-05-20 05:00:00,-2.2024686,1,0
2012-05-20 06:00:00,-2.3306072,1,0
2012-05-20 07:00:00,-2.4631922,1,0
2012-05-20 08:00:00,-2.1571689,1,0
2012-05-20 09:00:00,-1.770007,1,0
2012-05-20 10:00:00,-1.589314,1,0
2012-05-20 11:00:00,-1.4168916,1,0
2012-05-20 12:00:00,-1.241898,1,0
2012-05-20 13:00:00,-1.1107597,1,0
2012-05-20 14:00:00,-1.0698564,1,0
2012-05-20 15:00:00,-1.1163892,1,0
2012-05-20 16:00:00,-1.1162587,1,0
2012-05-20 17:00:00,-1.2905079,1,0
2012-05-20 18:00:00,-1.4549654,1,0
2012-05-20 19:00:00,-1.5884202,1,0
2012-05-20 20:00:00,-1.7573773,1,0
2012-05-20 21:00:00,-1.9571788,1,0
2012-05-20 22:00:00,-2.10492,1,0
2012-05-20 23:00:00,-2.247632,1,0
2012-05-21 00:00:00,-2.3882892,0,0
2012-05-21 01:00:00,-2.4694617,0,0
2012-05-21 02:00:00,-2.530267,0,0
2012-05-21 03:00:00,-2.5629697,0,0
2012-05-21 04:00:00,-2.5555408,0,0
2012-05-21 05:00:00,-2.603561,0,0
2012-05-21 06:00:00,-2.5879042,0,0
2012-05-21 07:00:00,-2.5297942,0,0
2012-05-21 08:00:00,-2.1387162,0,0
2012-05-21 09:00:00,-1.5834374,0,0
2012-05-21 10:00:00,-1.2017968,0,0
2012-05-21 11:00:00,-0.9283259,0,0
2012-05-21 12:00:00,-0.76080984,0,0
2012-05-21 13:00:00,-0.7103981,0,0
2012-05-21 14:00:00,-0.6660029,0,0
2012-05-21 15:00:00,-0.67579705,0,0
2012-05-21 16:00:00,-0.68810135,0,0
2012-05-21 17:00:00,-0.8212184,0,0
2012-05-21 18:00:00,-0.91740257,0,0
2012-05-21 19:00:00,-1.0100125,0,0
2012-05-21 20:00:00,-1.0783682,0,0
2012-05-21 21:00:00,-1.1834537,0,0
2012-05-21 22:00:00,-1.2872277,0,0
2012-05-21 23:00:00,-1.3723454,0,0
2012-05-22 00:00:00,-1.4442829,0,0
2012-05-22 01:00:00,-1.4745228,0,0
2012-05-22 02:00:00,-1.4698217,0,0
2012-05-22 03:00:00,-1.4576983,0,0
2012-05-22 04:00:00,-1.3440715,0,0
2012-05-22 05:00:00,-1.348436,0,0
2012-05-22 06:00:00,-1.3572474,0,0
2012-05-22 07:00:00,-1.3606961,0,0
2012-05-22 08:00:00,-1.2373028,0,0
2012-05-22 09:00:00,-1.0372978,0,0
2012-05-22 10:00:00,-0.8565678,0,0
2012-05-22 11:00:00,-0.61636806,0,0
2012-05-22 12:00:00,-0.42632517,0,0
2012-05-22 13:00:00,-0.34896168,0,0
2012-05-22 14:00:00,-0.28883022,0,0
2012-05-22 15:00:00,-0.31642348,0,0
2012-05-22 16:00:00,-0.3051349,0,0
2012-05-22 17:00:00,-0.3859581,0,0
2012-05-22 18:00:00,-0.47534275,0,0
2012-05-22 19:00:00,-0.53126186,0,0
2012-05-22 20:00:00,-0.5775124,0,0
2012-05-22 21:00:00,-0.62541074,0,0
2012-05-22 22:00:00,-0.63819575,0,0
2012-05-22 23:00:00,-0.6423882,0,0
2012-05-23 00:00:00,-0.6409005,0,0
2012-05-23 01:00:00,-0.65184915,0,0
2012-05-23 02:00:00,-0.65490264,0,0
2012-05-23 03:00:00,-0.69642776,0,0
2012-05-23 04:00:00,-0.9003629,0,0
2012-05-23 05:00:00,-1.0805601,0,0
2012-05-23 06:00:00,-1.2452674,0,0
2012-05-23 07:00:00,-1.346611,0,0
2012-05-23 08:00:00,-1.2675463,0,0
2012-05-23 09:00:00,-1.0890479,0,0
2012-05-23 10:00:00,-0.8846665,0,0
2012-05-23 11:00:00,-0.66382354,0,0
2012-05-23 12:00:00,-0.4896412,0,0
2012-05-23 13:00:00,-0.36668292,0,0
2012-05-23 14:00:00,-0.41382918,0,0
2012-05-23 15:00:00,-0.65389836,0,0
2012-05-23 16:00:00,-0.75891036,0,0
2012-05-23 17:00:00,-0.95969796,0,0
2012-05-23 18:00:00,-1.1192658,0,0
2012-05-23 19:00:00,-1.2174349,0,0
2012-05-23 20:00:00,-1.3152555,0,0
2012-05-23 21:00:00,-1.402777,0,0
2012-05-23 22:00:00,-1.4638245,0,0
2012-05-23 23:00:00,-1.5229889,0,0
2012-05-24 00:00:00,-1.5721673,0,0
2012-05-24 01:00:00,-1.623483,0,0
2012-05-24 02:00:00,-1.684041,0,0
2012-05-24 03:00:00,-1.7502791,0,0
2012-05-24 04:00:00,-1.7303355,0,0
2012-05-24 05:00:00,-1.8061168,0,0
2012-05-24 06:00:00,-1.8480494,0,0
2012-05-24 07:00:00,-1.8852808,0,0
2012-05-24 08:00:00,-1.8528067,0,0
2012-05-24 09:00:00,-1.8012688,0,0
2012-05-24 10:00:00,-1.7314498,0,0
2012-05-24 11:00:00,-1.5869886,0,0
2012-05-24 12:00:00,-1.4470251,0,0
2012-05-24 13:00:00,-1.3863462,0,0
2012-05-24 14:00:00,-1.560025,0,0
2012-05-24 15:00:00,-1.5900419,0,0
2012-05-24 16:00:00,-1.6314338,0,0
2012-05-24 17:00:00,-1.7366135,0,0
2012-05-24 18:00:00,-1.7927514,0,0
2012-05-24 19:00:00,-1.802241,0,0
2012-05-24 20:00:00,-1.8264644,0,0
2012-05-24 21:00:00,-1.940099,0,0
2012-05-24 22:00:00,-2.0177944,0,0
2012-05-24 23:00:00,-2.0865963,0,0
2012-05-25 00:00:00,-2.1069446,0,0
2012-05-25 01:00:00,-2.1361866,0,0
2012-05-25 02:00:00,-2.1409628,0,0
2012-05-25 03:00:00,-2.1383169,0,0
2012-05-25 04:00:00,-2.0862505,0,0
2012-05-25 05:00:00,-2.1533146,0,0
2012-05-25 06:00:00,-2.2717135,0,0
2012-05-25 07:00:00,-2.3889732,0,0
2012-05-25 08:00:00,-2.2335489,0,0
2012-05-25 09:00:00,-1.9157531,0,0
2012-05-25 10:00:00,-1.7559068,0,0
2012-05-25 11:00:00,-1.5751482,0,0
2012-05-25 12:00:00,-1.5235617,0,0
2012-05-25 13:00:00,-1.5217218,0,0
2012-05-25 14:00:00,-1.456996,0,0
2012-05-25 15:00:00,-1.3696752,0,0
2012-05-25 16:00:00,-1.2748543,0,0
2012-05-25 17:00:00,-1.2941725,0,0
2012-05-25 18:00:00,-1.3394439,0,0
2012-05-25 19:00:00,-1.353145,0,0
2012-05-25 20:00:00,-1.3786209,0,0
2012-05-25 21:00:00,-1.4156171,0,0
2012-05-25 22:00:00,-1.4349862,0,0
2012-05-25 23:00:00,-1.455177,0,0
2012-05-26 00:00:00,-1.4482443,1,0
2012-05-26 01:00:00,-1.4058031,1,0
2012-05-26 02:00:00,-1.3686304,1,0
2012-05-26 03:00:00,-1.3514929,1,0
2012-05-26 04:00:00,-1.3492777,1,0
2012-05-26 05:00:00,-1.3344498,1,0
2012-05-26 06:00:00,-1.3254619,1,0
2012-05-26 07:00:00,-1.3804994,1,0
2012-05-26 08:00:00,-1.2389195,1,0
2012-05-26 09:00:00,-0.967549,1,0
2012-05-26 10:00:00,-0.8142523,1,0
2012-05-26 11:00:00,-0.61393243,1,0
2012-05-26 12:00:00,-0.53833354,1,0
2012-05-26 13:00:00,-0.43407667,1,0
2012-05-26 14:00:00,-0.55746466,1,0
2012-05-26 15:00:00,-0.57866246,1,0
2012-05-26 16:00:00,-0.66939384,1,0
2012-05-26 17:00:00,-0.82380223,1,0
2012-05-26 18:00:00,-0.96507686,1,0
2012-05-26 19:00:00,-1.0278153,1,0
2012-05-26 20:00:00,-1.0411676,1,0
2012-05-26 21:00:00,-1.0604547,1,0
2012-05-26 22:00:00,-1.0962175,1,0
2012-05-26 23:00:00,-1.1769662,1,0
2012-05-27 00:00:00,-1.2452785,1,0
2012-05-27 01:00:00,-1.3180375,1,0
2012-05-27 02:00:00,-1.419549,1,0
2012-05-27 03:00:00,-1.5024348,1,0
2012-05-27 04:00:00,-1.6292499,1,0
2012-05-27 05:00:00,-1.6965641,1,0
2012-05-27 06:00:00,-1.7600809,1,0
2012-05-27 07:00:00,-1.7945912,1,0
2012-05-27 08:00:00,-1.6051416,1,0
2012-05-27 09:00:00,-1.2630507,1,0
2012-05-27 10:00:00,-1.0558432,1,0
2012-05-27 11:00:00,-0.87688637,1,0
2012-05-27 12:00:00,-0.8201059,1,0
2012-05-27 13:00:00,-0.77784806,1,0
2012-05-27 14:00:00,-0.8088822,1,0
2012-05-27 15:00:00,-0.87800074,1,0
2012-05-27 16:00:00,-0.91337246,1,0
2012-05-27 17:00:00,-1.0813054,1,0
2012-05-27 18:00:00,-1.2465801,1,0
2012-05-27 19:00:00,-1.3822498,1,0
2012-05-27 20:00:00,-1.4901342,1,0
2012-05-27 21:00:00,-1.554012,1,0
2012-05-27 22:00:00,-1.6011473,1,0
2012-05-27 23:00:00,-1.62018,1,0
2012-05-28 00:00:00,-1.6613808,0,0
2012-05-28 01:00:00,-1.6804136,0,0
2012-05-28 02:00:00,-1.6738105,0,0
2012-05-28 03:00:00,-1.6815459,0,0
2012-05-28 04:00:00,-1.6320283,0,0
2012-05-28 05:00:00,-1.6358722,0,0
2012-05-28 06:00:00,-1.6613948,0,0
2012-05-28 07:00:00,-1.6335273,0,0
2012-05-28 08:00:00,-1.4752051,0,0
2012-05-28 09:00:00,-1.1442947,0,0
2012-05-28 10:00:00,-0.9802005,0,0
2012-05-28 11:00:00,-0.85052323,0,0
2012-05-28 12:00:00,-0.8339645,0,0
2012-05-28 13:00:00,-0.78197485,0,0
2012-05-28 14:00:00,-0.7931624,0,0
2012-05-28 15:00:00,-0.82224333,0,0
2012-05-28 16:00:00,-0.7807839,0,0
2012-05-28 17:00:00,-0.89383906,0,0
2012-05-28 18:00:00,-0.97885466,0,0
2012-05-28 19:00:00,-1.0639993,0,0
2012-05-28 20:00:00,-1.1645557,0,0
2012-05-28 21:00:00,-1.259655,0,0
2012-05-28 22:00:00,-1.3114915,0,0
2012-05-28 23:00:00,-1.3774122,0,0
2012-05-29 00:00:00,-1.4485235,0,0
2012-05-29 01:00:00,-1.5080831,0,0
2012-05-29 02:00:00,-1.5038717,0,0
2012-05-29 03:00:00,-1.6084362,0,0
2012-05-29 04:00:00,-1.5901407,0,0
2012-05-29 05:00:00,-1.6581985,0,0
2012-05-29 06:00:00,-1.7811341,0,0
2012-05-29 07:00:00,-1.9394718,0,0
2012-05-29 08:00:00,-1.7462252,0,0
2012-05-29 09:00:00,-1.4043636,0,0
2012-05-29 10:00:00,-1.3050551,0,0
2012-05-29 11:00:00,-1.2233229,0,0
2012-05-29 12:00:00,-1.1155863,0,0
2012-05-29 13:00:00,-1.014305,0,0
2012-05-29 14:00:00,-0.9806475,0,0
2012-05-29 15:00:00,-0.99537784,0,0
2012-05-29 16:00:00,-0.9415929,0,0
2012-05-29 17:00:00,-1.0323199,0,0
2012-05-29 18:00:00,-1.0949131,0,0
2012-05-29 19:00:00,-1.1899614,0,0
2012-05-29 20:00:00,-1.2102587,0,0
2012-05-29 21:00:00,-1.2467774,0,0
2012-05-29 22:00:00,-1.29037,0,0
2012-05-29 23:00:00,-1.3273662,0,0
2012-05-30 00:00:00,-1.3761494,0,0
2012-05-30 01:00:00,-1.3908174,0,0
2012-05-30 02:00:00,-1.4559942,0,0
2012-05-30 03:00:00,-1.5294149,0,0
2012-05-30 04:00:00,-1.5290008,0,0
2012-05-30 05:00:00,-1.6433749,0,0
2012-05-30 06:00:00,-1.7010516,0,0
2012-05-30 07:00:00,-1.7274122,0,0
2012-05-30 08:00:00,-1.5850737,0,0
2012-05-30 09:00:00,-1.38045,0,0
2012-05-30 10:00:00,-1.2726822,0,0
2012-05-30 11:00:00,-1.1350619,0,0
2012-05-30 12:00:00,-0.960884,0,0
2012-05-30 13:00:00,-0.8199483,0,0
2012-05-30 14:00:00,-0.74061227,0,0
2012-05-30 15:00:00,-0.7504064,0,0
2012-05-30 16:00:00,-0.77238667,0,0
2012-05-30 17:00:00,-0.98891073,0,0
2012-05-30 18:00:00,-1.1819708,0,0
2012-05-30 19:00:00,-1.329936,0,0
2012-05-30 20:00:00,-1.4475522,0,0
2012-05-30 21:00:00,-1.5363849,0,0
2012-05-30 22:00:00,-1.6106439,0,0
2012-05-30 23:00:00,-1.6554698,0,0
2012-05-31 00:00:00,-1.7143798,0,0
2012-05-31 01:00:00,-1.7601097,0,0
2012-05-31 02:00:00,-1.8069786,0,0
2012-05-31 03:00:00,-1.8665384,0,0
2012-05-31 04:00:00,-1.9747115,0,0
2012-05-31 05:00:00,-2.0201871,0,0
2012-05-31 06:00:00,-2.0376542,0,0
2012-05-31 07:00:00,-2.0466232,0,0
2012-05-31 08:00:00,-1.8532041,0,0
2012-05-31 09:00:00,-1.4743031,0,0
2012-05-31 10:00:00,-1.0429816,0,0
2012-05-31 11:00:00,-0.7023977,0,0
2012-05-31 12:00:00,-0.43080646,0,0
2012-05-31 13:00:00,-0.30577502,0,0
2012-05-31 14:00:00,-0.25652117,0,0
2012-05-31 15:00:00,-0.23615742,0,0
2012-05-31 16:00:00,-0.15508993,0,0
2012-05-31 17:00:00,-0.36253157,0,0
2012-05-31 18:00:00,-0.59843063,0,0
2012-05-31 19:00:00,-0.8118925,0,0
2012-05-31 20:00:00,-0.94468534,0,0
2012-05-31 21:00:00,-1.0367478,0,0
2012-05-31 22:00:00,-1.125757,0,0
2012-05-31 23:00:00,-1.1974401,0,0
2012-06-01 00:00:00,-1.2625391,0,0
2012-06-01 01:00:00,-1.3207875,0,0
2012-06-01 02:00:00,-1.3463266,0,0
2012-06-01 03:00:00,-1.343019,0,0
2012-06-01 04:00:00,-1.4263659,0,0
2012-06-01 05:00:00,-1.3896049,0,0
2012-06-01 06:00:00,-1.3273802,0,0
2012-06-01 07:00:00,-1.3056195,0,0
2012-06-01 08:00:00,-1.1981547,0,0
2012-06-01 09:00:00,-0.99773985,0,0
2012-06-01 10:00:00,-0.6901845,0,0
2012-06-01 11:00:00,-0.5148772,0,0
2012-06-01 12:00:00,-0.3860847,0,0
2012-06-01 13:00:00,-0.2666123,0,0
2012-06-01 14:00:00,-0.20099951,0,0
2012-06-01 15:00:00,-0.20449826,0,0
2012-06-01 16:00:00,-0.11009181,0,0
2012-06-01 17:00:00,-0.31394744,0,0
2012-06-01 18:00:00,-0.4631485,0,0
2012-06-01 19:00:00,-0.57375664,0,0
2012-06-01 20:00:00,-0.7086704,0,0
2012-06-01 21:00:00,-0.8003211,0,0
2012-06-01 22:00:00,-0.87217623,0,0
2012-06-01 23:00:00,-0.92566043,0,0
2012-06-02 00:00:00,-0.984081,1,0
2012-06-02 01:00:00,-1.0290668,1,0
2012-06-02 02:00:00,-1.0867437,1,0
2012-06-02 03:00:00,-1.1361763,1,0
2012-06-02 04:00:00,-1.2124783,1,0
2012-06-02 05:00:00,-1.2819296,1,0
2012-06-02 06:00:00,-1.3738035,1,0
2012-06-02 07:00:00,-1.4745711,1,0
2012-06-02 08:00:00,-1.3569645,1,0
2012-06-02 09:00:00,-0.94024533,1,0
2012-06-02 10:00:00,-0.7343493,1,0
2012-06-02 11:00:00,-0.52832246,1,0
2012-06-02 12:00:00,-0.4340206,1,0
2012-06-02 13:00:00,-0.34533575,1,0
2012-06-02 14:00:00,-0.36484504,1,0
2012-06-02 15:00:00,-0.39935455,1,0
2012-06-02 16:00:00,-0.4422265,1,0
2012-06-02 17:00:00,-0.6372006,1,0
2012-06-02 18:00:00,-0.7972849,1,0
2012-06-02 19:00:00,-0.91383964,1,0
2012-06-02 20:00:00,-1.0238614,1,0
2012-06-02 21:00:00,-1.1047044,1,0
2012-06-02 22:00:00,-1.2003756,1,0
2012-06-02 23:00:00,-1.3113643,1,0
2012-06-03 00:00:00,-1.4218634,1,0
2012-06-03 01:00:00,-1.5186735,1,0
2012-06-03 02:00:00,-1.6133467,1,0
2012-06-03 03:00:00,-1.6811502,1,0
2012-06-03 04:00:00,-1.7171483,1,0
2012-06-03 05:00:00,-1.8214587,1,0
2012-06-03 06:00:00,-1.8765717,1,0
2012-06-03 07:00:00,-1.942982,1,0
2012-06-03 08:00:00,-1.8363119,1,0
2012-06-03 09:00:00,-1.6494439,1,0
2012-06-03 10:00:00,-1.5389405,1,0
2012-06-03 11:00:00,-1.4677737,1,0
2012-06-03 12:00:00,-1.4207672,1,0
2012-06-03 13:00:00,-1.4120215,1,0
2012-06-03 14:00:00,-1.4448951,1,0
2012-06-03 15:00:00,-1.5149808,1,0
2012-06-03 16:00:00,-1.4609535,1,0
2012-06-03 17:00:00,-1.5620741,1,0
2012-06-03 18:00:00,-1.6428003,1,0
2012-06-03 19:00:00,-1.7083378,1,0
2012-06-03 20:00:00,-1.711149,1,0
2012-06-03 21:00:00,-1.6523263,1,0
2012-06-03 22:00:00,-1.612602,1,0
2012-06-03 23:00:00,-1.5645559,1,0
2012-06-04 00:00:00,-1.6148146,0,0
2012-06-04 01:00:00,-1.6129127,0,0
2012-06-04 02:00:00,-1.620064,0,0
2012-06-04 03:00:00,-1.6574554,0,0
2012-06-04 04:00:00,-1.863856,0,0
2012-06-04 05:00:00,-2.0560899,0,0
2012-06-04 06:00:00,-2.220723,0,0
2012-06-04 07:00:00,-2.3051088,0,0
2012-06-04 08:00:00,-2.1386492,0,0
2012-06-04 09:00:00,-1.7800332,0,0
2012-06-04 10:00:00,-1.5150356,0,0
2012-06-04 11:00:00,-1.3272198,0,0
2012-06-04 12:00:00,-1.1698862,0,0
2012-06-04 13:00:00,-1.1396385,0,0
2012-06-04 14:00:00,-1.1238537,0,0
2012-06-04 15:00:00,-1.1960497,0,0
2012-06-04 16:00:00,-1.1923245,0,0
2012-06-04 17:00:00,-1.2514423,0,0
2012-06-04 18:00:00,-1.2576432,0,0
2012-06-04 19:00:00,-1.2344891,0,0
2012-06-04 20:00:00,-1.2055768,0,0
2012-06-04 21:00:00,-1.1919822,0,0
2012-06-04 22:00:00,-1.1734513,0,0
2012-06-04 23:00:00,-1.1971728,0,0
2012-06-05 00:00:00,-1.2217327,0,0
2012-06-05 01:00:00,-1.2683662,0,0
2012-06-05 02:00:00,-1.327945,0,0
2012-06-05 03:00:00,-1.3738347,0,0
2012-06-05 04:00:00,-1.433731,0,0
2012-06-05 05:00:00,-1.5204964,0,0
2012-06-05 06:00:00,-1.6303339,0,0
2012-06-05 07:00:00,-1.6859554,0,0
2012-06-05 08:00:00,-1.6527252,0,0
2012-06-05 09:00:00,-1.5581543,0,0
2012-06-05 10:00:00,-1.5088116,0,0
2012-06-05 11:00:00,-1.4911168,0,0
2012-06-05 12:00:00,-1.4489056,0,0
2012-06-05 13:00:00,-1.4305224,0,0
2012-06-05 14:00:00,-1.4157134,0,0
2012-06-05 15:00:00,-1.4423596,0,0
2012-06-05 16:00:00,-1.3316104,0,0
2012-06-05 17:00:00,-1.4410917,0,0
2012-06-05 18:00:00,-1.5374558,0,0
2012-06-05 19:00:00,-1.6448506,0,0
2012-06-05 20:00:00,-1.7228122,0,0
2012-06-05 21:00:00,-1.7925302,0,0
2012-06-05 22:00:00,-1.8688321,0,0
2012-06-05 23:00:00,-1.9592181,0,0
2012-06-06 00:00:00,-2.0503483,0,0
2012-06-06 01:00:00,-2.1694865,0,0
2012-06-06 02:00:00,-2.2784982,0,0
2012-06-06 03:00:00,-2.3903086,0,0
2012-06-06 04:00:00,-2.499082,0,0
2012-06-06 05:00:00,-2.5743861,0,0
2012-06-06 06:00:00,-2.6457324,0,0
2012-06-06 07:00:00,-2.6935177,0,0
2012-06-06 08:00:00,-2.57137,0,0
2012-06-06 09:00:00,-2.3179562,0,0
2012-06-06 10:00:00,-2.0651164,0,0
2012-06-06 11:00:00,-1.8641324,0,0
2012-06-06 12:00:00,-1.7463199,0,0
2012-06-06 13:00:00,-1.6679386,0,0
2012-06-06 14:00:00,-1.6510743,0,0
2012-06-06 15:00:00,-1.6758686,0,0
2012-06-06 16:00:00,-1.7499788,0,0
2012-06-06 17:00:00,-1.9241127,0,0
2012-06-06 18:00:00,-2.058166,0,0
2012-06-06 19:00:00,-2.1707633,0,0
2012-06-06 20:00:00,-2.2341635,0,0
2012-06-06 21:00:00,-2.2845244,0,0
2012-06-06 22:00:00,-2.3030796,0,0
2012-06-06 23:00:00,-2.310733,0,0
2012-06-07 00:00:00,-2.338405,0,0
2012-06-07 01:00:00,-2.3804154,0,0
2012-06-07 02:00:00,-2.4557192,0,0
2012-06-07 03:00:00,-2.5234284,0,0
2012-06-07 04:00:00,-2.638942,0,0
2012-06-07 05:00:00,-2.7449121,0,0
2012-06-07 06:00:00,-2.8437777,0,0
2012-06-07 07:00:00,-2.9161222,0,0
2012-06-07 08:00:00,-2.746183,0,0
2012-06-07 09:00:00,-2.3530254,0,0
2012-06-07 10:00:00,-2.0940669,0,0
2012-06-07 11:00:00,-1.9812295,0,0
2012-06-07 12:00:00,-1.8740528,0,0
2012-06-07 13:00:00,-1.7897367,0,0
2012-06-07 14:00:00,-1.7514482,0,0
2012-06-07 15:00:00,-1.7836647,0,0
2012-06-07 16:00:00,-1.9556534,0,0
2012-06-07 17:00:00,-2.118439,0,0
2012-06-07 18:00:00,-2.2436764,0,0
2012-06-07 19:00:00,-2.3616369,0,0
2012-06-07 20:00:00,-2.4377277,0,0
2012-06-07 21:00:00,-2.4838963,0,0
2012-06-07 22:00:00,-2.5229597,0,0
2012-06-07 23:00:00,-2.586489,0,0
2012-06-08 00:00:00,-2.682078,0,0
2012-06-08 01:00:00,-2.7884433,0,0
2012-06-08 02:00:00,-2.9025633,0,0
2012-06-08 03:00:00,-3.0141194,0,0
2012-06-08 04:00:00,-3.0527563,0,0
2012-06-08 05:00:00,-3.1762474,0,0
2012-06-08 06:00:00,-3.2222126,0,0
2012-06-08 07:00:00,-3.2599337,0,0
2012-06-08 08:00:00,-3.0075977,0,0
2012-06-08 09:00:00,-2.544669,0,0
2012-06-08 10:00:00,-2.2851775,0,0
2012-06-08 11:00:00,-2.1480346,0,0
2012-06-08 12:00:00,-2.0489953,0,0
2012-06-08 13:00:00,-1.9705195,0,0
2012-06-08 14:00:00,-1.9383254,0,0
2012-06-08 15:00:00,-1.9809232,0,0
2012-06-08 16:00:00,-1.9850227,0,0
2012-06-08 17:00:00,-2.179124,0,0
2012-06-08 18:00:00,-2.3240628,0,0
2012-06-08 19:00:00,-2.4271007,0,0
2012-06-08 20:00:00,-2.509032,0,0
2012-06-08 21:00:00,-2.5938444,0,0
2012-06-08 22:00:00,-2.6536705,0,0
2012-06-08 23:00:00,-2.7137513,0,0
2012-06-09 00:00:00,-2.7815547,1,0
2012-06-09 01:00:00,-2.8852153,1,0
2012-06-09 02:00:00,-2.9723885,1,0
2012-06-09 03:00:00,-3.0096197,1,0
2012-06-09 04:00:00,-3.0632286,1,0
2012-06-09 05:00:00,-3.127979,1,0
2012-06-09 06:00:00,-3.14619,1,0
2012-06-09 07:00:00,-3.196856,1,0
2012-06-09 08:00:00,-3.0316176,1,0
2012-06-09 09:00:00,-2.5610824,1,0
2012-06-09 10:00:00,-2.3342228,1,0
2012-06-09 11:00:00,-2.231226,1,0
2012-06-09 12:00:00,-2.1076388,1,0
2012-06-09 13:00:00,-2.0109644,1,0
2012-06-09 14:00:00,-1.9667412,1,0
2012-06-09 15:00:00,-2.003499,1,0
2012-06-09 16:00:00,-2.0244856,1,0
2012-06-09 17:00:00,-2.1441684,1,0
2012-06-09 18:00:00,-2.2629817,1,0
2012-06-09 19:00:00,-2.3572862,1,0
2012-06-09 20:00:00,-2.4332829,1,0
2012-06-09 21:00:00,-2.537542,1,0
2012-06-09 22:00:00,-2.581307,1,0
2012-06-09 23:00:00,-2.6481435,1,0
2012-06-10 00:00:00,-2.748179,1,0
2012-06-10 01:00:00,-2.8338645,1,0
2012-06-10 02:00:00,-2.9285374,1,0
2012-06-10 03:00:00,-3.0052342,1,0
2012-06-10 04:00:00,-3.109717,1,0
2012-06-10 05:00:00,-3.182457,1,0
2012-06-10 06:00:00,-3.241367,1,0
2012-06-10 07:00:00,-3.2548769,1,0
2012-06-10 08:00:00,-2.9623315,1,0
2012-06-10 09:00:00,-2.5643442,1,0
2012-06-10 10:00:00,-2.4394267,1,0
2012-06-10 11:00:00,-2.408484,1,0
2012-06-10 12:00:00,-2.278696,1,0
2012-06-10 13:00:00,-2.2058494,1,0
2012-06-10 14:00:00,-2.1120684,1,0
2012-06-10 15:00:00,-2.1547604,1,0
2012-06-10 16:00:00,-2.1460133,1,0
2012-06-10 17:00:00,-2.3387992,1,0
2012-06-10 18:00:00,-2.5998542,1,0
2012-06-10 19:00:00,-2.7253149,1,0
2012-06-10 20:00:00,-2.7854896,1,0
2012-06-10 21:00:00,-2.8689597,1,0
2012-06-10 22:00:00,-2.957952,1,0
2012-06-10 23:00:00,-3.067625,1,0
2012-06-11 00:00:00,-3.159511,0,1
2012-06-11 01:00:00,-3.209528,0,1
2012-06-11 02:00:00,-3.283106,0,1
2012-06-11 03:00:00,-3.3128374,0,1
2012-06-11 04:00:00,-3.3827786,0,1
2012-06-11 05:00:00,-3.4371476,0,1
2012-06-11 06:00:00,-3.4870696,0,1
2012-06-11 07:00:00,-3.5320559,0,1
2012-06-11 08:00:00,-3.367295,0,1
2012-06-11 09:00:00,-2.9510655,0,1
2012-06-11 10:00:00,-2.6448748,0,1
2012-06-11 11:00:00,-2.5136542,0,1
2012-06-11 12:00:00,-2.3887558,0,1
2012-06-11 13:00:00,-2.2947083,0,1
2012-06-11 14:00:00,-2.253049,0,1
2012-06-11 15:00:00,-2.2833824,0,1
2012-06-11 16:00:00,-2.2092776,0,1
2012-06-11 17:00:00,-2.4187624,0,1
2012-06-11 18:00:00,-2.5894823,0,1
2012-06-11 19:00:00,-2.6867502,0,1
2012-06-11 20:00:00,-2.7722943,0,1
2012-06-11 21:00:00,-2.8345942,0,1
2012-06-11 22:00:00,-2.879013,0,1
2012-06-11 23:00:00,-2.9181461,0,1
2012-06-12 00:00:00,-2.9574518,0,0
2012-06-12 01:00:00,-3.005397,0,0
2012-06-12 02:00:00,-3.0269933,0,0
2012-06-12 03:00:00,-2.9979045,0,0
2012-06-12 04:00:00,-2.930932,0,0
2012-06-12 05:00:00,-2.841271,0,0
2012-06-12 06:00:00,-2.8045104,0,0
2012-06-12 07:00:00,-2.718806,0,0
2012-06-12 08:00:00,-2.5890007,0,0
2012-06-12 09:00:00,-2.398955,0,0
2012-06-12 10:00:00,-2.1418064,0,0
2012-06-12 11:00:00,-1.9143139,0,0
2012-06-12 12:00:00,-1.6933422,0,0
2012-06-12 13:00:00,-1.6051902,0,0
2012-06-12 14:00:00,-1.602105,0,0
2012-06-12 15:00:00,-1.6831703,0,0
2012-06-12 16:00:00,-1.593682,0,0
2012-06-12 17:00:00,-1.7211926,0,0
2012-06-12 18:00:00,-1.8091552,0,0
2012-06-12 19:00:00,-1.9280072,0,0
2012-06-12 20:00:00,-1.9996271,0,0
2012-06-12 21:00:00,-2.0660563,0,0
2012-06-12 22:00:00,-2.1331353,0,0
2012-06-12 23:00:00,-2.2007036,0,0
2012-06-13 00:00:00,-2.2511346,0,0
2012-06-13 01:00:00,-2.2733026,0,0
2012-06-13 02:00:00,-2.2686014,0,0
2012-06-13 03:00:00,-2.2522857,0,0
2012-06-13 04:00:00,-2.1345503,0,0
2012-06-13 05:00:00,-2.1123002,0,0
2012-06-13 06:00:00,-2.0743055,0,0
2012-06-13 07:00:00,-2.0934985,0,0
2012-06-13 08:00:00,-1.9988065,0,0
2012-06-13 09:00:00,-1.7695838,0,0
2012-06-13 10:00:00,-1.5987889,0,0
2012-06-13 11:00:00,-1.4603201,0,0
2012-06-13 12:00:00,-1.3228617,0,0
2012-06-13 13:00:00,-1.0971546,0,0
2012-06-13 14:00:00,-0.90905434,0,0
2012-06-13 15:00:00,-0.809394,0,0
2012-06-13 16:00:00,-0.8696025,0,0
2012-06-13 17:00:00,-1.0104861,0,0
2012-06-13 18:00:00,-1.1421156,0,0
2012-06-13 19:00:00,-1.2721628,0,0
2012-06-13 20:00:00,-1.3922241,0,0
2012-06-13 21:00:00,-1.5089778,0,0
2012-06-13 22:00:00,-1.5494417,0,0
2012-06-13 23:00:00,-1.5674952,0,0
2012-06-14 00:00:00,-1.498285,0,0
2012-06-14 01:00:00,-1.4101233,0,0
2012-06-14 02:00:00,-1.4007809,0,0
2012-06-14 03:00:00,-1.4639969,0,0
2012-06-14 04:00:00,-1.4458734,0,0
2012-06-14 05:00:00,-1.4591316,0,0
2012-06-14 06:00:00,-1.4691763,0,0
2012-06-14 07:00:00,-1.4564034,0,0
2012-06-14 08:00:00,-1.4367021,0,0
2012-06-14 09:00:00,-1.3228643,0,0
2012-06-14 10:00:00,-1.1928747,0,0
2012-06-14 11:00:00,-1.1727885,0,0
2012-06-14 12:00:00,-1.1065458,0,0
2012-06-14 13:00:00,-1.1435057,0,0
2012-06-14 14:00:00,-1.2457678,0,0
2012-06-14 15:00:00,-1.3135439,0,0
2012-06-14 16:00:00,-1.2711849,0,0
2012-06-14 17:00:00,-1.4048936,0,0
2012-06-14 18:00:00,-1.4969873,0,0
2012-06-14 19:00:00,-1.5979435,0,0
2012-06-14 20:00:00,-1.6619033,0,0
2012-06-14 21:00:00,-1.7285678,0,0
2012-06-14 22:00:00,-1.7862445,0,0
2012-06-14 23:00:00,-1.8328903,0,0
2012-06-15 00:00:00,-1.8794417,0,0
2012-06-15 01:00:00,-1.9157063,0,0
2012-06-15 02:00:00,-1.9332513,0,0
2012-06-15 03:00:00,-1.9463494,0,0
2012-06-15 04:00:00,-1.8493723,0,0
2012-06-15 05:00:00,-1.8808291,0,0
2012-06-15 06:00:00,-1.8982021,0,0
2012-06-15 07:00:00,-1.9290097,0,0
2012-06-15 08:00:00,-1.8184913,0,0
2012-06-15 09:00:00,-1.6144903,0,0
2012-06-15 10:00:00,-1.4783,0,0
2012-06-15 11:00:00,-1.4003935,0,0
2012-06-15 12:00:00,-1.3496062,0,0
2012-06-15 13:00:00,-1.2910792,0,0
2012-06-15 14:00:00,-1.2460811,0,0
2012-06-15 15:00:00,-1.2916068,0,0
2012-06-15 16:00:00,-1.2935598,0,0
2012-06-15 17:00:00,-1.3951457,0,0
2012-06-15 18:00:00,-1.4870628,0,0
2012-06-15 19:00:00,-1.5759268,0,0
2012-06-15 20:00:00,-1.6206896,0,0
2012-06-15 21:00:00,-1.6512738,0,0
2012-06-15 22:00:00,-1.6203651,0,0
2012-06-15 23:00:00,-1.604539,0,0
2012-06-16 00:00:00,-1.6438447,1,0
2012-06-16 01:00:00,-1.6888305,1,0
2012-06-16 02:00:00,-1.7660365,1,0
2012-06-16 03:00:00,-1.8533691,1,0
2012-06-16 04:00:00,-2.0083528,1,0
2012-06-16 05:00:00,-2.1367333,1,0
2012-06-16 06:00:00,-2.248626,1,0
2012-06-16 07:00:00,-2.3565614,1,0
2012-06-16 08:00:00,-2.2827895,1,0
2012-06-16 09:00:00,-2.02646,1,0
2012-06-16 10:00:00,-1.787811,1,0
2012-06-16 11:00:00,-1.5172111,1,0
2012-06-16 12:00:00,-1.2630482,1,0
2012-06-16 13:00:00,-1.1269158,1,0
2012-06-16 14:00:00,-1.048602,1,0
2012-06-16 15:00:00,-1.0827914,1,0
2012-06-16 16:00:00,-1.1355119,1,0
2012-06-16 17:00:00,-1.217079,1,0
2012-06-16 18:00:00,-1.3025721,1,0
2012-06-16 19:00:00,-1.3258284,1,0
2012-06-16 20:00:00,-1.3855014,1,0
2012-06-16 21:00:00,-1.3526319,1,0
2012-06-16 22:00:00,-1.3489292,1,0
2012-06-16 23:00:00,-1.375544,1,0
2012-06-17 00:00:00,-1.4504404,1,0
2012-06-17 01:00:00,-1.4777993,1,0
2012-06-17 02:00:00,-1.5050638,1,0
2012-06-17 03:00:00,-1.5451133,1,0
2012-06-17 04:00:00,-1.5814601,1,0
2012-06-17 05:00:00,-1.5634187,1,0
2012-06-17 06:00:00,-1.5291437,1,0
2012-06-17 07:00:00,-1.572724,1,0
2012-06-17 08:00:00,-1.4964031,1,0
2012-06-17 09:00:00,-1.2232682,1,0
2012-06-17 10:00:00,-1.0807357,1,0
2012-06-17 11:00:00,-0.9519268,1,0
2012-06-17 12:00:00,-0.86957175,1,0
2012-06-17 13:00:00,-0.8077683,1,0
2012-06-17 14:00:00,-0.7764037,1,0
2012-06-17 15:00:00,-0.79475486,1,0
2012-06-17 16:00:00,-0.8343235,1,0
2012-06-17 17:00:00,-0.88217086,1,0
2012-06-17 18:00:00,-0.93848526,1,0
2012-06-17 19:00:00,-0.98869294,1,0
2012-06-17 20:00:00,-1.0475401,1,0
2012-06-17 21:00:00,-1.0670813,1,0
2012-06-17 22:00:00,-1.0967495,1,0
2012-06-17 23:00:00,-1.118174,1,0
2012-06-18 00:00:00,-1.1901892,0,0
2012-06-18 01:00:00,-1.2525668,0,0
2012-06-18 02:00:00,-1.303393,0,0
2012-06-18 03:00:00,-1.3755025,0,0
2012-06-18 04:00:00,-1.4169456,0,0
2012-06-18 05:00:00,-1.4268181,0,0
2012-06-18 06:00:00,-1.4362956,0,0
2012-06-18 07:00:00,-1.3868439,0,0
2012-06-18 08:00:00,-1.2509443,0,0
2012-06-18 09:00:00,-1.1151146,0,0
2012-06-18 10:00:00,-0.84083617,0,0
2012-06-18 11:00:00,-0.75066537,0,0
2012-06-18 12:00:00,-0.72614694,0,0
2012-06-18 13:00:00,-0.6392795,0,0
2012-06-18 14:00:00,-0.65347683,0,0
2012-06-18 15:00:00,-0.6810269,0,0
2012-06-18 16:00:00,-0.56638634,0,0
2012-06-18 17:00:00,-0.6878187,0,0
2012-06-18 18:00:00,-0.8395689,0,0
2012-06-18 19:00:00,-0.9267729,0,0
2012-06-18 20:00:00,-1.0332519,0,0
2012-06-18 21:00:00,-1.1038735,0,0
2012-06-18 22:00:00,-1.1905566,0,0
2012-06-18 23:00:00,-1.25284,0,0
2012-06-19 00:00:00,-1.340173,0,0
2012-06-19 01:00:00,-1.4319525,0,0
2012-06-19 02:00:00,-1.5603333,0,0
2012-06-19 03:00:00,-1.5463899,0,0
2012-06-19 04:00:00,-1.6726332,0,0
2012-06-19 05:00:00,-1.7823883,0,0
2012-06-19 06:00:00,-1.7445635,0,0
2012-06-19 07:00:00,-1.7231203,0,0
2012-06-19 08:00:00,-1.5886141,0,0
2012-06-19 09:00:00,-1.3698794,0,0
2012-06-19 10:00:00,-1.0916481,0,0
2012-06-19 11:00:00,-0.9309678,0,0
2012-06-19 12:00:00,-0.8206942,0,0
2012-06-19 13:00:00,-0.7257306,0,0
2012-06-19 14:00:00,-0.7106862,0,0
2012-06-19 15:00:00,-0.7251114,0,0
2012-06-19 16:00:00,-0.7481144,0,0
2012-06-19 17:00:00,-0.9257668,0,0
2012-06-19 18:00:00,-1.1037366,0,0
2012-06-19 19:00:00,-1.2698888,0,0
2012-06-19 20:00:00,-1.3769393,0,0
2012-06-19 21:00:00,-1.427198,0,0
2012-06-19 22:00:00,-1.5004466,0,0
2012-06-19 23:00:00,-1.5649617,0,0
2012-06-20 00:00:00,-1.658057,0,0
2012-06-20 01:00:00,-1.7448224,0,0
2012-06-20 02:00:00,-1.7940829,0,0
2012-06-20 03:00:00,-1.8206979,0,0
2012-06-20 04:00:00,-1.8425175,0,0
2012-06-20 05:00:00,-1.8966513,0,0
2012-06-20 06:00:00,-1.9430305,0,0
2012-06-20 07:00:00,-1.9621454,0,0
2012-06-20 08:00:00,-1.8850027,0,0
2012-06-20 09:00:00,-1.6706204,0,0
2012-06-20 10:00:00,-1.4727019,0,0
2012-06-20 11:00:00,-1.2594658,0,0
2012-06-20 12:00:00,-1.0927343,0,0
2012-06-20 13:00:00,-0.9900716,0,0
2012-06-20 14:00:00,-0.9823796,0,0
2012-06-20 15:00:00,-1.0223194,0,0
2012-06-20 16:00:00,-1.0449617,0,0
2012-06-20 17:00:00,-1.0777923,0,0
2012-06-20 18:00:00,-1.103024,0,0
2012-06-20 19:00:00,-1.1649512,0,0
2012-06-20 20:00:00,-1.2084761,0,0
2012-06-20 21:00:00,-1.2518288,0,0
2012-06-20 22:00:00,-1.2182934,0,0
2012-06-20 23:00:00,-1.191342,0,0
2012-06-21 00:00:00,-1.2134159,0,0
2012-06-21 01:00:00,-1.2411699,0,0
2012-06-21 02:00:00,-1.323472,0,0
2012-06-21 03:00:00,-1.3693619,0,0
2012-06-21 04:00:00,-1.3692185,0,0
2012-06-21 05:00:00,-1.3851033,0,0
2012-06-21 06:00:00,-1.4258025,0,0
2012-06-21 07:00:00,-1.4634484,0,0
2012-06-21 08:00:00,-1.4766288,0,0
2012-06-21 09:00:00,-1.5028173,0,0
2012-06-21 10:00:00,-1.3859692,0,0
2012-06-21 11:00:00,-1.3855429,0,0
2012-06-21 12:00:00,-1.4010204,0,0
2012-06-21 13:00:00,-1.4322422,0,0
2012-06-21 14:00:00,-1.4253095,0,0
2012-06-21 15:00:00,-1.5554199,0,0
2012-06-21 16:00:00,-1.7988166,0,0
2012-06-21 17:00:00,-1.9209616,0,0
2012-06-21 18:00:00,-2.0522354,0,0
2012-06-21 19:00:00,-2.0505056,0,0
2012-06-21 20:00:00,-2.0338533,0,0
2012-06-21 21:00:00,-2.0698514,0,0
2012-06-21 22:00:00,-2.1675656,0,0
2012-06-21 23:00:00,-2.2924664,0,0
2012-06-22 00:00:00,-2.3605244,0,0
2012-06-22 01:00:00,-2.3933094,0,0
2012-06-22 02:00:00,-2.427914,0,0
2012-06-22 03:00:00,-2.4892156,0,0
2012-06-22 04:00:00,-2.489545,0,0
2012-06-22 05:00:00,-2.5557833,0,0
2012-06-22 06:00:00,-2.5880785,0,0
2012-06-22 07:00:00,-2.647071,0,0
2012-06-22 08:00:00,-2.5632617,0,0
2012-06-22 09:00:00,-2.4115236,0,0
2012-06-22 10:00:00,-2.189324,0,0
2012-06-22 11:00:00,-2.0652404,0,0
2012-06-22 12:00:00,-1.9826431,0,0
2012-06-22 13:00:00,-1.874269,0,0
2012-06-22 14:00:00,-1.8547468,0,0
2012-06-22 15:00:00,-1.9705379,0,0
2012-06-22 16:00:00,-1.9881736,0,0
2012-06-22 17:00:00,-2.2003407,0,0
2012-06-22 18:00:00,-2.3271992,0,0
2012-06-22 19:00:00,-2.434262,0,0
2012-06-22 20:00:00,-2.5271463,0,0
2012-06-22 21:00:00,-2.592417,0,0
2012-06-22 22:00:00,-2.657434,0,0
2012-06-22 23:00:00,-2.7134633,0,0
2012-06-23 00:00:00,-2.9159796,1,0
2012-06-23 01:00:00,-2.977943,1,0
2012-06-23 02:00:00,-2.9824653,1,0
2012-06-23 03:00:00,-3.0768836,1,0
2012-06-23 04:00:00,-3.1038284,1,0
2012-06-23 05:00:00,-3.1016722,1,0
2012-06-23 06:00:00,-3.124897,1,0
2012-06-23 07:00:00,-3.1297512,1,0
2012-06-23 08:00:00,-2.8939812,1,0
2012-06-23 09:00:00,-2.3841913,1,0
2012-06-23 10:00:00,-2.119659,1,0
2012-06-23 11:00:00,-1.9811782,1,0
2012-06-23 12:00:00,-1.851845,1,0
2012-06-23 13:00:00,-1.8038249,1,0
2012-06-23 14:00:00,-1.7600915,1,0
2012-06-23 15:00:00,-1.7632071,1,0
2012-06-23 16:00:00,-1.7078278,1,0
2012-06-23 17:00:00,-1.7208283,1,0
2012-06-23 18:00:00,-1.7343063,1,0
2012-06-23 19:00:00,-1.7237017,1,0
2012-06-23 20:00:00,-1.7910471,1,0
2012-06-23 21:00:00,-1.9019729,1,0
2012-06-23 22:00:00,-1.9876769,1,0
2012-06-23 23:00:00,-1.9964104,1,0
2012-06-24 00:00:00,-2.015431,1,0
2012-06-24 01:00:00,-2.009986,1,0
2012-06-24 02:00:00,-1.9809794,1,0
2012-06-24 03:00:00,-1.9390277,1,0
2012-06-24 04:00:00,-1.9249434,1,0
2012-06-24 05:00:00,-1.9145622,1,0
2012-06-24 06:00:00,-1.9418267,1,0
2012-06-24 07:00:00,-1.9187546,1,0
2012-06-24 08:00:00,-1.7861626,1,0
2012-06-24 09:00:00,-1.5648831,1,0
2012-06-24 10:00:00,-1.3982459,1,0
2012-06-24 11:00:00,-1.2940524,1,0
2012-06-24 12:00:00,-1.2191317,1,0
2012-06-24 13:00:00,-1.1520598,1,0
2012-06-24 14:00:00,-1.1470481,1,0
2012-06-24 15:00:00,-1.1522578,1,0
2012-06-24 16:00:00,-1.1190243,1,0
2012-06-24 17:00:00,-1.2608075,1,0
2012-06-24 18:00:00,-1.3505752,1,0
2012-06-24 19:00:00,-1.4179205,1,0
2012-06-24 20:00:00,-1.5024033,1,0
2012-06-24 21:00:00,-1.5492091,1,0
2012-06-24 22:00:00,-1.5871214,1,0
2012-06-24 23:00:00,-1.6443083,1,0
2012-06-25 00:00:00,-1.6984422,0,0
2012-06-25 01:00:00,-1.7248029,0,0
2012-06-25 02:00:00,-1.8339741,0,0
2012-06-25 03:00:00,-1.8609844,0,0
2012-06-25 04:00:00,-1.7908645,0,0
2012-06-25 05:00:00,-1.8627853,0,0
2012-06-25 06:00:00,-1.9197059,0,0
2012-06-25 07:00:00,-1.9506078,0,0
2012-06-25 08:00:00,-1.8164623,0,0
2012-06-25 09:00:00,-1.312406,0,0
2012-06-25 10:00:00,-1.1674864,0,0
2012-06-25 11:00:00,-1.0529814,0,0
2012-06-25 12:00:00,-0.9452326,0,0
2012-06-25 13:00:00,-0.9113745,0,0
2012-06-25 14:00:00,-0.8922787,0,0
2012-06-25 15:00:00,-0.95695037,0,0
2012-06-25 16:00:00,-0.93125594,0,0
2012-06-25 17:00:00,-1.0968672,0,0
2012-06-25 18:00:00,-1.2203547,0,0
2012-06-25 19:00:00,-1.3819777,0,0
2012-06-25 20:00:00,-1.5294099,0,0
2012-06-25 21:00:00,-1.736201,0,0
2012-06-25 22:00:00,-1.8624442,0,0
2012-06-25 23:00:00,-1.9258013,0,0
2012-06-26 00:00:00,-2.1037745,0,0
2012-06-26 01:00:00,-2.2316465,0,0
2012-06-26 02:00:00,-2.3001943,0,0
2012-06-26 03:00:00,-2.4358206,0,0
2012-06-26 04:00:00,-2.4192193,0,0
2012-06-26 05:00:00,-2.2570462,0,0
2012-06-26 06:00:00,-2.1984465,0,0
2012-06-26 07:00:00,-2.1035004,0,0
2012-06-26 08:00:00,-1.9951196,0,0
2012-06-26 09:00:00,-1.8151888,0,0
2012-06-26 10:00:00,-1.6225553,0,0
2012-06-26 11:00:00,-1.4463973,0,0
2012-06-26 12:00:00,-1.2825063,0,0
2012-06-26 13:00:00,-1.1821676,0,0
2012-06-26 14:00:00,-1.166779,0,0
2012-06-26 15:00:00,-1.2271806,0,0
2012-06-26 16:00:00,-1.2140479,0,0
2012-06-26 17:00:00,-1.3856493,0,0
2012-06-26 18:00:00,-1.5753896,0,0
2012-06-26 19:00:00,-1.7578528,0,0
2012-06-26 20:00:00,-1.9043814,0,0
2012-06-26 21:00:00,-2.0035954,0,0
2012-06-26 22:00:00,-2.1124468,0,0
2012-06-26 23:00:00,-2.195917,0,0
2012-06-27 00:00:00,-2.276983,0,0
2012-06-27 01:00:00,-2.3931625,0,0
2012-06-27 02:00:00,-2.5104809,0,0
2012-06-27 03:00:00,-2.6028445,0,0
2012-06-27 04:00:00,-2.728567,0,0
2012-06-27 05:00:00,-2.7971144,0,0
2012-06-27 06:00:00,-2.8623543,0,0
2012-06-27 07:00:00,-2.921914,0,0
2012-06-27 08:00:00,-2.8207014,0,0
2012-06-27 09:00:00,-2.505932,0,0
2012-06-27 10:00:00,-2.2352111,0,0
2012-06-27 11:00:00,-2.0381842,0,0
2012-06-27 12:00:00,-1.8663157,0,0
2012-06-27 13:00:00,-1.7560465,0,0
2012-06-27 14:00:00,-1.7119179,0,0
2012-06-27 15:00:00,-1.7387716,0,0
2012-06-27 16:00:00,-1.793435,0,0
2012-06-27 17:00:00,-2.0204692,0,0
2012-06-27 18:00:00,-2.2519066,0,0
2012-06-27 19:00:00,-2.4045415,0,0
2012-06-27 20:00:00,-2.5404224,0,0
2012-06-27 21:00:00,-2.6468701,0,0
2012-06-27 22:00:00,-2.7454224,0,0
2012-06-27 23:00:00,-2.8272326,0,0
2012-06-28 00:00:00,-2.8890238,0,0
2012-06-28 01:00:00,-2.88464,0,0
2012-06-28 02:00:00,-2.8698752,0,0
2012-06-28 03:00:00,-2.8167207,0,0
2012-06-28 04:00:00,-2.8102818,0,0
2012-06-28 05:00:00,-2.784564,0,0
2012-06-28 06:00:00,-2.79866,0,0
2012-06-28 07:00:00,-2.7673564,0,0
2012-06-28 08:00:00,-2.6509979,0,0
2012-06-28 09:00:00,-2.3878446,0,0
2012-06-28 10:00:00,-2.1616633,0,0
2012-06-28 11:00:00,-1.9422693,0,0
2012-06-28 12:00:00,-1.7692982,0,0
2012-06-28 13:00:00,-1.5930383,0,0
2012-06-28 14:00:00,-1.5030664,0,0
2012-06-28 15:00:00,-1.469409,0,0
2012-06-28 16:00:00,-1.4923955,0,0
2012-06-28 17:00:00,-1.6477077,0,0
2012-06-28 18:00:00,-1.7620353,0,0
2012-06-28 19:00:00,-1.816772,0,0
2012-06-28 20:00:00,-1.8622665,0,0
2012-06-28 21:00:00,-1.8712544,0,0
2012-06-28 22:00:00,-1.8742133,0,0
2012-06-28 23:00:00,-1.8698443,0,0
2012-06-29 00:00:00,-1.9056028,0,0
2012-06-29 01:00:00,-1.8494995,0,0
2012-06-29 02:00:00,-1.7595942,0,0
2012-06-29 03:00:00,-1.7424523,0,0
2012-06-29 04:00:00,-1.7001996,0,0
2012-06-29 05:00:00,-1.7259763,0,0
2012-06-29 06:00:00,-1.7436035,0,0
2012-06-29 07:00:00,-1.8008728,0,0
2012-06-29 08:00:00,-1.7641119,0,0
2012-06-29 09:00:00,-1.6834098,0,0
2012-06-29 10:00:00,-1.5894496,0,0
2012-06-29 11:00:00,-1.4617695,0,0
2012-06-29 12:00:00,-1.487543,0,0
2012-06-29 13:00:00,-1.6157072,0,0
2012-06-29 14:00:00,-1.7297606,0,0
2012-06-29 15:00:00,-1.766216,0,0
2012-06-29 16:00:00,-1.7094736,0,0
2012-06-29 17:00:00,-1.7727449,0,0
2012-06-29 18:00:00,-1.8504838,0,0
2012-06-29 19:00:00,-1.8921931,0,0
2012-06-29 20:00:00,-1.9122239,0,0
2012-06-29 21:00:00,-1.9616568,0,0
2012-06-29 22:00:00,-1.9763248,0,0
2012-06-29 23:00:00,-2.057723,0,0
2012-06-30 00:00:00,-2.133853,1,0
2012-06-30 01:00:00,-2.2384999,1,0
2012-06-30 02:00:00,-2.3190763,1,0
2012-06-30 03:00:00,-2.3306088,1,0
2012-06-30 04:00:00,-2.2670684,1,0
2012-06-30 05:00:00,-2.3060422,1,0
2012-06-30 06:00:00,-2.3772357,1,0
2012-06-30 07:00:00,-2.4102747,1,0
2012-06-30 08:00:00,-2.3371015,1,0
2012-06-30 09:00:00,-2.1682258,1,0
2012-06-30 10:00:00,-2.014154,1,0
2012-06-30 11:00:00,-1.8714452,1,0
2012-06-30 12:00:00,-1.7827291,1,0
2012-06-30 13:00:00,-1.7695245,1,0
2012-06-30 14:00:00,-1.7897342,1,0
2012-06-30 15:00:00,-1.903466,1,0
2012-06-30 16:00:00,-2.068905,1,0
2012-06-30 17:00:00,-2.2013927,1,0
2012-06-30 18:00:00,-2.305351,1,0
2012-06-30 19:00:00,-2.407301,1,0
2012-06-30 20:00:00,-2.4711785,1,0
2012-06-30 21:00:00,-2.5392487,1,0
2012-06-30 22:00:00,-2.5814478,1,0
2012-06-30 23:00:00,-2.5904167,1,0
2012-07-01 00:00:00,-2.612236,1,0
2012-07-01 01:00:00,-2.5999527,1,0
2012-07-01 02:00:00,-2.630506,1,0
2012-07-01 03:00:00,-2.6539078,1,0
2012-07-01 04:00:00,-2.6979775,1,0
2012-07-01 05:00:00,-2.709338,1,0
2012-07-01 06:00:00,-2.7195592,1,0
2012-07-01 07:00:00,-2.7160916,1,0
2012-07-01 08:00:00,-2.6212397,1,0
2012-07-01 09:00:00,-2.3711889,1,0
2012-07-01 10:00:00,-2.2431526,1,0
2012-07-01 11:00:00,-2.1446269,1,0
2012-07-01 12:00:00,-2.1007557,1,0
2012-07-01 13:00:00,-2.0406632,1,0
2012-07-01 14:00:00,-2.0484369,1,0
2012-07-01 15:00:00,-2.1034276,1,0
2012-07-01 16:00:00,-2.033632,1,0
2012-07-01 17:00:00,-2.1644475,1,0
2012-07-01 18:00:00,-2.278947,1,0
2012-07-01 19:00:00,-2.3625262,1,0
2012-07-01 20:00:00,-2.3945982,1,0
2012-07-01 21:00:00,-2.421957,1,0
2012-07-01 22:00:00,-2.4791443,1,0
2012-07-01 23:00:00,-2.5248737,1,0
2012-07-02 00:00:00,-2.538798,0,0
2012-07-02 01:00:00,-2.5710933,0,0
2012-07-02 02:00:00,-2.5932615,0,0
2012-07-02 03:00:00,-2.5893042,0,0
2012-07-02 04:00:00,-2.4588616,0,0
2012-07-02 05:00:00,-2.460001,0,0
2012-07-02 06:00:00,-2.4993067,0,0
2012-07-02 07:00:00,-2.5110934,0,0
2012-07-02 08:00:00,-2.419455,0,0
2012-07-02 09:00:00,-2.1783798,0,0
2012-07-02 10:00:00,-2.0678518,0,0
2012-07-02 11:00:00,-1.9447544,0,0
2012-07-02 12:00:00,-1.8404542,0,0
2012-07-02 13:00:00,-1.8140182,0,0
2012-07-02 14:00:00,-1.8196545,0,0
2012-07-02 15:00:00,-1.8463316,0,0
2012-07-02 16:00:00,-1.8569717,0,0
2012-07-02 17:00:00,-1.9801539,0,0
2012-07-02 18:00:00,-2.143652,0,0
2012-07-02 19:00:00,-2.3034658,0,0
2012-07-02 20:00:00,-2.4144444,0,0
2012-07-02 21:00:00,-2.5770302,0,0
2012-07-02 22:00:00,-2.897978,0,0
2012-07-02 23:00:00,-3.0931358,0,0
2012-07-03 00:00:00,-3.19379,0,0
2012-07-03 01:00:00,-3.2562428,0,0
2012-07-03 02:00:00,-3.3250256,0,0
2012-07-03 03:00:00,-3.3627467,0,0
2012-07-03 04:00:00,-3.3848958,0,0
2012-07-03 05:00:00,-3.399545,0,0
2012-07-03 06:00:00,-3.4003642,0,0
2012-07-03 07:00:00,-3.392939,0,0
2012-07-03 08:00:00,-3.202131,0,0
2012-07-03 09:00:00,-2.7170174,0,0
2012-07-03 10:00:00,-2.3788059,0,0
2012-07-03 11:00:00,-2.09261,0,0
2012-07-03 12:00:00,-1.8816075,0,0
2012-07-03 13:00:00,-1.7371722,0,0
2012-07-03 14:00:00,-1.6761559,0,0
2012-07-03 15:00:00,-1.628935,0,0
2012-07-03 16:00:00,-1.6638219,0,0
2012-07-03 17:00:00,-1.745721,0,0
2012-07-03 18:00:00,-1.8451694,0,0
2012-07-03 19:00:00,-1.9351093,0,0
2012-07-03 20:00:00,-1.9839237,0,0
2012-07-03 21:00:00,-2.04342,0,0
2012-07-03 22:00:00,-2.2310622,0,0
2012-07-03 23:00:00,-2.336637,0,0
2012-07-04 00:00:00,-2.3151057,0,0
2012-07-04 01:00:00,-2.3707395,0,0
2012-07-04 02:00:00,-2.429,0,0
2012-07-04 03:00:00,-2.7073393,0,0
2012-07-04 04:00:00,-2.541068,0,0
2012-07-04 05:00:00,-2.5727074,0,0
2012-07-04 06:00:00,-2.6007159,0,0
2012-07-04 07:00:00,-2.7073236,0,0
2012-07-04 08:00:00,-2.6354494,0,0
2012-07-04 09:00:00,-2.0499532,0,0
2012-07-04 10:00:00,-1.8140446,0,0
2012-07-04 11:00:00,-1.6935273,0,0
2012-07-04 12:00:00,-1.5914589,0,0
2012-07-04 13:00:00,-1.5152028,0,0
2012-07-04 14:00:00,-1.5181341,0,0
2012-07-04 15:00:00,-1.529799,0,0
2012-07-04 16:00:00,-1.5585748,0,0
2012-07-04 17:00:00,-1.6934686,0,0
2012-07-04 18:00:00,-1.8365752,0,0
2012-07-04 19:00:00,-1.9709172,0,0
2012-07-04 20:00:00,-2.104343,0,0
2012-07-04 21:00:00,-2.2112172,0,0
2012-07-04 22:00:00,-2.2786257,0,0
2012-07-04 23:00:00,-2.364565,0,0
2012-07-05 00:00:00,-2.474066,0,0
2012-07-05 01:00:00,-2.598555,0,0
2012-07-05 02:00:00,-2.6805372,0,0
2012-07-05 03:00:00,-2.7952292,0,0
2012-07-05 04:00:00,-2.8838894,0,0
2012-07-05 05:00:00,-2.9620745,0,0
2012-07-05 06:00:00,-3.0181856,0,0
2012-07-05 07:00:00,-3.1251228,0,0
2012-07-05 08:00:00,-2.9644253,0,0
2012-07-05 09:00:00,-2.5317678,0,0
2012-07-05 10:00:00,-2.330757,0,0
2012-07-05 11:00:00,-2.2158644,0,0
2012-07-05 12:00:00,-2.1464934,0,0
2012-07-05 13:00:00,-2.0863254,0,0
2012-07-05 14:00:00,-2.0523894,0,0
2012-07-05 15:00:00,-2.0956368,0,0
2012-07-05 16:00:00,-2.0502887,0,0
2012-07-05 17:00:00,-2.2440417,0,0
2012-07-05 18:00:00,-2.4825795,0,0
2012-07-05 19:00:00,-2.6131365,0,0
2012-07-05 20:00:00,-2.7013977,0,0
2012-07-05 21:00:00,-2.7816687,0,0
2012-07-05 22:00:00,-2.8578887,0,0
2012-07-05 23:00:00,-2.8988352,0,0
2012-07-06 00:00:00,-2.8862977,0,0
2012-07-06 01:00:00,-2.9736426,0,0
2012-07-06 02:00:00,-3.0906436,0,0
2012-07-06 03:00:00,-3.2058249,0,0
2012-07-06 04:00:00,-3.394829,0,0
2012-07-06 05:00:00,-3.4600687,0,0
2012-07-06 06:00:00,-3.515116,0,0
2012-07-06 07:00:00,-3.4885108,0,0
2012-07-06 08:00:00,-3.2741694,0,0
2012-07-06 09:00:00,-2.8440278,0,0
2012-07-06 10:00:00,-2.5426283,0,0
2012-07-06 11:00:00,-2.3943603,0,0
2012-07-06 12:00:00,-2.255945,0,0
2012-07-06 13:00:00,-2.1383357,0,0
2012-07-06 14:00:00,-2.0988138,0,0
2012-07-06 15:00:00,-2.1352108,0,0
2012-07-06 16:00:00,-2.1570234,0,0
2012-07-06 17:00:00,-2.2138543,0,0
2012-07-06 18:00:00,-2.6594243,0,0
2012-07-06 19:00:00,-2.9956334,0,0
2012-07-06 20:00:00,-3.1837935,0,0
2012-07-06 21:00:00,-3.232273,0,0
2012-07-06 22:00:00,-3.253334,0,0
2012-07-06 23:00:00,-3.299115,0,0
2012-07-07 00:00:00,-3.3410983,1,0
2012-07-07 01:00:00,-3.3738713,1,0
2012-07-07 02:00:00,-3.3993158,1,0
2012-07-07 03:00:00,-3.4322605,1,0
2012-07-07 04:00:00,-3.5068083,1,0
2012-07-07 05:00:00,-3.5131502,1,0
2012-07-07 06:00:00,-3.5112484,1,0
2012-07-07 07:00:00,-3.5072088,1,0
2012-07-07 08:00:00,-3.3520343,1,0
2012-07-07 09:00:00,-2.9568605,1,0
2012-07-07 10:00:00,-2.516168,1,0
2012-07-07 11:00:00,-2.1839225,1,0
2012-07-07 12:00:00,-1.9989557,1,0
2012-07-07 13:00:00,-1.9407529,1,0
2012-07-07 14:00:00,-1.892243,1,0
2012-07-07 15:00:00,-1.8966112,1,0
2012-07-07 16:00:00,-1.8379843,1,0
2012-07-07 17:00:00,-2.0562336,1,0
2012-07-07 18:00:00,-2.3803039,1,0
2012-07-07 19:00:00,-2.5733984,1,0
2012-07-07 20:00:00,-2.6611698,1,0
2012-07-07 21:00:00,-2.664758,1,0
2012-07-07 22:00:00,-2.702088,1,0
2012-07-07 23:00:00,-2.742111,1,0
2012-07-08 00:00:00,-2.761531,1,0
2012-07-08 01:00:00,-2.7520225,1,0
2012-07-08 02:00:00,-2.7479708,1,0
2012-07-08 03:00:00,-2.7639382,1,0
2012-07-08 04:00:00,-2.859757,1,0
2012-07-08 05:00:00,-2.9026878,1,0
2012-07-08 06:00:00,-2.9300468,1,0
2012-07-08 07:00:00,-2.9566617,1,0
2012-07-08 08:00:00,-2.8476312,1,0
2012-07-08 09:00:00,-2.5271308,1,0
2012-07-08 10:00:00,-2.1625051,1,0
2012-07-08 11:00:00,-1.853692,1,0
2012-07-08 12:00:00,-1.6145216,1,0
2012-07-08 13:00:00,-1.4880188,1,0
2012-07-08 14:00:00,-1.5237929,1,0
2012-07-08 15:00:00,-1.488691,1,0
2012-07-08 16:00:00,-1.3943666,1,0
2012-07-08 17:00:00,-1.6141264,1,0
2012-07-08 18:00:00,-1.7459358,1,0
2012-07-08 19:00:00,-1.826066,1,0
2012-07-08 20:00:00,-1.863411,1,0
2012-07-08 21:00:00,-1.9059464,1,0
2012-07-08 22:00:00,-1.9942774,1,0
2012-07-08 23:00:00,-2.034409,1,0
2012-07-09 00:00:00,-2.0787334,0,0
2012-07-09 01:00:00,-2.063733,0,0
2012-07-09 02:00:00,-2.0367818,0,0
2012-07-09 03:00:00,-2.0540915,0,0
2012-07-09 04:00:00,-2.0613537,0,0
2012-07-09 05:00:00,-2.1046166,0,0
2012-07-09 06:00:00,-2.143828,0,0
2012-07-09 07:00:00,-2.166074,0,0
2012-07-09 08:00:00,-2.0125427,0,0
2012-07-09 09:00:00,-1.7188565,0,0
2012-07-09 10:00:00,-1.5568293,0,0
2012-07-09 11:00:00,-1.4253911,0,0
2012-07-09 12:00:00,-1.4211043,0,0
2012-07-09 13:00:00,-1.3094349,0,0
2012-07-09 14:00:00,-1.324333,0,0
2012-07-09 15:00:00,-1.3043842,0,0
2012-07-09 16:00:00,-1.1797007,0,0
2012-07-09 17:00:00,-1.3855561,0,0
2012-07-09 18:00:00,-1.5496364,0,0
2012-07-09 19:00:00,-1.6532217,0,0
2012-07-09 20:00:00,-1.7245874,0,0
2012-07-09 21:00:00,-1.7683399,0,0
2012-07-09 22:00:00,-1.7666922,0,0
2012-07-09 23:00:00,-1.7970101,0,0
2012-07-10 00:00:00,-1.8731232,0,0
2012-07-10 01:00:00,-1.8848157,0,0
2012-07-10 02:00:00,-1.9977845,0,0
2012-07-10 03:00:00,-2.112636,0,0
2012-07-10 04:00:00,-2.0889554,0,0
2012-07-10 05:00:00,-2.1784973,0,0
2012-07-10 06:00:00,-2.1506708,0,0
2012-07-10 07:00:00,-2.1530557,0,0
2012-07-10 08:00:00,-2.06748,0,0
2012-07-10 09:00:00,-1.6651013,0,0
2012-07-10 10:00:00,-1.4415779,0,0
2012-07-10 11:00:00,-1.2977076,0,0
2012-07-10 12:00:00,-1.0371716,0,0
2012-07-10 13:00:00,-1.041703,0,0
2012-07-10 14:00:00,-0.9617293,0,0
2012-07-10 15:00:00,-1.0682151,0,0
2012-07-10 16:00:00,-1.2879689,0,0
2012-07-10 17:00:00,-1.5324502,0,0
2012-07-10 18:00:00,-1.7025713,0,0
2012-07-10 19:00:00,-1.8084785,0,0
2012-07-10 20:00:00,-1.9043218,0,0
2012-07-10 21:00:00,-2.0201838,0,0
2012-07-10 22:00:00,-2.122611,0,0
2012-07-10 23:00:00,-2.1986587,0,0
2012-07-11 00:00:00,-2.2250195,0,0
2012-07-11 01:00:00,-2.242138,0,0
2012-07-11 02:00:00,-2.246076,0,0
2012-07-11 03:00:00,-2.2686396,0,0
2012-07-11 04:00:00,-2.4206474,0,0
2012-07-11 05:00:00,-2.4894493,0,0
2012-07-11 06:00:00,-2.5172975,0,0
2012-07-11 07:00:00,-2.5418384,0,0
2012-07-11 08:00:00,-2.406871,0,0
2012-07-11 09:00:00,-2.1420867,0,0
2012-07-11 10:00:00,-1.9473444,0,0
2012-07-11 11:00:00,-1.7521392,0,0
2012-07-11 12:00:00,-1.5719221,0,0
2012-07-11 13:00:00,-1.4832537,0,0
2012-07-11 14:00:00,-1.4176185,0,0
2012-07-11 15:00:00,-1.3833116,0,0
2012-07-11 16:00:00,-1.4726986,0,0
2012-07-11 17:00:00,-1.6045123,0,0
2012-07-11 18:00:00,-1.6810219,0,0
2012-07-11 19:00:00,-1.7230679,0,0
2012-07-11 20:00:00,-1.7502692,0,0
2012-07-11 21:00:00,-1.7758228,0,0
2012-07-11 22:00:00,-1.7893353,0,0
2012-07-11 23:00:00,-1.7731916,0,0
2012-07-12 00:00:00,-1.8100259,0,0
2012-07-12 01:00:00,-1.798247,0,0
2012-07-12 02:00:00,-1.8495939,0,0
2012-07-12 03:00:00,-1.9567223,0,0
2012-07-12 04:00:00,-2.0332904,0,0
2012-07-12 05:00:00,-2.0820737,0,0
2012-07-12 06:00:00,-2.0713558,0,0
2012-07-12 07:00:00,-2.044894,0,0
2012-07-12 08:00:00,-1.9358637,0,0
2012-07-12 09:00:00,-1.595822,0,0
2012-07-12 10:00:00,-1.2080464,0,0
2012-07-12 11:00:00,-0.90844434,0,0
2012-07-12 12:00:00,-0.7257828,0,0
2012-07-12 13:00:00,-0.8112498,0,0
2012-07-12 14:00:00,-0.9030898,0,0
2012-07-12 15:00:00,-0.98639894,0,0
2012-07-12 16:00:00,-0.98063934,0,0
2012-07-12 17:00:00,-1.1288424,0,0
2012-07-12 18:00:00,-1.2549403,0,0
2012-07-12 19:00:00,-1.3214474,0,0
2012-07-12 20:00:00,-1.41044,0,0
2012-07-12 21:00:00,-1.4736559,0,0
2012-07-12 22:00:00,-1.5053016,0,0
2012-07-12 23:00:00,-1.4960594,0,0
2012-07-13 00:00:00,-1.464489,0,0
2012-07-13 01:00:00,-1.4604378,0,0
2012-07-13 02:00:00,-1.473618,0,0
2012-07-13 03:00:00,-1.5195078,0,0
2012-07-13 04:00:00,-1.5192535,0,0
2012-07-13 05:00:00,-1.5800655,0,0
2012-07-13 06:00:00,-1.612615,0,0
2012-07-13 07:00:00,-1.6785237,0,0
2012-07-13 08:00:00,-1.6899662,0,0
2012-07-13 09:00:00,-1.6264182,0,0
2012-07-13 10:00:00,-1.455553,0,0
2012-07-13 11:00:00,-1.3240473,0,0
2012-07-13 12:00:00,-1.2668704,0,0
2012-07-13 13:00:00,-1.3058221,0,0
2012-07-13 14:00:00,-1.4226071,0,0
2012-07-13 15:00:00,-1.5255085,0,0
2012-07-13 16:00:00,-1.5651239,0,0
2012-07-13 17:00:00,-1.6671215,0,0
2012-07-13 18:00:00,-1.7563028,0,0
2012-07-13 19:00:00,-1.9197966,0,0
2012-07-13 20:00:00,-1.9881212,0,0
2012-07-13 21:00:00,-2.0354164,0,0
2012-07-13 22:00:00,-2.0640867,0,0
2012-07-13 23:00:00,-2.0723114,0,0
2012-07-14 00:00:00,-2.0977561,1,0
2012-07-14 01:00:00,-2.1463509,1,0
2012-07-14 02:00:00,-2.1596253,1,0
2012-07-14 03:00:00,-2.1798792,1,0
2012-07-14 04:00:00,-2.3051288,1,0
2012-07-14 05:00:00,-2.3063743,1,0
2012-07-14 06:00:00,-2.3170853,1,0
2012-07-14 07:00:00,-2.3061953,1,0
2012-07-14 08:00:00,-2.2842624,1,0
2012-07-14 09:00:00,-2.1303093,1,0
2012-07-14 10:00:00,-1.976887,1,0
2012-07-14 11:00:00,-1.8921913,1,0
2012-07-14 12:00:00,-1.8116249,1,0
2012-07-14 13:00:00,-1.7983259,1,0
2012-07-14 14:00:00,-1.8397758,1,0
2012-07-14 15:00:00,-1.9224744,1,0
2012-07-14 16:00:00,-1.9682785,1,0
2012-07-14 17:00:00,-2.1018586,1,0
2012-07-14 18:00:00,-2.219741,1,0
2012-07-14 19:00:00,-2.2662582,1,0
2012-07-14 20:00:00,-2.27426,1,0
2012-07-14 21:00:00,-2.2323205,1,0
2012-07-14 22:00:00,-2.233644,1,0
2012-07-14 23:00:00,-2.1923542,1,0
2012-07-15 00:00:00,-2.1772716,1,0
2012-07-15 01:00:00,-2.1634228,1,0
2012-07-15 02:00:00,-2.137043,1,0
2012-07-15 03:00:00,-2.158373,1,0
2012-07-15 04:00:00,-2.1581187,1,0
2012-07-15 05:00:00,-2.194199,1,0
2012-07-15 06:00:00,-2.2072072,1,0
2012-07-15 07:00:00,-2.230025,1,0
2012-07-15 08:00:00,-2.1450648,1,0
2012-07-15 09:00:00,-1.9466808,1,0
2012-07-15 10:00:00,-1.7994595,1,0
2012-07-15 11:00:00,-1.5784999,1,0
2012-07-15 12:00:00,-1.4298222,1,0
2012-07-15 13:00:00,-1.2838024,1,0
2012-07-15 14:00:00,-1.2119783,1,0
2012-07-15 15:00:00,-1.1860874,1,0
2012-07-15 16:00:00,-1.1648786,1,0
2012-07-15 17:00:00,-1.2337427,1,0
2012-07-15 18:00:00,-1.3065451,1,0
2012-07-15 19:00:00,-1.3896344,1,0
2012-07-15 20:00:00,-1.4077823,1,0
2012-07-15 21:00:00,-1.4642255,1,0
2012-07-15 22:00:00,-1.4985949,1,0
2012-07-15 23:00:00,-1.5072341,1,0
2012-07-16 00:00:00,-1.5020434,0,0
2012-07-16 01:00:00,-1.5204144,0,0
2012-07-16 02:00:00,-1.5025328,0,0
2012-07-16 03:00:00,-1.5215534,0,0
2012-07-16 04:00:00,-1.607907,0,0
2012-07-16 05:00:00,-1.6545408,0,0
2012-07-16 06:00:00,-1.7063652,0,0
2012-07-16 07:00:00,-1.7551363,0,0
2012-07-16 08:00:00,-1.70882,0,0
2012-07-16 09:00:00,-1.6174088,0,0
2012-07-16 10:00:00,-1.4486854,0,0
2012-07-16 11:00:00,-1.3005239,0,0
2012-07-16 12:00:00,-1.1796579,0,0
2012-07-16 13:00:00,-1.0894074,0,0
2012-07-16 14:00:00,-1.0666088,0,0
2012-07-16 15:00:00,-1.0852965,0,0
2012-07-16 16:00:00,-1.1099428,0,0
2012-07-16 17:00:00,-1.3217926,0,0
2012-07-16 18:00:00,-1.5001576,0,0
2012-07-16 19:00:00,-1.6514815,0,0
2012-07-16 20:00:00,-1.7784685,0,0
2012-07-16 21:00:00,-1.880978,0,0
2012-07-16 22:00:00,-1.968151,0,0
2012-07-16 23:00:00,-2.0258276,0,0
2012-07-17 00:00:00,-2.0596883,0,0
2012-07-17 01:00:00,-2.097252,0,0
2012-07-17 02:00:00,-2.1393569,0,0
2012-07-17 03:00:00,-2.2033634,0,0
2012-07-17 04:00:00,-2.284112,0,0
2012-07-17 05:00:00,-2.377869,0,0
2012-07-17 06:00:00,-2.4629865,0,0
2012-07-17 07:00:00,-2.5365527,0,0
2012-07-17 08:00:00,-2.4697912,0,0
2012-07-17 09:00:00,-2.223177,0,0
2012-07-17 10:00:00,-1.9668188,0,0
2012-07-17 11:00:00,-1.7259693,0,0
2012-07-17 12:00:00,-1.5348381,0,0
2012-07-17 13:00:00,-1.4024129,0,0
2012-07-17 14:00:00,-1.3482982,0,0
2012-07-17 15:00:00,-1.3460511,0,0
2012-07-17 16:00:00,-1.3327974,0,0
2012-07-17 17:00:00,-1.5104498,0,0
2012-07-17 18:00:00,-1.6119535,0,0
2012-07-17 19:00:00,-1.6386074,0,0
2012-07-17 20:00:00,-1.5912377,0,0
2012-07-17 21:00:00,-1.5629705,0,0
2012-07-17 22:00:00,-1.6147125,0,0
2012-07-17 23:00:00,-1.6235241,0,0
2012-07-18 00:00:00,-1.7598042,0,0
2012-07-18 01:00:00,-1.8681706,0,0
2012-07-18 02:00:00,-1.9933256,0,0
2012-07-18 03:00:00,-2.1692438,0,0
2012-07-18 04:00:00,-2.271228,0,0
2012-07-18 05:00:00,-2.3324356,0,0
2012-07-18 06:00:00,-2.3433964,0,0
2012-07-18 07:00:00,-2.3132317,0,0
2012-07-18 08:00:00,-2.2315602,0,0
2012-07-18 09:00:00,-2.0692565,0,0
2012-07-18 10:00:00,-1.9648718,0,0
2012-07-18 11:00:00,-1.9186478,0,0
2012-07-18 12:00:00,-1.9159533,0,0
2012-07-18 13:00:00,-1.9239887,0,0
2012-07-18 14:00:00,-1.9964104,0,0
2012-07-18 15:00:00,-2.1052341,0,0
2012-07-18 16:00:00,-2.212521,0,0
2012-07-18 17:00:00,-2.3668594,0,0
2012-07-18 18:00:00,-2.5054536,0,0
2012-07-18 19:00:00,-2.6044564,0,0
2012-07-18 20:00:00,-2.6749308,0,0
2012-07-18 21:00:00,-2.737982,0,0
2012-07-18 22:00:00,-2.8357985,0,0
2012-07-18 23:00:00,-2.9416864,0,0
2012-07-19 00:00:00,-3.0385866,0,0
2012-07-19 01:00:00,-3.0733445,0,0
2012-07-19 02:00:00,-2.9737093,0,0
2012-07-19 03:00:00,-2.8625226,0,0
2012-07-19 04:00:00,-2.8142877,0,0
2012-07-19 05:00:00,-2.789791,0,0
2012-07-19 06:00:00,-2.761497,0,0
2012-07-19 07:00:00,-2.770626,0,0
2012-07-19 08:00:00,-2.6458514,0,0
2012-07-19 09:00:00,-2.389854,0,0
2012-07-19 10:00:00,-2.1895316,0,0
2012-07-19 11:00:00,-2.0309377,0,0
2012-07-19 12:00:00,-1.8867888,0,0
2012-07-19 13:00:00,-1.8126552,0,0
2012-07-19 14:00:00,-1.7531778,0,0
2012-07-19 15:00:00,-1.7332724,0,0
2012-07-19 16:00:00,-1.6604112,0,0
2012-07-19 17:00:00,-1.773944,0,0
2012-07-19 18:00:00,-1.8411603,0,0
2012-07-19 19:00:00,-1.8936776,0,0
2012-07-19 20:00:00,-1.9304507,0,0
2012-07-19 21:00:00,-1.9469386,0,0
2012-07-19 22:00:00,-1.9714164,0,0
2012-07-19 23:00:00,-2.008095,0,0
2012-07-20 00:00:00,-1.9974595,0,0
2012-07-20 01:00:00,-1.9785799,0,0
2012-07-20 02:00:00,-1.9606042,0,0
2012-07-20 03:00:00,-2.0060165,0,0
2012-07-20 04:00:00,-2.0615437,0,0
2012-07-20 05:00:00,-2.1173375,0,0
2012-07-20 06:00:00,-2.1163392,0,0
2012-07-20 07:00:00,-2.1238394,0,0
2012-07-20 08:00:00,-1.9856302,0,0
2012-07-20 09:00:00,-1.6450046,0,0
2012-07-20 10:00:00,-1.3658944,0,0
2012-07-20 11:00:00,-1.1999726,0,0
2012-07-20 12:00:00,-1.021602,0,0
2012-07-20 13:00:00,-0.9546901,0,0
2012-07-20 14:00:00,-0.93000835,0,0
2012-07-20 15:00:00,-0.8947733,0,0
2012-07-20 16:00:00,-0.8841611,0,0
2012-07-20 17:00:00,-1.0454631,0,0
2012-07-20 18:00:00,-1.1879202,0,0
2012-07-20 19:00:00,-1.4891744,0,0
2012-07-20 20:00:00,-1.7132571,0,0
2012-07-20 21:00:00,-1.8610191,0,0
2012-07-20 22:00:00,-1.991295,0,0
2012-07-20 23:00:00,-2.0219424,0,0
2012-07-21 00:00:00,-1.9092275,1,0
2012-07-21 01:00:00,-1.8783596,1,0
2012-07-21 02:00:00,-1.9837147,1,0
2012-07-21 03:00:00,-2.0901625,1,0
2012-07-21 04:00:00,-2.4820359,1,0
2012-07-21 05:00:00,-2.4362557,1,0
2012-07-21 06:00:00,-2.3276205,1,0
2012-07-21 07:00:00,-2.2454593,1,0
2012-07-21 08:00:00,-2.002337,1,0
2012-07-21 09:00:00,-1.6866499,1,0
2012-07-21 10:00:00,-1.4188249,1,0
2012-07-21 11:00:00,-1.2103719,1,0
2012-07-21 12:00:00,-1.0678706,1,0
2012-07-21 13:00:00,-0.9486957,1,0
2012-07-21 14:00:00,-0.9047271,1,0
2012-07-21 15:00:00,-0.9114556,1,0
2012-07-21 16:00:00,-0.868417,1,0
2012-07-21 17:00:00,-1.072982,1,0
2012-07-21 18:00:00,-1.2758559,1,0
2012-07-21 19:00:00,-1.4487641,1,0
2012-07-21 20:00:00,-1.7143556,1,0
2012-07-21 21:00:00,-1.9095607,1,0
2012-07-21 22:00:00,-2.0906816,1,0
2012-07-21 23:00:00,-2.2856326,1,0
2012-07-22 00:00:00,-2.414898,1,0
2012-07-22 01:00:00,-2.4854884,1,0
2012-07-22 02:00:00,-2.3484306,1,0
2012-07-22 03:00:00,-2.2405393,1,0
2012-07-22 04:00:00,-2.1507835,1,0
2012-07-22 05:00:00,-2.1332974,1,0
2012-07-22 06:00:00,-2.1055243,1,0
2012-07-22 07:00:00,-2.0643165,1,0
2012-07-22 08:00:00,-1.9522328,1,0
2012-07-22 09:00:00,-1.7522835,1,0
2012-07-22 10:00:00,-1.5338565,1,0
2012-07-22 11:00:00,-1.2802099,1,0
2012-07-22 12:00:00,-1.1431104,1,0
2012-07-22 13:00:00,-1.0690037,1,0
2012-07-22 14:00:00,-1.0514656,1,0
2012-07-22 15:00:00,-1.0835922,1,0
2012-07-22 16:00:00,-1.0501132,1,0
2012-07-22 17:00:00,-1.1675806,1,0
2012-07-22 18:00:00,-1.3392164,1,0
2012-07-22 19:00:00,-1.4394554,1,0
2012-07-22 20:00:00,-1.553352,1,0
2012-07-22 21:00:00,-1.5987643,1,0
2012-07-22 22:00:00,-1.7374442,1,0
2012-07-22 23:00:00,-1.8420087,1,0
2012-07-23 00:00:00,-1.913864,0,0
2012-07-23 01:00:00,-1.9824115,0,0
2012-07-23 02:00:00,-2.050959,0,0
2012-07-23 03:00:00,-2.0870514,0,0
2012-07-23 04:00:00,-2.101955,0,0
2012-07-23 05:00:00,-2.1246126,0,0
2012-07-23 06:00:00,-2.1428237,0,0
2012-07-23 07:00:00,-2.1855001,0,0
2012-07-23 08:00:00,-2.0595553,0,0
2012-07-23 09:00:00,-1.7540162,0,0
2012-07-23 10:00:00,-1.5471487,0,0
2012-07-23 11:00:00,-1.3843069,0,0
2012-07-23 12:00:00,-1.2628571,0,0
2012-07-23 13:00:00,-1.1645226,0,0
2012-07-23 14:00:00,-1.1662716,0,0
2012-07-23 15:00:00,-1.1777134,0,0
2012-07-23 16:00:00,-1.1806465,0,0
2012-07-23 17:00:00,-1.270763,0,0
2012-07-23 18:00:00,-1.6430367,0,0
2012-07-23 19:00:00,-1.8845235,0,0
2012-07-23 20:00:00,-1.9959552,0,0
2012-07-23 21:00:00,-2.052384,0,0
2012-07-23 22:00:00,-2.100251,0,0
2012-07-23 23:00:00,-2.13913,0,0
2012-07-24 00:00:00,-2.1690216,0,0
2012-07-24 01:00:00,-2.2123477,0,0
2012-07-24 02:00:00,-2.232856,0,0
2012-07-24 03:00:00,-2.2561634,0,0
2012-07-24 04:00:00,-2.3144894,0,0
2012-07-24 05:00:00,-2.3472111,0,0
2012-07-24 06:00:00,-2.3429997,0,0
2012-07-24 07:00:00,-2.3851044,0,0
2012-07-24 08:00:00,-2.2506924,0,0
2012-07-24 09:00:00,-1.9314133,0,0
2012-07-24 10:00:00,-1.6348335,0,0
2012-07-24 11:00:00,-1.417044,0,0
2012-07-24 12:00:00,-1.2446982,0,0
2012-07-24 13:00:00,-1.1275275,0,0
2012-07-24 14:00:00,-1.0674781,0,0
2012-07-24 15:00:00,-1.0424132,0,0
2012-07-24 16:00:00,-1.0360923,0,0
2012-07-24 17:00:00,-1.1998326,0,0
2012-07-24 18:00:00,-1.4056654,0,0
2012-07-24 19:00:00,-1.5765141,0,0
2012-07-24 20:00:00,-1.7045116,0,0
2012-07-24 21:00:00,-1.8238266,0,0
2012-07-24 22:00:00,-1.8927106,0,0
2012-07-24 23:00:00,-1.8936898,0,0
2012-07-25 00:00:00,-1.893009,0,0
2012-07-25 01:00:00,-1.9425238,0,0
2012-07-25 02:00:00,-1.9749013,0,0
2012-07-25 03:00:00,-2.013291,0,0
2012-07-25 04:00:00,-2.0411391,0,0
2012-07-25 05:00:00,-2.0485573,0,0
2012-07-25 06:00:00,-2.0499463,0,0
2012-07-25 07:00:00,-1.9510531,0,0
2012-07-25 08:00:00,-1.8059382,0,0
2012-07-25 09:00:00,-1.6593741,0,0
2012-07-25 10:00:00,-1.5643094,0,0
2012-07-25 11:00:00,-1.5308706,0,0
2012-07-25 12:00:00,-1.6213412,0,0
2012-07-25 13:00:00,-1.6126614,0,0
2012-07-25 14:00:00,-1.6765026,0,0
2012-07-25 15:00:00,-1.7252003,0,0
2012-07-25 16:00:00,-1.7364917,0,0
2012-07-25 17:00:00,-1.7792728,0,0
2012-07-25 18:00:00,-1.8228142,0,0
2012-07-25 19:00:00,-1.815988,0,0
2012-07-25 20:00:00,-1.8486153,0,0
2012-07-25 21:00:00,-1.8608917,0,0
2012-07-25 22:00:00,-1.8874289,0,0
2012-07-25 23:00:00,-1.9508679,0,0
2012-07-26 00:00:00,-1.9772288,0,0
2012-07-26 01:00:00,-2.0083847,0,0
2012-07-26 02:00:00,-2.0503173,0,0
2012-07-26 03:00:00,-2.0878031,0,0
2012-07-26 04:00:00,-2.1040368,0,0
2012-07-26 05:00:00,-2.1311412,0,0
2012-07-26 06:00:00,-2.1865087,0,0
2012-07-26 07:00:00,-2.2071888,0,0
2012-07-26 08:00:00,-2.0974147,0,0
2012-07-26 09:00:00,-1.9493794,0,0
2012-07-26 10:00:00,-1.6706421,0,0
2012-07-26 11:00:00,-1.4876293,0,0
2012-07-26 12:00:00,-1.3891816,0,0
2012-07-26 13:00:00,-1.3927191,0,0
2012-07-26 14:00:00,-1.4418578,0,0
2012-07-26 15:00:00,-1.5945163,0,0
2012-07-26 16:00:00,-1.7693595,0,0
2012-07-26 17:00:00,-1.8691089,0,0
2012-07-26 18:00:00,-1.9612758,0,0
2012-07-26 19:00:00,-1.9185416,0,0
2012-07-26 20:00:00,-1.8940717,0,0
2012-07-26 21:00:00,-1.8527819,0,0
2012-07-26 22:00:00,-1.8228714,0,0
2012-07-26 23:00:00,-1.8092768,0,0
2012-07-27 00:00:00,-1.85822,0,0
2012-07-27 01:00:00,-1.8855788,0,0
2012-07-27 02:00:00,-1.9158188,0,0
2012-07-27 03:00:00,-1.940868,0,0
2012-07-27 04:00:00,-1.9055127,0,0
2012-07-27 05:00:00,-1.9293287,0,0
2012-07-27 06:00:00,-1.9394556,0,0
2012-07-27 07:00:00,-1.9808987,0,0
2012-07-27 08:00:00,-1.9276497,0,0
2012-07-27 09:00:00,-1.791738,0,0
2012-07-27 10:00:00,-1.6595991,0,0
2012-07-27 11:00:00,-1.7399671,0,0
2012-07-27 12:00:00,-1.6889791,0,0
2012-07-27 13:00:00,-1.7142464,0,0
2012-07-27 14:00:00,-1.9084688,0,0
2012-07-27 15:00:00,-2.046949,0,0
2012-07-27 16:00:00,-1.9745115,0,0
2012-07-27 17:00:00,-2.0155206,0,0
2012-07-27 18:00:00,-2.0557854,0,0
2012-07-27 19:00:00,-2.0762548,0,0
2012-07-27 20:00:00,-2.076185,0,0
2012-07-27 21:00:00,-2.0481064,0,0
2012-07-27 22:00:00,-2.0077326,0,0
2012-07-27 23:00:00,-1.9563156,0,0
2012-07-28 00:00:00,-1.9432884,1,0
2012-07-28 01:00:00,-1.9185686,1,0
2012-07-28 02:00:00,-1.956481,1,0
2012-07-28 03:00:00,-1.9776509,1,0
2012-07-28 04:00:00,-1.9477404,1,0
2012-07-28 05:00:00,-1.9543368,1,0
2012-07-28 06:00:00,-1.9093318,1,0
2012-07-28 07:00:00,-1.9537337,1,0
2012-07-28 08:00:00,-1.7867723,1,0
2012-07-28 09:00:00,-1.5279326,1,0
2012-07-28 10:00:00,-1.4045031,1,0
2012-07-28 11:00:00,-1.2875121,1,0
2012-07-28 12:00:00,-1.1839825,1,0
2012-07-28 13:00:00,-1.162483,1,0
2012-07-28 14:00:00,-1.1733098,1,0
2012-07-28 15:00:00,-1.2360672,1,0
2012-07-28 16:00:00,-1.2331948,1,0
2012-07-28 17:00:00,-1.325049,1,0
2012-07-28 18:00:00,-1.4457496,1,0
2012-07-28 19:00:00,-1.5918007,1,0
2012-07-28 20:00:00,-1.6954924,1,0
2012-07-28 21:00:00,-1.8022066,1,0
2012-07-28 22:00:00,-1.8887956,1,0
2012-07-28 23:00:00,-1.9023712,1,0
2012-07-29 00:00:00,-1.9039999,1,0
2012-07-29 01:00:00,-1.9376885,1,0
2012-07-29 02:00:00,-2.00714,1,0
2012-07-29 03:00:00,-2.0679522,1,0
2012-07-29 04:00:00,-2.0756097,1,0
2012-07-29 05:00:00,-2.2090867,1,0
2012-07-29 06:00:00,-2.3966973,1,0
2012-07-29 07:00:00,-2.5006125,1,0
2012-07-29 08:00:00,-2.2242885,1,0
2012-07-29 09:00:00,-1.995027,1,0
2012-07-29 10:00:00,-1.8922943,1,0
2012-07-29 11:00:00,-1.84537,1,0
2012-07-29 12:00:00,-1.8178146,1,0
2012-07-29 13:00:00,-1.7742102,1,0
2012-07-29 14:00:00,-1.7603049,1,0
2012-07-29 15:00:00,-1.7990744,1,0
2012-07-29 16:00:00,-1.6847001,1,0
2012-07-29 17:00:00,-1.765269,1,0
2012-07-29 18:00:00,-1.8657622,1,0
2012-07-29 19:00:00,-1.9554478,1,0
2012-07-29 20:00:00,-2.0484102,1,0
2012-07-29 21:00:00,-2.1338718,1,0
2012-07-29 22:00:00,-2.2290657,1,0
2012-07-29 23:00:00,-2.299273,1,0
2012-07-30 00:00:00,-2.3574393,0,0
2012-07-30 01:00:00,-2.379353,0,0
2012-07-30 02:00:00,-2.5083954,0,0
2012-07-30 03:00:00,-2.620206,0,0
2012-07-30 04:00:00,-2.7697563,0,0
2012-07-30 05:00:00,-2.9467318,0,0
2012-07-30 06:00:00,-3.0866446,0,0
2012-07-30 07:00:00,-3.1318662,0,0
2012-07-30 08:00:00,-2.7877972,0,0
2012-07-30 09:00:00,-2.1389866,0,0
2012-07-30 10:00:00,-1.9167893,0,0
2012-07-30 11:00:00,-1.801768,0,0
2012-07-30 12:00:00,-1.7280875,0,0
2012-07-30 13:00:00,-1.7310189,0,0
2012-07-30 14:00:00,-1.7449933,0,0
2012-07-30 15:00:00,-1.7945704,0,0
2012-07-30 16:00:00,-1.7642571,0,0
2012-07-30 17:00:00,-1.8614739,0,0
2012-07-30 18:00:00,-1.9688177,0,0
2012-07-30 19:00:00,-2.0765567,0,0
2012-07-30 20:00:00,-2.1487563,0,0
2012-07-30 21:00:00,-2.2141995,0,0
2012-07-30 22:00:00,-2.3092988,0,0
2012-07-30 23:00:00,-2.3662317,0,0
2012-07-31 00:00:00,-2.4735954,0,0
2012-07-31 01:00:00,-2.6091275,0,0
2012-07-31 02:00:00,-2.784408,0,0
2012-07-31 03:00:00,-2.8699334,0,0
2012-07-31 04:00:00,-2.9607432,0,0
2012-07-31 05:00:00,-3.0099218,0,0
2012-07-31 06:00:00,-3.105084,0,0
2012-07-31 07:00:00,-3.2247121,0,0
2012-07-31 08:00:00,-2.8731434,0,0
2012-07-31 09:00:00,-2.265485,0,0
2012-07-31 10:00:00,-2.1014729,0,0
2012-07-31 11:00:00,-2.000046,0,0
2012-07-31 12:00:00,-1.8818262,0,0
2012-07-31 13:00:00,-1.8262936,0,0
2012-07-31 14:00:00,-1.8129914,0,0
2012-07-31 15:00:00,-1.8525358,0,0
2012-07-31 16:00:00,-1.9172465,0,0
2012-07-31 17:00:00,-2.0092382,0,0
2012-07-31 18:00:00,-2.1272297,0,0
2012-07-31 19:00:00,-2.231266,0,0
2012-07-31 20:00:00,-2.3347814,0,0
2012-07-31 21:00:00,-2.4964821,0,0
2012-07-31 22:00:00,-2.597262,0,0
2012-07-31 23:00:00,-2.6964757,0,0
2012-08-01 00:00:00,-2.7815113,0,0
2012-08-01 01:00:00,-2.874047,0,0
2012-08-01 02:00:00,-2.9983883,0,0
2012-08-01 03:00:00,-3.1144855,0,0
2012-08-01 04:00:00,-3.35316,0,0
2012-08-01 05:00:00,-3.4669478,0,0
2012-08-01 06:00:00,-3.529985,0,0
2012-08-01 07:00:00,-3.5305495,0,0
2012-08-01 08:00:00,-3.2467258,0,0
2012-08-01 09:00:00,-2.793723,0,0
2012-08-01 10:00:00,-2.6098375,0,0
2012-08-01 11:00:00,-2.4614916,0,0
2012-08-01 12:00:00,-2.2964616,0,0
2012-08-01 13:00:00,-2.137327,0,0
2012-08-01 14:00:00,-2.0329535,0,0
2012-08-01 15:00:00,-1.9946262,0,0
2012-08-01 16:00:00,-1.8937509,0,0
2012-08-01 17:00:00,-1.9969575,0,0
2012-08-01 18:00:00,-2.117685,0,0
2012-08-01 19:00:00,-2.3354502,0,0
2012-08-01 20:00:00,-2.5098417,0,0
2012-08-01 21:00:00,-2.5518687,0,0
2012-08-01 22:00:00,-2.586129,0,0
2012-08-01 23:00:00,-2.6250906,0,0
2012-08-02 00:00:00,-2.6809351,0,0
2012-08-02 01:00:00,-2.6864433,0,0
2012-08-02 02:00:00,-2.7105765,0,0
2012-08-02 03:00:00,-2.785301,0,0
2012-08-02 04:00:00,-2.8213034,0,0
2012-08-02 05:00:00,-2.8306086,0,0
2012-08-02 06:00:00,-2.795241,0,0
2012-08-02 07:00:00,-2.7506626,0,0
2012-08-02 08:00:00,-2.615839,0,0
2012-08-02 09:00:00,-2.429574,0,0
2012-08-02 10:00:00,-2.211237,0,0
2012-08-02 11:00:00,-1.9790702,0,0
2012-08-02 12:00:00,-1.7676537,0,0
2012-08-02 13:00:00,-1.6109741,0,0
2012-08-02 14:00:00,-1.5443287,0,0
2012-08-02 15:00:00,-1.5285524,0,0
2012-08-02 16:00:00,-1.4539192,0,0
2012-08-02 17:00:00,-1.6026429,0,0
2012-08-02 18:00:00,-1.7044787,0,0
2012-08-02 19:00:00,-1.7530655,0,0
2012-08-02 20:00:00,-1.7937256,0,0
2012-08-02 21:00:00,-1.8407158,0,0
2012-08-02 22:00:00,-1.8971713,0,0
2012-08-02 23:00:00,-2.0142379,0,0
2012-08-03 00:00:00,-2.1583626,0,0
2012-08-03 01:00:00,-2.1699893,0,0
2012-08-03 02:00:00,-2.165778,0,0
2012-08-03 03:00:00,-2.1212626,0,0
2012-08-03 04:00:00,-2.2292638,0,0
2012-08-03 05:00:00,-2.3300312,0,0
2012-08-03 06:00:00,-2.3712199,0,0
2012-08-03 07:00:00,-2.329852,0,0
2012-08-03 08:00:00,-2.0243642,0,0
2012-08-03 09:00:00,-1.788953,0,0
2012-08-03 10:00:00,-1.4985229,0,0
2012-08-03 11:00:00,-1.245155,0,0
2012-08-03 12:00:00,-1.1074836,0,0
2012-08-03 13:00:00,-1.0491208,0,0
2012-08-03 14:00:00,-1.0888643,0,0
2012-08-03 15:00:00,-1.1414049,0,0
2012-08-03 16:00:00,-1.1534427,0,0
2012-08-03 17:00:00,-1.2890025,0,0
2012-08-03 18:00:00,-1.3798751,0,0
2012-08-03 19:00:00,-1.4576958,0,0
2012-08-03 20:00:00,-1.5614699,0,0
2012-08-03 21:00:00,-1.658711,0,0
2012-08-03 22:00:00,-1.728339,0,0
2012-08-03 23:00:00,-1.7172917,0,0
2012-08-04 00:00:00,-1.6629769,1,0
2012-08-04 01:00:00,-1.5849407,1,0
2012-08-04 02:00:00,-1.5616921,1,0
2012-08-04 03:00:00,-1.543239,1,0
2012-08-04 04:00:00,-1.6568571,1,0
2012-08-04 05:00:00,-1.7562312,1,0
2012-08-04 06:00:00,-1.9324158,1,0
2012-08-04 07:00:00,-2.1041534,1,0
2012-08-04 08:00:00,-1.7761772,1,0
2012-08-04 09:00:00,-1.5657134,1,0
2012-08-04 10:00:00,-1.4421359,1,0
2012-08-04 11:00:00,-1.3037716,1,0
2012-08-04 12:00:00,-1.1750059,1,0
2012-08-04 13:00:00,-1.1004341,1,0
2012-08-04 14:00:00,-0.9962836,1,0
2012-08-04 15:00:00,-0.9176645,1,0
2012-08-04 16:00:00,-0.8725274,1,0
2012-08-04 17:00:00,-1.0514956,1,0
2012-08-04 18:00:00,-1.1998914,1,0
2012-08-04 19:00:00,-1.3072864,1,0
2012-08-04 20:00:00,-1.41905,1,0
2012-08-04 21:00:00,-1.4650507,1,0
2012-08-04 22:00:00,-1.5200227,1,0
2012-08-04 23:00:00,-1.5436622,1,0
2012-08-05 00:00:00,-1.5190201,1,0
2012-08-05 01:00:00,-1.5070689,1,0
2012-08-05 02:00:00,-1.5141382,1,0
2012-08-05 03:00:00,-1.5341526,1,0
2012-08-05 04:00:00,-1.4968199,1,0
2012-08-05 05:00:00,-1.5069302,1,0
2012-08-05 06:00:00,-1.4553413,1,0
2012-08-05 07:00:00,-1.4758495,1,0
2012-08-05 08:00:00,-1.392455,1,0
2012-08-05 09:00:00,-1.1760297,1,0
2012-08-05 10:00:00,-1.0971907,1,0
2012-08-05 11:00:00,-1.03918,1,0
2012-08-05 12:00:00,-1.0500023,1,0
2012-08-05 13:00:00,-1.0279698,1,0
2012-08-05 14:00:00,-1.0548415,1,0
2012-08-05 15:00:00,-1.1282302,1,0
2012-08-05 16:00:00,-1.1617868,1,0
2012-08-05 17:00:00,-1.3256725,1,0
2012-08-05 18:00:00,-1.4355655,1,0
2012-08-05 19:00:00,-1.5286218,1,0
2012-08-05 20:00:00,-1.6102866,1,0
2012-08-05 21:00:00,-1.6800044,1,0
2012-08-05 22:00:00,-1.7735381,1,0
2012-08-05 23:00:00,-1.8282558,1,0
2012-08-06 00:00:00,-1.8989408,0,0
2012-08-06 01:00:00,-1.9446706,0,0
2012-08-06 02:00:00,-2.0117304,0,0
2012-08-06 03:00:00,-2.0845015,0,0
2012-08-06 04:00:00,-2.0529556,0,0
2012-08-06 05:00:00,-2.13929,0,0
2012-08-06 06:00:00,-2.221178,0,0
2012-08-06 07:00:00,-2.3588474,0,0
2012-08-06 08:00:00,-2.0729637,0,0
2012-08-06 09:00:00,-1.6559764,0,0
2012-08-06 10:00:00,-1.5731171,0,0
2012-08-06 11:00:00,-1.5152785,0,0
2012-08-06 12:00:00,-1.4222637,0,0
2012-08-06 13:00:00,-1.3942621,0,0
2012-08-06 14:00:00,-1.3670166,0,0
2012-08-06 15:00:00,-1.3409656,0,0
2012-08-06 16:00:00,-1.2557912,0,0
2012-08-06 17:00:00,-1.3741434,0,0
2012-08-06 18:00:00,-1.5586586,0,0
2012-08-06 19:00:00,-1.7071133,0,0
2012-08-06 20:00:00,-1.8402193,0,0
2012-08-06 21:00:00,-1.902437,0,0
2012-08-06 22:00:00,-1.9552405,0,0
2012-08-06 23:00:00,-2.0551863,0,0
2012-08-07 00:00:00,-2.1756403,0,0
2012-08-07 01:00:00,-2.3206542,0,0
2012-08-07 02:00:00,-2.4063437,0,0
2012-08-07 03:00:00,-2.4472003,0,0
2012-08-07 04:00:00,-2.4571507,0,0
2012-08-07 05:00:00,-2.475929,0,0
2012-08-07 06:00:00,-2.5126712,0,0
2012-08-07 07:00:00,-2.5405195,0,0
2012-08-07 08:00:00,-2.3440473,0,0
2012-08-07 09:00:00,-1.9960669,0,0
2012-08-07 10:00:00,-1.7477562,0,0
2012-08-07 11:00:00,-1.4856427,0,0
2012-08-07 12:00:00,-1.2723433,0,0
2012-08-07 13:00:00,-1.1096002,0,0
2012-08-07 14:00:00,-1.0002127,0,0
2012-08-07 15:00:00,-0.95207566,0,0
2012-08-07 16:00:00,-0.9310088,0,0
2012-08-07 17:00:00,-1.1637031,0,0
2012-08-07 18:00:00,-1.3528805,0,0
2012-08-07 19:00:00,-1.4887966,0,0
2012-08-07 20:00:00,-1.60862,0,0
2012-08-07 21:00:00,-1.6748772,0,0
2012-08-07 22:00:00,-1.692109,0,0
2012-08-07 23:00:00,-1.6713464,0,0
2012-08-08 00:00:00,-1.6596495,0,0
2012-08-08 01:00:00,-1.6330303,0,0
2012-08-08 02:00:00,-1.6563522,0,0
2012-08-08 03:00:00,-1.682301,0,0
2012-08-08 04:00:00,-1.7046412,0,0
2012-08-08 05:00:00,-1.7470782,0,0
2012-08-08 06:00:00,-1.8000686,0,0
2012-08-08 07:00:00,-1.8207445,0,0
2012-08-08 08:00:00,-1.6414323,0,0
2012-08-08 09:00:00,-1.3953298,0,0
2012-08-08 10:00:00,-1.2133008,0,0
2012-08-08 11:00:00,-1.0190583,0,0
2012-08-08 12:00:00,-0.8671628,0,0
2012-08-08 13:00:00,-0.88835186,0,0
2012-08-08 14:00:00,-0.96375674,0,0
2012-08-08 15:00:00,-1.0584531,0,0
2012-08-08 16:00:00,-1.0199199,0,0
2012-08-08 17:00:00,-1.2017094,0,0
2012-08-08 18:00:00,-1.3761832,0,0
2012-08-08 19:00:00,-1.46709,0,0
2012-08-08 20:00:00,-1.5658145,0,0
2012-08-08 21:00:00,-1.6935455,0,0
2012-08-08 22:00:00,-1.797034,0,0
2012-08-08 23:00:00,-1.8508358,0,0
2012-08-09 00:00:00,-1.9195434,0,0
2012-08-09 01:00:00,-1.9466478,0,0
2012-08-09 02:00:00,-2.0217795,0,0
2012-08-09 03:00:00,-2.11226,0,0
2012-08-09 04:00:00,-2.1703486,0,0
2012-08-09 05:00:00,-2.204209,0,0
2012-08-09 06:00:00,-2.1940632,0,0
2012-08-09 07:00:00,-2.183917,0,0
2012-08-09 08:00:00,-2.0231133,0,0
2012-08-09 09:00:00,-1.892642,0,0
2012-08-09 10:00:00,-1.7602246,0,0
2012-08-09 11:00:00,-1.6705925,0,0
2012-08-09 12:00:00,-1.5613803,0,0
2012-08-09 13:00:00,-1.5210834,0,0
2012-08-09 14:00:00,-1.5218462,0,0
2012-08-09 15:00:00,-1.5311195,0,0
2012-08-09 16:00:00,-1.4672585,0,0
2012-08-09 17:00:00,-1.5653135,0,0
2012-08-09 18:00:00,-1.7103975,0,0
2012-08-09 19:00:00,-1.804624,0,0
2012-08-09 20:00:00,-1.8917459,0,0
2012-08-09 21:00:00,-1.9579331,0,0
2012-08-09 22:00:00,-2.0476818,0,0
2012-08-09 23:00:00,-2.1209426,0,0
2012-08-10 00:00:00,-2.1412086,0,0
2012-08-10 01:00:00,-2.1758132,0,0
2012-08-10 02:00:00,-2.1795914,0,0
2012-08-10 03:00:00,-2.2026446,0,0
2012-08-10 04:00:00,-2.185648,0,0
2012-08-10 05:00:00,-2.191074,0,0
2012-08-10 06:00:00,-2.201201,0,0
2012-08-10 07:00:00,-2.2081146,0,0
2012-08-10 08:00:00,-2.0101426,0,0
2012-08-10 09:00:00,-1.8375785,0,0
2012-08-10 10:00:00,-1.7325467,0,0
2012-08-10 11:00:00,-1.6731857,0,0
2012-08-10 12:00:00,-1.5903531,0,0
2012-08-10 13:00:00,-1.5576342,0,0
2012-08-10 14:00:00,-1.5781926,0,0
2012-08-10 15:00:00,-1.657266,0,0
2012-08-10 16:00:00,-1.5712488,0,0
2012-08-10 17:00:00,-1.6876628,0,0
2012-08-10 18:00:00,-1.8287773,0,0
2012-08-10 19:00:00,-1.9288441,0,0
2012-08-10 20:00:00,-2.0400364,0,0
2012-08-10 21:00:00,-2.125498,0,0
2012-08-10 22:00:00,-2.2189498,0,0
2012-08-10 23:00:00,-2.2342796,0,0
2012-08-11 00:00:00,-2.3150403,1,0
2012-08-11 01:00:00,-2.3060336,1,0
2012-08-11 02:00:00,-2.3107157,1,0
2012-08-11 03:00:00,-2.3363323,1,0
2012-08-11 04:00:00,-2.43961,1,0
2012-08-11 05:00:00,-2.555218,1,0
2012-08-11 06:00:00,-2.645444,1,0
2012-08-11 07:00:00,-2.7132475,1,0
2012-08-11 08:00:00,-2.3665085,1,0
2012-08-11 09:00:00,-1.9393286,1,0
2012-08-11 10:00:00,-1.8188069,1,0
2012-08-11 11:00:00,-1.7793746,1,0
2012-08-11 12:00:00,-1.678915,1,0
2012-08-11 13:00:00,-1.6742642,1,0
2012-08-11 14:00:00,-1.6632015,1,0
2012-08-11 15:00:00,-1.6278962,1,0
2012-08-11 16:00:00,-1.5405633,1,0
2012-08-11 17:00:00,-1.6288867,1,0
2012-08-11 18:00:00,-1.7795877,1,0
2012-08-11 19:00:00,-1.8715826,1,0
2012-08-11 20:00:00,-1.9796394,1,0
2012-08-11 21:00:00,-2.0472198,1,0
2012-08-11 22:00:00,-2.1013658,1,0
2012-08-11 23:00:00,-2.1388638,1,0
2012-08-12 00:00:00,-2.1503963,1,0
2012-08-12 01:00:00,-2.2405283,1,0
2012-08-12 02:00:00,-2.321277,1,0
2012-08-12 03:00:00,-2.4121528,1,0
2012-08-12 04:00:00,-2.5557566,1,0
2012-08-12 05:00:00,-2.6466324,1,0
2012-08-12 06:00:00,-2.7553892,1,0
2012-08-12 07:00:00,-2.846265,1,0
2012-08-12 08:00:00,-2.453093,1,0
2012-08-12 09:00:00,-2.0357347,1,0
2012-08-12 10:00:00,-1.8694254,1,0
2012-08-12 11:00:00,-1.7304939,1,0
2012-08-12 12:00:00,-1.643762,1,0
2012-08-12 13:00:00,-1.5297613,1,0
2012-08-12 14:00:00,-1.4658904,1,0
2012-08-12 15:00:00,-1.4863201,1,0
2012-08-12 16:00:00,-1.5288912,1,0
2012-08-12 17:00:00,-1.6291435,1,0
2012-08-12 18:00:00,-1.7175733,1,0
2012-08-12 19:00:00,-1.6988537,1,0
2012-08-12 20:00:00,-1.8989483,1,0
2012-08-12 21:00:00,-2.0522332,1,0
2012-08-12 22:00:00,-2.2144277,1,0
2012-08-12 23:00:00,-2.3016949,1,0
2012-08-13 00:00:00,-2.4142494,0,0
2012-08-13 01:00:00,-2.4976249,0,0
2012-08-13 02:00:00,-2.5824883,0,0
2012-08-13 03:00:00,-2.6360357,0,0
2012-08-13 04:00:00,-2.7142208,0,0
2012-08-13 05:00:00,-2.7343147,0,0
2012-08-13 06:00:00,-2.7553124,0,0
2012-08-13 07:00:00,-2.7547262,0,0
2012-08-13 08:00:00,-2.5290751,0,0
2012-08-13 09:00:00,-2.204911,0,0
2012-08-13 10:00:00,-1.8815439,0,0
2012-08-13 11:00:00,-1.6213952,0,0
2012-08-13 12:00:00,-1.4545064,0,0
2012-08-13 13:00:00,-1.3492169,0,0
2012-08-13 14:00:00,-1.3299922,0,0
2012-08-13 15:00:00,-1.3150543,0,0
2012-08-13 16:00:00,-1.3302233,0,0
2012-08-13 17:00:00,-1.4837978,0,0
2012-08-13 18:00:00,-1.6221178,0,0
2012-08-13 19:00:00,-1.7125394,0,0
2012-08-13 20:00:00,-1.807803,0,0
2012-08-13 21:00:00,-1.8780174,0,0
2012-08-13 22:00:00,-1.9173231,0,0
2012-08-13 23:00:00,-1.8612198,0,0
2012-08-14 00:00:00,-1.8076758,0,0
2012-08-14 01:00:00,-1.8051301,0,0
2012-08-14 02:00:00,-1.8431368,0,0
2012-08-14 03:00:00,-1.7693752,0,0
2012-08-14 04:00:00,-1.5558778,0,0
2012-08-14 05:00:00,-1.585374,0,0
2012-08-14 06:00:00,-1.6417228,0,0
2012-08-14 07:00:00,-1.713738,0,0
2012-08-14 08:00:00,-1.6290953,0,0
2012-08-14 09:00:00,-1.5270243,0,0
2012-08-14 10:00:00,-1.4240208,0,0
2012-08-14 11:00:00,-1.269724,0,0
2012-08-14 12:00:00,-1.2174082,0,0
2012-08-14 13:00:00,-1.1822073,0,0
2012-08-14 14:00:00,-1.1738759,0,0
2012-08-14 15:00:00,-1.2316972,0,0
2012-08-14 16:00:00,-1.2753175,0,0
2012-08-14 17:00:00,-1.3677164,0,0
2012-08-14 18:00:00,-1.5241532,0,0
2012-08-14 19:00:00,-1.725992,0,0
2012-08-14 20:00:00,-1.9764191,0,0
2012-08-14 21:00:00,-2.2151225,0,0
2012-08-14 22:00:00,-2.3281662,0,0
2012-08-14 23:00:00,-2.36359,0,0
2012-08-15 00:00:00,-2.2758238,0,0
2012-08-15 01:00:00,-2.1193314,0,0
2012-08-15 02:00:00,-2.0561905,0,0
2012-08-15 03:00:00,-2.0403333,0,0
2012-08-15 04:00:00,-2.013859,0,0
2012-08-15 05:00:00,-2.0072439,0,0
2012-08-15 06:00:00,-1.9964361,0,0
2012-08-15 07:00:00,-1.9743314,0,0
2012-08-15 08:00:00,-1.8961781,0,0
2012-08-15 09:00:00,-1.807886,0,0
2012-08-15 10:00:00,-1.7076306,0,0
2012-08-15 11:00:00,-1.5517534,0,0
2012-08-15 12:00:00,-1.4319879,0,0
2012-08-15 13:00:00,-1.3380588,0,0
2012-08-15 14:00:00,-1.307317,0,0
2012-08-15 15:00:00,-1.2595321,0,0
2012-08-15 16:00:00,-1.1995339,0,0
2012-08-15 17:00:00,-1.3879672,0,0
2012-08-15 18:00:00,-1.5822529,0,0
2012-08-15 19:00:00,-1.7166114,0,0
2012-08-15 20:00:00,-1.8327398,0,0
2012-08-15 21:00:00,-1.9212551,0,0
2012-08-15 22:00:00,-1.9805918,0,0
2012-08-15 23:00:00,-2.006858,0,0
2012-08-16 00:00:00,-2.0669897,0,0
2012-08-16 01:00:00,-2.054866,0,0
2012-08-16 02:00:00,-2.1591644,0,0
2012-08-16 03:00:00,-2.2055438,0,0
2012-08-16 04:00:00,-2.048244,0,0
2012-08-16 05:00:00,-2.026311,0,0
2012-08-16 06:00:00,-2.0319912,0,0
2012-08-16 07:00:00,-2.0323865,0,0
2012-08-16 08:00:00,-1.8990505,0,0
2012-08-16 09:00:00,-1.6841909,0,0
2012-08-16 10:00:00,-1.4376855,0,0
2012-08-16 11:00:00,-1.2944871,0,0
2012-08-16 12:00:00,-1.1571065,0,0
2012-08-16 13:00:00,-1.0995777,0,0
2012-08-16 14:00:00,-1.300329,0,0
2012-08-16 15:00:00,-1.3988492,0,0
2012-08-16 16:00:00,-1.5686408,0,0
2012-08-16 17:00:00,-1.6940114,0,0
2012-08-16 18:00:00,-1.9157892,0,0
2012-08-16 19:00:00,-2.1388497,0,0
2012-08-16 20:00:00,-2.2989414,0,0
2012-08-16 21:00:00,-2.3790407,0,0
2012-08-16 22:00:00,-2.4575908,0,0
2012-08-16 23:00:00,-2.5030828,0,0
2012-08-17 00:00:00,-2.5189676,0,0
2012-08-17 01:00:00,-2.5340269,0,0
2012-08-17 02:00:00,-2.566322,0,0
2012-08-17 03:00:00,-2.6655238,0,0
2012-08-17 04:00:00,-2.6071908,0,0
2012-08-17 05:00:00,-2.647558,0,0
2012-08-17 06:00:00,-2.6707873,0,0
2012-08-17 07:00:00,-2.708101,0,0
2012-08-17 08:00:00,-2.6323516,0,0
2012-08-17 09:00:00,-2.480163,0,0
2012-08-17 10:00:00,-2.2505164,0,0
2012-08-17 11:00:00,-2.1170497,0,0
2012-08-17 12:00:00,-1.9957844,0,0
2012-08-17 13:00:00,-2.001537,0,0
2012-08-17 14:00:00,-2.0729096,0,0
2012-08-17 15:00:00,-2.134356,0,0
2012-08-17 16:00:00,-2.195638,0,0
2012-08-17 17:00:00,-2.2767274,0,0
2012-08-17 18:00:00,-2.3830895,0,0
2012-08-17 19:00:00,-2.4553056,0,0
2012-08-17 20:00:00,-2.508884,0,0
2012-08-17 21:00:00,-2.5434108,0,0
2012-08-17 22:00:00,-2.615094,0,0
2012-08-17 23:00:00,-2.6608238,0,0
2012-08-18 00:00:00,-2.6964264,1,0
2012-08-18 01:00:00,-2.7287219,1,0
2012-08-18 02:00:00,-2.748326,1,0
2012-08-18 03:00:00,-2.6981304,1,0
2012-08-18 04:00:00,-2.6273446,1,0
2012-08-18 05:00:00,-2.6256924,1,0
2012-08-18 06:00:00,-2.5765848,1,0
2012-08-18 07:00:00,-2.5034895,1,0
2012-08-18 08:00:00,-2.3244867,1,0
2012-08-18 09:00:00,-2.0794137,1,0
2012-08-18 10:00:00,-1.875282,1,0
2012-08-18 11:00:00,-1.7023808,1,0
2012-08-18 12:00:00,-1.5987858,1,0
2012-08-18 13:00:00,-1.5594316,1,0
2012-08-18 14:00:00,-1.5750616,1,0
2012-08-18 15:00:00,-1.5638508,1,0
2012-08-18 16:00:00,-1.5499041,1,0
2012-08-18 17:00:00,-1.6260141,1,0
2012-08-18 18:00:00,-1.704007,1,0
2012-08-18 19:00:00,-1.7838832,1,0
2012-08-18 20:00:00,-1.8344861,1,0
2012-08-18 21:00:00,-1.927276,1,0
2012-08-18 22:00:00,-2.0489783,1,0
2012-08-18 23:00:00,-2.0670948,1,0
2012-08-19 00:00:00,-2.13895,1,0
2012-08-19 01:00:00,-2.0867114,1,0
2012-08-19 02:00:00,-2.0900946,1,0
2012-08-19 03:00:00,-2.1138568,1,0
2012-08-19 04:00:00,-2.1365147,1,0
2012-08-19 05:00:00,-2.190849,1,0
2012-08-19 06:00:00,-2.1918283,1,0
2012-08-19 07:00:00,-2.2198713,1,0
2012-08-19 08:00:00,-1.9491581,1,0
2012-08-19 09:00:00,-1.741229,1,0
2012-08-19 10:00:00,-1.5696124,1,0
2012-08-19 11:00:00,-1.4171908,1,0
2012-08-19 12:00:00,-1.3464817,1,0
2012-08-19 13:00:00,-1.2492863,1,0
2012-08-19 14:00:00,-1.2703655,1,0
2012-08-19 15:00:00,-1.2822026,1,0
2012-08-19 16:00:00,-1.2741395,1,0
2012-08-19 17:00:00,-1.3753422,1,0
2012-08-19 18:00:00,-1.502416,1,0
2012-08-19 19:00:00,-1.6849735,1,0
2012-08-19 20:00:00,-1.8531805,1,0
2012-08-19 21:00:00,-1.9130888,1,0
2012-08-19 22:00:00,-1.9935999,1,0
2012-08-19 23:00:00,-2.0288706,1,0
2012-08-20 00:00:00,-2.0417187,0,0
2012-08-20 01:00:00,-2.0679073,0,0
2012-08-20 02:00:00,-2.0574172,0,0
2012-08-20 03:00:00,-2.1083255,0,0
2012-08-20 04:00:00,-2.1620328,0,0
2012-08-20 05:00:00,-2.198113,0,0
2012-08-20 06:00:00,-2.255872,0,0
2012-08-20 07:00:00,-2.2801774,0,0
2012-08-20 08:00:00,-2.0921092,0,0
2012-08-20 09:00:00,-1.8573517,0,0
2012-08-20 10:00:00,-1.7056594,0,0
2012-08-20 11:00:00,-1.5001653,0,0
2012-08-20 12:00:00,-1.3545166,0,0
2012-08-20 13:00:00,-1.2727643,0,0
2012-08-20 14:00:00,-1.2240003,0,0
2012-08-20 15:00:00,-1.2186998,0,0
2012-08-20 16:00:00,-1.2081698,0,0
2012-08-20 17:00:00,-1.388226,0,0
2012-08-20 18:00:00,-1.5911824,0,0
2012-08-20 19:00:00,-1.7238806,0,0
2012-08-20 20:00:00,-1.8295379,0,0
2012-08-20 21:00:00,-1.9584901,0,0
2012-08-20 22:00:00,-2.079453,0,0
2012-08-20 23:00:00,-2.1592076,0,0
2012-08-21 00:00:00,-2.2012224,0,0
2012-08-21 01:00:00,-2.2486,0,0
2012-08-21 02:00:00,-2.2667167,0,0
2012-08-21 03:00:00,-2.2412531,0,0
2012-08-21 04:00:00,-2.1094947,0,0
2012-08-21 05:00:00,-2.0619364,0,0
2012-08-21 06:00:00,-2.0131567,0,0
2012-08-21 07:00:00,-1.9144521,0,0
2012-08-21 08:00:00,-1.7356174,0,0
2012-08-21 09:00:00,-1.5148888,0,0
2012-08-21 10:00:00,-1.3718356,0,0
2012-08-21 11:00:00,-1.3532639,0,0
2012-08-21 12:00:00,-1.3079051,0,0
2012-08-21 13:00:00,-1.30451,0,0
2012-08-21 14:00:00,-1.3294841,0,0
2012-08-21 15:00:00,-1.3919753,0,0
2012-08-21 16:00:00,-1.4340645,0,0
2012-08-21 17:00:00,-1.5340968,0,0
2012-08-21 18:00:00,-1.6613159,0,0
2012-08-21 19:00:00,-1.8541337,0,0
2012-08-21 20:00:00,-2.1269832,0,0
2012-08-21 21:00:00,-2.3189871,0,0
2012-08-21 22:00:00,-2.419246,0,0
2012-08-21 23:00:00,-2.4799452,0,0
2012-08-22 00:00:00,-2.5170166,0,0
2012-08-22 01:00:00,-2.5420468,0,0
2012-08-22 02:00:00,-2.5954344,0,0
2012-08-22 03:00:00,-2.6053357,0,0
2012-08-22 04:00:00,-2.6096854,0,0
2012-08-22 05:00:00,-2.529897,0,0
2012-08-22 06:00:00,-2.4592562,0,0
2012-08-22 07:00:00,-2.4178762,0,0
2012-08-22 08:00:00,-2.1021569,0,0
2012-08-22 09:00:00,-1.8235524,0,0
2012-08-22 10:00:00,-1.4918187,0,0
2012-08-22 11:00:00,-1.1420255,0,0
2012-08-22 12:00:00,-0.9288758,0,0
2012-08-22 13:00:00,-0.665445,0,0
2012-08-22 14:00:00,-0.4208385,0,0
2012-08-22 15:00:00,-0.42975786,0,0
2012-08-22 16:00:00,-0.6386388,0,0
2012-08-22 17:00:00,-0.8157789,0,0
2012-08-22 18:00:00,-0.99713427,0,0
2012-08-22 19:00:00,-1.2136538,0,0
2012-08-22 20:00:00,-1.3590432,0,0
2012-08-22 21:00:00,-1.4358658,0,0
2012-08-22 22:00:00,-1.4497079,0,0
2012-08-22 23:00:00,-1.4473941,0,0
2012-08-23 00:00:00,-1.444908,0,0
2012-08-23 01:00:00,-1.5218596,0,0
2012-08-23 02:00:00,-1.6161252,0,0
2012-08-23 03:00:00,-1.7888178,0,0
2012-08-23 04:00:00,-1.8197196,0,0
2012-08-23 05:00:00,-1.9606023,0,0
2012-08-23 06:00:00,-2.059138,0,0
2012-08-23 07:00:00,-2.1434176,0,0
2012-08-23 08:00:00,-2.025889,0,0
2012-08-23 09:00:00,-1.9507891,0,0
2012-08-23 10:00:00,-1.8285229,0,0
2012-08-23 11:00:00,-1.869964,0,0
2012-08-23 12:00:00,-1.9646318,0,0
2012-08-23 13:00:00,-1.94449,0,0
2012-08-23 14:00:00,-1.9140943,0,0
2012-08-23 15:00:00,-2.1063309,0,0
2012-08-23 16:00:00,-2.252669,0,0
2012-08-23 17:00:00,-2.4628441,0,0
2012-08-23 18:00:00,-2.494451,0,0
2012-08-23 19:00:00,-2.5416806,0,0
2012-08-23 20:00:00,-2.5579264,0,0
2012-08-23 21:00:00,-2.543346,0,0
2012-08-23 22:00:00,-2.494728,0,0
2012-08-23 23:00:00,-2.3912444,0,0
2012-08-24 00:00:00,-2.314364,0,0
2012-08-24 01:00:00,-2.298933,0,0
2012-08-24 02:00:00,-2.2709057,0,0
2012-08-24 03:00:00,-2.287711,0,0
2012-08-24 04:00:00,-2.4729388,0,0
2012-08-24 05:00:00,-2.539702,0,0
2012-08-24 06:00:00,-2.5748785,0,0
2012-08-24 07:00:00,-2.52098,0,0
2012-08-24 08:00:00,-2.34568,0,0
2012-08-24 09:00:00,-2.2745645,0,0
2012-08-24 10:00:00,-2.2020042,0,0
2012-08-24 11:00:00,-2.0998535,0,0
2012-08-24 12:00:00,-1.9993628,0,0
2012-08-24 13:00:00,-1.9988923,0,0
2012-08-24 14:00:00,-1.9375783,0,0
2012-08-24 15:00:00,-1.974637,0,0
2012-08-24 16:00:00,-1.9260771,0,0
2012-08-24 17:00:00,-1.9853158,0,0
2012-08-24 18:00:00,-2.096125,0,0
2012-08-24 19:00:00,-2.1515353,0,0
2012-08-24 20:00:00,-2.1624184,0,0
2012-08-24 21:00:00,-2.186896,0,0
2012-08-24 22:00:00,-2.2327979,0,0
2012-08-24 23:00:00,-2.2690625,0,0
2012-08-25 00:00:00,-2.2792015,1,0
2012-08-25 01:00:00,-2.2791195,1,0
2012-08-25 02:00:00,-2.3012054,1,0
2012-08-25 03:00:00,-2.285125,1,0
2012-08-25 04:00:00,-2.3441951,1,0
2012-08-25 05:00:00,-2.3639715,1,0
2012-08-25 06:00:00,-2.3851416,1,0
2012-08-25 07:00:00,-2.3208618,1,0
2012-08-25 08:00:00,-2.0566323,1,0
2012-08-25 09:00:00,-1.7961986,1,0
2012-08-25 10:00:00,-1.6356784,1,0
2012-08-25 11:00:00,-1.5586082,1,0
2012-08-25 12:00:00,-1.4971368,1,0
2012-08-25 13:00:00,-1.4674097,1,0
2012-08-25 14:00:00,-1.4402542,1,0
2012-08-25 15:00:00,-1.3967872,1,0
2012-08-25 16:00:00,-1.2868599,1,0
2012-08-25 17:00:00,-1.4217268,1,0
2012-08-25 18:00:00,-1.5848687,1,0
2012-08-25 19:00:00,-1.6848577,1,0
2012-08-25 20:00:00,-1.7943901,1,0
2012-08-25 21:00:00,-1.8782862,1,0
2012-08-25 22:00:00,-1.9345695,1,0
2012-08-25 23:00:00,-1.9140424,1,0
2012-08-26 00:00:00,-1.9226815,1,0
2012-08-26 01:00:00,-1.9973235,1,0
2012-08-26 02:00:00,-2.1017163,1,0
2012-08-26 03:00:00,-2.2522528,1,0
2012-08-26 04:00:00,-2.443505,1,0
2012-08-26 05:00:00,-2.6380484,1,0
2012-08-26 06:00:00,-2.8045642,1,0
2012-08-26 07:00:00,-2.7869184,1,0
2012-08-26 08:00:00,-2.3781233,1,0
2012-08-26 09:00:00,-2.2886753,1,0
2012-08-26 10:00:00,-2.1801229,1,0
2012-08-26 11:00:00,-1.9936208,1,0
2012-08-26 12:00:00,-1.8787163,1,0
2012-08-26 13:00:00,-1.7791605,1,0
2012-08-26 14:00:00,-1.7819976,1,0
2012-08-26 15:00:00,-1.8423824,1,0
2012-08-26 16:00:00,-1.832453,1,0
2012-08-26 17:00:00,-1.9777689,1,0
2012-08-26 18:00:00,-2.1385744,1,0
2012-08-26 19:00:00,-2.218063,1,0
2012-08-26 20:00:00,-2.3726754,1,0
2012-08-26 21:00:00,-2.587717,1,0
2012-08-26 22:00:00,-2.7261546,1,0
2012-08-26 23:00:00,-2.820018,1,0
2012-08-27 00:00:00,-2.8672166,0,0
2012-08-27 01:00:00,-2.884003,0,0
2012-08-27 02:00:00,-2.9119923,0,0
2012-08-27 03:00:00,-2.924664,0,0
2012-08-27 04:00:00,-2.9772131,0,0
2012-08-27 05:00:00,-2.9251976,0,0
2012-08-27 06:00:00,-2.881172,0,0
2012-08-27 07:00:00,-2.7921603,0,0
2012-08-27 08:00:00,-2.4653933,0,0
2012-08-27 09:00:00,-2.0807998,0,0
2012-08-27 10:00:00,-1.7132685,0,0
2012-08-27 11:00:00,-1.5296952,0,0
2012-08-27 12:00:00,-1.4114364,0,0
2012-08-27 13:00:00,-1.2998049,0,0
2012-08-27 14:00:00,-1.2339466,0,0
2012-08-27 15:00:00,-1.213595,0,0
2012-08-27 16:00:00,-1.113004,0,0
2012-08-27 17:00:00,-1.2374265,0,0
2012-08-27 18:00:00,-1.4170443,0,0
2012-08-27 19:00:00,-1.5991945,0,0
2012-08-27 20:00:00,-1.7444115,0,0
2012-08-27 21:00:00,-1.8462716,0,0
2012-08-27 22:00:00,-1.9116248,0,0
2012-08-27 23:00:00,-1.9505985,0,0
2012-08-28 00:00:00,-1.989732,0,0
2012-08-28 01:00:00,-2.0184844,0,0
2012-08-28 02:00:00,-2.064374,0,0
2012-08-28 03:00:00,-2.1293788,0,0
2012-08-28 04:00:00,-2.1819634,0,0
2012-08-28 05:00:00,-2.2305622,0,0
2012-08-28 06:00:00,-2.2570052,0,0
2012-08-28 07:00:00,-2.1778028,0,0
2012-08-28 08:00:00,-1.8895346,0,0
2012-08-28 09:00:00,-1.5296955,0,0
2012-08-28 10:00:00,-1.3978888,0,0
2012-08-28 11:00:00,-1.2628443,0,0
2012-08-28 12:00:00,-1.094845,0,0
2012-08-28 13:00:00,-1.0263244,0,0
2012-08-28 14:00:00,-0.9512526,0,0
2012-08-28 15:00:00,-0.9169022,0,0
2012-08-28 16:00:00,-0.91588855,0,0
2012-08-28 17:00:00,-1.0435054,0,0
2012-08-28 18:00:00,-1.2412931,0,0
2012-08-28 19:00:00,-1.4255807,0,0
2012-08-28 20:00:00,-1.5811791,0,0
2012-08-28 21:00:00,-1.5935948,0,0
2012-08-28 22:00:00,-1.486058,0,0
2012-08-28 23:00:00,-1.3653365,0,0
2012-08-29 00:00:00,-1.3435715,0,0
2012-08-29 01:00:00,-1.41682,0,0
2012-08-29 02:00:00,-1.5435407,0,0
2012-08-29 03:00:00,-1.6361585,0,0
2012-08-29 04:00:00,-1.7830701,0,0
2012-08-29 05:00:00,-1.8681054,0,0
2012-08-29 06:00:00,-1.8751913,0,0
2012-08-29 07:00:00,-1.792776,0,0
2012-08-29 08:00:00,-1.659413,0,0
2012-08-29 09:00:00,-1.439668,0,0
2012-08-29 10:00:00,-1.123668,0,0
2012-08-29 11:00:00,-0.9291349,0,0
2012-08-29 12:00:00,-0.79941434,0,0
2012-08-29 13:00:00,-0.7660457,0,0
2012-08-29 14:00:00,-0.89968944,0,0
2012-08-29 15:00:00,-0.9881771,0,0
2012-08-29 16:00:00,-1.2732452,0,0
2012-08-29 17:00:00,-1.4681805,0,0
2012-08-29 18:00:00,-1.6393119,0,0
2012-08-29 19:00:00,-1.701573,0,0
2012-08-29 20:00:00,-1.7460817,0,0
2012-08-29 21:00:00,-1.802365,0,0
2012-08-29 22:00:00,-1.8620965,0,0
2012-08-29 23:00:00,-1.881951,0,0
2012-08-30 00:00:00,-1.9432528,0,0
2012-08-30 01:00:00,-2.0763197,0,0
2012-08-30 02:00:00,-2.1480029,0,0
2012-08-30 03:00:00,-2.2187655,0,0
2012-08-30 04:00:00,-2.235489,0,0
2012-08-30 05:00:00,-2.2722309,0,0
2012-08-30 06:00:00,-2.3200977,0,0
2012-08-30 07:00:00,-2.3387864,0,0
2012-08-30 08:00:00,-2.2401762,0,0
2012-08-30 09:00:00,-2.1559432,0,0
2012-08-30 10:00:00,-2.0377162,0,0
2012-08-30 11:00:00,-1.9856955,0,0
2012-08-30 12:00:00,-1.8597288,0,0
2012-08-30 13:00:00,-1.7998084,0,0
2012-08-30 14:00:00,-1.7825446,0,0
2012-08-30 15:00:00,-1.8042545,0,0
2012-08-30 16:00:00,-1.8715485,0,0
2012-08-30 17:00:00,-1.9546034,0,0
2012-08-30 18:00:00,-2.1005256,0,0
2012-08-30 19:00:00,-2.1959858,0,0
2012-08-30 20:00:00,-2.2734702,0,0
2012-08-30 21:00:00,-2.3215215,0,0
2012-08-30 22:00:00,-2.3577862,0,0
2012-08-30 23:00:00,-2.392403,0,0
2012-08-31 00:00:00,-2.388853,0,0
2012-08-31 01:00:00,-2.406238,0,0
2012-08-31 02:00:00,-2.3956146,0,0
2012-08-31 03:00:00,-2.3951182,0,0
2012-08-31 04:00:00,-2.3694122,0,0
2012-08-31 05:00:00,-2.3427784,0,0
2012-08-31 06:00:00,-2.337823,0,0
2012-08-31 07:00:00,-2.2224317,0,0
2012-08-31 08:00:00,-1.9529995,0,0
2012-08-31 09:00:00,-1.746515,0,0
2012-08-31 10:00:00,-1.6566044,0,0
2012-08-31 11:00:00,-1.5304025,0,0
2012-08-31 12:00:00,-1.4339123,0,0
2012-08-31 13:00:00,-1.3506845,0,0
2012-08-31 14:00:00,-1.3190701,0,0
2012-08-31 15:00:00,-1.3339604,0,0
2012-08-31 16:00:00,-1.4618315,0,0
2012-08-31 17:00:00,-1.5340275,0,0
2012-08-31 18:00:00,-1.6266376,0,0
2012-08-31 19:00:00,-1.7359588,0,0
2012-08-31 20:00:00,-1.7752767,0,0
2012-08-31 21:00:00,-1.894536,0,0
2012-08-31 22:00:00,-2.0090334,0,0
2012-08-31 23:00:00,-2.2720733,0,0
2012-09-01 00:00:00,-2.461739,1,0
2012-09-01 01:00:00,-2.6527328,1,0
2012-09-01 02:00:00,-2.8273985,1,0
2012-09-01 03:00:00,-2.8676522,1,0
2012-09-01 04:00:00,-2.9112136,1,0
2012-09-01 05:00:00,-2.8886778,1,0
2012-09-01 06:00:00,-2.8645763,1,0
2012-09-01 07:00:00,-2.7729065,1,0
2012-09-01 08:00:00,-2.4371517,1,0
2012-09-01 09:00:00,-2.0066028,1,0
2012-09-01 10:00:00,-1.6455121,1,0
2012-09-01 11:00:00,-1.3775505,1,0
2012-09-01 12:00:00,-1.1360583,1,0
2012-09-01 13:00:00,-0.9416699,1,0
2012-09-01 14:00:00,-0.8288992,1,0
2012-09-01 15:00:00,-0.81446993,1,0
2012-09-01 16:00:00,-0.7889874,1,0
2012-09-01 17:00:00,-0.87277824,1,0
2012-09-01 18:00:00,-1.1190528,1,0
2012-09-01 19:00:00,-1.4078662,1,0
2012-09-01 20:00:00,-1.5888418,1,0
2012-09-01 21:00:00,-1.6824698,1,0
2012-09-01 22:00:00,-1.7518435,1,0
2012-09-01 23:00:00,-1.828545,1,0
2012-09-02 00:00:00,-1.9037589,1,0
2012-09-02 01:00:00,-1.9864728,1,0
2012-09-02 02:00:00,-2.0766869,1,0
2012-09-02 03:00:00,-2.2004485,1,0
2012-09-02 04:00:00,-2.3461118,1,0
2012-09-02 05:00:00,-2.4577546,1,0
2012-09-02 06:00:00,-2.5248187,1,0
2012-09-02 07:00:00,-2.423034,1,0
2012-09-02 08:00:00,-1.9886447,1,0
2012-09-02 09:00:00,-1.592992,1,0
2012-09-02 10:00:00,-1.2032881,1,0
2012-09-02 11:00:00,-0.89980924,1,0
2012-09-02 12:00:00,-0.6654177,1,0
2012-09-02 13:00:00,-0.533661,1,0
2012-09-02 14:00:00,-0.48985243,1,0
2012-09-02 15:00:00,-0.4911672,1,0
2012-09-02 16:00:00,-0.42678633,1,0
2012-09-02 17:00:00,-0.5036446,1,0
2012-09-02 18:00:00,-0.7310496,1,0
2012-09-02 19:00:00,-1.2035685,1,0
2012-09-02 20:00:00,-1.4573975,1,0
2012-09-02 21:00:00,-1.6257453,1,0
2012-09-02 22:00:00,-1.7462115,1,0
2012-09-02 23:00:00,-1.8635303,1,0
2012-09-03 00:00:00,-1.9874493,0,0
2012-09-03 01:00:00,-2.131959,0,0
2012-09-03 02:00:00,-2.2870097,0,0
2012-09-03 03:00:00,-2.3879225,0,0
2012-09-03 04:00:00,-2.4460888,0,0
2012-09-03 05:00:00,-2.4971502,0,0
2012-09-03 06:00:00,-2.527798,0,0
2012-09-03 07:00:00,-2.3604999,0,0
2012-09-03 08:00:00,-1.894368,0,0
2012-09-03 09:00:00,-1.54814,0,0
2012-09-03 10:00:00,-1.2734525,0,0
2012-09-03 11:00:00,-1.0184393,0,0
2012-09-03 12:00:00,-0.79107016,0,0
2012-09-03 13:00:00,-0.6732336,0,0
2012-09-03 14:00:00,-0.6576053,0,0
2012-09-03 15:00:00,-0.683037,0,0
2012-09-03 16:00:00,-0.35237378,0,0
2012-09-03 17:00:00,-0.48975337,0,0
2012-09-03 18:00:00,-0.7553415,0,0
2012-09-03 19:00:00,-0.95703304,0,0
2012-09-03 20:00:00,-1.1135473,0,0
2012-09-03 21:00:00,-1.1738043,0,0
2012-09-03 22:00:00,-1.1898781,0,0
2012-09-03 23:00:00,-1.2239931,0,0
2012-09-04 00:00:00,-1.3307772,0,0
2012-09-04 01:00:00,-1.5515014,0,0
2012-09-04 02:00:00,-1.7732236,0,0
2012-09-04 03:00:00,-1.8937597,0,0
2012-09-04 04:00:00,-1.8898026,0,0
2012-09-04 05:00:00,-1.9205323,0,0
2012-09-04 06:00:00,-1.9269564,0,0
2012-09-04 07:00:00,-1.7718596,0,0
2012-09-04 08:00:00,-1.3963053,0,0
2012-09-04 09:00:00,-0.92323124,0,0
2012-09-04 10:00:00,-0.6086004,0,0
2012-09-04 11:00:00,-0.36380067,0,0
2012-09-04 12:00:00,-0.15240334,0,0
2012-09-04 13:00:00,-0.0049968893,0,0
2012-09-04 14:00:00,0.07234304,0,0
2012-09-04 15:00:00,0.13209465,0,0
2012-09-04 16:00:00,0.13214459,0,0
2012-09-04 17:00:00,-0.16408575,0,0
2012-09-04 18:00:00,-0.50391287,0,0
2012-09-04 19:00:00,-0.7982022,0,0
2012-09-04 20:00:00,-1.0250643,0,0
2012-09-04 21:00:00,-1.1677877,0,0
2012-09-04 22:00:00,-1.2234136,0,0
2012-09-04 23:00:00,-1.2351105,0,0
2012-09-05 00:00:00,-1.2074972,0,0
2012-09-05 01:00:00,-1.0918974,0,0
2012-09-05 02:00:00,-0.863648,0,0
2012-09-05 03:00:00,-0.573862,0,0
2012-09-05 04:00:00,-0.625456,0,0
2012-09-05 05:00:00,-0.809075,0,0
2012-09-05 06:00:00,-0.99366105,0,0
2012-09-05 07:00:00,-1.0459869,0,0
2012-09-05 08:00:00,-1.1245837,0,0
2012-09-05 09:00:00,-1.140725,0,0
2012-09-05 10:00:00,-0.8277324,0,0
2012-09-05 11:00:00,-0.6109568,0,0
2012-09-05 12:00:00,-0.58122087,0,0
2012-09-05 13:00:00,-0.67481685,0,0
2012-09-05 14:00:00,-0.68876016,0,0
2012-09-05 15:00:00,-0.66070074,0,0
2012-09-05 16:00:00,-0.75232285,0,0
2012-09-05 17:00:00,-0.8180715,0,0
2012-09-05 18:00:00,-0.86849207,0,0
2012-09-05 19:00:00,-0.91326696,0,0
2012-09-05 20:00:00,-0.95992494,0,0
2012-09-05 21:00:00,-1.01521,0,0
2012-09-05 22:00:00,-1.0533576,0,0
2012-09-05 23:00:00,-1.0936424,0,0
2012-09-06 00:00:00,-1.1565098,0,0
2012-09-06 01:00:00,-1.1916039,0,0
2012-09-06 02:00:00,-1.2295793,0,0
2012-09-06 03:00:00,-1.2995204,0,0
2012-09-06 04:00:00,-1.3117969,0,0
2012-09-06 05:00:00,-1.3580161,0,0
2012-09-06 06:00:00,-1.37243,0,0
2012-09-06 07:00:00,-1.3025331,0,0
2012-09-06 08:00:00,-1.1675884,0,0
2012-09-06 09:00:00,-1.0443119,0,0
2012-09-06 10:00:00,-0.8699426,0,0
2012-09-06 11:00:00,-0.72386736,0,0
2012-09-06 12:00:00,-0.58251756,0,0
2012-09-06 13:00:00,-0.58214116,0,0
2012-09-06 14:00:00,-0.8084908,0,0
2012-09-06 15:00:00,-1.1545552,0,0
2012-09-06 16:00:00,-1.3861201,0,0
2012-09-06 17:00:00,-1.5089556,0,0
2012-09-06 18:00:00,-1.5810117,0,0
2012-09-06 19:00:00,-1.5911627,0,0
2012-09-06 20:00:00,-1.6263512,0,0
2012-09-06 21:00:00,-1.6956428,0,0
2012-09-06 22:00:00,-1.8006028,0,0
2012-09-06 23:00:00,-1.8439407,0,0
2012-09-07 00:00:00,-1.9406568,0,0
2012-09-07 01:00:00,-1.990579,0,0
2012-09-07 02:00:00,-2.0457087,0,0
2012-09-07 03:00:00,-2.1201906,0,0
2012-09-07 04:00:00,-2.0965276,0,0
2012-09-07 05:00:00,-2.1196752,0,0
2012-09-07 06:00:00,-2.2007415,0,0
2012-09-07 07:00:00,-2.1206517,0,0
2012-09-07 08:00:00,-2.0013733,0,0
2012-09-07 09:00:00,-1.8851583,0,0
2012-09-07 10:00:00,-1.7917022,0,0
2012-09-07 11:00:00,-1.7343066,0,0
2012-09-07 12:00:00,-1.6790215,0,0
2012-09-07 13:00:00,-1.5539874,0,0
2012-09-07 14:00:00,-1.5299673,0,0
2012-09-07 15:00:00,-1.471508,0,0
2012-09-07 16:00:00,-1.4332393,0,0
2012-09-07 17:00:00,-1.4480718,0,0
2012-09-07 18:00:00,-1.5220567,0,0
2012-09-07 19:00:00,-1.559758,0,0
2012-09-07 20:00:00,-1.6202648,0,0
2012-09-07 21:00:00,-1.6728451,0,0
2012-09-07 22:00:00,-1.7291284,0,0
2012-09-07 23:00:00,-1.7447125,0,0
2012-09-08 00:00:00,-1.7762637,1,0
2012-09-08 01:00:00,-1.7920709,1,0
2012-09-08 02:00:00,-1.7753286,1,0
2012-09-08 03:00:00,-1.786767,1,0
2012-09-08 04:00:00,-1.7585164,1,0
2012-09-08 05:00:00,-1.7946866,1,0
2012-09-08 06:00:00,-1.7840511,1,0
2012-09-08 07:00:00,-1.6854018,1,0
2012-09-08 08:00:00,-1.5537525,1,0
2012-09-08 09:00:00,-1.4036889,1,0
2012-09-08 10:00:00,-1.3110814,1,0
2012-09-08 11:00:00,-1.2466198,1,0
2012-09-08 12:00:00,-1.1571478,1,0
2012-09-08 13:00:00,-1.1563987,1,0
2012-09-08 14:00:00,-1.1943178,1,0
2012-09-08 15:00:00,-1.2394482,1,0
2012-09-08 16:00:00,-1.2383525,1,0
2012-09-08 17:00:00,-1.3275138,1,0
2012-09-08 18:00:00,-1.4399827,1,0
2012-09-08 19:00:00,-1.5520129,1,0
2012-09-08 20:00:00,-1.6719384,1,0
2012-09-08 21:00:00,-1.7289656,1,0
2012-09-08 22:00:00,-1.8052675,1,0
2012-09-08 23:00:00,-1.8525628,1,0
2012-09-09 00:00:00,-1.9034013,1,0
2012-09-09 01:00:00,-1.950047,1,0
2012-09-09 02:00:00,-1.9754095,1,0
2012-09-09 03:00:00,-2.0433853,1,0
2012-09-09 04:00:00,-2.1538966,1,0
2012-09-09 05:00:00,-2.2228992,1,0
2012-09-09 06:00:00,-2.2360547,1,0
2012-09-09 07:00:00,-2.104542,1,0
2012-09-09 08:00:00,-1.7467906,1,0
2012-09-09 09:00:00,-1.545245,1,0
2012-09-09 10:00:00,-1.3350214,1,0
2012-09-09 11:00:00,-1.0620247,1,0
2012-09-09 12:00:00,-0.80992824,1,0
2012-09-09 13:00:00,-0.6540666,1,0
2012-09-09 14:00:00,-0.59059995,1,0
2012-09-09 15:00:00,-0.6115504,1,0
2012-09-09 16:00:00,-0.58617437,1,0
2012-09-09 17:00:00,-0.7245887,1,0
2012-09-09 18:00:00,-0.9789471,1,0
2012-09-09 19:00:00,-1.1816567,1,0
2012-09-09 20:00:00,-1.5107428,1,0
2012-09-09 21:00:00,-1.7788134,1,0
2012-09-09 22:00:00,-1.9700736,1,0
2012-09-09 23:00:00,-2.1311567,1,0
2012-09-10 00:00:00,-2.2914839,0,0
2012-09-10 01:00:00,-2.4359071,0,0
2012-09-10 02:00:00,-2.5587459,0,0
2012-09-10 03:00:00,-2.6327357,0,0
2012-09-10 04:00:00,-2.766149,0,0
2012-09-10 05:00:00,-2.8191876,0,0
2012-09-10 06:00:00,-2.8841732,0,0
2012-09-10 07:00:00,-2.6083221,0,0
2012-09-10 08:00:00,-1.9304274,0,0
2012-09-10 09:00:00,-1.4777983,0,0
2012-09-10 10:00:00,-0.9907636,0,0
2012-09-10 11:00:00,-0.70893925,0,0
2012-09-10 12:00:00,-0.5506843,0,0
2012-09-10 13:00:00,-0.47635686,0,0
2012-09-10 14:00:00,-0.4218493,0,0
2012-09-10 15:00:00,-0.4132093,0,0
2012-09-10 16:00:00,-0.3633511,0,0
2012-09-10 17:00:00,-0.4628863,0,0
2012-09-10 18:00:00,-0.6864494,0,0
2012-09-10 19:00:00,-0.99553144,0,0
2012-09-10 20:00:00,-1.307529,0,0
2012-09-10 21:00:00,-1.5511054,0,0
2012-09-10 22:00:00,-1.720103,0,0
2012-09-10 23:00:00,-1.8562189,0,0
2012-09-11 00:00:00,-1.9608591,0,0
2012-09-11 01:00:00,-2.0345316,0,0
2012-09-11 02:00:00,-2.0909722,0,0
2012-09-11 03:00:00,-2.1774642,0,0
2012-09-11 04:00:00,-2.2687352,0,0
2012-09-11 05:00:00,-2.2737634,0,0
2012-09-11 06:00:00,-2.2841425,0,0
2012-09-11 07:00:00,-2.0429482,0,0
2012-09-11 08:00:00,-1.4787433,0,0
2012-09-11 09:00:00,-0.9837838,0,0
2012-09-11 10:00:00,-0.6724097,0,0
2012-09-11 11:00:00,-0.39922863,0,0
2012-09-11 12:00:00,-0.20948552,0,0
2012-09-11 13:00:00,-0.09857359,0,0
2012-09-11 14:00:00,-0.045730527,0,0
2012-09-11 15:00:00,-0.028279068,0,0
2012-09-11 16:00:00,0.10760053,0,0
2012-09-11 17:00:00,0.078437306,0,0
2012-09-11 18:00:00,-0.26838592,0,0
2012-09-11 19:00:00,-0.6529793,0,0
2012-09-11 20:00:00,-0.9130135,0,0
2012-09-11 21:00:00,-1.0225143,0,0
2012-09-11 22:00:00,-1.0278625,0,0
2012-09-11 23:00:00,-1.0583258,0,0
2012-09-12 00:00:00,-1.1280824,0,0
2012-09-12 01:00:00,-1.2447271,0,0
2012-09-12 02:00:00,-1.3988767,0,0
2012-09-12 03:00:00,-1.6002316,0,0
2012-09-12 04:00:00,-1.7439221,0,0
2012-09-12 05:00:00,-1.8660239,0,0
2012-09-12 06:00:00,-1.8822573,0,0
2012-09-12 07:00:00,-1.6122227,0,0
2012-09-12 08:00:00,-1.1815977,0,0
2012-09-12 09:00:00,-0.8724662,0,0
2012-09-12 10:00:00,-0.6589902,0,0
2012-09-12 11:00:00,-0.42983595,0,0
2012-09-12 12:00:00,-0.24435653,0,0
2012-09-12 13:00:00,-0.04504262,0,0
2012-09-12 14:00:00,-0.050873227,0,0
2012-09-12 15:00:00,-0.22591086,0,0
2012-09-12 16:00:00,-0.3210967,0,0
2012-09-12 17:00:00,-0.5105871,0,0
2012-09-12 18:00:00,-0.7144791,0,0
2012-09-12 19:00:00,-0.9033709,0,0
2012-09-12 20:00:00,-1.1149861,0,0
2012-09-12 21:00:00,-1.2937976,0,0
2012-09-12 22:00:00,-1.4417826,0,0
2012-09-12 23:00:00,-1.6082207,0,0
2012-09-13 00:00:00,-1.7456523,0,0
2012-09-13 01:00:00,-1.832653,0,0
2012-09-13 02:00:00,-1.906137,0,0
2012-09-13 03:00:00,-1.9901742,0,0
2012-09-13 04:00:00,-2.0371375,0,0
2012-09-13 05:00:00,-2.09274,0,0
2012-09-13 06:00:00,-2.1292276,0,0
2012-09-13 07:00:00,-2.0166354,0,0
2012-09-13 08:00:00,-1.9123014,0,0
2012-09-13 09:00:00,-1.8186811,0,0
2012-09-13 10:00:00,-1.6830338,0,0
2012-09-13 11:00:00,-1.5709915,0,0
2012-09-13 12:00:00,-1.419537,0,0
2012-09-13 13:00:00,-1.3414298,0,0
2012-09-13 14:00:00,-1.3320657,0,0
2012-09-13 15:00:00,-1.3224595,0,0
2012-09-13 16:00:00,-1.2369362,0,0
2012-09-13 17:00:00,-1.3107922,0,0
2012-09-13 18:00:00,-1.4372286,0,0
2012-09-13 19:00:00,-1.5032989,0,0
2012-09-13 20:00:00,-1.5311085,0,0
2012-09-13 21:00:00,-1.5428252,0,0
2012-09-13 22:00:00,-1.5523927,0,0
2012-09-13 23:00:00,-1.5198364,0,0
2012-09-14 00:00:00,-1.5060652,0,0
2012-09-14 01:00:00,-1.5540102,0,0
2012-09-14 02:00:00,-1.5488005,0,0
2012-09-14 03:00:00,-1.560161,0,0
2012-09-14 04:00:00,-1.5358409,0,0
2012-09-14 05:00:00,-1.6124481,0,0
2012-09-14 06:00:00,-1.7059697,0,0
2012-09-14 07:00:00,-1.6719179,0,0
2012-09-14 08:00:00,-1.6541142,0,0
2012-09-14 09:00:00,-1.519606,0,0
2012-09-14 10:00:00,-1.3632618,0,0
2012-09-14 11:00:00,-1.2232767,0,0
2012-09-14 12:00:00,-1.1749078,0,0
2012-09-14 13:00:00,-1.1196884,0,0
2012-09-14 14:00:00,-1.1079327,0,0
2012-09-14 15:00:00,-1.1336939,0,0
2012-09-14 16:00:00,-1.0668904,0,0
2012-09-14 17:00:00,-1.1471584,0,0
2012-09-14 18:00:00,-1.2250347,0,0
2012-09-14 19:00:00,-1.2686704,0,0
2012-09-14 20:00:00,-1.2643256,0,0
2012-09-14 21:00:00,-1.3196584,0,0
2012-09-14 22:00:00,-1.4038213,0,0
2012-09-14 23:00:00,-1.4793916,0,0
2012-09-15 00:00:00,-1.565343,1,0
2012-09-15 01:00:00,-1.6705694,1,0
2012-09-15 02:00:00,-1.715301,1,0
2012-09-15 03:00:00,-1.7600328,1,0
2012-09-15 04:00:00,-1.8547999,1,0
2012-09-15 05:00:00,-1.8633137,1,0
2012-09-15 06:00:00,-1.8067571,1,0
2012-09-15 07:00:00,-1.5751716,1,0
2012-09-15 08:00:00,-1.3195962,1,0
2012-09-15 09:00:00,-1.1077801,1,0
2012-09-15 10:00:00,-0.9133171,1,0
2012-09-15 11:00:00,-0.7225569,1,0
2012-09-15 12:00:00,-0.5356248,1,0
2012-09-15 13:00:00,-0.42223942,1,0
2012-09-15 14:00:00,-0.37260258,1,0
2012-09-15 15:00:00,-0.33657253,1,0
2012-09-15 16:00:00,-0.41424018,1,0
2012-09-15 17:00:00,-0.58034974,1,0
2012-09-15 18:00:00,-0.76404333,1,0
2012-09-15 19:00:00,-0.88013715,1,0
2012-09-15 20:00:00,-0.94972616,1,0
2012-09-15 21:00:00,-1.0323069,1,0
2012-09-15 22:00:00,-1.1242708,1,0
2012-09-15 23:00:00,-1.2305732,1,0
2012-09-16 00:00:00,-1.3276498,1,0
2012-09-16 01:00:00,-1.349115,1,0
2012-09-16 02:00:00,-1.4676158,1,0
2012-09-16 03:00:00,-1.5573932,1,0
2012-09-16 04:00:00,-1.8613435,1,0
2012-09-16 05:00:00,-2.0759645,1,0
2012-09-16 06:00:00,-2.181254,1,0
2012-09-16 07:00:00,-1.758065,1,0
2012-09-16 08:00:00,-1.1673123,1,0
2012-09-16 09:00:00,-0.9966217,1,0
2012-09-16 10:00:00,-0.76908845,1,0
2012-09-16 11:00:00,-0.5923614,1,0
2012-09-16 12:00:00,-0.52461123,1,0
2012-09-16 13:00:00,-0.4708165,1,0
2012-09-16 14:00:00,-0.4401881,1,0
2012-09-16 15:00:00,-0.5006673,1,0
2012-09-16 16:00:00,-0.5882943,1,0
2012-09-16 17:00:00,-0.72117364,1,0
2012-09-16 18:00:00,-0.9244085,1,0
2012-09-16 19:00:00,-1.090095,1,0
2012-09-16 20:00:00,-1.2347525,1,0
2012-09-16 21:00:00,-1.3633174,1,0
2012-09-16 22:00:00,-1.4833839,1,0
2012-09-16 23:00:00,-1.594717,1,0
2012-09-17 00:00:00,-1.6907954,0,0
2012-09-17 01:00:00,-1.7882675,0,0
2012-09-17 02:00:00,-1.9286704,0,0
2012-09-17 03:00:00,-2.0386608,0,0
2012-09-17 04:00:00,-2.0366333,0,0
2012-09-17 05:00:00,-1.9970545,0,0
2012-09-17 06:00:00,-1.9254152,0,0
2012-09-17 07:00:00,-1.7706238,0,0
2012-09-17 08:00:00,-1.5805739,0,0
2012-09-17 09:00:00,-1.4078091,0,0
2012-09-17 10:00:00,-1.2412436,0,0
2012-09-17 11:00:00,-1.0711395,0,0
2012-09-17 12:00:00,-0.967881,0,0
2012-09-17 13:00:00,-0.9666199,0,0
2012-09-17 14:00:00,-1.0886161,0,0
2012-09-17 15:00:00,-1.150329,0,0
2012-09-17 16:00:00,-1.1708727,0,0
2012-09-17 17:00:00,-1.2563435,0,0
2012-09-17 18:00:00,-1.3641545,0,0
2012-09-17 19:00:00,-1.4942505,0,0
2012-09-17 20:00:00,-1.5819561,0,0
2012-09-17 21:00:00,-1.726093,0,0
2012-09-17 22:00:00,-1.8565408,0,0
2012-09-17 23:00:00,-2.0212638,0,0
2012-09-18 00:00:00,-2.1940584,0,0
2012-09-18 01:00:00,-2.4162083,0,0
2012-09-18 02:00:00,-2.5559616,0,0
2012-09-18 03:00:00,-2.7060015,0,0
2012-09-18 04:00:00,-2.740032,0,0
2012-09-18 05:00:00,-2.8679385,0,0
2012-09-18 06:00:00,-2.938115,0,0
2012-09-18 07:00:00,-2.360112,0,0
2012-09-18 08:00:00,-1.6606265,0,0
2012-09-18 09:00:00,-1.3836803,0,0
2012-09-18 10:00:00,-1.1206489,0,0
2012-09-18 11:00:00,-0.8931344,0,0
2012-09-18 12:00:00,-0.80375344,0,0
2012-09-18 13:00:00,-0.6993167,0,0
2012-09-18 14:00:00,-0.7370992,0,0
2012-09-18 15:00:00,-0.7338072,0,0
2012-09-18 16:00:00,-0.7466056,0,0
2012-09-18 17:00:00,-0.82541674,0,0
2012-09-18 18:00:00,-1.0624491,0,0
2012-09-18 19:00:00,-1.2808906,0,0
2012-09-18 20:00:00,-1.4543782,0,0
2012-09-18 21:00:00,-1.588388,0,0
2012-09-18 22:00:00,-1.6892619,0,0
2012-09-18 23:00:00,-1.7844243,0,0
2012-09-19 00:00:00,-1.8523226,0,0
2012-09-19 01:00:00,-1.9171671,0,0
2012-09-19 02:00:00,-1.9656181,0,0
2012-09-19 03:00:00,-1.9834027,0,0
2012-09-19 04:00:00,-1.9698877,0,0
2012-09-19 05:00:00,-1.9921069,0,0
2012-09-19 06:00:00,-1.9964448,0,0
2012-09-19 07:00:00,-1.8757728,0,0
2012-09-19 08:00:00,-1.6876101,0,0
2012-09-19 09:00:00,-1.4565047,0,0
2012-09-19 10:00:00,-1.0803663,0,0
2012-09-19 11:00:00,-0.7853774,0,0
2012-09-19 12:00:00,-0.555346,0,0
2012-09-19 13:00:00,-0.36436257,0,0
2012-09-19 14:00:00,-0.27498156,0,0
2012-09-19 15:00:00,-0.22202496,0,0
2012-09-19 16:00:00,0.08029335,0,0
2012-09-19 17:00:00,-0.08283874,0,0
2012-09-19 18:00:00,-0.4019646,0,0
2012-09-19 19:00:00,-0.57275426,0,0
2012-09-19 20:00:00,-0.7033034,0,0
2012-09-19 21:00:00,-0.81217384,0,0
2012-09-19 22:00:00,-0.9158537,0,0
2012-09-19 23:00:00,-0.99991,0,0
2012-09-20 00:00:00,-1.0432673,0,0
2012-09-20 01:00:00,-1.0722859,0,0
2012-09-20 02:00:00,-1.0819355,0,0
2012-09-20 03:00:00,-1.0854739,0,0
2012-09-20 04:00:00,-0.9531499,0,0
2012-09-20 05:00:00,-1.0363023,0,0
2012-09-20 06:00:00,-1.1023175,0,0
2012-09-20 07:00:00,-0.90870976,0,0
2012-09-20 08:00:00,-0.573254,0,0
2012-09-20 09:00:00,-0.31889826,0,0
2012-09-20 10:00:00,-0.11600257,0,0
2012-09-20 11:00:00,0.08257537,0,0
2012-09-20 12:00:00,0.2485604,0,0
2012-09-20 13:00:00,0.36381668,0,0
2012-09-20 14:00:00,0.39565453,0,0
2012-09-20 15:00:00,0.32734308,0,0
2012-09-20 16:00:00,0.17365177,0,0
2012-09-20 17:00:00,-0.02917115,0,0
2012-09-20 18:00:00,-0.3223966,0,0
2012-09-20 19:00:00,-0.5553507,0,0
2012-09-20 20:00:00,-0.72200423,0,0
2012-09-20 21:00:00,-0.88460624,0,0
2012-09-20 22:00:00,-0.9720457,0,0
2012-09-20 23:00:00,-1.0485829,0,0
2012-09-21 00:00:00,-1.1341078,0,0
2012-09-21 01:00:00,-1.2069422,0,0
2012-09-21 02:00:00,-1.265598,0,0
2012-09-21 03:00:00,-1.324254,0,0
2012-09-21 04:00:00,-1.3349769,0,0
2012-09-21 05:00:00,-1.4634984,0,0
2012-09-21 06:00:00,-1.5386423,0,0
2012-09-21 07:00:00,-1.121388,0,0
2012-09-21 08:00:00,-0.80070484,0,0
2012-09-21 09:00:00,-0.6011532,0,0
2012-09-21 10:00:00,-0.35112977,0,0
2012-09-21 11:00:00,-0.11485083,0,0
2012-09-21 12:00:00,0.069040015,0,0
2012-09-21 13:00:00,0.16916311,0,0
2012-09-21 14:00:00,0.2154101,0,0
2012-09-21 15:00:00,0.19157869,0,0
2012-09-21 16:00:00,0.22642004,0,0
2012-09-21 17:00:00,0.08969976,0,0
2012-09-21 18:00:00,-0.22311032,0,0
2012-09-21 19:00:00,-0.5204338,0,0
2012-09-21 20:00:00,-0.7885358,0,0
2012-09-21 21:00:00,-1.0157349,0,0
2012-09-21 22:00:00,-1.192993,0,0
2012-09-21 23:00:00,-1.315863,0,0
2012-09-22 00:00:00,-1.3820354,1,0
2012-09-22 01:00:00,-1.3886292,1,0
2012-09-22 02:00:00,-1.372706,1,0
2012-09-22 03:00:00,-1.3644431,1,0
2012-09-22 04:00:00,-1.414843,1,0
2012-09-22 05:00:00,-1.4252051,1,0
2012-09-22 06:00:00,-1.4127496,1,0
2012-09-22 07:00:00,-1.197953,1,0
2012-09-22 08:00:00,-0.82606256,1,0
2012-09-22 09:00:00,-0.4280225,1,0
2012-09-22 10:00:00,-0.081081636,1,0
2012-09-22 11:00:00,0.21112242,1,0
2012-09-22 12:00:00,0.43991926,1,0
2012-09-22 13:00:00,0.61148584,1,0
2012-09-22 14:00:00,0.7696566,1,0
2012-09-22 15:00:00,0.8637344,1,0
2012-09-22 16:00:00,0.92369545,1,0
2012-09-22 17:00:00,0.780432,1,0
2012-09-22 18:00:00,0.525354,1,0
2012-09-22 19:00:00,0.307652,1,0
2012-09-22 20:00:00,0.02172026,1,0
2012-09-22 21:00:00,-0.23250194,1,0
2012-09-22 22:00:00,-0.37459567,1,0
2012-09-22 23:00:00,-0.5251609,1,0
2012-09-23 00:00:00,-0.6826112,1,0
2012-09-23 01:00:00,-0.8345535,1,0
2012-09-23 02:00:00,-0.9936638,1,0
2012-09-23 03:00:00,-1.208955,1,0
2012-09-23 04:00:00,-1.4191378,1,0
2012-09-23 05:00:00,-1.4830621,1,0
2012-09-23 06:00:00,-1.5284555,1,0
2012-09-23 07:00:00,-1.4505378,1,0
2012-09-23 08:00:00,-1.3526937,1,0
2012-09-23 09:00:00,-1.239532,1,0
2012-09-23 10:00:00,-1.0639538,1,0
2012-09-23 11:00:00,-0.9939263,1,0
2012-09-23 12:00:00,-0.9016794,1,0
2012-09-23 13:00:00,-0.85650486,1,0
2012-09-23 14:00:00,-0.8639418,1,0
2012-09-23 15:00:00,-0.85803837,1,0
2012-09-23 16:00:00,-0.93942904,1,0
2012-09-23 17:00:00,-1.0703942,1,0
2012-09-23 18:00:00,-1.218638,1,0
2012-09-23 19:00:00,-1.3383526,1,0
2012-09-23 20:00:00,-1.4490479,1,0
2012-09-23 21:00:00,-1.5470408,1,0
2012-09-23 22:00:00,-1.6401604,1,0
2012-09-23 23:00:00,-1.7311304,1,0
2012-09-24 00:00:00,-1.826293,0,0
2012-09-24 01:00:00,-1.89699,0,0
2012-09-24 02:00:00,-1.9980869,0,0
2012-09-24 03:00:00,-2.0841837,0,0
2012-09-24 04:00:00,-2.1967936,0,0
2012-09-24 05:00:00,-2.2342482,0,0
2012-09-24 06:00:00,-2.2476637,0,0
2012-09-24 07:00:00,-2.1296966,0,0
2012-09-24 08:00:00,-2.01518,0,0
2012-09-24 09:00:00,-1.9168077,0,0
2012-09-24 10:00:00,-1.7798448,0,0
2012-09-24 11:00:00,-1.5005684,0,0
2012-09-24 12:00:00,-1.399588,0,0
2012-09-24 13:00:00,-1.2443795,0,0
2012-09-24 14:00:00,-1.1769902,0,0
2012-09-24 15:00:00,-1.1948682,0,0
2012-09-24 16:00:00,-1.2281072,0,0
2012-09-24 17:00:00,-1.3550684,0,0
2012-09-24 18:00:00,-1.51261,0,0
2012-09-24 19:00:00,-1.6811388,0,0
2012-09-24 20:00:00,-1.8623152,0,0
2012-09-24 21:00:00,-2.002921,0,0
2012-09-24 22:00:00,-2.1051064,0,0
2012-09-24 23:00:00,-2.2094288,0,0
2012-09-25 00:00:00,-2.298751,0,0
2012-09-25 01:00:00,-2.3663948,0,0
2012-09-25 02:00:00,-2.4392292,0,0
2012-09-25 03:00:00,-2.4911287,0,0
2012-09-25 04:00:00,-2.5763874,0,0
2012-09-25 05:00:00,-2.6066086,0,0
2012-09-25 06:00:00,-2.5953865,0,0
2012-09-25 07:00:00,-2.3394644,0,0
2012-09-25 08:00:00,-1.9429872,0,0
2012-09-25 09:00:00,-1.5029832,0,0
2012-09-25 10:00:00,-1.0934763,0,0
2012-09-25 11:00:00,-0.7971922,0,0
2012-09-25 12:00:00,-0.57273096,0,0
2012-09-25 13:00:00,-0.38277698,0,0
2012-09-25 14:00:00,-0.2610186,0,0
2012-09-25 15:00:00,-0.21793133,0,0
2012-09-25 16:00:00,-0.33063126,0,0
2012-09-25 17:00:00,-0.3674832,0,0
2012-09-25 18:00:00,-0.453729,0,0
2012-09-25 19:00:00,-0.900248,0,0
2012-09-25 20:00:00,-1.1273165,0,0
2012-09-25 21:00:00,-1.2306764,0,0
2012-09-25 22:00:00,-1.3260974,0,0
2012-09-25 23:00:00,-1.448771,0,0
2012-09-26 00:00:00,-1.56551,0,0
2012-09-26 01:00:00,-1.6310865,0,0
2012-09-26 02:00:00,-1.6697935,0,0
2012-09-26 03:00:00,-1.7020767,0,0
2012-09-26 04:00:00,-1.7402164,0,0
2012-09-26 05:00:00,-1.7724994,0,0
2012-09-26 06:00:00,-1.6940413,0,0
2012-09-26 07:00:00,-1.3841065,0,0
2012-09-26 08:00:00,-0.88881075,0,0
2012-09-26 09:00:00,-0.41429222,0,0
2012-09-26 10:00:00,-0.024154149,0,0
2012-09-26 11:00:00,0.27933258,0,0
2012-09-26 12:00:00,0.49972996,0,0
2012-09-26 13:00:00,0.6754156,0,0
2012-09-26 14:00:00,0.8275739,0,0
2012-09-26 15:00:00,0.9469674,0,0
2012-09-26 16:00:00,0.99250156,0,0
2012-09-26 17:00:00,0.77630293,0,0
2012-09-26 18:00:00,0.46557203,0,0
2012-09-26 19:00:00,0.27626145,0,0
2012-09-26 20:00:00,0.16546321,0,0
2012-09-26 21:00:00,-0.05919151,0,0
2012-09-26 22:00:00,-0.31389734,0,0
2012-09-26 23:00:00,-0.49774542,0,0
2012-09-27 00:00:00,-0.6326523,0,0
2012-09-27 01:00:00,-0.7511366,0,0
2012-09-27 02:00:00,-0.8968079,0,0
2012-09-27 03:00:00,-1.0462928,0,0
2012-09-27 04:00:00,-0.89794415,0,0
2012-09-27 05:00:00,-1.0094346,0,0
2012-09-27 06:00:00,-1.2769287,0,0
2012-09-27 07:00:00,-0.6696424,0,0
2012-09-27 08:00:00,-0.00260011,0,0
2012-09-27 09:00:00,0.2936108,0,0
2012-09-27 10:00:00,0.59943235,0,0
2012-09-27 11:00:00,0.8742895,0,0
2012-09-27 12:00:00,1.0990682,0,0
2012-09-27 13:00:00,1.2708741,0,0
2012-09-27 14:00:00,1.3582978,0,0
2012-09-27 15:00:00,1.3852804,0,0
2012-09-27 16:00:00,1.4472588,0,0
2012-09-27 17:00:00,1.3449548,0,0
2012-09-27 18:00:00,1.2788877,0,0
2012-09-27 19:00:00,0.8814614,0,0
2012-09-27 20:00:00,0.4867697,0,0
2012-09-27 21:00:00,0.15272652,0,0
2012-09-27 22:00:00,0.06494282,0,0
2012-09-27 23:00:00,-0.17246549,0,0
2012-09-28 00:00:00,-0.2587957,0,0
2012-09-28 01:00:00,-0.3270069,0,0
2012-09-28 02:00:00,-0.3208812,0,0
2012-09-28 03:00:00,-0.2949882,0,0
2012-09-28 04:00:00,-0.30862084,0,0
2012-09-28 05:00:00,-0.4893974,0,0
2012-09-28 06:00:00,-0.63276356,0,0
2012-09-28 07:00:00,-0.6905855,0,0
2012-09-28 08:00:00,-0.7122839,0,0
2012-09-28 09:00:00,-0.69460475,0,0
2012-09-28 10:00:00,-0.62662786,0,0
2012-09-28 11:00:00,-0.4493689,0,0
2012-09-28 12:00:00,-0.3561361,0,0
2012-09-28 13:00:00,-0.3507999,0,0
2012-09-28 14:00:00,-0.55839735,0,0
2012-09-28 15:00:00,-0.85887134,0,0
2012-09-28 16:00:00,-0.9200219,0,0
2012-09-28 17:00:00,-1.080862,0,0
2012-09-28 18:00:00,-1.2788706,0,0
2012-09-28 19:00:00,-1.3478177,0,0
2012-09-28 20:00:00,-1.5295345,0,0
2012-09-28 21:00:00,-1.6116233,0,0
2012-09-28 22:00:00,-1.7393353,0,0
2012-09-28 23:00:00,-1.9598294,0,0
2012-09-29 00:00:00,-2.2017357,1,0
2012-09-29 01:00:00,-2.4103608,1,0
2012-09-29 02:00:00,-2.4568155,1,0
2012-09-29 03:00:00,-2.4951038,1,0
2012-09-29 04:00:00,-2.5571306,1,0
2012-09-29 05:00:00,-2.6113396,1,0
2012-09-29 06:00:00,-2.6386793,1,0
2012-09-29 07:00:00,-2.533294,1,0
2012-09-29 08:00:00,-2.420927,1,0
2012-09-29 09:00:00,-2.3009028,1,0
2012-09-29 10:00:00,-2.1418345,1,0
2012-09-29 11:00:00,-2.0209646,1,0
2012-09-29 12:00:00,-1.9450336,1,0
2012-09-29 13:00:00,-1.8910475,1,0
2012-09-29 14:00:00,-1.8899397,1,0
2012-09-29 15:00:00,-1.9014566,1,0
2012-09-29 16:00:00,-1.8444628,1,0
2012-09-29 17:00:00,-1.9149332,1,0
2012-09-29 18:00:00,-1.9557432,1,0
2012-09-29 19:00:00,-2.0069854,1,0
2012-09-29 20:00:00,-2.0131166,1,0
2012-09-29 21:00:00,-2.0533504,1,0
2012-09-29 22:00:00,-2.0797231,1,0
2012-09-29 23:00:00,-2.1234877,1,0
2012-09-30 00:00:00,-2.1811767,1,0
2012-09-30 01:00:00,-2.2073772,1,0
2012-09-30 02:00:00,-2.2470126,1,0
2012-09-30 03:00:00,-2.2918386,1,0
2012-09-30 04:00:00,-2.2430484,1,0
2012-09-30 05:00:00,-2.2111418,1,0
2012-09-30 06:00:00,-2.1055598,1,0
2012-09-30 07:00:00,-1.88953,1,0
2012-09-30 08:00:00,-1.7332653,1,0
2012-09-30 09:00:00,-1.587331,1,0
2012-09-30 10:00:00,-1.4285051,1,0
2012-09-30 11:00:00,-1.277477,1,0
2012-09-30 12:00:00,-1.1705623,1,0
2012-09-30 13:00:00,-1.0917813,1,0
2012-09-30 14:00:00,-1.0498677,1,0
2012-09-30 15:00:00,-1.0681288,1,0
2012-09-30 16:00:00,-1.0381474,1,0
2012-09-30 17:00:00,-1.1501744,1,0
2012-09-30 18:00:00,-1.2738116,1,0
2012-09-30 19:00:00,-1.38859,1,0
2012-09-30 20:00:00,-1.4863594,1,0
2012-09-30 21:00:00,-1.5899693,1,0
2012-09-30 22:00:00,-1.7104622,1,0
2012-09-30 23:00:00,-1.827902,1,0
2012-10-01 00:00:00,-2.0039222,0,1
2012-10-01 01:00:00,-2.1826515,0,1
2012-10-01 02:00:00,-2.3248084,0,1
2012-10-01 03:00:00,-2.4320123,0,1
2012-10-01 04:00:00,-2.5699167,0,1
2012-10-01 05:00:00,-2.6579745,0,1
2012-10-01 06:00:00,-2.5733905,0,1
2012-10-01 07:00:00,-1.891495,0,1
2012-10-01 08:00:00,-1.3718338,0,1
2012-10-01 09:00:00,-1.1157713,0,1
2012-10-01 10:00:00,-0.88266224,0,1
2012-10-01 11:00:00,-0.56000096,0,1
2012-10-01 12:00:00,-0.37719062,0,1
2012-10-01 13:00:00,-0.24448346,0,1
2012-10-01 14:00:00,-0.17766254,0,1
2012-10-01 15:00:00,-0.21785331,0,1
2012-10-01 16:00:00,-0.24181364,0,1
2012-10-01 17:00:00,-0.3765563,0,1
2012-10-01 18:00:00,-0.6441262,0,1
2012-10-01 19:00:00,-0.9081566,0,1
2012-10-01 20:00:00,-1.1163621,0,1
2012-10-01 21:00:00,-1.2897719,0,1
2012-10-01 22:00:00,-1.4236218,0,1
2012-10-01 23:00:00,-1.5361884,0,1
2012-10-02 00:00:00,-1.6398612,0,0
2012-10-02 01:00:00,-1.7365892,0,0
2012-10-02 02:00:00,-1.8437929,0,0
2012-10-02 03:00:00,-1.9382117,0,0
2012-10-02 04:00:00,-2.116326,0,0
2012-10-02 05:00:00,-2.2032447,0,0
2012-10-02 06:00:00,-2.173143,0,0
2012-10-02 07:00:00,-1.7484049,0,0
2012-10-02 08:00:00,-1.2240757,0,0
2012-10-02 09:00:00,-0.83264625,0,0
2012-10-02 10:00:00,-0.49302736,0,0
2012-10-02 11:00:00,-0.18535404,0,0
2012-10-02 12:00:00,0.059804007,0,0
2012-10-02 13:00:00,0.21094178,0,0
2012-10-02 14:00:00,0.25109437,0,0
2012-10-02 15:00:00,0.1970037,0,0
2012-10-02 16:00:00,0.18922724,0,0
2012-10-02 17:00:00,0.07184532,0,0
2012-10-02 18:00:00,-0.22304894,0,0
2012-10-02 19:00:00,-0.51356536,0,0
2012-10-02 20:00:00,-0.73711544,0,0
2012-10-02 21:00:00,-0.9108528,0,0
2012-10-02 22:00:00,-1.0630572,0,0
2012-10-02 23:00:00,-1.1711934,0,0
2012-10-03 00:00:00,-1.2226365,0,0
2012-10-03 01:00:00,-1.2662307,0,0
2012-10-03 02:00:00,-1.3090526,0,0
2012-10-03 03:00:00,-1.3461119,0,0
2012-10-03 04:00:00,-1.396434,0,0
2012-10-03 05:00:00,-1.4292065,0,0
2012-10-03 06:00:00,-1.3965601,0,0
2012-10-03 07:00:00,-1.0238723,0,0
2012-10-03 08:00:00,-0.50550437,0,0
2012-10-03 09:00:00,-0.1308009,0,0
2012-10-03 10:00:00,0.19245905,0,0
2012-10-03 11:00:00,0.43665004,0,0
2012-10-03 12:00:00,0.63926023,0,0
2012-10-03 13:00:00,0.78520745,0,0
2012-10-03 14:00:00,0.85677034,0,0
2012-10-03 15:00:00,0.8395349,0,0
2012-10-03 16:00:00,0.8290617,0,0
2012-10-03 17:00:00,0.748375,0,0
2012-10-03 18:00:00,0.43282452,0,0
2012-10-03 19:00:00,0.055455994,0,0
2012-10-03 20:00:00,-0.19158645,0,0
2012-10-03 21:00:00,-0.37266073,0,0
2012-10-03 22:00:00,-0.5166909,0,0
2012-10-03 23:00:00,-0.630227,0,0
2012-10-04 00:00:00,-0.7584311,0,0
2012-10-04 01:00:00,-0.8837585,0,0
2012-10-04 02:00:00,-0.96862173,0,0
2012-10-04 03:00:00,-1.0331489,0,0
2012-10-04 04:00:00,-1.0667552,0,0
2012-10-04 05:00:00,-1.0954255,0,0
2012-10-04 06:00:00,-1.0158868,0,0
2012-10-04 07:00:00,-0.64362097,0,0
2012-10-04 08:00:00,-0.21326229,0,0
2012-10-04 09:00:00,0.20585209,0,0
2012-10-04 10:00:00,0.49870422,0,0
2012-10-04 11:00:00,0.75788313,0,0
2012-10-04 12:00:00,0.9332126,0,0
2012-10-04 13:00:00,1.0397087,0,0
2012-10-04 14:00:00,1.0531174,0,0
2012-10-04 15:00:00,0.98538995,0,0
2012-10-04 16:00:00,1.0124978,0,0
2012-10-04 17:00:00,0.92274976,0,0
2012-10-04 18:00:00,0.6517866,0,0
2012-10-04 19:00:00,0.46971858,0,0
2012-10-04 20:00:00,0.31119213,0,0
2012-10-04 21:00:00,0.16430727,0,0
2012-10-04 22:00:00,0.02775298,0,0
2012-10-04 23:00:00,-0.14605218,0,0
2012-10-05 00:00:00,-0.24880897,0,0
2012-10-05 01:00:00,-0.3560128,0,0
2012-10-05 02:00:00,-0.4958438,0,0
2012-10-05 03:00:00,-0.60065585,0,0
2012-10-05 04:00:00,-0.71166885,0,0
2012-10-05 05:00:00,-0.7846754,0,0
2012-10-05 06:00:00,-0.7437662,0,0
2012-10-05 07:00:00,-0.546369,0,0
2012-10-05 08:00:00,-0.44991845,0,0
2012-10-05 09:00:00,-0.3341932,0,0
2012-10-05 10:00:00,-0.18812105,0,0
2012-10-05 11:00:00,0.056291953,0,0
2012-10-05 12:00:00,0.2233964,0,0
2012-10-05 13:00:00,0.4003611,0,0
2012-10-05 14:00:00,0.46901515,0,0
2012-10-05 15:00:00,0.54835147,0,0
2012-10-05 16:00:00,0.5057084,0,0
2012-10-05 17:00:00,0.34987366,0,0
2012-10-05 18:00:00,0.095781446,0,0
2012-10-05 19:00:00,-0.15635298,0,0
2012-10-05 20:00:00,-0.34114224,0,0
2012-10-05 21:00:00,-0.47054517,0,0
2012-10-05 22:00:00,-0.58641934,0,0
2012-10-05 23:00:00,-0.66290545,0,0
2012-10-06 00:00:00,-0.7216826,1,0
2012-10-06 01:00:00,-0.79995733,1,0
2012-10-06 02:00:00,-0.8305228,1,0
2012-10-06 03:00:00,-0.8892563,1,0
2012-10-06 04:00:00,-0.88999337,1,0
2012-10-06 05:00:00,-0.92064077,1,0
2012-10-06 06:00:00,-0.93166476,1,0
2012-10-06 07:00:00,-0.7306859,1,0
2012-10-06 08:00:00,-0.578165,1,0
2012-10-06 09:00:00,-0.4509416,1,0
2012-10-06 10:00:00,-0.3089823,1,0
2012-10-06 11:00:00,-0.27052507,1,0
2012-10-06 12:00:00,-0.23642474,1,0
2012-10-06 13:00:00,-0.20532674,1,0
2012-10-06 14:00:00,-0.18479402,1,0
2012-10-06 15:00:00,-0.24919923,1,0
2012-10-06 16:00:00,-0.31241184,1,0
2012-10-06 17:00:00,-0.53666353,1,0
2012-10-06 18:00:00,-0.81507325,1,0
2012-10-06 19:00:00,-1.0387341,1,0
2012-10-06 20:00:00,-1.2116786,1,0
2012-10-06 21:00:00,-1.3388622,1,0
2012-10-06 22:00:00,-1.4434508,1,0
2012-10-06 23:00:00,-1.5327854,1,0
2012-10-07 00:00:00,-1.6282142,1,0
2012-10-07 01:00:00,-1.7128354,1,0
2012-10-07 02:00:00,-1.7656136,1,0
2012-10-07 03:00:00,-1.8183914,1,0
2012-10-07 04:00:00,-1.9142157,1,0
2012-10-07 05:00:00,-1.9736274,1,0
2012-10-07 06:00:00,-2.0856733,1,0
2012-10-07 07:00:00,-2.0525184,1,0
2012-10-07 08:00:00,-1.6992896,1,0
2012-10-07 09:00:00,-1.4744762,1,0
2012-10-07 10:00:00,-1.2415714,1,0
2012-10-07 11:00:00,-0.985277,1,0
2012-10-07 12:00:00,-0.7147409,1,0
2012-10-07 13:00:00,-0.43791822,1,0
2012-10-07 14:00:00,-0.25115848,1,0
2012-10-07 15:00:00,-0.17996864,1,0
2012-10-07 16:00:00,-0.18858892,1,0
2012-10-07 17:00:00,-0.20659888,1,0
2012-10-07 18:00:00,-0.377293,1,0
2012-10-07 19:00:00,-0.6524695,1,0
2012-10-07 20:00:00,-0.9333485,1,0
2012-10-07 21:00:00,-1.1519475,1,0
2012-10-07 22:00:00,-1.3010638,1,0
2012-10-07 23:00:00,-1.3701445,1,0
2012-10-08 00:00:00,-1.43212,0,0
2012-10-08 01:00:00,-1.487245,0,0
2012-10-08 02:00:00,-1.5512636,0,0
2012-10-08 03:00:00,-1.614887,0,0
2012-10-08 04:00:00,-1.6721493,0,0
2012-10-08 05:00:00,-1.7882466,0,0
2012-10-08 06:00:00,-1.8469968,0,0
2012-10-08 07:00:00,-1.8435144,0,0
2012-10-08 08:00:00,-1.5686228,0,0
2012-10-08 09:00:00,-1.1141427,0,0
2012-10-08 10:00:00,-0.68027806,0,0
2012-10-08 11:00:00,-0.40324795,0,0
2012-10-08 12:00:00,-0.26303166,0,0
2012-10-08 13:00:00,-0.022000829,0,0
2012-10-08 14:00:00,0.11429702,0,0
2012-10-08 15:00:00,0.20424992,0,0
2012-10-08 16:00:00,0.2081599,0,0
2012-10-08 17:00:00,0.30488953,0,0
2012-10-08 18:00:00,0.17713077,0,0
2012-10-08 19:00:00,-0.19623996,0,0
2012-10-08 20:00:00,-0.5655154,0,0
2012-10-08 21:00:00,-0.80604744,0,0
2012-10-08 22:00:00,-0.92995447,0,0
2012-10-08 23:00:00,-1.0218018,0,0
2012-10-09 00:00:00,-1.1004374,0,0
2012-10-09 01:00:00,-1.1685197,0,0
2012-10-09 02:00:00,-1.2662579,0,0
2012-10-09 03:00:00,-1.3623364,0,0
2012-10-09 04:00:00,-1.4636056,0,0
2012-10-09 05:00:00,-1.6388385,0,0
2012-10-09 06:00:00,-1.7584789,0,0
2012-10-09 07:00:00,-1.7352277,0,0
2012-10-09 08:00:00,-1.2861799,0,0
2012-10-09 09:00:00,-0.96231014,0,0
2012-10-09 10:00:00,-0.6528056,0,0
2012-10-09 11:00:00,-0.36330023,0,0
2012-10-09 12:00:00,-0.08692381,0,0
2012-10-09 13:00:00,0.08500774,0,0
2012-10-09 14:00:00,0.15106243,0,0
2012-10-09 15:00:00,0.07265847,0,0
2012-10-09 16:00:00,-0.03196503,0,0
2012-10-09 17:00:00,-0.08331297,0,0
2012-10-09 18:00:00,-0.23913129,0,0
2012-10-09 19:00:00,-0.44944412,0,0
2012-10-09 20:00:00,-0.6069422,0,0
2012-10-09 21:00:00,-0.753366,0,0
2012-10-09 22:00:00,-0.8733037,0,0
2012-10-09 23:00:00,-1.0057601,0,0
2012-10-10 00:00:00,-1.1466836,0,0
2012-10-10 01:00:00,-1.3015189,0,0
2012-10-10 02:00:00,-1.4785106,0,0
2012-10-10 03:00:00,-1.6043905,0,0
2012-10-10 04:00:00,-1.7366314,0,0
2012-10-10 05:00:00,-1.7657256,0,0
2012-10-10 06:00:00,-1.8421849,0,0
2012-10-10 07:00:00,-1.839258,0,0
2012-10-10 08:00:00,-1.735336,0,0
2012-10-10 09:00:00,-1.6299365,0,0
2012-10-10 10:00:00,-1.4565012,0,0
2012-10-10 11:00:00,-1.3292491,0,0
2012-10-10 12:00:00,-1.1498408,0,0
2012-10-10 13:00:00,-0.82723,0,0
2012-10-10 14:00:00,-0.8206051,0,0
2012-10-10 15:00:00,-1.0729963,0,0
2012-10-10 16:00:00,-1.3457956,0,0
2012-10-10 17:00:00,-1.4505247,0,0
2012-10-10 18:00:00,-1.703514,0,0
2012-10-10 19:00:00,-1.9278408,0,0
2012-10-10 20:00:00,-2.0039725,0,0
2012-10-10 21:00:00,-1.9832464,0,0
2012-10-10 22:00:00,-2.065413,0,0
2012-10-10 23:00:00,-2.0678878,0,0
2012-10-11 00:00:00,-2.1429372,0,0
2012-10-11 01:00:00,-2.3265128,0,0
2012-10-11 02:00:00,-2.527638,0,0
2012-10-11 03:00:00,-2.6457946,0,0
2012-10-11 04:00:00,-2.6321766,0,0
2012-10-11 05:00:00,-2.575722,0,0
2012-10-11 06:00:00,-2.5740554,0,0
2012-10-11 07:00:00,-2.5737042,0,0
2012-10-11 08:00:00,-2.5067396,0,0
2012-10-11 09:00:00,-2.3826923,0,0
2012-10-11 10:00:00,-2.177519,0,0
2012-10-11 11:00:00,-1.829254,0,0
2012-10-11 12:00:00,-1.5798777,0,0
2012-10-11 13:00:00,-1.501402,0,0
2012-10-11 14:00:00,-1.3891288,0,0
2012-10-11 15:00:00,-1.4506571,0,0
2012-10-11 16:00:00,-1.5425467,0,0
2012-10-11 17:00:00,-1.7712107,0,0
2012-10-11 18:00:00,-1.9139549,0,0
2012-10-11 19:00:00,-1.945554,0,0
2012-10-11 20:00:00,-1.9631977,0,0
2012-10-11 21:00:00,-1.9740418,0,0
2012-10-11 22:00:00,-1.9726725,0,0
2012-10-11 23:00:00,-1.9570305,0,0
2012-10-12 00:00:00,-1.960981,0,0
2012-10-12 01:00:00,-1.9598228,0,0
2012-10-12 02:00:00,-1.9631114,0,0
2012-10-12 03:00:00,-1.9562731,0,0
2012-10-12 04:00:00,-1.9715084,0,0
2012-10-12 05:00:00,-2.0156727,0,0
2012-10-12 06:00:00,-2.0203547,0,0
2012-10-12 07:00:00,-1.9843376,0,0
2012-10-12 08:00:00,-1.8430197,0,0
2012-10-12 09:00:00,-1.7253991,0,0
2012-10-12 10:00:00,-1.6098528,0,0
2012-10-12 11:00:00,-1.5129151,0,0
2012-10-12 12:00:00,-1.2611109,0,0
2012-10-12 13:00:00,-1.0902119,0,0
2012-10-12 14:00:00,-0.97250813,0,0
2012-10-12 15:00:00,-0.94873035,0,0
2012-10-12 16:00:00,-0.98729575,0,0
2012-10-12 17:00:00,-1.0780704,0,0
2012-10-12 18:00:00,-1.218149,0,0
2012-10-12 19:00:00,-1.3916109,0,0
2012-10-12 20:00:00,-1.5360228,0,0
2012-10-12 21:00:00,-1.6334091,0,0
2012-10-12 22:00:00,-1.7012684,0,0
2012-10-12 23:00:00,-1.7844287,0,0
2012-10-13 00:00:00,-1.8759152,1,0
2012-10-13 01:00:00,-2.0138917,1,0
2012-10-13 02:00:00,-2.0709596,1,0
2012-10-13 03:00:00,-2.1668782,1,0
2012-10-13 04:00:00,-2.2627025,1,0
2012-10-13 05:00:00,-2.256423,1,0
2012-10-13 06:00:00,-2.3593867,1,0
2012-10-13 07:00:00,-2.396181,1,0
2012-10-13 08:00:00,-1.7276138,1,0
2012-10-13 09:00:00,-1.413685,1,0
2012-10-13 10:00:00,-1.066295,1,0
2012-10-13 11:00:00,-0.7286169,1,0
2012-10-13 12:00:00,-0.47112906,1,0
2012-10-13 13:00:00,-0.26608053,1,0
2012-10-13 14:00:00,-0.09799371,1,0
2012-10-13 15:00:00,0.012940552,1,0
2012-10-13 16:00:00,0.031596784,1,0
2012-10-13 17:00:00,0.1655501,1,0
2012-10-13 18:00:00,0.044542983,1,0
2012-10-13 19:00:00,-0.15888506,1,0
2012-10-13 20:00:00,-0.39414057,1,0
2012-10-13 21:00:00,-0.5982435,1,0
2012-10-13 22:00:00,-0.79217625,1,0
2012-10-13 23:00:00,-0.94439703,1,0
2012-10-14 00:00:00,-1.0259182,1,0
2012-10-14 01:00:00,-1.0616951,1,0
2012-10-14 02:00:00,-1.1210213,1,0
2012-10-14 03:00:00,-1.211303,1,0
2012-10-14 04:00:00,-1.3135314,1,0
2012-10-14 05:00:00,-1.4131328,1,0
2012-10-14 06:00:00,-1.4654467,1,0
2012-10-14 07:00:00,-1.3724778,1,0
2012-10-14 08:00:00,-0.9112869,1,0
2012-10-14 09:00:00,-0.42174137,1,0
2012-10-14 10:00:00,-0.17901902,1,0
2012-10-14 11:00:00,0.14017722,1,0
2012-10-14 12:00:00,0.4165568,1,0
2012-10-14 13:00:00,0.65301573,1,0
2012-10-14 14:00:00,0.80026203,1,0
2012-10-14 15:00:00,0.8688495,1,0
2012-10-14 16:00:00,0.8487329,1,0
2012-10-14 17:00:00,0.86142606,1,0
2012-10-14 18:00:00,0.7756552,1,0
2012-10-14 19:00:00,0.3952185,1,0
2012-10-14 20:00:00,0.08419731,1,0
2012-10-14 21:00:00,-0.13282065,1,0
2012-10-14 22:00:00,-0.24003123,1,0
2012-10-14 23:00:00,-0.38523632,1,0
2012-10-15 00:00:00,-0.41607493,0,0
2012-10-15 01:00:00,-0.42860562,0,0
2012-10-15 02:00:00,-0.45028418,0,0
2012-10-15 03:00:00,-0.42350507,0,0
2012-10-15 04:00:00,-0.34053236,0,0
2012-10-15 05:00:00,-0.21791911,0,0
2012-10-15 06:00:00,-0.17675632,0,0
2012-10-15 07:00:00,-0.11067464,0,0
2012-10-15 08:00:00,0.1269562,0,0
2012-10-15 09:00:00,0.38579008,0,0
2012-10-15 10:00:00,0.6302032,0,0
2012-10-15 11:00:00,0.82533693,0,0
2012-10-15 12:00:00,1.0165479,0,0
2012-10-15 13:00:00,1.1712089,0,0
2012-10-15 14:00:00,1.2546208,0,0
2012-10-15 15:00:00,1.3051859,0,0
2012-10-15 16:00:00,1.2569709,0,0
2012-10-15 17:00:00,1.2918167,0,0
2012-10-15 18:00:00,1.1225369,0,0
2012-10-15 19:00:00,0.8279135,0,0
2012-10-15 20:00:00,0.56358796,0,0
2012-10-15 21:00:00,0.38130695,0,0
2012-10-15 22:00:00,0.23754126,0,0
2012-10-15 23:00:00,0.1190956,0,0
2012-10-16 00:00:00,-0.005901463,0,0
2012-10-16 01:00:00,-0.14239034,0,0
2012-10-16 02:00:00,-0.2948401,0,0
2012-10-16 03:00:00,-0.3018291,0,0
2012-10-16 04:00:00,-0.29024193,0,0
2012-10-16 05:00:00,-0.3084338,0,0
2012-10-16 06:00:00,-0.28453338,0,0
2012-10-16 07:00:00,-0.24328987,0,0
2012-10-16 08:00:00,-0.11254997,0,0
2012-10-16 09:00:00,-0.13000032,0,0
2012-10-16 10:00:00,0.04745311,0,0
2012-10-16 11:00:00,0.15970509,0,0
2012-10-16 12:00:00,0.43348557,0,0
2012-10-16 13:00:00,0.66918516,0,0
2012-10-16 14:00:00,0.70652336,0,0
2012-10-16 15:00:00,0.67058134,0,0
2012-10-16 16:00:00,0.5072486,0,0
2012-10-16 17:00:00,0.3772457,0,0
2012-10-16 18:00:00,0.106266096,0,0
2012-10-16 19:00:00,-0.20930405,0,0
2012-10-16 20:00:00,-0.5196525,0,0
2012-10-16 21:00:00,-0.7674034,0,0
2012-10-16 22:00:00,-0.97005516,0,0
2012-10-16 23:00:00,-1.108669,0,0
2012-10-17 00:00:00,-1.2568382,0,0
2012-10-17 01:00:00,-1.3713821,0,0
2012-10-17 02:00:00,-1.4997557,0,0
2012-10-17 03:00:00,-1.5836333,0,0
2012-10-17 04:00:00,-1.6757547,0,0
2012-10-17 05:00:00,-1.7743777,0,0
2012-10-17 06:00:00,-1.8859459,0,0
2012-10-17 07:00:00,-1.8123107,0,0
2012-10-17 08:00:00,-1.4252121,0,0
2012-10-17 09:00:00,-1.1366236,0,0
2012-10-17 10:00:00,-0.8316213,0,0
2012-10-17 11:00:00,-0.48254904,0,0
2012-10-17 12:00:00,-0.14249618,0,0
2012-10-17 13:00:00,0.16842937,0,0
2012-10-17 14:00:00,0.3784844,0,0
2012-10-17 15:00:00,0.48849055,0,0
2012-10-17 16:00:00,0.49840108,0,0
2012-10-17 17:00:00,0.5284303,0,0
2012-10-17 18:00:00,0.38829216,0,0
2012-10-17 19:00:00,0.14761366,0,0
2012-10-17 20:00:00,-0.1751348,0,0
2012-10-17 21:00:00,-0.42291254,0,0
2012-10-17 22:00:00,-0.603345,0,0
2012-10-17 23:00:00,-0.73292017,0,0
2012-10-18 00:00:00,-0.83445585,0,0
2012-10-18 01:00:00,-0.9082061,0,0
2012-10-18 02:00:00,-0.96250945,0,0
2012-10-18 03:00:00,-1.0135872,0,0
2012-10-18 04:00:00,-1.0788482,0,0
2012-10-18 05:00:00,-1.1845417,0,0
2012-10-18 06:00:00,-1.2594234,0,0
2012-10-18 07:00:00,-1.1832477,0,0
2012-10-18 08:00:00,-0.8364188,0,0
2012-10-18 09:00:00,-0.45510197,0,0
2012-10-18 10:00:00,-0.18359815,0,0
2012-10-18 11:00:00,0.12992013,0,0
2012-10-18 12:00:00,0.23709527,0,0
2012-10-18 13:00:00,0.47192812,0,0
2012-10-18 14:00:00,0.84465164,0,0
2012-10-18 15:00:00,1.1181812,0,0
2012-10-18 16:00:00,1.2789445,0,0
2012-10-18 17:00:00,1.4464023,0,0
2012-10-18 18:00:00,1.4318126,0,0
2012-10-18 19:00:00,1.2075686,0,0
2012-10-18 20:00:00,0.9074902,0,0
2012-10-18 21:00:00,0.6330905,0,0
2012-10-18 22:00:00,0.40726572,0,0
2012-10-18 23:00:00,0.17123139,0,0
2012-10-19 00:00:00,0.011573995,0,0
2012-10-19 01:00:00,-0.13727047,0,0
2012-10-19 02:00:00,-0.417669,0,0
2012-10-19 03:00:00,-0.641876,0,0
2012-10-19 04:00:00,-0.70865923,0,0
2012-10-19 05:00:00,-0.5690713,0,0
2012-10-19 06:00:00,-0.73730403,0,0
2012-10-19 07:00:00,-0.6159257,0,0
2012-10-19 08:00:00,0.037434597,0,0
2012-10-19 09:00:00,0.36509135,0,0
2012-10-19 10:00:00,0.59875226,0,0
2012-10-19 11:00:00,0.78797996,0,0
2012-10-19 12:00:00,0.99221575,0,0
2012-10-19 13:00:00,1.133936,0,0
2012-10-19 14:00:00,1.175796,0,0
2012-10-19 15:00:00,1.1324009,0,0
2012-10-19 16:00:00,1.023769,0,0
2012-10-19 17:00:00,0.9315576,0,0
2012-10-19 18:00:00,0.7507366,0,0
2012-10-19 19:00:00,0.50900114,0,0
2012-10-19 20:00:00,0.24061197,0,0
2012-10-19 21:00:00,0.03573654,0,0
2012-10-19 22:00:00,-0.1367183,0,0
2012-10-19 23:00:00,-0.3331302,0,0
2012-10-20 00:00:00,-0.54641306,1,0
2012-10-20 01:00:00,-0.7712328,1,0
2012-10-20 02:00:00,-0.9318551,1,0
2012-10-20 03:00:00,-1.0661633,1,0
2012-10-20 04:00:00,-1.1711042,1,0
2012-10-20 05:00:00,-1.3719584,1,0
2012-10-20 06:00:00,-1.4492861,1,0
2012-10-20 07:00:00,-1.2162882,1,0
2012-10-20 08:00:00,-0.6422262,1,0
2012-10-20 09:00:00,-0.24765702,1,0
2012-10-20 10:00:00,0.18732895,1,0
2012-10-20 11:00:00,0.48692694,1,0
2012-10-20 12:00:00,0.7137917,1,0
2012-10-20 13:00:00,0.89537287,1,0
2012-10-20 14:00:00,0.9264911,1,0
2012-10-20 15:00:00,0.87009525,1,0
2012-10-20 16:00:00,0.85949165,1,0
2012-10-20 17:00:00,0.8642918,1,0
2012-10-20 18:00:00,0.7474183,1,0
2012-10-20 19:00:00,0.54979634,1,0
2012-10-20 20:00:00,0.32469887,1,0
2012-10-20 21:00:00,0.11622666,1,0
2012-10-20 22:00:00,-0.042527087,1,0
2012-10-20 23:00:00,-0.15889074,1,0
2012-10-21 00:00:00,-0.25548998,1,0
2012-10-21 01:00:00,-0.36880043,1,0
2012-10-21 02:00:00,-0.5012134,1,0
2012-10-21 03:00:00,-0.64614516,1,0
2012-10-21 04:00:00,-0.8393584,1,0
2012-10-21 05:00:00,-0.9173832,1,0
2012-10-21 06:00:00,-1.0361073,1,0
2012-10-21 07:00:00,-1.0484349,1,0
2012-10-21 08:00:00,-0.9838409,1,0
2012-10-21 09:00:00,-0.8598041,1,0
2012-10-21 10:00:00,-0.67089105,1,0
2012-10-21 11:00:00,-0.4026066,1,0
2012-10-21 12:00:00,-0.05434405,1,0
2012-10-21 13:00:00,0.16665642,1,0
2012-10-21 14:00:00,0.2681608,1,0
2012-10-21 15:00:00,0.29553515,1,0
2012-10-21 16:00:00,0.24630988,1,0
2012-10-21 17:00:00,0.20171817,1,0
2012-10-21 18:00:00,-0.020451598,1,0
2012-10-21 19:00:00,-0.3062757,1,0
2012-10-21 20:00:00,-0.59764266,1,0
2012-10-21 21:00:00,-0.81699777,1,0
2012-10-21 22:00:00,-0.9765075,1,0
2012-10-21 23:00:00,-1.0821068,1,0
2012-10-22 00:00:00,-1.1627198,0,0
2012-10-22 01:00:00,-1.2364824,0,0
2012-10-22 02:00:00,-1.3182224,0,0
2012-10-22 03:00:00,-1.4007063,0,0
2012-10-22 04:00:00,-1.494221,0,0
2012-10-22 05:00:00,-1.6299884,0,0
2012-10-22 06:00:00,-1.7286938,0,0
2012-10-22 07:00:00,-1.659604,0,0
2012-10-22 08:00:00,-1.4027492,0,0
2012-10-22 09:00:00,-1.1163429,0,0
2012-10-22 10:00:00,-0.8120743,0,0
2012-10-22 11:00:00,-0.4178295,0,0
2012-10-22 12:00:00,-0.05689248,0,0
2012-10-22 13:00:00,0.22199973,0,0
2012-10-22 14:00:00,0.42264494,0,0
2012-10-22 15:00:00,0.5961932,0,0
2012-10-22 16:00:00,0.626241,0,0
2012-10-22 17:00:00,0.5064689,0,0
2012-10-22 18:00:00,0.3795664,0,0
2012-10-22 19:00:00,0.09332775,0,0
2012-10-22 20:00:00,-0.23824081,0,0
2012-10-22 21:00:00,-0.51990724,0,0
2012-10-22 22:00:00,-0.690045,0,0
2012-10-22 23:00:00,-0.81202996,0,0
2012-10-23 00:00:00,-0.9249329,0,0
2012-10-23 01:00:00,-1.0080854,0,0
2012-10-23 02:00:00,-1.0807623,0,0
2012-10-23 03:00:00,-1.139355,0,0
2012-10-23 04:00:00,-1.1993409,0,0
2012-10-23 05:00:00,-1.250007,0,0
2012-10-23 06:00:00,-1.3069397,0,0
2012-10-23 07:00:00,-1.2564899,0,0
2012-10-23 08:00:00,-0.9961871,0,0
2012-10-23 09:00:00,-0.6607475,0,0
2012-10-23 10:00:00,-0.2604323,0,0
2012-10-23 11:00:00,0.19268638,0,0
2012-10-23 12:00:00,0.55549407,0,0
2012-10-23 13:00:00,0.85135174,0,0
2012-10-23 14:00:00,1.0658145,0,0
2012-10-23 15:00:00,1.1969051,0,0
2012-10-23 16:00:00,1.2288792,0,0
2012-10-23 17:00:00,1.2479167,0,0
2012-10-23 18:00:00,1.2094171,0,0
2012-10-23 19:00:00,0.9479946,0,0
2012-10-23 20:00:00,0.5467833,0,0
2012-10-23 21:00:00,0.17975728,0,0
2012-10-23 22:00:00,-0.040231943,0,0
2012-10-23 23:00:00,-0.15273958,0,0
2012-10-24 00:00:00,-0.21446766,0,0
2012-10-24 01:00:00,-0.26276138,0,0
2012-10-24 02:00:00,-0.31475762,0,0
2012-10-24 03:00:00,-0.34722504,0,0
2012-10-24 04:00:00,-0.36947104,0,0
2012-10-24 05:00:00,-0.3600134,0,0
2012-10-24 06:00:00,-0.32132187,0,0
2012-10-24 07:00:00,0.48423123,0,0
2012-10-24 08:00:00,0.25225657,0,0
2012-10-24 09:00:00,0.42317733,0,0
2012-10-24 10:00:00,0.826841,0,0
2012-10-24 11:00:00,1.1699008,0,0
2012-10-24 12:00:00,1.7774292,0,0
2012-10-24 13:00:00,2.1695056,0,0
2012-10-24 14:00:00,2.1721601,0,0
2012-10-24 15:00:00,1.9351987,0,0
2012-10-24 16:00:00,1.9680061,0,0
2012-10-24 17:00:00,1.9807926,0,0
2012-10-24 18:00:00,1.789673,0,0
2012-10-24 19:00:00,1.477621,0,0
2012-10-24 20:00:00,1.1561984,0,0
2012-10-24 21:00:00,0.8457991,0,0
2012-10-24 22:00:00,0.6805388,0,0
2012-10-24 23:00:00,0.5484355,0,0
2012-10-25 00:00:00,0.35783726,0,0
2012-10-25 01:00:00,0.23375027,0,0
2012-10-25 02:00:00,0.1928693,0,0
2012-10-25 03:00:00,0.15654166,0,0
2012-10-25 04:00:00,0.02316151,0,0
2012-10-25 05:00:00,-0.18108217,0,0
2012-10-25 06:00:00,-0.26618078,0,0
2012-10-25 07:00:00,-0.33932054,0,0
2012-10-25 08:00:00,-0.38885546,0,0
2012-10-25 09:00:00,-0.42427725,0,0
2012-10-25 10:00:00,-0.36638853,0,0
2012-10-25 11:00:00,-0.30180913,0,0
2012-10-25 12:00:00,-0.2740462,0,0
2012-10-25 13:00:00,-0.12286168,0,0
2012-10-25 14:00:00,-0.015300426,0,0
2012-10-25 15:00:00,-0.016364293,0,0
2012-10-25 16:00:00,-0.12296868,0,0
2012-10-25 17:00:00,-0.17158845,0,0
2012-10-25 18:00:00,-0.35382262,0,0
2012-10-25 19:00:00,-0.5591412,0,0
2012-10-25 20:00:00,-0.7104548,0,0
2012-10-25 21:00:00,-0.8154046,0,0
2012-10-25 22:00:00,-0.89059156,0,0
2012-10-25 23:00:00,-0.945983,0,0
2012-10-26 00:00:00,-0.9862801,0,0
2012-10-26 01:00:00,-1.0362146,0,0
2012-10-26 02:00:00,-1.1026368,0,0
2012-10-26 03:00:00,-1.1523993,0,0
2012-10-26 04:00:00,-1.2282867,0,0
2012-10-26 05:00:00,-1.2282801,0,0
2012-10-26 06:00:00,-1.24013,0,0
2012-10-26 07:00:00,-1.1770403,0,0
2012-10-26 08:00:00,-1.0969177,0,0
2012-10-26 09:00:00,-0.9547063,0,0
2012-10-26 10:00:00,-0.7864782,0,0
2012-10-26 11:00:00,-0.6672368,0,0
2012-10-26 12:00:00,-0.44848368,0,0
2012-10-26 13:00:00,-0.30057195,0,0
2012-10-26 14:00:00,-0.124174654,0,0
2012-10-26 15:00:00,0.0014821155,0,0
2012-10-26 16:00:00,0.046080645,0,0
2012-10-26 17:00:00,0.020835621,0,0
2012-10-26 18:00:00,-0.21860482,0,0
2012-10-26 19:00:00,-0.48532176,0,0
2012-10-26 20:00:00,-0.7539098,0,0
2012-10-26 21:00:00,-0.96706825,0,0
2012-10-26 22:00:00,-1.106203,0,0
2012-10-26 23:00:00,-1.2266182,0,0
2012-10-27 00:00:00,-1.3134078,1,0
2012-10-27 01:00:00,-1.3803077,1,0
2012-10-27 02:00:00,-1.4274431,1,0
2012-10-27 03:00:00,-1.4839617,1,0
2012-10-27 04:00:00,-1.5146092,1,0
2012-10-27 05:00:00,-1.5400656,1,0
2012-10-27 06:00:00,-1.543844,1,0
2012-10-27 07:00:00,-1.4852011,1,0
2012-10-27 08:00:00,-1.3330857,1,0
2012-10-27 09:00:00,-1.089303,1,0
2012-10-27 10:00:00,-0.7944935,1,0
2012-10-27 11:00:00,-0.51188517,1,0
2012-10-27 12:00:00,-0.22457235,1,0
2012-10-27 13:00:00,0.03394504,1,0
2012-10-27 14:00:00,0.20477195,1,0
2012-10-27 15:00:00,0.2766427,1,0
2012-10-27 16:00:00,0.2666288,1,0
2012-10-27 17:00:00,0.15745196,1,0
2012-10-27 18:00:00,-0.05560555,1,0
2012-10-27 19:00:00,-0.35173318,1,0
2012-10-27 20:00:00,-0.65753275,1,0
2012-10-27 21:00:00,-0.8880441,1,0
2012-10-27 22:00:00,-1.0463204,1,0
2012-10-27 23:00:00,-1.1580265,1,0
2012-10-28 00:00:00,-1.2501911,1,0
2012-10-28 01:00:00,-1.331708,1,0
2012-10-28 02:00:00,-1.4329892,1,0
2012-10-28 03:00:00,-1.525537,1,0
2012-10-28 04:00:00,-1.623765,1,0
2012-10-28 05:00:00,-1.7560017,1,0
2012-10-28 06:00:00,-1.8393893,1,0
2012-10-28 07:00:00,-1.697114,1,0
2012-10-28 08:00:00,-1.3299401,1,0
2012-10-28 09:00:00,-0.933229,1,0
2012-10-28 10:00:00,-0.5107785,1,0
2012-10-28 11:00:00,-0.026437633,1,0
2012-10-28 12:00:00,0.3542145,1,0
2012-10-28 13:00:00,0.570177,1,0
2012-10-28 14:00:00,0.67300504,1,0
2012-10-28 15:00:00,0.7085221,1,0
2012-10-28 16:00:00,0.69649976,1,0
2012-10-28 17:00:00,0.8034729,1,0
2012-10-28 18:00:00,0.68573034,1,0
2012-10-28 19:00:00,0.46001306,1,0
2012-10-28 20:00:00,0.17113541,1,0
2012-10-28 21:00:00,-0.07323679,1,0
2012-10-28 22:00:00,-0.27643588,1,0
2012-10-28 23:00:00,-0.4487965,1,0
2012-10-29 00:00:00,-0.58636135,0,0
2012-10-29 01:00:00,-0.7118072,0,0
2012-10-29 02:00:00,-0.8139145,0,0
2012-10-29 03:00:00,-0.881003,0,0
2012-10-29 04:00:00,-0.93688834,0,0
2012-10-29 05:00:00,-1.0241348,0,0
2012-10-29 06:00:00,-1.0757966,0,0
2012-10-29 07:00:00,-0.8315223,0,0
2012-10-29 08:00:00,-0.25287256,0,0
2012-10-29 09:00:00,0.26096055,0,0
2012-10-29 10:00:00,0.6149347,0,0
2012-10-29 11:00:00,0.95271164,0,0
2012-10-29 12:00:00,1.191956,0,0
2012-10-29 13:00:00,1.3583502,0,0
2012-10-29 14:00:00,1.4416267,0,0
2012-10-29 15:00:00,1.4443178,0,0
2012-10-29 16:00:00,1.371614,0,0
2012-10-29 17:00:00,1.1767198,0,0
2012-10-29 18:00:00,1.0387042,0,0
2012-10-29 19:00:00,0.8857805,0,0
2012-10-29 20:00:00,0.6310402,0,0
2012-10-29 21:00:00,0.31153956,0,0
2012-10-29 22:00:00,0.13065815,0,0
2012-10-29 23:00:00,-0.009859443,0,0
2012-10-30 00:00:00,-0.058693573,0,0
2012-10-30 01:00:00,-0.1262208,0,0
2012-10-30 02:00:00,-0.1936577,0,0
2012-10-30 03:00:00,-0.24402486,0,0
2012-10-30 04:00:00,-0.309763,0,0
2012-10-30 05:00:00,-0.40571272,0,0
2012-10-30 06:00:00,-0.45179886,0,0
2012-10-30 07:00:00,-0.2622938,0,0
2012-10-30 08:00:00,0.2132255,0,0
2012-10-30 09:00:00,0.6882814,0,0
2012-10-30 10:00:00,1.1128262,0,0
2012-10-30 11:00:00,1.3816758,0,0
2012-10-30 12:00:00,1.651148,0,0
2012-10-30 13:00:00,1.8707014,0,0
2012-10-30 14:00:00,2.0118186,0,0
2012-10-30 15:00:00,2.0544693,0,0
2012-10-30 16:00:00,1.9509146,0,0
2012-10-30 17:00:00,1.7926095,0,0
2012-10-30 18:00:00,1.677588,0,0
2012-10-30 19:00:00,1.4623092,0,0
2012-10-30 20:00:00,1.241361,0,0
2012-10-30 21:00:00,0.9747669,0,0
2012-10-30 22:00:00,0.7544211,0,0
2012-10-30 23:00:00,0.65960634,0,0
2012-10-31 00:00:00,0.6201118,0,0
2012-10-31 01:00:00,0.57997245,0,0
2012-10-31 02:00:00,0.52779186,0,0
2012-10-31 03:00:00,0.45494285,0,0
2012-10-31 04:00:00,0.35077772,0,0
2012-10-31 05:00:00,0.3149337,0,0
2012-10-31 06:00:00,0.39200717,0,0
2012-10-31 07:00:00,0.90683305,0,0
2012-10-31 08:00:00,1.0919756,0,0
2012-10-31 09:00:00,1.5725092,0,0
2012-10-31 10:00:00,1.9187047,0,0
2012-10-31 11:00:00,2.0195296,0,0
2012-10-31 12:00:00,2.2193208,0,0
2012-10-31 13:00:00,2.4176366,0,0
2012-10-31 14:00:00,2.4541261,0,0
2012-10-31 15:00:00,2.336132,0,0
2012-10-31 16:00:00,2.1277306,0,0
2012-10-31 17:00:00,1.949713,0,0
2012-10-31 18:00:00,1.7490195,0,0
2012-10-31 19:00:00,1.5419632,0,0
2012-10-31 20:00:00,1.3596044,0,0
2012-10-31 21:00:00,1.1960595,0,0
2012-10-31 22:00:00,1.0197607,0,0
2012-10-31 23:00:00,0.8772716,0,0
2012-11-01 00:00:00,0.6809932,0,0
2012-11-01 01:00:00,0.44994557,0,0
2012-11-01 02:00:00,0.18117002,0,0
2012-11-01 03:00:00,-0.053408295,0,0
2012-11-01 04:00:00,-0.23979498,0,0
2012-11-01 05:00:00,-0.3853885,0,0
2012-11-01 06:00:00,-0.39015785,0,0
2012-11-01 07:00:00,-0.29732987,0,0
2012-11-01 08:00:00,-0.24374019,0,0
2012-11-01 09:00:00,-0.2277885,0,0
2012-11-01 10:00:00,-0.15684825,0,0
2012-11-01 11:00:00,-0.13679641,0,0
2012-11-01 12:00:00,-0.036786392,0,0
2012-11-01 13:00:00,0.036577526,0,0
2012-11-01 14:00:00,0.07992433,0,0
2012-11-01 15:00:00,0.103115045,0,0
2012-11-01 16:00:00,0.06635415,0,0
2012-11-01 17:00:00,-0.07589624,0,0
2012-11-01 18:00:00,-0.2691104,0,0
2012-11-01 19:00:00,-0.49398223,0,0
2012-11-01 20:00:00,-0.69032526,0,0
2012-11-01 21:00:00,-0.8135169,0,0
2012-11-01 22:00:00,-0.8961386,0,0
2012-11-01 23:00:00,-0.9846002,0,0
2012-11-02 00:00:00,-1.0569692,0,0
2012-11-02 01:00:00,-1.1307317,0,0
2012-11-02 02:00:00,-1.1849529,0,0
2012-11-02 03:00:00,-1.246502,0,0
2012-11-02 04:00:00,-1.2851392,0,0
2012-11-02 05:00:00,-1.3152782,0,0
2012-11-02 06:00:00,-1.3342917,0,0
2012-11-02 07:00:00,-1.1765101,0,0
2012-11-02 08:00:00,-0.86986977,0,0
2012-11-02 09:00:00,-0.5804205,0,0
2012-11-02 10:00:00,-0.20197226,0,0
2012-11-02 11:00:00,0.1862423,0,0
2012-11-02 12:00:00,0.57296664,0,0
2012-11-02 13:00:00,0.8456744,0,0
2012-11-02 14:00:00,0.9792856,0,0
2012-11-02 15:00:00,1.0041306,0,0
2012-11-02 16:00:00,0.9392613,0,0
2012-11-02 17:00:00,0.8558551,0,0
2012-11-02 18:00:00,0.70359755,0,0
2012-11-02 19:00:00,0.49345696,0,0
2012-11-02 20:00:00,0.21825804,0,0
2012-11-02 21:00:00,0.033507608,0,0
2012-11-02 22:00:00,-0.077962875,0,0
2012-11-02 23:00:00,-0.1627875,0,0
2012-11-03 00:00:00,-0.2104435,1,0
2012-11-03 01:00:00,-0.2787802,1,0
2012-11-03 02:00:00,-0.34306508,1,0
2012-11-03 03:00:00,-0.40084815,1,0
2012-11-03 04:00:00,-0.44197136,1,0
2012-11-03 05:00:00,-0.47601038,1,0
2012-11-03 06:00:00,-0.52049214,1,0
2012-11-03 07:00:00,-0.42840025,1,0
2012-11-03 08:00:00,-0.14926086,1,0
2012-11-03 09:00:00,0.17409845,1,0
2012-11-03 10:00:00,0.50286126,1,0
2012-11-03 11:00:00,0.79473615,1,0
2012-11-03 12:00:00,0.9678713,1,0
2012-11-03 13:00:00,1.1019194,1,0
2012-11-03 14:00:00,1.1284451,1,0
2012-11-03 15:00:00,1.3822101,1,0
2012-11-03 16:00:00,1.4126725,1,0
2012-11-03 17:00:00,1.4524769,1,0
2012-11-03 18:00:00,1.3446381,1,0
2012-11-03 19:00:00,1.2087787,1,0
2012-11-03 20:00:00,0.9963409,1,0
2012-11-03 21:00:00,0.8204693,1,0
2012-11-03 22:00:00,0.65723723,1,0
2012-11-03 23:00:00,0.53226,1,0
2012-11-04 00:00:00,0.32911804,1,0
2012-11-04 01:00:00,0.20552392,1,0
2012-11-04 02:00:00,0.14819157,1,0
2012-11-04 03:00:00,0.1261177,1,0
2012-11-04 04:00:00,0.09719351,1,0
2012-11-04 05:00:00,0.0939048,1,0
2012-11-04 06:00:00,0.11020835,1,0
2012-11-04 07:00:00,0.37055054,1,0
2012-11-04 08:00:00,0.84028065,1,0
2012-11-04 09:00:00,1.2628361,1,0
2012-11-04 10:00:00,1.6145784,1,0
2012-11-04 11:00:00,1.9340454,1,0
2012-11-04 12:00:00,2.2177842,1,0
2012-11-04 13:00:00,2.422704,1,0
2012-11-04 14:00:00,2.5443456,1,0
2012-11-04 15:00:00,2.6241956,1,0
2012-11-04 16:00:00,2.5910053,1,0
2012-11-04 17:00:00,2.642004,1,0
2012-11-04 18:00:00,2.7076454,1,0
2012-11-04 19:00:00,2.5223403,1,0
2012-11-04 20:00:00,2.243051,1,0
2012-11-04 21:00:00,2.0213363,1,0
2012-11-04 22:00:00,1.8588319,1,0
2012-11-04 23:00:00,1.8011734,1,0
2012-11-05 00:00:00,1.8407617,0,0
2012-11-05 01:00:00,1.8662268,0,0
2012-11-05 02:00:00,1.9180946,0,0
2012-11-05 03:00:00,2.0568979,0,0
2012-11-05 04:00:00,2.1276739,0,0
2012-11-05 05:00:00,2.1254704,0,0
2012-11-05 06:00:00,2.2224212,0,0
2012-11-05 07:00:00,2.2952564,0,0
2012-11-05 08:00:00,2.407502,0,0
2012-11-05 09:00:00,2.5144238,0,0
2012-11-05 10:00:00,2.6306565,0,0
2012-11-05 11:00:00,2.8306959,0,0
2012-11-05 12:00:00,3.0048888,0,0
2012-11-05 13:00:00,3.1900465,0,0
2012-11-05 14:00:00,2.9995646,0,0
2012-11-05 15:00:00,2.985443,0,0
2012-11-05 16:00:00,2.8818636,0,0
2012-11-05 17:00:00,2.747239,0,0
2012-11-05 18:00:00,2.309569,0,0
2012-11-05 19:00:00,1.6662244,0,0
2012-11-05 20:00:00,1.1275125,0,0
2012-11-05 21:00:00,0.93535894,0,0
2012-11-05 22:00:00,0.84115374,0,0
2012-11-05 23:00:00,0.83192074,0,0
2012-11-06 00:00:00,0.7477096,0,0
2012-11-06 01:00:00,0.66342056,0,0
2012-11-06 02:00:00,0.6362284,0,0
2012-11-06 03:00:00,0.60023725,0,0
2012-11-06 04:00:00,0.5479301,0,0
2012-11-06 05:00:00,0.6582832,0,0
2012-11-06 06:00:00,0.61192274,0,0
2012-11-06 07:00:00,0.6709799,0,0
2012-11-06 08:00:00,0.7130182,0,0
2012-11-06 09:00:00,0.8285492,0,0
2012-11-06 10:00:00,0.8152929,0,0
2012-11-06 11:00:00,0.85388815,0,0
2012-11-06 12:00:00,1.0450522,0,0
2012-11-06 13:00:00,1.1637973,0,0
2012-11-06 14:00:00,1.2407074,0,0
2012-11-06 15:00:00,1.2321901,0,0
2012-11-06 16:00:00,1.1641164,0,0
2012-11-06 17:00:00,1.0840552,0,0
2012-11-06 18:00:00,0.9079786,0,0
2012-11-06 19:00:00,0.70666826,0,0
2012-11-06 20:00:00,0.5139506,0,0
2012-11-06 21:00:00,0.32345676,0,0
2012-11-06 22:00:00,0.14313318,0,0
2012-11-06 23:00:00,-0.010320913,0,0
2012-11-07 00:00:00,-0.1307993,0,0
2012-11-07 01:00:00,-0.20247559,0,0
2012-11-07 02:00:00,-0.19767332,0,0
2012-11-07 03:00:00,-0.1602394,0,0
2012-11-07 04:00:00,-0.1250206,0,0
2012-11-07 05:00:00,-0.39273047,0,0
2012-11-07 06:00:00,-0.55648375,0,0
2012-11-07 07:00:00,-0.30310643,0,0
2012-11-07 08:00:00,-0.07068841,0,0
2012-11-07 09:00:00,0.24217463,0,0
2012-11-07 10:00:00,0.5069239,0,0
2012-11-07 11:00:00,0.73808247,0,0
2012-11-07 12:00:00,0.8723683,0,0
2012-11-07 13:00:00,1.0335234,0,0
2012-11-07 14:00:00,1.128589,0,0
2012-11-07 15:00:00,1.1578506,0,0
2012-11-07 16:00:00,1.0682317,0,0
2012-11-07 17:00:00,0.98385257,0,0
2012-11-07 18:00:00,0.8475632,0,0
2012-11-07 19:00:00,0.63349646,0,0
2012-11-07 20:00:00,0.42381364,0,0
2012-11-07 21:00:00,0.26791215,0,0
2012-11-07 22:00:00,0.13256235,0,0
2012-11-07 23:00:00,0.0007868416,0,0
2012-11-08 00:00:00,-0.11681045,0,0
2012-11-08 01:00:00,-0.21486622,0,0
2012-11-08 02:00:00,-0.30681542,0,0
2012-11-08 03:00:00,-0.38292614,0,0
2012-11-08 04:00:00,-0.4797995,0,0
2012-11-08 05:00:00,-0.583034,0,0
2012-11-08 06:00:00,-0.6471978,0,0
2012-11-08 07:00:00,-0.58467984,0,0
2012-11-08 08:00:00,-0.47244206,0,0
2012-11-08 09:00:00,-0.33012414,0,0
2012-11-08 10:00:00,-0.2101653,0,0
2012-11-08 11:00:00,-0.031493057,0,0
2012-11-08 12:00:00,0.045847736,0,0
2012-11-08 13:00:00,0.11179715,0,0
2012-11-08 14:00:00,0.14346708,0,0
2012-11-08 15:00:00,0.120560355,0,0
2012-11-08 16:00:00,-0.041434485,0,0
2012-11-08 17:00:00,0.07779165,0,0
2012-11-08 18:00:00,0.0783815,0,0
2012-11-08 19:00:00,0.035206556,0,0
2012-11-08 20:00:00,-0.07658579,0,0
2012-11-08 21:00:00,-0.16556841,0,0
2012-11-08 22:00:00,-0.29052457,0,0
2012-11-08 23:00:00,-0.42163834,0,0
2012-11-09 00:00:00,-0.5206925,0,0
2012-11-09 01:00:00,-0.5864532,0,0
2012-11-09 02:00:00,-0.62648374,0,0
2012-11-09 03:00:00,-0.71710503,0,0
2012-11-09 04:00:00,-0.7994826,0,0
2012-11-09 05:00:00,-0.91770506,0,0
2012-11-09 06:00:00,-1.0207673,0,0
2012-11-09 07:00:00,-1.0087624,0,0
2012-11-09 08:00:00,-0.91671956,0,0
2012-11-09 09:00:00,-0.78326076,0,0
2012-11-09 10:00:00,-0.5576571,0,0
2012-11-09 11:00:00,-0.37343332,0,0
2012-11-09 12:00:00,-0.09235593,0,0
2012-11-09 13:00:00,0.108371444,0,0
2012-11-09 14:00:00,0.23256454,0,0
2012-11-09 15:00:00,0.2739576,0,0
2012-11-09 16:00:00,0.2502082,0,0
2012-11-09 17:00:00,0.18347244,0,0
2012-11-09 18:00:00,-0.009995842,0,0
2012-11-09 19:00:00,-0.25803664,0,0
2012-11-09 20:00:00,-0.5090998,0,0
2012-11-09 21:00:00,-0.6945117,0,0
2012-11-09 22:00:00,-0.83604604,0,0
2012-11-09 23:00:00,-0.9535922,0,0
2012-11-10 00:00:00,-1.0475456,1,0
2012-11-10 01:00:00,-1.1384456,1,0
2012-11-10 02:00:00,-1.2276857,1,0
2012-11-10 03:00:00,-1.3190631,1,0
2012-11-10 04:00:00,-1.416375,1,0
2012-11-10 05:00:00,-1.5431666,1,0
2012-11-10 06:00:00,-1.6126933,1,0
2012-11-10 07:00:00,-1.452842,1,0
2012-11-10 08:00:00,-1.2440066,1,0
2012-11-10 09:00:00,-0.90093416,1,0
2012-11-10 10:00:00,-0.5464889,1,0
2012-11-10 11:00:00,-0.23127402,1,0
2012-11-10 12:00:00,0.05270466,1,0
2012-11-10 13:00:00,0.38171214,1,0
2012-11-10 14:00:00,0.6067139,1,0
2012-11-10 15:00:00,0.7385995,1,0
2012-11-10 16:00:00,0.7889834,1,0
2012-11-10 17:00:00,0.75795835,1,0
2012-11-10 18:00:00,0.64977103,1,0
2012-11-10 19:00:00,0.61331654,1,0
2012-11-10 20:00:00,0.3513082,1,0
2012-11-10 21:00:00,0.085445814,1,0
2012-11-10 22:00:00,-0.1903283,1,0
2012-11-10 23:00:00,-0.52229387,1,0
2012-11-11 00:00:00,-0.8002381,1,0
2012-11-11 01:00:00,-0.92506105,1,0
2012-11-11 02:00:00,-0.93996435,1,0
2012-11-11 03:00:00,-0.954124,1,0
2012-11-11 04:00:00,-0.96918714,1,0
2012-11-11 05:00:00,-1.082047,1,0
2012-11-11 06:00:00,-1.0622634,1,0
2012-11-11 07:00:00,-0.8006733,1,0
2012-11-11 08:00:00,-0.34660953,1,0
2012-11-11 09:00:00,0.086427175,1,0
2012-11-11 10:00:00,0.4795841,1,0
2012-11-11 11:00:00,0.8333384,1,0
2012-11-11 12:00:00,1.1624117,1,0
2012-11-11 13:00:00,1.4181112,1,0
2012-11-11 14:00:00,1.6028744,1,0
2012-11-11 15:00:00,1.6863842,1,0
2012-11-11 16:00:00,1.6768719,1,0
2012-11-11 17:00:00,1.6626958,1,0
2012-11-11 18:00:00,1.6716558,1,0
2012-11-11 19:00:00,1.427221,1,0
2012-11-11 20:00:00,1.065381,1,0
2012-11-11 21:00:00,0.7391362,1,0
2012-11-11 22:00:00,0.44814247,1,0
2012-11-11 23:00:00,0.24657203,1,0
2012-11-12 00:00:00,0.145456,0,0
2012-11-12 01:00:00,0.25420183,0,0
2012-11-12 02:00:00,0.7660136,0,0
2012-11-12 03:00:00,0.84672844,0,0
2012-11-12 04:00:00,0.7787961,0,0
2012-11-12 05:00:00,0.6400264,0,0
2012-11-12 06:00:00,0.49641055,0,0
2012-11-12 07:00:00,0.3885303,0,0
2012-11-12 08:00:00,0.3655883,0,0
2012-11-12 09:00:00,0.4187249,0,0
2012-11-12 10:00:00,0.5843935,0,0
2012-11-12 11:00:00,0.6575076,0,0
2012-11-12 12:00:00,0.8050094,0,0
2012-11-12 13:00:00,0.9130678,0,0
2012-11-12 14:00:00,0.9651951,0,0
2012-11-12 15:00:00,0.97761256,0,0
2012-11-12 16:00:00,0.9324386,0,0
2012-11-12 17:00:00,0.814133,0,0
2012-11-12 18:00:00,0.57729524,0,0
2012-11-12 19:00:00,0.2837479,0,0
2012-11-12 20:00:00,-0.013565845,0,0
2012-11-12 21:00:00,-0.23022825,0,0
2012-11-12 22:00:00,-0.39476886,0,0
2012-11-12 23:00:00,-0.533567,0,0
2012-11-13 00:00:00,-0.6622072,0,0
2012-11-13 01:00:00,-0.7885379,0,0
2012-11-13 02:00:00,-0.9023378,0,0
2012-11-13 03:00:00,-1.0083833,0,0
2012-11-13 04:00:00,-1.0875596,0,0
2012-11-13 05:00:00,-1.1689508,0,0
2012-11-13 06:00:00,-1.2393937,0,0
2012-11-13 07:00:00,-1.1380286,0,0
2012-11-13 08:00:00,-0.9937038,0,0
2012-11-13 09:00:00,-0.78945875,0,0
2012-11-13 10:00:00,-0.5405288,0,0
2012-11-13 11:00:00,-0.19625974,0,0
2012-11-13 12:00:00,0.11636128,0,0
2012-11-13 13:00:00,0.45413366,0,0
2012-11-13 14:00:00,0.70751125,0,0
2012-11-13 15:00:00,0.84902203,0,0
2012-11-13 16:00:00,0.88917255,0,0
2012-11-13 17:00:00,0.90477824,0,0
2012-11-13 18:00:00,0.74244463,0,0
2012-11-13 19:00:00,0.4706777,0,0
2012-11-13 20:00:00,0.13270158,0,0
2012-11-13 21:00:00,-0.097422354,0,0
2012-11-13 22:00:00,-0.25515583,0,0
2012-11-13 23:00:00,-0.36407492,0,0
2012-11-14 00:00:00,-0.44307116,0,0
2012-11-14 01:00:00,-0.5156123,0,0
2012-11-14 02:00:00,-0.58954704,0,0
2012-11-14 03:00:00,-0.640887,0,0
2012-11-14 04:00:00,-0.6889195,0,0
2012-11-14 05:00:00,-0.71396196,0,0
2012-11-14 06:00:00,-0.74055773,0,0
2012-11-14 07:00:00,-0.5465092,0,0
2012-11-14 08:00:00,-0.19317393,0,0
2012-11-14 09:00:00,0.14687845,0,0
2012-11-14 10:00:00,0.49296936,0,0
2012-11-14 11:00:00,0.8321174,0,0
2012-11-14 12:00:00,1.0734046,0,0
2012-11-14 13:00:00,1.2313542,0,0
2012-11-14 14:00:00,1.2646997,0,0
2012-11-14 15:00:00,1.1863543,0,0
2012-11-14 16:00:00,1.1037103,0,0
2012-11-14 17:00:00,1.4019592,0,0
2012-11-14 18:00:00,1.3448098,0,0
2012-11-14 19:00:00,1.177118,0,0
2012-11-14 20:00:00,0.82901037,0,0
2012-11-14 21:00:00,0.5095816,0,0
2012-11-14 22:00:00,0.27375078,0,0
2012-11-14 23:00:00,0.102294035,0,0
2012-11-15 00:00:00,-0.005614885,0,0
2012-11-15 01:00:00,-0.108066306,0,0
2012-11-15 02:00:00,-0.18413818,0,0
2012-11-15 03:00:00,-0.27166745,0,0
2012-11-15 04:00:00,-0.3020727,0,0
2012-11-15 05:00:00,-0.28030944,0,0
2012-11-15 06:00:00,-0.31101996,0,0
2012-11-15 07:00:00,-0.20514497,0,0
2012-11-15 08:00:00,-0.061396413,0,0
2012-11-15 09:00:00,0.107550964,0,0
2012-11-15 10:00:00,0.22904673,0,0
2012-11-15 11:00:00,0.2978529,0,0
2012-11-15 12:00:00,0.47188994,0,0
2012-11-15 13:00:00,0.8049847,0,0
2012-11-15 14:00:00,1.1597601,0,0
2012-11-15 15:00:00,1.3049167,0,0
2012-11-15 16:00:00,1.220707,0,0
2012-11-15 17:00:00,1.1177801,0,0
2012-11-15 18:00:00,0.8786406,0,0
2012-11-15 19:00:00,0.56525886,0,0
2012-11-15 20:00:00,0.29663178,0,0
2012-11-15 21:00:00,0.1789213,0,0
2012-11-15 22:00:00,0.12972638,0,0
2012-11-15 23:00:00,0.075035416,0,0
2012-11-16 00:00:00,0.06866918,0,0
2012-11-16 01:00:00,0.07863095,0,0
2012-11-16 02:00:00,0.094687186,0,0
2012-11-16 03:00:00,0.09667148,0,0
2012-11-16 04:00:00,0.041640647,0,0
2012-11-16 05:00:00,-0.20224099,0,0
2012-11-16 06:00:00,-0.33539802,0,0
2012-11-16 07:00:00,-0.3682337,0,0
2012-11-16 08:00:00,-0.35198095,0,0
2012-11-16 09:00:00,-0.1803633,0,0
2012-11-16 10:00:00,0.031049756,0,0
2012-11-16 11:00:00,0.28986913,0,0
2012-11-16 12:00:00,0.5416346,0,0
2012-11-16 13:00:00,0.78650624,0,0
2012-11-16 14:00:00,0.96668184,0,0
2012-11-16 15:00:00,1.0506103,0,0
2012-11-16 16:00:00,1.0057542,0,0
2012-11-16 17:00:00,0.77724767,0,0
2012-11-16 18:00:00,0.5027328,0,0
2012-11-16 19:00:00,0.2011645,0,0
2012-11-16 20:00:00,-0.053751152,0,0
2012-11-16 21:00:00,-0.23368384,0,0
2012-11-16 22:00:00,-0.3613225,0,0
2012-11-16 23:00:00,-0.4432001,0,0
2012-11-17 00:00:00,-0.5007412,1,0
2012-11-17 01:00:00,-0.56057924,1,0
2012-11-17 02:00:00,-0.6461165,1,0
2012-11-17 03:00:00,-0.72174984,1,0
2012-11-17 04:00:00,-0.77809626,1,0
2012-11-17 05:00:00,-0.83287275,1,0
2012-11-17 06:00:00,-0.8877313,1,0
2012-11-17 07:00:00,-0.79551405,1,0
2012-11-17 08:00:00,-0.5213989,1,0
2012-11-17 09:00:00,-0.19573617,1,0
2012-11-17 10:00:00,0.11931968,1,0
2012-11-17 11:00:00,0.47863418,1,0
2012-11-17 12:00:00,0.8201528,1,0
2012-11-17 13:00:00,1.0699174,1,0
2012-11-17 14:00:00,1.1819443,1,0
2012-11-17 15:00:00,1.2375499,1,0
2012-11-17 16:00:00,1.1929826,1,0
2012-11-17 17:00:00,1.0189931,1,0
2012-11-17 18:00:00,0.8022207,1,0
2012-11-17 19:00:00,0.50936925,1,0
2012-11-17 20:00:00,0.17354071,1,0
2012-11-17 21:00:00,-0.09801854,1,0
2012-11-17 22:00:00,-0.28605762,1,0
2012-11-17 23:00:00,-0.41869804,1,0
2012-11-18 00:00:00,-0.5325414,1,0
2012-11-18 01:00:00,-0.6355769,1,0
2012-11-18 02:00:00,-0.7146244,1,0
2012-11-18 03:00:00,-0.78468394,1,0
2012-11-18 04:00:00,-0.8585407,1,0
2012-11-18 05:00:00,-0.7608008,1,0
2012-11-18 06:00:00,-0.70653456,1,0
2012-11-18 07:00:00,-0.46992183,1,0
2012-11-18 08:00:00,-0.30994567,1,0
2012-11-18 09:00:00,-0.14942445,1,0
2012-11-18 10:00:00,0.036252666,1,0
2012-11-18 11:00:00,0.29148787,1,0
2012-11-18 12:00:00,0.5528251,1,0
2012-11-18 13:00:00,0.7557329,1,0
2012-11-18 14:00:00,0.8782785,1,0
2012-11-18 15:00:00,0.92617327,1,0
2012-11-18 16:00:00,0.90198094,1,0
2012-11-18 17:00:00,0.8632417,1,0
2012-11-18 18:00:00,0.7011747,1,0
2012-11-18 19:00:00,0.43040147,1,0
2012-11-18 20:00:00,0.0933249,1,0
2012-11-18 21:00:00,-0.16044287,1,0
2012-11-18 22:00:00,-0.33705583,1,0
2012-11-18 23:00:00,-0.4757252,1,0
2012-11-19 00:00:00,-0.5848674,0,0
2012-11-19 01:00:00,-0.6598003,0,0
2012-11-19 02:00:00,-0.721788,0,0
2012-11-19 03:00:00,-0.7821158,0,0
2012-11-19 04:00:00,-0.83939034,0,0
2012-11-19 05:00:00,-0.95153034,0,0
2012-11-19 06:00:00,-0.98603827,0,0
2012-11-19 07:00:00,-0.7314992,0,0
2012-11-19 08:00:00,-0.34051368,0,0
2012-11-19 09:00:00,0.07768725,0,0
2012-11-19 10:00:00,0.45880744,0,0
2012-11-19 11:00:00,0.836476,0,0
2012-11-19 12:00:00,1.1677634,0,0
2012-11-19 13:00:00,1.4988037,0,0
2012-11-19 14:00:00,1.78104,0,0
2012-11-19 15:00:00,1.9478788,0,0
2012-11-19 16:00:00,1.9836066,0,0
2012-11-19 17:00:00,1.9389708,0,0
2012-11-19 18:00:00,1.789637,0,0
2012-11-19 19:00:00,1.62318,0,0
2012-11-19 20:00:00,1.1891443,0,0
2012-11-19 21:00:00,0.8077898,0,0
2012-11-19 22:00:00,0.51691264,0,0
2012-11-19 23:00:00,0.37207863,0,0
2012-11-20 00:00:00,0.24425323,0,0
2012-11-20 01:00:00,0.10884578,0,0
2012-11-20 02:00:00,0.02355586,0,0
2012-11-20 03:00:00,0.009541684,0,0
2012-11-20 04:00:00,0.013408941,0,0
2012-11-20 05:00:00,0.0709817,0,0
2012-11-20 06:00:00,0.0976156,0,0
2012-11-20 07:00:00,0.2869486,0,0
2012-11-20 08:00:00,0.6318532,0,0
2012-11-20 09:00:00,1.0287318,0,0
2012-11-20 10:00:00,1.4244522,0,0
2012-11-20 11:00:00,1.7248555,0,0
2012-11-20 12:00:00,1.9165008,0,0
2012-11-20 13:00:00,2.2379289,0,0
2012-11-20 14:00:00,2.4612072,0,0
2012-11-20 15:00:00,2.6237633,0,0
2012-11-20 16:00:00,2.6532605,0,0
2012-11-20 17:00:00,2.601649,0,0
2012-11-20 18:00:00,2.586192,0,0
2012-11-20 19:00:00,2.1294868,0,0
2012-11-20 20:00:00,1.7843769,0,0
2012-11-20 21:00:00,1.618395,0,0
2012-11-20 22:00:00,1.4797645,0,0
2012-11-20 23:00:00,1.2993976,0,0
2012-11-21 00:00:00,1.0618048,0,0
2012-11-21 01:00:00,0.8414439,0,0
2012-11-21 02:00:00,0.673428,0,0
2012-11-21 03:00:00,0.5591508,0,0
2012-11-21 04:00:00,0.46959317,0,0
2012-11-21 05:00:00,0.44101995,0,0
2012-11-21 06:00:00,0.38484567,0,0
2012-11-21 07:00:00,0.33962882,0,0
2012-11-21 08:00:00,0.3166868,0,0
2012-11-21 09:00:00,0.3513868,0,0
2012-11-21 10:00:00,0.4103534,0,0
2012-11-21 11:00:00,0.5582348,0,0
2012-11-21 12:00:00,0.7756621,0,0
2012-11-21 13:00:00,0.966165,0,0
2012-11-21 14:00:00,1.0767947,0,0
2012-11-21 15:00:00,1.1059545,0,0
2012-11-21 16:00:00,1.0803218,0,0
2012-11-21 17:00:00,0.89287794,0,0
2012-11-21 18:00:00,0.6549477,0,0
2012-11-21 19:00:00,0.36945555,0,0
2012-11-21 20:00:00,0.08670367,0,0
2012-11-21 21:00:00,-0.124290764,0,0
2012-11-21 22:00:00,-0.27303618,0,0
2012-11-21 23:00:00,-0.39701867,0,0
2012-11-22 00:00:00,-0.488929,0,0
2012-11-22 01:00:00,-0.58158314,0,0
2012-11-22 02:00:00,-0.67157924,0,0
2012-11-22 03:00:00,-0.7698194,0,0
2012-11-22 04:00:00,-0.8807503,0,0
2012-11-22 05:00:00,-0.9966831,0,0
2012-11-22 06:00:00,-1.0826156,0,0
2012-11-22 07:00:00,-0.77356315,0,0
2012-11-22 08:00:00,-0.43801624,0,0
2012-11-22 09:00:00,-0.06790821,0,0
2012-11-22 10:00:00,0.289267,0,0
2012-11-22 11:00:00,0.69182795,0,0
2012-11-22 12:00:00,1.1139542,0,0
2012-11-22 13:00:00,1.4496117,0,0
2012-11-22 14:00:00,1.6865357,0,0
2012-11-22 15:00:00,1.8239831,0,0
2012-11-22 16:00:00,1.8618242,0,0
2012-11-22 17:00:00,1.8341788,0,0
2012-11-22 18:00:00,1.6056002,0,0
2012-11-22 19:00:00,1.2221717,0,0
2012-11-22 20:00:00,0.7651936,0,0
2012-11-22 21:00:00,0.41350415,0,0
2012-11-22 22:00:00,0.1973314,0,0
2012-11-22 23:00:00,0.031792566,0,0
2012-11-23 00:00:00,-0.08065721,0,0
2012-11-23 01:00:00,-0.15707782,0,0
2012-11-23 02:00:00,-0.20480914,0,0
2012-11-23 03:00:00,-0.2183313,0,0
2012-11-23 04:00:00,-0.19203897,0,0
2012-11-23 05:00:00,-0.11920729,0,0
2012-11-23 06:00:00,-0.009684741,0,0
2012-11-23 07:00:00,0.23989074,0,0
2012-11-23 08:00:00,0.666506,0,0
2012-11-23 09:00:00,1.1179061,0,0
2012-11-23 10:00:00,1.489827,0,0
2012-11-23 11:00:00,1.7961817,0,0
2012-11-23 12:00:00,2.0855289,0,0
2012-11-23 13:00:00,2.3392696,0,0
2012-11-23 14:00:00,2.5448794,0,0
2012-11-23 15:00:00,2.626836,0,0
2012-11-23 16:00:00,2.5903726,0,0
2012-11-23 17:00:00,2.4554524,0,0
2012-11-23 18:00:00,2.2845776,0,0
2012-11-23 19:00:00,2.114856,0,0
2012-11-23 20:00:00,1.8428631,0,0
2012-11-23 21:00:00,1.5714674,0,0
2012-11-23 22:00:00,1.4344,0,0
2012-11-23 23:00:00,1.2798281,0,0
2012-11-24 00:00:00,1.1843889,1,0
2012-11-24 01:00:00,1.1170193,1,0
2012-11-24 02:00:00,1.0452132,1,0
2012-11-24 03:00:00,0.98356724,1,0
2012-11-24 04:00:00,0.97615814,1,0
2012-11-24 05:00:00,0.99715066,1,0
2012-11-24 06:00:00,1.0409489,1,0
2012-11-24 07:00:00,1.3572103,1,0
2012-11-24 08:00:00,1.8446152,1,0
2012-11-24 09:00:00,2.2373197,1,0
2012-11-24 10:00:00,2.593952,1,0
2012-11-24 11:00:00,2.8538568,1,0
2012-11-24 12:00:00,2.9630706,1,0
2012-11-24 13:00:00,3.0322533,1,0
2012-11-24 14:00:00,3.1707194,1,0
2012-11-24 15:00:00,3.2649124,1,0
2012-11-24 16:00:00,3.339169,1,0
2012-11-24 17:00:00,3.1476693,1,0
2012-11-24 18:00:00,2.8948677,1,0
2012-11-24 19:00:00,2.6129527,1,0
2012-11-24 20:00:00,2.3004973,1,0
2012-11-24 21:00:00,2.0071652,1,0
2012-11-24 22:00:00,1.7081305,1,0
2012-11-24 23:00:00,1.4482605,1,0
2012-11-25 00:00:00,1.2273014,1,0
2012-11-25 01:00:00,1.053484,1,0
2012-11-25 02:00:00,0.9303519,1,0
2012-11-25 03:00:00,0.83639854,1,0
2012-11-25 04:00:00,0.7368592,1,0
2012-11-25 05:00:00,0.6435719,1,0
2012-11-25 06:00:00,0.6016463,1,0
2012-11-25 07:00:00,0.79151434,1,0
2012-11-25 08:00:00,1.1244913,1,0
2012-11-25 09:00:00,1.5763774,1,0
2012-11-25 10:00:00,2.0520773,1,0
2012-11-25 11:00:00,2.5236328,1,0
2012-11-25 12:00:00,2.8860862,1,0
2012-11-25 13:00:00,3.1145167,1,0
2012-11-25 14:00:00,3.2234514,1,0
2012-11-25 15:00:00,3.2329905,1,0
2012-11-25 16:00:00,3.2454116,1,0
2012-11-25 17:00:00,3.184395,1,0
2012-11-25 18:00:00,2.8946767,1,0
2012-11-25 19:00:00,2.4182203,1,0
2012-11-25 20:00:00,1.9560515,1,0
2012-11-25 21:00:00,1.5803231,1,0
2012-11-25 22:00:00,1.3273382,1,0
2012-11-25 23:00:00,1.1551987,1,0
2012-11-26 00:00:00,1.0632839,0,0
2012-11-26 01:00:00,1.0044274,0,0
2012-11-26 02:00:00,0.9847989,0,0
2012-11-26 03:00:00,1.0120413,0,0
2012-11-26 04:00:00,1.0366696,0,0
2012-11-26 05:00:00,1.1695185,0,0
2012-11-26 06:00:00,1.2410794,0,0
2012-11-26 07:00:00,1.4091868,0,0
2012-11-26 08:00:00,1.7764387,0,0
2012-11-26 09:00:00,2.0926852,0,0
2012-11-26 10:00:00,2.5893586,0,0
2012-11-26 11:00:00,3.0026226,0,0
2012-11-26 12:00:00,3.305485,0,0
2012-11-26 13:00:00,3.4540274,0,0
2012-11-26 14:00:00,3.662904,0,0
2012-11-26 15:00:00,3.7424753,0,0
2012-11-26 16:00:00,3.722269,0,0
2012-11-26 17:00:00,3.6847303,0,0
2012-11-26 18:00:00,3.5227861,0,0
2012-11-26 19:00:00,3.2619622,0,0
2012-11-26 20:00:00,2.8950856,0,0
2012-11-26 21:00:00,2.6405084,0,0
2012-11-26 22:00:00,2.439842,0,0
2012-11-26 23:00:00,2.3068523,0,0
2012-11-27 00:00:00,2.2033083,0,0
2012-11-27 01:00:00,2.1106665,0,0
2012-11-27 02:00:00,1.9802185,0,0
2012-11-27 03:00:00,1.8629507,0,0
2012-11-27 04:00:00,1.767522,0,0
2012-11-27 05:00:00,1.555688,0,0
2012-11-27 06:00:00,1.4426441,0,0
2012-11-27 07:00:00,1.5145763,0,0
2012-11-27 08:00:00,1.800171,0,0
2012-11-27 09:00:00,2.170023,0,0
2012-11-27 10:00:00,2.5689223,0,0
2012-11-27 11:00:00,2.9494483,0,0
2012-11-27 12:00:00,3.2689588,0,0
2012-11-27 13:00:00,3.529986,0,0
2012-11-27 14:00:00,3.6805055,0,0
2012-11-27 15:00:00,3.7297595,0,0
2012-11-27 16:00:00,3.6751833,0,0
2012-11-27 17:00:00,3.6376612,0,0
2012-11-27 18:00:00,3.448436,0,0
2012-11-27 19:00:00,3.1265004,0,0
2012-11-27 20:00:00,2.7631218,0,0
2012-11-27 21:00:00,2.4465456,0,0
2012-11-27 22:00:00,2.2120137,0,0
2012-11-27 23:00:00,2.0265505,0,0
2012-11-28 00:00:00,1.9112195,0,0
2012-11-28 01:00:00,1.8221083,0,0
2012-11-28 02:00:00,1.7443885,0,0
2012-11-28 03:00:00,1.6744232,0,0
2012-11-28 04:00:00,1.6124477,0,0
2012-11-28 05:00:00,1.5411834,0,0
2012-11-28 06:00:00,1.4856629,0,0
2012-11-28 07:00:00,1.8160186,0,0
2012-11-28 08:00:00,2.3564184,0,0
2012-11-28 09:00:00,2.8921392,0,0
2012-11-28 10:00:00,3.3982966,0,0
2012-11-28 11:00:00,3.7027965,0,0
2012-11-28 12:00:00,3.949658,0,0
2012-11-28 13:00:00,4.0785108,0,0
2012-11-28 14:00:00,4.0855584,0,0
2012-11-28 15:00:00,4.015062,0,0
2012-11-28 16:00:00,3.9085078,0,0
2012-11-28 17:00:00,3.934138,0,0
2012-11-28 18:00:00,3.7969875,0,0
2012-11-28 19:00:00,3.5810752,0,0
2012-11-28 20:00:00,3.2808719,0,0
2012-11-28 21:00:00,3.013622,0,0
2012-11-28 22:00:00,2.7789178,0,0
2012-11-28 23:00:00,2.599879,0,0
2012-11-29 00:00:00,2.442945,0,0
2012-11-29 01:00:00,2.3151894,0,0
2012-11-29 02:00:00,2.2210598,0,0
2012-11-29 03:00:00,2.2275236,0,0
2012-11-29 04:00:00,2.260551,0,0
2012-11-29 05:00:00,2.3072917,0,0
2012-11-29 06:00:00,2.3717196,0,0
2012-11-29 07:00:00,2.6278648,0,0
2012-11-29 08:00:00,3.033824,0,0
2012-11-29 09:00:00,3.3344572,0,0
2012-11-29 10:00:00,3.4597473,0,0
2012-11-29 11:00:00,3.8690767,0,0
2012-11-29 12:00:00,4.3862004,0,0
2012-11-29 13:00:00,4.6112766,0,0
2012-11-29 14:00:00,4.7068257,0,0
2012-11-29 15:00:00,4.506295,0,0
2012-11-29 16:00:00,4.4075894,0,0
2012-11-29 17:00:00,3.777439,0,0
2012-11-29 18:00:00,3.5920434,0,0
2012-11-29 19:00:00,3.5509176,0,0
2012-11-29 20:00:00,3.5236979,0,0
2012-11-29 21:00:00,3.4789574,0,0
2012-11-29 22:00:00,3.310677,0,0
2012-11-29 23:00:00,3.077295,0,0
2012-11-30 00:00:00,2.830493,0,0
2012-11-30 01:00:00,2.6528864,0,0
2012-11-30 02:00:00,2.5217726,0,0
2012-11-30 03:00:00,2.375925,0,0
2012-11-30 04:00:00,2.220534,0,0
2012-11-30 05:00:00,2.2703042,0,0
2012-11-30 06:00:00,2.1751416,0,0
2012-11-30 07:00:00,2.1360662,0,0
2012-11-30 08:00:00,2.3560865,0,0
2012-11-30 09:00:00,2.652224,0,0
2012-11-30 10:00:00,3.2268946,0,0
2012-11-30 11:00:00,3.700736,0,0
2012-11-30 12:00:00,4.0116415,0,0
2012-11-30 13:00:00,4.1010046,0,0
2012-11-30 14:00:00,4.1335635,0,0
2012-11-30 15:00:00,4.1639256,0,0
2012-11-30 16:00:00,4.1820292,0,0
2012-11-30 17:00:00,4.2851973,0,0
2012-11-30 18:00:00,3.957034,0,0
2012-11-30 19:00:00,3.6788774,0,0
2012-11-30 20:00:00,3.3431554,0,0
2012-11-30 21:00:00,2.9738839,0,0
2012-11-30 22:00:00,2.7176614,0,0
2012-11-30 23:00:00,2.585654,0,0
2012-12-01 00:00:00,2.4372182,1,0
2012-12-01 01:00:00,2.203517,1,0
2012-12-01 02:00:00,1.9497972,1,0
2012-12-01 03:00:00,1.7165221,1,0
2012-12-01 04:00:00,1.5076306,1,0
2012-12-01 05:00:00,1.2057339,1,0
2012-12-01 06:00:00,1.1376829,1,0
2012-12-01 07:00:00,1.2063552,1,0
2012-12-01 08:00:00,1.3980781,1,0
2012-12-01 09:00:00,1.6279143,1,0
2012-12-01 10:00:00,1.8039684,1,0
2012-12-01 11:00:00,2.0085208,1,0
2012-12-01 12:00:00,2.0246665,1,0
2012-12-01 13:00:00,2.0463982,1,0
2012-12-01 14:00:00,1.9586198,1,0
2012-12-01 15:00:00,1.8951861,1,0
2012-12-01 16:00:00,1.7254556,1,0
2012-12-01 17:00:00,1.57092,1,0
2012-12-01 18:00:00,1.3814867,1,0
2012-12-01 19:00:00,1.2080004,1,0
2012-12-01 20:00:00,1.0613713,1,0
2012-12-01 21:00:00,0.9281693,1,0
2012-12-01 22:00:00,0.83259034,1,0
2012-12-01 23:00:00,0.7556802,1,0
2012-12-02 00:00:00,0.6529113,1,0
2012-12-02 01:00:00,0.5421646,1,0
2012-12-02 02:00:00,0.42203504,1,0
2012-12-02 03:00:00,0.33832985,1,0
2012-12-02 04:00:00,0.23443373,1,0
2012-12-02 05:00:00,0.07485046,1,0
2012-12-02 06:00:00,0.07240254,1,0
2012-12-02 07:00:00,0.13645136,1,0
2012-12-02 08:00:00,0.2355479,1,0
2012-12-02 09:00:00,0.39657316,1,0
2012-12-02 10:00:00,0.6039436,1,0
2012-12-02 11:00:00,0.8273754,1,0
2012-12-02 12:00:00,1.0324173,1,0
2012-12-02 13:00:00,1.2121122,1,0
2012-12-02 14:00:00,1.3082626,1,0
2012-12-02 15:00:00,1.2973416,1,0
2012-12-02 16:00:00,1.2577969,1,0
2012-12-02 17:00:00,1.3137254,1,0
2012-12-02 18:00:00,1.1386937,1,0
2012-12-02 19:00:00,0.92779255,1,0
2012-12-02 20:00:00,0.7667306,1,0
2012-12-02 21:00:00,0.63433546,1,0
2012-12-02 22:00:00,0.5057809,1,0
2012-12-02 23:00:00,0.37758687,1,0
2012-12-03 00:00:00,0.25179684,0,0
2012-12-03 01:00:00,0.13442734,0,0
2012-12-03 02:00:00,0.03776918,0,0
2012-12-03 03:00:00,-0.029064959,0,0
2012-12-03 04:00:00,-0.12637697,0,0
2012-12-03 05:00:00,-0.12235157,0,0
2012-12-03 06:00:00,-0.11859856,0,0
2012-12-03 07:00:00,0.0104984585,0,0
2012-12-03 08:00:00,0.14542519,0,0
2012-12-03 09:00:00,0.26513642,0,0
2012-12-03 10:00:00,0.44409442,0,0
2012-12-03 11:00:00,0.5398252,0,0
2012-12-03 12:00:00,0.671108,0,0
2012-12-03 13:00:00,0.77360743,0,0
2012-12-03 14:00:00,0.77428114,0,0
2012-12-03 15:00:00,0.8451936,0,0
2012-12-03 16:00:00,0.93523556,0,0
2012-12-03 17:00:00,0.9241059,0,0
2012-12-03 18:00:00,0.84392005,0,0
2012-12-03 19:00:00,0.72322524,0,0
2012-12-03 20:00:00,0.5725611,0,0
2012-12-03 21:00:00,0.42225802,0,0
2012-12-03 22:00:00,0.3141728,0,0
2012-12-03 23:00:00,0.28226075,0,0
2012-12-04 00:00:00,0.22300644,0,0
2012-12-04 01:00:00,0.16747154,0,0
2012-12-04 02:00:00,0.15972386,0,0
2012-12-04 03:00:00,0.012400544,0,0
2012-12-04 04:00:00,-0.22168806,0,0
2012-12-04 05:00:00,-0.32221776,0,0
2012-12-04 06:00:00,-0.5122877,0,0
2012-12-04 07:00:00,-0.65524185,0,0
2012-12-04 08:00:00,-0.6414544,0,0
2012-12-04 09:00:00,-0.5757479,0,0
2012-12-04 10:00:00,-0.39709538,0,0
2012-12-04 11:00:00,-0.22842899,0,0
2012-12-04 12:00:00,-0.08990036,0,0
2012-12-04 13:00:00,0.059326753,0,0
2012-12-04 14:00:00,0.18447188,0,0
2012-12-04 15:00:00,0.23309503,0,0
2012-12-04 16:00:00,0.25967872,0,0
2012-12-04 17:00:00,0.2353332,0,0
2012-12-04 18:00:00,0.1402597,0,0
2012-12-04 19:00:00,0.026815074,0,0
2012-12-04 20:00:00,-0.09479134,0,0
2012-12-04 21:00:00,-0.17984788,0,0
2012-12-04 22:00:00,-0.21599562,0,0
2012-12-04 23:00:00,-0.24288917,0,0
2012-12-05 00:00:00,-0.28461087,0,0
2012-12-05 01:00:00,-0.3155246,0,0
2012-12-05 02:00:00,-0.3390984,0,0
2012-12-05 03:00:00,-0.34148312,0,0
2012-12-05 04:00:00,-0.31725293,0,0
2012-12-05 05:00:00,-0.31147593,0,0
2012-12-05 06:00:00,-0.3287665,0,0
2012-12-05 07:00:00,-0.22513759,0,0
2012-12-05 08:00:00,-0.11569126,0,0
2012-12-05 09:00:00,0.09956237,0,0
2012-12-05 10:00:00,0.25022638,0,0
2012-12-05 11:00:00,0.39227533,0,0
2012-12-05 12:00:00,0.5516729,0,0
2012-12-05 13:00:00,0.7625118,0,0
2012-12-05 14:00:00,0.9369728,0,0
2012-12-05 15:00:00,1.0025855,0,0
2012-12-05 16:00:00,1.0137384,0,0
2012-12-05 17:00:00,0.9337957,0,0
2012-12-05 18:00:00,0.8278321,0,0
2012-12-05 19:00:00,0.646173,0,0
2012-12-05 20:00:00,0.4223968,0,0
2012-12-05 21:00:00,0.23205169,0,0
2012-12-05 22:00:00,0.07770129,0,0
2012-12-05 23:00:00,-0.05444974,0,0
2012-12-06 00:00:00,-0.15856127,0,0
2012-12-06 01:00:00,-0.24643905,0,0
2012-12-06 02:00:00,-0.3519441,0,0
2012-12-06 03:00:00,-0.48545748,0,0
2012-12-06 04:00:00,-0.6286902,0,0
2012-12-06 05:00:00,-0.7655622,0,0
2012-12-06 06:00:00,-0.77106345,0,0
2012-12-06 07:00:00,-0.48555273,0,0
2012-12-06 08:00:00,-0.07827379,0,0
2012-12-06 09:00:00,0.35682705,0,0
2012-12-06 10:00:00,0.76055807,0,0
2012-12-06 11:00:00,1.0956916,0,0
2012-12-06 12:00:00,1.2822014,0,0
2012-12-06 13:00:00,1.3784108,0,0
2012-12-06 14:00:00,1.3293817,0,0
2012-12-06 15:00:00,1.354604,0,0
2012-12-06 16:00:00,1.389253,0,0
2012-12-06 17:00:00,1.4719269,0,0
2012-12-06 18:00:00,1.3159089,0,0
2012-12-06 19:00:00,1.1875062,0,0
2012-12-06 20:00:00,0.90090704,0,0
2012-12-06 21:00:00,0.78024524,0,0
2012-12-06 22:00:00,0.7639723,0,0
2012-12-06 23:00:00,0.7344643,0,0
2012-12-07 00:00:00,0.70350695,0,0
2012-12-07 01:00:00,0.67289394,0,0
2012-12-07 02:00:00,0.6255655,0,0
2012-12-07 03:00:00,0.5584683,0,0
2012-12-07 04:00:00,0.512589,0,0
2012-12-07 05:00:00,0.50208914,0,0
2012-12-07 06:00:00,0.49280015,0,0
2012-12-07 07:00:00,0.7082586,0,0
2012-12-07 08:00:00,1.1248608,0,0
2012-12-07 09:00:00,1.5598913,0,0
2012-12-07 10:00:00,1.8548543,0,0
2012-12-07 11:00:00,2.147653,0,0
2012-12-07 12:00:00,2.3492427,0,0
2012-12-07 13:00:00,2.4976208,0,0
2012-12-07 14:00:00,2.6482136,0,0
2012-12-07 15:00:00,2.7724924,0,0
2012-12-07 16:00:00,2.8094895,0,0
2012-12-07 17:00:00,2.930559,0,0
2012-12-07 18:00:00,2.856624,0,0
2012-12-07 19:00:00,2.7663782,0,0
2012-12-07 20:00:00,2.515853,0,0
2012-12-07 21:00:00,2.2968473,0,0
2012-12-07 22:00:00,2.1392014,0,0
2012-12-07 23:00:00,1.9663277,0,0
2012-12-08 00:00:00,1.814166,1,0
2012-12-08 01:00:00,1.7037954,1,0
2012-12-08 02:00:00,1.6568955,1,0
2012-12-08 03:00:00,1.635381,1,0
2012-12-08 04:00:00,1.6594124,1,0
2012-12-08 05:00:00,1.7690803,1,0
2012-12-08 06:00:00,1.7514533,1,0
2012-12-08 07:00:00,2.0022688,1,0
2012-12-08 08:00:00,2.4642637,1,0
2012-12-08 09:00:00,2.7352006,1,0
2012-12-08 10:00:00,3.005549,1,0
2012-12-08 11:00:00,3.070144,1,0
2012-12-08 12:00:00,3.0591562,1,0
2012-12-08 13:00:00,3.0722291,1,0
2012-12-08 14:00:00,2.983293,1,0
2012-12-08 15:00:00,2.7551742,1,0
2012-12-08 16:00:00,2.551564,1,0
2012-12-08 17:00:00,2.1917179,1,0
2012-12-08 18:00:00,1.8843482,1,0
2012-12-08 19:00:00,1.5788375,1,0
2012-12-08 20:00:00,1.2731735,1,0
2012-12-08 21:00:00,1.0069528,1,0
2012-12-08 22:00:00,0.77079254,1,0
2012-12-08 23:00:00,0.60420895,1,0
2012-12-09 00:00:00,0.45759287,1,0
2012-12-09 01:00:00,0.35268652,1,0
2012-12-09 02:00:00,0.2245629,1,0
2012-12-09 03:00:00,0.14918388,1,0
2012-12-09 04:00:00,0.08484786,1,0
2012-12-09 05:00:00,0.038380846,1,0
2012-12-09 06:00:00,-0.02900854,1,0
2012-12-09 07:00:00,-0.025771732,1,0
2012-12-09 08:00:00,0.051340915,1,0
2012-12-09 09:00:00,0.19712645,1,0
2012-12-09 10:00:00,0.48191792,1,0
2012-12-09 11:00:00,0.75385904,1,0
2012-12-09 12:00:00,1.0075265,1,0
2012-12-09 13:00:00,1.2126026,1,0
2012-12-09 14:00:00,1.3300831,1,0
2012-12-09 15:00:00,1.3387979,1,0
2012-12-09 16:00:00,1.2380968,1,0
2012-12-09 17:00:00,1.0635667,1,0
2012-12-09 18:00:00,0.824909,1,0
2012-12-09 19:00:00,0.6126577,1,0
2012-12-09 20:00:00,0.426442,1,0
2012-12-09 21:00:00,0.28191558,1,0
2012-12-09 22:00:00,0.17171988,1,0
2012-12-09 23:00:00,0.09288326,1,0
2012-12-10 00:00:00,0.030057296,0,0
2012-12-10 01:00:00,-0.033246048,0,0
2012-12-10 02:00:00,-0.13112967,0,0
2012-12-10 03:00:00,-0.25727624,0,0
2012-12-10 04:00:00,-0.39370954,0,0
2012-12-10 05:00:00,-0.53245246,0,0
2012-12-10 06:00:00,-0.6193709,0,0
2012-12-10 07:00:00,-0.5232741,0,0
2012-12-10 08:00:00,-0.25332916,0,0
2012-12-10 09:00:00,0.07914341,0,0
2012-12-10 10:00:00,0.3952587,0,0
2012-12-10 11:00:00,0.7261368,0,0
2012-12-10 12:00:00,1.0278168,0,0
2012-12-10 13:00:00,1.3225129,0,0
2012-12-10 14:00:00,1.5765523,0,0
2012-12-10 15:00:00,1.7169235,0,0
2012-12-10 16:00:00,1.7685483,0,0
2012-12-10 17:00:00,1.8094528,0,0
2012-12-10 18:00:00,1.7358155,0,0
2012-12-10 19:00:00,1.5486768,0,0
2012-12-10 20:00:00,1.2227762,0,0
2012-12-10 21:00:00,0.98567635,0,0
2012-12-10 22:00:00,0.84207827,0,0
2012-12-10 23:00:00,0.7474664,0,0
2012-12-11 00:00:00,0.6877449,0,0
2012-12-11 01:00:00,0.6304227,0,0
2012-12-11 02:00:00,0.5232804,0,0
2012-12-11 03:00:00,0.38304508,0,0
2012-12-11 04:00:00,0.24504186,0,0
2012-12-11 05:00:00,0.10919236,0,0
2012-12-11 06:00:00,0.075758025,0,0
2012-12-11 07:00:00,0.33672544,0,0
2012-12-11 08:00:00,0.76955384,0,0
2012-12-11 09:00:00,1.3023098,0,0
2012-12-11 10:00:00,1.8720595,0,0
2012-12-11 11:00:00,2.4259052,0,0
2012-12-11 12:00:00,2.824605,0,0
2012-12-11 13:00:00,3.1026943,0,0
2012-12-11 14:00:00,3.3005333,0,0
2012-12-11 15:00:00,3.3982995,0,0
2012-12-11 16:00:00,3.4163406,0,0
2012-12-11 17:00:00,3.4351356,0,0
2012-12-11 18:00:00,3.30179,0,0
2012-12-11 19:00:00,2.9561527,0,0
2012-12-11 20:00:00,2.4641247,0,0
2012-12-11 21:00:00,2.1072133,0,0
2012-12-11 22:00:00,1.928764,0,0
2012-12-11 23:00:00,1.8510474,0,0
2012-12-12 00:00:00,1.8024632,0,0
2012-12-12 01:00:00,1.8013343,0,0
2012-12-12 02:00:00,1.8809688,0,0
2012-12-12 03:00:00,1.9672306,0,0
2012-12-12 04:00:00,2.010004,0,0
2012-12-12 05:00:00,1.9411467,0,0
2012-12-12 06:00:00,1.9834468,0,0
2012-12-12 07:00:00,2.2440677,0,0
2012-12-12 08:00:00,2.6680143,0,0
2012-12-12 09:00:00,3.149964,0,0
2012-12-12 10:00:00,3.5988026,0,0
2012-12-12 11:00:00,3.917542,0,0
2012-12-12 12:00:00,4.1225505,0,0
2012-12-12 13:00:00,4.2942896,0,0
2012-12-12 14:00:00,4.542357,0,0
2012-12-12 15:00:00,4.7290077,0,0
2012-12-12 16:00:00,4.794886,0,0
2012-12-12 17:00:00,4.8119826,0,0
2012-12-12 18:00:00,4.5984616,0,0
2012-12-12 19:00:00,4.334647,0,0
2012-12-12 20:00:00,4.08063,0,0
2012-12-12 21:00:00,3.8608353,0,0
2012-12-12 22:00:00,3.6614633,0,0
2012-12-12 23:00:00,3.519482,0,0
2012-12-13 00:00:00,3.398636,0,0
2012-12-13 01:00:00,3.2567267,0,0
2012-12-13 02:00:00,3.1723406,0,0
2012-12-13 03:00:00,3.0957723,0,0
2012-12-13 04:00:00,3.014013,0,0
2012-12-13 05:00:00,2.8501241,0,0
2012-12-13 06:00:00,2.8156793,0,0
2012-12-13 07:00:00,3.0244594,0,0
2012-12-13 08:00:00,3.3535461,0,0
2012-12-13 09:00:00,3.6773057,0,0
2012-12-13 10:00:00,3.9156065,0,0
2012-12-13 11:00:00,4.1841593,0,0
2012-12-13 12:00:00,4.4905424,0,0
2012-12-13 13:00:00,4.6344986,0,0
2012-12-13 14:00:00,4.6453357,0,0
2012-12-13 15:00:00,4.4481797,0,0
2012-12-13 16:00:00,4.1004157,0,0
2012-12-13 17:00:00,3.9809823,0,0
2012-12-13 18:00:00,3.7683823,0,0
2012-12-13 19:00:00,3.60172,0,0
2012-12-13 20:00:00,3.3787255,0,0
2012-12-13 21:00:00,3.1984994,0,0
2012-12-13 22:00:00,3.0852237,0,0
2012-12-13 23:00:00,3.0302272,0,0
2012-12-14 00:00:00,2.9726207,0,0
2012-12-14 01:00:00,2.9036345,0,0
2012-12-14 02:00:00,2.8438907,0,0
2012-12-14 03:00:00,2.805399,0,0
2012-12-14 04:00:00,2.7255418,0,0
2012-12-14 05:00:00,2.79124,0,0
2012-12-14 06:00:00,2.8116384,0,0
2012-12-14 07:00:00,2.8675168,0,0
2012-12-14 08:00:00,2.9954085,0,0
2012-12-14 09:00:00,3.0896318,0,0
2012-12-14 10:00:00,3.230466,0,0
2012-12-14 11:00:00,3.4684474,0,0
2012-12-14 12:00:00,3.5577936,0,0
2012-12-14 13:00:00,3.4868114,0,0
2012-12-14 14:00:00,3.4696634,0,0
2012-12-14 15:00:00,3.6669383,0,0
2012-12-14 16:00:00,3.8069155,0,0
2012-12-14 17:00:00,3.8211796,0,0
2012-12-14 18:00:00,3.7005956,0,0
2012-12-14 19:00:00,3.5955834,0,0
2012-12-14 20:00:00,3.4018452,0,0
2012-12-14 21:00:00,3.1999736,0,0
2012-12-14 22:00:00,2.9288516,0,0
2012-12-14 23:00:00,2.7121792,0,0
2012-12-15 00:00:00,2.5323453,1,0
2012-12-15 01:00:00,2.3824341,1,0
2012-12-15 02:00:00,2.233533,1,0
2012-12-15 03:00:00,2.0999804,1,0
2012-12-15 04:00:00,1.966174,1,0
2012-12-15 05:00:00,1.840706,1,0
2012-12-15 06:00:00,1.7577446,1,0
2012-12-15 07:00:00,1.7443726,1,0
2012-12-15 08:00:00,1.8208742,1,0
2012-12-15 09:00:00,1.9095238,1,0
2012-12-15 10:00:00,2.088898,1,0
2012-12-15 11:00:00,2.2430193,1,0
2012-12-15 12:00:00,2.3478057,1,0
2012-12-15 13:00:00,2.497355,1,0
2012-12-15 14:00:00,2.5098977,1,0
2012-12-15 15:00:00,2.4743104,1,0
2012-12-15 16:00:00,2.5678563,1,0
2012-12-15 17:00:00,2.520648,1,0
2012-12-15 18:00:00,2.4449272,1,0
2012-12-15 19:00:00,2.2875144,1,0
2012-12-15 20:00:00,2.0873477,1,0
2012-12-15 21:00:00,1.9386532,1,0
2012-12-15 22:00:00,1.7337267,1,0
2012-12-15 23:00:00,1.593014,1,0
2012-12-16 00:00:00,1.4207745,1,0
2012-12-16 01:00:00,1.2385801,1,0
2012-12-16 02:00:00,1.103446,1,0
2012-12-16 03:00:00,1.0180808,1,0
2012-12-16 04:00:00,0.88674384,1,0
2012-12-16 05:00:00,0.7630011,1,0
2012-12-16 06:00:00,0.6304428,1,0
2012-12-16 07:00:00,0.5296512,1,0
2012-12-16 08:00:00,0.54970545,1,0
2012-12-16 09:00:00,0.64305586,1,0
2012-12-16 10:00:00,0.77175516,1,0
2012-12-16 11:00:00,0.889286,1,0
2012-12-16 12:00:00,0.9405983,1,0
2012-12-16 13:00:00,1.0211403,1,0
2012-12-16 14:00:00,1.0492307,1,0
2012-12-16 15:00:00,0.97580135,1,0
2012-12-16 16:00:00,1.0157999,1,0
2012-12-16 17:00:00,1.0832127,1,0
2012-12-16 18:00:00,0.9985413,1,0
2012-12-16 19:00:00,0.8883264,1,0
2012-12-16 20:00:00,0.7752694,1,0
2012-12-16 21:00:00,0.6499913,1,0
2012-12-16 22:00:00,0.54692453,1,0
2012-12-16 23:00:00,0.42510378,1,0
2012-12-17 00:00:00,0.3107831,0,0
2012-12-17 01:00:00,0.21016355,0,0
2012-12-17 02:00:00,0.13807297,0,0
2012-12-17 03:00:00,0.050887942,0,0
2012-12-17 04:00:00,-0.05260833,0,0
2012-12-17 05:00:00,-0.084833406,0,0
2012-12-17 06:00:00,-0.1398764,0,0
2012-12-17 07:00:00,0.044508148,0,0
2012-12-17 08:00:00,0.24697082,0,0
2012-12-17 09:00:00,0.46805418,0,0
2012-12-17 10:00:00,0.6432391,0,0
2012-12-17 11:00:00,0.9501964,0,0
2012-12-17 12:00:00,1.2058101,0,0
2012-12-17 13:00:00,1.3875167,0,0
2012-12-17 14:00:00,1.5545243,0,0
2012-12-17 15:00:00,1.6244583,0,0
2012-12-17 16:00:00,1.6677055,0,0
2012-12-17 17:00:00,1.561006,0,0
2012-12-17 18:00:00,1.4928871,0,0
2012-12-17 19:00:00,1.3447036,0,0
2012-12-17 20:00:00,1.1747004,0,0
2012-12-17 21:00:00,1.0420856,0,0
2012-12-17 22:00:00,0.9498344,0,0
2012-12-17 23:00:00,0.90892226,0,0
2012-12-18 00:00:00,0.7220161,0,0
2012-12-18 01:00:00,0.6592577,0,0
2012-12-18 02:00:00,0.47469264,0,0
2012-12-18 03:00:00,0.32496998,0,0
2012-12-18 04:00:00,0.19271691,0,0
2012-12-18 05:00:00,0.10061206,0,0
2012-12-18 06:00:00,0.01896195,0,0
2012-12-18 07:00:00,0.39885917,0,0
2012-12-18 08:00:00,0.9255743,0,0
2012-12-18 09:00:00,1.3361872,0,0
2012-12-18 10:00:00,1.7389365,0,0
2012-12-18 11:00:00,2.153352,0,0
2012-12-18 12:00:00,2.5030832,0,0
2012-12-18 13:00:00,2.7866743,0,0
2012-12-18 14:00:00,3.0252826,0,0
2012-12-18 15:00:00,3.189318,0,0
2012-12-18 16:00:00,3.269225,0,0
2012-12-18 17:00:00,3.0340555,0,0
2012-12-18 18:00:00,2.9220662,0,0
2012-12-18 19:00:00,2.7940428,0,0
2012-12-18 20:00:00,2.6025364,0,0
2012-12-18 21:00:00,2.3776965,0,0
2012-12-18 22:00:00,2.2482069,0,0
2012-12-18 23:00:00,2.2047,0,0
2012-12-19 00:00:00,2.1453202,0,0
2012-12-19 01:00:00,2.0626452,0,0
2012-12-19 02:00:00,1.9850783,0,0
2012-12-19 03:00:00,1.9437013,0,0
2012-12-19 04:00:00,1.9619147,0,0
2012-12-19 05:00:00,2.0018275,0,0
2012-12-19 06:00:00,1.9052136,0,0
2012-12-19 07:00:00,2.052915,0,0
2012-12-19 08:00:00,2.5069175,0,0
2012-12-19 09:00:00,2.9050016,0,0
2012-12-19 10:00:00,3.2091782,0,0
2012-12-19 11:00:00,3.385082,0,0
2012-12-19 12:00:00,3.4172356,0,0
2012-12-19 13:00:00,3.3739,0,0
2012-12-19 14:00:00,3.3408003,0,0
2012-12-19 15:00:00,3.3596342,0,0
2012-12-19 16:00:00,3.2519107,0,0
2012-12-19 17:00:00,2.9591866,0,0
2012-12-19 18:00:00,2.629833,0,0
2012-12-19 19:00:00,2.2462516,0,0
2012-12-19 20:00:00,1.8280656,0,0
2012-12-19 21:00:00,1.5090611,0,0
2012-12-19 22:00:00,1.2841935,0,0
2012-12-19 23:00:00,1.1001505,0,0
2012-12-20 00:00:00,0.96753675,0,0
2012-12-20 01:00:00,0.86541724,0,0
2012-12-20 02:00:00,0.8104522,0,0
2012-12-20 03:00:00,0.7550919,0,0
2012-12-20 04:00:00,0.70235854,0,0
2012-12-20 05:00:00,0.6950417,0,0
2012-12-20 06:00:00,0.64536166,0,0
2012-12-20 07:00:00,0.71032655,0,0
2012-12-20 08:00:00,0.7784412,0,0
2012-12-20 09:00:00,0.96295476,0,0
2012-12-20 10:00:00,1.1689438,0,0
2012-12-20 11:00:00,1.3854429,0,0
2012-12-20 12:00:00,1.5983682,0,0
2012-12-20 13:00:00,1.7866899,0,0
2012-12-20 14:00:00,1.9196482,0,0
2012-12-20 15:00:00,2.020663,0,0
2012-12-20 16:00:00,2.0765543,0,0
2012-12-20 17:00:00,2.0062878,0,0
2012-12-20 18:00:00,1.858998,0,0
2012-12-20 19:00:00,1.6215328,0,0
2012-12-20 20:00:00,1.3118806,0,0
2012-12-20 21:00:00,1.0027924,0,0
2012-12-20 22:00:00,0.75952697,0,0
2012-12-20 23:00:00,0.5947322,0,0
2012-12-21 00:00:00,0.4662209,0,0
2012-12-21 01:00:00,0.3593882,0,0
2012-12-21 02:00:00,0.2604042,0,0
2012-12-21 03:00:00,0.16570696,0,0
2012-12-21 04:00:00,0.07126426,0,0
2012-12-21 05:00:00,-0.016754713,0,0
2012-12-21 06:00:00,-0.07581795,0,0
2012-12-21 07:00:00,0.18370508,0,0
2012-12-21 08:00:00,0.5025753,0,0
2012-12-21 09:00:00,0.8799769,0,0
2012-12-21 10:00:00,1.3228893,0,0
2012-12-21 11:00:00,1.7871889,0,0
2012-12-21 12:00:00,2.1095104,0,0
2012-12-21 13:00:00,2.2817984,0,0
2012-12-21 14:00:00,2.3777761,0,0
2012-12-21 15:00:00,2.415195,0,0
2012-12-21 16:00:00,2.3983428,0,0
2012-12-21 17:00:00,2.471656,0,0
2012-12-21 18:00:00,2.392647,0,0
2012-12-21 19:00:00,2.2263324,0,0
2012-12-21 20:00:00,1.9277619,0,0
2012-12-21 21:00:00,1.5785928,0,0
2012-12-21 22:00:00,1.2958305,0,0
2012-12-21 23:00:00,1.0572007,0,0
2012-12-22 00:00:00,0.87461895,1,0
2012-12-22 01:00:00,0.7384476,1,0
2012-12-22 02:00:00,0.6123401,1,0
2012-12-22 03:00:00,0.4953925,1,0
2012-12-22 04:00:00,0.38974226,1,0
2012-12-22 05:00:00,0.31385887,1,0
2012-12-22 06:00:00,0.2383855,1,0
2012-12-22 07:00:00,0.5351935,1,0
2012-12-22 08:00:00,1.0609353,1,0
2012-12-22 09:00:00,1.6044844,1,0
2012-12-22 10:00:00,2.1406252,1,0
2012-12-22 11:00:00,2.637458,1,0
2012-12-22 12:00:00,2.9253056,1,0
2012-12-22 13:00:00,3.0956693,1,0
2012-12-22 14:00:00,3.2014968,1,0
2012-12-22 15:00:00,3.2312682,1,0
2012-12-22 16:00:00,3.1918335,1,0
2012-12-22 17:00:00,2.9979885,1,0
2012-12-22 18:00:00,2.7950108,1,0
2012-12-22 19:00:00,2.654206,1,0
2012-12-22 20:00:00,2.4651122,1,0
2012-12-22 21:00:00,2.276267,1,0
2012-12-22 22:00:00,2.1238427,1,0
2012-12-22 23:00:00,1.9877734,1,0
2012-12-23 00:00:00,1.851903,1,0
2012-12-23 01:00:00,1.7307107,1,0
2012-12-23 02:00:00,1.6356709,1,0
2012-12-23 03:00:00,1.5765946,1,0
2012-12-23 04:00:00,1.5331187,1,0
2012-12-23 05:00:00,1.5921613,1,0
2012-12-23 06:00:00,1.5776144,1,0
2012-12-23 07:00:00,1.7825419,1,0
2012-12-23 08:00:00,2.158707,1,0
2012-12-23 09:00:00,2.4860764,1,0
2012-12-23 10:00:00,2.78273,1,0
2012-12-23 11:00:00,3.0078266,1,0
2012-12-23 12:00:00,3.3048062,1,0
2012-12-23 13:00:00,3.4390488,1,0
2012-12-23 14:00:00,3.62829,1,0
2012-12-23 15:00:00,3.8500805,1,0
2012-12-23 16:00:00,3.9845297,1,0
2012-12-23 17:00:00,4.046859,1,0
2012-12-23 18:00:00,3.9636817,1,0
2012-12-23 19:00:00,3.8044307,1,0
2012-12-23 20:00:00,3.470921,1,0
2012-12-23 21:00:00,3.2036548,1,0
2012-12-23 22:00:00,2.960071,1,0
2012-12-23 23:00:00,2.7985096,1,0
2012-12-24 00:00:00,2.6615121,0,0
2012-12-24 01:00:00,2.513466,0,0
2012-12-24 02:00:00,2.3218348,0,0
2012-12-24 03:00:00,2.100308,0,0
2012-12-24 04:00:00,1.9138001,0,0
2012-12-24 05:00:00,1.661984,0,0
2012-12-24 06:00:00,1.5957093,0,0
2012-12-24 07:00:00,1.6077064,0,0
2012-12-24 08:00:00,1.6588415,0,0
2012-12-24 09:00:00,1.7541018,0,0
2012-12-24 10:00:00,1.8925596,0,0
2012-12-24 11:00:00,2.0580993,0,0
2012-12-24 12:00:00,2.1616135,0,0
2012-12-24 13:00:00,2.358266,0,0
2012-12-24 14:00:00,2.4843826,0,0
2012-12-24 15:00:00,2.492886,0,0
2012-12-24 16:00:00,2.4208863,0,0
2012-12-24 17:00:00,2.3291323,0,0
2012-12-24 18:00:00,2.155416,0,0
2012-12-24 19:00:00,1.9308184,0,0
2012-12-24 20:00:00,1.6688801,0,0
2012-12-24 21:00:00,1.4357686,0,0
2012-12-24 22:00:00,1.229836,0,0
2012-12-24 23:00:00,1.0549141,0,0
2012-12-25 00:00:00,0.9031076,0,1
2012-12-25 01:00:00,0.78005344,0,1
2012-12-25 02:00:00,0.690668,0,1
2012-12-25 03:00:00,0.5895588,0,1
2012-12-25 04:00:00,0.50732905,0,1
2012-12-25 05:00:00,0.4297185,0,1
2012-12-25 06:00:00,0.37946653,0,1
2012-12-25 07:00:00,0.43403798,0,1
2012-12-25 08:00:00,0.59647155,0,1
2012-12-25 09:00:00,0.7977498,0,1
2012-12-25 10:00:00,1.0973817,0,1
2012-12-25 11:00:00,1.3713775,0,1
2012-12-25 12:00:00,1.6417996,0,1
2012-12-25 13:00:00,1.8796918,0,1
2012-12-25 14:00:00,2.03072,0,1
2012-12-25 15:00:00,2.059199,0,1
2012-12-25 16:00:00,1.989955,0,1
2012-12-25 17:00:00,1.8993913,0,1
2012-12-25 18:00:00,1.6397988,0,1
2012-12-25 19:00:00,1.305349,0,1
2012-12-25 20:00:00,0.9710468,0,1
2012-12-25 21:00:00,0.7441708,0,1
2012-12-25 22:00:00,0.602819,0,1
2012-12-25 23:00:00,0.51233655,0,1
2012-12-26 00:00:00,0.44571346,0,1
2012-12-26 01:00:00,0.3848018,0,1
2012-12-26 02:00:00,0.30527678,0,1
2012-12-26 03:00:00,0.1887678,0,1
2012-12-26 04:00:00,0.047793347,0,1
2012-12-26 05:00:00,-0.17720881,0,1
2012-12-26 06:00:00,-0.27896768,0,1
2012-12-26 07:00:00,-0.18567428,0,1
2012-12-26 08:00:00,0.11943927,0,1
2012-12-26 09:00:00,0.5492084,0,1
2012-12-26 10:00:00,0.9863074,0,1
2012-12-26 11:00:00,1.4415802,0,1
2012-12-26 12:00:00,1.7897385,0,1
2012-12-26 13:00:00,1.9918203,0,1
2012-12-26 14:00:00,2.1352184,0,1
2012-12-26 15:00:00,2.196371,0,1
2012-12-26 16:00:00,2.1371558,0,1
2012-12-26 17:00:00,2.1708822,0,1
2012-12-26 18:00:00,2.0701826,0,1
2012-12-26 19:00:00,1.9349172,0,1
2012-12-26 20:00:00,1.7080956,0,1
2012-12-26 21:00:00,1.4443642,0,1
2012-12-26 22:00:00,1.2045985,0,1
2012-12-26 23:00:00,1.0053566,0,1
2012-12-27 00:00:00,0.85061085,0,0
2012-12-27 01:00:00,0.7084149,0,0
2012-12-27 02:00:00,0.5813138,0,0
2012-12-27 03:00:00,0.46402183,0,0
2012-12-27 04:00:00,0.35663396,0,0
2012-12-27 05:00:00,0.2870683,0,0
2012-12-27 06:00:00,0.2116115,0,0
2012-12-27 07:00:00,0.5138643,0,0
2012-12-27 08:00:00,1.0218089,0,0
2012-12-27 09:00:00,1.3864151,0,0
2012-12-27 10:00:00,1.7171494,0,0
2012-12-27 11:00:00,1.8448888,0,0
2012-12-27 12:00:00,1.9240593,0,0
2012-12-27 13:00:00,2.0050454,0,0
2012-12-27 14:00:00,2.0671782,0,0
2012-12-27 15:00:00,2.0829232,0,0
2012-12-27 16:00:00,2.0824733,0,0
2012-12-27 17:00:00,2.02282,0,0
2012-12-27 18:00:00,1.8703127,0,0
2012-12-27 19:00:00,1.6674446,0,0
2012-12-27 20:00:00,1.4274857,0,0
2012-12-27 21:00:00,1.247842,0,0
2012-12-27 22:00:00,1.1373918,0,0
2012-12-27 23:00:00,1.0513726,0,0
2012-12-28 00:00:00,0.98088664,0,0
2012-12-28 01:00:00,0.8764699,0,0
2012-12-28 02:00:00,0.8065945,0,0
2012-12-28 03:00:00,0.7495043,0,0
2012-12-28 04:00:00,0.690582,0,0
2012-12-28 05:00:00,0.655648,0,0
2012-12-28 06:00:00,0.6170106,0,0
2012-12-28 07:00:00,0.6769181,0,0
2012-12-28 08:00:00,0.7563524,0,0
2012-12-28 09:00:00,0.93338805,0,0
2012-12-28 10:00:00,1.1885748,0,0
2012-12-28 11:00:00,1.4157217,0,0
2012-12-28 12:00:00,1.6929507,0,0
2012-12-28 13:00:00,1.9975388,0,0
2012-12-28 14:00:00,2.1970327,0,0
2012-12-28 15:00:00,2.269785,0,0
2012-12-28 16:00:00,2.199969,0,0
2012-12-28 17:00:00,2.052892,0,0
2012-12-28 18:00:00,1.834837,0,0
2012-12-28 19:00:00,1.5410862,0,0
2012-12-28 20:00:00,1.1813205,0,0
2012-12-28 21:00:00,0.87725073,0,0
2012-12-28 22:00:00,0.6820004,0,0
2012-12-28 23:00:00,0.5430645,0,0
2012-12-29 00:00:00,0.4293812,1,0
2012-12-29 01:00:00,0.32115495,1,0
2012-12-29 02:00:00,0.22117275,1,0
2012-12-29 03:00:00,0.13397579,1,0
2012-12-29 04:00:00,0.05881981,1,0
2012-12-29 05:00:00,0.024127861,1,0
2012-12-29 06:00:00,-0.028433474,1,0
2012-12-29 07:00:00,0.14643452,1,0
2012-12-29 08:00:00,0.49954098,1,0
2012-12-29 09:00:00,0.9166193,1,0
2012-12-29 10:00:00,1.3625561,1,0
2012-12-29 11:00:00,1.86742,1,0
2012-12-29 12:00:00,2.2945137,1,0
2012-12-29 13:00:00,2.5999434,1,0
2012-12-29 14:00:00,2.7782826,1,0
2012-12-29 15:00:00,2.8454642,1,0
2012-12-29 16:00:00,2.8169198,1,0
2012-12-29 17:00:00,2.8112028,1,0
2012-12-29 18:00:00,2.6282296,1,0
2012-12-29 19:00:00,2.310554,1,0
2012-12-29 20:00:00,1.8746439,1,0
2012-12-29 21:00:00,1.5020705,1,0
2012-12-29 22:00:00,1.2379993,1,0
2012-12-29 23:00:00,1.0521755,1,0
2012-12-30 00:00:00,0.9075716,1,0
2012-12-30 01:00:00,0.7774125,1,0
2012-12-30 02:00:00,0.6642621,1,0
2012-12-30 03:00:00,0.5428676,1,0
2012-12-30 04:00:00,0.45519316,1,0
2012-12-30 05:00:00,0.4051646,1,0
2012-12-30 06:00:00,0.3577939,1,0
2012-12-30 07:00:00,0.48800558,1,0
2012-12-30 08:00:00,0.7860965,1,0
2012-12-30 09:00:00,1.2113246,1,0
2012-12-30 10:00:00,1.6439992,1,0
2012-12-30 11:00:00,2.1036348,1,0
2012-12-30 12:00:00,2.490703,1,0
2012-12-30 13:00:00,2.7669976,1,0
2012-12-30 14:00:00,2.9484963,1,0
2012-12-30 15:00:00,3.021041,1,0
2012-12-30 16:00:00,2.9886167,1,0
2012-12-30 17:00:00,2.8924277,1,0
2012-12-30 18:00:00,2.7293744,1,0
2012-12-30 19:00:00,2.4392953,1,0
2012-12-30 20:00:00,2.020096,1,0
2012-12-30 21:00:00,1.6212255,1,0
2012-12-30 22:00:00,1.3138134,1,0
2012-12-30 23:00:00,1.0823231,1,0
2012-12-31 00:00:00,0.9092842,0,0
2012-12-31 01:00:00,0.75983816,0,0
2012-12-31 02:00:00,0.64105856,0,0
2012-12-31 03:00:00,0.5373736,0,0
2012-12-31 04:00:00,0.44267637,0,0
2012-12-31 05:00:00,0.35647747,0,0
2012-12-31 06:00:00,0.28437486,0,0
2012-12-31 07:00:00,0.46550956,0,0
2012-12-31 08:00:00,0.7778405,0,0
2012-12-31 09:00:00,1.1412702,0,0
2012-12-31 10:00:00,1.5726311,0,0
2012-12-31 11:00:00,2.0337443,0,0
2012-12-31 12:00:00,2.437618,0,0
2012-12-31 13:00:00,2.652454,0,0
2012-12-31 14:00:00,2.7362304,0,0
2012-12-31 15:00:00,2.7241976,0,0
2012-12-31 16:00:00,2.654523,0,0
2012-12-31 17:00:00,2.6091638,0,0
2012-12-31 18:00:00,2.456652,0,0
2012-12-31 19:00:00,2.3299482,0,0
2012-12-31 20:00:00,2.1169608,0,0
2012-12-31 21:00:00,1.8977811,0,0
2012-12-31 22:00:00,1.7001946,0,0
2012-12-31 23:00:00,1.5314978,0,0
2013-01-01 00:00:00,1.3686848,0,1
2013-01-01 01:00:00,1.2232755,0,1
2013-01-01 02:00:00,1.0827397,0,1
2013-01-01 03:00:00,0.9572038,0,1
2013-01-01 04:00:00,0.8373792,0,1
2013-01-01 05:00:00,0.6864112,0,1
2013-01-01 06:00:00,0.54120094,0,1
2013-01-01 07:00:00,0.8048919,0,1
2013-01-01 08:00:00,1.2219521,0,1
2013-01-01 09:00:00,1.5271084,0,1
2013-01-01 10:00:00,1.9639819,0,1
2013-01-01 11:00:00,2.3343394,0,1
2013-01-01 12:00:00,2.5868173,0,1
2013-01-01 13:00:00,2.7413063,0,1
2013-01-01 14:00:00,2.8395152,0,1
2013-01-01 15:00:00,2.8761127,0,1
2013-01-01 16:00:00,2.8719556,0,1
2013-01-01 17:00:00,2.8399622,0,1
2013-01-01 18:00:00,2.7073915,0,1
2013-01-01 19:00:00,2.5358078,0,1
2013-01-01 20:00:00,2.2647607,0,1
2013-01-01 21:00:00,1.9583548,0,1
2013-01-01 22:00:00,1.682259,0,1
2013-01-01 23:00:00,1.4464159,0,1
2013-01-02 00:00:00,1.2647378,0,0
2013-01-02 01:00:00,1.148745,0,0
2013-01-02 02:00:00,1.0485908,0,0
2013-01-02 03:00:00,0.9635311,0,0
2013-01-02 04:00:00,0.8892791,0,0
2013-01-02 05:00:00,0.8454392,0,0
2013-01-02 06:00:00,0.7879414,0,0
2013-01-02 07:00:00,0.8987841,0,0
2013-01-02 08:00:00,1.2147055,0,0
2013-01-02 09:00:00,1.6512308,0,0
2013-01-02 10:00:00,2.1593223,0,0
2013-01-02 11:00:00,2.6853871,0,0
2013-01-02 12:00:00,3.1566665,0,0
2013-01-02 13:00:00,3.4870286,0,0
2013-01-02 14:00:00,3.713172,0,0
2013-01-02 15:00:00,3.847922,0,0
2013-01-02 16:00:00,3.8740783,0,0
2013-01-02 17:00:00,3.744259,0,0
2013-01-02 18:00:00,3.6032634,0,0
2013-01-02 19:00:00,3.3973842,0,0
2013-01-02 20:00:00,3.0880837,0,0
2013-01-02 21:00:00,2.765675,0,0
2013-01-02 22:00:00,2.5035033,0,0
2013-01-02 23:00:00,2.2790208,0,0
2013-01-03 00:00:00,2.082006,0,0
2013-01-03 01:00:00,1.9138526,0,0
2013-01-03 02:00:00,1.7906219,0,0
2013-01-03 03:00:00,1.6825635,0,0
2013-01-03 04:00:00,1.5237644,0,0
2013-01-03 05:00:00,1.4689794,0,0
2013-01-03 06:00:00,1.3216828,0,0
2013-01-03 07:00:00,1.45238,0,0
2013-01-03 08:00:00,1.8041105,0,0
2013-01-03 09:00:00,2.2234163,0,0
2013-01-03 10:00:00,2.6213074,0,0
2013-01-03 11:00:00,3.0007305,0,0
2013-01-03 12:00:00,3.3348043,0,0
2013-01-03 13:00:00,3.6481233,0,0
2013-01-03 14:00:00,3.9246259,0,0
2013-01-03 15:00:00,4.120359,0,0
2013-01-03 16:00:00,4.1898236,0,0
2013-01-03 17:00:00,4.099576,0,0
2013-01-03 18:00:00,3.9822361,0,0
2013-01-03 19:00:00,3.7674935,0,0
2013-01-03 20:00:00,3.4546475,0,0
2013-01-03 21:00:00,3.0734055,0,0
2013-01-03 22:00:00,2.751895,0,0
2013-01-03 23:00:00,2.6273892,0,0
2013-01-04 00:00:00,2.5919852,0,0
2013-01-04 01:00:00,2.6533327,0,0
2013-01-04 02:00:00,2.7484822,0,0
2013-01-04 03:00:00,2.7604213,0,0
2013-01-04 04:00:00,2.6477845,0,0
2013-01-04 05:00:00,2.3285983,0,0
2013-01-04 06:00:00,2.1953547,0,0
2013-01-04 07:00:00,2.3509946,0,0
2013-01-04 08:00:00,2.7368793,0,0
2013-01-04 09:00:00,3.1261022,0,0
2013-01-04 10:00:00,3.5098825,0,0
2013-01-04 11:00:00,3.8201327,0,0
2013-01-04 12:00:00,4.1630836,0,0
2013-01-04 13:00:00,4.411072,0,0
2013-01-04 14:00:00,4.547597,0,0
2013-01-04 15:00:00,4.597963,0,0
2013-01-04 16:00:00,4.5834885,0,0
2013-01-04 17:00:00,4.473376,0,0
2013-01-04 18:00:00,4.4919634,0,0
2013-01-04 19:00:00,4.4803367,0,0
2013-01-04 20:00:00,4.137621,0,0
2013-01-04 21:00:00,3.8092425,0,0
2013-01-04 22:00:00,3.5150707,0,0
2013-01-04 23:00:00,3.2056203,0,0
2013-01-05 00:00:00,2.929078,1,0
2013-01-05 01:00:00,2.730517,1,0
2013-01-05 02:00:00,2.5678127,1,0
2013-01-05 03:00:00,2.4277031,1,0
2013-01-05 04:00:00,2.2867043,1,0
2013-01-05 05:00:00,2.1057625,1,0
2013-01-05 06:00:00,2.0204794,1,0
2013-01-05 07:00:00,2.0486472,1,0
2013-01-05 08:00:00,2.213616,1,0
2013-01-05 09:00:00,2.4899771,1,0
2013-01-05 10:00:00,2.8243103,1,0
2013-01-05 11:00:00,3.116059,1,0
2013-01-05 12:00:00,3.4437504,1,0
2013-01-05 13:00:00,3.7042253,1,0
2013-01-05 14:00:00,3.871264,1,0
2013-01-05 15:00:00,3.8903718,1,0
2013-01-05 16:00:00,3.7373376,1,0
2013-01-05 17:00:00,3.528215,1,0
2013-01-05 18:00:00,3.23129,1,0
2013-01-05 19:00:00,2.8607597,1,0
2013-01-05 20:00:00,2.4832892,1,0
2013-01-05 21:00:00,2.1938796,1,0
2013-01-05 22:00:00,2.0371833,1,0
2013-01-05 23:00:00,1.91167,1,0
2013-01-06 00:00:00,1.8175159,1,0
2013-01-06 01:00:00,1.747444,1,0
2013-01-06 02:00:00,1.6738416,1,0
2013-01-06 03:00:00,1.6005054,1,0
2013-01-06 04:00:00,1.510948,1,0
2013-01-06 05:00:00,1.3761623,1,0
2013-01-06 06:00:00,1.267502,1,0
2013-01-06 07:00:00,1.29345,1,0
2013-01-06 08:00:00,1.512819,1,0
2013-01-06 09:00:00,1.8637714,1,0
2013-01-06 10:00:00,2.2351623,1,0
2013-01-06 11:00:00,2.669531,1,0
2013-01-06 12:00:00,3.0262022,1,0
2013-01-06 13:00:00,3.2890108,1,0
2013-01-06 14:00:00,3.4534035,1,0
2013-01-06 15:00:00,3.545588,1,0
2013-01-06 16:00:00,3.5683942,1,0
2013-01-06 17:00:00,3.5601494,1,0
2013-01-06 18:00:00,3.3956294,1,0
2013-01-06 19:00:00,3.1464572,1,0
2013-01-06 20:00:00,2.8161874,1,0
2013-01-06 21:00:00,2.5370562,1,0
2013-01-06 22:00:00,2.3684988,1,0
2013-01-06 23:00:00,2.256428,1,0
2013-01-07 00:00:00,2.1299675,0,0
2013-01-07 01:00:00,1.992347,0,0
2013-01-07 02:00:00,1.861895,0,0
2013-01-07 03:00:00,1.7339286,0,0
2013-01-07 04:00:00,1.6184974,0,0
2013-01-07 05:00:00,1.4804103,0,0
2013-01-07 06:00:00,1.3691593,0,0
2013-01-07 07:00:00,1.5396031,0,0
2013-01-07 08:00:00,2.0314753,0,0
2013-01-07 09:00:00,2.551352,0,0
2013-01-07 10:00:00,3.134885,0,0
2013-01-07 11:00:00,3.7102823,0,0
2013-01-07 12:00:00,4.2,0,0
2013-01-07 13:00:00,4.4785066,0,0
2013-01-07 14:00:00,4.643913,0,0
2013-01-07 15:00:00,4.6799197,0,0
2013-01-07 16:00:00,4.5802913,0,0
2013-01-07 17:00:00,4.55524,0,0
2013-01-07 18:00:00,4.3902726,0,0
2013-01-07 19:00:00,4.185537,0,0
2013-01-07 20:00:00,3.8236537,0,0
2013-01-07 21:00:00,3.486405,0,0
2013-01-07 22:00:00,3.1998963,0,0
2013-01-07 23:00:00,2.9448295,0,0
2013-01-08 00:00:00,2.7133558,0,0
2013-01-08 01:00:00,2.4865828,0,0
2013-01-08 02:00:00,2.3182616,0,0
2013-01-08 03:00:00,2.1823444,0,0
2013-01-08 04:00:00,2.0640855,0,0
2013-01-08 05:00:00,1.9284003,0,0
2013-01-08 06:00:00,1.88496,0,0
2013-01-08 07:00:00,2.0694864,0,0
2013-01-08 08:00:00,2.3549466,0,0
2013-01-08 09:00:00,2.66896,0,0
2013-01-08 10:00:00,2.99233,0,0
2013-01-08 11:00:00,3.19846,0,0
2013-01-08 12:00:00,3.333431,0,0
2013-01-08 13:00:00,3.5003529,0,0
2013-01-08 14:00:00,3.5674193,0,0
2013-01-08 15:00:00,3.4557939,0,0
2013-01-08 16:00:00,3.4043412,0,0
2013-01-08 17:00:00,3.389482,0,0
2013-01-08 18:00:00,3.246592,0,0
2013-01-08 19:00:00,2.9206238,0,0
2013-01-08 20:00:00,2.4005,0,0
2013-01-08 21:00:00,1.9079502,0,0
2013-01-08 22:00:00,1.541757,0,0
2013-01-08 23:00:00,1.3068568,0,0
2013-01-09 00:00:00,1.1141748,0,0
2013-01-09 01:00:00,0.9775405,0,0
2013-01-09 02:00:00,0.88788867,0,0
2013-01-09 03:00:00,0.827733,0,0
2013-01-09 04:00:00,0.7671819,0,0
2013-01-09 05:00:00,0.68661225,0,0
2013-01-09 06:00:00,0.61939484,0,0
2013-01-09 07:00:00,0.57149595,0,0
2013-01-09 08:00:00,0.59886587,0,0
2013-01-09 09:00:00,0.7093419,0,0
2013-01-09 10:00:00,0.8734086,0,0
2013-01-09 11:00:00,1.064451,0,0
2013-01-09 12:00:00,1.2451628,0,0
2013-01-09 13:00:00,1.6341527,0,0
2013-01-09 14:00:00,1.8515244,0,0
2013-01-09 15:00:00,1.9991819,0,0
2013-01-09 16:00:00,2.021886,0,0
2013-01-09 17:00:00,1.926093,0,0
2013-01-09 18:00:00,1.7480077,0,0
2013-01-09 19:00:00,1.4844173,0,0
2013-01-09 20:00:00,1.1733594,0,0
2013-01-09 21:00:00,0.91451776,0,0
2013-01-09 22:00:00,0.7378927,0,0
2013-01-09 23:00:00,0.61239153,0,0
2013-01-10 00:00:00,0.5069523,0,0
2013-01-10 01:00:00,0.4034271,0,0
2013-01-10 02:00:00,0.3206768,0,0
2013-01-10 03:00:00,0.24996753,0,0
2013-01-10 04:00:00,0.17811938,0,0
2013-01-10 05:00:00,0.04571073,0,0
2013-01-10 06:00:00,-0.042453412,0,0
2013-01-10 07:00:00,0.039193757,0,0
2013-01-10 08:00:00,0.35296148,0,0
2013-01-10 09:00:00,0.82366747,0,0
