timestamp,temperature_2m,weekend,holiday
2015-01-02 19:00:00,27.322857,0,0
2015-01-02 20:00:00,26.703941,0,0
2015-01-02 21:00:00,26.249779,0,0
2015-01-02 22:00:00,25.966843,0,0
2015-01-02 23:00:00,25.778814,0,0
2015-01-03 00:00:00,25.672197,1,0
2015-01-03 01:00:00,25.567366,1,0
2015-01-03 02:00:00,25.525883,1,0
2015-01-03 03:00:00,25.38109,1,0
2015-01-03 04:00:00,25.319645,1,0
2015-01-03 05:00:00,25.284662,1,0
2015-01-03 06:00:00,25.286446,1,0
2015-01-03 07:00:00,25.22983,1,0
2015-01-03 08:00:00,26.12726,1,0
2015-01-03 09:00:00,27.460817,1,0
2015-01-03 10:00:00,28.701368,1,0
2015-01-03 11:00:00,29.543705,1,0
2015-01-03 12:00:00,30.204369,1,0
2015-01-03 13:00:00,30.585518,1,0
2015-01-03 14:00:00,30.992874,1,0
2015-01-03 15:00:00,30.900866,1,0
2015-01-03 16:00:00,30.37276,1,0
2015-01-03 17:00:00,29.591873,1,0
2015-01-03 18:00:00,28.591398,1,0
2015-01-03 19:00:00,27.742445,1,0
2015-01-03 20:00:00,27.103415,1,0
2015-01-03 21:00:00,26.72736,1,0
2015-01-03 22:00:00,26.349514,1,0
2015-01-03 23:00:00,26.09316,1,0
2015-01-04 00:00:00,25.953348,1,0
2015-01-04 01:00:00,25.80361,1,0
2015-01-04 02:00:00,25.98833,1,0
2015-01-04 03:00:00,25.913387,1,0
2015-01-04 04:00:00,25.848633,1,0
2015-01-04 05:00:00,25.693802,1,0
2015-01-04 06:00:00,25.70525,1,0
2015-01-04 07:00:00,25.627144,1,0
2015-01-04 08:00:00,26.345064,1,0
2015-01-04 09:00:00,27.442114,1,0
2015-01-04 10:00:00,28.56434,1,0
2015-01-04 11:00:00,29.506676,1,0
2015-01-04 12:00:00,30.150799,1,0
2015-01-04 13:00:00,30.51362,1,0
2015-01-04 14:00:00,30.53968,1,0
2015-01-04 15:00:00,30.379755,1,0
2015-01-04 16:00:00,29.978231,1,0
2015-01-04 17:00:00,29.263884,1,0
2015-01-04 18:00:00,28.331472,1,0
2015-01-04 19:00:00,27.587353,1,0
2015-01-04 20:00:00,26.940067,1,0
2015-01-04 21:00:00,26.53386,1,0
2015-01-04 22:00:00,26.12613,1,0
2015-01-04 23:00:00,25.881483,1,0
2015-01-05 00:00:00,25.725128,0,0
2015-01-05 01:00:00,25.588621,0,0
2015-01-05 02:00:00,25.708324,0,0
2015-01-05 03:00:00,25.653233,0,0
2015-01-05 04:00:00,25.559849,0,0
2015-01-05 05:00:00,25.546616,0,0
2015-01-05 06:00:00,25.535168,0,0
2015-01-05 07:00:00,25.625244,0,0
2015-01-05 08:00:00,26.288069,0,0
2015-01-05 09:00:00,27.2855,0,0
2015-01-05 10:00:00,28.350584,0,0
2015-01-05 11:00:00,29.094706,0,0
2015-01-05 12:00:00,29.66403,0,0
2015-01-05 13:00:00,30.003843,0,0
2015-01-05 14:00:00,29.91986,0,0
2015-01-05 15:00:00,29.711723,0,0
2015-01-05 16:00:00,29.31046,0,0
2015-01-05 17:00:00,28.581095,0,0
2015-01-05 18:00:00,27.690544,0,0
2015-01-05 19:00:00,26.958393,0,0
2015-01-05 20:00:00,26.56401,0,0
2015-01-05 21:00:00,26.26606,0,0
2015-01-05 22:00:00,26.036428,0,0
2015-01-05 23:00:00,25.936432,0,0
2015-01-06 00:00:00,25.891523,0,0
2015-01-06 01:00:00,25.839737,0,0
2015-01-06 02:00:00,25.86275,0,0
2015-01-06 03:00:00,25.861225,0,0
2015-01-06 04:00:00,25.68312,0,0
2015-01-06 05:00:00,25.684906,0,0
2015-01-06 06:00:00,25.5484,0,0
2015-01-06 07:00:00,25.495092,0,0
2015-01-06 08:00:00,26.063274,0,0
2015-01-06 09:00:00,27.167171,0,0
2015-01-06 10:00:00,28.380997,0,0
2015-01-06 11:00:00,29.211624,0,0
2015-01-06 12:00:00,29.81236,0,0
2015-01-06 13:00:00,30.171762,0,0
2015-01-06 14:00:00,30.054958,0,0
2015-01-06 15:00:00,29.916409,0,0
2015-01-06 16:00:00,29.38347,0,0
2015-01-06 17:00:00,28.592659,0,0
2015-01-06 18:00:00,27.70846,0,0
2015-01-06 19:00:00,26.86627,0,0
2015-01-06 20:00:00,26.305494,0,0
2015-01-06 21:00:00,26.022556,0,0
2015-01-06 22:00:00,25.796238,0,0
2015-01-06 23:00:00,25.603115,0,0
2015-01-07 00:00:00,25.544975,0,0
2015-01-07 01:00:00,25.48684,0,0
2015-01-07 02:00:00,25.481483,0,0
2015-01-07 03:00:00,25.40985,0,0
2015-01-07 04:00:00,25.301447,0,0
2015-01-07 05:00:00,25.293047,0,0
2015-01-07 06:00:00,25.16494,0,0
2015-01-07 07:00:00,25.07665,0,0
2015-01-07 08:00:00,25.689737,0,0
2015-01-07 09:00:00,26.838545,0,0
2015-01-07 10:00:00,27.913816,0,0
2015-01-07 11:00:00,28.70106,0,0
2015-01-07 12:00:00,29.295443,0,0
2015-01-07 13:00:00,29.466555,0,0
2015-01-07 14:00:00,29.486143,0,0
2015-01-07 15:00:00,29.152945,0,0
2015-01-07 16:00:00,28.810083,0,0
2015-01-07 17:00:00,28.192543,0,0
2015-01-07 18:00:00,27.393589,0,0
2015-01-07 19:00:00,26.656347,0,0
2015-01-07 20:00:00,26.140476,0,0
2015-01-07 21:00:00,25.935905,0,0
2015-01-07 22:00:00,25.74126,0,0
2015-01-07 23:00:00,25.587952,0,0
2015-01-08 00:00:00,25.528028,0,0
2015-01-08 01:00:00,25.42472,0,0
2015-01-08 02:00:00,25.50587,0,0
2015-01-08 03:00:00,25.397732,0,0
2015-01-08 04:00:00,25.329405,0,0
2015-01-08 05:00:00,25.327883,0,0
2015-01-08 06:00:00,25.288067,0,0
2015-01-08 07:00:00,25.171412,0,0
2015-01-08 08:00:00,25.60587,0,0
2015-01-08 09:00:00,26.531406,0,0
2015-01-08 10:00:00,27.701843,0,0
2015-01-08 11:00:00,28.477642,0,0
2015-01-08 12:00:00,28.928642,0,0
2015-01-08 13:00:00,29.219978,0,0
2015-01-08 14:00:00,28.872055,0,0
2015-01-08 15:00:00,28.6657,0,0
2015-01-08 16:00:00,28.229456,0,0
2015-01-08 17:00:00,27.71853,0,0
2015-01-08 18:00:00,26.974411,0,0
2015-01-08 19:00:00,26.336905,0,0
2015-01-08 20:00:00,25.99583,0,0
2015-01-08 21:00:00,25.794308,0,0
2015-01-08 22:00:00,25.604494,0,0
2015-01-08 23:00:00,25.506277,0,0
2015-01-09 00:00:00,25.454756,0,1
2015-01-09 01:00:00,25.354755,0,1
2015-01-09 02:00:00,25.547876,0,1
2015-01-09 03:00:00,25.47598,0,1
2015-01-09 04:00:00,25.42115,0,1
2015-01-09 05:00:00,25.293047,0,1
2015-01-09 06:00:00,25.208324,0,1
2015-01-09 07:00:00,25.153492,0,1
2015-01-09 08:00:00,25.666319,0,1
2015-01-09 09:00:00,26.631666,0,1
2015-01-09 10:00:00,27.72995,0,1
2015-01-09 11:00:00,28.522022,0,1
2015-01-09 12:00:00,29.127594,0,1
2015-01-09 13:00:00,29.26703,0,1
2015-01-09 14:00:00,29.183832,0,1
2015-01-09 15:00:00,29.167292,0,1
2015-01-09 16:00:00,28.722908,0,1
2015-01-09 17:00:00,27.993805,0,1
2015-01-09 18:00:00,27.213438,0,1
2015-01-09 19:00:00,26.619577,0,1
2015-01-09 20:00:00,26.23029,0,1
2015-01-09 21:00:00,25.897354,0,1
2015-01-09 22:00:00,25.700922,0,1
2015-01-09 23:00:00,25.551186,0,1
2015-01-10 00:00:00,25.416466,1,0
2015-01-10 01:00:00,25.371557,1,0
2015-01-10 02:00:00,25.632858,1,0
2015-01-10 03:00:00,25.490997,1,0
2015-01-10 04:00:00,25.394308,1,0
2015-01-10 05:00:00,25.269512,1,0
2015-01-10 06:00:00,25.259588,1,0
2015-01-10 07:00:00,25.266464,1,0
2015-01-10 08:00:00,25.787691,1,0
2015-01-10 09:00:00,26.816532,1,0
2015-01-10 10:00:00,27.941805,1,0
2015-01-10 11:00:00,28.77548,1,0
2015-01-10 12:00:00,29.324432,1,0
2015-01-10 13:00:00,29.823906,1,0
2015-01-10 14:00:00,29.677216,1,0
2015-01-10 15:00:00,29.345541,1,0
2015-01-10 16:00:00,28.98588,1,0
2015-01-10 17:00:00,28.428265,1,0
2015-01-10 18:00:00,27.60299,1,0
2015-01-10 19:00:00,26.834335,1,0
2015-01-10 20:00:00,26.35854,1,0
2015-01-10 21:00:00,26.03248,1,0
2015-01-10 22:00:00,25.82613,1,0
2015-01-10 23:00:00,25.68479,1,0
2015-01-11 00:00:00,25.584791,1,0
2015-01-11 01:00:00,25.4881,1,0
2015-01-11 02:00:00,25.564419,1,0
2015-01-11 03:00:00,25.514418,1,0
2015-01-11 04:00:00,25.506016,1,0
2015-01-11 05:00:00,25.366201,1,0
2015-01-11 06:00:00,25.416466,1,0
2015-01-11 07:00:00,25.426653,1,0
2015-01-11 08:00:00,25.958065,1,0
2015-01-11 09:00:00,27.166794,1,0
2015-01-11 10:00:00,28.333666,1,0
2015-01-11 11:00:00,29.189089,1,0
2015-01-11 12:00:00,29.719452,1,0
2015-01-11 13:00:00,30.110004,1,0
2015-01-11 14:00:00,30.259481,1,0
2015-01-11 15:00:00,30.114313,1,0
2015-01-11 16:00:00,29.486732,1,0
2015-01-11 17:00:00,28.769339,1,0
2015-01-11 18:00:00,27.947111,1,0
2015-01-11 19:00:00,27.130241,1,0
2015-01-11 20:00:00,26.654446,1,0
2015-01-11 21:00:00,26.323559,1,0
2015-01-11 22:00:00,26.03248,1,0
2015-01-11 23:00:00,25.837837,1,0
2015-01-12 00:00:00,25.609734,0,0
2015-01-12 01:00:00,25.552855,0,0
2015-01-12 02:00:00,25.571297,0,0
2015-01-12 03:00:00,25.49966,0,0
2015-01-12 04:00:00,25.43974,0,0
2015-01-12 05:00:00,25.306541,0,0
2015-01-12 06:00:00,25.25197,0,0
2015-01-12 07:00:00,25.260372,0,0
2015-01-12 08:00:00,25.91468,0,0
2015-01-12 09:00:00,27.23486,0,0
2015-01-12 10:00:00,28.351992,0,0
2015-01-12 11:00:00,29.347374,0,0
2015-01-12 12:00:00,29.90142,0,0
2015-01-12 13:00:00,30.240711,0,0
2015-01-12 14:00:00,30.455465,0,0
2015-01-12 15:00:00,30.463459,0,0
2015-01-12 16:00:00,29.372938,0,0
2015-01-12 17:00:00,28.999636,0,0
2015-01-12 18:00:00,28.142282,0,0
2015-01-12 19:00:00,27.343327,0,0
2015-01-12 20:00:00,26.80761,0,0
2015-01-12 21:00:00,26.501514,0,0
2015-01-12 22:00:00,26.33345,0,0
2015-01-12 23:00:00,26.085236,0,0
2015-01-13 00:00:00,25.902302,0,0
2015-01-13 01:00:00,25.823788,0,0
2015-01-13 02:00:00,25.77569,0,0
2015-01-13 03:00:00,25.624168,0,0
2015-01-13 04:00:00,25.602531,0,0
2015-01-13 05:00:00,25.509409,0,0
2015-01-13 06:00:00,25.501532,0,0
2015-01-13 07:00:00,25.381828,0,0
2015-01-13 08:00:00,26.07762,0,0
2015-01-13 09:00:00,27.366386,0,0
2015-01-13 10:00:00,28.368649,0,0
2015-01-13 11:00:00,29.139236,0,0
2015-01-13 12:00:00,29.593801,0,0
2015-01-13 13:00:00,29.944803,0,0
2015-01-13 14:00:00,29.901274,0,0
2015-01-13 15:00:00,30.075546,0,0
2015-01-13 16:00:00,29.782541,0,0
2015-01-13 17:00:00,29.127972,0,0
2015-01-13 18:00:00,28.137302,0,0
2015-01-13 19:00:00,27.155561,0,0
2015-01-13 20:00:00,26.595047,0,0
2015-01-13 21:00:00,26.163893,0,0
2015-01-13 22:00:00,25.915941,0,0
2015-01-13 23:00:00,25.756279,0,0
2015-01-14 00:00:00,25.672672,0,0
2015-01-14 01:00:00,25.48286,0,0
2015-01-14 02:00:00,25.536022,0,0
2015-01-14 03:00:00,25.487661,0,0
2015-01-14 04:00:00,25.42112,0,0
2015-01-14 05:00:00,25.306366,0,0
2015-01-14 06:00:00,25.159674,0,0
2015-01-14 07:00:00,25.05127,0,0
2015-01-14 08:00:00,25.755318,0,0
2015-01-14 09:00:00,26.938988,0,0
2015-01-14 10:00:00,28.204483,0,0
2015-01-14 11:00:00,29.01046,0,0
2015-01-14 12:00:00,29.528263,0,0
2015-01-14 13:00:00,29.725838,0,0
2015-01-14 14:00:00,29.60052,0,0
2015-01-14 15:00:00,29.721745,0,0
2015-01-14 16:00:00,29.4187,0,0
2015-01-14 17:00:00,28.578032,0,0
2015-01-14 18:00:00,27.723986,0,0
2015-01-14 19:00:00,26.863585,0,0
2015-01-14 20:00:00,26.358017,0,0
2015-01-14 21:00:00,26.0172,0,0
2015-01-14 22:00:00,25.800924,0,0
2015-01-14 23:00:00,25.583122,0,0
2015-01-15 00:00:00,25.410227,0,0
2015-01-15 01:00:00,25.247255,0,0
2015-01-15 02:00:00,25.247108,0,0
2015-01-15 03:00:00,25.140755,0,0
2015-01-15 04:00:00,25.061127,0,0
2015-01-15 05:00:00,25.039494,0,0
2015-01-15 06:00:00,24.879568,0,0
2015-01-15 07:00:00,24.922691,0,0
2015-01-15 08:00:00,25.646702,0,0
2015-01-15 09:00:00,26.949846,0,0
2015-01-15 10:00:00,27.943851,0,0
2015-01-15 11:00:00,28.926147,0,0
2015-01-15 12:00:00,29.478407,0,0
2015-01-15 13:00:00,29.88424,0,0
2015-01-15 14:00:00,29.680933,0,0
2015-01-15 15:00:00,29.36372,0,0
2015-01-15 16:00:00,29.272646,0,0
2015-01-15 17:00:00,28.65016,0,0
2015-01-15 18:00:00,27.821054,0,0
2015-01-15 19:00:00,27.08024,0,0
2015-01-15 20:00:00,26.546045,0,0
2015-01-15 21:00:00,26.161846,0,0
2015-01-15 22:00:00,25.97698,0,0
2015-01-15 23:00:00,25.702446,0,0
2015-01-16 00:00:00,25.412895,0,0
2015-01-16 01:00:00,25.208063,0,0
2015-01-16 02:00:00,25.350779,0,0
2015-01-16 03:00:00,25.379406,0,0
2015-01-16 04:00:00,25.296207,0,0
2015-01-16 05:00:00,25.166319,0,0
2015-01-16 06:00:00,25.166319,0,0
2015-01-16 07:00:00,25.111486,0,0
2015-01-16 08:00:00,25.736023,0,0
2015-01-16 09:00:00,26.946161,0,0
2015-01-16 10:00:00,28.103254,0,0
2015-01-16 11:00:00,28.967485,0,0
2015-01-16 12:00:00,29.39038,0,0
2015-01-16 13:00:00,29.626623,0,0
2015-01-16 14:00:00,30.016768,0,0
2015-01-16 15:00:00,29.75822,0,0
2015-01-16 16:00:00,29.278593,0,0
2015-01-16 17:00:00,28.547441,0,0
2015-01-16 18:00:00,27.71503,0,0
2015-01-16 19:00:00,26.92931,0,0
2015-01-16 20:00:00,26.445114,0,0
2015-01-16 21:00:00,26.07058,0,0
2015-01-16 22:00:00,25.862701,0,0
2015-01-16 23:00:00,25.61627,0,0
2015-01-17 00:00:00,25.549732,1,0
2015-01-17 01:00:00,25.431143,1,0
2015-01-17 02:00:00,25.336237,1,0
2015-01-17 03:00:00,25.18483,1,0
2015-01-17 04:00:00,25.001484,1,0
2015-01-17 05:00:00,24.87628,1,0
2015-01-17 06:00:00,24.796244,1,0
2015-01-17 07:00:00,24.636581,1,0
2015-01-17 08:00:00,25.000437,1,0
2015-01-17 09:00:00,25.837566,1,0
2015-01-17 10:00:00,26.571646,1,0
2015-01-17 11:00:00,26.81123,1,0
2015-01-17 12:00:00,27.359068,1,0
2015-01-17 13:00:00,27.485792,1,0
2015-01-17 14:00:00,27.977129,1,0
2015-01-17 15:00:00,27.757427,1,0
2015-01-17 16:00:00,27.596241,1,0
2015-01-17 17:00:00,27.218252,1,0
2015-01-17 18:00:00,26.548664,1,0
2015-01-17 19:00:00,25.904545,1,0
2015-01-17 20:00:00,25.460686,1,0
2015-01-17 21:00:00,25.239573,1,0
2015-01-17 22:00:00,25.12051,1,0
2015-01-17 23:00:00,24.990736,1,0
2015-01-18 00:00:00,24.909441,1,0
2015-01-18 01:00:00,24.841377,1,0
2015-01-18 02:00:00,24.86948,1,0
2015-01-18 03:00:00,24.779259,1,0
2015-01-18 04:00:00,24.802532,1,0
2015-01-18 05:00:00,24.729113,1,0
2015-01-18 06:00:00,24.627329,1,0
2015-01-18 07:00:00,24.589037,1,0
2015-01-18 08:00:00,24.97171,1,0
2015-01-18 09:00:00,25.889874,1,0
2015-01-18 10:00:00,26.570532,1,0
2015-01-18 11:00:00,27.396471,1,0
2015-01-18 12:00:00,27.952711,1,0
2015-01-18 13:00:00,28.040886,1,0
2015-01-18 14:00:00,28.465681,1,0
2015-01-18 15:00:00,28.482338,1,0
2015-01-18 16:00:00,28.186172,1,0
2015-01-18 17:00:00,27.441935,1,0
2015-01-18 18:00:00,26.72744,1,0
2015-01-18 19:00:00,26.196665,1,0
2015-01-18 20:00:00,25.794146,1,0
2015-01-18 21:00:00,25.477867,1,0
2015-01-18 22:00:00,25.133482,1,0
2015-01-18 23:00:00,24.858538,1,0
2015-01-19 00:00:00,24.73386,0,0
2015-01-19 01:00:00,24.783714,0,0
2015-01-19 02:00:00,24.670218,0,0
2015-01-19 03:00:00,24.518696,0,0
2015-01-19 04:00:00,24.462343,0,0
2015-01-19 05:00:00,24.494015,0,0
2015-01-19 06:00:00,24.558887,0,0
2015-01-19 07:00:00,24.665619,0,0
2015-01-19 08:00:00,25.105316,0,0
2015-01-19 09:00:00,25.934187,0,0
2015-01-19 10:00:00,26.631504,0,0
2015-01-19 11:00:00,27.44852,0,0
2015-01-19 12:00:00,28.189335,0,0
2015-01-19 13:00:00,28.656729,0,0
2015-01-19 14:00:00,29.098324,0,0
2015-01-19 15:00:00,29.311413,0,0
2015-01-19 16:00:00,29.02186,0,0
2015-01-19 17:00:00,28.17967,0,0
2015-01-19 18:00:00,27.443949,0,0
2015-01-19 19:00:00,26.756966,0,0
2015-01-19 20:00:00,26.30954,0,0
2015-01-19 21:00:00,25.983482,0,0
2015-01-19 22:00:00,25.698761,0,0
2015-01-19 23:00:00,25.465824,0,0
2015-01-20 00:00:00,25.307686,0,0
2015-01-20 01:00:00,25.069656,0,0
2015-01-20 02:00:00,25.311373,0,0
2015-01-20 03:00:00,25.169773,0,0
2015-01-20 04:00:00,24.978174,0,0
2015-01-20 05:00:00,24.821821,0,0
2015-01-20 06:00:00,24.655539,0,0
2015-01-20 07:00:00,24.620672,0,0
2015-01-20 08:00:00,25.259848,0,0
2015-01-20 09:00:00,26.383333,0,0
2015-01-20 10:00:00,27.408607,0,0
2015-01-20 11:00:00,28.18098,0,0
2015-01-20 12:00:00,28.836811,0,0
2015-01-20 13:00:00,28.836433,0,0
2015-01-20 14:00:00,28.926394,0,0
2015-01-20 15:00:00,29.079556,0,0
2015-01-20 16:00:00,28.549665,0,0
2015-01-20 17:00:00,28.055544,0,0
2015-01-20 18:00:00,27.334698,0,0
2015-01-20 19:00:00,26.679125,0,0
2015-01-20 20:00:00,26.219986,0,0
2015-01-20 21:00:00,25.820774,0,0
2015-01-20 22:00:00,25.436314,0,0
2015-01-20 23:00:00,25.281744,0,0
2015-01-21 00:00:00,24.932007,0,0
2015-01-21 01:00:00,24.76725,0,0
2015-01-21 02:00:00,24.808702,0,0
2015-01-21 03:00:00,24.796993,0,0
2015-01-21 04:00:00,24.655396,0,0
2015-01-21 05:00:00,24.605392,0,0
2015-01-21 06:00:00,24.595469,0,0
2015-01-21 07:00:00,24.530453,0,0
2015-01-21 08:00:00,25.020004,0,0
2015-01-21 09:00:00,25.840214,0,0
2015-01-21 10:00:00,27.073624,0,0
2015-01-21 11:00:00,27.943949,0,0
2015-01-21 12:00:00,28.394833,0,0
2015-01-21 13:00:00,28.939217,0,0
2015-01-21 14:00:00,28.385792,0,0
2015-01-21 15:00:00,28.469513,0,0
2015-01-21 16:00:00,28.04167,0,0
2015-01-21 17:00:00,27.569038,0,0
2015-01-21 18:00:00,27.013062,0,0
2015-01-21 19:00:00,26.463963,0,0
2015-01-21 20:00:00,25.931665,0,0
2015-01-21 21:00:00,25.560703,0,0
2015-01-21 22:00:00,25.246208,0,0
2015-01-21 23:00:00,25.076359,0,0
2015-01-22 00:00:00,24.846731,0,0
2015-01-22 01:00:00,24.802086,0,0
2015-01-22 02:00:00,24.792755,0,0
2015-01-22 03:00:00,24.796062,0,0
2015-01-22 04:00:00,24.625427,0,0
2015-01-22 05:00:00,24.56041,0,0
2015-01-22 06:00:00,24.418928,0,0
2015-01-22 07:00:00,24.402124,0,0
2015-01-22 08:00:00,24.846653,0,0
2015-01-22 09:00:00,25.670958,0,0
2015-01-22 10:00:00,26.890165,0,0
2015-01-22 11:00:00,27.471083,0,0
2015-01-22 12:00:00,28.113684,0,0
2015-01-22 13:00:00,28.6336,0,0
2015-01-22 14:00:00,28.505466,0,0
2015-01-22 15:00:00,28.300926,0,0
2015-01-22 16:00:00,28.258038,0,0
2015-01-22 17:00:00,27.390118,0,0
2015-01-22 18:00:00,26.663061,0,0
2015-01-22 19:00:00,26.047306,0,0
2015-01-22 20:00:00,25.682957,0,0
2015-01-22 21:00:00,25.36211,0,0
2015-01-22 22:00:00,25.074604,0,0
2015-01-22 23:00:00,24.931744,0,0
2015-01-23 00:00:00,24.685575,0,0
2015-01-23 01:00:00,24.593979,0,0
2015-01-23 02:00:00,24.630074,0,0
2015-01-23 03:00:00,24.592045,0,0
2015-01-23 04:00:00,24.486954,0,0
2015-01-23 05:00:00,24.43379,0,0
2015-01-23 06:00:00,24.420557,0,0
2015-01-23 07:00:00,24.445879,0,0
2015-01-23 08:00:00,25.149923,0,0
2015-01-23 09:00:00,26.25854,0,0
2015-01-23 10:00:00,27.388903,0,0
2015-01-23 11:00:00,28.114845,0,0
2015-01-23 12:00:00,28.549452,0,0
2015-01-23 13:00:00,29.035696,0,0
2015-01-23 14:00:00,28.91904,0,0
2015-01-23 15:00:00,28.860374,0,0
2015-01-23 16:00:00,28.69826,0,0
2015-01-23 17:00:00,28.378408,0,0
2015-01-23 18:00:00,27.625887,0,0
2015-01-23 19:00:00,26.910275,0,0
2015-01-23 20:00:00,26.336266,0,0
2015-01-23 21:00:00,25.858686,0,0
2015-01-23 22:00:00,25.469395,0,0
2015-01-23 23:00:00,25.186459,0,0
2015-01-24 00:00:00,24.946646,1,0
2015-01-24 01:00:00,24.655048,1,0
2015-01-24 02:00:00,24.794569,1,0
2015-01-24 03:00:00,24.806131,1,0
2015-01-24 04:00:00,24.687805,1,0
2015-01-24 05:00:00,24.63807,1,0
2015-01-24 06:00:00,24.581713,1,0
2015-01-24 07:00:00,24.601824,1,0
2015-01-24 08:00:00,25.194685,1,0
2015-01-24 09:00:00,26.001923,1,0
2015-01-24 10:00:00,27.080389,1,0
2015-01-24 11:00:00,28.05897,1,0
2015-01-24 12:00:00,28.494833,1,0
2015-01-24 13:00:00,28.955873,1,0
2015-01-24 14:00:00,28.735386,1,0
2015-01-24 15:00:00,28.089508,1,0
2015-01-24 16:00:00,27.731108,1,0
2015-01-24 17:00:00,27.136724,1,0
2015-01-24 18:00:00,26.647552,1,0
2015-01-24 19:00:00,26.057114,1,0
2015-01-24 20:00:00,25.608015,1,0
2015-01-24 21:00:00,25.303709,1,0
2015-01-24 22:00:00,25.112371,1,0
2015-01-24 23:00:00,24.838099,1,0
2015-01-25 00:00:00,24.693716,1,0
2015-01-25 01:00:00,24.475914,1,0
2015-01-25 02:00:00,24.672459,1,0
2015-01-25 03:00:00,24.597515,1,0
2015-01-25 04:00:00,24.400826,1,0
2015-01-25 05:00:00,24.390902,1,0
2015-01-25 06:00:00,24.329191,1,0
2015-01-25 07:00:00,24.495848,1,0
2015-01-25 08:00:00,25.185139,1,0
2015-01-25 09:00:00,26.241854,1,0
2015-01-25 10:00:00,27.468533,1,0
2015-01-25 11:00:00,28.239119,1,0
2015-01-25 12:00:00,28.736696,1,0
2015-01-25 13:00:00,28.786318,1,0
2015-01-25 14:00:00,29.138693,1,0
2015-01-25 15:00:00,28.898619,1,0
2015-01-25 16:00:00,28.75535,1,0
2015-01-25 17:00:00,28.155872,1,0
2015-01-25 18:00:00,27.332127,1,0
2015-01-25 19:00:00,26.543621,1,0
2015-01-25 20:00:00,25.856377,1,0
2015-01-25 21:00:00,25.537312,1,0
2015-01-25 22:00:00,25.316204,1,0
2015-01-25 23:00:00,25.1484,1,0
2015-01-26 00:00:00,25.033646,0,0
2015-01-26 01:00:00,24.917105,0,0
2015-01-26 02:00:00,25.10361,0,0
2015-01-26 03:00:00,24.993685,0,0
2015-01-26 04:00:00,24.888592,0,0
2015-01-26 05:00:00,24.668629,0,0
2015-01-26 06:00:00,24.665056,0,0
2015-01-26 07:00:00,24.658178,0,0
2015-01-26 08:00:00,25.101038,0,0
2015-01-26 09:00:00,26.046307,0,0
2015-01-26 10:00:00,26.980127,0,0
2015-01-26 11:00:00,27.80759,0,0
2015-01-26 12:00:00,28.388363,0,0
2015-01-26 13:00:00,28.879438,0,0
2015-01-26 14:00:00,29.102451,0,0
2015-01-26 15:00:00,29.052711,0,0
2015-01-26 16:00:00,28.779816,0,0
2015-01-26 17:00:00,28.212015,0,0
2015-01-26 18:00:00,27.363062,0,0
2015-01-26 19:00:00,26.47099,0,0
2015-01-26 20:00:00,25.787052,0,0
2015-01-26 21:00:00,25.43605,0,0
2015-01-26 22:00:00,25.188097,0,0
2015-01-26 23:00:00,25.028173,0,0
2015-01-27 00:00:00,24.821821,0,0
2015-01-27 01:00:00,24.668772,0,0
2015-01-27 02:00:00,24.786953,0,0
2015-01-27 03:00:00,24.678814,0,0
2015-01-27 04:00:00,24.683762,0,0
2015-01-27 05:00:00,24.563911,0,0
2015-01-27 06:00:00,24.491016,0,0
2015-01-27 07:00:00,24.291016,0,0
2015-01-27 08:00:00,24.965027,0,0
2015-01-27 09:00:00,26.321217,0,0
2015-01-27 10:00:00,27.725739,0,0
2015-01-27 11:00:00,28.694134,0,0
2015-01-27 12:00:00,29.109629,0,0
2015-01-27 13:00:00,29.512411,0,0
2015-01-27 14:00:00,29.639992,0,0
2015-01-27 15:00:00,29.216982,0,0
2015-01-27 16:00:00,28.78431,0,0
2015-01-27 17:00:00,28.106728,0,0
2015-01-27 18:00:00,27.311344,0,0
2015-01-27 19:00:00,26.406181,0,0
2015-01-27 20:00:00,25.860538,0,0
2015-01-27 21:00:00,25.389835,0,0
2015-01-27 22:00:00,25.095451,0,0
2015-01-27 23:00:00,24.892666,0,0
2015-01-28 00:00:00,24.741405,0,0
2015-01-28 01:00:00,24.641932,0,0
2015-01-28 02:00:00,24.718512,0,0
2015-01-28 03:00:00,24.615465,0,0
2015-01-28 04:00:00,24.413942,0,0
2015-01-28 05:00:00,24.415726,0,0
2015-01-28 06:00:00,24.377438,0,0
2015-01-28 07:00:00,24.39093,0,0
2015-01-28 08:00:00,25.138475,0,0
2015-01-28 09:00:00,26.44873,0,0
2015-01-28 10:00:00,27.858461,0,0
2015-01-28 11:00:00,28.945183,0,0
2015-01-28 12:00:00,29.467554,0,0
2015-01-28 13:00:00,29.881899,0,0
2015-01-28 14:00:00,29.913458,0,0
2015-01-28 15:00:00,29.466913,0,0
2015-01-28 16:00:00,28.930933,0,0
2015-01-28 17:00:00,28.27153,0,0
2015-01-28 18:00:00,27.38098,0,0
2015-01-28 19:00:00,26.505444,0,0
2015-01-28 20:00:00,25.924557,0,0
2015-01-28 21:00:00,25.563372,0,0
2015-01-28 22:00:00,25.36211,0,0
2015-01-28 23:00:00,25.243523,0,0
2015-01-29 00:00:00,25.007015,0,0
2015-01-29 01:00:00,24.792406,0,0
2015-01-29 02:00:00,25.007538,0,0
2015-01-29 03:00:00,24.860847,0,0
2015-01-29 04:00:00,24.754232,0,0
2015-01-29 05:00:00,24.75754,0,0
2015-01-29 06:00:00,24.769512,0,0
2015-01-29 07:00:00,24.726389,0,0
2015-01-29 08:00:00,25.416203,0,0
2015-01-29 09:00:00,26.476719,0,0
2015-01-29 10:00:00,27.738758,0,0
2015-01-29 11:00:00,28.78388,0,0
2015-01-29 12:00:00,29.416176,0,0
2015-01-29 13:00:00,29.948849,0,0
2015-01-29 14:00:00,30.141708,0,0
2015-01-29 15:00:00,29.906729,0,0
2015-01-29 16:00:00,29.4271,0,0
2015-01-29 17:00:00,28.556398,0,0
2015-01-29 18:00:00,27.585957,0,0
2015-01-29 19:00:00,26.703806,0,0
2015-01-29 20:00:00,26.112993,0,0
2015-01-29 21:00:00,25.720394,0,0
2015-01-29 22:00:00,25.550808,0,0
2015-01-29 23:00:00,25.482744,0,0
2015-01-30 00:00:00,25.31468,0,0
2015-01-30 01:00:00,25.213156,0,0
2015-01-30 02:00:00,25.213156,0,0
2015-01-30 03:00:00,25.14,0,0
2015-01-30 04:00:00,25.083645,0,0
2015-01-30 05:00:00,24.932121,0,0
2015-01-30 06:00:00,24.71889,0,0
2015-01-30 07:00:00,24.66558,0,0
2015-01-30 08:00:00,25.249779,0,0
2015-01-30 09:00:00,26.53776,0,0
2015-01-30 10:00:00,27.942396,0,0
2015-01-30 11:00:00,28.887781,0,0
2015-01-30 12:00:00,29.678331,0,0
2015-01-30 13:00:00,30.134424,0,0
2015-01-30 14:00:00,29.914196,0,0
2015-01-30 15:00:00,29.664196,0,0
2015-01-30 16:00:00,29.303158,0,0
2015-01-30 17:00:00,28.554352,0,0
2015-01-30 18:00:00,27.594097,0,0
2015-01-30 19:00:00,26.723656,0,0
2015-01-30 20:00:00,26.157902,0,0
2015-01-30 21:00:00,25.731697,0,0
2015-01-30 22:00:00,25.555494,0,0
2015-01-30 23:00:00,25.38412,0,0
2015-01-31 00:00:00,25.254349,1,0
2015-01-31 01:00:00,25.14647,1,0
2015-01-31 02:00:00,25.251154,1,0
2015-01-31 03:00:00,25.19123,1,0
2015-01-31 04:00:00,25.091492,1,0
2015-01-31 05:00:00,25.083092,1,0
2015-01-31 06:00:00,25.065027,1,0
2015-01-31 07:00:00,25.02495,1,0
2015-01-31 08:00:00,25.589445,1,0
2015-01-31 09:00:00,26.512964,1,0
2015-01-31 10:00:00,27.46994,1,0
2015-01-31 11:00:00,28.24536,1,0
2015-01-31 12:00:00,28.846096,1,0
2015-01-31 13:00:00,29.155758,1,0
2015-01-31 14:00:00,29.080032,1,0
2015-01-31 15:00:00,29.088432,1,0
2015-01-31 16:00:00,28.738695,1,0
2015-01-31 17:00:00,28.144573,1,0
2015-01-31 18:00:00,27.440525,1,0
2015-01-31 19:00:00,26.700237,1,0
2015-01-31 20:00:00,26.156378,1,0
2015-01-31 21:00:00,25.79724,1,0
2015-01-31 22:00:00,25.579435,1,0
2015-01-31 23:00:00,25.374866,1,0
2015-02-01 00:00:00,25.251448,1,0
2015-02-01 01:00:00,25.098139,1,0
2015-02-01 02:00:00,25.220741,1,0
2015-02-01 03:00:00,25.15394,1,0
2015-02-01 04:00:00,25.085613,1,0
2015-02-01 05:00:00,24.99223,1,0
2015-02-01 06:00:00,24.909294,1,0
2015-02-01 07:00:00,24.878143,1,0
2015-02-01 08:00:00,25.484238,1,0
2015-02-01 09:00:00,26.762556,1,0
2015-02-01 10:00:00,27.999014,1,0
2015-02-01 11:00:00,28.860935,1,0
2015-02-01 12:00:00,29.476692,1,0
2015-02-01 13:00:00,29.67784,1,0
2015-02-01 14:00:00,29.846163,1,0
2015-02-01 15:00:00,29.777576,1,0
2015-02-01 16:00:00,29.369436,1,0
2015-02-01 17:00:00,28.606874,1,0
2015-02-01 18:00:00,27.694834,1,0
2015-02-01 19:00:00,26.944357,1,0
2015-02-01 20:00:00,26.423508,1,0
2015-02-01 21:00:00,26.045784,1,0
2015-02-01 22:00:00,25.839952,1,0
2015-02-01 23:00:00,25.78029,1,0
2015-02-02 00:00:00,25.620626,0,0
2015-02-02 01:00:00,25.42929,0,0
2015-02-02 02:00:00,25.450777,0,0
2015-02-02 03:00:00,25.390854,0,0
2015-02-02 04:00:00,25.28933,0,0
2015-02-02 05:00:00,25.2513,0,0
2015-02-02 06:00:00,25.26658,0,0
2015-02-02 07:00:00,25.330074,0,0
2015-02-02 08:00:00,25.946209,0,0
2015-02-02 09:00:00,27.306086,0,0
2015-02-02 10:00:00,28.689613,0,0
2015-02-02 11:00:00,29.746296,0,0
2015-02-02 12:00:00,30.36179,0,0
2015-02-02 13:00:00,30.763052,0,0
2015-02-02 14:00:00,30.635422,0,0
2015-02-02 15:00:00,30.517242,0,0
2015-02-02 16:00:00,29.656347,0,0
2015-02-02 17:00:00,29.118843,0,0
2015-02-02 18:00:00,28.321415,0,0
2015-02-02 19:00:00,27.46406,0,0
2015-02-02 20:00:00,26.9202,0,0
2015-02-02 21:00:00,26.567678,0,0
2015-02-02 22:00:00,26.271511,0,0
2015-02-02 23:00:00,26.068726,0,0
2015-02-03 00:00:00,25.93743,0,0
2015-02-03 01:00:00,25.734385,0,0
2015-02-03 02:00:00,25.767319,0,0
2015-02-03 03:00:00,25.648993,0,0
2015-02-03 04:00:00,25.440592,0,0
2015-02-03 05:00:00,25.468958,0,0
2015-02-03 06:00:00,25.462078,0,0
2015-02-03 07:00:00,25.400368,0,0
2015-02-03 08:00:00,25.848324,0,0
2015-02-03 09:00:00,27.158985,0,0
2015-02-03 10:00:00,28.532734,0,0
2015-02-03 11:00:00,29.457891,0,0
2015-02-03 12:00:00,30.06015,0,0
2015-02-03 13:00:00,30.485947,0,0
2015-02-03 14:00:00,30.017653,0,0
2015-02-03 15:00:00,30.045757,0,0
2015-02-03 16:00:00,29.493378,0,0
2015-02-03 17:00:00,28.730818,0,0
2015-02-03 18:00:00,27.980078,0,0
2015-02-03 19:00:00,27.2628,0,0
2015-02-03 20:00:00,26.745668,0,0
2015-02-03 21:00:00,26.306377,0,0
2015-02-03 22:00:00,26.070395,0,0
2015-02-03 23:00:00,25.905901,0,0
2015-02-04 00:00:00,25.699284,0,0
2015-02-04 01:00:00,25.544453,0,0
2015-02-04 02:00:00,25.519249,0,0
2015-02-04 03:00:00,25.372557,0,0
2015-02-04 04:00:00,25.318989,0,0
2015-02-04 05:00:00,25.23579,0,0
2015-02-04 06:00:00,25.218987,0,0
2015-02-04 07:00:00,25.234266,0,0
2015-02-04 08:00:00,25.757278,0,0
2015-02-04 09:00:00,26.929504,0,0
2015-02-04 10:00:00,28.157938,0,0
2015-02-04 11:00:00,28.909676,0,0
2015-02-04 12:00:00,29.730114,0,0
2015-02-04 13:00:00,30.132376,0,0
2015-02-04 14:00:00,30.341892,0,0
2015-02-04 15:00:00,30.156912,0,0
2015-02-04 16:00:00,29.784424,0,0
2015-02-04 17:00:00,28.855465,0,0
2015-02-04 18:00:00,28.126625,0,0
2015-02-04 19:00:00,27.304401,0,0
2015-02-04 20:00:00,26.737265,0,0
2015-02-04 21:00:00,26.396452,0,0
2015-02-04 22:00:00,26.13196,0,0
2015-02-04 23:00:00,25.879173,0,0
2015-02-05 00:00:00,25.712894,0,0
2015-02-05 01:00:00,25.461636,0,0
2015-02-05 02:00:00,25.556278,0,0
2015-02-05 03:00:00,25.389736,0,0
2015-02-05 04:00:00,25.253086,0,0
2015-02-05 05:00:00,25.034761,0,0
2015-02-05 06:00:00,24.9835,0,0
2015-02-05 07:00:00,24.92179,0,0
2015-02-05 08:00:00,25.644016,0,0
2015-02-05 09:00:00,26.975117,0,0
2015-02-05 10:00:00,28.016407,0,0
2015-02-05 11:00:00,28.961527,0,0
2015-02-05 12:00:00,27.989838,0,0
2015-02-05 13:00:00,27.61422,0,0
2015-02-05 14:00:00,28.318846,0,0
2015-02-05 15:00:00,28.618437,0,0
2015-02-05 16:00:00,27.939625,0,0
2015-02-05 17:00:00,27.693457,0,0
2015-02-05 18:00:00,27.104166,0,0
2015-02-05 19:00:00,26.416662,0,0
2015-02-05 20:00:00,26.009308,0,0
2015-02-05 21:00:00,25.836674,0,0
2015-02-05 22:00:00,25.737198,0,0
2015-02-05 23:00:00,25.606901,0,0
2015-02-06 00:00:00,25.490099,0,0
2015-02-06 01:00:00,25.418463,0,0
2015-02-06 02:00:00,25.414156,0,0
2015-02-06 03:00:00,25.371035,0,0
2015-02-06 04:00:00,25.397615,0,0
2015-02-06 05:00:00,25.2994,0,0
2015-02-06 06:00:00,25.192375,0,0
2015-02-06 07:00:00,25.036022,0,0
2015-02-06 08:00:00,25.476572,0,0
2015-02-06 09:00:00,26.222218,0,0
2015-02-06 10:00:00,26.99916,0,0
2015-02-06 11:00:00,27.720743,0,0
2015-02-06 12:00:00,28.14338,0,0
2015-02-06 13:00:00,28.742855,0,0
2015-02-06 14:00:00,28.71092,0,0
2015-02-06 15:00:00,28.631884,0,0
2015-02-06 16:00:00,27.336823,0,0
2015-02-06 17:00:00,26.701103,0,0
2015-02-06 18:00:00,26.308357,0,0
2015-02-06 19:00:00,25.857475,0,0
2015-02-06 20:00:00,25.470346,0,0
2015-02-06 21:00:00,25.257637,0,0
2015-02-06 22:00:00,25.189837,0,0
2015-02-06 23:00:00,25.109947,0,0
2015-02-07 00:00:00,24.963516,1,0
2015-02-07 01:00:00,24.933481,1,0
2015-02-07 02:00:00,25.061846,1,0
2015-02-07 03:00:00,24.945307,1,0
2015-02-07 04:00:00,24.872412,1,0
2015-02-07 05:00:00,24.787954,1,0
2015-02-07 06:00:00,24.636576,1,0
2015-02-07 07:00:00,24.595242,1,0
2015-02-07 08:00:00,25.211372,1,0
2015-02-07 09:00:00,26.356493,1,0
2015-02-07 10:00:00,27.443474,1,0
2015-02-07 11:00:00,28.55042,1,0
2015-02-07 12:00:00,29.246065,1,0
2015-02-07 13:00:00,29.62874,1,0
2015-02-07 14:00:00,29.906435,1,0
2015-02-07 15:00:00,29.556843,1,0
2015-02-07 16:00:00,28.972385,1,0
2015-02-07 17:00:00,28.056774,1,0
2015-02-07 18:00:00,27.141426,1,0
2015-02-07 19:00:00,26.367416,1,0
2015-02-07 20:00:00,25.808424,1,0
2015-02-07 21:00:00,25.392555,1,0
2015-02-07 22:00:00,25.103,1,0
2015-02-07 23:00:00,24.85505,1,0
2015-02-08 00:00:00,24.695124,1,0
2015-02-08 01:00:00,24.397171,1,0
2015-02-08 02:00:00,24.478844,1,0
2015-02-08 03:00:00,24.265614,1,0
2015-02-08 04:00:00,24.07732,1,0
2015-02-08 05:00:00,23.975798,1,0
2015-02-08 06:00:00,23.87249,1,0
2015-02-08 07:00:00,23.835983,1,0
2015-02-08 08:00:00,24.76851,1,0
2015-02-08 09:00:00,26.202038,1,0
2015-02-08 10:00:00,27.45237,1,0
2015-02-08 11:00:00,28.649506,1,0
2015-02-08 12:00:00,29.14222,1,0
2015-02-08 13:00:00,29.346529,1,0
2015-02-08 14:00:00,29.31684,1,0
2015-02-08 15:00:00,28.935312,1,0
2015-02-08 16:00:00,28.518917,1,0
2015-02-08 17:00:00,27.980888,1,0
2015-02-08 18:00:00,27.27925,1,0
2015-02-08 19:00:00,26.423302,1,0
2015-02-08 20:00:00,25.69256,1,0
2015-02-08 21:00:00,25.06334,1,0
2015-02-08 22:00:00,24.54873,1,0
2015-02-08 23:00:00,24.080927,1,0
2015-02-09 00:00:00,23.686283,0,0
2015-02-09 01:00:00,23.408178,0,0
2015-02-09 02:00:00,23.497993,0,0
2015-02-09 03:00:00,23.386284,0,0
2015-02-09 04:00:00,23.206394,0,0
2015-02-09 05:00:00,23.20487,0,0
2015-02-09 06:00:00,23.123459,0,0
2015-02-09 07:00:00,23.053085,0,0
2015-02-09 08:00:00,23.75361,0,0
2015-02-09 09:00:00,25.312078,0,0
2015-02-09 10:00:00,26.51647,0,0
2015-02-09 11:00:00,27.72992,0,0
2015-02-09 12:00:00,28.34363,0,0
2015-02-09 13:00:00,28.329903,0,0
2015-02-09 14:00:00,28.107592,0,0
2015-02-09 15:00:00,28.410229,0,0
2015-02-09 16:00:00,28.305515,0,0
2015-02-09 17:00:00,27.627934,0,0
2015-02-09 18:00:00,26.680649,0,0
2015-02-09 19:00:00,26.202662,0,0
2015-02-09 20:00:00,25.691738,0,0
2015-02-09 21:00:00,25.177387,0,0
2015-02-09 22:00:00,24.729696,0,0
2015-02-09 23:00:00,24.399021,0,0
2015-02-10 00:00:00,24.136461,0,0
2015-02-10 01:00:00,23.851263,0,0
2015-02-10 02:00:00,23.872267,0,0
2015-02-10 03:00:00,23.822643,0,0
2015-02-10 04:00:00,23.66298,0,0
2015-02-10 05:00:00,23.599825,0,0
2015-02-10 06:00:00,23.618298,0,0
2015-02-10 07:00:00,23.541718,0,0
2015-02-10 08:00:00,24.443832,0,0
2015-02-10 09:00:00,25.912226,0,0
2015-02-10 10:00:00,27.266273,0,0
2015-02-10 11:00:00,28.461771,0,0
2015-02-10 12:00:00,28.964294,0,0
2015-02-10 13:00:00,29.191874,0,0
2015-02-10 14:00:00,28.385141,0,0
2015-02-10 15:00:00,28.261984,0,0
2015-02-10 16:00:00,27.699419,0,0
2015-02-10 17:00:00,27.354774,0,0
2015-02-10 18:00:00,26.833403,0,0
2015-02-10 19:00:00,26.132812,0,0
2015-02-10 20:00:00,25.73348,0,0
2015-02-10 21:00:00,25.379059,0,0
2015-02-10 22:00:00,25.21304,0,0
2015-02-10 23:00:00,24.965466,0,0
2015-02-11 00:00:00,24.679337,0,0
2015-02-11 01:00:00,24.432646,0,0
2015-02-11 02:00:00,24.08127,0,0
2015-02-11 03:00:00,23.983055,0,0
2015-02-11 04:00:00,23.784838,0,0
2015-02-11 05:00:00,23.686623,0,0
2015-02-11 06:00:00,23.556997,0,0
2015-02-11 07:00:00,23.508781,0,0
2015-02-11 08:00:00,24.529339,0,0
2015-02-11 09:00:00,26.115532,0,0
2015-02-11 10:00:00,27.457085,0,0
2015-02-11 11:00:00,28.487452,0,0
2015-02-11 12:00:00,29.133095,0,0
2015-02-11 13:00:00,29.201044,0,0
2015-02-11 14:00:00,29.4374,0,0
2015-02-11 15:00:00,29.384356,0,0
2015-02-11 16:00:00,28.941612,0,0
2015-02-11 17:00:00,28.388826,0,0
2015-02-11 18:00:00,27.626265,0,0
2015-02-11 19:00:00,26.77389,0,0
2015-02-11 20:00:00,26.241476,0,0
2015-02-11 21:00:00,25.760586,0,0
2015-02-11 22:00:00,25.332745,0,0
2015-02-11 23:00:00,24.951593,0,0
2015-02-12 00:00:00,24.706947,0,0
2015-02-12 01:00:00,24.520706,0,0
2015-02-12 02:00:00,24.508995,0,0
2015-02-12 03:00:00,24.305948,0,0
2015-02-12 04:00:00,24.209518,0,0
2015-02-12 05:00:00,24.15952,0,0
2015-02-12 06:00:00,24.197807,0,0
2015-02-12 07:00:00,24.08967,0,0
2015-02-12 08:00:00,25.133644,0,0
2015-02-12 09:00:00,26.526981,0,0
2015-02-12 10:00:00,27.971956,0,0
2015-02-12 11:00:00,29.17738,0,0
2015-02-12 12:00:00,29.786373,0,0
2015-02-12 13:00:00,30.067,0,0
2015-02-12 14:00:00,30.320568,0,0
2015-02-12 15:00:00,29.877329,0,0
2015-02-12 16:00:00,29.517815,0,0
2015-02-12 17:00:00,28.721792,0,0
2015-02-12 18:00:00,27.955921,0,0
2015-02-12 19:00:00,27.128603,0,0
2015-02-12 20:00:00,26.544668,0,0
2015-02-12 21:00:00,26.225227,0,0
2015-02-12 22:00:00,25.985674,0,0
2015-02-12 23:00:00,25.782629,0,0
2015-02-13 00:00:00,25.614304,0,0
2015-02-13 01:00:00,25.454378,0,0
2015-02-13 02:00:00,25.522556,0,0
2015-02-13 03:00:00,25.472557,0,0
2015-02-13 04:00:00,25.332745,0,0
2015-02-13 05:00:00,25.244715,0,0
2015-02-13 06:00:00,25.24981,0,0
2015-02-13 07:00:00,25.336576,0,0
2015-02-13 08:00:00,25.844307,0,0
2015-02-13 09:00:00,26.771627,0,0
2015-02-13 10:00:00,28.051321,0,0
2015-02-13 11:00:00,29.101128,0,0
2015-02-13 12:00:00,29.774353,0,0
2015-02-13 13:00:00,29.933605,0,0
2015-02-13 14:00:00,29.280884,0,0
2015-02-13 15:00:00,28.793001,0,0
2015-02-13 16:00:00,28.360065,0,0
2015-02-13 17:00:00,27.5797,0,0
2015-02-13 18:00:00,26.819561,0,0
2015-02-13 19:00:00,26.06604,0,0
2015-02-13 20:00:00,25.706902,0,0
2015-02-13 21:00:00,25.542404,0,0
2015-02-13 22:00:00,25.391144,0,0
2015-02-13 23:00:00,25.256424,0,0
2015-02-14 00:00:00,25.194977,1,0
2015-02-14 01:00:00,25.097023,1,0
2015-02-14 02:00:00,25.243454,1,0
2015-02-14 03:00:00,25.078436,1,0
2015-02-14 04:00:00,25.037952,1,0
2015-02-14 05:00:00,24.931074,1,0
2015-02-14 06:00:00,24.826242,1,0
2015-02-14 07:00:00,24.909702,1,0
2015-02-14 08:00:00,25.39747,1,0
2015-02-14 09:00:00,26.196568,1,0
2015-02-14 10:00:00,26.97682,1,0
2015-02-14 11:00:00,27.501974,1,0
2015-02-14 12:00:00,27.671038,1,0
2015-02-14 13:00:00,27.243553,1,0
2015-02-14 14:00:00,28.010359,1,0
2015-02-14 15:00:00,27.781845,1,0
2015-02-14 16:00:00,27.219284,1,0
2015-02-14 17:00:00,26.710407,1,0
2015-02-14 18:00:00,26.214878,1,0
2015-02-14 19:00:00,25.589458,1,0
2015-02-14 20:00:00,25.493406,1,0
2015-02-14 21:00:00,25.27025,1,0
2015-02-14 22:00:00,25.12051,1,0
2015-02-14 23:00:00,25.003706,1,0
2015-02-15 00:00:00,24.905231,1,0
2015-02-15 01:00:00,24.833073,1,0
2015-02-15 02:00:00,25.226196,1,0
2015-02-15 03:00:00,25.076197,1,0
2015-02-15 04:00:00,25.006084,1,0
2015-02-15 05:00:00,24.897684,1,0
2015-02-15 06:00:00,24.94973,1,0
2015-02-15 07:00:00,25.004824,1,0
2015-02-15 08:00:00,25.35787,1,0
2015-02-15 09:00:00,26.285189,1,0
2015-02-15 10:00:00,27.273956,1,0
2015-02-15 11:00:00,28.102535,1,0
2015-02-15 12:00:00,28.27189,1,0
2015-02-15 13:00:00,28.566683,1,0
2015-02-15 14:00:00,29.019844,1,0
2015-02-15 15:00:00,28.926199,1,0
2015-02-15 16:00:00,28.572891,1,0
2015-02-15 17:00:00,28.102041,1,0
2015-02-15 18:00:00,27.2732,1,0
2015-02-15 19:00:00,26.547928,1,0
2015-02-15 20:00:00,26.093884,1,0
2015-02-15 21:00:00,25.847977,1,0
2015-02-15 22:00:00,25.755377,1,0
2015-02-15 23:00:00,25.60921,1,0
2015-02-16 00:00:00,25.419395,0,0
2015-02-16 01:00:00,25.231104,0,0
2015-02-16 02:00:00,25.557018,0,0
2015-02-16 03:00:00,25.518988,0,0
2015-02-16 04:00:00,25.382483,0,0
2015-02-16 05:00:00,25.247763,0,0
2015-02-16 06:00:00,25.254639,0,0
2015-02-16 07:00:00,25.163042,0,0
2015-02-16 08:00:00,25.815681,0,0
2015-02-16 09:00:00,26.947422,0,0
2015-02-16 10:00:00,28.108938,0,0
2015-02-16 11:00:00,29.037664,0,0
2015-02-16 12:00:00,29.83357,0,0
2015-02-16 13:00:00,30.184309,0,0
2015-02-16 14:00:00,30.3404,0,0
2015-02-16 15:00:00,30.365458,0,0
2015-02-16 16:00:00,29.413227,0,0
2015-02-16 17:00:00,28.787432,0,0
2015-02-16 18:00:00,27.960373,0,0
2015-02-16 19:00:00,27.086887,0,0
2015-02-16 20:00:00,26.48641,0,0
2015-02-16 21:00:00,26.120657,0,0
2015-02-16 22:00:00,25.852856,0,0
2015-02-16 23:00:00,25.733267,0,0
2015-02-17 00:00:00,25.478437,0,1
2015-02-17 01:00:00,25.326914,0,1
2015-02-17 02:00:00,25.513271,0,1
2015-02-17 03:00:00,25.336807,0,1
2015-02-17 04:00:00,25.11722,0,1
2015-02-17 05:00:00,24.864174,0,1
2015-02-17 06:00:00,24.852726,0,1
2015-02-17 07:00:00,24.731092,0,1
2015-02-17 08:00:00,25.493279,0,1
2015-02-17 09:00:00,27.02731,0,1
2015-02-17 10:00:00,28.30016,0,1
2015-02-17 11:00:00,29.40342,0,1
2015-02-17 12:00:00,30.257465,0,1
2015-02-17 13:00:00,30.823074,0,1
2015-02-17 14:00:00,30.468126,0,1
2015-02-17 15:00:00,30.186714,0,1
2015-02-17 16:00:00,29.72936,0,1
2015-02-17 17:00:00,28.99364,0,1
2015-02-17 18:00:00,28.113276,0,1
2015-02-17 19:00:00,27.234695,0,1
2015-02-17 20:00:00,26.610685,0,1
2015-02-17 21:00:00,26.168087,0,1
2015-02-17 22:00:00,25.787197,0,1
2015-02-17 23:00:00,25.40274,0,1
2015-02-18 00:00:00,25.155046,0,0
2015-02-18 01:00:00,24.940554,0,0
2015-02-18 02:00:00,24.842194,0,0
2015-02-18 03:00:00,24.857327,0,0
2015-02-18 04:00:00,24.65097,0,0
2015-02-18 05:00:00,24.544619,0,0
2015-02-18 06:00:00,24.438263,0,0
2015-02-18 07:00:00,24.423508,0,0
2015-02-18 08:00:00,25.477406,0,0
2015-02-18 09:00:00,27.109917,0,0
2015-02-18 10:00:00,28.512655,0,0
2015-02-18 11:00:00,29.696066,0,0
2015-02-18 12:00:00,30.574905,0,0
2015-02-18 13:00:00,31.15375,0,0
2015-02-18 14:00:00,31.143301,0,0
2015-02-18 15:00:00,31.024975,0,0
2015-02-18 16:00:00,30.41888,0,0
2015-02-18 17:00:00,29.469667,0,0
2015-02-18 18:00:00,28.215769,0,0
2015-02-18 19:00:00,27.260345,0,0
2015-02-18 20:00:00,26.469418,0,0
2015-02-18 21:00:00,25.859015,0,0
2015-02-18 22:00:00,25.47965,0,0
2015-02-18 23:00:00,25.215302,0,0
2015-02-19 00:00:00,24.953854,0,0
2015-02-19 01:00:00,24.73222,0,0
2015-02-19 02:00:00,24.903563,0,0
2015-02-19 03:00:00,24.709179,0,0
2015-02-19 04:00:00,24.533123,0,0
2015-02-19 05:00:00,24.460373,0,0
2015-02-19 06:00:00,24.460636,0,0
2015-02-19 07:00:00,24.447403,0,0
2015-02-19 08:00:00,25.215057,0,0
2015-02-19 09:00:00,26.486382,0,0
2015-02-19 10:00:00,27.864176,0,0
2015-02-19 11:00:00,28.827215,0,0
2015-02-19 12:00:00,29.459105,0,0
2015-02-19 13:00:00,29.779951,0,0
2015-02-19 14:00:00,30.006418,0,0
2015-02-19 15:00:00,29.706827,0,0
2015-02-19 16:00:00,28.988907,0,0
2015-02-19 17:00:00,28.533077,0,0
2015-02-19 18:00:00,27.626575,0,0
2015-02-19 19:00:00,26.701567,0,0
2015-02-19 20:00:00,26.038265,0,0
2015-02-19 21:00:00,25.641098,0,0
2015-02-19 22:00:00,25.381958,0,0
2015-02-19 23:00:00,25.125866,0,0
2015-02-20 00:00:00,24.957802,0,0
2015-02-20 01:00:00,24.761372,0,0
2015-02-20 02:00:00,24.486576,0,0
2015-02-20 03:00:00,24.338362,0,0
2015-02-20 04:00:00,24.241932,0,0
2015-02-20 05:00:00,24.147022,0,0
2015-02-20 06:00:00,24.020704,0,0
2015-02-20 07:00:00,24.008995,0,0
2015-02-20 08:00:00,25.054756,0,0
2015-02-20 09:00:00,26.675934,0,0
2015-02-20 10:00:00,28.132618,0,0
2015-02-20 11:00:00,29.399225,0,0
2015-02-20 12:00:00,30.196396,0,0
2015-02-20 13:00:00,30.723713,0,0
2015-02-20 14:00:00,30.659958,0,0
2015-02-20 15:00:00,30.338732,0,0
2015-02-20 16:00:00,29.892824,0,0
2015-02-20 17:00:00,28.995543,0,0
2015-02-20 18:00:00,28.034765,0,0
2015-02-20 19:00:00,26.994099,0,0
2015-02-20 20:00:00,26.283318,0,0
2015-02-20 21:00:00,25.89072,0,0
2015-02-20 22:00:00,25.514923,0,0
2015-02-20 23:00:00,25.169018,0,0
2015-02-21 00:00:00,24.839653,1,0
2015-02-21 01:00:00,24.548315,1,0
2015-02-21 02:00:00,24.53356,1,0
2015-02-21 03:00:00,24.413448,1,0
2015-02-21 04:00:00,24.246645,1,0
2015-02-21 05:00:00,24.153526,1,0
2015-02-21 06:00:00,24.062187,1,0
2015-02-21 07:00:00,24.05074,1,0
2015-02-21 08:00:00,25.09167,1,0
2015-02-21 09:00:00,26.68486,1,0
2015-02-21 10:00:00,28.24485,1,0
2015-02-21 11:00:00,29.281834,1,0
2015-02-21 12:00:00,29.599258,1,0
2015-02-21 13:00:00,30.040476,1,0
2015-02-21 14:00:00,30.162964,1,0
2015-02-21 15:00:00,30.16958,1,0
2015-02-21 16:00:00,29.951519,1,0
2015-02-21 17:00:00,29.488546,1,0
2015-02-21 18:00:00,28.656397,1,0
2015-02-21 19:00:00,27.672724,1,0
2015-02-21 20:00:00,26.929125,1,0
2015-02-21 21:00:00,26.376865,1,0
2015-02-21 22:00:00,26.014418,1,0
2015-02-21 23:00:00,25.744831,1,0
2015-02-22 00:00:00,25.491783,1,0
2015-02-22 01:00:00,25.28186,1,0
2015-02-22 02:00:00,25.173458,1,0
2015-02-22 03:00:00,25.109962,1,0
2015-02-22 04:00:00,24.89,1,0
2015-02-22 05:00:00,24.848139,1,0
2015-02-22 06:00:00,24.75985,1,0
2015-02-22 07:00:00,24.815205,1,0
2015-02-22 08:00:00,25.722673,1,0
2015-02-22 09:00:00,27.30746,1,0
2015-02-22 10:00:00,28.762098,1,0
2015-02-22 11:00:00,29.90239,1,0
2015-02-22 12:00:00,30.897772,1,0
2015-02-22 13:00:00,31.308697,1,0
2015-02-22 14:00:00,31.72059,1,0
2015-02-22 15:00:00,31.607094,1,0
2015-02-22 16:00:00,31.2342,1,0
2015-02-22 17:00:00,30.215689,1,0
2015-02-22 18:00:00,28.95432,1,0
2015-02-22 19:00:00,27.869532,1,0
2015-02-22 20:00:00,27.052662,1,0
2015-02-22 21:00:00,26.511848,1,0
2015-02-22 22:00:00,26.209063,1,0
2015-02-22 23:00:00,25.9994,1,0
2015-02-23 00:00:00,25.891262,0,0
2015-02-23 01:00:00,25.749664,0,0
2015-02-23 02:00:00,25.71758,0,0
2015-02-23 03:00:00,25.66758,0,0
2015-02-23 04:00:00,25.439215,0,0
2015-02-23 05:00:00,25.265942,0,0
2015-02-23 06:00:00,25.22282,0,0
2015-02-23 07:00:00,25.212894,0,0
2015-02-23 08:00:00,25.790737,0,0
2015-02-23 09:00:00,27.253778,0,0
2015-02-23 10:00:00,28.373432,0,0
2015-02-23 11:00:00,29.436995,0,0
2015-02-23 12:00:00,30.20691,0,0
2015-02-23 13:00:00,30.511219,0,0
2015-02-23 14:00:00,30.116865,0,0
2015-02-23 15:00:00,30.081474,0,0
2015-02-23 16:00:00,29.62222,0,0
2015-02-23 17:00:00,28.867651,0,0
2015-02-23 18:00:00,27.940855,0,0
2015-02-23 19:00:00,27.092165,0,0
2015-02-23 20:00:00,26.335482,0,0
2015-02-23 21:00:00,25.886528,0,0
2015-02-23 22:00:00,25.584003,0,0
2015-02-23 23:00:00,25.32282,0,0
2015-02-24 00:00:00,25.159847,0,0
2015-02-24 01:00:00,24.958326,0,0
2015-02-24 02:00:00,24.804346,0,0
2015-02-24 03:00:00,24.68119,0,0
2015-02-24 04:00:00,24.563126,0,0
2015-02-24 05:00:00,24.588707,0,0
2015-02-24 06:00:00,24.553986,0,0
2015-02-24 07:00:00,24.526735,0,0
2015-02-24 08:00:00,25.150225,0,0
2015-02-24 09:00:00,26.39292,0,0
2015-02-24 10:00:00,27.589972,0,0
2015-02-24 11:00:00,28.757513,0,0
2015-02-24 12:00:00,29.353567,0,0
2015-02-24 13:00:00,29.81449,0,0
2015-02-24 14:00:00,30.118649,0,0
2015-02-24 15:00:00,30.405418,0,0
2015-02-24 16:00:00,30.14397,0,0
2015-02-24 17:00:00,29.22453,0,0
2015-02-24 18:00:00,28.102564,0,0
2015-02-24 19:00:00,27.162537,0,0
2015-02-24 20:00:00,26.516893,0,0
2015-02-24 21:00:00,25.988052,0,0
2015-02-24 22:00:00,25.593668,0,0
2015-02-24 23:00:00,25.319395,0,0
2015-02-25 00:00:00,25.05973,0,0
2015-02-25 01:00:00,24.760256,0,0
2015-02-25 02:00:00,24.898401,0,0
2015-02-25 03:00:00,24.735168,0,0
2015-02-25 04:00:00,24.696732,0,0
2015-02-25 05:00:00,24.456917,0,0
2015-02-25 06:00:00,24.294945,0,0
2015-02-25 07:00:00,24.276619,0,0
2015-02-25 08:00:00,25.159033,0,0
2015-02-25 09:00:00,26.688496,0,0
2015-02-25 10:00:00,28.11834,0,0
2015-02-25 11:00:00,29.013721,0,0
2015-02-25 12:00:00,29.774645,0,0
2015-02-25 13:00:00,30.004301,0,0
2015-02-25 14:00:00,30.143854,0,0
2015-02-25 15:00:00,29.880768,0,0
2015-02-25 16:00:00,29.629478,0,0
2015-02-25 17:00:00,28.905582,0,0
2015-02-25 18:00:00,27.69038,0,0
2015-02-25 19:00:00,26.758114,0,0
2015-02-25 20:00:00,26.069233,0,0
2015-02-25 21:00:00,25.59853,0,0
2015-02-25 22:00:00,25.234297,0,0
2015-02-25 23:00:00,24.896532,0,0
2015-02-26 00:00:00,24.748316,0,0
2015-02-26 01:00:00,24.603409,0,0
2015-02-26 02:00:00,24.40988,0,0
2015-02-26 03:00:00,24.293339,0,0
2015-02-26 04:00:00,24.148434,0,0
2015-02-26 05:00:00,23.907095,0,0
2015-02-26 06:00:00,23.725943,0,0
2015-02-26 07:00:00,23.677992,0,0
2015-02-26 08:00:00,24.89193,0,0
2015-02-26 09:00:00,26.625082,0,0
2015-02-26 10:00:00,28.18812,0,0
2015-02-26 11:00:00,29.393019,0,0
2015-02-26 12:00:00,30.288517,0,0
2015-02-26 13:00:00,30.825762,0,0
2015-02-26 14:00:00,30.410774,0,0
2015-02-26 15:00:00,30.264343,0,0
2015-02-26 16:00:00,29.771599,0,0
2015-02-26 17:00:00,29.207367,0,0
2015-02-26 18:00:00,28.063652,0,0
2015-02-26 19:00:00,26.911684,0,0
2015-02-26 20:00:00,26.306,0,0
2015-02-26 21:00:00,25.860094,0,0
2015-02-26 22:00:00,25.590506,0,0
2015-02-26 23:00:00,25.432365,0,0
2015-02-27 00:00:00,25.272703,0,0
2015-02-27 01:00:00,25.056162,0,0
2015-02-27 02:00:00,25.298023,0,0
2015-02-27 03:00:00,25.219772,0,0
2015-02-27 04:00:00,25.010109,0,0
2015-02-27 05:00:00,24.980335,0,0
2015-02-27 06:00:00,24.739262,0,0
2015-02-27 07:00:00,24.816103,0,0
2015-02-27 08:00:00,25.728146,0,0
2015-02-27 09:00:00,27.3072,0,0
2015-02-27 10:00:00,28.590496,0,0
2015-02-27 11:00:00,29.772646,0,0
2015-02-27 12:00:00,30.354536,0,0
2015-02-27 13:00:00,30.664343,0,0
2015-02-27 14:00:00,30.881,0,0
2015-02-27 15:00:00,30.694088,0,0
2015-02-27 16:00:00,30.304127,0,0
2015-02-27 17:00:00,29.520075,0,0
2015-02-27 18:00:00,28.576363,0,0
2015-02-27 19:00:00,27.617891,0,0
2015-02-27 20:00:00,27.042097,0,0
2015-02-27 21:00:00,26.489838,0,0
2015-02-27 22:00:00,26.138836,0,0
2015-02-27 23:00:00,25.810995,0,0
2015-02-28 00:00:00,25.674488,1,0
2015-02-28 01:00:00,25.568134,1,0
2015-02-28 02:00:00,25.499546,1,0
2015-02-28 03:00:00,25.459326,1,0
2015-02-28 04:00:00,25.43412,1,0
2015-02-28 05:00:00,25.339214,1,0
2015-02-28 06:00:00,25.238953,1,0
2015-02-28 07:00:00,25.30687,1,0
2015-02-28 08:00:00,26.057463,1,0
2015-02-28 09:00:00,27.377903,1,0
2015-02-28 10:00:00,28.786371,1,0
2015-02-28 11:00:00,29.993055,1,0
2015-02-28 12:00:00,30.71338,1,0
2015-02-28 13:00:00,30.851555,1,0
2015-02-28 14:00:00,30.27679,1,0
2015-02-28 15:00:00,29.832293,1,0
2015-02-28 16:00:00,29.394262,1,0
2015-02-28 17:00:00,28.80345,1,0
2015-02-28 18:00:00,28.00959,1,0
2015-02-28 19:00:00,27.390526,1,0
2015-02-28 20:00:00,26.816776,1,0
2015-02-28 21:00:00,26.564253,1,0
2015-02-28 22:00:00,26.313255,1,0
2015-02-28 23:00:00,26.148762,1,0
2015-03-01 00:00:00,25.978912,1,0
2015-03-01 01:00:00,25.815681,1,0
2015-03-01 02:00:00,25.968319,1,0
2015-03-01 03:00:00,26.008394,1,0
2015-03-01 04:00:00,25.967056,1,0
2015-03-01 05:00:00,26.020742,1,0
2015-03-01 06:00:00,26.049109,1,0
2015-03-01 07:00:00,26.100895,1,0
2015-03-01 08:00:00,26.60851,1,0
2015-03-01 09:00:00,27.584305,1,0
2015-03-01 10:00:00,28.501322,1,0
2015-03-01 11:00:00,29.36503,1,0
2015-03-01 12:00:00,29.83067,1,0
2015-03-01 13:00:00,30.307987,1,0
2015-03-01 14:00:00,30.269438,1,0
2015-03-01 15:00:00,30.053043,1,0
2015-03-01 16:00:00,29.64847,1,0
2015-03-01 17:00:00,29.097471,1,0
2015-03-01 18:00:00,28.132124,1,0
2015-03-01 19:00:00,27.299973,1,0
2015-03-01 20:00:00,26.701021,1,0
2015-03-01 21:00:00,26.305117,1,0
2015-03-01 22:00:00,26.145716,1,0
2015-03-01 23:00:00,25.980959,1,0
2015-03-02 00:00:00,25.724606,0,0
2015-03-02 01:00:00,25.524866,0,0
2015-03-02 02:00:00,25.501446,0,0
2015-03-02 03:00:00,25.306541,0,0
2015-03-02 04:00:00,25.094831,0,0
2015-03-02 05:00:00,24.88795,0,0
2015-03-02 06:00:00,24.804756,0,0
2015-03-02 07:00:00,24.708324,0,0
2015-03-02 08:00:00,25.392262,0,0
2015-03-02 09:00:00,26.678719,0,0
2015-03-02 10:00:00,28.105513,0,0
2015-03-02 11:00:00,29.26082,0,0
2015-03-02 12:00:00,30.094755,0,0
2015-03-02 13:00:00,30.61672,0,0
2015-03-02 14:00:00,30.407204,0,0
2015-03-02 15:00:00,29.855156,0,0
2015-03-02 16:00:00,29.027315,0,0
2015-03-02 17:00:00,28.235237,0,0
2015-03-02 18:00:00,27.239857,0,0
2015-03-02 19:00:00,26.460016,0,0
2015-03-02 20:00:00,26.099615,0,0
2015-03-02 21:00:00,25.831812,0,0
2015-03-02 22:00:00,25.660847,0,0
2015-03-02 23:00:00,25.51951,0,0
2015-03-03 00:00:00,25.298023,0,0
2015-03-03 01:00:00,25.128176,0,0
2015-03-03 02:00:00,25.16468,0,0
2015-03-03 03:00:00,24.98479,0,0
2015-03-03 04:00:00,24.851856,0,0
2015-03-03 05:00:00,24.755163,0,0
2015-03-03 06:00:00,24.656948,0,0
2015-03-03 07:00:00,24.636839,0,0
2015-03-03 08:00:00,25.36951,0,0
2015-03-03 09:00:00,26.737642,0,0
2015-03-03 10:00:00,28.235664,0,0
2015-03-03 11:00:00,29.41729,0,0
2015-03-03 12:00:00,30.351227,0,0
2015-03-03 13:00:00,30.65401,0,0
2015-03-03 14:00:00,30.598541,0,0
2015-03-03 15:00:00,30.542187,0,0
2015-03-03 16:00:00,29.784718,0,0
2015-03-03 17:00:00,28.86606,0,0
2015-03-03 18:00:00,27.910751,0,0
2015-03-03 19:00:00,26.95697,0,0
2015-03-03 20:00:00,26.311325,0,0
2015-03-03 21:00:00,25.865156,0,0
2015-03-03 22:00:00,25.520771,0,0
2015-03-03 23:00:00,25.274605,0,0
2015-03-04 00:00:00,25.07665,0,0
2015-03-04 01:00:00,24.875128,0,0
2015-03-04 02:00:00,24.868511,0,0
2015-03-04 03:00:00,24.720295,0,0
2015-03-04 04:00:00,24.620296,0,0
2015-03-04 05:00:00,24.520557,0,0
2015-03-04 06:00:00,24.389145,0,0
2015-03-04 07:00:00,24.347548,0,0
2015-03-04 08:00:00,25.32156,0,0
2015-03-04 09:00:00,27.039429,0,0
2015-03-04 10:00:00,28.512392,0,0
2015-03-04 11:00:00,29.767551,0,0
2015-03-04 12:00:00,30.77324,0,0
2015-03-04 13:00:00,31.347246,0,0
2015-03-04 14:00:00,31.421259,0,0
2015-03-04 15:00:00,31.03516,0,0
2015-03-04 16:00:00,30.520554,0,0
2015-03-04 17:00:00,29.806465,0,0
2015-03-04 18:00:00,28.739332,0,0
2015-03-04 19:00:00,27.66406,0,0
2015-03-04 20:00:00,26.87708,0,0
2015-03-04 21:00:00,26.281437,0,0
2015-03-04 22:00:00,25.817204,0,0
2015-03-04 23:00:00,25.4078,0,0
2015-03-05 00:00:00,25.143307,0,0
2015-03-05 01:00:00,24.850447,0,0
2015-03-05 02:00:00,25.039854,0,0
2015-03-05 03:00:00,24.876621,0,0
2015-03-05 04:00:00,24.81008,0,0
2015-03-05 05:00:00,24.753464,0,0
2015-03-05 06:00:00,24.707033,0,0
2015-03-05 07:00:00,24.758818,0,0
2015-03-05 08:00:00,25.666174,0,0
2015-03-05 09:00:00,27.429094,0,0
2015-03-05 10:00:00,29.096704,0,0
2015-03-05 11:00:00,30.082308,0,0
2015-03-05 12:00:00,30.900963,0,0
2015-03-05 13:00:00,31.543562,0,0
2015-03-05 14:00:00,31.485163,0,0
2015-03-05 15:00:00,31.355272,0,0
2015-03-05 16:00:00,30.94687,0,0
2015-03-05 17:00:00,30.382492,0,0
2015-03-05 18:00:00,29.095657,0,0
2015-03-05 19:00:00,27.86213,0,0
2015-03-05 20:00:00,26.999828,0,0
2015-03-05 21:00:00,26.53422,0,0
2015-03-05 22:00:00,26.136791,0,0
2015-03-05 23:00:00,25.823818,0,0
2015-03-06 00:00:00,25.64252,0,0
2015-03-06 01:00:00,25.419367,0,0
2015-03-06 02:00:00,25.363865,0,0
2015-03-06 03:00:00,25.252415,0,0
2015-03-06 04:00:00,25.132713,0,0
2015-03-06 05:00:00,24.93959,0,0
2015-03-06 06:00:00,25.041376,0,0
2015-03-06 07:00:00,25.128145,0,0
2015-03-06 08:00:00,26.023788,0,0
2015-03-06 09:00:00,27.510246,0,0
2015-03-06 10:00:00,29.036777,0,0
2015-03-06 11:00:00,30.339893,0,0
2015-03-06 12:00:00,31.096842,0,0
2015-03-06 13:00:00,31.607618,0,0
2015-03-06 14:00:00,30.824596,0,0
2015-03-06 15:00:00,30.53326,0,0
2015-03-06 16:00:00,29.995497,0,0
2015-03-06 17:00:00,29.288141,0,0
2015-03-06 18:00:00,28.197998,0,0
2015-03-06 19:00:00,27.274508,0,0
2015-03-06 20:00:00,26.693882,0,0
2015-03-06 21:00:00,26.162994,0,0
2015-03-06 22:00:00,25.91861,0,0
2015-03-06 23:00:00,25.66404,0,0
2015-03-07 00:00:00,25.512518,1,0
2015-03-07 01:00:00,25.316088,1,0
2015-03-07 02:00:00,25.437838,1,0
2015-03-07 03:00:00,25.295977,1,0
2015-03-07 04:00:00,25.23579,1,0
2015-03-07 05:00:00,25.102592,1,0
2015-03-07 06:00:00,24.979582,1,0
2015-03-07 07:00:00,25.01635,1,0
2015-03-07 08:00:00,25.784006,1,0
2015-03-07 09:00:00,27.133812,1,0
2015-03-07 10:00:00,28.448753,1,0
2015-03-07 11:00:00,29.503534,1,0
2015-03-07 12:00:00,30.05758,1,0
2015-03-07 13:00:00,30.604864,1,0
2015-03-07 14:00:00,29.996758,1,0
2015-03-07 15:00:00,29.612034,1,0
2015-03-07 16:00:00,29.15925,1,0
2015-03-07 17:00:00,28.452305,1,0
2015-03-07 18:00:00,27.549044,1,0
2015-03-07 19:00:00,26.700615,1,0
2015-03-07 20:00:00,26.111588,1,0
2015-03-07 21:00:00,25.788836,1,0
2015-03-07 22:00:00,25.61761,1,0
2015-03-07 23:00:00,25.607687,1,0
2015-03-08 00:00:00,25.454378,1,0
2015-03-08 01:00:00,25.297762,1,0
2015-03-08 02:00:00,25.30921,1,0
2015-03-08 03:00:00,25.160734,1,0
2015-03-08 04:00:00,25.092144,1,0
2015-03-08 05:00:00,25.032219,1,0
2015-03-08 06:00:00,24.979176,1,0
2015-03-08 07:00:00,25.042667,1,0
2015-03-08 08:00:00,25.8588,1,0
2015-03-08 09:00:00,27.300468,1,0
2015-03-08 10:00:00,28.670122,1,0
2015-03-08 11:00:00,29.60889,1,0
2015-03-08 12:00:00,30.064981,1,0
2015-03-08 13:00:00,30.397655,1,0
2015-03-08 14:00:00,30.145609,1,0
2015-03-08 15:00:00,29.687616,1,0
2015-03-08 16:00:00,29.286354,1,0
2015-03-08 17:00:00,28.463867,1,0
2015-03-08 18:00:00,27.475363,1,0
2015-03-08 19:00:00,26.603662,1,0
2015-03-08 20:00:00,26.119726,1,0
2015-03-08 21:00:00,25.741882,1,0
2015-03-08 22:00:00,25.553854,1,0
2015-03-08 23:00:00,25.419132,1,0
2015-03-09 00:00:00,25.320919,0,0
2015-03-09 01:00:00,25.277534,0,0
2015-03-09 02:00:00,25.399023,0,0
2015-03-09 03:00:00,25.430698,0,0
2015-03-09 04:00:00,25.340885,0,0
2015-03-09 05:00:00,25.26568,0,0
2015-03-09 06:00:00,25.20754,0,0
2015-03-09 07:00:00,25.206017,0,0
2015-03-09 08:00:00,25.815155,0,0
2015-03-09 09:00:00,26.8721,0,0
2015-03-09 10:00:00,27.84711,0,0
2015-03-09 11:00:00,29.00558,0,0
2015-03-09 12:00:00,29.54628,0,0
2015-03-09 13:00:00,29.984047,0,0
2015-03-09 14:00:00,29.85047,0,0
2015-03-09 15:00:00,29.794117,0,0
2015-03-09 16:00:00,29.2014,0,0
2015-03-09 17:00:00,28.642263,0,0
2015-03-09 18:00:00,27.763422,0,0
2015-03-09 19:00:00,26.876442,0,0
2015-03-09 20:00:00,26.249382,0,0
2015-03-09 21:00:00,25.85017,0,0
2015-03-09 22:00:00,25.637197,0,0
2015-03-09 23:00:00,25.47575,0,0
2015-03-10 00:00:00,25.334412,0,0
2015-03-10 01:00:00,25.1946,0,0
2015-03-10 02:00:00,25.34293,0,0
2015-03-10 03:00:00,25.327913,0,0
2015-03-10 04:00:00,25.262896,0,0
2015-03-10 05:00:00,25.261108,0,0
2015-03-10 06:00:00,25.17791,0,0
2015-03-10 07:00:00,25.227913,0,0
2015-03-10 08:00:00,26.007015,0,0
2015-03-10 09:00:00,27.408607,0,0
2015-03-10 10:00:00,28.715029,0,0
2015-03-10 11:00:00,30.046509,0,0
2015-03-10 12:00:00,30.968328,0,0
2015-03-10 13:00:00,31.37899,0,0
2015-03-10 14:00:00,31.226208,0,0
2015-03-10 15:00:00,31.012857,0,0
2015-03-10 16:00:00,30.654865,0,0
2015-03-10 17:00:00,29.786207,0,0
2015-03-10 18:00:00,28.569483,0,0
2015-03-10 19:00:00,27.44105,0,0
2015-03-10 20:00:00,26.780535,0,0
2015-03-10 21:00:00,26.386152,0,0
2015-03-10 22:00:00,26.091766,0,0
2015-03-10 23:00:00,25.847122,0,0
2015-03-11 00:00:00,25.63898,0,0
2015-03-11 01:00:00,25.484152,0,0
2015-03-11 02:00:00,25.808949,0,0
2015-03-11 03:00:00,25.742144,0,0
2015-03-11 04:00:00,25.728912,0,0
2015-03-11 05:00:00,25.6391,0,0
2015-03-11 06:00:00,25.637575,0,0
2015-03-11 07:00:00,25.627651,0,0
2015-03-11 08:00:00,26.341736,0,0
2015-03-11 09:00:00,27.606821,0,0
2015-03-11 10:00:00,29.098228,0,0
2015-03-11 11:00:00,30.343203,0,0
2015-03-11 12:00:00,31.050034,0,0
2015-03-11 13:00:00,31.664381,0,0
2015-03-11 14:00:00,32.061665,0,0
2015-03-11 15:00:00,31.666904,0,0
2015-03-11 16:00:00,30.950916,0,0
2015-03-11 17:00:00,29.974005,0,0
2015-03-11 18:00:00,28.740479,0,0
2015-03-11 19:00:00,27.761898,0,0
2015-03-11 20:00:00,27.081272,0,0
2015-03-11 21:00:00,26.632057,0,0
2015-03-11 22:00:00,26.33258,0,0
2015-03-11 23:00:00,26.124702,0,0
2015-03-12 00:00:00,25.913254,0,0
2015-03-12 01:00:00,25.755116,0,0
2015-03-12 02:00:00,25.730173,0,0
2015-03-12 03:00:00,25.593668,0,0
2015-03-12 04:00:00,25.635529,0,0
2015-03-12 05:00:00,25.622295,0,0
2015-03-12 06:00:00,25.52408,0,0
2015-03-12 07:00:00,25.605755,0,0
2015-03-12 08:00:00,26.344784,0,0
2015-03-12 09:00:00,27.47641,0,0
2015-03-12 10:00:00,28.956106,0,0
2015-03-12 11:00:00,30.26762,0,0
2015-03-12 12:00:00,31.031445,0,0
2015-03-12 13:00:00,31.392368,0,0
2015-03-12 14:00:00,31.325829,0,0
2015-03-12 15:00:00,31.072521,0,0
2015-03-12 16:00:00,30.258318,0,0
2015-03-12 17:00:00,29.367912,0,0
2015-03-12 18:00:00,28.252565,0,0
2015-03-12 19:00:00,27.174131,0,0
2015-03-12 20:00:00,26.643505,0,0
2015-03-12 21:00:00,26.247597,0,0
2015-03-12 22:00:00,25.954737,0,0
2015-03-12 23:00:00,25.65017,0,0
2015-03-13 00:00:00,25.493814,0,0
2015-03-13 01:00:00,25.423964,0,0
2015-03-13 02:00:00,25.453592,0,0
2015-03-13 03:00:00,25.38679,0,0
2015-03-13 04:00:00,25.42025,0,0
2015-03-13 05:00:00,25.325342,0,0
2015-03-13 06:00:00,25.273819,0,0
2015-03-13 07:00:00,25.302185,0,0
2015-03-13 08:00:00,26.116272,0,0
2015-03-13 09:00:00,27.41634,0,0
2015-03-13 10:00:00,28.56986,0,0
2015-03-13 11:00:00,29.4468,0,0
2015-03-13 12:00:00,30.219028,0,0
2015-03-13 13:00:00,30.74456,0,0
2015-03-13 14:00:00,30.927498,0,0
2015-03-13 15:00:00,30.454487,0,0
2015-03-13 16:00:00,29.788353,0,0
2015-03-13 17:00:00,28.719847,0,0
2015-03-13 18:00:00,27.65628,0,0
2015-03-13 19:00:00,26.70112,0,0
2015-03-13 20:00:00,26.153954,0,0
2015-03-13 21:00:00,25.754736,0,0
2015-03-13 22:00:00,25.405262,0,0
2015-03-13 23:00:00,25.150692,0,0
2015-03-14 00:00:00,24.982628,1,0
2015-03-14 01:00:00,24.827797,1,0
2015-03-14 02:00:00,24.887573,1,0
2015-03-14 03:00:00,24.672556,1,0
2015-03-14 04:00:00,24.56085,1,0
2015-03-14 05:00:00,24.58743,1,0
2015-03-14 06:00:00,24.585907,1,0
2015-03-14 07:00:00,24.729551,1,0
2015-03-14 08:00:00,25.573412,1,0
2015-03-14 09:00:00,27.028048,1,0
2015-03-14 10:00:00,28.53128,1,0
2015-03-14 11:00:00,29.519522,1,0
2015-03-14 12:00:00,30.142155,1,0
2015-03-14 13:00:00,30.766167,1,0
2015-03-14 14:00:00,30.912334,1,0
2015-03-14 15:00:00,30.537539,1,0
2015-03-14 16:00:00,29.799917,1,0
2015-03-14 17:00:00,28.922745,1,0
2015-03-14 18:00:00,27.874199,1,0
2015-03-14 19:00:00,26.998928,1,0
2015-03-14 20:00:00,26.36016,1,0
2015-03-14 21:00:00,25.864517,1,0
2015-03-14 22:00:00,25.561993,1,0
2015-03-14 23:00:00,25.250807,1,0
2015-03-15 00:00:00,24.98453,1,0
2015-03-15 01:00:00,24.781483,1,0
2015-03-15 02:00:00,25.007801,1,0
2015-03-15 03:00:00,24.946095,1,0
2015-03-15 04:00:00,24.792786,1,0
2015-03-15 05:00:00,24.746355,1,0
2015-03-15 06:00:00,24.701447,1,0
2015-03-15 07:00:00,24.781597,1,0
2015-03-15 08:00:00,25.715532,1,0
2015-03-15 09:00:00,27.373217,1,0
2015-03-15 10:00:00,28.811459,1,0
2015-03-15 11:00:00,29.981638,1,0
2015-03-15 12:00:00,30.570406,1,0
2015-03-15 13:00:00,31.177612,1,0
2015-03-15 14:00:00,31.168837,1,0
2015-03-15 15:00:00,31.025188,1,0
2015-03-15 16:00:00,30.662481,1,0
2015-03-15 17:00:00,29.633785,1,0
2015-03-15 18:00:00,28.353565,1,0
2015-03-15 19:00:00,27.22513,1,0
2015-03-15 20:00:00,26.597813,1,0
2015-03-15 21:00:00,26.125324,1,0
2015-03-15 22:00:00,25.824062,1,0
2015-03-15 23:00:00,25.524588,1,0
2015-03-16 00:00:00,25.320019,0,0
2015-03-16 01:00:00,25.05857,0,0
2015-03-16 02:00:00,25.137197,0,0
2015-03-16 03:00:00,24.985676,0,0
2015-03-16 04:00:00,24.882366,0,0
2015-03-16 05:00:00,24.81047,0,0
2015-03-16 06:00:00,24.869987,0,0
2015-03-16 07:00:00,24.851398,0,0
2015-03-16 08:00:00,25.520578,0,0
2015-03-16 09:00:00,26.825737,0,0
2015-03-16 10:00:00,27.95075,0,0
2015-03-16 11:00:00,28.669813,0,0
2015-03-16 12:00:00,29.490664,0,0
2015-03-16 13:00:00,29.7801,0,0
2015-03-16 14:00:00,30.058989,0,0
2015-03-16 15:00:00,30.100325,0,0
2015-03-16 16:00:00,29.400995,0,0
2015-03-16 17:00:00,28.487171,0,0
2015-03-16 18:00:00,27.460112,0,0
2015-03-16 19:00:00,26.592981,0,0
2015-03-16 20:00:00,25.970493,0,0
2015-03-16 21:00:00,25.52968,0,0
2015-03-16 22:00:00,25.223589,0,0
2015-03-16 23:00:00,25.007309,0,0
2015-03-17 00:00:00,24.671066,0,0
2015-03-17 01:00:00,24.421326,0,0
2015-03-17 02:00:00,24.529581,0,0
2015-03-17 03:00:00,24.36304,0,0
2015-03-17 04:00:00,24.334267,0,0
2015-03-17 05:00:00,24.250662,0,0
2015-03-17 06:00:00,24.083597,0,0
2015-03-17 07:00:00,24.025864,0,0
2015-03-17 08:00:00,24.79036,0,0
2015-03-17 09:00:00,26.17377,0,0
2015-03-17 10:00:00,27.287218,0,0
2015-03-17 11:00:00,28.432339,0,0
2015-03-17 12:00:00,28.963112,0,0
2015-03-17 13:00:00,29.590431,0,0
2015-03-17 14:00:00,28.987415,0,0
2015-03-17 15:00:00,28.867714,0,0
2015-03-17 16:00:00,28.609833,0,0
2015-03-17 17:00:00,27.925636,0,0
2015-03-17 18:00:00,27.023376,0,0
2015-03-17 19:00:00,26.116285,0,0
2015-03-17 20:00:00,25.507406,0,0
2015-03-17 21:00:00,25.176634,0,0
2015-03-17 22:00:00,24.823849,0,0
2015-03-17 23:00:00,24.497646,0,0
2015-03-18 00:00:00,24.311256,0,0
2015-03-18 01:00:00,24.12791,0,0
2015-03-18 02:00:00,24.12791,0,0
2015-03-18 03:00:00,23.956017,0,0
2015-03-18 04:00:00,23.844309,0,0
2015-03-18 05:00:00,23.769367,0,0
2015-03-18 06:00:00,23.772528,0,0
2015-03-18 07:00:00,23.74911,0,0
2015-03-18 08:00:00,24.632782,0,0
2015-03-18 09:00:00,25.782505,0,0
2015-03-18 10:00:00,27.079294,0,0
2015-03-18 11:00:00,28.26033,0,0
2015-03-18 12:00:00,29.096048,0,0
2015-03-18 13:00:00,29.848425,0,0
2015-03-18 14:00:00,29.318943,0,0
2015-03-18 15:00:00,29.09924,0,0
2015-03-18 16:00:00,28.819468,0,0
2015-03-18 17:00:00,28.093525,0,0
2015-03-18 18:00:00,27.20145,0,0
2015-03-18 19:00:00,26.332794,0,0
2015-03-18 20:00:00,25.685627,0,0
2015-03-18 21:00:00,25.180058,0,0
2015-03-18 22:00:00,24.749168,0,0
2015-03-18 23:00:00,24.498169,0,0
2015-03-19 00:00:00,24.198692,0,0
2015-03-19 01:00:00,23.945648,0,0
2015-03-19 02:00:00,23.952263,0,0
2015-03-19 03:00:00,23.840553,0,0
2015-03-19 04:00:00,23.825798,0,0
2015-03-19 05:00:00,23.6342,0,0
2015-03-19 06:00:00,23.54948,0,0
2015-03-19 07:00:00,23.584461,0,0
2015-03-19 08:00:00,24.916203,0,0
2015-03-19 09:00:00,26.677458,0,0
2015-03-19 10:00:00,27.935665,0,0
2015-03-19 11:00:00,28.811083,0,0
2015-03-19 12:00:00,29.243902,0,0
2015-03-19 13:00:00,29.138578,0,0
2015-03-19 14:00:00,29.243002,0,0
2015-03-19 15:00:00,28.394815,0,0
2015-03-19 16:00:00,27.742292,0,0
2015-03-19 17:00:00,27.653564,0,0
2015-03-19 18:00:00,26.898994,0,0
2015-03-19 19:00:00,25.986958,0,0
2015-03-19 20:00:00,25.376703,0,0
2015-03-19 21:00:00,25.057638,0,0
2015-03-19 22:00:00,24.65181,0,0
2015-03-19 23:00:00,24.41887,0,0
2015-03-20 00:00:00,24.127535,0,0
2015-03-20 01:00:00,23.907686,0,0
2015-03-20 02:00:00,23.949284,0,0
2015-03-20 03:00:00,23.999138,0,0
2015-03-20 04:00:00,23.949661,0,0
2015-03-20 05:00:00,23.628435,0,0
2015-03-20 06:00:00,23.626913,0,0
2015-03-20 07:00:00,23.713682,0,0
2015-03-20 08:00:00,24.720772,0,0
2015-03-20 09:00:00,26.182173,0,0
2015-03-20 10:00:00,27.512539,0,0
2015-03-20 11:00:00,28.436693,0,0
2015-03-20 12:00:00,28.662783,0,0
2015-03-20 13:00:00,28.904264,0,0
2015-03-20 14:00:00,29.335503,0,0
2015-03-20 15:00:00,29.057888,0,0
2015-03-20 16:00:00,26.944204,0,0
2015-03-20 17:00:00,26.895554,0,0
2015-03-20 18:00:00,26.527718,0,0
2015-03-20 19:00:00,25.981289,0,0
2015-03-20 20:00:00,25.463371,0,0
2015-03-20 21:00:00,24.988575,0,0
2015-03-20 22:00:00,24.630173,0,0
2015-03-20 23:00:00,24.451923,0,0
2015-03-21 00:00:00,24.201662,1,0
2015-03-21 01:00:00,23.925457,1,0
2015-03-21 02:00:00,24.190098,1,0
2015-03-21 03:00:00,23.857424,1,0
2015-03-21 04:00:00,23.648022,1,0
2015-03-21 05:00:00,23.45821,1,0
2015-03-21 06:00:00,23.32832,1,0
2015-03-21 07:00:00,23.505163,1,0
2015-03-21 08:00:00,24.56047,1,0
2015-03-21 09:00:00,25.812325,1,0
2015-03-21 10:00:00,26.920937,1,0
2015-03-21 11:00:00,27.570707,1,0
2015-03-21 12:00:00,27.995272,1,0
2015-03-21 13:00:00,28.255081,1,0
2015-03-21 14:00:00,28.515974,1,0
2015-03-21 15:00:00,28.35936,1,0
2015-03-21 16:00:00,28.21609,1,0
2015-03-21 17:00:00,27.82677,1,0
2015-03-21 18:00:00,27.388594,1,0
2015-03-21 19:00:00,26.624249,1,0
2015-03-21 20:00:00,26.026703,1,0
2015-03-21 21:00:00,25.482841,1,0
2015-03-21 22:00:00,25.003738,1,0
2015-03-21 23:00:00,24.64422,1,0
2015-03-22 00:00:00,24.363073,1,0
2015-03-22 01:00:00,24.11155,1,0
2015-03-22 02:00:00,24.249954,1,0
2015-03-22 03:00:00,24.259995,1,0
2015-03-22 04:00:00,24.07996,1,0
2015-03-22 05:00:00,23.803377,1,0
2015-03-22 06:00:00,23.675537,1,0
2015-03-22 07:00:00,23.662304,1,0
2015-03-22 08:00:00,25.022295,1,0
2015-03-22 09:00:00,26.567156,1,0
2015-03-22 10:00:00,27.932241,1,0
2015-03-22 11:00:00,28.894686,1,0
2015-03-22 12:00:00,29.337433,1,0
2015-03-22 13:00:00,29.533747,1,0
2015-03-22 14:00:00,29.95509,1,0
2015-03-22 15:00:00,29.798473,1,0
2015-03-22 16:00:00,29.270222,1,0
2015-03-22 17:00:00,28.669075,1,0
2015-03-22 18:00:00,27.918076,1,0
2015-03-22 19:00:00,26.980717,1,0
2015-03-22 20:00:00,26.165255,1,0
2015-03-22 21:00:00,25.604475,1,0
2015-03-22 22:00:00,25.138603,1,0
2015-03-22 23:00:00,24.80236,1,0
2015-03-23 00:00:00,24.359385,0,0
2015-03-23 01:00:00,24.122879,0,0
2015-03-23 02:00:00,23.997938,0,0
2015-03-23 03:00:00,23.756601,0,0
2015-03-23 04:00:00,23.56831,0,0
2015-03-23 05:00:00,23.36374,0,0
2015-03-23 06:00:00,23.393892,0,0
2015-03-23 07:00:00,23.553932,0,0
2015-03-23 08:00:00,24.759733,0,0
2015-03-23 09:00:00,26.35281,0,0
2015-03-23 10:00:00,27.794357,0,0
2015-03-23 11:00:00,28.921152,0,0
2015-03-23 12:00:00,29.44531,0,0
2015-03-23 13:00:00,29.63144,0,0
2015-03-23 14:00:00,29.809542,0,0
2015-03-23 15:00:00,29.839546,0,0
2015-03-23 16:00:00,29.410034,0,0
2015-03-23 17:00:00,28.657515,0,0
2015-03-23 18:00:00,27.85499,0,0
2015-03-23 19:00:00,26.827818,0,0
2015-03-23 20:00:00,26.055477,0,0
2015-03-23 21:00:00,25.43325,0,0
2015-03-23 22:00:00,24.93392,0,0
2015-03-23 23:00:00,24.564478,0,0
2015-03-24 00:00:00,24.204962,0,0
2015-03-24 01:00:00,23.880428,0,0
2015-03-24 02:00:00,23.835636,0,0
2015-03-24 03:00:00,23.78716,0,0
2015-03-24 04:00:00,23.692253,0,0
2015-03-24 05:00:00,23.675713,0,0
2015-03-24 06:00:00,23.642109,0,0
2015-03-24 07:00:00,23.835346,0,0
2015-03-24 08:00:00,24.917088,0,0
2015-03-24 09:00:00,26.473248,0,0
2015-03-24 10:00:00,27.997997,0,0
2015-03-24 11:00:00,29.053566,0,0
2015-03-24 12:00:00,29.423038,0,0
2015-03-24 13:00:00,29.636415,0,0
2015-03-24 14:00:00,30.021252,0,0
2015-03-24 15:00:00,29.852926,0,0
2015-03-24 16:00:00,29.643116,0,0
2015-03-24 17:00:00,29.306581,0,0
2015-03-24 18:00:00,28.535732,0,0
2015-03-24 19:00:00,27.405514,0,0
2015-03-24 20:00:00,26.531649,0,0
2015-03-24 21:00:00,25.974442,0,0
2015-03-24 22:00:00,25.511879,0,0
2015-03-24 23:00:00,25.142437,0,0
2015-03-25 00:00:00,24.864332,0,0
2015-03-25 01:00:00,24.599579,0,0
2015-03-25 02:00:00,24.4417,0,0
2015-03-25 03:00:00,24.326683,0,0
2015-03-25 04:00:00,24.12185,0,0
2015-03-25 05:00:00,24.11509,0,0
2015-03-25 06:00:00,23.9955,0,0
2015-03-25 07:00:00,24.054018,0,0
2015-03-25 08:00:00,25.215796,0,0
2015-03-25 09:00:00,26.728193,0,0
2015-03-25 10:00:00,28.047997,0,0
2015-03-25 11:00:00,29.401371,0,0
2015-03-25 12:00:00,30.10694,0,0
2015-03-25 13:00:00,30.571436,0,0
2015-03-25 14:00:00,30.361917,0,0
2015-03-25 15:00:00,30.027199,0,0
2015-03-25 16:00:00,29.673008,0,0
2015-03-25 17:00:00,28.86249,0,0
2015-03-25 18:00:00,27.845358,0,0
2015-03-25 19:00:00,26.969822,0,0
2015-03-25 20:00:00,26.190983,0,0
2015-03-25 21:00:00,25.583626,0,0
2015-03-25 22:00:00,25.207571,0,0
2015-03-25 23:00:00,24.881512,0,0
2015-03-26 00:00:00,24.566902,0,0
2015-03-26 01:00:00,24.33356,0,0
2015-03-26 02:00:00,24.35847,0,0
2015-03-26 03:00:00,24.147022,0,0
2015-03-26 04:00:00,23.900856,0,0
2015-03-26 05:00:00,23.72796,0,0
2015-03-26 06:00:00,23.563206,0,0
2015-03-26 07:00:00,23.684956,0,0
2015-03-26 08:00:00,25.06149,0,0
2015-03-26 09:00:00,26.750612,0,0
2015-03-26 10:00:00,28.21023,0,0
2015-03-26 11:00:00,29.347212,0,0
2015-03-26 12:00:00,30.151257,0,0
2015-03-26 13:00:00,30.167683,0,0
2015-03-26 14:00:00,29.999763,0,0
2015-03-26 15:00:00,29.703074,0,0
2015-03-26 16:00:00,29.799473,0,0
2015-03-26 17:00:00,29.218435,0,0
2015-03-26 18:00:00,28.015062,0,0
2015-03-26 19:00:00,26.933056,0,0
2015-03-26 20:00:00,26.209309,0,0
2015-03-26 21:00:00,25.733511,0,0
2015-03-26 22:00:00,25.419281,0,0
2015-03-26 23:00:00,25.16828,0,0
2015-03-27 00:00:00,24.820326,0,0
2015-03-27 01:00:00,24.60557,0,0
2015-03-27 02:00:00,24.838886,0,0
2015-03-27 03:00:00,24.81242,0,0
2015-03-27 04:00:00,24.61268,0,0
2015-03-27 05:00:00,24.409636,0,0
2015-03-27 06:00:00,24.308374,0,0
2015-03-27 07:00:00,24.35328,0,0
2015-03-27 08:00:00,25.729813,0,0
2015-03-27 09:00:00,27.275818,0,0
2015-03-27 10:00:00,28.57551,0,0
2015-03-27 11:00:00,29.580818,0,0
2015-03-27 12:00:00,29.946978,0,0
2015-03-27 13:00:00,30.359688,0,0
2015-03-27 14:00:00,30.243555,0,0
2015-03-27 15:00:00,30.053596,0,0
2015-03-27 16:00:00,29.69048,0,0
2015-03-27 17:00:00,29.232979,0,0
2015-03-27 18:00:00,28.385548,0,0
2015-03-27 19:00:00,27.430124,0,0
2015-03-27 20:00:00,26.77087,0,0
2015-03-27 21:00:00,26.366302,0,0
2015-03-27 22:00:00,25.923702,0,0
2015-03-27 23:00:00,25.619133,0,0
2015-03-28 00:00:00,25.332891,1,0
2015-03-28 01:00:00,25.134937,1,0
2015-03-28 02:00:00,25.37665,1,0
2015-03-28 03:00:00,25.21011,1,0
2015-03-28 04:00:00,25.153492,1,0
2015-03-28 05:00:00,25.060635,1,0
2015-03-28 06:00:00,25.04383,1,0
2015-03-28 07:00:00,25.133238,1,0
2015-03-28 08:00:00,26.135237,1,0
2015-03-28 09:00:00,27.551466,1,0
2015-03-28 10:00:00,28.889448,1,0
2015-03-28 11:00:00,29.80011,1,0
2015-03-28 12:00:00,30.720552,1,0
2015-03-28 13:00:00,31.07969,1,0
2015-03-28 14:00:00,31.296726,1,0
2015-03-28 15:00:00,30.919882,1,0
2015-03-28 16:00:00,30.012674,1,0
2015-03-28 17:00:00,29.203941,1,0
2015-03-28 18:00:00,28.170008,1,0
2015-03-28 19:00:00,27.279196,1,0
2015-03-28 20:00:00,26.668417,1,0
2015-03-28 21:00:00,26.33422,1,0
2015-03-28 22:00:00,26.123034,1,0
2015-03-28 23:00:00,25.838951,1,0
2015-03-29 00:00:00,25.50297,1,0
2015-03-29 01:00:00,25.199924,1,0
2015-03-29 02:00:00,25.48438,1,0
2015-03-29 03:00:00,25.422787,1,0
2015-03-29 04:00:00,25.36108,1,0
2015-03-29 05:00:00,25.347586,1,0
2015-03-29 06:00:00,25.219334,1,0
2015-03-29 07:00:00,25.214241,1,0
2015-03-29 08:00:00,26.012817,1,0
2015-03-29 09:00:00,26.94128,1,0
2015-03-29 10:00:00,27.778408,1,0
2015-03-29 11:00:00,28.498734,1,0
2015-03-29 12:00:00,28.908728,1,0
2015-03-29 13:00:00,29.305157,1,0
2015-03-29 14:00:00,28.706715,1,0
2015-03-29 15:00:00,28.957354,1,0
2015-03-29 16:00:00,28.687883,1,0
2015-03-29 17:00:00,28.199476,1,0
2015-03-29 18:00:00,27.469994,1,0
2015-03-29 19:00:00,26.905384,1,0
2015-03-29 20:00:00,26.469141,1,0
2015-03-29 21:00:00,26.174381,1,0
2015-03-29 22:00:00,25.77988,1,0
2015-03-29 23:00:00,25.432188,1,0
2015-03-30 00:00:00,25.049107,0,0
2015-03-30 01:00:00,24.870626,0,0
2015-03-30 02:00:00,24.989067,0,0
2015-03-30 03:00:00,24.871267,0,0
2015-03-30 04:00:00,24.854464,0,0
2015-03-30 05:00:00,24.784351,0,0
2015-03-30 06:00:00,24.761078,0,0
2015-03-30 07:00:00,24.827475,0,0
2015-03-30 08:00:00,25.626427,0,0
2015-03-30 09:00:00,26.706532,0,0
2015-03-30 10:00:00,27.925447,0,0
2015-03-30 11:00:00,29.034588,0,0
2015-03-30 12:00:00,29.344135,0,0
2015-03-30 13:00:00,30.003649,0,0
2015-03-30 14:00:00,30.089535,0,0
2015-03-30 15:00:00,29.72314,0,0
2015-03-30 16:00:00,29.209284,0,0
2015-03-30 17:00:00,28.53182,0,0
2015-03-30 18:00:00,27.87892,0,0
2015-03-30 19:00:00,27.224495,0,0
2015-03-30 20:00:00,26.685091,0,0
2015-03-30 21:00:00,26.258657,0,0
2015-03-30 22:00:00,25.937805,0,0
2015-03-30 23:00:00,25.638067,0,0
2015-03-31 00:00:00,25.511488,0,0
2015-03-31 01:00:00,25.254755,0,0
2015-03-31 02:00:00,25.418106,0,0
2015-03-31 03:00:00,25.164795,0,0
2015-03-31 04:00:00,24.959963,0,0
2015-03-31 05:00:00,24.909966,0,0
2015-03-31 06:00:00,24.841784,0,0
2015-03-31 07:00:00,24.993307,0,0
2015-03-31 08:00:00,26.0023,0,0
2015-03-31 09:00:00,27.109509,0,0
2015-03-31 10:00:00,28.121809,0,0
2015-03-31 11:00:00,28.557674,0,0
2015-03-31 12:00:00,29.055252,0,0
2015-03-31 13:00:00,28.923199,0,0
2015-03-31 14:00:00,29.54644,0,0
2015-03-31 15:00:00,29.478003,0,0
2015-03-31 16:00:00,29.306105,0,0
2015-03-31 17:00:00,29.029375,0,0
2015-03-31 18:00:00,28.24849,0,0
2015-03-31 19:00:00,27.326525,0,0
2015-03-31 20:00:00,26.667534,0,0
2015-03-31 21:00:00,26.158278,0,0
2015-03-31 22:00:00,25.872295,0,0
2015-03-31 23:00:00,25.487837,0,0
2015-04-01 00:00:00,25.283005,0,0
2015-04-01 01:00:00,25.113155,0,0
2015-04-01 02:00:00,25.204756,0,0
2015-04-01 03:00:00,25.084646,0,0
2015-04-01 04:00:00,24.931599,0,0
2015-04-01 05:00:00,24.74357,0,0
2015-04-01 06:00:00,24.657063,0,0
2015-04-01 07:00:00,24.733644,0,0
2015-04-01 08:00:00,25.854086,0,0
2015-04-01 09:00:00,27.367123,0,0
2015-04-01 10:00:00,28.480835,0,0
2015-04-01 11:00:00,29.376217,0,0
2015-04-01 12:00:00,29.74528,0,0
2015-04-01 13:00:00,30.309366,0,0
2015-04-01 14:00:00,30.572714,0,0
2015-04-01 15:00:00,30.497772,0,0
2015-04-01 16:00:00,30.010002,0,0
2015-04-01 17:00:00,28.901682,0,0
2015-04-01 18:00:00,27.99626,0,0
2015-04-01 19:00:00,27.24909,0,0
2015-04-01 20:00:00,26.646568,0,0
2015-04-01 21:00:00,26.14709,0,0
2015-04-01 22:00:00,25.707539,0,0
2015-04-01 23:00:00,25.422821,0,0
2015-04-02 00:00:00,25.217989,0,0
2015-04-02 01:00:00,25.045094,0,0
2015-04-02 02:00:00,25.16201,0,0
2015-04-02 03:00:00,25.045471,0,0
2015-04-02 04:00:00,24.920528,0,0
2015-04-02 05:00:00,24.855774,0,0
2015-04-02 06:00:00,24.752462,0,0
2015-04-02 07:00:00,24.86555,0,0
2015-04-02 08:00:00,25.74249,0,0
2015-04-02 09:00:00,27.17348,0,0
2015-04-02 10:00:00,28.28488,0,0
2015-04-02 11:00:00,28.790594,0,0
2015-04-02 12:00:00,29.546688,0,0
2015-04-02 13:00:00,30.112556,0,0
2015-04-02 14:00:00,30.585161,0,0
2015-04-02 15:00:00,30.13557,0,0
2015-04-02 16:00:00,29.1336,0,0
2015-04-02 17:00:00,28.559183,0,0
2015-04-02 18:00:00,27.90209,0,0
2015-04-02 19:00:00,27.10823,0,0
2015-04-02 20:00:00,26.554445,0,0
2015-04-02 21:00:00,26.210064,0,0
2015-04-02 22:00:00,25.98553,0,0
2015-04-02 23:00:00,25.78936,0,0
2015-04-03 00:00:00,25.574606,0,1
2015-04-03 01:00:00,25.40654,0,1
2015-04-03 02:00:00,25.38286,0,1
2015-04-03 03:00:00,25.307919,0,1
2015-04-03 04:00:00,25.159702,0,1
2015-04-03 05:00:00,25.008179,0,1
2015-04-03 06:00:00,24.95844,0,1
2015-04-03 07:00:00,25.136545,0,1
2015-04-03 08:00:00,26.222004,0,1
2015-04-03 09:00:00,27.646488,0,1
2015-04-03 10:00:00,29.011574,0,1
2015-04-03 11:00:00,30.193579,0,1
2015-04-03 12:00:00,30.804243,0,1
2015-04-03 13:00:00,31.380562,0,1
2015-04-03 14:00:00,31.361975,0,1
2015-04-03 15:00:00,31.131561,0,1
2015-04-03 16:00:00,30.55855,0,1
2015-04-03 17:00:00,29.586472,0,1
2015-04-03 18:00:00,28.34811,0,1
2015-04-03 19:00:00,27.241163,0,1
2015-04-03 20:00:00,26.673887,0,1
2015-04-03 21:00:00,26.14783,0,1
2015-04-03 22:00:00,25.781696,0,1
2015-04-03 23:00:00,25.434006,0,1
2015-04-04 00:00:00,25.350922,1,0
2015-04-04 01:00:00,25.179289,1,0
2015-04-04 02:00:00,25.283712,1,0
2015-04-04 03:00:00,25.178213,1,0
2015-04-04 04:00:00,25.103271,1,0
2015-04-04 05:00:00,25.00327,1,0
2015-04-04 06:00:00,24.905056,1,0
2015-04-04 07:00:00,25.036728,1,0
2015-04-04 08:00:00,25.863932,1,0
2015-04-04 09:00:00,26.930832,1,0
2015-04-04 10:00:00,27.95599,1,0
2015-04-04 11:00:00,28.989073,1,0
2015-04-04 12:00:00,29.686502,1,0
2015-04-04 13:00:00,30.444231,1,0
2015-04-04 14:00:00,30.732115,1,0
2015-04-04 15:00:00,30.451963,1,0
2015-04-04 16:00:00,29.823006,1,0
2015-04-04 17:00:00,29.138807,1,0
2015-04-04 18:00:00,28.141788,1,0
2015-04-04 19:00:00,27.20276,1,0
2015-04-04 20:00:00,26.59362,1,0
2015-04-04 21:00:00,26.220987,1,0
2015-04-04 22:00:00,25.965157,1,0
2015-04-04 23:00:00,25.860586,1,0
2015-04-05 00:00:00,25.617466,1,0
2015-04-05 01:00:00,25.429436,1,0
2015-04-05 02:00:00,25.502447,1,0
2015-04-05 03:00:00,25.429028,1,0
2015-04-05 04:00:00,25.36732,1,0
2015-04-05 05:00:00,25.222412,1,0
2015-04-05 06:00:00,25.242378,1,0
2015-04-05 07:00:00,25.292639,1,0
2015-04-05 08:00:00,26.39516,1,0
2015-04-05 09:00:00,27.815338,1,0
2015-04-05 10:00:00,28.81072,1,0
2015-04-05 11:00:00,29.909412,1,0
2015-04-05 12:00:00,30.818407,1,0
2015-04-05 13:00:00,31.394201,1,0
2015-04-05 14:00:00,31.572044,1,0
2015-04-05 15:00:00,31.451933,1,0
2015-04-05 16:00:00,30.88223,1,0
2015-04-05 17:00:00,29.764982,1,0
2015-04-05 18:00:00,28.581455,1,0
2015-04-05 19:00:00,27.561277,1,0
2015-04-05 20:00:00,26.81411,1,0
2015-04-05 21:00:00,26.26668,1,0
2015-04-05 22:00:00,25.962372,1,0
2015-04-05 23:00:00,25.749401,1,0
2015-04-06 00:00:00,25.451448,0,0
2015-04-06 01:00:00,25.341522,0,0
2015-04-06 02:00:00,25.41989,0,0
2015-04-06 03:00:00,25.35487,0,0
2015-04-06 04:00:00,25.209965,0,0
2015-04-06 05:00:00,25.115055,0,0
2015-04-06 06:00:00,25.01175,0,0
2015-04-06 07:00:00,25.139853,0,0
2015-04-06 08:00:00,26.049994,0,0
2015-04-06 09:00:00,27.599945,0,0
2015-04-06 10:00:00,28.93157,0,0
2015-04-06 11:00:00,29.770336,0,0
2015-04-06 12:00:00,30.80922,0,0
2015-04-06 13:00:00,31.240107,0,0
2015-04-06 14:00:00,31.292631,0,0
2015-04-06 15:00:00,30.753225,0,0
2015-04-06 16:00:00,30.228693,0,0
2015-04-06 17:00:00,29.344755,0,0
2015-04-06 18:00:00,28.041119,0,0
2015-04-06 19:00:00,26.954138,0,0
2015-04-06 20:00:00,26.36206,0,0
2015-04-06 21:00:00,26.01311,0,0
2015-04-06 22:00:00,25.813633,0,0
2015-04-06 23:00:00,25.727388,0,0
2015-04-07 00:00:00,25.617725,0,0
2015-04-07 01:00:00,25.469513,0,0
2015-04-07 02:00:00,25.430552,0,0
2015-04-07 03:00:00,25.345161,0,0
2015-04-07 04:00:00,25.284973,0,0
2015-04-07 05:00:00,25.211964,0,0
2015-04-07 06:00:00,25.203564,0,0
2015-04-07 07:00:00,25.298729,0,0
2015-04-07 08:00:00,26.302776,0,0
2015-04-07 09:00:00,27.71113,0,0
2015-04-07 10:00:00,29.109154,0,0
2015-04-07 11:00:00,29.956322,0,0
2015-04-07 12:00:00,30.655273,0,0
2015-04-07 13:00:00,30.956533,0,0
2015-04-07 14:00:00,30.644852,0,0
2015-04-07 15:00:00,30.514818,0,0
2015-04-07 16:00:00,30.08809,0,0
2015-04-07 17:00:00,29.27096,0,0
2015-04-07 18:00:00,28.154089,0,0
2015-04-07 19:00:00,27.150974,0,0
2015-04-07 20:00:00,26.552284,0,0
2015-04-07 21:00:00,26.193144,0,0
2015-04-07 22:00:00,26.035528,0,0
2015-04-07 23:00:00,25.804115,0,0
2015-04-08 00:00:00,25.704376,0,0
2015-04-08 01:00:00,25.51278,0,0
2015-04-08 02:00:00,25.684004,0,0
2015-04-08 03:00:00,25.580696,0,0
2015-04-08 04:00:00,25.474081,0,0
2015-04-08 05:00:00,25.310589,0,0
2015-04-08 06:00:00,25.302185,0,0
2015-04-08 07:00:00,25.452185,0,0
2015-04-08 08:00:00,26.536121,0,0
2015-04-08 09:00:00,28.008938,0,0
2015-04-08 10:00:00,29.403913,0,0
2015-04-08 11:00:00,30.349033,0,0
2015-04-08 12:00:00,31.223043,0,0
2015-04-08 13:00:00,31.657503,0,0
2015-04-08 14:00:00,31.13133,0,0
2015-04-08 15:00:00,30.668243,0,0
2015-04-08 16:00:00,30.100586,0,0
2015-04-08 17:00:00,29.3281,0,0
2015-04-08 18:00:00,28.327768,0,0
2015-04-08 19:00:00,27.445618,0,0
2015-04-08 20:00:00,26.895144,0,0
2015-04-08 21:00:00,26.445927,0,0
2015-04-08 22:00:00,26.108425,0,0
2015-04-08 23:00:00,25.86378,0,0
2015-04-09 00:00:00,25.745714,0,0
2015-04-09 01:00:00,25.502594,0,0
2015-04-09 02:00:00,25.762371,0,0
2015-04-09 03:00:00,25.628765,0,0
2015-04-09 04:00:00,25.468578,0,0
2015-04-09 05:00:00,25.450253,0,0
2015-04-09 06:00:00,25.43676,0,0
2015-04-09 07:00:00,25.593637,0,0
2015-04-09 08:00:00,26.571104,0,0
2015-04-09 09:00:00,28.116077,0,0
2015-04-09 10:00:00,29.46919,0,0
2015-04-09 11:00:00,30.378069,0,0
2015-04-09 12:00:00,30.904158,0,0
2015-04-09 13:00:00,31.32155,0,0
2015-04-09 14:00:00,31.690584,0,0
2015-04-09 15:00:00,31.250654,0,0
2015-04-09 16:00:00,30.546232,0,0
2015-04-09 17:00:00,29.530767,0,0
2015-04-09 18:00:00,28.563898,0,0
2015-04-09 19:00:00,27.671822,0,0
2015-04-09 20:00:00,27.064732,0,0
2015-04-09 21:00:00,26.6089,0,0
2015-04-09 22:00:00,26.309687,0,0
2015-04-09 23:00:00,26.108425,0,0
2015-04-10 00:00:00,26.005379,0,0
2015-04-10 01:00:00,25.814041,0,0
2015-04-10 02:00:00,25.98553,0,0
2015-04-10 03:00:00,25.895046,0,0
2015-04-10 04:00:00,25.821363,0,0
2015-04-10 05:00:00,25.81144,0,0
2015-04-10 06:00:00,25.70304,0,0
2015-04-10 07:00:00,25.904415,0,0
2015-04-10 08:00:00,26.731472,0,0
2015-04-10 09:00:00,28.169455,0,0
2015-04-10 10:00:00,29.386469,0,0
2015-04-10 11:00:00,30.165981,0,0
2015-04-10 12:00:00,31.01546,0,0
2015-04-10 13:00:00,31.330545,0,0
2015-04-10 14:00:00,30.818535,0,0
2015-04-10 15:00:00,30.540169,0,0
2015-04-10 16:00:00,30.30378,0,0
2015-04-10 17:00:00,29.624414,0,0
2015-04-10 18:00:00,28.525608,0,0
2015-04-10 19:00:00,27.575539,0,0
2015-04-10 20:00:00,27.066664,0,0
2015-04-10 21:00:00,26.823656,0,0
2015-04-10 22:00:00,26.59719,0,0
2015-04-10 23:00:00,26.395927,0,0
2015-04-11 00:00:00,26.196451,1,0
2015-04-11 01:00:00,25.993408,1,0
2015-04-11 02:00:00,26.091805,1,0
2015-04-11 03:00:00,25.98545,1,0
2015-04-11 04:00:00,25.842854,1,0
2015-04-11 05:00:00,25.85594,1,0
2015-04-11 06:00:00,25.820812,1,0
2015-04-11 07:00:00,26.014193,1,0
2015-04-11 08:00:00,26.870173,1,0
2015-04-11 09:00:00,28.322287,1,0
2015-04-11 10:00:00,29.519047,1,0
2015-04-11 11:00:00,29.884094,1,0
2015-04-11 12:00:00,30.852602,1,0
2015-04-11 13:00:00,31.339437,1,0
2015-04-11 14:00:00,31.004766,1,0
2015-04-11 15:00:00,30.629824,1,0
2015-04-11 16:00:00,30.423323,1,0
2015-04-11 17:00:00,29.885933,1,0
2015-04-11 18:00:00,29.183672,1,0
2015-04-11 19:00:00,28.30293,1,0
2015-04-11 20:00:00,27.63873,1,0
2015-04-11 21:00:00,27.04449,1,0
2015-04-11 22:00:00,26.627098,1,0
2015-04-11 23:00:00,26.299253,1,0
2015-04-12 00:00:00,26.031336,1,0
2015-04-12 01:00:00,25.839737,1,0
2015-04-12 02:00:00,25.877766,1,0
2015-04-12 03:00:00,25.767843,1,0
2015-04-12 04:00:00,25.647469,1,0
2015-04-12 05:00:00,25.577097,1,0
2015-04-12 06:00:00,25.378881,1,0
2015-04-12 07:00:00,25.53866,1,0
2015-04-12 08:00:00,26.655792,1,0
2015-04-12 09:00:00,28.227757,1,0
2015-04-12 10:00:00,29.370832,1,0
2015-04-12 11:00:00,30.136324,1,0
2015-04-12 12:00:00,31.032085,1,0
2015-04-12 13:00:00,31.373829,1,0
2015-04-12 14:00:00,31.421637,1,0
2015-04-12 15:00:00,30.549295,1,0
2015-04-12 16:00:00,28.903643,1,0
2015-04-12 17:00:00,28.531746,1,0
2015-04-12 18:00:00,27.842194,1,0
2015-04-12 19:00:00,27.187887,1,0
2015-04-12 20:00:00,26.733843,1,0
2015-04-12 21:00:00,26.451021,1,0
2015-04-12 22:00:00,26.259686,1,0
2015-04-12 23:00:00,26.093288,1,0
2015-04-13 00:00:00,25.873966,0,0
2015-04-13 01:00:00,25.69434,0,0
2015-04-13 02:00:00,25.958803,0,0
2015-04-13 03:00:00,25.881813,0,0
2015-04-13 04:00:00,25.811703,0,0
2015-04-13 05:00:00,25.70661,0,0
2015-04-13 06:00:00,25.568844,0,0
2015-04-13 07:00:00,25.727242,0,0
2015-04-13 08:00:00,26.674934,0,0
2015-04-13 09:00:00,28.197275,0,0
2015-04-13 10:00:00,28.898537,0,0
2015-04-13 11:00:00,29.991104,0,0
2015-04-13 12:00:00,30.611662,0,0
2015-04-13 13:00:00,31.093548,0,0
2015-04-13 14:00:00,28.758492,0,0
2015-04-13 15:00:00,29.54913,0,0
2015-04-13 16:00:00,29.694857,0,0
2015-04-13 17:00:00,28.765116,0,0
2015-04-13 18:00:00,27.476526,0,0
2015-04-13 19:00:00,26.671839,0,0
2015-04-13 20:00:00,26.261063,0,0
2015-04-13 21:00:00,26.003445,0,0
2015-04-13 22:00:00,25.890474,0,0
2015-04-13 23:00:00,25.770628,0,0
2015-04-14 00:00:00,25.56732,0,0
2015-04-14 01:00:00,25.442,0,0
2015-04-14 02:00:00,25.497208,0,0
2015-04-14 03:00:00,25.492115,0,0
2015-04-14 04:00:00,25.327095,0,0
2015-04-14 05:00:00,25.232191,0,0
2015-04-14 06:00:00,25.18576,0,0
2015-04-14 07:00:00,25.347208,0,0
2015-04-14 08:00:00,26.318056,0,0
2015-04-14 09:00:00,27.630358,0,0
2015-04-14 10:00:00,28.690758,0,0
2015-04-14 11:00:00,29.720499,0,0
2015-04-14 12:00:00,30.271616,0,0
2015-04-14 13:00:00,30.387749,0,0
2015-04-14 14:00:00,27.667332,0,0
2015-04-14 15:00:00,27.973654,0,0
2015-04-14 16:00:00,28.276264,0,0
2015-04-14 17:00:00,28.147604,0,0
2015-04-14 18:00:00,26.97184,0,0
2015-04-14 19:00:00,26.33422,0,0
2015-04-14 20:00:00,25.989838,0,0
2015-04-14 21:00:00,25.836792,0,0
2015-04-14 22:00:00,25.770248,0,0
2015-04-14 23:00:00,25.56732,0,0
2015-04-15 00:00:00,25.430813,0,0
2015-04-15 01:00:00,25.44683,0,0
2015-04-15 02:00:00,25.370365,0,0
2015-04-15 03:00:00,25.346684,0,0
2015-04-15 04:00:00,25.01691,0,0
2015-04-15 05:00:00,24.875574,0,0
2015-04-15 06:00:00,24.602823,0,0
2015-04-15 07:00:00,24.67115,0,0
2015-04-15 08:00:00,25.331959,0,0
2015-04-15 09:00:00,26.343029,0,0
2015-04-15 10:00:00,27.36083,0,0
2015-04-15 11:00:00,28.704807,0,0
2015-04-15 12:00:00,29.74752,0,0
2015-04-15 13:00:00,29.6489,0,0
2015-04-15 14:00:00,28.74169,0,0
2015-04-15 15:00:00,28.92538,0,0
2015-04-15 16:00:00,28.774565,0,0
2015-04-15 17:00:00,26.834383,0,0
2015-04-15 18:00:00,26.518959,0,0
2015-04-15 19:00:00,26.12215,0,0
2015-04-15 20:00:00,26.002039,0,0
2015-04-15 21:00:00,25.846945,0,0
2015-04-15 22:00:00,25.63512,0,0
2015-04-15 23:00:00,25.460325,0,0
2015-04-16 00:00:00,25.229029,0,0
2015-04-16 01:00:00,25.06591,0,0
2015-04-16 02:00:00,25.407722,0,0
2015-04-16 03:00:00,25.176428,0,0
2015-04-16 04:00:00,25.160263,0,0
2015-04-16 05:00:00,25.184061,0,0
2015-04-16 06:00:00,25.327444,0,0
2015-04-16 07:00:00,25.388893,0,0
2015-04-16 08:00:00,25.980997,0,0
2015-04-16 09:00:00,27.08352,0,0
2015-04-16 10:00:00,28.202845,0,0
2015-04-16 11:00:00,29.258791,0,0
2015-04-16 12:00:00,29.282356,0,0
2015-04-16 13:00:00,27.933908,0,0
2015-04-16 14:00:00,27.977264,0,0
2015-04-16 15:00:00,27.76013,0,0
2015-04-16 16:00:00,26.748024,0,0
2015-04-16 17:00:00,26.940853,0,0
2015-04-16 18:00:00,26.708364,0,0
2015-04-16 19:00:00,26.360296,0,0
2015-04-16 20:00:00,26.033976,0,0
2015-04-16 21:00:00,25.860441,0,0
2015-04-16 22:00:00,25.662226,0,0
2015-04-16 23:00:00,25.440475,0,0
2015-04-17 00:00:00,25.282335,0,0
2015-04-17 01:00:00,25.065796,0,0
2015-04-17 02:00:00,24.98599,0,0
2015-04-17 03:00:00,24.945654,0,0
2015-04-17 04:00:00,24.867289,0,0
2015-04-17 05:00:00,24.900486,0,0
2015-04-17 06:00:00,24.942085,0,0
2015-04-17 07:00:00,25.002008,0,0
2015-04-17 08:00:00,25.704416,0,0
2015-04-17 09:00:00,26.82017,0,0
2015-04-17 10:00:00,27.914293,0,0
2015-04-17 11:00:00,28.808823,0,0
2015-04-17 12:00:00,29.30142,0,0
2015-04-17 13:00:00,27.929255,0,0
2015-04-17 14:00:00,27.419409,0,0
2015-04-17 15:00:00,26.854916,0,0
2015-04-17 16:00:00,26.090536,0,0
2015-04-17 17:00:00,26.136675,0,0
2015-04-17 18:00:00,26.008015,0,0
2015-04-17 19:00:00,25.663368,0,0
2015-04-17 20:00:00,25.43196,0,0
2015-04-17 21:00:00,25.217348,0,0
2015-04-17 22:00:00,25.131104,0,0
2015-04-17 23:00:00,24.981483,0,0
2015-04-18 00:00:00,24.798664,1,0
2015-04-18 01:00:00,24.690115,1,0
2015-04-18 02:00:00,24.78093,1,0
2015-04-18 03:00:00,24.810556,1,0
2015-04-18 04:00:00,24.764126,1,0
2015-04-18 05:00:00,24.717695,1,0
2015-04-18 06:00:00,24.761341,1,0
2015-04-18 07:00:00,24.851418,1,0
2015-04-18 08:00:00,25.68869,1,0
2015-04-18 09:00:00,26.787788,1,0
2015-04-18 10:00:00,27.910538,1,0
2015-04-18 11:00:00,29.091166,1,0
2015-04-18 12:00:00,29.855513,1,0
2015-04-18 13:00:00,29.997442,1,0
2015-04-18 14:00:00,30.272615,1,0
2015-04-18 15:00:00,28.709494,1,0
2015-04-18 16:00:00,28.451353,1,0
2015-04-18 17:00:00,28.169794,1,0
2015-04-18 18:00:00,27.499422,1,0
2015-04-18 19:00:00,26.78065,1,0
2015-04-18 20:00:00,26.497858,1,0
2015-04-18 21:00:00,26.241768,1,0
2015-04-18 22:00:00,26.050545,1,0
2015-04-18 23:00:00,25.779438,1,0
2015-04-19 00:00:00,25.566465,1,0
2015-04-19 01:00:00,25.336428,1,0
2015-04-19 02:00:00,25.604202,1,0
2015-04-19 03:00:00,25.432045,1,0
2015-04-19 04:00:00,25.372118,1,0
2015-04-19 05:00:00,25.239182,1,0
2015-04-19 06:00:00,25.204464,1,0
2015-04-19 07:00:00,25.499632,1,0
2015-04-19 08:00:00,26.281815,1,0
2015-04-19 09:00:00,27.44069,1,0
2015-04-19 10:00:00,28.585928,1,0
2015-04-19 11:00:00,29.584473,1,0
2015-04-19 12:00:00,29.567028,1,0
2015-04-19 13:00:00,29.524578,1,0
2015-04-19 14:00:00,29.144472,1,0
2015-04-19 15:00:00,27.770115,1,0
2015-04-19 16:00:00,27.364431,1,0
2015-04-19 17:00:00,27.59783,1,0
2015-04-19 18:00:00,27.412294,1,0
2015-04-19 19:00:00,26.978834,1,0
2015-04-19 20:00:00,26.571365,1,0
2015-04-19 21:00:00,26.276981,1,0
2015-04-19 22:00:00,25.999138,1,0
2015-04-19 23:00:00,25.788216,1,0
2015-04-20 00:00:00,25.630074,0,0
2015-04-20 01:00:00,25.426767,0,0
2015-04-20 02:00:00,25.444801,0,0
2015-04-20 03:00:00,25.234352,0,0
2015-04-20 04:00:00,25.104055,0,0
2015-04-20 05:00:00,24.872643,0,0
2015-04-20 06:00:00,24.862455,0,0
2015-04-20 07:00:00,25.067287,0,0
2015-04-20 08:00:00,25.699993,0,0
2015-04-20 09:00:00,27.140545,0,0
2015-04-20 10:00:00,28.324478,0,0
2015-04-20 11:00:00,29.239828,0,0
2015-04-20 12:00:00,30.050865,0,0
2015-04-20 13:00:00,29.074724,0,0
2015-04-20 14:00:00,28.38908,0,0
2015-04-20 15:00:00,28.605968,0,0
2015-04-20 16:00:00,28.451107,0,0
2015-04-20 17:00:00,27.860914,0,0
2015-04-20 18:00:00,27.367792,0,0
2015-04-20 19:00:00,26.806757,0,0
2015-04-20 20:00:00,26.35423,0,0
2015-04-20 21:00:00,26.077768,0,0
2015-04-20 22:00:00,25.739359,0,0
2015-04-20 23:00:00,25.357016,0,0
2015-04-21 00:00:00,25.096684,0,0
2015-04-21 01:00:00,24.933712,0,0
2015-04-21 02:00:00,25.280144,0,0
2015-04-21 03:00:00,25.063864,0,0
2015-04-21 04:00:00,25.132113,0,0
2015-04-21 05:00:00,24.479883,0,0
2015-04-21 06:00:00,24.37988,0,0
2015-04-21 07:00:00,24.549992,0,0
2015-04-21 08:00:00,25.050545,0,0
2015-04-21 09:00:00,26.069872,0,0
2015-04-21 10:00:00,27.129011,0,0
2015-04-21 11:00:00,28.146143,0,0
2015-04-21 12:00:00,29.015846,0,0
2015-04-21 13:00:00,29.33514,0,0
2015-04-21 14:00:00,27.967533,0,0
2015-04-21 15:00:00,27.42865,0,0
2015-04-21 16:00:00,27.879473,0,0
2015-04-21 17:00:00,27.889252,0,0
2015-04-21 18:00:00,27.40301,0,0
2015-04-21 19:00:00,26.813078,0,0
2015-04-21 20:00:00,26.409918,0,0
2015-04-21 21:00:00,26.080027,0,0
2015-04-21 22:00:00,25.914011,0,0
2015-04-21 23:00:00,25.600893,0,0
2015-04-22 00:00:00,25.371004,0,0
2015-04-22 01:00:00,25.254349,0,0
2015-04-22 02:00:00,25.263748,0,0
2015-04-22 03:00:00,25.014011,0,0
2015-04-22 04:00:00,24.739214,0,0
2015-04-22 05:00:00,24.581074,0,0
2015-04-22 06:00:00,24.482859,0,0
2015-04-22 07:00:00,24.57472,0,0
2015-04-22 08:00:00,25.28058,0,0
2015-04-22 09:00:00,26.294813,0,0
2015-04-22 10:00:00,27.593884,0,0
2015-04-22 11:00:00,28.672724,0,0
2015-04-22 12:00:00,29.533764,0,0
2015-04-22 13:00:00,29.522463,0,0
2015-04-22 14:00:00,28.463469,0,0
2015-04-22 15:00:00,27.39435,0,0
2015-04-22 16:00:00,27.157434,0,0
2015-04-22 17:00:00,27.245173,0,0
2015-04-22 18:00:00,27.02035,0,0
2015-04-22 19:00:00,26.637527,0,0
2015-04-22 20:00:00,26.379911,0,0
2015-04-22 21:00:00,26.202185,0,0
2015-04-22 22:00:00,26.175604,0,0
2015-04-22 23:00:00,25.991,0,0
2015-04-23 00:00:00,25.88286,0,0
2015-04-23 01:00:00,25.752827,0,0
2015-04-23 02:00:00,25.858917,0,0
2015-04-23 03:00:00,25.810818,0,0
2015-04-23 04:00:00,25.766026,0,0
2015-04-23 05:00:00,25.57138,0,0
2015-04-23 06:00:00,25.539705,0,0
2015-04-23 07:00:00,25.75294,0,0
2015-04-23 08:00:00,26.61501,0,0
2015-04-23 09:00:00,27.682404,0,0
2015-04-23 10:00:00,28.704514,0,0
2015-04-23 11:00:00,29.553728,0,0
2015-04-23 12:00:00,30.088072,0,0
2015-04-23 13:00:00,30.34364,0,0
2015-04-23 14:00:00,30.005207,0,0
2015-04-23 15:00:00,29.901636,0,0
2015-04-23 16:00:00,29.47186,0,0
2015-04-23 17:00:00,28.799112,0,0
2015-04-23 18:00:00,27.963129,0,0
2015-04-23 19:00:00,27.170794,0,0
2015-04-23 20:00:00,26.636856,0,0
2015-04-23 21:00:00,26.294523,0,0
2015-04-23 22:00:00,26.011848,0,0
2015-04-23 23:00:00,25.772558,0,0
2015-04-24 00:00:00,25.578175,0,0
2015-04-24 01:00:00,25.40007,0,0
2015-04-24 02:00:00,25.385168,0,0
2015-04-24 03:00:00,25.383238,0,0
2015-04-24 04:00:00,25.294947,0,0
2015-04-24 05:00:00,25.244947,0,0
2015-04-24 06:00:00,25.145208,0,0
2015-04-24 07:00:00,25.278406,0,0
2015-04-24 08:00:00,26.206871,0,0
2015-04-24 09:00:00,27.41496,0,0
2015-04-24 10:00:00,28.301826,0,0
2015-04-24 11:00:00,29.010706,0,0
2015-04-24 12:00:00,29.495049,0,0
2015-04-24 13:00:00,29.902925,0,0
2015-04-24 14:00:00,29.86616,0,0
2015-04-24 15:00:00,29.711588,0,0
2015-04-24 16:00:00,29.014538,0,0
2015-04-24 17:00:00,28.215437,0,0
2015-04-24 18:00:00,27.556446,0,0
2015-04-24 19:00:00,26.974035,0,0
2015-04-24 20:00:00,26.431696,0,0
2015-04-24 21:00:00,26.18363,0,0
2015-04-24 22:00:00,25.913925,0,0
2015-04-24 23:00:00,25.855785,0,0
2015-04-25 00:00:00,25.65107,1,0
2015-04-25 01:00:00,25.421034,1,0
2015-04-25 02:00:00,25.47346,1,0
2015-04-25 03:00:00,25.353348,1,0
2015-04-25 04:00:00,25.153347,1,0
2015-04-25 05:00:00,25.098515,1,0
2015-04-25 06:00:00,25.077028,1,0
2015-04-25 07:00:00,25.216843,1,0
2015-04-25 08:00:00,26.102448,1,0
2015-04-25 09:00:00,27.219202,1,0
2015-04-25 10:00:00,28.037743,1,0
2015-04-25 11:00:00,28.833649,1,0
2015-04-25 12:00:00,29.427769,1,0
2015-04-25 13:00:00,29.821745,1,0
2015-04-25 14:00:00,29.566177,1,0
2015-04-25 15:00:00,29.39518,1,0
2015-04-25 16:00:00,28.032057,1,0
2015-04-25 17:00:00,27.50433,1,0
2015-04-25 18:00:00,27.08805,1,0
2015-04-25 19:00:00,26.59519,1,0
2015-04-25 20:00:00,26.250546,1,0
2015-04-25 21:00:00,26.012518,1,0
2015-04-25 22:00:00,25.94917,1,0
2015-04-25 23:00:00,25.85757,1,0
2015-04-26 00:00:00,25.697647,1,0
2015-04-26 01:00:00,25.5362,1,0
2015-04-26 02:00:00,25.604755,1,0
2015-04-26 03:00:00,25.55944,1,0
2015-04-26 04:00:00,25.462748,1,0
2015-04-26 05:00:00,25.36632,1,0
2015-04-26 06:00:00,25.319628,1,0
2015-04-26 07:00:00,25.607916,1,0
2015-04-26 08:00:00,26.473526,1,0
2015-04-26 09:00:00,27.516748,1,0
2015-04-26 10:00:00,28.590643,1,0
2015-04-26 11:00:00,29.501564,1,0
2015-04-26 12:00:00,30.160704,1,0
2015-04-26 13:00:00,28.774523,1,0
2015-04-26 14:00:00,28.791851,1,0
2015-04-26 15:00:00,29.285463,1,0
2015-04-26 16:00:00,29.455137,1,0
2015-04-26 17:00:00,29.053728,1,0
2015-04-26 18:00:00,28.454252,1,0
2015-04-26 19:00:00,27.774887,1,0
2015-04-26 20:00:00,27.430502,1,0
2015-04-26 21:00:00,27.122509,1,0
2015-04-26 22:00:00,26.806377,1,0
2015-04-26 23:00:00,26.608423,1,0
2015-04-27 00:00:00,26.38248,0,0
2015-04-27 01:00:00,26.241262,0,0
2015-04-27 02:00:00,26.351038,0,0
2015-04-27 03:00:00,26.287807,0,0
2015-04-27 04:00:00,26.177883,0,0
2015-04-27 05:00:00,26.057919,0,0
2015-04-27 06:00:00,26.01632,0,0
2015-04-27 07:00:00,26.306393,0,0
2015-04-27 08:00:00,27.408394,0,0
2015-04-27 09:00:00,28.595114,0,0
2015-04-27 10:00:00,29.426147,0,0
2015-04-27 11:00:00,29.916107,0,0
2015-04-27 12:00:00,30.152496,0,0
2015-04-27 13:00:00,29.838886,0,0
2015-04-27 14:00:00,30.375416,0,0
2015-04-27 15:00:00,29.419289,0,0
2015-04-27 16:00:00,29.160887,0,0
2015-04-27 17:00:00,28.827164,0,0
2015-04-27 18:00:00,28.247684,0,0
2015-04-27 19:00:00,27.771364,0,0
2015-04-27 20:00:00,27.33869,0,0
2015-04-27 21:00:00,26.95754,0,0
2015-04-27 22:00:00,26.631222,0,0
2015-04-27 23:00:00,26.446499,0,0
2015-04-28 00:00:00,26.240147,0,0
2015-04-28 01:00:00,26.076914,0,0
2015-04-28 02:00:00,26.21137,0,0
2015-04-28 03:00:00,26.179813,0,0
2015-04-28 04:00:00,26.115057,0,0
2015-04-28 05:00:00,26.02346,0,0
2015-04-28 06:00:00,25.996239,0,0
2015-04-28 07:00:00,26.241144,0,0
2015-04-28 08:00:00,27.217203,0,0
2015-04-28 09:00:00,28.140213,0,0
2015-04-28 10:00:00,28.919579,0,0
2015-04-28 11:00:00,29.611032,0,0
2015-04-28 12:00:00,30.198915,0,0
2015-04-28 13:00:00,30.909052,0,0
2015-04-28 14:00:00,30.398159,0,0
2015-04-28 15:00:00,29.885218,0,0
2015-04-28 16:00:00,29.623886,0,0
2015-04-28 17:00:00,29.225786,0,0
2015-04-28 18:00:00,28.664341,0,0
2015-04-28 19:00:00,28.144491,0,0
2015-04-28 20:00:00,27.661293,0,0
2015-04-28 21:00:00,27.0617,0,0
2015-04-28 22:00:00,26.491737,0,0
2015-04-28 23:00:00,26.397827,0,0
2015-04-29 00:00:00,26.376194,0,0
2015-04-29 01:00:00,26.20787,0,0
2015-04-29 02:00:00,26.07446,0,0
2015-04-29 03:00:00,26.067842,0,0
2015-04-29 04:00:00,25.886429,0,0
2015-04-29 05:00:00,25.572412,0,0
2015-04-29 06:00:00,25.650253,0,0
2015-04-29 07:00:00,25.831337,0,0
2015-04-29 08:00:00,26.620035,0,0
2015-04-29 09:00:00,27.439621,0,0
2015-04-29 10:00:00,28.062517,0,0
2015-04-29 11:00:00,28.998354,0,0
2015-04-29 12:00:00,29.911293,0,0
2015-04-29 13:00:00,29.258425,0,0
2015-04-29 14:00:00,27.940699,0,0
2015-04-29 15:00:00,27.777088,0,0
2015-04-29 16:00:00,27.943483,0,0
2015-04-29 17:00:00,27.863186,0,0
2015-04-29 18:00:00,27.590029,0,0
2015-04-29 19:00:00,26.99386,0,0
2015-04-29 20:00:00,26.700333,0,0
2015-04-29 21:00:00,26.483269,0,0
2015-04-29 22:00:00,26.329962,0,0
2015-04-29 23:00:00,26.133383,0,0
2015-04-30 00:00:00,26.003088,0,0
2015-04-30 01:00:00,25.844685,0,0
2015-04-30 02:00:00,25.58669,0,0
2015-04-30 03:00:00,25.26851,0,0
2015-04-30 04:00:00,25.241783,0,0
2015-04-30 05:00:00,25.43476,0,0
2015-04-30 06:00:00,25.22993,0,0
2015-04-30 07:00:00,25.57788,0,0
2015-04-30 08:00:00,26.612486,0,0
2015-04-30 09:00:00,27.558918,0,0
2015-04-30 10:00:00,28.56375,0,0
2015-04-30 11:00:00,28.882746,0,0
2015-04-30 12:00:00,28.975574,0,0
2015-04-30 13:00:00,28.338543,0,0
2015-04-30 14:00:00,27.7024,0,0
2015-04-30 15:00:00,27.76768,0,0
2015-04-30 16:00:00,27.506493,0,0
2015-04-30 17:00:00,27.26565,0,0
2015-04-30 18:00:00,26.937923,0,0
2015-04-30 19:00:00,26.421528,0,0
2015-04-30 20:00:00,25.83186,0,0
2015-04-30 21:00:00,25.529552,0,0
2015-04-30 22:00:00,25.535759,0,0
2015-04-30 23:00:00,25.146286,0,0
2015-05-01 00:00:00,25.317627,0,1
2015-05-01 01:00:00,25.145733,0,1
2015-05-01 02:00:00,24.838474,0,1
2015-05-01 03:00:00,24.874722,0,1
2015-05-01 04:00:00,24.91625,0,1
2015-05-01 05:00:00,24.971344,0,1
2015-05-01 06:00:00,24.939262,0,1
2015-05-01 07:00:00,25.231339,0,1
2015-05-01 08:00:00,25.94226,0,1
2015-05-01 09:00:00,26.766796,0,1
2015-05-01 10:00:00,27.552923,0,1
2015-05-01 11:00:00,28.1579,0,1
2015-05-01 12:00:00,28.7495,0,1
2015-05-01 13:00:00,28.912771,0,1
2015-05-01 14:00:00,28.614824,0,1
2015-05-01 15:00:00,26.705269,0,1
2015-05-01 16:00:00,25.701923,0,1
2015-05-01 17:00:00,25.359653,0,1
2015-05-01 18:00:00,25.013226,0,1
2015-05-01 19:00:00,24.973148,0,1
2015-05-01 20:00:00,24.823265,0,1
2015-05-01 21:00:00,24.95528,0,1
2015-05-01 22:00:00,24.930744,0,1
2015-05-01 23:00:00,24.907995,0,1
2015-05-02 00:00:00,24.99807,1,0
2015-05-02 01:00:00,25.124653,1,0
2015-05-02 02:00:00,25.259491,1,0
2015-05-02 03:00:00,25.359226,1,0
2015-05-02 04:00:00,25.427404,1,0
2015-05-02 05:00:00,25.440493,1,0
2015-05-02 06:00:00,25.45815,1,0
2015-05-02 07:00:00,25.454319,1,0
2015-05-02 08:00:00,25.867697,1,0
2015-05-02 09:00:00,26.400137,1,0
2015-05-02 10:00:00,27.127487,1,0
2015-05-02 11:00:00,27.91704,1,0
2015-05-02 12:00:00,28.678225,1,0
2015-05-02 13:00:00,29.452875,1,0
2015-05-02 14:00:00,28.872072,1,0
2015-05-02 15:00:00,28.87245,1,0
2015-05-02 16:00:00,28.686321,1,0
2015-05-02 17:00:00,28.325512,1,0
2015-05-02 18:00:00,27.719042,1,0
2015-05-02 19:00:00,27.130901,1,0
2015-05-02 20:00:00,26.616287,1,0
2015-05-02 21:00:00,26.186401,1,0
2015-05-02 22:00:00,25.856888,1,0
2015-05-02 23:00:00,25.746845,1,0
2015-05-03 00:00:00,25.454987,1,0
2015-05-03 01:00:00,25.28309,1,0
2015-05-03 02:00:00,25.631275,1,0
2015-05-03 03:00:00,25.51295,1,0
2015-05-03 04:00:00,25.442839,1,0
2015-05-03 05:00:00,25.329752,1,0
2015-05-03 06:00:00,24.998077,1,0
2015-05-03 07:00:00,25.0496,1,0
2015-05-03 08:00:00,25.602154,1,0
2015-05-03 09:00:00,26.625935,1,0
2015-05-03 10:00:00,27.74678,1,0
2015-05-03 11:00:00,28.739119,1,0
2015-05-03 12:00:00,29.61239,1,0
2015-05-03 13:00:00,29.700865,1,0
2015-05-03 14:00:00,29.946035,1,0
2015-05-03 15:00:00,29.669977,1,0
2015-05-03 16:00:00,29.23118,1,0
2015-05-03 17:00:00,28.606646,1,0
2015-05-03 18:00:00,27.8923,1,0
2015-05-03 19:00:00,27.152893,1,0
2015-05-03 20:00:00,26.485498,1,0
2015-05-03 21:00:00,25.977766,1,0
2015-05-03 22:00:00,25.656425,1,0
2015-05-03 23:00:00,25.436722,1,0
2015-05-04 00:00:00,25.255308,0,0
2015-05-04 01:00:00,25.012827,0,0
2015-05-04 02:00:00,24.962944,0,0
2015-05-04 03:00:00,24.824915,0,0
2015-05-04 04:00:00,24.695286,0,0
2015-05-04 05:00:00,24.680529,0,0
2015-05-04 06:00:00,24.679005,0,0
2015-05-04 07:00:00,25.030006,0,0
2015-05-04 08:00:00,26.246878,0,0
2015-05-04 09:00:00,27.492376,0,0
2015-05-04 10:00:00,28.467648,0,0
2015-05-04 11:00:00,29.101847,0,0
2015-05-04 12:00:00,29.176264,0,0
2015-05-04 13:00:00,29.670763,0,0
2015-05-04 14:00:00,29.509724,0,0
2015-05-04 15:00:00,28.01411,0,0
2015-05-04 16:00:00,27.540066,0,0
2015-05-04 17:00:00,27.257362,0,0
2015-05-04 18:00:00,26.889038,0,0
2015-05-04 19:00:00,26.442492,0,0
2015-05-04 20:00:00,25.949516,0,0
2015-05-04 21:00:00,25.706772,0,0
2015-05-04 22:00:00,25.535545,0,0
2015-05-04 23:00:00,25.534285,0,0
2015-05-05 00:00:00,25.36953,0,0
2015-05-05 01:00:00,25.160603,0,0
2015-05-05 02:00:00,25.353987,0,0
2015-05-05 03:00:00,25.225475,0,0
2015-05-05 04:00:00,25.144062,0,0
2015-05-05 05:00:00,24.983877,0,0
2015-05-05 06:00:00,24.81503,0,0
2015-05-05 07:00:00,24.864763,0,0
2015-05-05 08:00:00,25.748585,0,0
2015-05-05 09:00:00,26.90594,0,0
2015-05-05 10:00:00,28.031357,0,0
2015-05-05 11:00:00,28.983881,0,0
2015-05-05 12:00:00,29.869862,0,0
2015-05-05 13:00:00,30.286257,0,0
2015-05-05 14:00:00,28.68168,0,0
2015-05-05 15:00:00,28.301779,0,0
2015-05-05 16:00:00,28.471071,0,0
2015-05-05 17:00:00,28.423973,0,0
2015-05-05 18:00:00,27.919025,0,0
2015-05-05 19:00:00,27.252777,0,0
2015-05-05 20:00:00,26.68196,0,0
2015-05-05 21:00:00,26.249285,0,0
2015-05-05 22:00:00,25.903496,0,0
2015-05-05 23:00:00,25.750448,0,0
2015-05-06 00:00:00,25.623981,0,0
2015-05-06 01:00:00,25.497517,0,0
2015-05-06 02:00:00,25.773836,0,0
2015-05-06 03:00:00,25.755249,0,0
2015-05-06 04:00:00,25.645063,0,0
2015-05-06 05:00:00,25.534874,0,0
2015-05-06 06:00:00,25.530045,0,0
2015-05-06 07:00:00,25.785137,0,0
2015-05-06 08:00:00,26.728884,0,0
2015-05-06 09:00:00,27.92248,0,0
2015-05-06 10:00:00,29.073072,0,0
2015-05-06 11:00:00,29.790873,0,0
2015-05-06 12:00:00,30.411692,0,0
2015-05-06 13:00:00,29.594397,0,0
2015-05-06 14:00:00,28.201235,0,0
2015-05-06 15:00:00,27.83905,0,0
2015-05-06 16:00:00,27.867006,0,0
2015-05-06 17:00:00,27.394258,0,0
2015-05-06 18:00:00,26.822887,0,0
2015-05-06 19:00:00,26.524935,0,0
2015-05-06 20:00:00,26.209917,0,0
2015-05-06 21:00:00,25.862225,0,0
2015-05-06 22:00:00,25.730959,0,0
2015-05-06 23:00:00,25.651333,0,0
2015-05-07 00:00:00,25.471935,0,0
2015-05-07 01:00:00,25.373312,0,0
2015-05-07 02:00:00,25.659935,0,0
2015-05-07 03:00:00,25.638302,0,0
2015-05-07 04:00:00,25.537107,0,0
2015-05-07 05:00:00,25.455025,0,0
2015-05-07 06:00:00,25.46495,0,0
2015-05-07 07:00:00,25.80001,0,0
2015-05-07 08:00:00,26.638922,0,0
2015-05-07 09:00:00,27.66917,0,0
2015-05-07 10:00:00,28.543327,0,0
2015-05-07 11:00:00,29.462248,0,0
2015-05-07 12:00:00,30.334587,0,0
2015-05-07 13:00:00,29.41403,0,0
2015-05-07 14:00:00,29.905483,0,0
2015-05-07 15:00:00,28.737675,0,0
2015-05-07 16:00:00,28.875671,0,0
2015-05-07 17:00:00,28.470959,0,0
2015-05-07 18:00:00,27.797798,0,0
2015-05-07 19:00:00,27.241068,0,0
2015-05-07 20:00:00,26.796421,0,0
2015-05-07 21:00:00,26.45851,0,0
2015-05-07 22:00:00,26.26234,0,0
2015-05-07 23:00:00,26.117435,0,0
2015-05-08 00:00:00,25.972935,0,0
2015-05-08 01:00:00,25.894833,0,0
2015-05-08 02:00:00,26.098585,0,0
2015-05-08 03:00:00,26.152155,0,0
2015-05-08 04:00:00,26.067696,0,0
2015-05-08 05:00:00,25.944946,0,0
2015-05-08 06:00:00,25.91201,0,0
2015-05-08 07:00:00,26.106655,0,0
2015-05-08 08:00:00,26.924198,0,0
2015-05-08 09:00:00,28.106348,0,0
2015-05-08 10:00:00,29.208723,0,0
2015-05-08 11:00:00,29.828049,0,0
2015-05-08 12:00:00,30.377525,0,0
2015-05-08 13:00:00,30.71503,0,0
2015-05-08 14:00:00,30.814999,0,0
2015-05-08 15:00:00,29.287643,0,0
2015-05-08 16:00:00,29.141806,0,0
2015-05-08 17:00:00,28.573624,0,0
2015-05-08 18:00:00,27.893736,0,0
2015-05-08 19:00:00,27.19426,0,0
2015-05-08 20:00:00,26.698353,0,0
2015-05-08 21:00:00,26.553562,0,0
2015-05-08 22:00:00,26.555347,0,0
2015-05-08 23:00:00,26.466795,0,0
2015-05-09 00:00:00,26.350252,1,0
2015-05-09 01:00:00,26.144014,1,0
2015-05-09 02:00:00,26.230783,1,0
2015-05-09 03:00:00,26.154057,1,0
2015-05-09 04:00:00,25.954317,1,0
2015-05-09 05:00:00,25.86424,1,0
2015-05-09 06:00:00,25.849224,1,0
2015-05-09 07:00:00,26.093752,1,0
2015-05-09 08:00:00,26.929358,1,0
2015-05-09 09:00:00,27.599682,1,0
2015-05-09 10:00:00,28.747637,1,0
2015-05-09 11:00:00,29.457037,1,0
2015-05-09 12:00:00,30.003206,1,0
2015-05-09 13:00:00,29.556662,1,0
2015-05-09 14:00:00,27.807505,1,0
2015-05-09 15:00:00,28.186512,1,0
2015-05-09 16:00:00,28.342066,1,0
2015-05-09 17:00:00,28.417618,1,0
2015-05-09 18:00:00,28.024874,1,0
2015-05-09 19:00:00,27.52019,1,0
2015-05-09 20:00:00,27.057625,1,0
2015-05-09 21:00:00,26.847588,1,0
2015-05-09 22:00:00,26.64149,1,0
2015-05-09 23:00:00,26.476242,1,0
2015-05-10 00:00:00,26.394829,1,0
2015-05-10 01:00:00,26.303234,1,0
2015-05-10 02:00:00,26.381073,1,0
2015-05-10 03:00:00,26.196062,1,0
2015-05-10 04:00:00,26.006363,1,0
2015-05-10 05:00:00,25.838184,1,0
2015-05-10 06:00:00,25.750156,1,0
2015-05-10 07:00:00,26.069597,1,0
2015-05-10 08:00:00,27.063602,1,0
2015-05-10 09:00:00,28.284042,1,0
2015-05-10 10:00:00,29.144705,1,0
2015-05-10 11:00:00,29.902582,1,0
2015-05-10 12:00:00,30.300798,1,0
2015-05-10 13:00:00,30.079231,1,0
2015-05-10 14:00:00,28.585974,1,0
2015-05-10 15:00:00,28.666386,1,0
2015-05-10 16:00:00,29.141039,1,0
2015-05-10 17:00:00,29.050669,1,0
2015-05-10 18:00:00,28.472042,1,0
2015-05-10 19:00:00,27.753008,1,0
2015-05-10 20:00:00,27.27212,1,0
2015-05-10 21:00:00,26.892492,1,0
2015-05-10 22:00:00,26.728146,1,0
2015-05-10 23:00:00,26.696207,1,0
2015-05-11 00:00:00,26.503466,0,0
2015-05-11 01:00:00,26.321907,0,0
2015-05-11 02:00:00,26.625282,0,0
2015-05-11 03:00:00,26.367733,0,0
2015-05-11 04:00:00,26.048653,0,0
2015-05-11 05:00:00,25.767572,0,0
2015-05-11 06:00:00,25.493414,0,0
2015-05-11 07:00:00,25.750631,0,0
2015-05-11 08:00:00,26.764748,0,0
2015-05-11 09:00:00,27.938091,0,0
2015-05-11 10:00:00,28.955221,0,0
2015-05-11 11:00:00,29.674547,0,0
2015-05-11 12:00:00,30.400604,0,0
2015-05-11 13:00:00,30.633917,0,0
2015-05-11 14:00:00,29.398916,0,0
2015-05-11 15:00:00,29.262146,0,0
2015-05-11 16:00:00,29.21824,0,0
2015-05-11 17:00:00,28.85489,0,0
2015-05-11 18:00:00,28.371956,0,0
2015-05-11 19:00:00,27.771217,0,0
2015-05-11 20:00:00,27.380028,0,0
2015-05-11 21:00:00,27.14709,0,0
2015-05-11 22:00:00,27.044044,0,0
2015-05-11 23:00:00,26.984383,0,0
2015-05-12 00:00:00,26.78833,0,0
2015-05-12 01:00:00,26.675097,0,0
2015-05-12 02:00:00,26.558296,0,0
2015-05-12 03:00:00,26.454987,0,0
2015-05-12 04:00:00,26.416697,0,0
2015-05-12 05:00:00,26.380453,0,0
2015-05-12 06:00:00,26.420527,0,0
2015-05-12 07:00:00,26.658556,0,0
2015-05-12 08:00:00,27.570364,0,0
2015-05-12 09:00:00,28.592329,0,0
2015-05-12 10:00:00,29.654106,0,0
2015-05-12 11:00:00,30.521238,0,0
2015-05-12 12:00:00,31.038631,0,0
2015-05-12 13:00:00,31.411383,0,0
2015-05-12 14:00:00,31.135063,0,0
2015-05-12 15:00:00,31.006813,0,0
2015-05-12 16:00:00,30.502127,0,0
2015-05-12 17:00:00,29.734732,0,0
2015-05-12 18:00:00,28.820908,0,0
2015-05-12 19:00:00,28.073624,0,0
2015-05-12 20:00:00,27.647568,0,0
2015-05-12 21:00:00,27.303448,0,0
2015-05-12 22:00:00,27.08055,0,0
2015-05-12 23:00:00,26.917582,0,0
2015-05-13 00:00:00,26.845943,0,0
2015-05-13 01:00:00,26.737808,0,0
2015-05-13 02:00:00,26.521267,0,0
2015-05-13 03:00:00,26.409555,0,0
2015-05-13 04:00:00,26.308033,0,0
2015-05-13 05:00:00,26.17993,0,0
2015-05-13 06:00:00,26.175098,0,0
2015-05-13 07:00:00,26.503202,0,0
2015-05-13 08:00:00,27.538282,0,0
2015-05-13 09:00:00,28.71367,0,0
2015-05-13 10:00:00,29.754337,0,0
2015-05-13 11:00:00,30.48344,0,0
2015-05-13 12:00:00,30.821093,0,0
2015-05-13 13:00:00,31.153503,0,0
2015-05-13 14:00:00,30.94525,0,0
2015-05-13 15:00:00,30.54744,0,0
2015-05-13 16:00:00,30.030901,0,0
2015-05-13 17:00:00,29.511574,0,0
2015-05-13 18:00:00,28.725594,0,0
2015-05-13 19:00:00,27.9582,0,0
2015-05-13 20:00:00,27.494228,0,0
2015-05-13 21:00:00,27.211819,0,0
2015-05-13 22:00:00,27.046946,0,0
2015-05-13 23:00:00,26.850777,0,0
2015-05-14 00:00:00,26.660963,0,0
2015-05-14 01:00:00,26.456133,0,0
2015-05-14 02:00:00,26.477621,0,0
2015-05-14 03:00:00,26.355726,0,0
2015-05-14 04:00:00,26.310934,0,0
2015-05-14 05:00:00,26.172905,0,0
2015-05-14 06:00:00,26.054724,0,0
2015-05-14 07:00:00,26.35625,0,0
2015-05-14 08:00:00,27.299961,0,0
2015-05-14 09:00:00,28.383373,0,0
2015-05-14 10:00:00,29.48411,0,0
2015-05-14 11:00:00,30.153698,0,0
2015-05-14 12:00:00,30.39975,0,0
2015-05-14 13:00:00,30.53061,0,0
2015-05-14 14:00:00,29.905354,0,0
2015-05-14 15:00:00,28.37212,0,0
2015-05-14 16:00:00,27.447353,0,0
2015-05-14 17:00:00,27.383072,0,0
2015-05-14 18:00:00,27.13155,0,0
2015-05-14 19:00:00,26.776983,0,0
2015-05-14 20:00:00,26.552185,0,0
2015-05-14 21:00:00,26.422413,0,0
2015-05-14 22:00:00,26.356394,0,0
2015-05-14 23:00:00,26.25335,0,0
2015-05-15 00:00:00,26.199924,0,0
2015-05-15 01:00:00,26.026882,0,0
2015-05-15 02:00:00,26.306364,0,0
2015-05-15 03:00:00,26.277996,0,0
2015-05-15 04:00:00,26.269333,0,0
2015-05-15 05:00:00,26.26781,0,0
2015-05-15 06:00:00,26.22826,0,0
2015-05-15 07:00:00,26.301533,0,0
2015-05-15 08:00:00,26.79873,0,0
2015-05-15 09:00:00,27.281029,0,0
2015-05-15 10:00:00,27.92734,0,0
2015-05-15 11:00:00,28.70533,0,0
2015-05-15 12:00:00,29.33291,0,0
2015-05-15 13:00:00,29.654253,0,0
2015-05-15 14:00:00,29.488203,0,0
2015-05-15 15:00:00,27.978718,0,0
2015-05-15 16:00:00,27.774033,0,0
2015-05-15 17:00:00,27.481289,0,0
2015-05-15 18:00:00,27.27988,0,0
2015-05-15 19:00:00,26.895422,0,0
2015-05-15 20:00:00,26.620888,0,0
2015-05-15 21:00:00,26.419365,0,0
2015-05-15 22:00:00,26.150778,0,0
2015-05-15 23:00:00,25.974903,0,0
2015-05-16 00:00:00,25.50394,1,0
2015-05-16 01:00:00,25.28933,1,0
2015-05-16 02:00:00,25.284683,1,0
2015-05-16 03:00:00,25.069403,1,0
2015-05-16 04:00:00,25.057838,1,0
2015-05-16 05:00:00,24.679996,1,0
2015-05-16 06:00:00,24.588398,1,0
2015-05-16 07:00:00,24.761148,1,0
2015-05-16 08:00:00,25.531813,1,0
2015-05-16 09:00:00,26.300255,1,0
2015-05-16 10:00:00,27.423265,1,0
2015-05-16 11:00:00,28.446653,1,0
2015-05-16 12:00:00,29.474321,1,0
2015-05-16 13:00:00,29.65257,1,0
2015-05-16 14:00:00,26.577803,1,0
2015-05-16 15:00:00,26.31015,1,0
2015-05-16 16:00:00,26.122528,1,0
2015-05-16 17:00:00,26.159557,1,0
2015-05-16 18:00:00,26.074835,1,0
2015-05-16 19:00:00,25.824495,1,0
2015-05-16 20:00:00,25.697506,1,0
2015-05-16 21:00:00,25.544199,1,0
2015-05-16 22:00:00,25.626621,1,0
2015-05-16 23:00:00,25.461525,1,0
2015-05-17 00:00:00,25.117027,1,0
2015-05-17 01:00:00,25.102009,1,0
2015-05-17 02:00:00,25.146507,1,0
2015-05-17 03:00:00,25.076735,1,0
2015-05-17 04:00:00,25.257149,1,0
2015-05-17 05:00:00,25.23016,1,0
2015-05-17 06:00:00,25.267334,1,0
2015-05-17 07:00:00,25.432354,1,0
2015-05-17 08:00:00,26.028406,1,0
2015-05-17 09:00:00,27.021526,1,0
2015-05-17 10:00:00,28.082045,1,0
2015-05-17 11:00:00,28.894085,1,0
2015-05-17 12:00:00,29.395607,1,0
2015-05-17 13:00:00,29.661737,1,0
2015-05-17 14:00:00,29.572256,1,0
2015-05-17 15:00:00,29.25357,1,0
2015-05-17 16:00:00,28.649292,1,0
2015-05-17 17:00:00,28.23963,1,0
2015-05-17 18:00:00,27.355318,1,0
2015-05-17 19:00:00,26.925543,1,0
2015-05-17 20:00:00,26.739037,1,0
2015-05-17 21:00:00,26.602268,1,0
2015-05-17 22:00:00,26.296293,1,0
2015-05-17 23:00:00,26.104694,1,0
2015-05-18 00:00:00,25.899864,0,0
2015-05-18 01:00:00,25.791985,0,0
2015-05-18 02:00:00,25.712952,0,0
2015-05-18 03:00:00,25.49603,0,0
2015-05-18 04:00:00,25.405579,0,0
2015-05-18 05:00:00,25.270596,0,0
2015-05-18 06:00:00,25.182306,0,0
2015-05-18 07:00:00,25.207512,0,0
2015-05-18 08:00:00,25.844017,0,0
2015-05-18 09:00:00,26.515533,0,0
2015-05-18 10:00:00,27.085007,0,0
2015-05-18 11:00:00,27.936005,0,0
2015-05-18 12:00:00,28.57351,0,0
2015-05-18 13:00:00,29.058084,0,0
2015-05-18 14:00:00,27.504826,0,0
2015-05-18 15:00:00,27.160585,0,0
2015-05-18 16:00:00,27.08869,0,0
2015-05-18 17:00:00,26.92508,0,0
2015-05-18 18:00:00,26.75166,0,0
2015-05-18 19:00:00,26.236383,0,0
2015-05-18 20:00:00,25.903038,0,0
2015-05-18 21:00:00,25.755348,0,0
2015-05-18 22:00:00,25.627502,0,0
2015-05-18 23:00:00,25.512894,0,0
2015-05-19 00:00:00,25.557947,0,0
2015-05-19 01:00:00,25.38509,0,0
2015-05-19 02:00:00,24.38486,0,0
2015-05-19 03:00:00,24.11694,0,0
2015-05-19 04:00:00,24.167019,0,0
2015-05-19 05:00:00,24.532415,0,0
2015-05-19 06:00:00,24.775797,0,0
2015-05-19 07:00:00,25.198809,0,0
2015-05-19 08:00:00,26.014565,0,0
2015-05-19 09:00:00,27.107016,0,0
2015-05-19 10:00:00,27.89809,0,0
2015-05-19 11:00:00,28.784073,0,0
2015-05-19 12:00:00,29.47184,0,0
2015-05-19 13:00:00,29.417484,0,0
2015-05-19 14:00:00,28.119938,0,0
2015-05-19 15:00:00,27.85466,0,0
2015-05-19 16:00:00,27.213991,0,0
2015-05-19 17:00:00,26.905853,0,0
2015-05-19 18:00:00,26.62251,0,0
2015-05-19 19:00:00,26.373295,0,0
2015-05-19 20:00:00,26.257278,0,0
2015-05-19 21:00:00,26.114864,0,0
2015-05-19 22:00:00,26.029472,0,0
2015-05-19 23:00:00,25.75163,0,0
2015-05-20 00:00:00,25.603825,0,0
2015-05-20 01:00:00,25.398254,0,0
2015-05-20 02:00:00,25.38807,0,0
2015-05-20 03:00:00,25.325575,0,0
2015-05-20 04:00:00,25.106985,0,0
2015-05-20 05:00:00,24.485905,0,0
2015-05-20 06:00:00,24.477766,0,0
2015-05-20 07:00:00,24.654491,0,0
2015-05-20 08:00:00,25.47575,0,0
2015-05-20 09:00:00,26.521511,0,0
2015-05-20 10:00:00,27.480648,0,0
2015-05-20 11:00:00,28.73481,0,0
2015-05-20 12:00:00,29.29816,0,0
2015-05-20 13:00:00,29.455353,0,0
2015-05-20 14:00:00,27.849583,0,0
2015-05-20 15:00:00,27.27374,0,0
2015-05-20 16:00:00,27.164932,0,0
2015-05-20 17:00:00,26.807083,0,0
2015-05-20 18:00:00,26.461063,0,0
2015-05-20 19:00:00,26.121511,0,0
2015-05-20 20:00:00,25.95371,0,0
2015-05-20 21:00:00,25.870365,0,0
2015-05-20 22:00:00,25.750256,0,0
2015-05-20 23:00:00,25.631927,0,0
2015-05-21 00:00:00,25.49416,0,0
2015-05-21 01:00:00,25.414795,0,0
2015-05-21 02:00:00,25.510818,0,0
2015-05-21 03:00:00,25.41041,0,0
2015-05-21 04:00:00,25.332567,0,0
2015-05-21 05:00:00,25.316433,0,0
2015-05-21 06:00:00,25.30235,0,0
2015-05-21 07:00:00,25.491901,0,0
2015-05-21 08:00:00,26.254562,0,0
2015-05-21 09:00:00,27.178308,0,0
2015-05-21 10:00:00,27.829456,0,0
2015-05-21 11:00:00,28.177555,0,0
2015-05-21 12:00:00,28.184025,0,0
2015-05-21 13:00:00,27.799713,0,0
2015-05-21 14:00:00,26.15934,0,0
2015-05-21 15:00:00,25.520573,0,0
2015-05-21 16:00:00,25.910881,0,0
2015-05-21 17:00:00,26.154232,0,0
2015-05-21 18:00:00,26.146091,0,0
2015-05-21 19:00:00,26.09293,0,0
2015-05-21 20:00:00,26.058064,0,0
2015-05-21 21:00:00,25.931337,0,0
2015-05-21 22:00:00,25.8484,0,0
2015-05-21 23:00:00,25.679813,0,0
2015-05-22 00:00:00,25.518366,0,0
2015-05-22 01:00:00,25.430075,0,0
2015-05-22 02:00:00,25.410372,0,0
2015-05-22 03:00:00,25.421936,0,0
2015-05-22 04:00:00,25.297993,0,0
2015-05-22 05:00:00,25.167173,0,0
2015-05-22 06:00:00,25.09085,0,0
2015-05-22 07:00:00,25.264534,0,0
2015-05-22 08:00:00,26.14457,0,0
2015-05-22 09:00:00,27.328766,0,0
2015-05-22 10:00:00,28.49616,0,0
2015-05-22 11:00:00,29.244967,0,0
2015-05-22 12:00:00,29.910984,0,0
2015-05-22 13:00:00,30.315554,0,0
2015-05-22 14:00:00,30.214554,0,0
2015-05-22 15:00:00,30.344297,0,0
2015-05-22 16:00:00,30.001173,0,0
2015-05-22 17:00:00,29.608284,0,0
2015-05-22 18:00:00,29.05676,0,0
2015-05-22 19:00:00,28.400553,0,0
2015-05-22 20:00:00,27.829735,0,0
2015-05-22 21:00:00,27.300747,0,0
2015-05-22 22:00:00,27.022905,0,0
2015-05-22 23:00:00,26.843018,0,0
2015-05-23 00:00:00,26.608295,1,0
2015-05-23 01:00:00,26.551416,1,0
2015-05-23 02:00:00,26.617811,1,0
2015-05-23 03:00:00,26.562458,1,0
2015-05-23 04:00:00,26.462048,1,0
2015-05-23 05:00:00,26.414097,1,0
2015-05-23 06:00:00,26.341345,1,0
2015-05-23 07:00:00,26.502531,1,0
2015-05-23 08:00:00,27.132042,1,0
2015-05-23 09:00:00,28.085682,1,0
2015-05-23 10:00:00,28.884636,1,0
2015-05-23 11:00:00,29.79872,1,0
2015-05-23 12:00:00,29.8773,1,0
2015-05-23 13:00:00,28.172232,1,0
2015-05-23 14:00:00,29.818615,1,0
2015-05-23 15:00:00,29.24099,1,0
2015-05-23 16:00:00,28.548605,1,0
2015-05-23 17:00:00,27.121872,1,0
2015-05-23 18:00:00,26.732319,1,0
2015-05-23 19:00:00,26.557491,1,0
2015-05-23 20:00:00,26.442,1,0
2015-05-23 21:00:00,26.427242,1,0
2015-05-23 22:00:00,26.345684,1,0
2015-05-23 23:00:00,26.38424,1,0
2015-05-24 00:00:00,26.307508,1,0
2015-05-24 01:00:00,26.223934,1,0
2015-05-24 02:00:00,25.454794,1,0
2015-05-24 03:00:00,25.327883,1,0
2015-05-24 04:00:00,24.913418,1,0
2015-05-24 05:00:00,24.744976,1,0
2015-05-24 06:00:00,24.948402,1,0
2015-05-24 07:00:00,25.22472,1,0
2015-05-24 08:00:00,26.097092,1,0
2015-05-24 09:00:00,26.98969,1,0
2015-05-24 10:00:00,28.05073,1,0
2015-05-24 11:00:00,28.934782,1,0
2015-05-24 12:00:00,29.739843,1,0
2015-05-24 13:00:00,30.088058,1,0
2015-05-24 14:00:00,29.361002,1,0
2015-05-24 15:00:00,28.999031,1,0
2015-05-24 16:00:00,28.024527,1,0
2015-05-24 17:00:00,27.180767,1,0
2015-05-24 18:00:00,26.587122,1,0
2015-05-24 19:00:00,25.869465,1,0
2015-05-24 20:00:00,25.573559,1,0
2015-05-24 21:00:00,25.504856,1,0
2015-05-24 22:00:00,25.292738,1,0
2015-05-24 23:00:00,25.211586,1,0
2015-05-25 00:00:00,25.219656,0,0
2015-05-25 01:00:00,24.9617,0,0
2015-05-25 02:00:00,25.18152,0,0
2015-05-25 03:00:00,25.25818,0,0
2015-05-25 04:00:00,25.296654,0,0
2015-05-25 05:00:00,25.390707,0,0
2015-05-25 06:00:00,25.292898,0,0
2015-05-25 07:00:00,25.331596,0,0
2015-05-25 08:00:00,25.47475,0,0
2015-05-25 09:00:00,25.961847,0,0
2015-05-25 10:00:00,26.380058,0,0
2015-05-25 11:00:00,26.954739,0,0
2015-05-25 12:00:00,27.60983,0,0
2015-05-25 13:00:00,28.404331,0,0
2015-05-25 14:00:00,28.35401,0,0
2015-05-25 15:00:00,27.57248,0,0
2015-05-25 16:00:00,27.628426,0,0
2015-05-25 17:00:00,26.248907,0,0
2015-05-25 18:00:00,26.097383,0,0
2015-05-25 19:00:00,25.892817,0,0
2015-05-25 20:00:00,25.709469,0,0
2015-05-25 21:00:00,25.438429,0,0
2015-05-25 22:00:00,25.404902,0,0
2015-05-25 23:00:00,25.420364,0,0
2015-05-26 00:00:00,24.827766,0,0
2015-05-26 01:00:00,24.764273,0,0
2015-05-26 02:00:00,24.966135,0,0
2015-05-26 03:00:00,24.796286,0,0
2015-05-26 04:00:00,24.467175,0,0
2015-05-26 05:00:00,24.5497,0,0
2015-05-26 06:00:00,24.611671,0,0
2015-05-26 07:00:00,24.974312,0,0
2015-05-26 08:00:00,25.493145,0,0
2015-05-26 09:00:00,26.136381,0,0
2015-05-26 10:00:00,26.973034,0,0
2015-05-26 11:00:00,27.984596,0,0
2015-05-26 12:00:00,28.678982,0,0
2015-05-26 13:00:00,29.488499,0,0
2015-05-26 14:00:00,29.262262,0,0
2015-05-26 15:00:00,28.048292,0,0
2015-05-26 16:00:00,27.850716,0,0
2015-05-26 17:00:00,27.74317,0,0
2015-05-26 18:00:00,26.982277,0,0
2015-05-26 19:00:00,26.564243,0,0
2015-05-26 20:00:00,26.281303,0,0
2015-05-26 21:00:00,26.029259,0,0
2015-05-26 22:00:00,25.910557,0,0
2015-05-26 23:00:00,25.797323,0,0
2015-05-27 00:00:00,25.622526,0,0
2015-05-27 01:00:00,25.61755,0,0
2015-05-27 02:00:00,25.32238,0,0
2015-05-27 03:00:00,25.15394,0,0
2015-05-27 04:00:00,25.155842,0,0
2015-05-27 05:00:00,25.199224,0,0
2015-05-27 06:00:00,25.301155,0,0
2015-05-27 07:00:00,25.564648,0,0
2015-05-27 08:00:00,26.349371,0,0
2015-05-27 09:00:00,27.078737,0,0
2015-05-27 10:00:00,27.820927,0,0
2015-05-27 11:00:00,28.470518,0,0
2015-05-27 12:00:00,28.868471,0,0
2015-05-27 13:00:00,28.850555,0,0
2015-05-27 14:00:00,28.369793,0,0
2015-05-27 15:00:00,27.846783,0,0
2015-05-27 16:00:00,27.875933,0,0
2015-05-27 17:00:00,27.752893,0,0
2015-05-27 18:00:00,27.207102,0,0
2015-05-27 19:00:00,26.669218,0,0
2015-05-27 20:00:00,26.349634,0,0
2015-05-27 21:00:00,26.021643,0,0
2015-05-27 22:00:00,25.824951,0,0
2015-05-27 23:00:00,25.615026,0,0
2015-05-28 00:00:00,25.459934,0,0
2015-05-28 01:00:00,25.304579,0,0
2015-05-28 02:00:00,25.326067,0,0
2015-05-28 03:00:00,25.184206,0,0
2015-05-28 04:00:00,25.052532,0,0
2015-05-28 05:00:00,24.99439,0,0
2015-05-28 06:00:00,24.939184,0,0
2015-05-28 07:00:00,25.0987,0,0
2015-05-28 08:00:00,25.500107,0,0
2015-05-28 09:00:00,26.035975,0,0
2015-05-28 10:00:00,26.720839,0,0
2015-05-28 11:00:00,27.197191,0,0
2015-05-28 12:00:00,27.4267,0,0
2015-05-28 13:00:00,27.79845,0,0
2015-05-28 14:00:00,26.805738,0,0
2015-05-28 15:00:00,26.357407,0,0
2015-05-28 16:00:00,25.242496,0,0
2015-05-28 17:00:00,25.323881,0,0
2015-05-28 18:00:00,25.025518,0,0
2015-05-28 19:00:00,24.889128,0,0
2015-05-28 20:00:00,24.768017,0,0
2015-05-28 21:00:00,24.66535,0,0
2015-05-28 22:00:00,24.549332,0,0
2015-05-28 23:00:00,24.47796,0,0
2015-05-29 00:00:00,24.43417,0,0
2015-05-29 01:00:00,24.335806,0,0
2015-05-29 02:00:00,24.493538,0,0
2015-05-29 03:00:00,24.433617,0,0
2015-05-29 04:00:00,24.376883,0,0
2015-05-29 05:00:00,24.308964,0,0
2015-05-29 06:00:00,24.170597,0,0
2015-05-29 07:00:00,24.443869,0,0
2015-05-29 08:00:00,25.13933,0,0
2015-05-29 09:00:00,25.93029,0,0
2015-05-29 10:00:00,26.976458,0,0
2015-05-29 11:00:00,27.922625,0,0
2015-05-29 12:00:00,28.726526,0,0
2015-05-29 13:00:00,28.42998,0,0
2015-05-29 14:00:00,28.128601,0,0
2015-05-29 15:00:00,27.086441,0,0
2015-05-29 16:00:00,26.282166,0,0
2015-05-29 17:00:00,26.0209,0,0
2015-05-29 18:00:00,25.725588,0,0
2015-05-29 19:00:00,25.392769,0,0
2015-05-29 20:00:00,25.229078,0,0
2015-05-29 21:00:00,25.091051,0,0
2015-05-29 22:00:00,24.922985,0,0
2015-05-29 23:00:00,24.6637,0,0
2015-05-30 00:00:00,24.539282,1,0
2015-05-30 01:00:00,24.466389,1,0
2015-05-30 02:00:00,24.554937,1,0
2015-05-30 03:00:00,24.648663,1,0
2015-05-30 04:00:00,24.654016,1,0
2015-05-30 05:00:00,24.609112,1,0
2015-05-30 06:00:00,24.685692,1,0
2015-05-30 07:00:00,24.958702,1,0
2015-05-30 08:00:00,25.67408,1,0
2015-05-30 09:00:00,26.437788,1,0
2015-05-30 10:00:00,27.086481,1,0
2015-05-30 11:00:00,28.007706,1,0
2015-05-30 12:00:00,28.890234,1,0
2015-05-30 13:00:00,28.823908,1,0
2015-05-30 14:00:00,28.04205,1,0
2015-05-30 15:00:00,28.104137,1,0
2015-05-30 16:00:00,27.951584,1,0
2015-05-30 17:00:00,27.88899,1,0
2015-05-30 18:00:00,27.432896,1,0
2015-05-30 19:00:00,26.941706,1,0
2015-05-30 20:00:00,26.434237,1,0
2015-05-30 21:00:00,26.079668,1,0
2015-05-30 22:00:00,25.908295,1,0
2015-05-30 23:00:00,25.59837,1,0
2015-05-31 00:00:00,25.370857,1,0
2015-05-31 01:00:00,25.04375,1,0
2015-05-31 02:00:00,25.291378,1,0
2015-05-31 03:00:00,25.109962,1,0
2015-05-31 04:00:00,24.9929,1,0
2015-05-31 05:00:00,24.833305,1,0
2015-05-31 06:00:00,24.823458,1,0
2015-05-31 07:00:00,25.078552,1,0
2015-05-31 08:00:00,26.236023,1,0
2015-05-31 09:00:00,27.361294,1,0
2015-05-31 10:00:00,28.40694,1,0
2015-05-31 11:00:00,29.084782,1,0
2015-05-31 12:00:00,29.589615,1,0
2015-05-31 13:00:00,29.016748,1,0
2015-05-31 14:00:00,28.192097,1,0
2015-05-31 15:00:00,28.463963,1,0
2015-05-31 16:00:00,28.434044,1,0
2015-05-31 17:00:00,28.311003,1,0
2015-05-31 18:00:00,27.758478,1,0
2015-05-31 19:00:00,27.26041,1,0
2015-05-31 20:00:00,26.699253,1,0
2015-05-31 21:00:00,26.459442,1,0
2015-05-31 22:00:00,26.206396,1,0
2015-05-31 23:00:00,25.891378,1,0
2015-06-01 00:00:00,25.68959,0,0
2015-06-01 01:00:00,25.48833,0,0
2015-06-01 02:00:00,25.670006,0,0
2015-06-01 03:00:00,25.563011,0,0
2015-06-01 04:00:00,25.378145,0,0
2015-06-01 05:00:00,25.378668,0,0
2015-06-01 06:00:00,25.338593,0,0
2015-06-01 07:00:00,25.462011,0,0
2015-06-01 08:00:00,26.452187,0,0
2015-06-01 09:00:00,27.319841,0,0
2015-06-01 10:00:00,28.012177,0,0
2015-06-01 11:00:00,28.790283,0,0
2015-06-01 12:00:00,29.321693,0,0
2015-06-01 13:00:00,29.814407,0,0
2015-06-01 14:00:00,29.009491,0,0
2015-06-01 15:00:00,29.048306,0,0
2015-06-01 16:00:00,28.963293,0,0
2015-06-01 17:00:00,28.312292,0,0
2015-06-01 18:00:00,27.932781,0,0
2015-06-01 19:00:00,27.549845,0,0
2015-06-01 20:00:00,27.180405,0,0
2015-06-01 21:00:00,26.834496,0,0
2015-06-01 22:00:00,26.548256,0,0
2015-06-01 23:00:00,26.434526,0,0
2015-06-02 00:00:00,26.249548,0,0
2015-06-02 01:00:00,26.046877,0,0
2015-06-02 02:00:00,26.249632,0,0
2015-06-02 03:00:00,26.07569,0,0
2015-06-02 04:00:00,25.839708,0,0
2015-06-02 05:00:00,25.654202,0,0
2015-06-02 06:00:00,25.240036,0,0
2015-06-02 07:00:00,25.49747,0,0
2015-06-02 08:00:00,25.972181,0,0
2015-06-02 09:00:00,26.849907,0,0
2015-06-02 10:00:00,27.82775,0,0
2015-06-02 11:00:00,28.720987,0,0
2015-06-02 12:00:00,29.261179,0,0
2015-06-02 13:00:00,29.207102,0,0
2015-06-02 14:00:00,28.933945,0,0
2015-06-02 15:00:00,27.78379,0,0
2015-06-02 16:00:00,27.669918,0,0
2015-06-02 17:00:00,27.600924,0,0
2015-06-02 18:00:00,27.19873,0,0
2015-06-02 19:00:00,26.857393,0,0
2015-06-02 20:00:00,26.449778,0,0
2015-06-02 21:00:00,26.256659,0,0
2015-06-02 22:00:00,26.153347,0,0
2015-06-02 23:00:00,25.70528,0,0
2015-06-03 00:00:00,25.551971,0,0
2015-06-03 01:00:00,25.553755,0,0
2015-06-03 02:00:00,25.407326,0,0
2015-06-03 03:00:00,25.728405,0,0
2015-06-03 04:00:00,25.188885,0,0
2015-06-03 05:00:00,25.309702,0,0
2015-06-03 06:00:00,25.438066,0,0
2015-06-03 07:00:00,25.669743,0,0
2015-06-03 08:00:00,26.489069,0,0
2015-06-03 09:00:00,26.987612,0,0
2015-06-03 10:00:00,27.143038,0,0
2015-06-03 11:00:00,26.62418,0,0
2015-06-03 12:00:00,26.515957,0,0
2015-06-03 13:00:00,26.893173,0,0
2015-06-03 14:00:00,26.433706,0,0
2015-06-03 15:00:00,26.62059,0,0
2015-06-03 16:00:00,26.62413,0,0
2015-06-03 17:00:00,26.670937,0,0
2015-06-03 18:00:00,26.625505,0,0
2015-06-03 19:00:00,26.408443,0,0
2015-06-03 20:00:00,26.137625,0,0
2015-06-03 21:00:00,26.025913,0,0
2015-06-03 22:00:00,25.71108,0,0
2015-06-03 23:00:00,25.666697,0,0
2015-06-04 00:00:00,25.658556,0,0
2015-06-04 01:00:00,25.496586,0,0
2015-06-04 02:00:00,25.640491,0,0
2015-06-04 03:00:00,25.51365,0,0
2015-06-04 04:00:00,25.148962,0,0
2015-06-04 05:00:00,24.827475,0,0
2015-06-04 06:00:00,24.421787,0,0
2015-06-04 07:00:00,24.857918,0,0
2015-06-04 08:00:00,25.759325,0,0
2015-06-04 09:00:00,26.864157,0,0
2015-06-04 10:00:00,27.758537,0,0
2015-06-04 11:00:00,28.511469,0,0
2015-06-04 12:00:00,29.195784,0,0
2015-06-04 13:00:00,29.65887,0,0
2015-06-04 14:00:00,27.392931,0,0
2015-06-04 15:00:00,26.547615,0,0
2015-06-04 16:00:00,25.883007,0,0
2015-06-04 17:00:00,25.969774,0,0
2015-06-04 18:00:00,26.033268,0,0
2015-06-04 19:00:00,25.965204,0,0
2015-06-04 20:00:00,25.890263,0,0
2015-06-04 21:00:00,25.835169,0,0
2015-06-04 22:00:00,25.815468,0,0
2015-06-04 23:00:00,25.69067,0,0
2015-06-05 00:00:00,25.55785,0,0
2015-06-05 01:00:00,25.522984,0,0
2015-06-05 02:00:00,25.416367,0,0
2015-06-05 03:00:00,25.352465,0,0
2015-06-05 04:00:00,24.888855,0,0
2015-06-05 05:00:00,24.3429,0,0
2015-06-05 06:00:00,24.352562,0,0
2015-06-05 07:00:00,24.715872,0,0
2015-06-05 08:00:00,25.360256,0,0
2015-06-05 09:00:00,26.31799,0,0
2015-06-05 10:00:00,27.656347,0,0
2015-06-05 11:00:00,28.565746,0,0
2015-06-05 12:00:00,28.974888,0,0
2015-06-05 13:00:00,29.396637,0,0
2015-06-05 14:00:00,28.771973,0,0
2015-06-05 15:00:00,28.787252,0,0
2015-06-05 16:00:00,28.259296,0,0
2015-06-05 17:00:00,27.86108,0,0
2015-06-05 18:00:00,27.3513,0,0
2015-06-05 19:00:00,27.08119,0,0
2015-06-05 20:00:00,26.586954,0,0
2015-06-05 21:00:00,26.05621,0,0
2015-06-05 22:00:00,25.700117,0,0
2015-06-05 23:00:00,25.649185,0,0
2015-06-06 00:00:00,25.688593,1,0
2015-06-06 01:00:00,25.653463,1,0
2015-06-06 02:00:00,25.612797,1,0
2015-06-06 03:00:00,25.045023,1,0
2015-06-06 04:00:00,24.687214,1,0
2015-06-06 05:00:00,25.177406,1,0
2015-06-06 06:00:00,24.939968,1,0
2015-06-06 07:00:00,25.39354,1,0
2015-06-06 08:00:00,25.745237,1,0
2015-06-06 09:00:00,26.469511,1,0
2015-06-06 10:00:00,26.917727,1,0
2015-06-06 11:00:00,26.770735,1,0
2015-06-06 12:00:00,27.603786,1,0
2015-06-06 13:00:00,27.697546,1,0
2015-06-06 14:00:00,27.549362,1,0
2015-06-06 15:00:00,27.841076,1,0
2015-06-06 16:00:00,26.796646,1,0
2015-06-06 17:00:00,26.093407,1,0
2015-06-06 18:00:00,25.723701,1,0
2015-06-06 19:00:00,25.553854,1,0
2015-06-06 20:00:00,25.378912,1,0
2015-06-06 21:00:00,25.305756,1,0
2015-06-06 22:00:00,25.147501,1,0
2015-06-06 23:00:00,24.984152,1,0
2015-06-07 00:00:00,24.704638,1,0
2015-06-07 01:00:00,24.374866,1,0
2015-06-07 02:00:00,24.681715,1,0
2015-06-07 03:00:00,24.318888,1,0
2015-06-07 04:00:00,24.712978,1,0
2015-06-07 05:00:00,24.318481,1,0
2015-06-07 06:00:00,24.058031,1,0
2015-06-07 07:00:00,24.515764,1,0
2015-06-07 08:00:00,24.963747,1,0
2015-06-07 09:00:00,25.370628,1,0
2015-06-07 10:00:00,26.077866,1,0
2015-06-07 11:00:00,26.228012,1,0
2015-06-07 12:00:00,27.09429,1,0
2015-06-07 13:00:00,27.474556,1,0
2015-06-07 14:00:00,28.190573,1,0
2015-06-07 15:00:00,26.896154,1,0
2015-06-07 16:00:00,25.671648,1,0
2015-06-07 17:00:00,25.412956,1,0
2015-06-07 18:00:00,25.749401,1,0
2015-06-07 19:00:00,25.477358,1,0
2015-06-07 20:00:00,25.39182,1,0
2015-06-07 21:00:00,24.78933,1,0
2015-06-07 22:00:00,24.729404,1,0
2015-06-07 23:00:00,24.687805,1,0
2015-06-08 00:00:00,24.641113,0,0
2015-06-08 01:00:00,24.542637,0,0
2015-06-08 02:00:00,24.66498,0,0
2015-06-08 03:00:00,24.18219,0,0
2015-06-08 04:00:00,24.167435,0,0
2015-06-08 05:00:00,24.07074,0,0
2015-06-08 06:00:00,23.89264,0,0
2015-06-08 07:00:00,24.685547,0,0
2015-06-08 08:00:00,25.403461,0,0
2015-06-08 09:00:00,26.39606,0,0
2015-06-08 10:00:00,27.167694,0,0
2015-06-08 11:00:00,27.85613,0,0
2015-06-08 12:00:00,28.274576,0,0
2015-06-08 13:00:00,27.072851,0,0
2015-06-08 14:00:00,26.68482,0,0
2015-06-08 15:00:00,26.222065,0,0
2015-06-08 16:00:00,25.621096,0,0
2015-06-08 17:00:00,25.39013,0,0
2015-06-08 18:00:00,25.436935,0,0
2015-06-08 19:00:00,25.303593,0,0
2015-06-08 20:00:00,25.228651,0,0
2015-06-08 21:00:00,25.23679,0,0
2015-06-08 22:00:00,25.185265,0,0
2015-06-08 23:00:00,25.165533,0,0
2015-06-09 00:00:00,25.060818,0,0
2015-06-09 01:00:00,24.959293,0,0
2015-06-09 02:00:00,24.30885,0,0
2015-06-09 03:00:00,24.20885,0,0
2015-06-09 04:00:00,24.450039,0,0
2015-06-09 05:00:00,24.64149,0,0
2015-06-09 06:00:00,24.463388,0,0
2015-06-09 07:00:00,24.674835,0,0
2015-06-09 08:00:00,26.783606,0,0
2015-06-09 09:00:00,26.117466,0,0
2015-06-09 10:00:00,26.857426,0,0
2015-06-09 11:00:00,26.7982,0,0
2015-06-09 12:00:00,26.756748,0,0
2015-06-09 13:00:00,26.741615,0,0
2015-06-09 14:00:00,26.290127,0,0
2015-06-09 15:00:00,26.077341,0,0
2015-06-09 16:00:00,25.958868,0,0
2015-06-09 17:00:00,25.835974,0,0
2015-06-09 18:00:00,25.805346,0,0
2015-06-09 19:00:00,25.648993,0,0
2015-06-09 20:00:00,25.341038,0,0
2015-06-09 21:00:00,25.238106,0,0
2015-06-09 22:00:00,25.091677,0,0
2015-06-09 23:00:00,25.33439,0,0
2015-06-10 00:00:00,25.071304,0,0
2015-06-10 01:00:00,24.640823,0,0
2015-06-10 02:00:00,24.47045,0,0
2015-06-10 03:00:00,24.37733,0,0
2015-06-10 04:00:00,24.315617,0,0
2015-06-10 05:00:00,24.000746,0,0
2015-06-10 06:00:00,23.741232,0,0
2015-06-10 07:00:00,24.454727,0,0
2015-06-10 08:00:00,25.207802,0,0
2015-06-10 09:00:00,26.199284,0,0
2015-06-10 10:00:00,27.030582,0,0
2015-06-10 11:00:00,28.194784,0,0
2015-06-10 12:00:00,28.11334,0,0
2015-06-10 13:00:00,28.072002,0,0
2015-06-10 14:00:00,27.115534,0,0
2015-06-10 15:00:00,27.046682,0,0
2015-06-10 16:00:00,26.764603,0,0
2015-06-10 17:00:00,26.296946,0,0
2015-06-10 18:00:00,26.356344,0,0
2015-06-10 19:00:00,25.615942,0,0
2015-06-10 20:00:00,25.332073,0,0
2015-06-10 21:00:00,25.089067,0,0
2015-06-10 22:00:00,24.75104,0,0
2015-06-10 23:00:00,24.675837,0,0
2015-06-11 00:00:00,24.458178,0,0
2015-06-11 01:00:00,24.329668,0,0
2015-06-11 02:00:00,24.947962,0,0
2015-06-11 03:00:00,24.320004,0,0
2015-06-11 04:00:00,23.744017,0,0
2015-06-11 05:00:00,23.770596,0,0
2015-06-11 06:00:00,23.894615,0,0
2015-06-11 07:00:00,24.923428,0,0
2015-06-11 08:00:00,25.68769,0,0
2015-06-11 09:00:00,26.623672,0,0
2015-06-11 10:00:00,27.483335,0,0
2015-06-11 11:00:00,28.241474,0,0
2015-06-11 12:00:00,28.716534,0,0
2015-06-11 13:00:00,29.034683,0,0
2015-06-11 14:00:00,27.933714,0,0
2015-06-11 15:00:00,28.11524,0,0
2015-06-11 16:00:00,27.849293,0,0
2015-06-11 17:00:00,27.008509,0,0
2015-06-11 18:00:00,26.54747,0,0
2015-06-11 19:00:00,26.164679,0,0
2015-06-11 20:00:00,25.901972,0,0
2015-06-11 21:00:00,25.730337,0,0
2015-06-11 22:00:00,25.496353,0,0
2015-06-11 23:00:00,25.3013,0,0
2015-06-12 00:00:00,25.25692,0,0
2015-06-12 01:00:00,25.127028,0,0
2015-06-12 02:00:00,25.112747,0,0
2015-06-12 03:00:00,24.917763,0,0
2015-06-12 04:00:00,24.789661,0,0
2015-06-12 05:00:00,24.661226,0,0
2015-06-12 06:00:00,24.56342,0,0
2015-06-12 07:00:00,24.7984,0,0
2015-06-12 08:00:00,25.54776,0,0
2015-06-12 09:00:00,26.500547,0,0
2015-06-12 10:00:00,28.026049,0,0
2015-06-12 11:00:00,28.620956,0,0
2015-06-12 12:00:00,29.506792,0,0
2015-06-12 13:00:00,29.443935,0,0
2015-06-12 14:00:00,28.305937,0,0
2015-06-12 15:00:00,26.96255,0,0
2015-06-12 16:00:00,27.24229,0,0
2015-06-12 17:00:00,27.354609,0,0
2015-06-12 18:00:00,27.062603,0,0
2015-06-12 19:00:00,26.701038,0,0
2015-06-12 20:00:00,26.296469,0,0
2015-06-12 21:00:00,25.973051,0,0
2015-06-12 22:00:00,25.716173,0,0
2015-06-12 23:00:00,25.476097,0,0
2015-06-13 00:00:00,25.484838,1,0
2015-06-13 01:00:00,25.20978,1,0
2015-06-13 02:00:00,25.52472,1,0
2015-06-13 03:00:00,25.49681,1,0
2015-06-13 04:00:00,25.314991,1,0
2015-06-13 05:00:00,25.270859,1,0
2015-06-13 06:00:00,25.207102,1,0
2015-06-13 07:00:00,25.51848,1,0
2015-06-13 08:00:00,26.46301,1,0
2015-06-13 09:00:00,27.62736,1,0
2015-06-13 10:00:00,28.550108,1,0
2015-06-13 11:00:00,29.32081,1,0
2015-06-13 12:00:00,29.682522,1,0
2015-06-13 13:00:00,29.822334,1,0
2015-06-13 14:00:00,28.752254,1,0
2015-06-13 15:00:00,27.668018,1,0
2015-06-13 16:00:00,27.653639,1,0
2015-06-13 17:00:00,27.526913,1,0
2015-06-13 18:00:00,26.843018,1,0
2015-06-13 19:00:00,26.08435,1,0
2015-06-13 20:00:00,25.635021,1,0
2015-06-13 21:00:00,25.520412,1,0
2015-06-13 22:00:00,25.346207,1,0
2015-06-13 23:00:00,25.259441,1,0
2015-06-14 00:00:00,25.075312,1,0
2015-06-14 01:00:00,24.92472,1,0
2015-06-14 02:00:00,25.154385,1,0
2015-06-14 03:00:00,25.189447,1,0
2015-06-14 04:00:00,25.495993,1,0
2015-06-14 05:00:00,24.722973,1,0
2015-06-14 06:00:00,23.987286,1,0
2015-06-14 07:00:00,24.86424,1,0
2015-06-14 08:00:00,25.697615,1,0
2015-06-14 09:00:00,26.553448,1,0
2015-06-14 10:00:00,27.015633,1,0
2015-06-14 11:00:00,28.021431,1,0
2015-06-14 12:00:00,28.69749,1,0
2015-06-14 13:00:00,29.065552,1,0
2015-06-14 14:00:00,27.491043,1,0
2015-06-14 15:00:00,27.566364,1,0
2015-06-14 16:00:00,28.161062,1,0
2015-06-14 17:00:00,28.10137,1,0
2015-06-14 18:00:00,27.76167,1,0
2015-06-14 19:00:00,27.18383,1,0
2015-06-14 20:00:00,26.68602,1,0
2015-06-14 21:00:00,26.421413,1,0
2015-06-14 22:00:00,26.11825,1,0
2015-06-14 23:00:00,25.878437,1,0
2015-06-15 00:00:00,25.697403,0,0
2015-06-15 01:00:00,25.580862,0,0
2015-06-15 02:00:00,25.570675,0,0
2015-06-15 03:00:00,25.427292,0,0
2015-06-15 04:00:00,25.405657,0,0
2015-06-15 05:00:00,25.571789,0,0
2015-06-15 06:00:00,25.474691,0,0
2015-06-15 07:00:00,25.539562,0,0
2015-06-15 08:00:00,26.237167,0,0
2015-06-15 09:00:00,27.186382,0,0
2015-06-15 10:00:00,28.163963,0,0
2015-06-15 11:00:00,29.091541,0,0
2015-06-15 12:00:00,29.75589,0,0
2015-06-15 13:00:00,30.243774,0,0
2015-06-15 14:00:00,29.170246,0,0
2015-06-15 15:00:00,29.03445,0,0
2015-06-15 16:00:00,29.053009,0,0
2015-06-15 17:00:00,28.661787,0,0
2015-06-15 18:00:00,28.318666,0,0
2015-06-15 19:00:00,27.908886,0,0
2015-06-15 20:00:00,27.439445,0,0
2015-06-15 21:00:00,27.22967,0,0
2015-06-15 22:00:00,27.103348,0,0
2015-06-15 23:00:00,26.965319,0,0
2015-06-16 00:00:00,26.822197,0,0
2015-06-16 01:00:00,26.698778,0,0
2015-06-16 02:00:00,26.818598,0,0
2015-06-16 03:00:00,26.738298,0,0
2015-06-16 04:00:00,26.57202,0,0
2015-06-16 05:00:00,26.503695,0,0
2015-06-16 06:00:00,26.465405,0,0
2015-06-16 07:00:00,26.723543,0,0
2015-06-16 08:00:00,27.502417,0,0
2015-06-16 09:00:00,28.36334,0,0
2015-06-16 10:00:00,29.480734,0,0
2015-06-16 11:00:00,30.166718,0,0
2015-06-16 12:00:00,30.629686,0,0
2015-06-16 13:00:00,30.716192,0,0
2015-06-16 14:00:00,30.848099,0,0
2015-06-16 15:00:00,30.576202,0,0
2015-06-16 16:00:00,29.340921,0,0
2015-06-16 17:00:00,28.886091,0,0
2015-06-16 18:00:00,28.398062,0,0
2015-06-16 19:00:00,27.950108,0,0
2015-06-16 20:00:00,27.573906,0,0
2015-06-16 21:00:00,27.397701,0,0
2015-06-16 22:00:00,27.262718,0,0
2015-06-16 23:00:00,27.089823,0,0
2015-06-17 00:00:00,26.895063,0,0
2015-06-17 01:00:00,26.859558,0,0
2015-06-17 02:00:00,26.920597,0,0
2015-06-17 03:00:00,26.797846,0,0
2015-06-17 04:00:00,26.615026,0,0
2015-06-17 05:00:00,26.591606,0,0
2015-06-17 06:00:00,26.46172,0,0
2015-06-17 07:00:00,26.646584,0,0
2015-06-17 08:00:00,27.249254,0,0
2015-06-17 09:00:00,28.280144,0,0
2015-06-17 10:00:00,29.0146,0,0
2015-06-17 11:00:00,29.832897,0,0
2015-06-17 12:00:00,30.187843,0,0
2015-06-17 13:00:00,30.493557,0,0
2015-06-17 14:00:00,28.013863,0,0
2015-06-17 15:00:00,27.46144,0,0
2015-06-17 16:00:00,26.990099,0,0
2015-06-17 17:00:00,26.838577,0,0
2015-06-17 18:00:00,26.775341,0,0
2015-06-17 19:00:00,26.620773,0,0
2015-06-17 20:00:00,26.483269,0,0
2015-06-17 21:00:00,26.4633,0,0
2015-06-17 22:00:00,26.44676,0,0
2015-06-17 23:00:00,26.448141,0,0
2015-06-18 00:00:00,26.333858,0,0
2015-06-18 01:00:00,26.14847,0,0
2015-06-18 02:00:00,26.236809,0,0
2015-06-18 03:00:00,26.257772,0,0
2015-06-18 04:00:00,26.143608,0,0
2015-06-18 05:00:00,25.982569,0,0
2015-06-18 06:00:00,25.90677,0,0
2015-06-18 07:00:00,26.165174,0,0
2015-06-18 08:00:00,26.694569,0,0
2015-06-18 09:00:00,27.572035,0,0
2015-06-18 10:00:00,28.4079,0,0
2015-06-18 11:00:00,29.13191,0,0
2015-06-18 12:00:00,29.976147,0,0
2015-06-18 13:00:00,30.245852,0,0
2015-06-18 14:00:00,29.9082,0,0
2015-06-18 15:00:00,29.323101,0,0
2015-06-18 16:00:00,28.09165,0,0
2015-06-18 17:00:00,27.837196,0,0
2015-06-18 18:00:00,27.65754,0,0
2015-06-18 19:00:00,27.250923,0,0
2015-06-18 20:00:00,26.921295,0,0
2015-06-18 21:00:00,26.784527,0,0
2015-06-18 22:00:00,26.67639,0,0
2015-06-18 23:00:00,26.683268,0,0
2015-06-19 00:00:00,26.743044,0,0
2015-06-19 01:00:00,26.73643,0,0
2015-06-19 02:00:00,27.02762,0,0
2015-06-19 03:00:00,26.894424,0,0
2015-06-19 04:00:00,26.777882,0,0
2015-06-19 05:00:00,26.623426,0,0
2015-06-19 06:00:00,26.533615,0,0
2015-06-19 07:00:00,26.77662,0,0
2015-06-19 08:00:00,27.561079,0,0
2015-06-19 09:00:00,28.50265,0,0
2015-06-19 10:00:00,29.50134,0,0
2015-06-19 11:00:00,29.987467,0,0
2015-06-19 12:00:00,30.531588,0,0
2015-06-19 13:00:00,30.435896,0,0
2015-06-19 14:00:00,27.68547,0,0
2015-06-19 15:00:00,28.110239,0,0
2015-06-19 16:00:00,28.395191,0,0
2015-06-19 17:00:00,28.470219,0,0
2015-06-19 18:00:00,28.288399,0,0
2015-06-19 19:00:00,27.790182,0,0
2015-06-19 20:00:00,27.34554,0,0
2015-06-19 21:00:00,27.212341,0,0
2015-06-19 22:00:00,26.98933,0,0
2015-06-19 23:00:00,26.799778,0,0
2015-06-20 00:00:00,26.497469,1,0
2015-06-20 01:00:00,26.566172,1,0
2015-06-20 02:00:00,26.230192,1,0
2015-06-20 03:00:00,25.842308,1,0
2015-06-20 04:00:00,25.77513,1,0
2015-06-20 05:00:00,25.462042,1,0
2015-06-20 06:00:00,25.626913,1,0
2015-06-20 07:00:00,26.010227,1,0
2015-06-20 08:00:00,26.7484,1,0
2015-06-20 09:00:00,27.741116,1,0
2015-06-20 10:00:00,28.810148,1,0
2015-06-20 11:00:00,29.745983,1,0
2015-06-20 12:00:00,30.045052,1,0
2015-06-20 13:00:00,28.84549,1,0
2015-06-20 14:00:00,29.54459,1,0
2015-06-20 15:00:00,29.532618,1,0
2015-06-20 16:00:00,27.865448,1,0
2015-06-20 17:00:00,27.73158,1,0
2015-06-20 18:00:00,27.558392,1,0
2015-06-20 19:00:00,27.247063,1,0
2015-06-20 20:00:00,26.873905,1,0
2015-06-20 21:00:00,26.494017,1,0
2015-06-20 22:00:00,26.16208,1,0
2015-06-20 23:00:00,25.860886,1,0
2015-06-21 00:00:00,25.750631,1,0
2015-06-21 01:00:00,25.621004,1,0
2015-06-21 02:00:00,25.916172,1,0
2015-06-21 03:00:00,25.572788,1,0
2015-06-21 04:00:00,25.54937,1,0
2015-06-21 05:00:00,25.514389,1,0
2015-06-21 06:00:00,25.523052,1,0
2015-06-21 07:00:00,25.681713,1,0
2015-06-21 08:00:00,26.32613,1,0
2015-06-21 09:00:00,27.038836,1,0
2015-06-21 10:00:00,28.099352,1,0
2015-06-21 11:00:00,29.05073,1,0
2015-06-21 12:00:00,29.620024,1,0
2015-06-21 13:00:00,28.457462,1,0
2015-06-21 14:00:00,28.055891,1,0
2015-06-21 15:00:00,26.510305,1,0
2015-06-21 16:00:00,26.39265,1,0
2015-06-21 17:00:00,26.35143,1,0
2015-06-21 18:00:00,26.300663,1,0
2015-06-21 19:00:00,26.257542,1,0
2015-06-21 20:00:00,26.179436,1,0
2015-06-21 21:00:00,26.13869,1,0
2015-06-21 22:00:00,25.797468,1,0
2015-06-21 23:00:00,25.373722,1,0
2015-06-22 00:00:00,25.329075,0,0
2015-06-22 01:00:00,25.268888,0,0
2015-06-22 02:00:00,25.725397,0,0
2015-06-22 03:00:00,25.72309,0,0
2015-06-22 04:00:00,24.98826,0,0
2015-06-22 05:00:00,24.999483,0,0
2015-06-22 06:00:00,24.926476,0,0
2015-06-22 07:00:00,25.851562,0,0
2015-06-22 08:00:00,26.659178,0,0
2015-06-22 09:00:00,27.586643,0,0
2015-06-22 10:00:00,28.54757,0,0
2015-06-22 11:00:00,29.296782,0,0
2015-06-22 12:00:00,29.889118,0,0
2015-06-22 13:00:00,29.984762,0,0
2015-06-22 14:00:00,29.719746,0,0
2015-06-22 15:00:00,28.295242,0,0
2015-06-22 16:00:00,27.995913,0,0
2015-06-22 17:00:00,27.831419,0,0
2015-06-22 18:00:00,27.642244,0,0
2015-06-22 19:00:00,27.354593,0,0
2015-06-22 20:00:00,27.131956,0,0
2015-06-22 21:00:00,26.910847,0,0
2015-06-22 22:00:00,26.708063,0,0
2015-06-22 23:00:00,26.563156,0,0
2015-06-23 00:00:00,26.491522,0,0
2015-06-23 01:00:00,26.447731,0,0
2015-06-23 02:00:00,26.579523,0,0
2015-06-23 03:00:00,26.544394,0,0
2015-06-23 04:00:00,26.274689,0,0
2015-06-23 05:00:00,26.447964,0,0
2015-06-23 06:00:00,26.293276,0,0
2015-06-23 07:00:00,26.473312,0,0
2015-06-23 08:00:00,27.194046,0,0
2015-06-23 09:00:00,28.389805,0,0
2015-06-23 10:00:00,29.417385,0,0
2015-06-23 11:00:00,30.130095,0,0
2015-06-23 12:00:00,30.622955,0,0
2015-06-23 13:00:00,31.04775,0,0
2015-06-23 14:00:00,29.511421,0,0
2015-06-23 15:00:00,28.983727,0,0
2015-06-23 16:00:00,29.007261,0,0
2015-06-23 17:00:00,28.945667,0,0
2015-06-23 18:00:00,28.64069,0,0
2015-06-23 19:00:00,28.111177,0,0
2015-06-23 20:00:00,27.688543,0,0
2015-06-23 21:00:00,27.395945,0,0
2015-06-23 22:00:00,27.232714,0,0
2015-06-23 23:00:00,27.114649,0,0
2015-06-24 00:00:00,26.924837,0,0
2015-06-24 01:00:00,26.840115,0,0
2015-06-24 02:00:00,27.043016,0,0
2015-06-24 03:00:00,26.961342,0,0
2015-06-24 04:00:00,26.85982,0,0
2015-06-24 05:00:00,26.69673,0,0
2015-06-24 06:00:00,26.63376,0,0
2015-06-24 07:00:00,26.890116,0,0
2015-06-24 08:00:00,27.808918,0,0
2015-06-24 09:00:00,28.813225,0,0
2015-06-24 10:00:00,29.832142,0,0
2015-06-24 11:00:00,30.552582,0,0
2015-06-24 12:00:00,31.25496,0,0
2015-06-24 13:00:00,31.624401,0,0
2015-06-24 14:00:00,31.565739,0,0
2015-06-24 15:00:00,31.310905,0,0
2015-06-24 16:00:00,30.4799,0,0
2015-06-24 17:00:00,29.684402,0,0
2015-06-24 18:00:00,28.908607,0,0
2015-06-24 19:00:00,28.22441,0,0
2015-06-24 20:00:00,27.796684,0,0
2015-06-24 21:00:00,27.595684,0,0
2015-06-24 22:00:00,27.48093,0,0
2015-06-24 23:00:00,27.44937,0,0
2015-06-25 00:00:00,27.29606,0,0
2015-06-25 01:00:00,27.092754,0,0
2015-06-25 02:00:00,27.209148,0,0
2015-06-25 03:00:00,27.016026,0,0
2015-06-25 04:00:00,26.902794,0,0
2015-06-25 05:00:00,26.739708,0,0
2015-06-25 06:00:00,26.795946,0,0
2015-06-25 07:00:00,26.979782,0,0
2015-06-25 08:00:00,27.838543,0,0
2015-06-25 09:00:00,28.809246,0,0
2015-06-25 10:00:00,29.768501,0,0
2015-06-25 11:00:00,30.599129,0,0
2015-06-25 12:00:00,31.029902,0,0
2015-06-25 13:00:00,31.101536,0,0
2015-06-25 14:00:00,31.274664,0,0
2015-06-25 15:00:00,30.547113,0,0
2015-06-25 16:00:00,30.09711,0,0
2015-06-25 17:00:00,29.512653,0,0
2015-06-25 18:00:00,28.824888,0,0
2015-06-25 19:00:00,28.269054,0,0
2015-06-25 20:00:00,27.878096,0,0
2015-06-25 21:00:00,27.631666,0,0
2015-06-25 22:00:00,27.472004,0,0
2015-06-25 23:00:00,27.35394,0,0
2015-06-26 00:00:00,27.24911,0,0
2015-06-26 01:00:00,27.014387,0,0
2015-06-26 02:00:00,26.986284,0,0
2015-06-26 03:00:00,26.909817,0,0
2015-06-26 04:00:00,26.7532,0,0
2015-06-26 05:00:00,26.733238,0,0
2015-06-26 06:00:00,26.7335,0,0
2015-06-26 07:00:00,26.905249,0,0
2015-06-26 08:00:00,27.805609,0,0
2015-06-26 09:00:00,28.684828,0,0
2015-06-26 10:00:00,29.65029,0,0
2015-06-26 11:00:00,30.217833,0,0
2015-06-26 12:00:00,30.743774,0,0
2015-06-26 13:00:00,30.625479,0,0
2015-06-26 14:00:00,27.958961,0,0
2015-06-26 15:00:00,28.105766,0,0
2015-06-26 16:00:00,28.481941,0,0
2015-06-26 17:00:00,28.705067,0,0
2015-06-26 18:00:00,28.538643,0,0
2015-06-26 19:00:00,28.117533,0,0
2015-06-26 20:00:00,27.881666,0,0
2015-06-26 21:00:00,27.755201,0,0
2015-06-26 22:00:00,27.538923,0,0
2015-06-26 23:00:00,27.299107,0,0
2015-06-27 00:00:00,27.189184,1,0
2015-06-27 01:00:00,27.04937,1,0
2015-06-27 02:00:00,26.984352,1,0
2015-06-27 03:00:00,26.859411,1,0
2015-06-27 04:00:00,26.722904,1,0
2015-06-27 05:00:00,26.64123,1,0
2015-06-27 06:00:00,26.60294,1,0
2015-06-27 07:00:00,26.809555,1,0
2015-06-27 08:00:00,27.512718,1,0
2015-06-27 09:00:00,28.309002,1,0
2015-06-27 10:00:00,29.402977,1,0
2015-06-27 11:00:00,30.390076,1,0
2015-06-27 12:00:00,30.819324,1,0
2015-06-27 13:00:00,31.015377,1,0
2015-06-27 14:00:00,30.518192,1,0
2015-06-27 15:00:00,30.315147,1,0
2015-06-27 16:00:00,29.93601,1,0
2015-06-27 17:00:00,29.423185,1,0
2015-06-27 18:00:00,28.835682,1,0
2015-06-27 19:00:00,28.196655,1,0
2015-06-27 20:00:00,27.727213,1,0
2015-06-27 21:00:00,27.47595,1,0
2015-06-27 22:00:00,27.096325,1,0
2015-06-27 23:00:00,26.986284,1,0
2015-06-28 00:00:00,26.862747,1,0
2015-06-28 01:00:00,26.684643,1,0
2015-06-28 02:00:00,26.638184,1,0
2015-06-28 03:00:00,26.571642,1,0
2015-06-28 04:00:00,26.475214,1,0
2015-06-28 05:00:00,26.500156,1,0
2015-06-28 06:00:00,26.418743,1,0
2015-06-28 07:00:00,26.557034,1,0
2015-06-28 08:00:00,26.895208,1,0
2015-06-28 09:00:00,27.521004,1,0
2015-06-28 10:00:00,28.12022,1,0
2015-06-28 11:00:00,28.82248,1,0
2015-06-28 12:00:00,29.235188,1,0
2015-06-28 13:00:00,29.266222,1,0
2015-06-28 14:00:00,28.296959,1,0
2015-06-28 15:00:00,28.4599,1,0
2015-06-28 16:00:00,28.348307,1,0
2015-06-28 17:00:00,28.31727,1,0
2015-06-28 18:00:00,27.9875,1,0
2015-06-28 19:00:00,27.493114,1,0
2015-06-28 20:00:00,27.092113,1,0
2015-06-28 21:00:00,26.87598,1,0
2015-06-28 22:00:00,26.612747,1,0
2015-06-28 23:00:00,26.347355,1,0
2015-06-29 00:00:00,26.146208,0,0
2015-06-29 01:00:00,26.009703,0,0
2015-06-29 02:00:00,25.976736,0,0
2015-06-29 03:00:00,25.986662,0,0
2015-06-29 04:00:00,25.979404,0,0
2015-06-29 05:00:00,25.845947,0,0
2015-06-29 06:00:00,25.894163,0,0
2015-06-29 07:00:00,26.034351,0,0
2015-06-29 08:00:00,26.473412,0,0
2015-06-29 09:00:00,27.116388,0,0
2015-06-29 10:00:00,27.183811,0,0
2015-06-29 11:00:00,27.357037,0,0
2015-06-29 12:00:00,27.868746,0,0
2015-06-29 13:00:00,28.105106,0,0
2015-06-29 14:00:00,28.04332,0,0
2015-06-29 15:00:00,27.852362,0,0
2015-06-29 16:00:00,28.848331,0,0
2015-06-29 17:00:00,26.96948,0,0
2015-06-29 18:00:00,26.303938,0,0
2015-06-29 19:00:00,25.768696,0,0
2015-06-29 20:00:00,25.446798,0,0
2015-06-29 21:00:00,25.171333,0,0
2015-06-29 22:00:00,24.956722,0,0
2015-06-29 23:00:00,24.936693,0,0
2015-06-30 00:00:00,24.940262,0,0
2015-06-30 01:00:00,24.921673,0,0
2015-06-30 02:00:00,25.56034,0,0
2015-06-30 03:00:00,25.599438,0,0
2015-06-30 04:00:00,25.73119,0,0
2015-06-30 05:00:00,25.788067,0,0
2015-06-30 06:00:00,25.70487,0,0
2015-06-30 07:00:00,25.848255,0,0
2015-06-30 08:00:00,26.519484,0,0
2015-06-30 09:00:00,27.22353,0,0
2015-06-30 10:00:00,28.0959,0,0
2015-06-30 11:00:00,29.088614,0,0
2015-06-30 12:00:00,29.703108,0,0
2015-06-30 13:00:00,30.05132,0,0
2015-06-30 14:00:00,29.707792,0,0
2015-06-30 15:00:00,28.384249,0,0
2015-06-30 16:00:00,28.511946,0,0
2015-06-30 17:00:00,28.416893,0,0
2015-06-30 18:00:00,28.097044,0,0
2015-06-30 19:00:00,27.642736,0,0
2015-06-30 20:00:00,27.298353,0,0
2015-06-30 21:00:00,26.975605,0,0
2015-06-30 22:00:00,26.72765,0,0
2015-06-30 23:00:00,26.58122,0,0
2015-07-01 00:00:00,26.396353,0,0
2015-07-01 01:00:00,26.30461,0,0
2015-07-01 02:00:00,26.387547,0,0
2015-07-01 03:00:00,26.389332,0,0
2015-07-01 04:00:00,26.28602,0,0
2015-07-01 05:00:00,26.16989,0,0
2015-07-01 06:00:00,26.123457,0,0
2015-07-01 07:00:00,26.308441,0,0
2015-07-01 08:00:00,27.049515,0,0
2015-07-01 09:00:00,28.13676,0,0
2015-07-01 10:00:00,29.310507,0,0
2015-07-01 11:00:00,30.236042,0,0
2015-07-01 12:00:00,30.957006,0,0
2015-07-01 13:00:00,31.344511,0,0
2015-07-01 14:00:00,31.374138,0,0
2015-07-01 15:00:00,31.263693,0,0
2015-07-01 16:00:00,30.910383,0,0
2015-07-01 17:00:00,29.977856,0,0
2015-07-01 18:00:00,28.89102,0,0
2015-07-01 19:00:00,27.97415,0,0
2015-07-01 20:00:00,27.42672,0,0
2015-07-01 21:00:00,27.052448,0,0
2015-07-01 22:00:00,26.809587,0,0
2015-07-01 23:00:00,26.619774,0,0
2015-07-02 00:00:00,26.526388,0,0
2015-07-02 01:00:00,26.37156,0,0
2015-07-02 02:00:00,26.514797,0,0
2015-07-02 03:00:00,26.428404,0,0
2015-07-02 04:00:00,26.215437,0,0
2015-07-02 05:00:00,26.152205,0,0
2015-07-02 06:00:00,26.112389,0,0
2015-07-02 07:00:00,26.35068,0,0
2015-07-02 08:00:00,27.294424,0,0
2015-07-02 09:00:00,28.42148,0,0
2015-07-02 10:00:00,29.495228,0,0
2015-07-02 11:00:00,30.152845,0,0
2015-07-02 12:00:00,30.550274,0,0
2015-07-02 13:00:00,30.805843,0,0
2015-07-02 14:00:00,30.767437,0,0
2015-07-02 15:00:00,30.577623,0,0
2015-07-02 16:00:00,30.074577,0,0
2015-07-02 17:00:00,29.513655,0,0
2015-07-02 18:00:00,28.824625,0,0
2015-07-02 19:00:00,28.207083,0,0
2015-07-02 20:00:00,27.661032,0,0
2015-07-02 21:00:00,27.35977,0,0
2015-07-02 22:00:00,27.198324,0,0
2015-07-02 23:00:00,27.045538,0,0
2015-07-03 00:00:00,26.895802,0,0
2015-07-03 01:00:00,26.799107,0,0
2015-07-03 02:00:00,26.84911,0,0
2015-07-03 03:00:00,26.7458,0,0
2015-07-03 04:00:00,26.635874,0,0
2015-07-03 05:00:00,26.624165,0,0
2015-07-03 06:00:00,26.55941,0,0
2015-07-03 07:00:00,26.699486,0,0
2015-07-03 08:00:00,27.390066,0,0
2015-07-03 09:00:00,28.31917,0,0
2015-07-03 10:00:00,29.308315,0,0
2015-07-03 11:00:00,30.000914,0,0
2015-07-03 12:00:00,30.635374,0,0
2015-07-03 13:00:00,30.941467,0,0
2015-07-03 14:00:00,30.93752,0,0
2015-07-03 15:00:00,30.659643,0,0
2015-07-03 16:00:00,30.207354,0,0
2015-07-03 17:00:00,29.579512,0,0
2015-07-03 18:00:00,28.806646,0,0
2015-07-03 19:00:00,27.977427,0,0
2015-07-03 20:00:00,27.446539,0,0
2015-07-03 21:00:00,27.096945,0,0
2015-07-03 22:00:00,26.804087,0,0
2015-07-03 23:00:00,26.602823,0,0
2015-07-04 00:00:00,26.483122,1,0
2015-07-04 01:00:00,26.441525,1,0
2015-07-04 02:00:00,26.537546,1,0
2015-07-04 03:00:00,26.51922,1,0
2015-07-04 04:00:00,26.42405,1,0
2015-07-04 05:00:00,26.319218,1,0
2015-07-04 06:00:00,26.244164,1,0
2015-07-04 07:00:00,26.34773,1,0
2015-07-04 08:00:00,27.1439,1,0
2015-07-04 09:00:00,28.25263,1,0
2015-07-04 10:00:00,29.351698,1,0
2015-07-04 11:00:00,30.135897,1,0
2015-07-04 12:00:00,30.565145,1,0
2015-07-04 13:00:00,30.798082,1,0
2015-07-04 14:00:00,30.46336,1,0
2015-07-04 15:00:00,29.862915,1,0
2015-07-04 16:00:00,29.391687,1,0
2015-07-04 17:00:00,28.844852,1,0
2015-07-04 18:00:00,28.373478,1,0
2015-07-04 19:00:00,27.777575,1,0
2015-07-04 20:00:00,27.26334,1,0
2015-07-04 21:00:00,26.981928,1,0
2015-07-04 22:00:00,26.70368,1,0
2015-07-04 23:00:00,26.52762,1,0
2015-07-05 00:00:00,26.419743,1,0
2015-07-05 01:00:00,26.29963,1,0
2015-07-05 02:00:00,26.45915,1,0
2015-07-05 03:00:00,26.4309,1,0
2015-07-05 04:00:00,26.334469,1,0
2015-07-05 05:00:00,26.171383,1,0
2015-07-05 06:00:00,26.191116,1,0
2015-07-05 07:00:00,26.308033,1,0
2015-07-05 08:00:00,27.100515,1,0
2015-07-05 09:00:00,28.077951,1,0
2015-07-05 10:00:00,29.105124,1,0
2015-07-05 11:00:00,29.80129,1,0
2015-07-05 12:00:00,30.18932,1,0
2015-07-05 13:00:00,30.024593,1,0
2015-07-05 14:00:00,28.54912,1,0
2015-07-05 15:00:00,28.524525,1,0
2015-07-05 16:00:00,28.576166,1,0
2015-07-05 17:00:00,28.432634,1,0
2015-07-05 18:00:00,27.781258,1,0
2015-07-05 19:00:00,27.323526,1,0
2015-07-05 20:00:00,27.098585,1,0
2015-07-05 21:00:00,26.917028,1,0
2015-07-05 22:00:00,26.677095,1,0
2015-07-05 23:00:00,26.312601,1,0
2015-07-06 00:00:00,26.080929,0,0
2015-07-06 01:00:00,26.077358,0,0
2015-07-06 02:00:00,25.620035,0,0
2015-07-06 03:00:00,25.680075,0,0
2015-07-06 04:00:00,25.641785,0,0
2015-07-06 05:00:00,25.663155,0,0
2015-07-06 06:00:00,25.613157,0,0
2015-07-06 07:00:00,25.72829,0,0
2015-07-06 08:00:00,26.44647,0,0
2015-07-06 09:00:00,27.396324,0,0
2015-07-06 10:00:00,28.537516,0,0
2015-07-06 11:00:00,29.234797,0,0
2015-07-06 12:00:00,29.850555,0,0
2015-07-06 13:00:00,30.1036,0,0
2015-07-06 14:00:00,28.610703,0,0
2015-07-06 15:00:00,27.71044,0,0
2015-07-06 16:00:00,26.61769,0,0
2015-07-06 17:00:00,25.985937,0,0
2015-07-06 18:00:00,25.730173,0,0
2015-07-06 19:00:00,25.601925,0,0
2015-07-06 20:00:00,25.487429,0,0
2015-07-06 21:00:00,25.21111,0,0
2015-07-06 22:00:00,24.969917,0,0
2015-07-06 23:00:00,25.049809,0,0
2015-07-07 00:00:00,25.181482,0,0
2015-07-07 01:00:00,25.17665,0,0
2015-07-07 02:00:00,25.246616,0,0
2015-07-07 03:00:00,24.811779,0,0
2015-07-07 04:00:00,24.495567,0,0
2015-07-07 05:00:00,24.488768,0,0
2015-07-07 06:00:00,24.372374,0,0
2015-07-07 07:00:00,24.458878,0,0
2015-07-07 08:00:00,25.45947,0,0
2015-07-07 09:00:00,26.415417,0,0
2015-07-07 10:00:00,27.063633,0,0
2015-07-07 11:00:00,27.752825,0,0
2015-07-07 12:00:00,28.21658,0,0
2015-07-07 13:00:00,28.133053,0,0
2015-07-07 14:00:00,26.472702,0,0
2015-07-07 15:00:00,25.894814,0,0
2015-07-07 16:00:00,25.875555,0,0
2015-07-07 17:00:00,25.526535,0,0
2015-07-07 18:00:00,25.065796,0,0
2015-07-07 19:00:00,24.731667,0,0
2015-07-07 20:00:00,24.474789,0,0
2015-07-07 21:00:00,24.368172,0,0
2015-07-07 22:00:00,24.313078,0,0
2015-07-07 23:00:00,24.258917,0,0
2015-07-08 00:00:00,24.310293,0,0
2015-07-08 01:00:00,24.09542,0,0
2015-07-08 02:00:00,24.432598,0,0
2015-07-08 03:00:00,24.733791,0,0
2015-07-08 04:00:00,24.548992,0,0
2015-07-08 05:00:00,24.377766,0,0
2015-07-08 06:00:00,24.419365,0,0
2015-07-08 07:00:00,25.158703,0,0
2015-07-08 08:00:00,25.463125,0,0
2015-07-08 09:00:00,25.986284,0,0
2015-07-08 10:00:00,26.418219,0,0
2015-07-08 11:00:00,27.04673,0,0
2015-07-08 12:00:00,27.392454,0,0
2015-07-08 13:00:00,27.527582,0,0
2015-07-08 14:00:00,26.278175,0,0
2015-07-08 15:00:00,26.25821,0,0
2015-07-08 16:00:00,26.582973,0,0
2015-07-08 17:00:00,26.546324,0,0
2015-07-08 18:00:00,26.07788,0,0
2015-07-08 19:00:00,25.783123,0,0
2015-07-08 20:00:00,25.611633,0,0
2015-07-08 21:00:00,25.426912,0,0
2015-07-08 22:00:00,25.405016,0,0
2015-07-08 23:00:00,25.156773,0,0
2015-07-09 00:00:00,25.031828,0,0
2015-07-09 01:00:00,24.950418,0,0
2015-07-09 02:00:00,25.06655,0,0
2015-07-09 03:00:00,25.011719,0,0
2015-07-09 04:00:00,24.933876,0,0
2015-07-09 05:00:00,24.768335,0,0
2015-07-09 06:00:00,24.815697,0,0
2015-07-09 07:00:00,24.892607,0,0
2015-07-09 08:00:00,25.60818,0,0
2015-07-09 09:00:00,26.264387,0,0
2015-07-09 10:00:00,27.231667,0,0
2015-07-09 11:00:00,27.87505,0,0
2015-07-09 12:00:00,28.53635,0,0
2015-07-09 13:00:00,29.115572,0,0
2015-07-09 14:00:00,27.935413,0,0
2015-07-09 15:00:00,27.753738,0,0
2015-07-09 16:00:00,27.116087,0,0
2015-07-09 17:00:00,26.425013,0,0
2015-07-09 18:00:00,26.181337,0,0
2015-07-09 19:00:00,25.8494,0,0
2015-07-09 20:00:00,25.656279,0,0
2015-07-09 21:00:00,25.506802,0,0
2015-07-09 22:00:00,25.490261,0,0
2015-07-09 23:00:00,25.332123,0,0
2015-07-10 00:00:00,25.31201,0,0
2015-07-10 01:00:00,25.15361,0,0
2015-07-10 02:00:00,25.225506,0,0
2015-07-10 03:00:00,25.308327,0,0
2015-07-10 04:00:00,25.338215,0,0
2015-07-10 05:00:00,25.186514,0,0
2015-07-10 06:00:00,24.96131,0,0
2015-07-10 07:00:00,24.90127,0,0
2015-07-10 08:00:00,25.41591,0,0
2015-07-10 09:00:00,26.195162,0,0
2015-07-10 10:00:00,27.424671,0,0
2015-07-10 11:00:00,28.182814,0,0
2015-07-10 12:00:00,29.130474,0,0
2015-07-10 13:00:00,28.810293,0,0
2015-07-10 14:00:00,27.69431,0,0
2015-07-10 15:00:00,27.10698,0,0
2015-07-10 16:00:00,27.457657,0,0
2015-07-10 17:00:00,27.50915,0,0
2015-07-10 18:00:00,27.302647,0,0
2015-07-10 19:00:00,26.642609,0,0
2015-07-10 20:00:00,26.270857,0,0
2015-07-10 21:00:00,25.937922,0,0
2015-07-10 22:00:00,25.78971,0,0
2015-07-10 23:00:00,25.613243,0,0
2015-07-11 00:00:00,25.454695,1,0
2015-07-11 01:00:00,25.229637,1,0
2015-07-11 02:00:00,25.019855,1,0
2015-07-11 03:00:00,25.074951,1,0
2015-07-11 04:00:00,24.92536,1,0
2015-07-11 05:00:00,24.928143,1,0
2015-07-11 06:00:00,24.711933,1,0
2015-07-11 07:00:00,25.025242,1,0
2015-07-11 08:00:00,25.886051,1,0
2015-07-11 09:00:00,26.834496,1,0
2015-07-11 10:00:00,27.303823,1,0
2015-07-11 11:00:00,28.03866,1,0
2015-07-11 12:00:00,28.57836,1,0
2015-07-11 13:00:00,28.14262,1,0
2015-07-11 14:00:00,26.170116,1,0
2015-07-11 15:00:00,26.282503,1,0
2015-07-11 16:00:00,26.127787,1,0
2015-07-11 17:00:00,25.93645,1,0
2015-07-11 18:00:00,25.79136,1,0
2015-07-11 19:00:00,25.592289,1,0
2015-07-11 20:00:00,25.46992,1,0
2015-07-11 21:00:00,25.448547,1,0
2015-07-11 22:00:00,25.5455,1,0
2015-07-11 23:00:00,25.60528,1,0
2015-07-12 00:00:00,25.536022,1,0
2015-07-12 01:00:00,25.391298,1,0
2015-07-12 02:00:00,24.91624,1,0
2015-07-12 03:00:00,24.776505,1,0
2015-07-12 04:00:00,24.788477,1,0
2015-07-12 05:00:00,24.759964,1,0
2015-07-12 06:00:00,24.71167,1,0
2015-07-12 07:00:00,24.960226,1,0
2015-07-12 08:00:00,25.489592,1,0
2015-07-12 09:00:00,26.05535,1,0
2015-07-12 10:00:00,26.812962,1,0
2015-07-12 11:00:00,27.657085,1,0
2015-07-12 12:00:00,28.08745,1,0
2015-07-12 13:00:00,27.970268,1,0
2015-07-12 14:00:00,26.858852,1,0
2015-07-12 15:00:00,26.818893,1,0
2015-07-12 16:00:00,26.689875,1,0
2015-07-12 17:00:00,26.488874,1,0
2015-07-12 18:00:00,26.201778,1,0
2015-07-12 19:00:00,25.98743,1,0
2015-07-12 20:00:00,25.929699,1,0
2015-07-12 21:00:00,25.867727,1,0
2015-07-12 22:00:00,25.740921,1,0
2015-07-12 23:00:00,25.63226,1,0
2015-07-13 00:00:00,25.498032,0,0
2015-07-13 01:00:00,25.426395,0,0
2015-07-13 02:00:00,25.190659,0,0
2015-07-13 03:00:00,25.041298,0,0
2015-07-13 04:00:00,25.016356,0,0
2015-07-13 05:00:00,25.004908,0,0
2015-07-13 06:00:00,25.059856,0,0
2015-07-13 07:00:00,24.964832,0,0
2015-07-13 08:00:00,25.189137,0,0
2015-07-13 09:00:00,25.588873,0,0
2015-07-13 10:00:00,26.005346,0,0
2015-07-13 11:00:00,26.661701,0,0
2015-07-13 12:00:00,26.947685,0,0
2015-07-13 13:00:00,27.50363,0,0
2015-07-13 14:00:00,27.743505,0,0
2015-07-13 15:00:00,27.647076,0,0
2015-07-13 16:00:00,27.474934,0,0
2015-07-13 17:00:00,27.308247,0,0
2015-07-13 18:00:00,26.95877,0,0
2015-07-13 19:00:00,26.476097,0,0
2015-07-13 20:00:00,26.156395,0,0
2015-07-13 21:00:00,25.909966,0,0
2015-07-13 22:00:00,25.803347,0,0
2015-07-13 23:00:00,25.560112,0,0
2015-07-14 00:00:00,25.411633,0,0
2015-07-14 01:00:00,25.29483,0,0
2015-07-14 02:00:00,25.155628,0,0
2015-07-14 03:00:00,25.079306,0,0
2015-07-14 04:00:00,25.002989,0,0
2015-07-14 05:00:00,24.954773,0,0
2015-07-14 06:00:00,24.943325,0,0
2015-07-14 07:00:00,25.254248,0,0
2015-07-14 08:00:00,26.1845,0,0
2015-07-14 09:00:00,27.20851,0,0
2015-07-14 10:00:00,28.15427,0,0
2015-07-14 11:00:00,28.8046,0,0
2015-07-14 12:00:00,29.285486,0,0
2015-07-14 13:00:00,27.272394,0,0
2015-07-14 14:00:00,26.67228,0,0
2015-07-14 15:00:00,26.960802,0,0
2015-07-14 16:00:00,27.222624,0,0
2015-07-14 17:00:00,27.112816,0,0
2015-07-14 18:00:00,26.761555,0,0
2015-07-14 19:00:00,26.22189,0,0
2015-07-14 20:00:00,25.844046,0,0
2015-07-14 21:00:00,25.618988,0,0
2015-07-14 22:00:00,25.522556,0,0
2015-07-14 23:00:00,25.28833,0,0
2015-07-15 00:00:00,25.238445,0,0
2015-07-15 01:00:00,25.153463,0,0
2015-07-15 02:00:00,25.133614,0,0
2015-07-15 03:00:00,25.183878,0,0
2015-07-15 04:00:00,25.213503,0,0
2015-07-15 05:00:00,25.160196,0,0
2015-07-15 06:00:00,25.112244,0,0
2015-07-15 07:00:00,25.245323,0,0
2015-07-15 08:00:00,25.842638,0,0
2015-07-15 09:00:00,26.563078,0,0
2015-07-15 10:00:00,26.910656,0,0
2015-07-15 11:00:00,27.232174,0,0
2015-07-15 12:00:00,27.441458,0,0
2015-07-15 13:00:00,27.940672,0,0
2015-07-15 14:00:00,28.054428,0,0
2015-07-15 15:00:00,28.291048,0,0
2015-07-15 16:00:00,28.016369,0,0
2015-07-15 17:00:00,27.64195,0,0
2015-07-15 18:00:00,27.197567,0,0
2015-07-15 19:00:00,26.69326,0,0
2015-07-15 20:00:00,26.360325,0,0
2015-07-15 21:00:00,26.044569,0,0
2015-07-15 22:00:00,25.89,0,0
2015-07-15 23:00:00,25.691784,0,0
2015-07-16 00:00:00,25.505133,0,0
2015-07-16 01:00:00,25.43019,0,0
2015-07-16 02:00:00,25.299633,0,0
2015-07-16 03:00:00,25.273314,0,0
2015-07-16 04:00:00,25.1835,0,0
2015-07-16 05:00:00,25.140377,0,0
2015-07-16 06:00:00,25.030714,0,0
2015-07-16 07:00:00,25.180716,0,0
2015-07-16 08:00:00,25.821936,0,0
2015-07-16 09:00:00,27.01234,0,0
2015-07-16 10:00:00,27.772594,0,0
2015-07-16 11:00:00,28.721401,0,0
2015-07-16 12:00:00,28.476973,0,0
2015-07-16 13:00:00,27.1699,0,0
2015-07-16 14:00:00,26.78009,0,0
2015-07-16 15:00:00,26.756302,0,0
2015-07-16 16:00:00,26.695112,0,0
2015-07-16 17:00:00,26.373034,0,0
2015-07-16 18:00:00,26.315157,0,0
2015-07-16 19:00:00,26.042145,0,0
2015-07-16 20:00:00,25.765678,0,0
2015-07-16 21:00:00,25.447586,0,0
2015-07-16 22:00:00,25.39937,0,0
2015-07-16 23:00:00,25.320742,0,0
2015-07-17 00:00:00,25.221413,0,0
2015-07-17 01:00:00,24.892277,0,0
2015-07-17 02:00:00,25.116287,0,0
2015-07-17 03:00:00,24.645208,0,0
2015-07-17 04:00:00,24.661749,0,0
2015-07-17 05:00:00,24.734528,0,0
2015-07-17 06:00:00,24.355724,0,0
2015-07-17 07:00:00,24.373459,0,0
2015-07-17 08:00:00,24.666088,0,0
2015-07-17 09:00:00,25.01928,0,0
2015-07-17 10:00:00,25.61381,0,0
2015-07-17 11:00:00,26.422804,0,0
2015-07-17 12:00:00,27.019493,0,0
2015-07-17 13:00:00,27.271772,0,0
2015-07-17 14:00:00,28.202124,0,0
2015-07-17 15:00:00,27.420034,0,0
2015-07-17 16:00:00,26.755491,0,0
2015-07-17 17:00:00,26.37092,0,0
2015-07-17 18:00:00,26.17118,0,0
2015-07-17 19:00:00,25.92282,0,0
2015-07-17 20:00:00,25.66758,0,0
2015-07-17 21:00:00,25.489214,0,0
2015-07-17 22:00:00,25.224836,0,0
2015-07-17 23:00:00,25.065172,0,0
2015-07-18 00:00:00,24.885284,1,0
2015-07-18 01:00:00,24.740377,1,0
2015-07-18 02:00:00,24.591814,1,0
2015-07-18 03:00:00,24.475914,1,0
2015-07-18 04:00:00,24.462866,1,0
2015-07-18 05:00:00,24.598516,1,0
2015-07-18 06:00:00,24.496916,1,0
2015-07-18 07:00:00,24.59513,1,0
2015-07-18 08:00:00,24.782927,1,0
2015-07-18 09:00:00,25.247093,1,0
2015-07-18 10:00:00,26.188429,1,0
2015-07-18 11:00:00,26.777458,1,0
2015-07-18 12:00:00,27.270842,1,0
2015-07-18 13:00:00,27.179388,1,0
2015-07-18 14:00:00,25.871395,1,0
2015-07-18 15:00:00,26.014893,1,0
2015-07-18 16:00:00,26.215128,1,0
2015-07-18 17:00:00,25.837543,1,0
2015-07-18 18:00:00,25.541378,1,0
2015-07-18 19:00:00,25.276768,1,0
2015-07-18 20:00:00,25.032005,1,0
2015-07-18 21:00:00,24.987362,1,0
2015-07-18 22:00:00,24.852757,1,0
2015-07-18 23:00:00,24.778076,1,0
2015-07-19 00:00:00,24.704657,1,0
2015-07-19 01:00:00,24.676146,1,0
2015-07-19 02:00:00,24.677406,1,0
2015-07-19 03:00:00,24.577404,1,0
2015-07-19 04:00:00,24.567219,1,0
2015-07-19 05:00:00,24.530306,1,0
2015-07-19 06:00:00,24.448896,1,0
2015-07-19 07:00:00,24.595207,1,0
2015-07-19 08:00:00,25.121002,1,0
2015-07-19 09:00:00,25.79133,1,0
2015-07-19 10:00:00,26.528458,1,0
2015-07-19 11:00:00,26.32811,1,0
2015-07-19 12:00:00,26.715431,1,0
2015-07-19 13:00:00,27.125586,1,0
2015-07-19 14:00:00,25.819756,1,0
2015-07-19 15:00:00,25.743668,1,0
2015-07-19 16:00:00,25.777767,1,0
2015-07-19 17:00:00,25.891378,1,0
2015-07-19 18:00:00,25.844946,1,0
2015-07-19 19:00:00,25.66327,1,0
2015-07-19 20:00:00,25.476242,1,0
2015-07-19 21:00:00,25.199778,1,0
2015-07-19 22:00:00,25.083761,1,0
2015-07-19 23:00:00,24.95718,1,0
2015-07-20 00:00:00,24.837069,0,0
2015-07-20 01:00:00,24.660341,0,0
2015-07-20 02:00:00,24.672905,0,0
2015-07-20 03:00:00,24.406248,0,0
2015-07-20 04:00:00,24.212011,0,0
2015-07-20 05:00:00,24.415583,0,0
2015-07-20 06:00:00,24.492569,0,0
2015-07-20 07:00:00,24.620672,0,0
2015-07-20 08:00:00,25.079174,0,0
2015-07-20 09:00:00,25.639069,0,0
2015-07-20 10:00:00,26.506989,0,0
2015-07-20 11:00:00,26.983715,0,0
2015-07-20 12:00:00,27.129736,0,0
2015-07-20 13:00:00,26.671103,0,0
2015-07-20 14:00:00,27.209684,0,0
2015-07-20 15:00:00,26.330534,0,0
2015-07-20 16:00:00,26.103807,0,0
2015-07-20 17:00:00,25.747568,0,0
2015-07-20 18:00:00,25.481174,0,0
2015-07-20 19:00:00,25.19162,0,0
2015-07-20 20:00:00,25.022442,0,0
2015-07-20 21:00:00,24.834675,0,0
2015-07-20 22:00:00,24.72501,0,0
2015-07-20 23:00:00,24.697056,0,0
2015-07-21 00:00:00,24.566395,0,0
2015-07-21 01:00:00,24.503164,0,0
2015-07-21 02:00:00,24.532152,0,0
2015-07-21 03:00:00,24.519676,0,0
2015-07-21 04:00:00,24.584806,0,0
2015-07-21 05:00:00,24.649418,0,0
2015-07-21 06:00:00,24.667336,0,0
2015-07-21 07:00:00,24.786776,0,0
2015-07-21 08:00:00,25.33576,0,0
2015-07-21 09:00:00,26.21665,0,0
2015-07-21 10:00:00,27.098322,0,0
2015-07-21 11:00:00,27.429094,0,0
2015-07-21 12:00:00,28.278164,0,0
2015-07-21 13:00:00,27.905483,0,0
2015-07-21 14:00:00,26.494583,0,0
2015-07-21 15:00:00,26.265808,0,0
2015-07-21 16:00:00,26.301285,0,0
2015-07-21 17:00:00,26.282959,0,0
2015-07-21 18:00:00,26.069988,0,0
2015-07-21 19:00:00,25.758802,0,0
2015-07-21 20:00:00,25.506016,0,0
2015-07-21 21:00:00,25.373936,0,0
2015-07-21 22:00:00,25.236168,0,0
2015-07-21 23:00:00,25.066957,0,0
2015-07-22 00:00:00,24.93183,0,0
2015-07-22 01:00:00,24.7506,0,0
2015-07-22 02:00:00,24.843052,0,0
2015-07-22 03:00:00,24.804842,0,0
2015-07-22 04:00:00,24.785137,0,0
2015-07-22 05:00:00,24.661787,0,0
2015-07-22 06:00:00,24.900517,0,0
2015-07-22 07:00:00,25.003824,0,0
2015-07-22 08:00:00,25.5449,0,0
2015-07-22 09:00:00,26.15427,0,0
2015-07-22 10:00:00,26.436827,0,0
2015-07-22 11:00:00,26.002138,0,0
2015-07-22 12:00:00,25.962353,0,0
2015-07-22 13:00:00,26.597336,0,0
2015-07-22 14:00:00,28.275234,0,0
2015-07-22 15:00:00,28.275612,0,0
2015-07-22 16:00:00,26.57646,0,0
2015-07-22 17:00:00,25.217756,0,0
2015-07-22 18:00:00,24.788391,0,0
2015-07-22 19:00:00,25.019772,0,0
2015-07-22 20:00:00,25.023458,0,0
2015-07-22 21:00:00,24.840261,0,0
2015-07-22 22:00:00,24.920412,0,0
2015-07-22 23:00:00,24.87372,0,0
2015-07-23 00:00:00,24.831484,0,0
2015-07-23 01:00:00,24.658442,0,0
2015-07-23 02:00:00,24.142754,0,0
2015-07-23 03:00:00,24.12112,0,0
2015-07-23 04:00:00,24.197323,0,0
2015-07-23 05:00:00,24.147701,0,0
2015-07-23 06:00:00,24.37923,0,0
2015-07-23 07:00:00,24.47718,0,0
2015-07-23 08:00:00,24.899584,0,0
2015-07-23 09:00:00,25.33445,0,0
2015-07-23 10:00:00,25.887238,0,0
2015-07-23 11:00:00,26.526527,0,0
2015-07-23 12:00:00,27.169647,0,0
2015-07-23 13:00:00,27.67181,0,0
2015-07-23 14:00:00,26.817646,0,0
2015-07-23 15:00:00,26.154968,0,0
2015-07-23 16:00:00,26.077127,0,0
2015-07-23 17:00:00,26.042406,0,0
2015-07-23 18:00:00,25.8975,0,0
2015-07-23 19:00:00,25.69624,0,0
2015-07-23 20:00:00,25.611633,0,0
2015-07-23 21:00:00,25.513418,0,0
2015-07-23 22:00:00,25.396616,0,0
2015-07-23 23:00:00,25.334908,0,0
2015-07-24 00:00:00,25.203495,0,0
2015-07-24 01:00:00,25.118774,0,0
2015-07-24 02:00:00,25.222343,0,0
2015-07-24 03:00:00,25.207966,0,0
2015-07-24 04:00:00,25.08402,0,0
2015-07-24 05:00:00,24.957035,0,0
2015-07-24 06:00:00,24.96175,0,0
2015-07-24 07:00:00,25.284168,0,0
2015-07-24 08:00:00,26.157585,0,0
2015-07-24 09:00:00,27.308064,0,0
2015-07-24 10:00:00,28.253447,0,0
2015-07-24 11:00:00,29.068792,0,0
2015-07-24 12:00:00,29.416368,0,0
2015-07-24 13:00:00,29.557327,0,0
2015-07-24 14:00:00,28.423231,0,0
2015-07-24 15:00:00,27.996435,0,0
2015-07-24 16:00:00,28.017532,0,0
2015-07-24 17:00:00,27.817795,0,0
2015-07-24 18:00:00,27.36984,0,0
2015-07-24 19:00:00,26.948616,0,0
2015-07-24 20:00:00,26.569366,0,0
2015-07-24 21:00:00,26.328289,0,0
2015-07-24 22:00:00,26.230337,0,0
2015-07-24 23:00:00,26.217367,0,0
2015-07-25 00:00:00,26.187593,1,0
2015-07-25 01:00:00,26.142685,1,0
2015-07-25 02:00:00,26.36201,1,0
2015-07-25 03:00:00,26.292276,1,0
2015-07-25 04:00:00,26.065811,1,0
2015-07-25 05:00:00,25.962505,1,0
2015-07-25 06:00:00,25.882616,1,0
2015-07-25 07:00:00,26.06239,1,0
2015-07-25 08:00:00,27.011341,1,0
2015-07-25 09:00:00,28.10851,1,0
2015-07-25 10:00:00,29.133781,1,0
2015-07-25 11:00:00,29.979425,1,0
2015-07-25 12:00:00,30.693249,1,0
2015-07-25 13:00:00,31.239155,1,0
2015-07-25 14:00:00,31.065884,1,0
2015-07-25 15:00:00,30.88904,1,0
2015-07-25 16:00:00,30.539303,1,0
2015-07-25 17:00:00,29.944921,1,0
2015-07-25 18:00:00,29.070908,1,0
2015-07-25 19:00:00,28.133665,1,0
2015-07-25 20:00:00,27.456347,1,0
2015-07-25 21:00:00,27.030289,1,0
2015-07-25 22:00:00,26.702448,1,0
2015-07-25 23:00:00,26.477915,1,0
2015-07-26 00:00:00,26.328175,1,0
2015-07-26 01:00:00,26.088362,1,0
2015-07-26 02:00:00,26.233238,1,0
2015-07-26 03:00:00,26.156773,1,0
2015-07-26 04:00:00,26.078783,1,0
2015-07-26 05:00:00,25.987186,1,0
2015-07-26 06:00:00,25.945587,1,0
2015-07-26 07:00:00,26.102201,1,0
2015-07-26 08:00:00,27.059177,1,0
2015-07-26 09:00:00,28.112818,1,0
2015-07-26 10:00:00,29.040134,1,0
2015-07-26 11:00:00,29.734257,1,0
2015-07-26 12:00:00,30.291988,1,0
2015-07-26 13:00:00,30.60979,1,0
2015-07-26 14:00:00,30.173693,1,0
2015-07-26 15:00:00,29.977003,1,0
2015-07-26 16:00:00,29.524218,1,0
2015-07-26 17:00:00,28.931358,1,0
2015-07-26 18:00:00,28.466864,1,0
2015-07-26 19:00:00,27.855677,1,0
2015-07-26 20:00:00,27.323002,1,0
2015-07-26 21:00:00,26.89033,1,0
2015-07-26 22:00:00,26.645685,1,0
2015-07-26 23:00:00,26.502562,1,0
2015-07-27 00:00:00,26.35613,0,0
2015-07-27 01:00:00,26.276096,0,0
2015-07-27 02:00:00,26.409294,0,0
2015-07-27 03:00:00,26.29123,0,0
2015-07-27 04:00:00,26.074953,0,0
2015-07-27 05:00:00,25.951796,0,0
2015-07-27 06:00:00,26.011717,0,0
2015-07-27 07:00:00,26.11172,0,0
2015-07-27 08:00:00,26.737137,0,0
2015-07-27 09:00:00,27.542969,0,0
2015-07-27 10:00:00,28.295082,0,0
2015-07-27 11:00:00,28.85753,0,0
2015-07-27 12:00:00,29.140612,0,0
2015-07-27 13:00:00,27.636063,0,0
2015-07-27 14:00:00,27.42804,0,0
2015-07-27 15:00:00,27.348269,0,0
2015-07-27 16:00:00,27.62277,0,0
2015-07-27 17:00:00,27.661179,0,0
2015-07-27 18:00:00,27.19973,0,0
2015-07-27 19:00:00,26.635645,0,0
2015-07-27 20:00:00,26.246094,0,0
2015-07-27 21:00:00,26.011894,0,0
2015-07-27 22:00:00,25.943832,0,0
2015-07-27 23:00:00,25.873722,0,0
2015-07-28 00:00:00,25.800562,0,0
2015-07-28 01:00:00,25.85194,0,0
2015-07-28 02:00:00,25.876213,0,0
2015-07-28 03:00:00,25.845917,0,0
2015-07-28 04:00:00,25.65941,0,0
2015-07-28 05:00:00,25.499748,0,0
2015-07-28 06:00:00,25.421383,0,0
2015-07-28 07:00:00,25.28309,0,0
2015-07-28 08:00:00,25.95851,0,0
2015-07-28 09:00:00,26.837757,0,0
2015-07-28 10:00:00,27.916126,0,0
2015-07-28 11:00:00,28.715979,0,0
2015-07-28 12:00:00,29.275871,0,0
2015-07-28 13:00:00,29.730295,0,0
2015-07-28 14:00:00,30.263378,0,0
2015-07-28 15:00:00,28.374964,0,0
2015-07-28 16:00:00,28.088459,0,0
2015-07-28 17:00:00,27.928213,0,0
2015-07-28 18:00:00,27.393723,0,0
2015-07-28 19:00:00,26.98573,0,0
2015-07-28 20:00:00,26.57238,0,0
2015-07-28 21:00:00,25.874458,0,0
2015-07-28 22:00:00,25.468842,0,0
2015-07-28 23:00:00,25.094048,0,0
2015-07-29 00:00:00,24.796093,0,0
2015-07-29 01:00:00,24.781597,0,0
2015-07-29 02:00:00,24.705395,0,0
2015-07-29 03:00:00,24.680191,0,0
2015-07-29 04:00:00,24.785137,0,0
2015-07-29 05:00:00,24.741755,0,0
2015-07-29 06:00:00,24.846586,0,0
2015-07-29 07:00:00,24.835466,0,0
2015-07-29 08:00:00,25.52796,0,0
2015-07-29 09:00:00,26.41817,0,0
2015-07-29 10:00:00,27.452778,0,0
2015-07-29 11:00:00,28.357346,0,0
2015-07-29 12:00:00,28.811916,0,0
2015-07-29 13:00:00,28.510015,0,0
2015-07-29 14:00:00,27.564924,0,0
2015-07-29 15:00:00,26.814419,0,0
2015-07-29 16:00:00,26.874313,0,0
2015-07-29 17:00:00,26.674574,0,0
2015-07-29 18:00:00,26.406511,0,0
2015-07-29 19:00:00,26.16822,0,0
2015-07-29 20:00:00,25.883501,0,0
2015-07-29 21:00:00,25.792162,0,0
2015-07-29 22:00:00,25.722315,0,0
2015-07-29 23:00:00,25.589115,0,0
2015-07-30 00:00:00,25.565958,0,0
2015-07-30 01:00:00,25.49585,0,0
2015-07-30 02:00:00,25.317074,0,0
2015-07-30 03:00:00,25.248226,0,0
2015-07-30 04:00:00,24.846916,0,0
2015-07-30 05:00:00,24.334236,0,0
2015-07-30 06:00:00,24.217026,0,0
2015-07-30 07:00:00,24.383827,0,0
2015-07-30 08:00:00,25.235052,0,0
2015-07-30 09:00:00,26.059326,0,0
2015-07-30 10:00:00,27.337759,0,0
2015-07-30 11:00:00,28.117977,0,0
2015-07-30 12:00:00,27.676888,0,0
2015-07-30 13:00:00,27.071377,0,0
2015-07-30 14:00:00,25.867186,0,0
2015-07-30 15:00:00,25.938053,0,0
2015-07-30 16:00:00,26.083858,0,0
2015-07-30 17:00:00,26.09773,0,0
2015-07-30 18:00:00,25.981073,0,0
2015-07-30 19:00:00,25.78643,0,0
2015-07-30 20:00:00,25.631859,0,0
2015-07-30 21:00:00,25.63353,0,0
2015-07-30 22:00:00,25.613943,0,0
2015-07-30 23:00:00,25.57082,0,0
2015-07-31 00:00:00,25.487738,0,0
2015-07-31 01:00:00,25.389261,0,0
2015-07-31 02:00:00,25.462128,0,0
2015-07-31 03:00:00,25.327522,0,0
2015-07-31 04:00:00,25.07462,0,0
2015-07-31 05:00:00,25.087852,0,0
2015-07-31 06:00:00,25.124096,0,0
2015-07-31 07:00:00,25.185925,0,0
2015-07-31 08:00:00,25.671936,0,0
2015-07-31 09:00:00,26.628027,0,0
2015-07-31 10:00:00,27.287691,0,0
2015-07-31 11:00:00,28.358393,0,0
2015-07-31 12:00:00,29.200699,0,0
2015-07-31 13:00:00,29.67014,0,0
2015-07-31 14:00:00,29.128687,0,0
2015-07-31 15:00:00,29.008957,0,0
2015-07-31 16:00:00,28.219288,0,0
2015-07-31 17:00:00,27.131813,0,0
2015-07-31 18:00:00,26.843521,0,0
2015-07-31 19:00:00,26.485382,0,0
2015-07-31 20:00:00,26.11275,0,0
2015-07-31 21:00:00,25.818104,0,0
2015-07-31 22:00:00,25.638853,0,0
2015-07-31 23:00:00,25.462797,0,0
2015-08-01 00:00:00,25.442947,1,0
2015-08-01 01:00:00,25.364437,1,0
2015-08-01 02:00:00,25.444063,1,0
2015-08-01 03:00:00,25.406887,1,0
2015-08-01 04:00:00,25.419712,1,0
2015-08-01 05:00:00,25.358265,1,0
2015-08-01 06:00:00,25.191792,1,0
2015-08-01 07:00:00,25.320383,1,0
2015-08-01 08:00:00,25.958035,1,0
2015-08-01 09:00:00,26.688692,1,0
2015-08-01 10:00:00,27.66794,1,0
2015-08-01 11:00:00,28.838758,1,0
2015-08-01 12:00:00,29.143396,1,0
2015-08-01 13:00:00,28.865438,1,0
2015-08-01 14:00:00,28.685741,1,0
2015-08-01 15:00:00,27.533657,1,0
2015-08-01 16:00:00,27.236967,1,0
2015-08-01 17:00:00,27.165533,1,0
2015-08-01 18:00:00,26.685877,1,0
2015-08-01 19:00:00,26.352678,1,0
2015-08-01 20:00:00,26.057247,1,0
2015-08-01 21:00:00,25.842377,1,0
2015-08-01 22:00:00,25.673313,1,0
2015-08-01 23:00:00,25.611748,1,0
2015-08-02 00:00:00,25.526768,1,0
2015-08-02 01:00:00,25.43119,1,0
2015-08-02 02:00:00,25.399107,1,0
2015-08-02 03:00:00,25.452301,1,0
2015-08-02 04:00:00,25.449253,1,0
2015-08-02 05:00:00,25.29354,1,0
2015-08-02 06:00:00,25.18897,1,0
2015-08-02 07:00:00,25.269005,1,0
2015-08-02 08:00:00,26.113157,1,0
2015-08-02 09:00:00,27.180552,1,0
2015-08-02 10:00:00,28.191328,1,0
2015-08-02 11:00:00,28.945637,1,0
2015-08-02 12:00:00,29.516485,1,0
2015-08-02 13:00:00,29.877787,1,0
2015-08-02 14:00:00,28.299528,1,0
2015-08-02 15:00:00,28.616302,1,0
2015-08-02 16:00:00,28.85597,1,0
2015-08-02 17:00:00,28.850468,1,0
2015-08-02 18:00:00,28.497276,1,0
2015-08-02 19:00:00,27.840921,1,0
2015-08-02 20:00:00,27.16334,1,0
2015-08-02 21:00:00,26.782076,1,0
2015-08-02 22:00:00,26.509064,1,0
2015-08-02 23:00:00,26.343046,1,0
2015-08-03 00:00:00,26.213272,0,0
2015-08-03 01:00:00,26.241379,0,0
2015-08-03 02:00:00,26.490822,0,0
2015-08-03 03:00:00,26.464357,0,0
2015-08-03 04:00:00,26.47592,0,0
2015-08-03 05:00:00,26.198225,0,0
2015-08-03 06:00:00,26.126738,0,0
2015-08-03 07:00:00,26.178524,0,0
2015-08-03 08:00:00,26.849253,0,0
2015-08-03 09:00:00,27.866909,0,0
2015-08-03 10:00:00,28.977427,0,0
2015-08-03 11:00:00,29.918354,0,0
2015-08-03 12:00:00,30.28601,0,0
2015-08-03 13:00:00,30.471992,0,0
2015-08-03 14:00:00,30.49998,0,0
2015-08-03 15:00:00,29.230688,0,0
2015-08-03 16:00:00,28.748913,0,0
2015-08-03 17:00:00,28.63899,0,0
2015-08-03 18:00:00,28.24739,0,0
2015-08-03 19:00:00,27.656317,0,0
2015-08-03 20:00:00,27.311932,0,0
2015-08-03 21:00:00,27.055346,0,0
2015-08-03 22:00:00,26.8607,0,0
2015-08-03 23:00:00,26.699514,0,0
2015-08-04 00:00:00,26.5429,0,0
2015-08-04 01:00:00,26.336544,0,0
2015-08-04 02:00:00,26.449486,0,0
2015-08-04 03:00:00,26.394653,0,0
2015-08-04 04:00:00,26.382944,0,0
2015-08-04 05:00:00,26.272903,0,0
2015-08-04 06:00:00,26.309555,0,0
2015-08-04 07:00:00,26.41108,0,0
2015-08-04 08:00:00,26.98933,0,0
2015-08-04 09:00:00,28.08345,0,0
2015-08-04 10:00:00,29.160507,0,0
2015-08-04 11:00:00,29.925856,0,0
2015-08-04 12:00:00,30.403582,0,0
2015-08-04 13:00:00,30.744658,0,0
2015-08-04 14:00:00,30.506367,0,0
2015-08-04 15:00:00,30.371122,0,0
2015-08-04 16:00:00,30.146181,0,0
2015-08-04 17:00:00,29.475218,0,0
2015-08-04 18:00:00,28.736189,0,0
2015-08-04 19:00:00,28.02374,0,0
2015-08-04 20:00:00,27.506199,0,0
2015-08-04 21:00:00,27.248585,0,0
2015-08-04 22:00:00,27.015648,0,0
2015-08-04 23:00:00,26.882713,0,0
2015-08-05 00:00:00,26.771265,0,0
2015-08-05 01:00:00,26.64963,0,0
2015-08-05 02:00:00,26.671122,0,0
2015-08-05 03:00:00,26.602793,0,0
2015-08-05 04:00:00,26.504578,0,0
2015-08-05 05:00:00,26.499746,0,0
2015-08-05 06:00:00,26.539824,0,0
2015-08-05 07:00:00,26.690084,0,0
2015-08-05 08:00:00,27.40587,0,0
2015-08-05 09:00:00,28.2033,0,0
2015-08-05 10:00:00,29.167387,0,0
2015-08-05 11:00:00,30.079687,0,0
2015-08-05 12:00:00,30.628902,0,0
2015-08-05 13:00:00,29.979078,0,0
2015-08-05 14:00:00,28.790525,0,0
2015-08-05 15:00:00,28.716455,0,0
2015-08-05 16:00:00,28.675758,0,0
2015-08-05 17:00:00,28.56115,0,0
2015-08-05 18:00:00,28.335945,0,0
2015-08-05 19:00:00,27.879736,0,0
2015-08-05 20:00:00,27.485352,0,0
2015-08-05 21:00:00,27.250746,0,0
2015-08-05 22:00:00,26.98956,0,0
2015-08-05 23:00:00,26.879637,0,0
2015-08-06 00:00:00,26.701271,0,0
2015-08-06 01:00:00,26.61298,0,0
2015-08-06 02:00:00,26.966026,0,0
2015-08-06 03:00:00,26.846178,0,0
2015-08-06 04:00:00,26.709526,0,0
2015-08-06 05:00:00,26.646555,0,0
2015-08-06 06:00:00,26.574661,0,0
2015-08-06 07:00:00,26.636368,0,0
2015-08-06 08:00:00,27.308363,0,0
2015-08-06 09:00:00,28.189398,0,0
2015-08-06 10:00:00,29.24192,0,0
2015-08-06 11:00:00,29.875002,0,0
2015-08-06 12:00:00,30.329689,0,0
2015-08-06 13:00:00,29.715553,0,0
2015-08-06 14:00:00,30.036913,0,0
2015-08-06 15:00:00,28.409916,0,0
2015-08-06 16:00:00,28.542852,0,0
2015-08-06 17:00:00,28.554153,0,0
2015-08-06 18:00:00,28.25579,0,0
2015-08-06 19:00:00,27.767763,0,0
2015-08-06 20:00:00,27.411556,0,0
2015-08-06 21:00:00,27.17862,0,0
2015-08-06 22:00:00,26.934614,0,0
2015-08-06 23:00:00,26.751532,0,0
2015-08-07 00:00:00,26.616173,0,0
2015-08-07 01:00:00,26.336662,0,0
2015-08-07 02:00:00,26.670858,0,0
2015-08-07 03:00:00,26.55941,0,0
2015-08-07 04:00:00,26.517405,0,0
2015-08-07 05:00:00,26.183092,0,0
2015-08-07 06:00:00,26.257742,0,0
2015-08-07 07:00:00,26.364126,0,0
2015-08-07 08:00:00,26.912079,0,0
2015-08-07 09:00:00,27.939661,0,0
2015-08-07 10:00:00,28.892445,0,0
2015-08-07 11:00:00,29.72348,0,0
2015-08-07 12:00:00,30.322693,0,0
2015-08-07 13:00:00,30.733995,0,0
2015-08-07 14:00:00,27.386414,0,0
2015-08-07 15:00:00,26.929348,0,0
2015-08-07 16:00:00,27.092176,0,0
2015-08-07 17:00:00,27.097239,0,0
2015-08-07 18:00:00,26.959557,0,0
2015-08-07 19:00:00,26.82469,0,0
2015-08-07 20:00:00,26.605103,0,0
2015-08-07 21:00:00,26.569859,0,0
2015-08-07 22:00:00,26.4864,0,0
2015-08-07 23:00:00,26.327738,0,0
2015-08-08 00:00:00,26.09387,1,0
2015-08-08 01:00:00,25.88766,1,0
2015-08-08 02:00:00,25.959673,1,0
2015-08-08 03:00:00,25.838037,1,0
2015-08-08 04:00:00,25.743132,1,0
2015-08-08 05:00:00,25.53473,1,0
2015-08-08 06:00:00,25.00587,1,0
2015-08-08 07:00:00,25.059294,1,0
2015-08-08 08:00:00,25.237051,1,0
2015-08-08 09:00:00,25.635382,1,0
2015-08-08 10:00:00,26.396305,1,0
2015-08-08 11:00:00,27.599323,1,0
2015-08-08 12:00:00,28.553747,1,0
2015-08-08 13:00:00,29.3378,1,0
2015-08-08 14:00:00,27.655087,1,0
2015-08-08 15:00:00,27.133888,1,0
2015-08-08 16:00:00,27.60368,1,0
2015-08-08 17:00:00,27.50877,1,0
2015-08-08 18:00:00,26.639214,1,0
2015-08-08 19:00:00,25.951332,1,0
2015-08-08 20:00:00,25.80297,1,0
2015-08-08 21:00:00,25.68579,1,0
2015-08-08 22:00:00,25.580696,1,0
2015-08-08 23:00:00,25.411226,1,0
2015-08-09 00:00:00,25.363274,1,0
2015-08-09 01:00:00,25.293423,1,0
2015-08-09 02:00:00,25.023052,1,0
2015-08-09 03:00:00,24.974836,1,0
2015-08-09 04:00:00,24.799778,1,0
2015-08-09 05:00:00,24.484905,1,0
2015-08-09 06:00:00,24.518105,1,0
2015-08-09 07:00:00,24.61201,1,0
2015-08-09 08:00:00,25.291262,1,0
2015-08-09 09:00:00,26.31591,1,0
2015-08-09 10:00:00,27.473118,1,0
2015-08-09 11:00:00,28.214079,1,0
2015-08-09 12:00:00,28.777426,1,0
2015-08-09 13:00:00,28.977165,1,0
2015-08-09 14:00:00,27.095337,1,0
2015-08-09 15:00:00,27.085413,1,0
2015-08-09 16:00:00,26.993376,1,0
2015-08-09 17:00:00,26.463602,1,0
2015-08-09 18:00:00,26.100254,1,0
2015-08-09 19:00:00,25.802038,1,0
2015-08-09 20:00:00,25.4691,1,0
2015-08-09 21:00:00,25.355755,1,0
2015-08-09 22:00:00,25.172672,1,0
2015-08-09 23:00:00,25.05104,1,0
2015-08-10 00:00:00,24.667725,0,0
2015-08-10 01:00:00,24.716095,0,0
2015-08-10 02:00:00,24.414719,0,0
2015-08-10 03:00:00,24.374905,0,0
2015-08-10 04:00:00,23.680815,0,0
2015-08-10 05:00:00,23.685907,0,0
2015-08-10 06:00:00,23.804348,0,0
2015-08-10 07:00:00,24.296537,0,0
2015-08-10 08:00:00,25.172527,0,0
2015-08-10 09:00:00,26.00037,0,0
2015-08-10 10:00:00,26.836496,0,0
2015-08-10 11:00:00,27.690214,0,0
2015-08-10 12:00:00,27.27478,0,0
2015-08-10 13:00:00,28.03289,0,0
2015-08-10 14:00:00,27.517775,0,0
2015-08-10 15:00:00,27.245472,0,0
2015-08-10 16:00:00,27.420528,0,0
2015-08-10 17:00:00,26.951157,0,0
2015-08-10 18:00:00,26.46082,0,0
2015-08-10 19:00:00,26.221266,0,0
2015-08-10 20:00:00,25.971935,0,0
2015-08-10 21:00:00,25.496025,0,0
2015-08-10 22:00:00,25.349777,0,0
2015-08-10 23:00:00,25.544617,0,0
2015-08-11 00:00:00,25.310411,0,0
2015-08-11 01:00:00,25.215502,0,0
2015-08-11 02:00:00,25.266357,0,0
2015-08-11 03:00:00,24.881453,0,0
2015-08-11 04:00:00,24.618626,0,0
2015-08-11 05:00:00,24.631859,0,0
2015-08-11 06:00:00,24.482191,0,0
2015-08-11 07:00:00,24.783907,0,0
2015-08-11 08:00:00,25.321411,0,0
2015-08-11 09:00:00,26.044046,0,0
2015-08-11 10:00:00,26.938692,0,0
2015-08-11 11:00:00,27.202068,0,0
2015-08-11 12:00:00,28.046831,0,0
2015-08-11 13:00:00,28.190245,0,0
2015-08-11 14:00:00,28.378979,0,0
2015-08-11 15:00:00,30.423038,0,0
2015-08-11 16:00:00,27.493183,0,0
2015-08-11 17:00:00,26.11951,0,0
2015-08-11 18:00:00,25.9929,0,0
2015-08-11 19:00:00,25.722937,0,0
2015-08-11 20:00:00,25.522936,0,0
2015-08-11 21:00:00,25.361486,0,0
2015-08-11 22:00:00,25.221674,0,0
2015-08-11 23:00:00,25.115465,0,0
2015-08-12 00:00:00,25.053755,0,0
2015-08-12 01:00:00,25.095617,0,0
2015-08-12 02:00:00,25.186808,0,0
2015-08-12 03:00:00,24.89606,0,0
2015-08-12 04:00:00,24.790676,0,0
2015-08-12 05:00:00,24.847895,0,0
2015-08-12 06:00:00,24.682945,0,0
2015-08-12 07:00:00,24.943207,0,0
2015-08-12 08:00:00,25.682123,0,0
2015-08-12 09:00:00,26.555134,0,0
2015-08-12 10:00:00,27.620743,0,0
2015-08-12 11:00:00,28.498323,0,0
2015-08-12 12:00:00,28.520319,0,0
2015-08-12 13:00:00,28.522726,0,0
2015-08-12 14:00:00,28.468008,0,0
2015-08-12 15:00:00,28.320318,0,0
2015-08-12 16:00:00,28.413555,0,0
2015-08-12 17:00:00,27.956053,0,0
2015-08-12 18:00:00,27.544752,0,0
2015-08-12 19:00:00,27.053415,0,0
2015-08-12 20:00:00,26.633827,0,0
2015-08-12 21:00:00,26.31755,0,0
2015-08-12 22:00:00,26.167665,0,0
2015-08-12 23:00:00,26.104435,0,0
2015-08-13 00:00:00,26.02428,0,0
2015-08-13 01:00:00,25.837513,0,0
2015-08-13 02:00:00,25.64934,0,0
2015-08-13 03:00:00,25.569044,0,0
2015-08-13 04:00:00,25.247557,0,0
2015-08-13 05:00:00,24.562048,0,0
2015-08-13 06:00:00,24.561718,0,0
2015-08-13 07:00:00,24.64711,0,0
2015-08-13 08:00:00,25.347878,0,0
2015-08-13 09:00:00,26.28196,0,0
2015-08-13 10:00:00,27.53738,0,0
2015-08-13 11:00:00,28.746113,0,0
2015-08-13 12:00:00,29.701536,0,0
2015-08-13 13:00:00,29.926214,0,0
2015-08-13 14:00:00,30.051273,0,0
2015-08-13 15:00:00,28.836742,0,0
2015-08-13 16:00:00,28.261585,0,0
2015-08-13 17:00:00,27.894753,0,0
2015-08-13 18:00:00,26.949993,0,0
2015-08-13 19:00:00,26.504154,0,0
2015-08-13 20:00:00,26.123148,0,0
2015-08-13 21:00:00,25.815418,0,0
2015-08-13 22:00:00,25.58453,0,0
2015-08-13 23:00:00,25.475506,0,0
2015-08-14 00:00:00,25.49216,0,0
2015-08-14 01:00:00,25.520529,0,0
2015-08-14 02:00:00,25.51365,0,0
2015-08-14 03:00:00,25.560932,0,0
2015-08-14 04:00:00,25.254055,0,0
2015-08-14 05:00:00,25.021267,0,0
2015-08-14 06:00:00,24.89978,0,0
2015-08-14 07:00:00,24.87985,0,0
2015-08-14 08:00:00,25.297092,0,0
2015-08-14 09:00:00,25.908422,0,0
2015-08-14 10:00:00,26.48872,0,0
2015-08-14 11:00:00,27.021397,0,0
2015-08-14 12:00:00,27.7079,0,0
2015-08-14 13:00:00,26.964073,0,0
2015-08-14 14:00:00,27.22028,0,0
2015-08-14 15:00:00,27.042173,0,0
2015-08-14 16:00:00,27.31887,0,0
2015-08-14 17:00:00,27.315796,0,0
2015-08-14 18:00:00,26.958296,0,0
2015-08-14 19:00:00,26.674835,0,0
2015-08-14 20:00:00,26.399778,0,0
2015-08-14 21:00:00,26.131598,0,0
2015-08-14 22:00:00,25.958588,0,0
2015-08-14 23:00:00,25.780338,0,0
2015-08-15 00:00:00,25.72803,1,0
2015-08-15 01:00:00,25.663126,1,0
2015-08-15 02:00:00,25.198849,1,0
2015-08-15 03:00:00,24.833237,1,0
2015-08-15 04:00:00,24.860748,1,0
2015-08-15 05:00:00,25.067629,1,0
2015-08-15 06:00:00,25.141308,1,0
2015-08-15 07:00:00,25.431385,1,0
2015-08-15 08:00:00,25.92703,1,0
2015-08-15 09:00:00,26.522934,1,0
2015-08-15 10:00:00,26.96981,1,0
2015-08-15 11:00:00,27.521517,1,0
2015-08-15 12:00:00,28.017162,1,0
2015-08-15 13:00:00,27.701468,1,0
2015-08-15 14:00:00,27.312178,1,0
2015-08-15 15:00:00,27.581371,1,0
2015-08-15 16:00:00,27.699814,1,0
2015-08-15 17:00:00,27.478329,1,0
2015-08-15 18:00:00,27.17376,1,0
2015-08-15 19:00:00,26.534351,1,0
2015-08-15 20:00:00,26.147846,1,0
2015-08-15 21:00:00,25.893015,1,0
2015-08-15 22:00:00,25.723053,1,0
2015-08-15 23:00:00,25.639475,1,0
2015-08-16 00:00:00,25.416958,1,0
2015-08-16 01:00:00,25.362127,1,0
2015-08-16 02:00:00,24.454132,1,0
2015-08-16 03:00:00,24.530977,1,0
2015-08-16 04:00:00,24.58276,1,0
2015-08-16 05:00:00,24.727932,1,0
2015-08-16 06:00:00,24.689232,1,0
2015-08-16 07:00:00,24.852201,1,0
2015-08-16 08:00:00,25.556017,1,0
2015-08-16 09:00:00,26.197498,1,0
2015-08-16 10:00:00,26.906752,1,0
2015-08-16 11:00:00,27.577457,1,0
2015-08-16 12:00:00,28.293558,1,0
2015-08-16 13:00:00,27.49578,1,0
2015-08-16 14:00:00,27.735535,1,0
2015-08-16 15:00:00,27.337135,1,0
2015-08-16 16:00:00,27.502747,1,0
2015-08-16 17:00:00,27.284304,1,0
2015-08-16 18:00:00,26.7033,1,0
2015-08-16 19:00:00,26.285383,1,0
2015-08-16 20:00:00,26.039215,1,0
2015-08-16 21:00:00,25.78643,1,0
2015-08-16 22:00:00,25.730076,1,0
2015-08-16 23:00:00,25.618774,1,0
2015-08-17 00:00:00,25.565727,0,0
2015-08-17 01:00:00,25.567251,0,0
2015-08-17 02:00:00,25.695179,0,0
2015-08-17 03:00:00,25.658003,0,0
2015-08-17 04:00:00,25.320566,0,0
2015-08-17 05:00:00,25.145918,0,0
2015-08-17 06:00:00,25.03283,0,0
2015-08-17 07:00:00,25.144539,0,0
2015-08-17 08:00:00,25.507656,0,0
2015-08-17 09:00:00,26.363485,0,0
2015-08-17 10:00:00,27.258986,0,0
2015-08-17 11:00:00,27.878572,0,0
2015-08-17 12:00:00,28.354776,0,0
2015-08-17 13:00:00,28.73414,0,0
2015-08-17 14:00:00,27.116676,0,0
2015-08-17 15:00:00,26.851185,0,0
2015-08-17 16:00:00,26.783976,0,0
2015-08-17 17:00:00,26.597206,0,0
2015-08-17 18:00:00,26.305609,0,0
2015-08-17 19:00:00,25.872673,0,0
2015-08-17 20:00:00,25.722818,0,0
2015-08-17 21:00:00,25.62639,0,0
2015-08-17 22:00:00,25.501825,0,0
2015-08-17 23:00:00,25.499893,0,0
2015-08-18 00:00:00,25.480045,0,0
2015-08-18 01:00:00,25.475475,0,0
2015-08-18 02:00:00,25.609179,0,0
2015-08-18 03:00:00,25.586544,0,0
2015-08-18 04:00:00,25.482353,0,0
2015-08-18 05:00:00,25.347897,0,0
2015-08-18 06:00:00,25.309866,0,0
2015-08-18 07:00:00,25.433023,0,0
2015-08-18 08:00:00,26.293571,0,0
2015-08-18 09:00:00,27.147877,0,0
2015-08-18 10:00:00,27.937168,0,0
2015-08-18 11:00:00,28.818058,0,0
2015-08-18 12:00:00,29.198158,0,0
2015-08-18 13:00:00,28.734848,0,0
2015-08-18 14:00:00,29.025156,0,0
2015-08-18 15:00:00,27.658363,0,0
2015-08-18 16:00:00,27.640038,0,0
2015-08-18 17:00:00,27.504791,0,0
2015-08-18 18:00:00,27.251223,0,0
2015-08-18 19:00:00,27.039515,0,0
2015-08-18 20:00:00,26.714718,0,0
2015-08-18 21:00:00,26.42531,0,0
2015-08-18 22:00:00,26.27929,0,0
2015-08-18 23:00:00,26.143307,0,0
2015-08-19 00:00:00,26.10654,0,0
2015-08-19 01:00:00,25.891901,0,0
2015-08-19 02:00:00,26.117579,0,0
2015-08-19 03:00:00,26.126242,0,0
2015-08-19 04:00:00,26.002825,0,0
2015-08-19 05:00:00,25.86108,0,0
2015-08-19 06:00:00,25.725212,0,0
2015-08-19 07:00:00,25.905363,0,0
2015-08-19 08:00:00,26.901272,0,0
2015-08-19 09:00:00,27.891054,0,0
2015-08-19 10:00:00,29.107956,0,0
2015-08-19 11:00:00,29.96364,0,0
2015-08-19 12:00:00,30.411068,0,0
2015-08-19 13:00:00,30.635866,0,0
2015-08-19 14:00:00,30.424156,0,0
2015-08-19 15:00:00,28.73969,0,0
2015-08-19 16:00:00,28.651516,0,0
2015-08-19 17:00:00,28.620811,0,0
2015-08-19 18:00:00,28.157578,0,0
2015-08-19 19:00:00,27.673119,0,0
2015-08-19 20:00:00,27.208773,0,0
2015-08-19 21:00:00,26.912601,0,0
2015-08-19 22:00:00,26.628143,0,0
2015-08-19 23:00:00,26.45004,0,0
2015-08-20 00:00:00,26.30361,0,0
2015-08-20 01:00:00,26.231977,0,0
2015-08-20 02:00:00,26.275099,0,0
2015-08-20 03:00:00,26.19328,0,0
2015-08-20 04:00:00,26.126476,0,0
2015-08-20 05:00:00,26.033354,0,0
2015-08-20 06:00:00,25.95525,0,0
2015-08-20 07:00:00,26.136925,0,0
2015-08-20 08:00:00,27.04937,0,0
2015-08-20 09:00:00,28.19323,0,0
2015-08-20 10:00:00,29.190922,0,0
2015-08-20 11:00:00,29.83709,0,0
2015-08-20 12:00:00,30.056269,0,0
2015-08-20 13:00:00,29.72535,0,0
2015-08-20 14:00:00,27.676373,0,0
2015-08-20 15:00:00,27.862585,0,0
2015-08-20 16:00:00,28.305908,0,0
2015-08-20 17:00:00,28.245722,0,0
2015-08-20 18:00:00,27.781113,0,0
2015-08-20 19:00:00,27.36015,0,0
2015-08-20 20:00:00,26.935877,0,0
2015-08-20 21:00:00,26.68476,0,0
2015-08-20 22:00:00,26.501942,0,0
2015-08-20 23:00:00,26.350157,0,0
2015-08-21 00:00:00,26.201418,0,0
2015-08-21 01:00:00,25.997469,0,0
2015-08-21 02:00:00,25.16658,0,0
2015-08-21 03:00:00,24.736954,0,0
2015-08-21 04:00:00,24.80361,0,0
2015-08-21 05:00:00,24.975359,0,0
2015-08-21 06:00:00,25.02205,0,0
2015-08-21 07:00:00,25.288853,0,0
2015-08-21 08:00:00,25.984383,0,0
2015-08-21 09:00:00,26.708801,0,0
2015-08-21 10:00:00,27.491476,0,0
2015-08-21 11:00:00,28.362555,0,0
2015-08-21 12:00:00,28.843822,0,0
2015-08-21 13:00:00,28.451176,0,0
2015-08-21 14:00:00,27.432991,0,0
2015-08-21 15:00:00,26.844522,0,0
2015-08-21 16:00:00,26.838137,0,0
2015-08-21 17:00:00,26.700485,0,0
2015-08-21 18:00:00,26.54413,0,0
2015-08-21 19:00:00,26.336138,0,0
2015-08-21 20:00:00,26.013979,0,0
2015-08-21 21:00:00,25.770857,0,0
2015-08-21 22:00:00,25.457771,0,0
2015-08-21 23:00:00,25.282713,0,0
2015-08-22 00:00:00,25.06134,1,0
2015-08-22 01:00:00,24.916433,1,0
2015-08-22 02:00:00,24.947023,1,0
2015-08-22 03:00:00,24.945993,1,0
2015-08-22 04:00:00,24.917929,1,0
2015-08-22 05:00:00,25.152725,1,0
2015-08-22 06:00:00,25.131014,1,0
2015-08-22 07:00:00,25.239677,1,0
2015-08-22 08:00:00,26.049662,1,0
2015-08-22 09:00:00,26.89226,1,0
2015-08-22 10:00:00,27.884598,1,0
2015-08-22 11:00:00,28.644377,1,0
2015-08-22 12:00:00,29.1988,1,0
2015-08-22 13:00:00,28.907907,1,0
2015-08-22 14:00:00,27.519318,1,0
2015-08-22 15:00:00,27.200285,1,0
2015-08-22 16:00:00,27.075932,1,0
2015-08-22 17:00:00,26.51917,1,0
2015-08-22 18:00:00,25.99133,1,0
2015-08-22 19:00:00,25.326866,1,0
2015-08-22 20:00:00,25.298878,1,0
2015-08-22 21:00:00,25.245714,1,0
2015-08-22 22:00:00,25.199284,1,0
2015-08-22 23:00:00,25.152855,1,0
2015-08-23 00:00:00,25.076534,1,0
2015-08-23 01:00:00,25.040293,1,0
2015-08-23 02:00:00,25.0974,1,0
2015-08-23 03:00:00,25.092308,1,0
2015-08-23 04:00:00,24.997139,1,0
2015-08-23 05:00:00,24.932121,1,0
2015-08-23 06:00:00,24.955393,1,0
2015-08-23 07:00:00,25.119888,1,0
2015-08-23 08:00:00,25.790852,1,0
2015-08-23 09:00:00,26.613224,1,0
2015-08-23 10:00:00,27.417269,1,0
2015-08-23 11:00:00,27.709278,1,0
2015-08-23 12:00:00,27.576633,1,0
2015-08-23 13:00:00,27.749907,1,0
2015-08-23 14:00:00,27.850399,1,0
2015-08-23 15:00:00,28.249586,1,0
2015-08-23 16:00:00,27.505493,1,0
2015-08-23 17:00:00,26.618202,1,0
2015-08-23 18:00:00,26.239546,1,0
2015-08-23 19:00:00,25.88512,1,0
2015-08-23 20:00:00,25.677242,1,0
2015-08-23 21:00:00,25.501184,1,0
2015-08-23 22:00:00,25.528028,1,0
2015-08-23 23:00:00,25.482975,1,0
2015-08-24 00:00:00,25.305986,0,0
2015-08-24 01:00:00,25.087921,0,0
2015-08-24 02:00:00,25.11524,0,0
2015-08-24 03:00:00,25.050484,0,0
2015-08-24 04:00:00,24.997177,0,0
2015-08-24 05:00:00,24.956772,0,0
2015-08-24 06:00:00,24.703793,0,0
2015-08-24 07:00:00,24.324312,0,0
2015-08-24 08:00:00,24.809616,0,0
2015-08-24 09:00:00,25.609734,0,0
2015-08-24 10:00:00,26.476128,0,0
2015-08-24 11:00:00,27.610964,0,0
2015-08-24 12:00:00,28.558624,0,0
2015-08-24 13:00:00,28.53773,0,0
2015-08-24 14:00:00,28.307364,0,0
2015-08-24 15:00:00,27.49123,0,0
2015-08-24 16:00:00,27.17855,0,0
2015-08-24 17:00:00,26.730482,0,0
2015-08-24 18:00:00,26.598402,0,0
2015-08-24 19:00:00,26.45844,0,0
2015-08-24 20:00:00,26.232975,0,0
2015-08-24 21:00:00,25.98019,0,0
2015-08-24 22:00:00,25.805656,0,0
2015-08-24 23:00:00,25.548779,0,0
2015-08-25 00:00:00,25.493015,0,0
2015-08-25 01:00:00,24.995209,0,0
2015-08-25 02:00:00,24.468073,0,0
2015-08-25 03:00:00,24.420122,0,0
2015-08-25 04:00:00,24.234205,0,0
2015-08-25 05:00:00,24.187513,0,0
2015-08-25 06:00:00,23.81134,0,0
2015-08-25 07:00:00,24.137516,0,0
2015-08-25 08:00:00,24.741966,0,0
2015-08-25 09:00:00,25.573082,0,0
2015-08-25 10:00:00,26.300549,0,0
2015-08-25 11:00:00,27.064663,0,0
2015-08-25 12:00:00,28.056145,0,0
2015-08-25 13:00:00,28.36083,0,0
2015-08-25 14:00:00,26.446222,0,0
2015-08-25 15:00:00,26.462616,0,0
2015-08-25 16:00:00,26.19329,0,0
2015-08-25 17:00:00,25.99393,0,0
2015-08-25 18:00:00,25.694452,0,0
2015-08-25 19:00:00,25.502855,0,0
2015-08-25 20:00:00,25.331745,0,0
2015-08-25 21:00:00,25.21992,0,0
2015-08-25 22:00:00,25.08836,0,0
2015-08-25 23:00:00,24.975506,0,0
2015-08-26 00:00:00,24.860489,0,0
2015-08-26 01:00:00,24.785692,0,0
2015-08-26 02:00:00,24.832499,0,0
2015-08-26 03:00:00,24.68573,0,0
2015-08-26 04:00:00,24.637516,0,0
2015-08-26 05:00:00,24.732761,0,0
2015-08-26 06:00:00,24.739262,0,0
2015-08-26 07:00:00,24.965172,0,0
2015-08-26 08:00:00,25.473787,0,0
2015-08-26 09:00:00,25.958015,0,0
2015-08-26 10:00:00,27.149353,0,0
2015-08-26 11:00:00,28.171055,0,0
2015-08-26 12:00:00,28.384287,0,0
2015-08-26 13:00:00,28.90106,0,0
2015-08-26 14:00:00,27.781534,0,0
2015-08-26 15:00:00,27.18196,0,0
2015-08-26 16:00:00,27.371624,0,0
2015-08-26 17:00:00,27.185352,0,0
2015-08-26 18:00:00,26.799107,0,0
2015-08-26 19:00:00,26.447731,0,0
2015-08-26 20:00:00,26.218105,0,0
2015-08-26 21:00:00,26.091524,0,0
2015-08-26 22:00:00,25.903496,0,0
2015-08-26 23:00:00,25.687216,0,0
2015-08-27 00:00:00,25.455917,0,0
2015-08-27 01:00:00,25.292278,0,0
2015-08-27 02:00:00,25.406626,0,0
2015-08-27 03:00:00,25.326326,0,0
2015-08-27 04:00:00,25.190823,0,0
2015-08-27 05:00:00,24.829443,0,0
2015-08-27 06:00:00,24.632898,0,0
2015-08-27 07:00:00,24.378212,0,0
2015-08-27 08:00:00,24.722626,0,0
2015-08-27 09:00:00,25.275557,0,0
2015-08-27 10:00:00,25.98425,0,0
2015-08-27 11:00:00,26.716072,0,0
2015-08-27 12:00:00,27.709307,0,0
2015-08-27 13:00:00,28.81537,0,0
2015-08-27 14:00:00,29.165932,0,0
2015-08-27 15:00:00,27.644144,0,0
2015-08-27 16:00:00,27.088427,0,0
2015-08-27 17:00:00,26.933712,0,0
2015-08-27 18:00:00,26.775835,0,0
2015-08-27 19:00:00,26.411488,0,0
2015-08-27 20:00:00,26.110226,0,0
2015-08-27 21:00:00,25.963795,0,0
2015-08-27 22:00:00,25.76763,0,0
2015-08-27 23:00:00,25.598188,0,0
2015-08-28 00:00:00,25.496662,0,0
2015-08-28 01:00:00,25.32503,0,0
2015-08-28 02:00:00,25.559752,0,0
2015-08-28 03:00:00,25.464844,0,0
2015-08-28 04:00:00,25.299824,0,0
2015-08-28 05:00:00,25.328192,0,0
2015-08-28 06:00:00,25.269382,0,0
2015-08-28 07:00:00,25.282614,0,0
2015-08-28 08:00:00,26.149517,0,0
2015-08-28 09:00:00,27.110441,0,0
2015-08-28 10:00:00,27.688313,0,0
2015-08-28 11:00:00,27.865517,0,0
2015-08-28 12:00:00,28.731388,0,0
2015-08-28 13:00:00,29.314701,0,0
2015-08-28 14:00:00,29.039349,0,0
2015-08-28 15:00:00,28.923336,0,0
2015-08-28 16:00:00,27.697975,0,0
2015-08-28 17:00:00,27.154854,0,0
2015-08-28 18:00:00,26.923294,0,0
2015-08-28 19:00:00,26.648615,0,0
2015-08-28 20:00:00,26.279436,0,0
2015-08-28 21:00:00,26.085054,0,0
2015-08-28 22:00:00,26.06661,0,0
2015-08-28 23:00:00,25.959995,0,0
2015-08-29 00:00:00,25.84583,1,0
2015-08-29 01:00:00,25.727621,1,0
2015-08-29 02:00:00,25.704988,1,0
2015-08-29 03:00:00,25.503464,1,0
2015-08-29 04:00:00,25.436136,1,0
2015-08-29 05:00:00,25.316433,1,0
2015-08-29 06:00:00,25.033566,1,0
2015-08-29 07:00:00,25.29814,1,0
2015-08-29 08:00:00,25.904348,1,0
2015-08-29 09:00:00,26.978882,1,0
2015-08-29 10:00:00,27.919548,1,0
2015-08-29 11:00:00,28.287235,1,0
2015-08-29 12:00:00,28.283503,1,0
2015-08-29 13:00:00,27.901266,1,0
2015-08-29 14:00:00,29.51593,1,0
2015-08-29 15:00:00,29.00073,1,0
2015-08-29 16:00:00,28.887993,1,0
2015-08-29 17:00:00,28.659592,1,0
2015-08-29 18:00:00,28.131636,1,0
2015-08-29 19:00:00,27.444016,1,0
2015-08-29 20:00:00,26.909817,1,0
2015-08-29 21:00:00,26.48414,1,0
2015-08-29 22:00:00,26.255774,1,0
2015-08-29 23:00:00,26.023428,1,0
2015-08-30 00:00:00,25.764765,1,0
2015-08-30 01:00:00,25.591375,1,0
2015-08-30 02:00:00,25.537184,1,0
2015-08-30 03:00:00,25.497372,1,0
2015-08-30 04:00:00,25.507559,1,0
2015-08-30 05:00:00,25.52729,1,0
2015-08-30 06:00:00,25.462011,1,0
2015-08-30 07:00:00,25.717958,1,0
2015-08-30 08:00:00,25.895452,1,0
2015-08-30 09:00:00,26.513748,1,0
2015-08-30 10:00:00,27.4598,1,0
2015-08-30 11:00:00,28.404184,1,0
2015-08-30 12:00:00,29.201878,1,0
2015-08-30 13:00:00,29.75299,1,0
2015-08-30 14:00:00,28.608248,1,0
2015-08-30 15:00:00,27.827505,1,0
2015-08-30 16:00:00,27.395239,1,0
2015-08-30 17:00:00,26.315205,1,0
2015-08-30 18:00:00,25.356949,1,0
2015-08-30 19:00:00,25.1039,1,0
2015-08-30 20:00:00,25.115726,1,0
2015-08-30 21:00:00,25.032122,1,0
2015-08-30 22:00:00,24.97796,1,0
2015-08-30 23:00:00,24.994617,1,0
2015-08-31 00:00:00,24.974504,0,0
2015-08-31 01:00:00,25.016287,0,0
2015-08-31 02:00:00,24.85294,0,0
2015-08-31 03:00:00,24.71365,0,0
2015-08-31 04:00:00,24.78183,0,0
2015-08-31 05:00:00,24.670645,0,0
2015-08-31 06:00:00,24.66455,0,0
2015-08-31 07:00:00,24.758081,0,0
2015-08-31 08:00:00,25.692047,0,0
2015-08-31 09:00:00,26.76263,0,0
2015-08-31 10:00:00,27.913486,0,0
2015-08-31 11:00:00,28.809246,0,0
2015-08-31 12:00:00,29.219172,0,0
2015-08-31 13:00:00,29.623856,0,0
2015-08-31 14:00:00,29.122305,0,0
2015-08-31 15:00:00,28.924728,0,0
2015-08-31 16:00:00,27.461487,0,0
2015-08-31 17:00:00,26.347694,0,0
2015-08-31 18:00:00,26.262302,0,0
2015-08-31 19:00:00,26.171558,0,0
2015-08-31 20:00:00,26.071558,0,0
2015-08-31 21:00:00,25.960112,0,0
2015-08-31 22:00:00,25.890524,0,0
2015-08-31 23:00:00,25.794094,0,0
2015-09-01 00:00:00,25.728552,0,0
2015-09-01 01:00:00,25.556171,0,0
2015-09-01 02:00:00,25.600079,0,0
2015-09-01 03:00:00,25.609856,0,0
2015-09-01 04:00:00,24.894014,0,0
2015-09-01 05:00:00,24.352825,0,0
2015-09-01 06:00:00,24.02803,0,0
2015-09-01 07:00:00,24.099401,0,0
2015-09-01 08:00:00,24.564974,0,0
2015-09-01 09:00:00,25.627682,0,0
2015-09-01 10:00:00,26.676897,0,0
2015-09-01 11:00:00,27.80243,0,0
2015-09-01 12:00:00,28.423656,0,0
2015-09-01 13:00:00,28.98355,0,0
2015-09-01 14:00:00,27.564255,0,0
2015-09-01 15:00:00,27.65102,0,0
2015-09-01 16:00:00,27.514893,0,0
2015-09-01 17:00:00,26.881958,0,0
2015-09-01 18:00:00,26.618057,0,0
2015-09-01 19:00:00,26.235382,0,0
2015-09-01 20:00:00,26.07408,0,0
2015-09-01 21:00:00,25.90821,0,0
2015-09-01 22:00:00,25.83189,0,0
2015-09-01 23:00:00,25.81892,0,0
2015-09-02 00:00:00,25.797285,0,0
2015-09-02 01:00:00,25.775652,0,0
2015-09-02 02:00:00,25.74,0,0
2015-09-02 03:00:00,25.66658,0,0
2015-09-02 04:00:00,25.546322,0,0
2015-09-02 05:00:00,25.314766,0,0
2015-09-02 06:00:00,25.193539,0,0
2015-09-02 07:00:00,25.351562,0,0
2015-09-02 08:00:00,25.967695,0,0
2015-09-02 09:00:00,26.66334,0,0
2015-09-02 10:00:00,27.098732,0,0
2015-09-02 11:00:00,27.543375,0,0
2015-09-02 12:00:00,27.70854,0,0
2015-09-02 13:00:00,27.885006,0,0
2015-09-02 14:00:00,27.384304,0,0
2015-09-02 15:00:00,27.503008,0,0
2015-09-02 16:00:00,27.271595,0,0
2015-09-02 17:00:00,27.02531,0,0
2015-09-02 18:00:00,26.69416,0,0
2015-09-02 19:00:00,26.499517,0,0
2015-09-02 20:00:00,26.35818,0,0
2015-09-02 21:00:00,26.331713,0,0
2015-09-02 22:00:00,26.239706,0,0
2015-09-02 23:00:00,26.042345,0,0
2015-09-03 00:00:00,25.774282,0,0
2015-09-03 01:00:00,25.566288,0,0
2015-09-03 02:00:00,25.631422,0,0
2015-09-03 03:00:00,25.541348,0,0
2015-09-03 04:00:00,25.456102,0,0
2015-09-03 05:00:00,25.301796,0,0
2015-09-03 06:00:00,25.242657,0,0
2015-09-03 07:00:00,25.382877,0,0
2015-09-03 08:00:00,26.27089,0,0
2015-09-03 09:00:00,27.245539,0,0
2015-09-03 10:00:00,28.066387,0,0
2015-09-03 11:00:00,29.046608,0,0
2015-09-03 12:00:00,29.413776,0,0
2015-09-03 13:00:00,27.891426,0,0
2015-09-03 14:00:00,26.661537,0,0
2015-09-03 15:00:00,26.405329,0,0
2015-09-03 16:00:00,26.522655,0,0
2015-09-03 17:00:00,26.513138,0,0
2015-09-03 18:00:00,26.319134,0,0
2015-09-03 19:00:00,26.103233,0,0
2015-09-03 20:00:00,25.84521,0,0
2015-09-03 21:00:00,25.788708,0,0
2015-09-03 22:00:00,25.678522,0,0
2015-09-03 23:00:00,25.438707,0,0
2015-09-04 00:00:00,25.285398,0,0
2015-09-04 01:00:00,25.179075,0,0
2015-09-04 02:00:00,25.441048,0,0
2015-09-04 03:00:00,25.537739,0,0
2015-09-04 04:00:00,25.523098,0,0
2015-09-04 05:00:00,25.566597,0,0
2015-09-04 06:00:00,25.541656,0,0
2015-09-04 07:00:00,25.699533,0,0
2015-09-04 08:00:00,26.429405,0,0
2015-09-04 09:00:00,27.134237,0,0
2015-09-04 10:00:00,28.10368,0,0
2015-09-04 11:00:00,28.599586,0,0
2015-09-04 12:00:00,28.855938,0,0
2015-09-04 13:00:00,30.560291,0,0
2015-09-04 14:00:00,28.657347,0,0
2015-09-04 15:00:00,28.20687,0,0
2015-09-04 16:00:00,27.800922,0,0
2015-09-04 17:00:00,27.26149,0,0
2015-09-04 18:00:00,26.702942,0,0
2015-09-04 19:00:00,26.160488,0,0
2015-09-04 20:00:00,25.979074,0,0
2015-09-04 21:00:00,25.81075,0,0
2015-09-04 22:00:00,25.677551,0,0
2015-09-04 23:00:00,25.60949,0,0
2015-09-05 00:00:00,25.500708,1,0
2015-09-05 01:00:00,25.311127,1,0
2015-09-05 02:00:00,25.633732,1,0
2015-09-05 03:00:00,25.581017,1,0
2015-09-05 04:00:00,25.085138,1,0
2015-09-05 05:00:00,25.197372,1,0
2015-09-05 06:00:00,25.219267,1,0
2015-09-05 07:00:00,25.269005,1,0
2015-09-05 08:00:00,25.98353,1,0
2015-09-05 09:00:00,26.633745,1,0
2015-09-05 10:00:00,27.404774,1,0
2015-09-05 11:00:00,27.577818,1,0
2015-09-05 12:00:00,27.938002,1,0
2015-09-05 13:00:00,28.173393,1,0
2015-09-05 14:00:00,28.036072,1,0
2015-09-05 15:00:00,27.733927,1,0
2015-09-05 16:00:00,27.04847,1,0
2015-09-05 17:00:00,26.775427,1,0
2015-09-05 18:00:00,26.310555,1,0
2015-09-05 19:00:00,26.111225,1,0
2015-09-05 20:00:00,25.946617,1,0
2015-09-05 21:00:00,25.870296,1,0
2015-09-05 22:00:00,25.86368,1,0
2015-09-05 23:00:00,25.813944,1,0
2015-09-06 00:00:00,25.805918,1,0
2015-09-06 01:00:00,25.71458,1,0
2015-09-06 02:00:00,25.822952,1,0
2015-09-06 03:00:00,25.590609,1,0
2015-09-06 04:00:00,25.206886,1,0
2015-09-06 05:00:00,24.816813,1,0
2015-09-06 06:00:00,24.557966,1,0
2015-09-06 07:00:00,24.86789,1,0
2015-09-06 08:00:00,25.624866,1,0
2015-09-06 09:00:00,26.625689,1,0
2015-09-06 10:00:00,27.48609,1,0
2015-09-06 11:00:00,28.233665,1,0
2015-09-06 12:00:00,28.760391,1,0
2015-09-06 13:00:00,29.541777,1,0
2015-09-06 14:00:00,28.37895,1,0
2015-09-06 15:00:00,27.98378,1,0
2015-09-06 16:00:00,28.056908,1,0
2015-09-06 17:00:00,27.445984,1,0
2015-09-06 18:00:00,26.710148,1,0
2015-09-06 19:00:00,26.292229,1,0
2015-09-06 20:00:00,26.026098,1,0
2015-09-06 21:00:00,25.933123,1,0
2015-09-06 22:00:00,25.948402,1,0
2015-09-06 23:00:00,25.948664,1,0
2015-09-07 00:00:00,25.856396,0,0
2015-09-07 01:00:00,25.77762,0,0
2015-09-07 02:00:00,25.25101,0,0
2015-09-07 03:00:00,24.581713,0,0
2015-09-07 04:00:00,24.410488,0,0
2015-09-07 05:00:00,24.226358,0,0
2015-09-07 06:00:00,24.521461,0,0
2015-09-07 07:00:00,24.761274,0,0
2015-09-07 08:00:00,25.49334,0,0
2015-09-07 09:00:00,26.447647,0,0
2015-09-07 10:00:00,27.491882,0,0
2015-09-07 11:00:00,28.357754,0,0
2015-09-07 12:00:00,28.799498,0,0
2015-09-07 13:00:00,28.158947,0,0
2015-09-07 14:00:00,28.002108,0,0
2015-09-07 15:00:00,27.257576,0,0
2015-09-07 16:00:00,26.944866,0,0
2015-09-07 17:00:00,26.828476,0,0
2015-09-07 18:00:00,26.57405,0,0
2015-09-07 19:00:00,26.37141,0,0
2015-09-07 20:00:00,26.231075,0,0
2015-09-07 21:00:00,26.081451,0,0
2015-09-07 22:00:00,26.025099,0,0
2015-09-07 23:00:00,25.99878,0,0
2015-09-08 00:00:00,25.955656,0,0
2015-09-08 01:00:00,25.86432,0,0
2015-09-08 02:00:00,26.043686,0,0
2015-09-08 03:00:00,26.070004,0,0
2015-09-08 04:00:00,25.884352,0,0
2015-09-08 05:00:00,25.902678,0,0
2015-09-08 06:00:00,25.79814,0,0
2015-09-08 07:00:00,25.944016,0,0
2015-09-08 08:00:00,26.53635,0,0
2015-09-08 09:00:00,27.177542,0,0
2015-09-08 10:00:00,27.64449,0,0
2015-09-08 11:00:00,28.138428,0,0
2015-09-08 12:00:00,28.552662,0,0
2015-09-08 13:00:00,30.920399,0,0
2015-09-08 14:00:00,29.93616,0,0
2015-09-08 15:00:00,27.850315,0,0
2015-09-08 16:00:00,27.678766,0,0
2015-09-08 17:00:00,27.580143,0,0
2015-09-08 18:00:00,27.360033,0,0
2015-09-08 19:00:00,27.060555,0,0
2015-09-08 20:00:00,26.6987,0,0
2015-09-08 21:00:00,26.177097,0,0
2015-09-08 22:00:00,25.869743,0,0
2015-09-08 23:00:00,25.658178,0,0
2015-09-09 00:00:00,25.566694,0,0
2015-09-09 01:00:00,25.289707,0,0
2015-09-09 02:00:00,25.767433,0,0
2015-09-09 03:00:00,25.461819,0,0
2015-09-09 04:00:00,24.579813,0,0
2015-09-09 05:00:00,24.324718,0,0
2015-09-09 06:00:00,24.395647,0,0
2015-09-09 07:00:00,24.575274,0,0
2015-09-09 08:00:00,25.521181,0,0
2015-09-09 09:00:00,26.728651,0,0
2015-09-09 10:00:00,27.8721,0,0
2015-09-09 11:00:00,28.629833,0,0
2015-09-09 12:00:00,29.604893,0,0
2015-09-09 13:00:00,30.07111,0,0
2015-09-09 14:00:00,27.313486,0,0
2015-09-09 15:00:00,27.200401,0,0
2015-09-09 16:00:00,27.428738,0,0
2015-09-09 17:00:00,27.408478,0,0
2015-09-09 18:00:00,26.835205,0,0
2015-09-09 19:00:00,26.074574,0,0
2015-09-09 20:00:00,25.364534,0,0
2015-09-09 21:00:00,25.387428,0,0
2015-09-09 22:00:00,25.285496,0,0
2015-09-09 23:00:00,25.272266,0,0
2015-09-10 00:00:00,25.263273,0,0
2015-09-10 01:00:00,25.168627,0,0
2015-09-10 02:00:00,24.980928,0,0
2015-09-10 03:00:00,24.527767,0,0
2015-09-10 04:00:00,24.292786,0,0
2015-09-10 05:00:00,24.327766,0,0
2015-09-10 06:00:00,24.3484,0,0
2015-09-10 07:00:00,24.508846,0,0
2015-09-10 08:00:00,25.22729,0,0
2015-09-10 09:00:00,26.163534,0,0
2015-09-10 10:00:00,27.1299,0,0
2015-09-10 11:00:00,27.965881,0,0
2015-09-10 12:00:00,28.649048,0,0
2015-09-10 13:00:00,28.252909,0,0
2015-09-10 14:00:00,25.854816,0,0
2015-09-10 15:00:00,25.397446,0,0
2015-09-10 16:00:00,25.00187,0,0
2015-09-10 17:00:00,24.916332,0,0
2015-09-10 18:00:00,24.75626,0,0
2015-09-10 19:00:00,24.646006,0,0
2015-09-10 20:00:00,24.46861,0,0
2015-09-10 21:00:00,24.360733,0,0
2015-09-10 22:00:00,24.251333,0,0
2015-09-10 23:00:00,24.279697,0,0
2015-09-11 00:00:00,24.763863,0,0
2015-09-11 01:00:00,24.73212,0,0
2015-09-11 02:00:00,23.98643,0,0
2015-09-11 03:00:00,24.303448,0,0
2015-09-11 04:00:00,24.299875,0,0
2015-09-11 05:00:00,24.380257,0,0
2015-09-11 06:00:00,24.463196,0,0
2015-09-11 07:00:00,24.601484,0,0
2015-09-11 08:00:00,25.244045,0,0
2015-09-11 09:00:00,26.090805,0,0
2015-09-11 10:00:00,26.510538,0,0
2015-09-11 11:00:00,27.04719,0,0
2015-09-11 12:00:00,27.52544,0,0
2015-09-11 13:00:00,27.645668,0,0
2015-09-11 14:00:00,27.107523,0,0
2015-09-11 15:00:00,26.771015,0,0
2015-09-11 16:00:00,26.661701,0,0
2015-09-11 17:00:00,26.467173,0,0
2015-09-11 18:00:00,26.20751,0,0
2015-09-11 19:00:00,26.002678,0,0
2015-09-11 20:00:00,25.854465,0,0
2015-09-11 21:00:00,25.604872,0,0
2015-09-11 22:00:00,25.166725,0,0
2015-09-11 23:00:00,25.291115,0,0
2015-09-12 00:00:00,25.273905,1,0
2015-09-12 01:00:00,24.59483,1,0
2015-09-12 02:00:00,24.757065,1,0
2015-09-12 03:00:00,24.542715,1,0
2015-09-12 04:00:00,24.283052,1,0
2015-09-12 05:00:00,24.005396,1,0
2015-09-12 06:00:00,24.102346,1,0
2015-09-12 07:00:00,24.570265,1,0
2015-09-12 08:00:00,25.387661,1,0
2015-09-12 09:00:00,26.6884,1,0
2015-09-12 10:00:00,27.439806,1,0
2015-09-12 11:00:00,28.547682,1,0
2015-09-12 12:00:00,28.409946,1,0
2015-09-12 13:00:00,27.801655,1,0
2015-09-12 14:00:00,28.018133,1,0
2015-09-12 15:00:00,27.063486,1,0
2015-09-12 16:00:00,27.205725,1,0
2015-09-12 17:00:00,27.084352,1,0
2015-09-12 18:00:00,26.712866,1,0
2015-09-12 19:00:00,26.434498,1,0
2015-09-12 20:00:00,26.085758,1,0
2015-09-12 21:00:00,25.84773,1,0
2015-09-12 22:00:00,25.684498,1,0
2015-09-12 23:00:00,25.459818,1,0
2015-09-13 00:00:00,25.344803,1,0
2015-09-13 01:00:00,25.213913,1,0
2015-09-13 02:00:00,25.380306,1,0
2015-09-13 03:00:00,25.361979,1,0
2015-09-13 04:00:00,25.192131,1,0
2015-09-13 05:00:00,25.032207,1,0
2015-09-13 06:00:00,24.943916,1,0
2015-09-13 07:00:00,25.098486,1,0
2015-09-13 08:00:00,26.08245,1,0
2015-09-13 09:00:00,27.066648,1,0
2015-09-13 10:00:00,27.923857,1,0
2015-09-13 11:00:00,28.788582,1,0
2015-09-13 12:00:00,29.17278,1,0
2015-09-13 13:00:00,29.524565,1,0
2015-09-13 14:00:00,28.781174,1,0
2015-09-13 15:00:00,27.272518,1,0
2015-09-13 16:00:00,26.616089,1,0
2015-09-13 17:00:00,26.706394,1,0
2015-09-13 18:00:00,26.458178,1,0
2015-09-13 19:00:00,26.265059,1,0
2015-09-13 20:00:00,26.033384,1,0
2015-09-13 21:00:00,25.866726,1,0
2015-09-13 22:00:00,25.7871,1,0
2015-09-13 23:00:00,25.659111,1,0
2015-09-14 00:00:00,25.599564,0,0
2015-09-14 01:00:00,25.587593,0,0
2015-09-14 02:00:00,25.647635,0,0
2015-09-14 03:00:00,25.563766,0,0
2015-09-14 04:00:00,25.5467,0,0
2015-09-14 05:00:00,25.30384,0,0
2015-09-14 06:00:00,25.200533,0,0
2015-09-14 07:00:00,25.247108,0,0
2015-09-14 08:00:00,26.062748,0,0
2015-09-14 09:00:00,27.037169,0,0
2015-09-14 10:00:00,27.979765,0,0
2015-09-14 11:00:00,28.952253,0,0
2015-09-14 12:00:00,29.533665,0,0
2015-09-14 13:00:00,28.89069,0,0
2015-09-14 14:00:00,27.869871,0,0
2015-09-14 15:00:00,27.967318,0,0
2015-09-14 16:00:00,28.401747,0,0
2015-09-14 17:00:00,27.666647,0,0
2015-09-14 18:00:00,27.187021,0,0
2015-09-14 19:00:00,26.649137,0,0
2015-09-14 20:00:00,26.278814,0,0
2015-09-14 21:00:00,26.17223,0,0
2015-09-14 22:00:00,26.075798,0,0
2015-09-14 23:00:00,26.101118,0,0
2015-09-15 00:00:00,25.963318,0,0
2015-09-15 01:00:00,25.856558,0,0
2015-09-15 02:00:00,26.045702,0,0
2015-09-15 03:00:00,26.079424,0,0
2015-09-15 04:00:00,25.976114,0,0
2015-09-15 05:00:00,25.667189,0,0
2015-09-15 06:00:00,25.730162,0,0
2015-09-15 07:00:00,25.610603,0,0
2015-09-15 08:00:00,26.572788,0,0
2015-09-15 09:00:00,27.660294,0,0
2015-09-15 10:00:00,28.55553,0,0
2015-09-15 11:00:00,28.553844,0,0
2015-09-15 12:00:00,28.958416,0,0
2015-09-15 13:00:00,29.278902,0,0
2015-09-15 14:00:00,29.50065,0,0
2015-09-15 15:00:00,29.564,0,0
2015-09-15 16:00:00,28.544231,0,0
2015-09-15 17:00:00,28.34323,0,0
2015-09-15 18:00:00,27.773903,0,0
2015-09-15 19:00:00,27.262602,0,0
2015-09-15 20:00:00,26.892754,0,0
2015-09-15 21:00:00,26.587923,0,0
2015-09-15 22:00:00,26.376883,0,0
2015-09-15 23:00:00,26.224361,0,0
2015-09-16 00:00:00,26.161388,0,0
2015-09-16 01:00:00,26.057817,0,0
2015-09-16 02:00:00,26.073952,0,0
2015-09-16 03:00:00,25.924807,0,0
2015-09-16 04:00:00,25.419859,0,0
2015-09-16 05:00:00,25.304579,0,0
2015-09-16 06:00:00,25.213242,0,0
2015-09-16 07:00:00,25.088184,0,0
2015-09-16 08:00:00,25.078583,0,0
2015-09-16 09:00:00,25.546152,0,0
2015-09-16 10:00:00,26.15477,0,0
2015-09-16 11:00:00,26.730156,0,0
2015-09-16 12:00:00,27.364208,0,0
2015-09-16 13:00:00,27.641787,0,0
2015-09-16 14:00:00,27.313877,0,0
2015-09-16 15:00:00,27.445404,0,0
2015-09-16 16:00:00,27.450497,0,0
2015-09-16 17:00:00,27.362585,0,0
2015-09-16 18:00:00,26.938313,0,0
2015-09-16 19:00:00,26.632484,0,0
2015-09-16 20:00:00,26.303234,0,0
2015-09-16 21:00:00,26.145094,0,0
2015-09-16 22:00:00,25.998924,0,0
2015-09-16 23:00:00,25.837215,0,0
2015-09-17 00:00:00,25.63733,0,0
2015-09-17 01:00:00,25.444063,0,0
2015-09-17 02:00:00,25.71581,0,0
2015-09-17 03:00:00,25.526997,0,0
2015-09-17 04:00:00,25.31503,0,0
2015-09-17 05:00:00,25.109673,0,0
2015-09-17 06:00:00,25.129375,0,0
2015-09-17 07:00:00,24.81134,0,0
2015-09-17 08:00:00,25.345423,0,0
2015-09-17 09:00:00,26.271627,0,0
2015-09-17 10:00:00,27.38062,0,0
2015-09-17 11:00:00,28.409985,0,0
2015-09-17 12:00:00,29.297606,0,0
2015-09-17 13:00:00,29.179543,0,0
2015-09-17 14:00:00,27.74036,0,0
2015-09-17 15:00:00,27.845945,0,0
2015-09-17 16:00:00,27.943638,0,0
2015-09-17 17:00:00,27.863602,0,0
2015-09-17 18:00:00,27.400894,0,0
2015-09-17 19:00:00,26.882977,0,0
2015-09-17 20:00:00,26.558441,0,0
2015-09-17 21:00:00,25.997025,0,0
2015-09-17 22:00:00,25.893454,0,0
2015-09-17 23:00:00,25.754757,0,0
2015-09-18 00:00:00,25.57346,0,0
2015-09-18 01:00:00,25.431862,0,0
2015-09-18 02:00:00,25.574574,0,0
2015-09-18 03:00:00,25.479406,0,0
2015-09-18 04:00:00,25.121265,0,0
2015-09-18 05:00:00,24.95784,0,0
2015-09-18 06:00:00,25.020887,0,0
2015-09-18 07:00:00,24.826359,0,0
2015-09-18 08:00:00,25.462372,0,0
2015-09-18 09:00:00,26.258686,0,0
2015-09-18 10:00:00,27.291882,0,0
2015-09-18 11:00:00,28.188429,0,0
2015-09-18 12:00:00,28.876312,0,0
2015-09-18 13:00:00,29.334944,0,0
2015-09-18 14:00:00,29.584797,0,0
2015-09-18 15:00:00,28.277098,0,0
2015-09-18 16:00:00,27.035362,0,0
2015-09-18 17:00:00,26.781528,0,0
2015-09-18 18:00:00,26.427435,0,0
2015-09-18 19:00:00,26.183645,0,0
2015-09-18 20:00:00,25.675507,0,0
2015-09-18 21:00:00,25.490377,0,0
2015-09-18 22:00:00,25.611458,0,0
2015-09-18 23:00:00,24.862679,0,0
2015-09-19 00:00:00,24.780745,1,0
2015-09-19 01:00:00,24.81573,1,0
2015-09-19 02:00:00,24.75621,1,0
2015-09-19 03:00:00,24.677584,1,0
2015-09-19 04:00:00,24.97182,1,0
2015-09-19 05:00:00,24.730482,1,0
2015-09-19 06:00:00,24.470034,1,0
2015-09-19 07:00:00,24.689854,1,0
2015-09-19 08:00:00,25.523819,1,0
2015-09-19 09:00:00,26.557016,1,0
2015-09-19 10:00:00,27.542261,1,0
2015-09-19 11:00:00,28.122557,1,0
2015-09-19 12:00:00,29.038692,1,0
2015-09-19 13:00:00,28.985905,1,0
2015-09-19 14:00:00,29.564339,1,0
2015-09-19 15:00:00,29.624758,1,0
2015-09-19 16:00:00,29.444084,1,0
2015-09-19 17:00:00,28.23029,1,0
2015-09-19 18:00:00,27.484266,1,0
2015-09-19 19:00:00,26.964825,1,0
2015-09-19 20:00:00,26.53163,1,0
2015-09-19 21:00:00,26.099955,1,0
2015-09-19 22:00:00,25.77768,1,0
2015-09-19 23:00:00,25.240292,1,0
2015-09-20 00:00:00,24.974276,1,0
2015-09-20 01:00:00,24.738884,1,0
2015-09-20 02:00:00,25.24613,1,0
2015-09-20 03:00:00,25.21431,1,0
2015-09-20 04:00:00,25.009739,1,0
2015-09-20 05:00:00,25.053501,1,0
2015-09-20 06:00:00,24.743984,1,0
2015-09-20 07:00:00,24.601679,1,0
2015-09-20 08:00:00,25.932074,1,0
2015-09-20 09:00:00,27.184858,1,0
2015-09-20 10:00:00,28.240952,1,0
2015-09-20 11:00:00,28.844,1,0
2015-09-20 12:00:00,29.581879,1,0
2015-09-20 13:00:00,29.757053,1,0
2015-09-20 14:00:00,28.519379,1,0
2015-09-20 15:00:00,27.930021,1,0
2015-09-20 16:00:00,27.818281,1,0
2015-09-20 17:00:00,27.071995,1,0
2015-09-20 18:00:00,26.705572,1,0
2015-09-20 19:00:00,26.545238,1,0
2015-09-20 20:00:00,26.14041,1,0
2015-09-20 21:00:00,25.933199,1,0
2015-09-20 22:00:00,25.776175,1,0
2015-09-20 23:00:00,25.740967,1,0
2015-09-21 00:00:00,25.747847,0,0
2015-09-21 01:00:00,25.601418,0,0
2015-09-21 02:00:00,25.45194,0,0
2015-09-21 03:00:00,25.3948,0,0
2015-09-21 04:00:00,25.063648,0,0
2015-09-21 05:00:00,24.945324,0,0
2015-09-21 06:00:00,25.11529,0,0
2015-09-21 07:00:00,25.285398,0,0
2015-09-21 08:00:00,25.909586,0,0
2015-09-21 09:00:00,26.600285,0,0
2015-09-21 10:00:00,26.48916,0,0
2015-09-21 11:00:00,26.707369,0,0
2015-09-21 12:00:00,26.678856,0,0
2015-09-21 13:00:00,27.581842,0,0
2015-09-21 14:00:00,27.777765,0,0
2015-09-21 15:00:00,28.048878,0,0
2015-09-21 16:00:00,28.111963,0,0
2015-09-21 17:00:00,27.403563,0,0
2015-09-21 18:00:00,26.940184,0,0
2015-09-21 19:00:00,26.580666,0,0
2015-09-21 20:00:00,26.20918,0,0
2015-09-21 21:00:00,25.894306,0,0
2015-09-21 22:00:00,25.596092,0,0
2015-09-21 23:00:00,25.341522,0,0
2015-09-22 00:00:00,25.209848,0,0
2015-09-22 01:00:00,25.043425,0,0
2015-09-22 02:00:00,25.089708,0,0
2015-09-22 03:00:00,24.966959,0,0
2015-09-22 04:00:00,24.888592,0,0
2015-09-22 05:00:00,24.910751,0,0
2015-09-22 06:00:00,24.922983,0,0
2015-09-22 07:00:00,25.269152,0,0
2015-09-22 08:00:00,25.909327,0,0
2015-09-22 09:00:00,26.510033,0,0
2015-09-22 10:00:00,26.630028,0,0
2015-09-22 11:00:00,27.812586,0,0
2015-09-22 12:00:00,28.305183,0,0
2015-09-22 13:00:00,29.09523,0,0
2015-09-22 14:00:00,27.92508,0,0
2015-09-22 15:00:00,27.000248,0,0
2015-09-22 16:00:00,27.109995,0,0
2015-09-22 17:00:00,26.966726,0,0
2015-09-22 18:00:00,26.716726,0,0
2015-09-22 19:00:00,26.376911,0,0
2015-09-22 20:00:00,26.310373,0,0
2015-09-22 21:00:00,26.243832,0,0
2015-09-22 22:00:00,26.022459,0,0
2015-09-22 23:00:00,26.005249,0,0
2015-09-23 00:00:00,25.82826,0,0
2015-09-23 01:00:00,25.75194,0,0
2015-09-23 02:00:00,25.44737,0,0
2015-09-23 03:00:00,25.36596,0,0
2015-09-23 04:00:00,25.2438,0,0
2015-09-23 05:00:00,25.150417,0,0
2015-09-23 06:00:00,24.854986,0,0
2015-09-23 07:00:00,24.731453,0,0
2015-09-23 08:00:00,25.274199,0,0
2015-09-23 09:00:00,25.440214,0,0
2015-09-23 10:00:00,26.15664,0,0
2015-09-23 11:00:00,27.5711,0,0
2015-09-23 12:00:00,28.493706,0,0
2015-09-23 13:00:00,28.735273,0,0
2015-09-23 14:00:00,27.768402,0,0
2015-09-23 15:00:00,27.912426,0,0
2015-09-23 16:00:00,27.541792,0,0
2015-09-23 17:00:00,27.367144,0,0
2015-09-23 18:00:00,26.92926,0,0
2015-09-23 19:00:00,26.25335,0,0
2015-09-23 20:00:00,26.058443,0,0
2015-09-23 21:00:00,25.919743,0,0
2015-09-23 22:00:00,25.52729,0,0
2015-09-23 23:00:00,25.423985,0,0
2015-09-24 00:00:00,25.304132,0,0
2015-09-24 01:00:00,25.134022,0,0
2015-09-24 02:00:00,25.105656,0,0
2015-09-24 03:00:00,24.855396,0,0
2015-09-24 04:00:00,24.752087,0,0
2015-09-24 05:00:00,24.770264,0,0
2015-09-24 06:00:00,24.617628,0,0
2015-09-24 07:00:00,25.107887,0,0
2015-09-24 08:00:00,26.106462,0,0
2015-09-24 09:00:00,26.98088,0,0
2015-09-24 10:00:00,27.809246,0,0
2015-09-24 11:00:00,28.432405,0,0
2015-09-24 12:00:00,28.726194,0,0
2015-09-24 13:00:00,29.166386,0,0
2015-09-24 14:00:00,28.189768,0,0
2015-09-24 15:00:00,27.189177,0,0
2015-09-24 16:00:00,27.087507,0,0
2015-09-24 17:00:00,26.702234,0,0
2015-09-24 18:00:00,26.45387,0,0
2015-09-24 19:00:00,26.12893,0,0
2015-09-24 20:00:00,25.775358,0,0
2015-09-24 21:00:00,25.640457,0,0
2015-09-24 22:00:00,25.328405,0,0
2015-09-24 23:00:00,25.601418,0,0
2015-09-25 00:00:00,25.366812,0,0
2015-09-25 01:00:00,25.358934,0,0
2015-09-25 02:00:00,25.56845,0,0
2015-09-25 03:00:00,25.497149,0,0
2015-09-25 04:00:00,25.330685,0,0
2015-09-25 05:00:00,25.233507,0,0
2015-09-25 06:00:00,25.205664,0,0
2015-09-25 07:00:00,25.148077,0,0
2015-09-25 08:00:00,26.806519,0,0
2015-09-25 09:00:00,26.81044,0,0
2015-09-25 10:00:00,27.167349,0,0
2015-09-25 11:00:00,27.78746,0,0
2015-09-25 12:00:00,28.2985,0,0
2015-09-25 13:00:00,28.786612,0,0
2015-09-25 14:00:00,29.676184,0,0
2015-09-25 15:00:00,29.604286,0,0
2015-09-25 16:00:00,28.497438,0,0
2015-09-25 17:00:00,27.280077,0,0
2015-09-25 18:00:00,26.913013,0,0
2015-09-25 19:00:00,26.656395,0,0
2015-09-25 20:00:00,26.333645,0,0
2015-09-25 21:00:00,26.128813,0,0
2015-09-25 22:00:00,25.915583,0,0
2015-09-25 23:00:00,25.870674,0,0
2015-09-26 00:00:00,25.628998,1,0
2015-09-26 01:00:00,25.54706,1,0
2015-09-26 02:00:00,25.742424,1,0
2015-09-26 03:00:00,25.508886,1,0
2015-09-26 04:00:00,25.33673,1,0
2015-09-26 05:00:00,25.108742,1,0
2015-09-26 06:00:00,25.136806,1,0
2015-09-26 07:00:00,25.151447,1,0
2015-09-26 08:00:00,25.727388,1,0
2015-09-26 09:00:00,26.628504,1,0
2015-09-26 10:00:00,27.409655,1,0
2015-09-26 11:00:00,28.18545,1,0
2015-09-26 12:00:00,28.85463,1,0
2015-09-26 13:00:00,29.11277,1,0
2015-09-26 14:00:00,28.000906,1,0
2015-09-26 15:00:00,28.15623,1,0
2015-09-26 16:00:00,27.671103,1,0
2015-09-26 17:00:00,27.333973,1,0
2015-09-26 18:00:00,26.969627,1,0
2015-09-26 19:00:00,26.66011,1,0
2015-09-26 20:00:00,26.52539,1,0
2015-09-26 21:00:00,26.335953,1,0
2015-09-26 22:00:00,26.167627,1,0
2015-09-26 23:00:00,25.955917,1,0
2015-09-27 00:00:00,25.86915,1,0
2015-09-27 01:00:00,25.77729,1,0
2015-09-27 02:00:00,25.775358,1,0
2015-09-27 03:00:00,25.621384,1,0
2015-09-27 04:00:00,25.454578,1,0
2015-09-27 05:00:00,25.163912,1,0
2015-09-27 06:00:00,25.421236,1,0
2015-09-27 07:00:00,25.827969,1,0
2015-09-27 08:00:00,27.127766,1,0
2015-09-27 09:00:00,27.7448,1,0
2015-09-27 10:00:00,28.411226,1,0
2015-09-27 11:00:00,28.829552,1,0
2015-09-27 12:00:00,29.399994,1,0
2015-09-27 13:00:00,29.811523,1,0
2015-09-27 14:00:00,28.64806,1,0
2015-09-27 15:00:00,28.083336,1,0
2015-09-27 16:00:00,27.775604,1,0
2015-09-27 17:00:00,27.609211,1,0
2015-09-27 18:00:00,27.36111,1,0
2015-09-27 19:00:00,27.087952,1,0
2015-09-27 20:00:00,26.67829,1,0
2015-09-27 21:00:00,26.368889,1,0
2015-09-27 22:00:00,26.153465,1,0
2015-09-27 23:00:00,25.96529,1,0
2015-09-28 00:00:00,25.922167,0,0
2015-09-28 01:00:00,25.832092,0,0
2015-09-28 02:00:00,25.674952,0,0
2015-09-28 03:00:00,25.471382,0,0
2015-09-28 04:00:00,25.368595,0,0
2015-09-28 05:00:00,25.26529,0,0
2015-09-28 06:00:00,25.242016,0,0
2015-09-28 07:00:00,25.592161,0,0
2015-09-28 08:00:00,26.520412,0,0
2015-09-28 09:00:00,27.616056,0,0
2015-09-28 10:00:00,28.746422,0,0
2015-09-28 11:00:00,29.600061,0,0
2015-09-28 12:00:00,30.24939,0,0
2015-09-28 13:00:00,30.127495,0,0
2015-09-28 14:00:00,29.240707,0,0
2015-09-28 15:00:00,29.486988,0,0
2015-09-28 16:00:00,29.542822,0,0
2015-09-28 17:00:00,28.929737,0,0
2015-09-28 18:00:00,28.293491,0,0
2015-09-28 19:00:00,27.715912,0,0
2015-09-28 20:00:00,27.198254,0,0
2015-09-28 21:00:00,26.91851,0,0
2015-09-28 22:00:00,26.666988,0,0
2015-09-28 23:00:00,26.382122,0,0
2015-09-29 00:00:00,26.199303,0,0
2015-09-29 01:00:00,25.969528,0,0
2015-09-29 02:00:00,25.98388,0,0
2015-09-29 03:00:00,25.922167,0,0
2015-09-29 04:00:00,25.76529,0,0
2015-09-29 05:00:00,25.210606,0,0
2015-09-29 06:00:00,25.222166,0,0
2015-09-29 07:00:00,24.943947,0,0
2015-09-29 08:00:00,25.315826,0,0
2015-09-29 09:00:00,26.319347,0,0
2015-09-29 10:00:00,27.755184,0,0
2015-09-29 11:00:00,28.697897,0,0
2015-09-29 12:00:00,29.685518,0,0
2015-09-29 13:00:00,30.098488,0,0
2015-09-29 14:00:00,29.13966,0,0
2015-09-29 15:00:00,27.803185,0,0
2015-09-29 16:00:00,27.083443,0,0
2015-09-29 17:00:00,26.71828,0,0
2015-09-29 18:00:00,26.11044,0,0
2015-09-29 19:00:00,25.940445,0,0
2015-09-29 20:00:00,25.864126,0,0
2015-09-29 21:00:00,25.73119,0,0
2015-09-29 22:00:00,25.631714,0,0
2015-09-29 23:00:00,25.586954,0,0
2015-09-30 00:00:00,25.450974,0,0
2015-09-30 01:00:00,25.419676,0,0
2015-09-30 02:00:00,25.117626,0,0
2015-09-30 03:00:00,25.0909,0,0
2015-09-30 04:00:00,25.045916,0,0
2015-09-30 05:00:00,24.981045,0,0
2015-09-30 06:00:00,24.860748,0,0
2015-09-30 07:00:00,24.792309,0,0
2015-09-30 08:00:00,25.421442,0,0
2015-09-30 09:00:00,26.411995,0,0
2015-09-30 10:00:00,27.51794,0,0
2015-09-30 11:00:00,28.620695,0,0
2015-09-30 12:00:00,29.199408,0,0
2015-09-30 13:00:00,29.55881,0,0
2015-09-30 14:00:00,27.414486,0,0
2015-09-30 15:00:00,27.191113,0,0
2015-09-30 16:00:00,27.699486,0,0
2015-09-30 17:00:00,27.629375,0,0
2015-09-30 18:00:00,27.221973,0,0
2015-09-30 19:00:00,26.727327,0,0
2015-09-30 20:00:00,26.252531,0,0
2015-09-30 21:00:00,26.012718,0,0
2015-09-30 22:00:00,25.663126,0,0
2015-09-30 23:00:00,25.08543,0,0
2015-10-01 00:00:00,24.889854,0,0
2015-10-01 01:00:00,24.72179,0,0
2015-10-01 02:00:00,24.427143,0,0
2015-10-01 03:00:00,24.277212,0,0
2015-10-01 04:00:00,24.482716,0,0
2015-10-01 05:00:00,24.46082,0,0
2015-10-01 06:00:00,24.534088,0,0
2015-10-01 07:00:00,24.760227,0,0
2015-10-01 08:00:00,25.445831,0,0
2015-10-01 09:00:00,26.373558,0,0
2015-10-01 10:00:00,27.68776,0,0
2015-10-01 11:00:00,27.935152,0,0
2015-10-01 12:00:00,29.262884,0,0
2015-10-01 13:00:00,27.586605,0,0
2015-10-01 14:00:00,26.325142,0,0
2015-10-01 15:00:00,25.669312,0,0
2015-10-01 16:00:00,25.952738,0,0
2015-10-01 17:00:00,25.95628,0,0
2015-10-01 18:00:00,25.773458,0,0
2015-10-01 19:00:00,25.6003,0,0
2015-10-01 20:00:00,25.575357,0,0
2015-10-01 21:00:00,25.440376,0,0
2015-10-01 22:00:00,25.450417,0,0
2015-10-01 23:00:00,25.01432,0,0
2015-10-02 00:00:00,24.594503,0,0
2015-10-02 01:00:00,24.541191,0,0
2015-10-02 02:00:00,24.269707,0,0
2015-10-02 03:00:00,24.183313,0,0
2015-10-02 04:00:00,24.219822,0,0
2015-10-02 05:00:00,24.762241,0,0
2015-10-02 06:00:00,24.82202,0,0
2015-10-02 07:00:00,25.171497,0,0
2015-10-02 08:00:00,25.82279,0,0
2015-10-02 09:00:00,26.732977,0,0
2015-10-02 10:00:00,27.523605,0,0
2015-10-02 11:00:00,28.427174,0,0
2015-10-02 12:00:00,28.722752,0,0
2015-10-02 13:00:00,28.92963,0,0
2015-10-02 14:00:00,28.114834,0,0
2015-10-02 15:00:00,27.81689,0,0
2015-10-02 16:00:00,27.719006,0,0
2015-10-02 17:00:00,27.428669,0,0
2015-10-02 18:00:00,26.491045,0,0
2015-10-02 19:00:00,25.982906,0,0
2015-10-02 20:00:00,25.709229,0,0
2015-10-02 21:00:00,25.669004,0,0
2015-10-02 22:00:00,25.469004,0,0
2015-10-02 23:00:00,25.269121,0,0
2015-10-03 00:00:00,25.252317,1,0
2015-10-03 01:00:00,25.255102,1,0
2015-10-03 02:00:00,25.308674,1,0
2015-10-03 03:00:00,25.178898,1,0
2015-10-03 04:00:00,25.097342,1,0
2015-10-03 05:00:00,25.044033,1,0
2015-10-03 06:00:00,24.934107,1,0
2015-10-03 07:00:00,25.328754,1,0
2015-10-03 08:00:00,26.31134,1,0
2015-10-03 09:00:00,27.30487,1,0
2015-10-03 10:00:00,28.295094,1,0
2015-10-03 11:00:00,29.045238,1,0
2015-10-03 12:00:00,29.297434,1,0
2015-10-03 13:00:00,29.29948,1,0
2015-10-03 14:00:00,28.463528,1,0
2015-10-03 15:00:00,28.533674,1,0
2015-10-03 16:00:00,28.560701,1,0
2015-10-03 17:00:00,28.387283,1,0
2015-10-03 18:00:00,27.892492,1,0
2015-10-03 19:00:00,27.569336,1,0
2015-10-03 20:00:00,27.027067,1,0
2015-10-03 21:00:00,26.899487,1,0
2015-10-03 22:00:00,25.612497,1,0
2015-10-03 23:00:00,25.354015,1,0
2015-10-04 00:00:00,25.935991,1,0
2015-10-04 01:00:00,25.856218,1,0
2015-10-04 02:00:00,25.010225,1,0
2015-10-04 03:00:00,25.709003,1,0
2015-10-04 04:00:00,25.061602,1,0
2015-10-04 05:00:00,24.933498,1,0
2015-10-04 06:00:00,24.810566,1,0
2015-10-04 07:00:00,25.617481,1,0
2015-10-04 08:00:00,27.067553,1,0
2015-10-04 09:00:00,27.75523,1,0
2015-10-04 10:00:00,28.7514,1,0
2015-10-04 11:00:00,29.474148,1,0
2015-10-04 12:00:00,29.716417,1,0
2015-10-04 13:00:00,28.873995,1,0
2015-10-04 14:00:00,28.034006,1,0
2015-10-04 15:00:00,28.039852,1,0
2015-10-04 16:00:00,28.146324,1,0
2015-10-04 17:00:00,27.907772,1,0
2015-10-04 18:00:00,27.486282,1,0
2015-10-04 19:00:00,27.106655,1,0
2015-10-04 20:00:00,26.907295,1,0
2015-10-04 21:00:00,26.730978,1,0
2015-10-04 22:00:00,26.503134,1,0
2015-10-04 23:00:00,26.289639,1,0
2015-10-05 00:00:00,26.055773,0,0
2015-10-05 01:00:00,25.834139,0,0
2015-10-05 02:00:00,25.4212,0,0
2015-10-05 03:00:00,25.392979,0,0
2015-10-05 04:00:00,25.382938,0,0
2015-10-05 05:00:00,25.177097,0,0
2015-10-05 06:00:00,25.27056,0,0
2015-10-05 07:00:00,25.370335,0,0
2015-10-05 08:00:00,26.374456,0,0
2015-10-05 09:00:00,27.303972,0,0
2015-10-05 10:00:00,28.37341,0,0
2015-10-05 11:00:00,29.148947,0,0
2015-10-05 12:00:00,29.611507,0,0
2015-10-05 13:00:00,29.750206,0,0
2015-10-05 14:00:00,30.277756,0,0
2015-10-05 15:00:00,30.111479,0,0
2015-10-05 16:00:00,29.404238,0,0
2015-10-05 17:00:00,28.611788,0,0
2015-10-05 18:00:00,28.178328,0,0
2015-10-05 19:00:00,27.745392,0,0
2015-10-05 20:00:00,27.424692,0,0
2015-10-05 21:00:00,27.154985,0,0
2015-10-05 22:00:00,27.008442,0,0
2015-10-05 23:00:00,26.786953,0,0
2015-10-06 00:00:00,26.694946,0,0
2015-10-06 01:00:00,26.323458,0,0
2015-10-06 02:00:00,25.821266,0,0
2015-10-06 03:00:00,25.811079,0,0
2015-10-06 04:00:00,25.726097,0,0
2015-10-06 05:00:00,25.722904,0,0
2015-10-06 06:00:00,25.809412,0,0
2015-10-06 07:00:00,25.878115,0,0
2015-10-06 08:00:00,26.572412,0,0
2015-10-06 09:00:00,27.258919,0,0
2015-10-06 10:00:00,28.098091,0,0
2015-10-06 11:00:00,28.579048,0,0
2015-10-06 12:00:00,29.24325,0,0
2015-10-06 13:00:00,29.306744,0,0
2015-10-06 14:00:00,28.664755,0,0
2015-10-06 15:00:00,28.93855,0,0
2015-10-06 16:00:00,28.852686,0,0
2015-10-06 17:00:00,28.245478,0,0
2015-10-06 18:00:00,27.569567,0,0
2015-10-06 19:00:00,27.140348,0,0
2015-10-06 20:00:00,26.78566,0,0
2015-10-06 21:00:00,26.760717,0,0
2015-10-06 22:00:00,26.546965,0,0
2015-10-06 23:00:00,26.3467,0,0
2015-10-07 00:00:00,26.256886,0,0
2015-10-07 01:00:00,26.036253,0,0
2015-10-07 02:00:00,25.23833,0,0
2015-10-07 03:00:00,25.096731,0,0
2015-10-07 04:00:00,24.93833,0,0
2015-10-07 05:00:00,24.832306,0,0
2015-10-07 06:00:00,24.872528,0,0
2015-10-07 07:00:00,25.142376,0,0
2015-10-07 08:00:00,25.88286,0,0
2015-10-07 09:00:00,26.550663,0,0
2015-10-07 10:00:00,27.472887,0,0
2015-10-07 11:00:00,28.015224,0,0
2015-10-07 12:00:00,27.575294,0,0
2015-10-07 13:00:00,27.926672,0,0
2015-10-07 14:00:00,27.39146,0,0
2015-10-07 15:00:00,27.188137,0,0
2015-10-07 16:00:00,27.329996,0,0
2015-10-07 17:00:00,26.966911,0,0
2015-10-07 18:00:00,26.48219,0,0
2015-10-07 19:00:00,26.272936,0,0
2015-10-07 20:00:00,26.116467,0,0
2015-10-07 21:00:00,25.97246,0,0
2015-10-07 22:00:00,25.882647,0,0
2015-10-07 23:00:00,25.75618,0,0
2015-10-08 00:00:00,25.712797,0,0
2015-10-08 01:00:00,25.670937,0,0
2015-10-08 02:00:00,25.621384,0,0
2015-10-08 03:00:00,25.524689,0,0
2015-10-08 04:00:00,25.389706,0,0
2015-10-08 05:00:00,25.249632,0,0
2015-10-08 06:00:00,25.191494,0,0
2015-10-08 07:00:00,25.33283,0,0
2015-10-08 08:00:00,26.244686,0,0
2015-10-08 09:00:00,27.129406,0,0
2015-10-08 10:00:00,27.94059,0,0
2015-10-08 11:00:00,28.641443,0,0
2015-10-08 12:00:00,29.112932,0,0
2015-10-08 13:00:00,29.434534,0,0
2015-10-08 14:00:00,27.67695,0,0
2015-10-08 15:00:00,27.104347,0,0
2015-10-08 16:00:00,26.899137,0,0
2015-10-08 17:00:00,26.785908,0,0
2015-10-08 18:00:00,26.557133,0,0
2015-10-08 19:00:00,26.091852,0,0
2015-10-08 20:00:00,25.922558,0,0
2015-10-08 21:00:00,25.804903,0,0
2015-10-08 22:00:00,25.808733,0,0
2015-10-08 23:00:00,25.684431,0,0
2015-10-09 00:00:00,25.732908,0,0
2015-10-09 01:00:00,25.651495,0,0
2015-10-09 02:00:00,24.778553,0,0
2015-10-09 03:00:00,24.533648,0,0
2015-10-09 04:00:00,24.492523,0,0
2015-10-09 05:00:00,24.34416,0,0
2015-10-09 06:00:00,24.260963,0,0
2015-10-09 07:00:00,24.262749,0,0
2015-10-09 08:00:00,24.872442,0,0
2015-10-09 09:00:00,25.763517,0,0
2015-10-09 10:00:00,27.040096,0,0
2015-10-09 11:00:00,28.009277,0,0
2015-10-09 12:00:00,28.843851,0,0
2015-10-09 13:00:00,29.23352,0,0
2015-10-09 14:00:00,28.498669,0,0
2015-10-09 15:00:00,28.672844,0,0
2015-10-09 16:00:00,28.4395,0,0
2015-10-09 17:00:00,27.029161,0,0
2015-10-09 18:00:00,26.760717,0,0
2015-10-09 19:00:00,26.344326,0,0
2015-10-09 20:00:00,26.067074,0,0
2015-10-09 21:00:00,25.746439,0,0
2015-10-09 22:00:00,25.300156,0,0
2015-10-09 23:00:00,25.13376,0,0
2015-10-10 00:00:00,25.142044,1,0
2015-10-10 01:00:00,24.989447,1,0
2015-10-10 02:00:00,24.661604,1,0
2015-10-10 03:00:00,24.727816,1,0
2015-10-10 04:00:00,24.640785,1,0
2015-10-10 05:00:00,24.532267,1,0
2015-10-10 06:00:00,24.431005,1,0
2015-10-10 07:00:00,24.238216,1,0
2015-10-10 08:00:00,24.692406,1,0
2015-10-10 09:00:00,25.4108,1,0
2015-10-10 10:00:00,25.845146,1,0
2015-10-10 11:00:00,26.873838,1,0
2015-10-10 12:00:00,27.980755,1,0
2015-10-10 13:00:00,28.480423,1,0
2015-10-10 14:00:00,27.345558,1,0
2015-10-10 15:00:00,26.773489,1,0
2015-10-10 16:00:00,26.104233,1,0
2015-10-10 17:00:00,25.95977,1,0
2015-10-10 18:00:00,25.78252,1,0
2015-10-10 19:00:00,25.75104,1,0
2015-10-10 20:00:00,25.438253,1,0
2015-10-10 21:00:00,25.286991,1,0
2015-10-10 22:00:00,25.131899,1,0
2015-10-10 23:00:00,24.625835,1,0
2015-10-11 00:00:00,24.36301,1,0
2015-10-11 01:00:00,24.247993,1,0
2015-10-11 02:00:00,24.3068,1,0
2015-10-11 03:00:00,24.296547,1,0
2015-10-11 04:00:00,24.097477,1,0
2015-10-11 05:00:00,24.00751,1,0
2015-10-11 06:00:00,24.052677,1,0
2015-10-11 07:00:00,24.521118,1,0
2015-10-11 08:00:00,27.795923,1,0
2015-10-11 09:00:00,25.982569,1,0
2015-10-11 10:00:00,26.241182,1,0
2015-10-11 11:00:00,26.784304,1,0
2015-10-11 12:00:00,27.362408,1,0
2015-10-11 13:00:00,27.751816,1,0
2015-10-11 14:00:00,27.449177,1,0
2015-10-11 15:00:00,26.506016,1,0
2015-10-11 16:00:00,26.175243,1,0
2015-10-11 17:00:00,25.88417,1,0
2015-10-11 18:00:00,25.817366,1,0
2015-10-11 19:00:00,25.605917,1,0
2015-10-11 20:00:00,25.47919,1,0
2015-10-11 21:00:00,25.339378,1,0
2015-10-11 22:00:00,25.162388,1,0
2015-10-11 23:00:00,24.934954,1,0
2015-10-12 00:00:00,25.130306,0,0
2015-10-12 01:00:00,24.430521,0,0
2015-10-12 02:00:00,24.521711,0,0
2015-10-12 03:00:00,24.476803,0,0
2015-10-12 04:00:00,24.433422,0,0
2015-10-12 05:00:00,24.331635,0,0
2015-10-12 06:00:00,24.308626,0,0
2015-10-12 07:00:00,24.56398,0,0
2015-10-12 08:00:00,25.372528,0,0
2015-10-12 09:00:00,26.488806,0,0
2015-10-12 10:00:00,27.32048,0,0
2015-10-12 11:00:00,28.050255,0,0
2015-10-12 12:00:00,28.628242,0,0
2015-10-12 13:00:00,28.991592,0,0
2015-10-12 14:00:00,27.81948,0,0
2015-10-12 15:00:00,27.646538,0,0
2015-10-12 16:00:00,27.157133,0,0
2015-10-12 17:00:00,26.775982,0,0
2015-10-12 18:00:00,26.295094,0,0
2015-10-12 19:00:00,26.023197,0,0
2015-10-12 20:00:00,25.8013,0,0
2015-10-12 21:00:00,25.541378,0,0
2015-10-12 22:00:00,25.277653,0,0
2015-10-12 23:00:00,25.067581,0,0
2015-10-13 00:00:00,24.937283,0,0
2015-10-13 01:00:00,24.826952,0,0
2015-10-13 02:00:00,24.979849,0,0
2015-10-13 03:00:00,24.920189,0,0
2015-10-13 04:00:00,24.928852,0,0
2015-10-13 05:00:00,24.930521,0,0
2015-10-13 06:00:00,24.870333,0,0
2015-10-13 07:00:00,25.110226,0,0
2015-10-13 08:00:00,25.834793,0,0
2015-10-13 09:00:00,26.818989,0,0
2015-10-13 10:00:00,27.758278,0,0
2015-10-13 11:00:00,28.4608,0,0
2015-10-13 12:00:00,29.271957,0,0
2015-10-13 13:00:00,29.591774,0,0
2015-10-13 14:00:00,28.02898,0,0
2015-10-13 15:00:00,27.736712,0,0
2015-10-13 16:00:00,27.539137,0,0
2015-10-13 17:00:00,27.150225,0,0
2015-10-13 18:00:00,26.28476,0,0
2015-10-13 19:00:00,26.109818,0,0
2015-10-13 20:00:00,25.839445,0,0
2015-10-13 21:00:00,25.599632,0,0
2015-10-13 22:00:00,25.471788,0,0
2015-10-13 23:00:00,25.373837,0,0
2015-10-14 00:00:00,25.225622,0,0
2015-10-14 01:00:00,25.008558,0,0
2015-10-14 02:00:00,24.631453,0,0
2015-10-14 03:00:00,24.556393,0,0
2015-10-14 04:00:00,24.572607,0,0
2015-10-14 05:00:00,24.459782,0,0
2015-10-14 06:00:00,24.364979,0,0
2015-10-14 07:00:00,24.900486,0,0
2015-10-14 08:00:00,25.448729,0,0
2015-10-14 09:00:00,26.156492,0,0
2015-10-14 10:00:00,26.886528,0,0
2015-10-14 11:00:00,27.315302,0,0
2015-10-14 12:00:00,28.021034,0,0
2015-10-14 13:00:00,28.276474,0,0
2015-10-14 14:00:00,27.02894,0,0
2015-10-14 15:00:00,27.990776,0,0
2015-10-14 16:00:00,26.757538,0,0
2015-10-14 17:00:00,26.543163,0,0
2015-10-14 18:00:00,26.331713,0,0
2015-10-14 19:00:00,26.118483,0,0
2015-10-14 20:00:00,25.965435,0,0
2015-10-14 21:00:00,25.520937,0,0
2015-10-14 22:00:00,25.443947,0,0
2015-10-14 23:00:00,25.23376,0,0
2015-10-15 00:00:00,24.794422,0,0
2015-10-15 01:00:00,24.351185,0,0
2015-10-15 02:00:00,24.287838,0,0
2015-10-15 03:00:00,24.328253,0,0
2015-10-15 04:00:00,24.289816,0,0
2015-10-15 05:00:00,24.760489,0,0
2015-10-15 06:00:00,24.796846,0,0
2015-10-15 07:00:00,25.114765,0,0
2015-10-15 08:00:00,25.928766,0,0
2015-10-15 09:00:00,26.377537,0,0
2015-10-15 10:00:00,26.902884,0,0
2015-10-15 11:00:00,27.479614,0,0
2015-10-15 12:00:00,27.802,0,0
2015-10-15 13:00:00,28.282415,0,0
2015-10-15 14:00:00,27.123636,0,0
2015-10-15 15:00:00,26.79006,0,0
2015-10-15 16:00:00,26.39984,0,0
2015-10-15 17:00:00,26.001476,0,0
2015-10-15 18:00:00,25.766989,0,0
2015-10-15 19:00:00,25.492193,0,0
2015-10-15 20:00:00,25.057732,0,0
2015-10-15 21:00:00,25.001118,0,0
2015-10-15 22:00:00,24.862566,0,0
2015-10-15 23:00:00,24.696024,0,0
2015-10-16 00:00:00,24.625914,0,0
2015-10-16 01:00:00,24.537247,0,0
2015-10-16 02:00:00,24.528484,0,0
2015-10-16 03:00:00,24.564991,0,0
2015-10-16 04:00:00,24.514988,0,0
2015-10-16 05:00:00,24.538145,0,0
2015-10-16 06:00:00,24.409964,0,0
2015-10-16 07:00:00,24.659819,0,0
2015-10-16 08:00:00,25.414534,0,0
2015-10-16 09:00:00,25.99033,0,0
2015-10-16 10:00:00,26.193666,0,0
2015-10-16 11:00:00,26.882511,0,0
2015-10-16 12:00:00,27.318281,0,0
2015-10-16 13:00:00,27.532034,0,0
2015-10-16 14:00:00,26.706995,0,0
2015-10-16 15:00:00,26.676699,0,0
2015-10-16 16:00:00,26.507587,0,0
2015-10-16 17:00:00,26.203348,0,0
2015-10-16 18:00:00,25.73022,0,0
2015-10-16 19:00:00,25.059404,0,0
2015-10-16 20:00:00,25.092339,0,0
2015-10-16 21:00:00,24.541485,0,0
2015-10-16 22:00:00,24.519588,0,0
2015-10-16 23:00:00,25.028553,0,0
2015-10-17 00:00:00,24.679075,1,0
2015-10-17 01:00:00,24.239672,1,0
2015-10-17 02:00:00,24.326584,1,0
2015-10-17 03:00:00,24.244764,1,0
2015-10-17 04:00:00,24.26142,1,0
2015-10-17 05:00:00,24.923689,1,0
2015-10-17 06:00:00,24.133053,1,0
2015-10-17 07:00:00,24.492832,1,0
2015-10-17 08:00:00,25.295618,1,0
2015-10-17 09:00:00,26.313911,1,0
2015-10-17 10:00:00,27.332485,1,0
2015-10-17 11:00:00,28.050417,1,0
2015-10-17 12:00:00,28.108343,1,0
2015-10-17 13:00:00,27.910566,1,0
2015-10-17 14:00:00,28.078096,1,0
2015-10-17 15:00:00,27.961277,1,0
2015-10-17 16:00:00,26.331726,1,0
2015-10-17 17:00:00,25.77611,1,0
2015-10-17 18:00:00,25.617563,1,0
2015-10-17 19:00:00,25.558094,1,0
2015-10-17 20:00:00,25.501623,1,0
2015-10-17 21:00:00,25.33063,1,0
2015-10-17 22:00:00,25.091852,1,0
2015-10-17 23:00:00,24.983452,1,0
2015-10-18 00:00:00,24.941853,1,0
2015-10-18 01:00:00,24.89721,1,0
2015-10-18 02:00:00,25.066238,1,0
2015-10-18 03:00:00,25.045868,1,0
2015-10-18 04:00:00,24.97728,1,0
2015-10-18 05:00:00,24.938215,1,0
2015-10-18 06:00:00,24.707577,1,0
2015-10-18 07:00:00,25.048584,1,0
2015-10-18 08:00:00,26.028435,1,0
2015-10-18 09:00:00,27.173819,1,0
2015-10-18 10:00:00,28.141214,1,0
2015-10-18 11:00:00,28.980097,1,0
2015-10-18 12:00:00,29.069386,1,0
2015-10-18 13:00:00,28.119057,1,0
2015-10-18 14:00:00,27.923227,1,0
2015-10-18 15:00:00,28.576475,1,0
2015-10-18 16:00:00,28.315735,1,0
2015-10-18 17:00:00,27.401535,1,0
2015-10-18 18:00:00,26.841494,1,0
2015-10-18 19:00:00,26.40361,1,0
2015-10-18 20:00:00,26.105394,1,0
2015-10-18 21:00:00,25.825361,1,0
2015-10-18 22:00:00,25.495064,1,0
2015-10-18 23:00:00,25.307034,1,0
2015-10-19 00:00:00,25.189116,0,0
2015-10-19 01:00:00,25.035398,0,0
2015-10-19 02:00:00,25.037106,0,0
2015-10-19 03:00:00,25.006954,0,0
2015-10-19 04:00:00,24.898293,0,0
2015-10-19 05:00:00,24.69056,0,0
2015-10-19 06:00:00,24.349632,0,0
2015-10-19 07:00:00,24.616959,0,0
2015-10-19 08:00:00,25.532597,0,0
2015-10-19 09:00:00,26.587313,0,0
2015-10-19 10:00:00,27.704445,0,0
2015-10-19 11:00:00,28.768795,0,0
2015-10-19 12:00:00,29.713556,0,0
2015-10-19 13:00:00,29.758984,0,0
2015-10-19 14:00:00,29.532927,0,0
2015-10-19 15:00:00,28.45631,0,0
2015-10-19 16:00:00,28.321297,0,0
2015-10-19 17:00:00,27.625244,0,0
2015-10-19 18:00:00,27.370003,0,0
2015-10-19 19:00:00,27.126884,0,0
2015-10-19 20:00:00,26.835806,0,0
2015-10-19 21:00:00,26.461012,0,0
2015-10-19 22:00:00,26.26406,0,0
2015-10-19 23:00:00,26.042425,0,0
2015-10-20 00:00:00,25.869413,0,0
2015-10-20 01:00:00,25.531122,0,0
2015-10-20 02:00:00,25.411911,0,0
2015-10-20 03:00:00,25.212097,0,0
2015-10-20 04:00:00,25.123137,0,0
2015-10-20 05:00:00,25.044771,0,0
2015-10-20 06:00:00,24.981682,0,0
2015-10-20 07:00:00,25.214504,0,0
2015-10-20 08:00:00,26.25751,0,0
2015-10-20 09:00:00,27.150517,0,0
2015-10-20 10:00:00,28.218317,0,0
2015-10-20 11:00:00,29.179504,0,0
2015-10-20 12:00:00,29.927309,0,0
2015-10-20 13:00:00,30.273596,0,0
2015-10-20 14:00:00,29.844906,0,0
2015-10-20 15:00:00,27.514446,0,0
2015-10-20 16:00:00,26.72545,0,0
2015-10-20 17:00:00,26.384035,0,0
2015-10-20 18:00:00,25.989622,0,0
2015-10-20 19:00:00,25.896355,0,0
2015-10-20 20:00:00,25.81989,0,0
2015-10-20 21:00:00,25.638853,0,0
2015-10-20 22:00:00,25.54737,0,0
2015-10-20 23:00:00,25.477406,0,0
2015-10-21 00:00:00,25.3825,0,0
2015-10-21 01:00:00,25.375622,0,0
2015-10-21 02:00:00,25.01298,0,0
2015-10-21 03:00:00,25.08733,0,0
2015-10-21 04:00:00,24.868286,0,0
2015-10-21 05:00:00,24.930637,0,0
2015-10-21 06:00:00,24.880638,0,0
2015-10-21 07:00:00,25.1364,0,0
2015-10-21 08:00:00,25.953085,0,0
2015-10-21 09:00:00,27.093637,0,0
2015-10-21 10:00:00,27.951632,0,0
2015-10-21 11:00:00,28.831753,0,0
2015-10-21 12:00:00,29.770636,0,0
2015-10-21 13:00:00,27.898354,0,0
2015-10-21 14:00:00,27.528912,0,0
2015-10-21 15:00:00,27.839952,0,0
2015-10-21 16:00:00,27.571772,0,0
2015-10-21 17:00:00,27.435528,0,0
2015-10-21 18:00:00,27.09126,0,0
2015-10-21 19:00:00,26.385315,0,0
2015-10-21 20:00:00,25.728174,0,0
2015-10-21 21:00:00,25.436169,0,0
2015-10-21 22:00:00,25.29416,0,0
2015-10-21 23:00:00,25.105463,0,0
2015-10-22 00:00:00,24.907326,0,0
2015-10-22 01:00:00,24.649254,0,0
2015-10-22 02:00:00,25.32235,0,0
2015-10-22 03:00:00,25.153502,0,0
2015-10-22 04:00:00,25.108673,0,0
2015-10-22 05:00:00,24.878521,0,0
2015-10-22 06:00:00,24.695063,0,0
2015-10-22 07:00:00,24.739706,0,0
2015-10-22 08:00:00,25.501446,0,0
2015-10-22 09:00:00,26.285711,0,0
2015-10-22 10:00:00,27.219055,0,0
2015-10-22 11:00:00,28.218794,0,0
2015-10-22 12:00:00,29.076525,0,0
2015-10-22 13:00:00,29.288351,0,0
2015-10-22 14:00:00,28.699467,0,0
2015-10-22 15:00:00,28.859625,0,0
2015-10-22 16:00:00,28.668142,0,0
2015-10-22 17:00:00,28.038254,0,0
2015-10-22 18:00:00,27.274166,0,0
2015-10-22 19:00:00,26.73833,0,0
2015-10-22 20:00:00,26.480337,0,0
2015-10-22 21:00:00,26.259228,0,0
2015-10-22 22:00:00,26.104395,0,0
2015-10-22 23:00:00,25.8325,0,0
2015-10-23 00:00:00,25.803988,0,0
2015-10-23 01:00:00,25.57562,0,0
2015-10-23 02:00:00,25.305017,0,0
2015-10-23 03:00:00,25.240854,0,0
2015-10-23 04:00:00,25.106365,0,0
2015-10-23 05:00:00,24.893015,0,0
2015-10-23 06:00:00,24.868927,0,0
2015-10-23 07:00:00,25.0929,0,0
2015-10-23 08:00:00,25.946568,0,0
2015-10-23 09:00:00,26.939806,0,0
2015-10-23 10:00:00,27.860914,0,0
2015-10-23 11:00:00,28.54716,0,0
2015-10-23 12:00:00,29.081112,0,0
2015-10-23 13:00:00,29.582605,0,0
2015-10-23 14:00:00,29.386322,0,0
2015-10-23 15:00:00,27.791523,0,0
2015-10-23 16:00:00,27.172459,0,0
2015-10-23 17:00:00,26.76406,0,0
2015-10-23 18:00:00,26.572052,0,0
2015-10-23 19:00:00,26.188593,0,0
2015-10-23 20:00:00,25.951824,0,0
2015-10-23 21:00:00,25.798779,0,0
2015-10-23 22:00:00,25.673313,0,0
2015-10-23 23:00:00,25.559818,0,0
2015-10-24 00:00:00,25.36688,1,0
2015-10-24 01:00:00,25.157364,1,0
2015-10-24 02:00:00,24.925428,1,0
2015-10-24 03:00:00,24.61234,1,0
2015-10-24 04:00:00,24.33643,1,0
2015-10-24 05:00:00,24.163155,1,0
2015-10-24 06:00:00,24.079552,1,0
2015-10-24 07:00:00,24.52896,1,0
2015-10-24 08:00:00,25.73773,1,0
2015-10-24 09:00:00,26.418985,1,0
2015-10-24 10:00:00,27.432335,1,0
2015-10-24 11:00:00,28.172266,1,0
2015-10-24 12:00:00,28.910002,1,0
2015-10-24 13:00:00,28.684013,1,0
2015-10-24 14:00:00,27.3542,1,0
2015-10-24 15:00:00,27.343277,1,0
2015-10-24 16:00:00,26.963911,1,0
2015-10-24 17:00:00,26.434023,1,0
2015-10-24 18:00:00,26.081715,1,0
2015-10-24 19:00:00,25.620152,1,0
2015-10-24 20:00:00,25.526768,1,0
2015-10-24 21:00:00,25.381453,1,0
2015-10-24 22:00:00,25.394094,1,0
2015-10-24 23:00:00,25.428814,1,0
2015-10-25 00:00:00,25.048368,1,0
2015-10-25 01:00:00,24.697517,1,0
2015-10-25 02:00:00,24.894062,1,0
2015-10-25 03:00:00,24.967073,1,0
2015-10-25 04:00:00,24.848633,1,0
2015-10-25 05:00:00,24.403872,1,0
2015-10-25 06:00:00,24.47015,1,0
2015-10-25 07:00:00,25.010195,1,0
2015-10-25 08:00:00,26.466026,1,0
2015-10-25 09:00:00,27.127853,1,0
2015-10-25 10:00:00,27.754463,1,0
2015-10-25 11:00:00,28.21301,1,0
2015-10-25 12:00:00,26.937246,1,0
2015-10-25 13:00:00,27.320036,1,0
2015-10-25 14:00:00,27.361925,1,0
2015-10-25 15:00:00,27.284939,1,0
2015-10-25 16:00:00,27.212896,1,0
2015-10-25 17:00:00,27.089853,1,0
2015-10-25 18:00:00,26.761194,1,0
2015-10-25 19:00:00,25.884352,1,0
2015-10-25 20:00:00,25.4071,1,0
2015-10-25 21:00:00,24.90777,1,0
2015-10-25 22:00:00,24.85941,1,0
2015-10-25 23:00:00,24.54837,1,0
2015-10-26 00:00:00,24.383238,0,0
2015-10-26 01:00:00,24.403088,0,0
2015-10-26 02:00:00,24.7996,0,0
2015-10-26 03:00:00,24.544916,0,0
2015-10-26 04:00:00,24.365698,0,0
2015-10-26 05:00:00,24.247032,0,0
2015-10-26 06:00:00,24.493198,0,0
2015-10-26 07:00:00,24.409817,0,0
2015-10-26 08:00:00,25.527027,0,0
2015-10-26 09:00:00,26.694569,0,0
2015-10-26 10:00:00,27.670889,0,0
2015-10-26 11:00:00,28.24776,0,0
2015-10-26 12:00:00,28.388885,0,0
2015-10-26 13:00:00,27.95662,0,0
2015-10-26 14:00:00,27.749382,0,0
2015-10-26 15:00:00,27.668743,0,0
2015-10-26 16:00:00,27.803986,0,0
2015-10-26 17:00:00,27.36391,0,0
2015-10-26 18:00:00,26.65718,0,0
2015-10-26 19:00:00,26.372053,0,0
2015-10-26 20:00:00,26.082237,0,0
2015-10-26 21:00:00,25.7325,0,0
2015-10-26 22:00:00,25.414204,0,0
2015-10-26 23:00:00,25.08443,0,0
2015-10-27 00:00:00,24.907967,0,0
2015-10-27 01:00:00,24.686216,0,0
2015-10-27 02:00:00,25.516811,0,0
2015-10-27 03:00:00,25.363949,0,0
2015-10-27 04:00:00,25.09637,0,0
2015-10-27 05:00:00,24.190638,0,0
2015-10-27 06:00:00,23.925098,0,0
2015-10-27 07:00:00,24.978113,0,0
2015-10-27 08:00:00,26.098846,0,0
2015-10-27 09:00:00,27.005608,0,0
2015-10-27 10:00:00,27.852184,0,0
2015-10-27 11:00:00,28.661587,0,0
2015-10-27 12:00:00,28.921509,0,0
2015-10-27 13:00:00,29.136497,0,0
2015-10-27 14:00:00,28.08553,0,0
2015-10-27 15:00:00,27.81594,0,0
2015-10-27 16:00:00,27.615795,0,0
2015-10-27 17:00:00,27.440853,0,0
2015-10-27 18:00:00,26.826242,0,0
2015-10-27 19:00:00,26.500778,0,0
2015-10-27 20:00:00,26.250893,0,0
2015-10-27 21:00:00,25.255424,0,0
2015-10-27 22:00:00,25.316805,0,0
2015-10-27 23:00:00,25.275768,0,0
2015-10-28 00:00:00,25.0061,0,0
2015-10-28 01:00:00,24.525099,0,0
2015-10-28 02:00:00,24.883694,0,0
2015-10-28 03:00:00,24.812057,0,0
2015-10-28 04:00:00,24.655441,0,0
2015-10-28 05:00:00,24.369528,0,0
2015-10-28 06:00:00,24.250008,0,0
2015-10-28 07:00:00,24.833729,0,0
2015-10-28 08:00:00,26.599108,0,0
2015-10-28 09:00:00,27.41858,0,0
2015-10-28 10:00:00,28.471218,0,0
2015-10-28 11:00:00,29.190922,0,0
2015-10-28 12:00:00,29.259249,0,0
2015-10-28 13:00:00,28.380474,0,0
2015-10-28 14:00:00,27.691214,0,0
2015-10-28 15:00:00,26.648052,0,0
2015-10-28 16:00:00,26.568989,0,0
2015-10-28 17:00:00,26.247616,0,0
2015-10-28 18:00:00,25.661255,0,0
2015-10-28 19:00:00,25.60628,0,0
2015-10-28 20:00:00,25.361227,0,0
2015-10-28 21:00:00,25.160633,0,0
2015-10-28 22:00:00,25.045616,0,0
2015-10-28 23:00:00,24.85844,0,0
2015-10-29 00:00:00,24.92212,0,0
2015-10-29 01:00:00,24.808887,0,0
2015-10-29 02:00:00,24.346062,0,0
2015-10-29 03:00:00,24.322197,0,0
2015-10-29 04:00:00,24.385693,0,0
2015-10-29 05:00:00,24.191967,0,0
2015-10-29 06:00:00,24.232714,0,0
2015-10-29 07:00:00,24.558441,0,0
2015-10-29 08:00:00,25.685585,0,0
2015-10-29 09:00:00,26.729288,0,0
2015-10-29 10:00:00,27.91984,0,0
2015-10-29 11:00:00,28.775671,0,0
2015-10-29 12:00:00,29.430094,0,0
2015-10-29 13:00:00,28.647045,0,0
2015-10-29 14:00:00,28.933258,0,0
2015-10-29 15:00:00,28.353008,0,0
2015-10-29 16:00:00,27.747324,0,0
2015-10-29 17:00:00,27.284351,0,0
2015-10-29 18:00:00,26.871267,0,0
2015-10-29 19:00:00,26.55692,0,0
2015-10-29 20:00:00,26.279339,0,0
2015-10-29 21:00:00,26.072983,0,0
2015-10-29 22:00:00,25.994732,0,0
2015-10-29 23:00:00,25.81101,0,0
2015-10-30 00:00:00,25.60744,0,0
2015-10-30 01:00:00,25.410604,0,0
2015-10-30 02:00:00,24.78543,0,0
2015-10-30 03:00:00,24.662418,0,0
2015-10-30 04:00:00,24.489117,0,0
2015-10-30 05:00:00,24.472315,0,0
2015-10-30 06:00:00,24.684023,0,0
2015-10-30 07:00:00,24.985807,0,0
2015-10-30 08:00:00,25.685286,0,0
2015-10-30 09:00:00,26.432861,0,0
2015-10-30 10:00:00,27.58412,0,0
2015-10-30 11:00:00,28.466272,0,0
2015-10-30 12:00:00,28.70527,0,0
2015-10-30 13:00:00,28.521711,0,0
2015-10-30 14:00:00,27.557102,0,0
2015-10-30 15:00:00,27.56298,0,0
2015-10-30 16:00:00,27.526068,0,0
2015-10-30 17:00:00,27.36231,0,0
2015-10-30 18:00:00,26.927065,0,0
2015-10-30 19:00:00,26.435875,0,0
2015-10-30 20:00:00,26.032566,0,0
2015-10-30 21:00:00,25.71755,0,0
2015-10-30 22:00:00,25.504725,0,0
2015-10-30 23:00:00,25.321936,0,0
2015-10-31 00:00:00,25.215174,1,0
2015-10-31 01:00:00,24.96257,1,0
2015-10-31 02:00:00,25.12759,1,0
2015-10-31 03:00:00,25.061865,1,0
2015-10-31 04:00:00,24.857363,1,0
2015-10-31 05:00:00,24.757103,1,0
2015-10-31 06:00:00,24.820412,1,0
2015-10-31 07:00:00,25.095207,1,0
2015-10-31 08:00:00,25.951038,1,0
2015-10-31 09:00:00,27.105085,1,0
2015-10-31 10:00:00,28.039543,1,0
2015-10-31 11:00:00,28.963818,1,0
2015-10-31 12:00:00,29.74836,1,0
2015-10-31 13:00:00,29.639174,1,0
2015-10-31 14:00:00,27.169182,1,0
2015-10-31 15:00:00,27.358849,1,0
2015-10-31 16:00:00,27.11781,1,0
2015-10-31 17:00:00,26.50941,1,0
2015-10-31 18:00:00,26.351418,1,0
2015-10-31 19:00:00,26.036808,1,0
2015-10-31 20:00:00,25.70818,1,0
2015-10-31 21:00:00,25.466776,1,0
2015-10-31 22:00:00,25.406849,1,0
2015-10-31 23:00:00,25.273623,1,0
2015-11-01 00:00:00,25.094276,1,0
2015-11-01 01:00:00,24.956102,1,0
2015-11-01 02:00:00,24.88476,1,0
2015-11-01 03:00:00,24.705364,1,0
2015-11-01 04:00:00,24.514357,1,0
2015-11-01 05:00:00,24.126476,1,0
2015-11-01 06:00:00,23.922907,1,0
2015-11-01 07:00:00,24.096588,1,0
2015-11-01 08:00:00,25.144945,1,0
2015-11-01 09:00:00,26.324049,1,0
2015-11-01 10:00:00,27.133598,1,0
2015-11-01 11:00:00,27.582365,1,0
2015-11-01 12:00:00,28.285414,1,0
2015-11-01 13:00:00,28.873934,1,0
2015-11-01 14:00:00,27.852262,1,0
2015-11-01 15:00:00,27.53903,1,0
2015-11-01 16:00:00,26.236721,1,0
2015-11-01 17:00:00,25.88479,1,0
2015-11-01 18:00:00,25.48669,1,0
2015-11-01 19:00:00,24.989737,1,0
2015-11-01 20:00:00,24.782862,1,0
2015-11-01 21:00:00,24.608364,1,0
2015-11-01 22:00:00,24.547255,1,0
2015-11-01 23:00:00,24.47053,1,0
2015-11-02 00:00:00,24.222313,0,0
2015-11-02 01:00:00,24.042015,0,0
2015-11-02 02:00:00,24.084694,0,0
2015-11-02 03:00:00,23.83766,0,0
2015-11-02 04:00:00,24.05227,0,0
2015-11-02 05:00:00,23.905066,0,0
2015-11-02 06:00:00,23.277252,0,0
2015-11-02 07:00:00,24.347254,0,0
2015-11-02 08:00:00,25.639708,0,0
2015-11-02 09:00:00,26.582338,0,0
2015-11-02 10:00:00,27.458654,0,0
2015-11-02 11:00:00,26.912992,0,0
2015-11-02 12:00:00,25.783096,0,0
2015-11-02 13:00:00,25.61217,0,0
2015-11-02 14:00:00,26.458832,0,0
2015-11-02 15:00:00,26.470804,0,0
2015-11-02 16:00:00,26.572065,0,0
2015-11-02 17:00:00,26.143076,0,0
2015-11-02 18:00:00,25.535053,0,0
2015-11-02 19:00:00,25.135576,0,0
2015-11-02 20:00:00,24.461187,0,0
2015-11-02 21:00:00,24.51275,0,0
2015-11-02 22:00:00,24.479406,0,0
2015-11-02 23:00:00,24.306133,0,0
2015-11-03 00:00:00,24.204609,0,1
2015-11-03 01:00:00,24.111485,0,1
2015-11-03 02:00:00,24.193422,0,1
2015-11-03 03:00:00,24.068626,0,1
2015-11-03 04:00:00,24.03833,0,1
2015-11-03 05:00:00,24.086401,0,1
2015-11-03 06:00:00,23.963243,0,1
2015-11-03 07:00:00,24.185806,0,1
2015-11-03 08:00:00,25.124605,0,1
2015-11-03 09:00:00,25.939098,0,1
2015-11-03 10:00:00,26.810469,0,1
2015-11-03 11:00:00,27.611994,0,1
2015-11-03 12:00:00,27.743706,0,1
2015-11-03 13:00:00,27.052662,0,1
2015-11-03 14:00:00,27.209877,0,1
2015-11-03 15:00:00,26.517164,0,1
2015-11-03 16:00:00,26.337576,0,1
2015-11-03 17:00:00,26.056395,0,1
2015-11-03 18:00:00,25.796062,0,1
2015-11-03 19:00:00,25.608034,0,1
2015-11-03 20:00:00,24.903349,0,1
2015-11-03 21:00:00,24.580599,0,1
2015-11-03 22:00:00,24.555656,0,1
2015-11-03 23:00:00,24.350563,0,1
2015-11-04 00:00:00,24.087738,0,0
2015-11-04 01:00:00,24.085283,0,0
2015-11-04 02:00:00,23.939709,0,0
2015-11-04 03:00:00,24.010818,0,0
2015-11-04 04:00:00,23.944132,0,0
2015-11-04 05:00:00,23.9561,0,0
2015-11-04 06:00:00,23.535284,0,0
2015-11-04 07:00:00,24.2409,0,0
2015-11-04 08:00:00,26.387697,0,0
2015-11-04 09:00:00,26.28219,0,0
2015-11-04 10:00:00,27.234976,0,0
2015-11-04 11:00:00,27.949848,0,0
2015-11-04 12:00:00,28.42312,0,0
2015-11-04 13:00:00,28.399963,0,0
2015-11-04 14:00:00,28.376726,0,0
2015-11-04 15:00:00,27.84443,0,0
2015-11-04 16:00:00,27.11398,0,0
2015-11-04 17:00:00,26.301825,0,0
2015-11-04 18:00:00,25.66532,0,0
2015-11-04 19:00:00,25.216581,0,0
2015-11-04 20:00:00,24.97829,0,0
2015-11-04 21:00:00,24.963196,0,0
2015-11-04 22:00:00,24.530666,0,0
2015-11-04 23:00:00,23.915533,0,0
2015-11-05 00:00:00,23.707655,0,1
2015-11-05 01:00:00,23.822674,0,1
2015-11-05 02:00:00,25.055239,0,1
2015-11-05 03:00:00,24.006987,0,1
2015-11-05 04:00:00,23.77508,0,1
2015-11-05 05:00:00,24.62081,0,1
2015-11-05 06:00:00,23.828892,0,1
2015-11-05 07:00:00,24.334614,0,1
2015-11-05 08:00:00,25.556423,0,1
2015-11-05 09:00:00,26.327095,0,1
2015-11-05 10:00:00,27.395422,0,1
2015-11-05 11:00:00,27.971743,0,1
2015-11-05 12:00:00,28.411554,0,1
2015-11-05 13:00:00,28.583044,0,1
2015-11-05 14:00:00,28.372313,0,1
2015-11-05 15:00:00,27.955395,0,1
2015-11-05 16:00:00,27.394161,0,1
2015-11-05 17:00:00,26.84911,0,1
2015-11-05 18:00:00,26.577475,0,1
2015-11-05 19:00:00,26.059555,0,1
2015-11-05 20:00:00,25.879898,0,1
2015-11-05 21:00:00,25.671759,0,1
2015-11-05 22:00:00,25.63789,0,1
2015-11-05 23:00:00,25.431013,0,1
2015-11-06 00:00:00,25.330374,0,0
2015-11-06 01:00:00,25.222235,0,0
2015-11-06 02:00:00,24.557114,0,0
2015-11-06 03:00:00,24.5315,0,0
2015-11-06 04:00:00,24.337708,0,0
2015-11-06 05:00:00,24.784779,0,0
2015-11-06 06:00:00,24.861359,0,0
2015-11-06 07:00:00,24.877522,0,0
2015-11-06 08:00:00,25.880075,0,0
2015-11-06 09:00:00,26.634644,0,0
2015-11-06 10:00:00,27.495947,0,0
2015-11-06 11:00:00,27.737139,0,0
2015-11-06 12:00:00,28.36495,0,0
2015-11-06 13:00:00,28.370073,0,0
2015-11-06 14:00:00,26.626797,0,0
2015-11-06 15:00:00,26.39984,0,0
2015-11-06 16:00:00,26.36635,0,0
2015-11-06 17:00:00,26.310488,0,0
2015-11-06 18:00:00,25.984285,0,0
2015-11-06 19:00:00,25.839376,0,0
2015-11-06 20:00:00,25.756296,0,0
2015-11-06 21:00:00,25.491016,0,0
2015-11-06 22:00:00,25.08566,0,0
2015-11-06 23:00:00,24.610603,0,0
2015-11-07 00:00:00,24.339378,1,0
2015-11-07 01:00:00,24.004986,1,0
2015-11-07 02:00:00,24.241085,1,0
2015-11-07 03:00:00,24.398846,1,0
2015-11-07 04:00:00,24.342346,1,0
2015-11-07 05:00:00,24.274658,1,0
2015-11-07 06:00:00,24.23306,1,0
2015-11-07 07:00:00,24.56429,1,0
2015-11-07 08:00:00,25.437693,1,0
2015-11-07 09:00:00,26.294785,1,0
2015-11-07 10:00:00,27.061064,1,0
2015-11-07 11:00:00,27.905184,1,0
2015-11-07 12:00:00,27.849121,1,0
2015-11-07 13:00:00,27.720016,1,0
2015-11-07 14:00:00,27.848207,1,0
2015-11-07 15:00:00,27.91167,1,0
2015-11-07 16:00:00,27.62145,1,0
2015-11-07 17:00:00,26.409441,1,0
2015-11-07 18:00:00,25.89264,1,0
2015-11-07 19:00:00,25.639069,1,0
2015-11-07 20:00:00,25.358362,1,0
2015-11-07 21:00:00,25.044868,1,0
2015-11-07 22:00:00,24.951824,1,0
2015-11-07 23:00:00,24.66372,1,0
2015-11-08 00:00:00,24.558363,1,0
2015-11-08 01:00:00,24.614862,1,0
2015-11-08 02:00:00,24.57885,1,0
2015-11-08 03:00:00,24.457363,1,0
2015-11-08 04:00:00,24.51781,1,0
2015-11-08 05:00:00,24.10495,1,0
2015-11-08 06:00:00,24.565094,1,0
2015-11-08 07:00:00,24.929113,1,0
2015-11-08 08:00:00,25.79647,1,0
2015-11-08 09:00:00,26.789068,1,0
2015-11-08 10:00:00,27.781666,1,0
2015-11-08 11:00:00,28.586237,1,0
2015-11-08 12:00:00,29.179619,1,0
2015-11-08 13:00:00,29.664194,1,0
2015-11-08 14:00:00,28.335827,1,0
2015-11-08 15:00:00,27.794044,1,0
2015-11-08 16:00:00,27.768549,1,0
2015-11-08 17:00:00,27.251484,1,0
2015-11-08 18:00:00,26.626427,1,0
2015-11-08 19:00:00,26.17736,1,0
2015-11-08 20:00:00,25.6984,1,0
2015-11-08 21:00:00,25.262157,1,0
2015-11-08 22:00:00,25.141638,1,0
2015-11-08 23:00:00,24.975166,1,0
2015-11-09 00:00:00,24.828588,0,0
2015-11-09 01:00:00,24.755579,0,0
2015-11-09 02:00:00,24.477474,0,0
2015-11-09 03:00:00,24.359558,0,0
2015-11-09 04:00:00,24.476099,0,0
2015-11-09 05:00:00,24.559635,0,0
2015-11-09 06:00:00,24.423906,0,0
2015-11-09 07:00:00,24.67926,0,0
2015-11-09 08:00:00,25.098364,0,0
2015-11-09 09:00:00,25.477013,0,0
2015-11-09 10:00:00,26.42801,0,0
2015-11-09 11:00:00,27.997568,0,0
2015-11-09 12:00:00,29.313292,0,0
2015-11-09 13:00:00,29.601175,0,0
2015-11-09 14:00:00,28.92959,0,0
2015-11-09 15:00:00,28.793577,0,0
2015-11-09 16:00:00,27.143948,0,0
2015-11-09 17:00:00,26.147072,0,0
2015-11-09 18:00:00,25.902613,0,0
2015-11-09 19:00:00,25.666697,0,0
2015-11-09 20:00:00,25.062536,0,0
2015-11-09 21:00:00,25.135992,0,0
2015-11-09 22:00:00,25.02834,0,0
2015-11-09 23:00:00,24.584875,0,0
2015-11-10 00:00:00,24.371119,0,1
2015-11-10 01:00:00,24.888222,0,1
2015-11-10 02:00:00,24.893984,0,1
2015-11-10 03:00:00,24.86462,0,1
2015-11-10 04:00:00,24.76462,0,1
2015-11-10 05:00:00,24.7412,0,1
2015-11-10 06:00:00,24.804024,0,1
2015-11-10 07:00:00,25.185516,0,1
2015-11-10 08:00:00,25.86758,0,1
2015-11-10 09:00:00,26.53843,0,1
2015-11-10 10:00:00,27.229912,0,1
2015-11-10 11:00:00,27.836266,0,1
2015-11-10 12:00:00,28.000528,0,1
2015-11-10 13:00:00,28.322187,0,1
2015-11-10 14:00:00,26.918056,0,1
2015-11-10 15:00:00,26.653563,0,1
2015-11-10 16:00:00,26.982191,0,1
2015-11-10 17:00:00,26.86234,0,1
2015-11-10 18:00:00,26.406134,0,1
2015-11-10 19:00:00,26.168365,0,1
2015-11-10 20:00:00,25.88569,0,1
2015-11-10 21:00:00,25.653019,0,1
2015-11-10 22:00:00,25.488523,0,1
2015-11-10 23:00:00,25.383432,0,1
2015-11-11 00:00:00,25.306704,0,0
2015-11-11 01:00:00,25.21332,0,0
2015-11-11 02:00:00,25.063534,0,0
2015-11-11 03:00:00,24.920004,0,0
2015-11-11 04:00:00,24.903463,0,0
2015-11-11 05:00:00,24.87893,0,0
2015-11-11 06:00:00,24.847553,0,0
2015-11-11 07:00:00,24.93116,0,0
2015-11-11 08:00:00,25.756472,0,0
2015-11-11 09:00:00,26.663225,0,0
2015-11-11 10:00:00,27.609772,0,0
2015-11-11 11:00:00,28.304792,0,0
2015-11-11 12:00:00,28.906433,0,0
2015-11-11 13:00:00,28.232227,0,0
2015-11-11 14:00:00,26.567087,0,0
2015-11-11 15:00:00,26.755379,0,0
2015-11-11 16:00:00,26.737314,0,0
2015-11-11 17:00:00,26.617727,0,0
2015-11-11 18:00:00,26.36468,0,0
2015-11-11 19:00:00,26.133121,0,0
2015-11-11 20:00:00,25.97015,0,0
2015-11-11 21:00:00,25.796732,0,0
2015-11-11 22:00:00,25.629929,0,0
2015-11-11 23:00:00,25.489853,0,0
2015-11-12 00:00:00,25.378145,0,0
2015-11-12 01:00:00,25.166697,0,0
2015-11-12 02:00:00,24.994946,0,0
2015-11-12 03:00:00,24.793161,0,0
2015-11-12 04:00:00,24.490444,0,0
2015-11-12 05:00:00,24.48866,0,0
2015-11-12 06:00:00,24.72859,0,0
2015-11-12 07:00:00,24.813387,0,0
2015-11-12 08:00:00,25.723528,0,0
2015-11-12 09:00:00,26.33129,0,0
2015-11-12 10:00:00,27.238167,0,0
2015-11-12 11:00:00,28.624004,0,0
2015-11-12 12:00:00,28.224478,0,0
2015-11-12 13:00:00,28.23645,0,0
2015-11-12 14:00:00,28.508955,0,0
2015-11-12 15:00:00,26.99498,0,0
2015-11-12 16:00:00,27.04316,0,0
2015-11-12 17:00:00,26.874577,0,0
2015-11-12 18:00:00,26.551302,0,0
2015-11-12 19:00:00,26.281599,0,0
2015-11-12 20:00:00,26.008326,0,0
2015-11-12 21:00:00,25.768105,0,0
2015-11-12 22:00:00,25.589706,0,0
2015-11-12 23:00:00,25.441492,0,0
2015-11-13 00:00:00,25.209671,0,0
2015-11-13 01:00:00,25.0967,0,0
2015-11-13 02:00:00,25.176476,0,0
2015-11-13 03:00:00,25.099632,0,0
2015-11-13 04:00:00,24.93026,0,0
2015-11-13 05:00:00,24.809887,0,0
2015-11-13 06:00:00,24.711409,0,0
2015-11-13 07:00:00,24.980259,0,0
2015-11-13 08:00:00,25.843046,0,0
2015-11-13 09:00:00,26.982073,0,0
2015-11-13 10:00:00,27.967533,0,0
2015-11-13 11:00:00,28.618532,0,0
2015-11-13 12:00:00,29.224741,0,0
2015-11-13 13:00:00,29.155151,0,0
2015-11-13 14:00:00,28.55951,0,0
2015-11-13 15:00:00,28.642704,0,0
2015-11-13 16:00:00,27.860033,0,0
2015-11-13 17:00:00,26.992638,0,0
2015-11-13 18:00:00,26.45171,0,0
2015-11-13 19:00:00,26.075653,0,0
2015-11-13 20:00:00,26.007473,0,0
2015-11-13 21:00:00,25.803019,0,0
2015-11-13 22:00:00,25.718412,0,0
2015-11-13 23:00:00,25.61332,0,0
2015-11-14 00:00:00,25.511127,1,0
2015-11-14 01:00:00,25.372051,1,0
2015-11-14 02:00:00,25.2919,1,0
2015-11-14 03:00:00,25.145208,1,0
2015-11-14 04:00:00,25.2325,1,0
2015-11-14 05:00:00,25.177668,1,0
2015-11-14 06:00:00,25.159342,1,0
2015-11-14 07:00:00,25.312387,1,0
2015-11-14 08:00:00,26.190998,1,0
2015-11-14 09:00:00,27.202038,1,0
2015-11-14 10:00:00,28.195898,1,0
2015-11-14 11:00:00,28.677048,1,0
2015-11-14 12:00:00,29.053028,1,0
2015-11-14 13:00:00,29.020761,1,0
2015-11-14 14:00:00,29.021955,1,0
2015-11-14 15:00:00,28.702486,1,0
2015-11-14 16:00:00,27.453445,1,0
2015-11-14 17:00:00,26.822441,1,0
2015-11-14 18:00:00,26.529173,1,0
2015-11-14 19:00:00,26.333006,1,0
2015-11-14 20:00:00,26.139214,1,0
2015-11-14 21:00:00,25.853825,1,0
2015-11-14 22:00:00,25.749256,1,0
2015-11-14 23:00:00,25.534906,1,0
2015-11-15 00:00:00,25.50554,1,0
2015-11-15 01:00:00,25.554018,1,0
2015-11-15 02:00:00,25.55487,1,0
2015-11-15 03:00:00,25.6081,1,0
2015-11-15 04:00:00,25.357723,1,0
2015-11-15 05:00:00,24.822119,1,0
2015-11-15 06:00:00,24.79937,1,0
2015-11-15 07:00:00,24.974167,1,0
2015-11-15 08:00:00,25.566385,1,0
2015-11-15 09:00:00,26.571627,1,0
2015-11-15 10:00:00,27.594376,1,0
2015-11-15 11:00:00,28.43024,1,0
2015-11-15 12:00:00,29.131882,1,0
2015-11-15 13:00:00,29.21341,1,0
2015-11-15 14:00:00,27.700466,1,0
2015-11-15 15:00:00,27.613455,1,0
2015-11-15 16:00:00,27.319334,1,0
2015-11-15 17:00:00,26.429405,1,0
2015-11-15 18:00:00,25.996208,1,0
2015-11-15 19:00:00,25.733383,1,0
2015-11-15 20:00:00,25.588621,1,0
2015-11-15 21:00:00,25.553902,1,0
2015-11-15 22:00:00,25.578697,1,0
2015-11-15 23:00:00,25.330193,1,0
2015-11-16 00:00:00,25.147179,0,0
2015-11-16 01:00:00,24.773905,0,0
2015-11-16 02:00:00,24.743607,0,0
2015-11-16 03:00:00,24.700224,0,0
2015-11-16 04:00:00,24.473642,0,0
2015-11-16 05:00:00,24.135838,0,0
2015-11-16 06:00:00,23.88553,0,0
2015-11-16 07:00:00,24.87212,0,0
2015-11-16 08:00:00,25.384827,0,0
2015-11-16 09:00:00,25.96922,0,0
2015-11-16 10:00:00,26.5033,0,0
2015-11-16 11:00:00,27.123442,0,0
2015-11-16 12:00:00,27.458433,0,0
2015-11-16 13:00:00,27.256752,0,0
2015-11-16 14:00:00,26.646976,0,0
2015-11-16 15:00:00,26.36044,0,0
2015-11-16 16:00:00,26.166649,0,0
2015-11-16 17:00:00,25.879622,0,0
2015-11-16 18:00:00,25.40787,0,0
2015-11-16 19:00:00,25.289215,0,0
2015-11-16 20:00:00,25.308954,0,0
2015-11-16 21:00:00,25.256287,0,0
2015-11-16 22:00:00,24.71398,0,0
2015-11-16 23:00:00,24.692345,0,0
2015-11-17 00:00:00,24.69413,0,0
2015-11-17 01:00:00,24.40446,0,0
2015-11-17 02:00:00,24.270266,0,0
2015-11-17 03:00:00,24.234953,0,0
2015-11-17 04:00:00,24.629045,0,0
2015-11-17 05:00:00,24.614027,0,0
2015-11-17 06:00:00,24.497372,0,0
2015-11-17 07:00:00,24.174429,0,0
2015-11-17 08:00:00,25.190008,0,0
2015-11-17 09:00:00,25.336845,0,0
2015-11-17 10:00:00,25.80617,0,0
2015-11-17 11:00:00,26.550339,0,0
2015-11-17 12:00:00,26.476477,0,0
2015-11-17 13:00:00,27.016928,0,0
2015-11-17 14:00:00,25.927553,0,0
2015-11-17 15:00:00,25.915321,0,0
2015-11-17 16:00:00,25.792162,0,0
2015-11-17 17:00:00,25.768742,0,0
2015-11-17 18:00:00,25.600157,0,0
2015-11-17 19:00:00,25.270153,0,0
2015-11-17 20:00:00,25.161865,0,0
2015-11-17 21:00:00,24.66465,0,0
2015-11-17 22:00:00,24.815842,0,0
2015-11-17 23:00:00,25.105433,0,0
2015-11-18 00:00:00,25.073349,0,0
2015-11-18 01:00:00,25.071566,0,0
2015-11-18 02:00:00,24.635206,0,0
2015-11-18 03:00:00,24.3987,0,0
2015-11-18 04:00:00,23.93933,0,0
2015-11-18 05:00:00,23.894423,0,0
2015-11-18 06:00:00,23.894423,0,0
2015-11-18 07:00:00,23.979406,0,0
2015-11-18 08:00:00,24.15104,0,0
2015-11-18 09:00:00,24.497286,0,0
2015-11-18 10:00:00,24.65621,0,0
2015-11-18 11:00:00,24.594307,0,0
2015-11-18 12:00:00,24.57929,0,0
2015-11-18 13:00:00,24.705492,0,0
2015-11-18 14:00:00,25.185312,0,0
2015-11-18 15:00:00,24.555424,0,0
2015-11-18 16:00:00,24.346762,0,0
2015-11-18 17:00:00,24.311634,0,0
2015-11-18 18:00:00,24.187954,0,0
2015-11-18 19:00:00,24.746616,0,0
2015-11-18 20:00:00,24.082598,0,0
2015-11-18 21:00:00,24.072674,0,0
2015-11-18 22:00:00,24.025984,0,0
2015-11-18 23:00:00,24.109179,0,0
2015-11-19 00:00:00,24.145687,0,0
2015-11-19 01:00:00,24.130667,0,0
2015-11-19 02:00:00,24.02762,0,0
2015-11-19 03:00:00,24.021004,0,0
2015-11-19 04:00:00,23.96439,0,0
2015-11-19 05:00:00,23.959557,0,0
2015-11-19 06:00:00,23.95256,0,0
2015-11-19 07:00:00,23.914387,0,0
2015-11-19 08:00:00,24.17177,0,0
2015-11-19 09:00:00,24.380106,0,0
2015-11-19 10:00:00,24.756979,0,0
2015-11-19 11:00:00,24.924566,0,0
2015-11-19 12:00:00,25.28996,0,0
2015-11-19 13:00:00,25.251934,0,0
2015-11-19 14:00:00,24.971111,0,0
2015-11-19 15:00:00,24.875013,0,0
2015-11-19 16:00:00,24.92249,0,0
2015-11-19 17:00:00,24.784723,0,0
2015-11-19 18:00:00,24.566395,0,0
2015-11-19 19:00:00,25.015057,0,0
2015-11-19 20:00:00,24.252825,0,0
2015-11-19 21:00:00,24.234499,0,0
2015-11-19 22:00:00,24.134499,0,0
2015-11-19 23:00:00,24.212374,0,0
2015-11-20 00:00:00,24.219105,0,0
2015-11-20 01:00:00,24.176098,0,0
2015-11-20 02:00:00,24.060816,0,0
2015-11-20 03:00:00,23.914387,0,0
2015-11-20 04:00:00,23.812862,0,0
2015-11-20 05:00:00,23.759558,0,0
2015-11-20 06:00:00,23.68959,0,0
2015-11-20 07:00:00,23.74966,0,0
2015-11-20 08:00:00,24.325684,0,0
2015-11-20 09:00:00,24.817312,0,0
2015-11-20 10:00:00,25.009201,0,0
2015-11-20 11:00:00,25.790762,0,0
2015-11-20 12:00:00,25.71701,0,0
2015-11-20 13:00:00,26.118767,0,0
2015-11-20 14:00:00,26.831707,0,0
2015-11-20 15:00:00,26.973536,0,0
2015-11-20 16:00:00,27.082907,0,0
2015-11-20 17:00:00,26.722315,0,0
2015-11-20 18:00:00,26.131306,0,0
2015-11-20 19:00:00,25.758295,0,0
2015-11-20 20:00:00,25.525213,0,0
2015-11-20 21:00:00,25.429638,0,0
2015-11-20 22:00:00,24.702087,0,0
2015-11-20 23:00:00,24.59673,0,0
2015-11-21 00:00:00,24.668074,1,0
2015-11-21 01:00:00,24.325804,1,0
2015-11-21 02:00:00,24.028257,1,0
2015-11-21 03:00:00,23.48833,1,0
2015-11-21 04:00:00,23.628145,1,0
2015-11-21 05:00:00,23.489855,1,0
2015-11-21 06:00:00,23.404871,1,0
2015-11-21 07:00:00,24.487774,1,0
2015-11-21 08:00:00,25.973692,1,0
2015-11-21 09:00:00,26.826214,1,0
2015-11-21 10:00:00,27.692375,1,0
2015-11-21 11:00:00,28.353708,1,0
2015-11-21 12:00:00,28.747763,1,0
2015-11-21 13:00:00,28.839067,1,0
2015-11-21 14:00:00,27.06234,1,0
2015-11-21 15:00:00,26.900894,1,0
2015-11-21 16:00:00,26.716288,1,0
2015-11-21 17:00:00,26.412048,1,0
2015-11-21 18:00:00,25.916288,1,0
2015-11-21 19:00:00,25.63283,1,0
2015-11-21 20:00:00,25.36113,1,0
2015-11-21 21:00:00,25.219675,1,0
2015-11-21 22:00:00,25.10171,1,0
2015-11-21 23:00:00,24.82079,1,0
2015-11-22 00:00:00,24.613241,1,0
2015-11-22 01:00:00,24.469189,1,0
2015-11-22 02:00:00,24.598408,1,0
2015-11-22 03:00:00,24.520042,1,0
2015-11-22 04:00:00,24.360527,1,0
2015-11-22 05:00:00,24.462048,1,0
2015-11-22 06:00:00,24.362865,1,0
2015-11-22 07:00:00,24.29706,1,0
2015-11-22 08:00:00,25.817028,1,0
2015-11-22 09:00:00,25.93119,1,0
2015-11-22 10:00:00,27.211325,1,0
2015-11-22 11:00:00,27.907103,1,0
2015-11-22 12:00:00,28.710001,1,0
2015-11-22 13:00:00,28.9497,1,0
2015-11-22 14:00:00,28.013504,1,0
2015-11-22 15:00:00,27.843987,1,0
2015-11-22 16:00:00,27.15034,1,0
2015-11-22 17:00:00,26.235615,1,0
2015-11-22 18:00:00,25.739594,1,0
2015-11-22 19:00:00,25.51632,1,0
2015-11-22 20:00:00,25.379406,1,0
2015-11-22 21:00:00,25.19123,1,0
2015-11-22 22:00:00,24.964912,1,0
2015-11-22 23:00:00,24.795849,1,0
2015-11-23 00:00:00,24.684206,0,0
2015-11-23 01:00:00,24.628258,0,0
2015-11-23 02:00:00,24.21755,0,0
2015-11-23 03:00:00,24.127996,0,0
2015-11-23 04:00:00,24.168076,0,0
2015-11-23 05:00:00,24.318151,0,0
2015-11-23 06:00:00,24.38317,0,0
2015-11-23 07:00:00,24.664581,0,0
2015-11-23 08:00:00,25.704102,0,0
2015-11-23 09:00:00,26.667566,0,0
2015-11-23 10:00:00,27.702665,0,0
2015-11-23 11:00:00,28.541218,0,0
2015-11-23 12:00:00,29.04564,0,0
2015-11-23 13:00:00,29.507204,0,0
2015-11-23 14:00:00,28.662163,0,0
2015-11-23 15:00:00,28.56295,0,0
2015-11-23 16:00:00,28.344624,0,0
2015-11-23 17:00:00,27.725279,0,0
2015-11-23 18:00:00,26.734352,0,0
2015-11-23 19:00:00,26.290825,0,0
2015-11-23 20:00:00,25.92633,0,0
2015-11-23 21:00:00,25.651272,0,0
2015-11-23 22:00:00,25.483467,0,0
2015-11-23 23:00:00,25.265144,0,0
2015-11-24 00:00:00,25.11195,0,0
2015-11-24 01:00:00,24.955334,0,0
2015-11-24 02:00:00,24.91652,0,0
2015-11-24 03:00:00,24.823399,0,0
2015-11-24 04:00:00,24.815258,0,0
2015-11-24 05:00:00,24.798717,0,0
2015-11-24 06:00:00,24.79146,0,0
2015-11-24 07:00:00,24.886368,0,0
2015-11-24 08:00:00,25.422235,0,0
2015-11-24 09:00:00,26.173265,0,0
2015-11-24 10:00:00,27.264225,0,0
2015-11-24 11:00:00,28.43519,0,0
2015-11-24 12:00:00,29.049273,0,0
2015-11-24 13:00:00,29.46693,0,0
2015-11-24 14:00:00,27.309929,0,0
2015-11-24 15:00:00,27.51863,0,0
2015-11-24 16:00:00,26.877193,0,0
2015-11-24 17:00:00,26.556087,0,0
2015-11-24 18:00:00,25.991066,0,0
2015-11-24 19:00:00,25.708393,0,0
2015-11-24 20:00:00,25.706987,0,0
2015-11-24 21:00:00,25.555723,0,0
2015-11-24 22:00:00,25.281044,0,0
2015-11-24 23:00:00,25.06272,0,0
2015-11-25 00:00:00,24.77826,0,0
2015-11-25 01:00:00,24.677,0,0
2015-11-25 02:00:00,25.01915,0,0
2015-11-25 03:00:00,24.959225,0,0
2015-11-25 04:00:00,24.925882,0,0
2015-11-25 05:00:00,25.017334,0,0
2015-11-25 06:00:00,25.084993,0,0
2015-11-25 07:00:00,25.132946,0,0
2015-11-25 08:00:00,25.676836,0,0
2015-11-25 09:00:00,26.396162,0,0
2015-11-25 10:00:00,26.996899,0,0
2015-11-25 11:00:00,27.834663,0,0
2015-11-25 12:00:00,28.445969,0,0
2015-11-25 13:00:00,29.017977,0,0
2015-11-25 14:00:00,29.047226,0,0
2015-11-25 15:00:00,27.896044,0,0
2015-11-25 16:00:00,27.73676,0,0
2015-11-25 17:00:00,27.493229,0,0
2015-11-25 18:00:00,27.010885,0,0
2015-11-25 19:00:00,26.642561,0,0
2015-11-25 20:00:00,26.44587,0,0
2015-11-25 21:00:00,26.308363,0,0
2015-11-25 22:00:00,26.278473,0,0
2015-11-25 23:00:00,26.238922,0,0
2015-11-26 00:00:00,26.12595,0,0
2015-11-26 01:00:00,26.03409,0,0
2015-11-26 02:00:00,26.100777,0,0
2015-11-26 03:00:00,26.129522,0,0
2015-11-26 04:00:00,25.918335,0,0
2015-11-26 05:00:00,25.829376,0,0
2015-11-26 06:00:00,25.689415,0,0
2015-11-26 07:00:00,25.696033,0,0
2015-11-26 08:00:00,26.23866,0,0
2015-11-26 09:00:00,27.167765,0,0
2015-11-26 10:00:00,28.162148,0,0
2015-11-26 11:00:00,29.128426,0,0
2015-11-26 12:00:00,29.837156,0,0
2015-11-26 13:00:00,29.922287,0,0
2015-11-26 14:00:00,28.993736,0,0
2015-11-26 15:00:00,28.1618,0,0
2015-11-26 16:00:00,28.059393,0,0
2015-11-26 17:00:00,27.283073,0,0
2015-11-26 18:00:00,26.4891,0,0
2015-11-26 19:00:00,26.157017,0,0
2015-11-26 20:00:00,26.093784,0,0
2015-11-26 21:00:00,26.044046,0,0
2015-11-26 22:00:00,26.06825,0,0
2015-11-26 23:00:00,26.026243,0,0
2015-11-27 00:00:00,25.900892,0,0
2015-11-27 01:00:00,25.656626,0,0
2015-11-27 02:00:00,25.458786,0,0
2015-11-27 03:00:00,25.413883,0,0
2015-11-27 04:00:00,25.353695,0,0
2015-11-27 05:00:00,25.246555,0,0
2015-11-27 06:00:00,25.210049,0,0
2015-11-27 07:00:00,25.175066,0,0
2015-11-27 08:00:00,25.837399,0,0
2015-11-27 09:00:00,26.454561,0,0
2015-11-27 10:00:00,27.380503,0,0
2015-11-27 11:00:00,28.150091,0,0
2015-11-27 12:00:00,28.736334,0,0
2015-11-27 13:00:00,29.384403,0,0
2015-11-27 14:00:00,29.392134,0,0
2015-11-27 15:00:00,28.884518,0,0
2015-11-27 16:00:00,27.888233,0,0
2015-11-27 17:00:00,27.112179,0,0
2015-11-27 18:00:00,26.633074,0,0
2015-11-27 19:00:00,26.353823,0,0
2015-11-27 20:00:00,25.972935,0,0
2015-11-27 21:00:00,25.781862,0,0
2015-11-27 22:00:00,25.550447,0,0
2015-11-27 23:00:00,25.355803,0,0
2015-11-28 00:00:00,25.257587,1,1
2015-11-28 01:00:00,25.284431,1,1
2015-11-28 02:00:00,25.399565,1,1
2015-11-28 03:00:00,25.364437,1,1
2015-11-28 04:00:00,25.28923,1,1
2015-11-28 05:00:00,25.262241,1,1
2015-11-28 06:00:00,25.23373,1,1
2015-11-28 07:00:00,25.266666,1,1
2015-11-28 08:00:00,26.011787,1,1
2015-11-28 09:00:00,26.652105,1,1
2015-11-28 10:00:00,27.337973,1,1
2015-11-28 11:00:00,27.942019,1,1
2015-11-28 12:00:00,28.229002,1,1
2015-11-28 13:00:00,28.377361,1,1
2015-11-28 14:00:00,28.575363,1,1
2015-11-28 15:00:00,28.283503,1,1
2015-11-28 16:00:00,28.084024,1,1
2015-11-28 17:00:00,27.479195,1,1
2015-11-28 18:00:00,26.698305,1,1
2015-11-28 19:00:00,26.01578,1,1
2015-11-28 20:00:00,25.679913,1,1
2015-11-28 21:00:00,25.481958,1,1
2015-11-28 22:00:00,25.307016,1,1
2015-11-28 23:00:00,25.083597,1,1
2015-11-29 00:00:00,24.78386,1,0
2015-11-29 01:00:00,24.767319,1,0
2015-11-29 02:00:00,24.993162,1,0
2015-11-29 03:00:00,24.935284,1,0
2015-11-29 04:00:00,24.91722,1,0
2015-11-29 05:00:00,24.913242,1,0
2015-11-29 06:00:00,24.87428,1,0
2015-11-29 07:00:00,24.941086,1,0
2015-11-29 08:00:00,25.480259,1,0
2015-11-29 09:00:00,26.568764,1,0
2015-11-29 10:00:00,27.420238,1,0
2015-11-29 11:00:00,28.121239,1,0
2015-11-29 12:00:00,28.585878,1,0
2015-11-29 13:00:00,28.599518,1,0
2015-11-29 14:00:00,28.656397,1,0
2015-11-29 15:00:00,28.559967,1,0
2015-11-29 16:00:00,28.061754,1,0
2015-11-29 17:00:00,27.146551,1,0
2015-11-29 18:00:00,26.687004,1,0
2015-11-29 19:00:00,26.311325,1,0
2015-11-29 20:00:00,25.972034,1,0
2015-11-29 21:00:00,25.772295,1,0
2015-11-29 22:00:00,25.62739,1,0
2015-11-29 23:00:00,25.424082,1,0
2015-11-30 00:00:00,25.180696,0,0
2015-11-30 01:00:00,25.02051,0,0
2015-11-30 02:00:00,25.096092,0,0
2015-11-30 03:00:00,24.931074,0,0
2015-11-30 04:00:00,24.82446,0,0
2015-11-30 05:00:00,24.816319,0,0
2015-11-30 06:00:00,24.81989,0,0
2015-11-30 07:00:00,24.906395,0,0
2015-11-30 08:00:00,25.785385,0,0
2015-11-30 09:00:00,26.9543,0,0
2015-11-30 10:00:00,28.009722,0,0
2015-11-30 11:00:00,28.803844,0,0
2015-11-30 12:00:00,28.838448,0,0
2015-11-30 13:00:00,28.914915,0,0
2015-11-30 14:00:00,28.91603,0,0
2015-11-30 15:00:00,28.573315,0,0
2015-11-30 16:00:00,28.300566,0,0
2015-11-30 17:00:00,27.714584,0,0
2015-11-30 18:00:00,26.973772,0,0
2015-11-30 19:00:00,26.367939,0,0
2015-11-30 20:00:00,25.999876,0,0
2015-11-30 21:00:00,25.785385,0,0
2015-11-30 22:00:00,25.537167,0,0
2015-11-30 23:00:00,25.322412,0,0
2015-12-01 00:00:00,25.109177,0,0
2015-12-01 01:00:00,25.067694,0,0
2015-12-01 02:00:00,25.220413,0,0
2015-12-01 03:00:00,25.082645,0,0
2015-12-01 04:00:00,25.07986,0,0
2015-12-01 05:00:00,25.025028,0,0
2015-12-01 06:00:00,25.010273,0,0
2015-12-01 07:00:00,25.101871,0,0
2015-12-01 08:00:00,26.175098,0,0
2015-12-01 09:00:00,27.225052,0,0
2015-12-01 10:00:00,28.182142,0,0
2015-12-01 11:00:00,28.84459,0,0
2015-12-01 12:00:00,29.095736,0,0
2015-12-01 13:00:00,29.123722,0,0
2015-12-01 14:00:00,29.378557,0,0
2015-12-01 15:00:00,29.132385,0,0
2015-12-01 16:00:00,28.658115,0,0
2015-12-01 17:00:00,27.960684,0,0
2015-12-01 18:00:00,27.27649,0,0
2015-12-01 19:00:00,26.717348,0,0
2015-12-01 20:00:00,26.43479,0,0
2015-12-01 21:00:00,26.193716,0,0
2015-12-01 22:00:00,26.082268,0,0
2015-12-01 23:00:00,25.922606,0,0
2015-12-02 00:00:00,25.857588,0,0
2015-12-02 01:00:00,25.79588,0,0
2015-12-02 02:00:00,25.920937,0,0
2015-12-02 03:00:00,25.912388,0,0
2015-12-02 04:00:00,25.75094,0,0
2015-12-02 05:00:00,25.63797,0,0
2015-12-02 06:00:00,25.625,0,0
2015-12-02 07:00:00,25.755152,0,0
2015-12-02 08:00:00,26.224361,0,0
2015-12-02 09:00:00,27.207802,0,0
2015-12-02 10:00:00,28.109802,0,0
2015-12-02 11:00:00,28.731503,0,0
2015-12-02 12:00:00,28.920862,0,0
2015-12-02 13:00:00,27.780777,0,0
2015-12-02 14:00:00,27.730518,0,0
2015-12-02 15:00:00,28.161045,0,0
2015-12-02 16:00:00,28.029747,0,0
2015-12-02 17:00:00,27.580534,0,0
2015-12-02 18:00:00,27.028011,0,0
2015-12-02 19:00:00,26.67549,0,0
2015-12-02 20:00:00,26.407833,0,0
2015-12-02 21:00:00,26.184822,0,0
2015-12-02 22:00:00,26.020329,0,0
2015-12-02 23:00:00,25.86078,0,0
2015-12-03 00:00:00,25.76142,0,0
2015-12-03 01:00:00,25.71651,0,0
2015-12-03 02:00:00,25.886215,0,0
2015-12-03 03:00:00,25.947779,0,0
2015-12-03 04:00:00,25.88607,0,0
2015-12-03 05:00:00,25.806889,0,0
2015-12-03 06:00:00,25.66529,0,0
2015-12-03 07:00:00,25.63321,0,0
2015-12-03 08:00:00,26.332306,0,0
2015-12-03 09:00:00,27.274265,0,0
2015-12-03 10:00:00,28.145376,0,0
2015-12-03 11:00:00,28.631504,0,0
2015-12-03 12:00:00,29.318008,0,0
2015-12-03 13:00:00,29.660984,0,0
2015-12-03 14:00:00,28.400383,0,0
2015-12-03 15:00:00,28.034512,0,0
2015-12-03 16:00:00,27.992765,0,0
2015-12-03 17:00:00,27.664778,0,0
2015-12-03 18:00:00,27.1569,0,0
2015-12-03 19:00:00,26.754116,0,0
2015-12-03 20:00:00,26.539509,0,0
2015-12-03 21:00:00,26.240028,0,0
2015-12-03 22:00:00,26.13025,0,0
2015-12-03 23:00:00,25.885723,0,0
2015-12-04 00:00:00,25.700972,0,0
2015-12-04 01:00:00,25.670937,0,0
2015-12-04 02:00:00,25.959488,0,0
2015-12-04 03:00:00,25.746256,0,0
2015-12-04 04:00:00,25.706036,0,0
2015-12-04 05:00:00,25.592539,0,0
2015-12-04 06:00:00,25.496109,0,0
2015-12-04 07:00:00,25.50425,0,0
2015-12-04 08:00:00,26.333122,0,0
2015-12-04 09:00:00,27.35099,0,0
2015-12-04 10:00:00,28.27348,0,0
2015-12-04 11:00:00,28.758083,0,0
2015-12-04 12:00:00,28.260307,0,0
2015-12-04 13:00:00,28.139788,0,0
2015-12-04 14:00:00,28.056591,0,0
2015-12-04 15:00:00,27.773003,0,0
2015-12-04 16:00:00,27.718647,0,0
2015-12-04 17:00:00,26.992445,0,0
2015-12-04 18:00:00,26.336496,0,0
2015-12-04 19:00:00,25.946684,0,0
2015-12-04 20:00:00,25.747355,0,0
2015-12-04 21:00:00,25.669249,0,0
2015-12-04 22:00:00,25.497877,0,0
2015-12-04 23:00:00,25.476389,0,0
2015-12-05 00:00:00,25.358324,1,0
2015-12-05 01:00:00,25.186989,1,0
2015-12-05 02:00:00,25.34097,1,0
2015-12-05 03:00:00,25.117073,1,0
2015-12-05 04:00:00,25.201447,1,0
2015-12-05 05:00:00,25.092047,1,0
2015-12-05 06:00:00,25.039036,1,0
2015-12-05 07:00:00,25.265026,1,0
2015-12-05 08:00:00,25.943897,1,0
2015-12-05 09:00:00,26.931667,1,0
2015-12-05 10:00:00,28.146275,1,0
2015-12-05 11:00:00,29.06467,1,0
2015-12-05 12:00:00,29.578232,1,0
2015-12-05 13:00:00,29.282345,1,0
2015-12-05 14:00:00,26.536427,1,0
2015-12-05 15:00:00,26.657293,1,0
2015-12-05 16:00:00,26.765303,1,0
2015-12-05 17:00:00,26.763893,1,0
2015-12-05 18:00:00,26.640213,1,0
2015-12-05 19:00:00,26.440067,1,0
2015-12-05 20:00:00,26.377241,1,0
2015-12-05 21:00:00,26.383976,1,0
2015-12-05 22:00:00,26.28918,1,0
2015-12-05 23:00:00,26.301416,1,0
2015-12-06 00:00:00,26.089706,1,0
2015-12-06 01:00:00,25.945917,1,0
2015-12-06 02:00:00,26.00127,1,0
2015-12-06 03:00:00,26.018333,1,0
2015-12-06 04:00:00,26.026329,1,0
2015-12-06 05:00:00,25.964619,1,0
2015-12-06 06:00:00,25.878115,1,0
2015-12-06 07:00:00,25.80391,1,0
2015-12-06 08:00:00,26.36665,1,0
2015-12-06 09:00:00,26.97839,1,0
2015-12-06 10:00:00,28.036266,1,0
2015-12-06 11:00:00,29.126932,1,0
2015-12-06 12:00:00,29.754107,1,0
2015-12-06 13:00:00,30.144773,1,0
2015-12-06 14:00:00,29.863623,1,0
2015-12-06 15:00:00,29.431065,1,0
2015-12-06 16:00:00,28.492182,1,0
2015-12-06 17:00:00,27.541214,1,0
2015-12-06 18:00:00,27.090544,1,0
2015-12-06 19:00:00,26.626574,1,0
2015-12-06 20:00:00,26.27074,1,0
2015-12-06 21:00:00,26.102678,1,0
2015-12-06 22:00:00,25.904724,1,0
2015-12-06 23:00:00,25.709557,1,0
2015-12-07 00:00:00,25.636137,0,0
2015-12-07 01:00:00,25.531305,0,0
2015-12-07 02:00:00,25.45168,0,0
2015-12-07 03:00:00,25.211603,0,0
2015-12-07 04:00:00,25.146587,0,0
2015-12-07 05:00:00,25.265173,0,0
2015-12-07 06:00:00,25.257296,0,0
2015-12-07 07:00:00,25.255888,0,0
2015-12-07 08:00:00,26.044424,0,0
2015-12-07 09:00:00,26.940475,0,0
2015-12-07 10:00:00,28.071102,0,0
2015-12-07 11:00:00,28.965487,0,0
2015-12-07 12:00:00,29.483025,0,0
2015-12-07 13:00:00,29.742165,0,0
2015-12-07 14:00:00,29.583502,0,0
2015-12-07 15:00:00,29.468744,0,0
2015-12-07 16:00:00,28.742165,0,0
2015-12-07 17:00:00,27.970793,0,0
2015-12-07 18:00:00,27.191952,0,0
2015-12-07 19:00:00,26.584597,0,0
2015-12-07 20:00:00,26.258394,0,0
2015-12-07 21:00:00,26.068695,0,0
2015-12-07 22:00:00,25.844278,0,0
2015-12-07 23:00:00,25.579521,0,0
2015-12-08 00:00:00,25.308033,0,1
2015-12-08 01:00:00,25.211603,0,1
2015-12-08 02:00:00,25.53309,0,1
2015-12-08 03:00:00,25.34023,0,1
2015-12-08 04:00:00,25.235138,0,1
2015-12-08 05:00:00,25.13183,0,1
2015-12-08 06:00:00,25.026999,0,1
2015-12-08 07:00:00,25.133207,0,1
2015-12-08 08:00:00,25.68766,0,1
2015-12-08 09:00:00,26.835974,0,1
2015-12-08 10:00:00,27.895113,0,1
2015-12-08 11:00:00,28.826263,0,1
2015-12-08 12:00:00,29.263361,0,1
2015-12-08 13:00:00,27.915285,0,1
2015-12-08 14:00:00,28.930717,0,1
2015-12-08 15:00:00,27.912584,0,1
2015-12-08 16:00:00,27.031843,0,1
2015-12-08 17:00:00,26.553331,0,1
2015-12-08 18:00:00,26.14493,0,1
2015-12-08 19:00:00,25.753593,0,1
2015-12-08 20:00:00,25.50233,0,1
2015-12-08 21:00:00,25.347761,0,1
2015-12-08 22:00:00,25.244831,0,1
2015-12-08 23:00:00,25.186691,0,1
2015-12-09 00:00:00,25.160109,0,0
2015-12-09 01:00:00,25.041786,0,0
2015-12-09 02:00:00,25.2919,0,0
2015-12-09 03:00:00,25.239708,0,0
2015-12-09 04:00:00,25.086136,0,0
2015-12-09 05:00:00,24.943722,0,0
2015-12-09 06:00:00,24.913311,0,0
2015-12-09 07:00:00,24.916027,0,0
2015-12-09 08:00:00,25.339067,0,0
2015-12-09 09:00:00,26.31311,0,0
2015-12-09 10:00:00,27.653921,0,0
2015-12-09 11:00:00,28.4989,0,0
2015-12-09 12:00:00,29.281687,0,0
2015-12-09 13:00:00,28.934666,0,0
2015-12-09 14:00:00,28.249762,0,0
2015-12-09 15:00:00,28.28319,0,0
2015-12-09 16:00:00,28.162933,0,0
2015-12-09 17:00:00,27.771187,0,0
2015-12-09 18:00:00,27.187729,0,0
2015-12-09 19:00:00,26.50825,0,0
2015-12-09 20:00:00,26.09059,0,0
2015-12-09 21:00:00,25.70818,0,0
2015-12-09 22:00:00,25.533646,0,0
2015-12-09 23:00:00,25.44257,0,0
2015-12-10 00:00:00,25.349447,0,0
2015-12-10 01:00:00,25.28774,0,0
2015-12-10 02:00:00,25.38707,0,0
2015-12-10 03:00:00,25.305134,0,0
2015-12-10 04:00:00,25.25335,0,0
2015-12-10 05:00:00,25.236546,0,0
2015-12-10 06:00:00,25.136545,0,0
2015-12-10 07:00:00,25.261341,0,0
2015-12-10 08:00:00,25.992493,0,0
2015-12-10 09:00:00,26.9468,0,0
2015-12-10 10:00:00,27.85137,0,0
2015-12-10 11:00:00,28.770697,0,0
2015-12-10 12:00:00,29.298275,0,0
2015-12-10 13:00:00,29.919207,0,0
2015-12-10 14:00:00,28.355202,0,0
2015-12-10 15:00:00,27.639097,0,0
2015-12-10 16:00:00,27.465796,0,0
2015-12-10 17:00:00,27.085382,0,0
2015-12-10 18:00:00,26.664156,0,0
2015-12-10 19:00:00,26.26442,0,0
2015-12-10 20:00:00,26.033268,0,0
2015-12-10 21:00:00,25.870296,0,0
2015-12-10 22:00:00,25.797401,0,0
2015-12-10 23:00:00,25.639523,0,0
2015-12-11 00:00:00,25.529861,0,0
2015-12-11 01:00:00,25.41306,0,0
2015-12-11 02:00:00,25.515842,0,0
2015-12-11 03:00:00,25.480598,0,0
2015-12-11 04:00:00,25.327028,0,0
2015-12-11 05:00:00,25.314058,0,0
2015-12-11 06:00:00,25.226883,0,0
2015-12-11 07:00:00,25.353203,0,0
2015-12-11 08:00:00,26.157248,0,0
2015-12-11 09:00:00,27.173002,0,0
2015-12-11 10:00:00,28.243708,0,0
2015-12-11 11:00:00,29.059317,0,0
2015-12-11 12:00:00,29.502174,0,0
2015-12-11 13:00:00,29.910316,0,0
2015-12-11 14:00:00,30.245821,0,0
2015-12-11 15:00:00,30.132704,0,0
2015-12-11 16:00:00,29.409954,0,0
2015-12-11 17:00:00,28.595753,0,0
2015-12-11 18:00:00,27.821217,0,0
2015-12-11 19:00:00,27.142115,0,0
2015-12-11 20:00:00,26.757278,0,0
2015-12-11 21:00:00,26.379436,0,0
2015-12-11 22:00:00,26.11951,0,0
2015-12-11 23:00:00,25.954756,0,0
2015-12-12 00:00:00,25.860226,1,0
2015-12-12 01:00:00,25.762125,1,0
2015-12-12 02:00:00,25.738708,1,0
2015-12-12 03:00:00,25.670645,1,0
2015-12-12 04:00:00,25.609198,1,0
2015-12-12 05:00:00,25.529306,1,0
2015-12-12 06:00:00,25.56429,1,0
2015-12-12 07:00:00,25.610722,1,0
2015-12-12 08:00:00,26.438185,1,0
2015-12-12 09:00:00,27.61691,1,0
2015-12-12 10:00:00,28.667385,1,0
2015-12-12 11:00:00,29.469912,1,0
2015-12-12 12:00:00,30.015408,1,0
2015-12-12 13:00:00,30.090942,1,0
2015-12-12 14:00:00,30.269716,1,0
2015-12-12 15:00:00,29.813622,1,0
2015-12-12 16:00:00,28.628311,1,0
2015-12-12 17:00:00,28.050467,1,0
2015-12-12 18:00:00,27.50363,1,0
2015-12-12 19:00:00,27.01917,1,0
2015-12-12 20:00:00,26.773266,1,0
2015-12-12 21:00:00,26.524052,1,0
2015-12-12 22:00:00,26.31617,1,0
2015-12-12 23:00:00,26.074835,1,0
2015-12-13 00:00:00,25.870005,1,0
2015-12-13 01:00:00,25.766697,1,0
2015-12-13 02:00:00,25.778406,1,0
2015-12-13 03:00:00,25.550041,1,0
2015-12-13 04:00:00,25.517958,1,0
2015-12-13 05:00:00,25.586138,1,0
2015-12-13 06:00:00,25.522905,1,0
2015-12-13 07:00:00,25.631569,1,0
2015-12-13 08:00:00,26.364388,1,0
2015-12-13 09:00:00,27.586498,1,0
2015-12-13 10:00:00,28.563555,1,0
2015-12-13 11:00:00,29.329834,1,0
2015-12-13 12:00:00,29.569122,1,0
2015-12-13 13:00:00,29.795887,1,0
2015-12-13 14:00:00,29.442364,1,0
2015-12-13 15:00:00,29.484459,1,0
2015-12-13 16:00:00,28.536945,1,0
2015-12-13 17:00:00,27.969025,1,0
2015-12-13 18:00:00,27.20825,1,0
2015-12-13 19:00:00,26.652302,1,0
2015-12-13 20:00:00,26.202826,1,0
2015-12-13 21:00:00,25.943161,1,0
2015-12-13 22:00:00,25.726097,1,0
2015-12-13 23:00:00,25.619625,1,0
2015-12-14 00:00:00,25.490997,0,0
2015-12-14 01:00:00,25.249632,0,0
2015-12-14 02:00:00,25.31272,0,0
2015-12-14 03:00:00,25.15815,0,0
2015-12-14 04:00:00,25.184614,0,0
2015-12-14 05:00:00,25.144539,0,0
2015-12-14 06:00:00,25.114649,0,0
2015-12-14 07:00:00,25.08833,0,0
2015-12-14 08:00:00,25.73833,0,0
2015-12-14 09:00:00,26.937283,0,0
2015-12-14 10:00:00,28.104418,0,0
2015-12-14 11:00:00,28.708725,0,0
2015-12-14 12:00:00,29.303104,0,0
2015-12-14 13:00:00,29.716078,0,0
2015-12-14 14:00:00,29.541777,0,0
2015-12-14 15:00:00,29.33082,0,0
2015-12-14 16:00:00,29.027512,0,0
2015-12-14 17:00:00,28.522564,0,0
2015-12-14 18:00:00,27.73442,0,0
2015-12-14 19:00:00,26.90037,0,0
2015-12-14 20:00:00,26.381191,0,0
2015-12-14 21:00:00,25.914942,0,0
2015-12-14 22:00:00,25.716612,0,0
2015-12-14 23:00:00,25.480484,0,0
2015-12-15 00:00:00,25.257326,0,0
2015-12-15 01:00:00,25.115465,0,0
2015-12-15 02:00:00,25.052088,0,0
2015-12-15 03:00:00,24.84547,0,0
2015-12-15 04:00:00,24.690376,0,0
2015-12-15 05:00:00,24.56532,0,0
2015-12-15 06:00:00,24.530075,0,0
2015-12-15 07:00:00,24.595207,0,0
2015-12-15 08:00:00,25.36825,0,0
2015-12-15 09:00:00,26.57089,0,0
2015-12-15 10:00:00,27.581665,0,0
2015-12-15 11:00:00,28.31334,0,0
2015-12-15 12:00:00,28.772741,0,0
2015-12-15 13:00:00,28.73088,0,0
2015-12-15 14:00:00,28.862457,0,0
2015-12-15 15:00:00,28.919254,0,0
2015-12-15 16:00:00,27.766912,0,0
2015-12-15 17:00:00,26.864418,0,0
2015-12-15 18:00:00,26.315943,0,0
2015-12-15 19:00:00,26.003563,0,0
2015-12-15 20:00:00,25.453447,0,0
2015-12-15 21:00:00,25.265272,0,0
2015-12-15 22:00:00,25.042522,0,0
2015-12-15 23:00:00,24.75066,0,0
2015-12-16 00:00:00,24.46568,0,0
2015-12-16 01:00:00,24.241,0,0
2015-12-16 02:00:00,24.370888,0,0
2015-12-16 03:00:00,24.285759,0,0
2015-12-16 04:00:00,24.297323,0,0
2015-12-16 05:00:00,24.267172,0,0
2015-12-16 06:00:00,24.19747,0,0
2015-12-16 07:00:00,24.307653,0,0
2015-12-16 08:00:00,25.132153,0,0
2015-12-16 09:00:00,26.36278,0,0
2015-12-16 10:00:00,27.645191,0,0
2015-12-16 11:00:00,28.444405,0,0
2015-12-16 12:00:00,29.178457,0,0
2015-12-16 13:00:00,29.446112,0,0
2015-12-16 14:00:00,29.319386,0,0
2015-12-16 15:00:00,28.03972,0,0
2015-12-16 16:00:00,27.669989,0,0
2015-12-16 17:00:00,27.404299,0,0
2015-12-16 18:00:00,26.773151,0,0
2015-12-16 19:00:00,26.205492,0,0
2015-12-16 20:00:00,25.88386,0,0
2015-12-16 21:00:00,25.688953,0,0
2015-12-16 22:00:00,25.564272,0,0
2015-12-16 23:00:00,25.522789,0,0
2015-12-17 00:00:00,25.459818,0,0
2015-12-17 01:00:00,25.30651,0,0
2015-12-17 02:00:00,25.25651,0,0
2015-12-17 03:00:00,25.218483,0,0
2015-12-17 04:00:00,25.203873,0,0
2015-12-17 05:00:00,25.19064,0,0
2015-12-17 06:00:00,25.208559,0,0
2015-12-17 07:00:00,25.089968,0,0
2015-12-17 08:00:00,25.567432,0,0
2015-12-17 09:00:00,26.348091,0,0
2015-12-17 10:00:00,27.374033,0,0
2015-12-17 11:00:00,28.3534,0,0
2015-12-17 12:00:00,29.325739,0,0
2015-12-17 13:00:00,29.821762,0,0
2015-12-17 14:00:00,29.48136,0,0
2015-12-17 15:00:00,29.018124,0,0
2015-12-17 16:00:00,27.964079,0,0
2015-12-17 17:00:00,27.006903,0,0
2015-12-17 18:00:00,26.413517,0,0
2015-12-17 19:00:00,26.000547,0,0
2015-12-17 20:00:00,25.924225,0,0
2015-12-17 21:00:00,25.830845,0,0
2015-12-17 22:00:00,25.736574,0,0
2015-12-17 23:00:00,25.513535,0,0
2015-12-18 00:00:00,25.340115,0,0
2015-12-18 01:00:00,25.199778,0,0
2015-12-18 02:00:00,25.374313,0,0
2015-12-18 03:00:00,25.22821,0,0
2015-12-18 04:00:00,25.296207,0,0
2015-12-18 05:00:00,25.179405,0,0
2015-12-18 06:00:00,25.29937,0,0
2015-12-18 07:00:00,25.394537,0,0
2015-12-18 08:00:00,25.793755,0,0
2015-12-18 09:00:00,26.611177,0,0
2015-12-18 10:00:00,27.605446,0,0
2015-12-18 11:00:00,28.542688,0,0
2015-12-18 12:00:00,29.145473,0,0
2015-12-18 13:00:00,29.37194,0,0
2015-12-18 14:00:00,30.06503,0,0
2015-12-18 15:00:00,28.118185,0,0
2015-12-18 16:00:00,27.640856,0,0
2015-12-18 17:00:00,26.553905,0,0
2015-12-18 18:00:00,25.99722,0,0
2015-12-18 19:00:00,25.730204,0,0
2015-12-18 20:00:00,25.712517,0,0
2015-12-18 21:00:00,25.745975,0,0
2015-12-18 22:00:00,25.740475,0,0
2015-12-18 23:00:00,25.667698,0,0
2015-12-19 00:00:00,25.604462,1,0
2015-12-19 01:00:00,25.536137,1,0
2015-12-19 02:00:00,25.29606,1,0
2015-12-19 03:00:00,24.815058,1,0
2015-12-19 04:00:00,24.791048,1,0
2015-12-19 05:00:00,24.876291,1,0
2015-12-19 06:00:00,25.178785,1,0
2015-12-19 07:00:00,25.125658,1,0
2015-12-19 08:00:00,25.706726,1,0
2015-12-19 09:00:00,26.3608,1,0
2015-12-19 10:00:00,27.369087,1,0
2015-12-19 11:00:00,28.186481,1,0
2015-12-19 12:00:00,28.9638,1,0
2015-12-19 13:00:00,29.54469,1,0
2015-12-19 14:00:00,29.100452,1,0
2015-12-19 15:00:00,27.606766,1,0
2015-12-19 16:00:00,27.418186,1,0
2015-12-19 17:00:00,27.28191,1,0
2015-12-19 18:00:00,26.933956,1,0
2015-12-19 19:00:00,26.4276,1,0
2015-12-19 20:00:00,26.256231,1,0
2015-12-19 21:00:00,26.22798,1,0
2015-12-19 22:00:00,26.18995,1,0
2015-12-19 23:00:00,26.056017,1,0
2015-12-20 00:00:00,26.06011,1,0
2015-12-20 01:00:00,26.068773,1,0
2015-12-20 02:00:00,26.405754,1,0
2015-12-20 03:00:00,26.396091,1,0
2015-12-20 04:00:00,26.364914,1,0
2015-12-20 05:00:00,26.354988,1,0
2015-12-20 06:00:00,26.210344,1,0
2015-12-20 07:00:00,26.268482,1,0
2015-12-20 08:00:00,26.75792,1,0
2015-12-20 09:00:00,27.693638,1,0
2015-12-20 10:00:00,28.522741,1,0
2015-12-20 11:00:00,29.118387,1,0
2015-12-20 12:00:00,29.677526,1,0
2015-12-20 13:00:00,30.250536,1,0
2015-12-20 14:00:00,29.272055,1,0
2015-12-20 15:00:00,29.339119,1,0
2015-12-20 16:00:00,29.266222,1,0
2015-12-20 17:00:00,27.697598,1,0
2015-12-20 18:00:00,27.42965,1,0
2015-12-20 19:00:00,27.150398,1,0
2015-12-20 20:00:00,26.823935,1,0
2015-12-20 21:00:00,26.710701,1,0
2015-12-20 22:00:00,26.489475,1,0
2015-12-20 23:00:00,26.33669,1,0
2015-12-21 00:00:00,26.168888,0,0
2015-12-21 01:00:00,26.12372,0,0
2015-12-21 02:00:00,26.141376,0,0
2015-12-21 03:00:00,26.075096,0,0
2015-12-21 04:00:00,26.004988,0,0
2015-12-21 05:00:00,26.053463,0,0
2015-12-21 06:00:00,26.058819,0,0
2015-12-21 07:00:00,26.060865,0,0
2015-12-21 08:00:00,26.556541,0,0
2015-12-21 09:00:00,27.620626,0,0
2015-12-21 10:00:00,28.544638,0,0
2015-12-21 11:00:00,29.480358,0,0
2015-12-21 12:00:00,29.9647,0,0
2015-12-21 13:00:00,30.2157,0,0
2015-12-21 14:00:00,29.534056,0,0
2015-12-21 15:00:00,28.934727,0,0
2015-12-21 16:00:00,29.023132,0,0
2015-12-21 17:00:00,28.536482,0,0
2015-12-21 18:00:00,27.910799,0,0
2015-12-21 19:00:00,27.438427,0,0
2015-12-21 20:00:00,27.140738,0,0
2015-12-21 21:00:00,26.909586,0,0
2015-12-21 22:00:00,26.636576,0,0
2015-12-21 23:00:00,26.436836,0,0
2015-12-22 00:00:00,26.266989,0,0
2015-12-22 01:00:00,26.182121,0,0
2015-12-22 02:00:00,26.08666,0,0
2015-12-22 03:00:00,25.96298,0,0
2015-12-22 04:00:00,25.921497,0,0
2015-12-22 05:00:00,25.86845,0,0
2015-12-22 06:00:00,25.726852,0,0
2015-12-22 07:00:00,25.648748,0,0
2015-12-22 08:00:00,26.36108,0,0
2015-12-22 09:00:00,27.536758,0,0
2015-12-22 10:00:00,28.527573,0,0
2015-12-22 11:00:00,29.463295,0,0
2015-12-22 12:00:00,30.001207,0,0
2015-12-22 13:00:00,30.463245,0,0
2015-12-22 14:00:00,30.43283,0,0
2015-12-22 15:00:00,29.270039,0,0
2015-12-22 16:00:00,29.131863,0,0
2015-12-22 17:00:00,28.664177,0,0
2015-12-22 18:00:00,27.891806,0,0
2015-12-22 19:00:00,27.211176,0,0
2015-12-22 20:00:00,26.80713,0,0
2015-12-22 21:00:00,26.5929,0,0
2015-12-22 22:00:00,26.308441,0,0
2015-12-22 23:00:00,26.10361,0,0
2015-12-23 00:00:00,25.952347,0,0
2015-12-23 01:00:00,25.8409,0,0
2015-12-23 02:00:00,25.75235,0,0
2015-12-23 03:00:00,25.738855,0,0
2015-12-23 04:00:00,25.625359,0,0
2015-12-23 05:00:00,25.51008,0,0
2015-12-23 06:00:00,25.40651,0,0
2015-12-23 07:00:00,25.460081,0,0
2015-12-23 08:00:00,26.296469,0,0
2015-12-23 09:00:00,27.488691,0,0
2015-12-23 10:00:00,28.537645,0,0
2015-12-23 11:00:00,29.313963,0,0
2015-12-23 12:00:00,29.8498,0,0
2015-12-23 13:00:00,30.211216,0,0
2015-12-23 14:00:00,30.313148,0,0
2015-12-23 15:00:00,30.044151,0,0
2015-12-23 16:00:00,28.844637,0,0
2015-12-23 17:00:00,28.406986,0,0
2015-12-23 18:00:00,27.9552,0,0
2015-12-23 19:00:00,27.47736,0,0
2015-12-23 20:00:00,27.189213,0,0
2015-12-23 21:00:00,26.94814,0,0
2015-12-23 22:00:00,26.738737,0,0
2015-12-23 23:00:00,26.51432,0,0
2015-12-24 00:00:00,26.296255,0,0
2015-12-24 01:00:00,26.182762,0,0
2015-12-24 02:00:00,26.12053,0,0
2015-12-24 03:00:00,26.05194,0,0
2015-12-24 04:00:00,26.012129,0,0
2015-12-24 05:00:00,25.907034,0,0
2015-12-24 06:00:00,25.836924,0,0
2015-12-24 07:00:00,25.863504,0,0
2015-12-24 08:00:00,26.624165,0,0
2015-12-24 09:00:00,27.511293,0,0
2015-12-24 10:00:00,28.468124,0,0
2015-12-24 11:00:00,29.224216,0,0
2015-12-24 12:00:00,29.927261,0,0
2015-12-24 13:00:00,30.46886,0,0
2015-12-24 14:00:00,30.582355,0,0
2015-12-24 15:00:00,30.006302,0,0
2015-12-24 16:00:00,29.596373,0,0
2015-12-24 17:00:00,29.091803,0,0
2015-12-24 18:00:00,28.478836,0,0
2015-12-24 19:00:00,27.844374,0,0
2015-12-24 20:00:00,27.433334,0,0
2015-12-24 21:00:00,27.055494,0,0
2015-12-24 22:00:00,26.739475,0,0
2015-12-24 23:00:00,26.465057,0,0
2015-12-25 00:00:00,26.296993,0,1
2015-12-25 01:00:00,26.14904,0,1
2015-12-25 02:00:00,26.200563,0,1
2015-12-25 03:00:00,26.192162,0,1
2015-12-25 04:00:00,26.065697,0,1
2015-12-25 05:00:00,25.980715,0,1
2015-12-25 06:00:00,25.8825,0,1
2015-12-25 07:00:00,25.969267,0,1
2015-12-25 08:00:00,26.815058,0,1
2015-12-25 09:00:00,27.996946,0,1
2015-12-25 10:00:00,29.030882,0,1
2015-12-25 11:00:00,29.907936,0,1
2015-12-25 12:00:00,30.478786,0,1
2015-12-25 13:00:00,30.81477,0,1
2015-12-25 14:00:00,30.76629,0,1
2015-12-25 15:00:00,30.55458,0,1
2015-12-25 16:00:00,30.074953,0,1
2015-12-25 17:00:00,29.490498,0,1
2015-12-25 18:00:00,28.69816,0,1
2015-12-25 19:00:00,27.97084,0,1
2015-12-25 20:00:00,27.363747,0,1
2015-12-25 21:00:00,26.922674,0,1
2015-12-25 22:00:00,26.61951,0,1
2015-12-25 23:00:00,26.464682,0,1
2015-12-26 00:00:00,26.359848,1,0
2015-12-26 01:00:00,26.284908,1,0
2015-12-26 02:00:00,26.403088,1,0
2015-12-26 03:00:00,26.35168,1,0
2015-12-26 04:00:00,26.325214,1,0
2015-12-26 05:00:00,26.238708,1,0
2015-12-26 06:00:00,26.15068,1,0
2015-12-26 07:00:00,26.095848,1,0
2015-12-26 08:00:00,26.809702,1,0
2015-12-26 09:00:00,27.943901,1,0
2015-12-26 10:00:00,29.162554,1,0
2015-12-26 11:00:00,30.064552,1,0
2015-12-26 12:00:00,30.743658,1,0
2015-12-26 13:00:00,30.899488,1,0
2015-12-26 14:00:00,30.569485,1,0
2015-12-26 15:00:00,30.434355,1,0
2015-12-26 16:00:00,29.92127,1,0
2015-12-26 17:00:00,29.278671,1,0
2015-12-26 18:00:00,28.331503,1,0
2015-12-26 19:00:00,27.710917,1,0
2015-12-26 20:00:00,27.318317,1,0
2015-12-26 21:00:00,26.90549,1,0
2015-12-26 22:00:00,26.682482,1,0
2015-12-26 23:00:00,26.424603,1,0
2015-12-27 00:00:00,26.123344,1,0
2015-12-27 01:00:00,25.957064,1,0
2015-12-27 02:00:00,26.013796,1,0
2015-12-27 03:00:00,25.864058,1,0
2015-12-27 04:00:00,25.834167,1,0
2015-12-27 05:00:00,25.807703,1,0
2015-12-27 06:00:00,25.684431,1,0
2015-12-27 07:00:00,25.67603,1,0
2015-12-27 08:00:00,26.460226,1,0
2015-12-27 09:00:00,27.685383,1,0
2015-12-27 10:00:00,28.685598,1,0
2015-12-27 11:00:00,29.533026,1,0
2015-12-27 12:00:00,30.257036,1,0
2015-12-27 13:00:00,30.599634,1,0
2015-12-27 14:00:00,30.63588,1,0
2015-12-27 15:00:00,30.475693,1,0
2015-12-27 16:00:00,29.942755,1,0
2015-12-27 17:00:00,29.122053,1,0
2015-12-27 18:00:00,28.238117,1,0
2015-12-27 19:00:00,27.547567,1,0
2015-12-27 20:00:00,27.055233,1,0
2015-12-27 21:00:00,26.6391,1,0
2015-12-27 22:00:00,26.359472,1,0
2015-12-27 23:00:00,26.104786,1,0
2015-12-28 00:00:00,25.991816,0,0
2015-12-28 01:00:00,25.823751,0,0
2015-12-28 02:00:00,25.64881,0,0
2015-12-28 03:00:00,25.555685,0,0
2015-12-28 04:00:00,25.404163,0,0
2015-12-28 05:00:00,25.396025,0,0
2015-12-28 06:00:00,25.399593,0,0
2015-12-28 07:00:00,25.47796,0,0
2015-12-28 08:00:00,26.34383,0,0
2015-12-28 09:00:00,27.625605,0,0
2015-12-28 10:00:00,28.7024,0,0
2015-12-28 11:00:00,29.633024,0,0
2015-12-28 12:00:00,30.31213,0,0
2015-12-28 13:00:00,30.737926,0,0
2015-12-28 14:00:00,30.3751,0,0
2015-12-28 15:00:00,30.115698,0,0
2015-12-28 16:00:00,29.830688,0,0
2015-12-28 17:00:00,29.187828,0,0
2015-12-28 18:00:00,28.281881,0,0
2015-12-28 19:00:00,27.62441,0,0
2015-12-28 20:00:00,26.98869,0,0
2015-12-28 21:00:00,26.632366,0,0
2015-12-28 22:00:00,26.398285,0,0
2015-12-28 23:00:00,26.089,0,0
2015-12-29 00:00:00,25.897663,0,0
2015-12-29 01:00:00,25.714466,0,0
2015-12-29 02:00:00,25.619299,0,0
2015-12-29 03:00:00,25.481007,0,0
2015-12-29 04:00:00,25.50454,0,0
2015-12-29 05:00:00,25.479599,0,0
2015-12-29 06:00:00,25.464844,0,0
2015-12-29 07:00:00,25.448303,0,0
2015-12-29 08:00:00,26.324097,0,0
2015-12-29 09:00:00,27.530813,0,0
2015-12-29 10:00:00,28.632551,0,0
2015-12-29 11:00:00,29.573103,0,0
2015-12-29 12:00:00,30.35373,0,0
2015-12-29 13:00:00,30.3148,0,0
2015-12-29 14:00:00,30.629786,0,0
2015-12-29 15:00:00,30.211607,0,0
2015-12-29 16:00:00,29.715437,0,0
2015-12-29 17:00:00,28.887856,0,0
2015-12-29 18:00:00,28.180243,0,0
2015-12-29 19:00:00,27.49452,0,0
2015-12-29 20:00:00,27.138313,0,0
2015-12-29 21:00:00,26.706017,0,0
2015-12-29 22:00:00,26.458326,0,0
2015-12-29 23:00:00,26.24714,0,0
2015-12-30 00:00:00,26.061012,0,0
2015-12-30 01:00:00,25.995995,0,0
2015-12-30 02:00:00,26.045732,0,0
2015-12-30 03:00:00,26.042162,0,0
2015-12-30 04:00:00,25.942162,0,0
2015-12-30 05:00:00,25.855658,0,0
2015-12-30 06:00:00,25.759228,0,0
2015-12-30 07:00:00,25.796257,0,0
2015-12-30 08:00:00,26.70361,0,0
2015-12-30 09:00:00,27.973934,0,0
2015-12-30 10:00:00,29.13902,0,0
2015-12-30 11:00:00,30.010983,0,0
2015-12-30 12:00:00,30.711199,0,0
2015-12-30 13:00:00,30.885357,0,0
2015-12-30 14:00:00,30.97186,0,0
2015-12-30 15:00:00,30.701897,0,0
2015-12-30 16:00:00,30.167173,0,0
2015-12-30 17:00:00,29.434765,0,0
2015-12-30 18:00:00,28.411276,0,0
2015-12-30 19:00:00,27.596045,0,0
2015-12-30 20:00:00,27.07051,0,0
2015-12-30 21:00:00,26.784527,0,0
2015-12-30 22:00:00,26.711372,0,0
2015-12-30 23:00:00,26.564943,0,0
2015-12-31 00:00:00,26.541786,0,0
2015-12-31 01:00:00,26.336952,0,0
2015-12-31 02:00:00,26.431713,0,0
2015-12-31 03:00:00,26.3751,0,0
2015-12-31 04:00:00,26.218222,0,0
2015-12-31 05:00:00,26.129929,0,0
2015-12-31 06:00:00,26.08019,0,0
2015-12-31 07:00:00,26.092278,0,0
2015-12-31 08:00:00,26.849516,0,0
2015-12-31 09:00:00,28.086235,0,0
2015-12-31 10:00:00,29.108202,0,0
2015-12-31 11:00:00,30.107006,0,0
2015-12-31 12:00:00,30.569454,0,0
2015-12-31 13:00:00,31.001865,0,0
2015-12-31 14:00:00,30.72974,0,0
2015-12-31 15:00:00,30.531525,0,0
2015-12-31 16:00:00,30.025316,0,0
2015-12-31 17:00:00,29.239334,0,0
2015-12-31 18:00:00,28.415583,0,0
2015-12-31 19:00:00,27.640049,0,0
2015-12-31 20:00:00,27.156115,0,0
2015-12-31 21:00:00,26.81173,0,0
2015-12-31 22:00:00,26.523966,0,0
2015-12-31 23:00:00,26.292814,0,0
2016-01-01 00:00:00,26.151217,0,1
2016-01-01 01:00:00,26.096384,0,1
2016-01-01 02:00:00,26.20921,0,1
2016-01-01 03:00:00,26.190884,0,1
2016-01-01 04:00:00,26.11925,0,1
2016-01-01 05:00:00,26.069511,0,1
2016-01-01 06:00:00,26.019772,0,1
2016-01-01 07:00:00,26.119774,0,1
2016-01-01 08:00:00,26.656017,0,1
2016-01-01 09:00:00,27.581549,0,1
2016-01-01 10:00:00,28.809984,0,1
2016-01-01 11:00:00,29.775331,0,1
2016-01-01 12:00:00,30.112982,0,1
2016-01-01 13:00:00,30.348848,0,1
2016-01-01 14:00:00,30.353418,0,1
2016-01-01 15:00:00,30.083454,0,1
2016-01-01 16:00:00,29.510443,0,1
2016-01-01 17:00:00,28.819368,0,1
2016-01-01 18:00:00,28.035694,0,1
2016-01-01 19:00:00,27.458231,0,1
2016-01-01 20:00:00,27.051138,0,1
2016-01-01 21:00:00,26.65497,0,1
2016-01-01 22:00:00,26.483597,0,1
2016-01-01 23:00:00,26.183859,0,1
2016-01-02 00:00:00,26.034122,1,0
2016-01-02 01:00:00,25.939217,1,0
2016-01-02 02:00:00,25.927097,1,0
2016-01-02 03:00:00,25.797468,1,0
2016-01-02 04:00:00,25.642376,1,0
2016-01-02 05:00:00,25.667171,1,0
2016-01-02 06:00:00,25.655462,1,0
2016-01-02 07:00:00,25.603678,1,0
2016-01-02 08:00:00,26.03319,1,0
2016-01-02 09:00:00,26.801205,1,0
2016-01-02 10:00:00,27.564653,1,0
2016-01-02 11:00:00,28.240593,1,0
2016-01-02 12:00:00,28.97546,1,0
2016-01-02 13:00:00,29.095901,1,0
2016-01-02 14:00:00,28.733631,1,0
2016-01-02 15:00:00,28.72549,1,0
2016-01-02 16:00:00,28.337463,1,0
2016-01-02 17:00:00,27.947765,1,0
2016-01-02 18:00:00,27.245502,1,0
2016-01-02 19:00:00,26.610308,1,0
2016-01-02 20:00:00,26.214924,1,0
2016-01-02 21:00:00,25.998907,1,0
2016-01-02 22:00:00,25.79943,1,0
2016-01-02 23:00:00,25.649693,1,0
2016-01-03 00:00:00,25.46992,1,0
2016-01-03 01:00:00,25.423344,1,0
2016-01-03 02:00:00,25.241524,1,0
2016-01-03 03:00:00,25.143307,1,0
2016-01-03 04:00:00,25.086954,1,0
2016-01-03 05:00:00,25.055395,1,0
2016-01-03 06:00:00,25.012012,1,0
2016-01-03 07:00:00,25.003609,1,0
2016-01-03 08:00:00,25.639591,1,0
2016-01-03 09:00:00,26.830767,1,0
2016-01-03 10:00:00,27.977148,1,0
2016-01-03 11:00:00,28.509182,1,0
2016-01-03 12:00:00,28.881556,1,0
2016-01-03 13:00:00,29.08434,1,0
2016-01-03 14:00:00,29.150549,1,0
2016-01-03 15:00:00,28.498026,1,0
2016-01-03 16:00:00,28.144718,1,0
2016-01-03 17:00:00,27.760376,1,0
2016-01-03 18:00:00,27.06737,1,0
2016-01-03 19:00:00,26.353024,1,0
2016-01-03 20:00:00,26.060421,1,0
2016-01-03 21:00:00,25.72444,1,0
2016-01-03 22:00:00,25.606377,1,0
2016-01-03 23:00:00,25.434744,1,0
2016-01-04 00:00:00,25.244928,0,0
2016-01-04 01:00:00,25.10664,0,0
2016-01-04 02:00:00,25.296976,0,0
2016-01-04 03:00:00,25.288837,0,0
2016-01-04 04:00:00,25.280697,0,0
2016-01-04 05:00:00,25.402447,0,0
2016-01-04 06:00:00,25.337692,0,0
2016-01-04 07:00:00,25.357655,0,0
2016-01-04 08:00:00,25.723673,0,0
2016-01-04 09:00:00,26.420725,0,0
2016-01-04 10:00:00,27.126587,0,0
2016-01-04 11:00:00,27.901003,0,0
2016-01-04 12:00:00,28.486725,0,0
2016-01-04 13:00:00,29.038101,0,0
2016-01-04 14:00:00,29.275839,0,0
2016-01-04 15:00:00,28.650188,0,0
2016-01-04 16:00:00,28.614145,0,0
2016-01-04 17:00:00,27.999537,0,0
2016-01-04 18:00:00,27.296637,0,0
2016-01-04 19:00:00,26.654184,0,0
2016-01-04 20:00:00,26.231958,0,0
2016-01-04 21:00:00,25.934006,0,0
2016-01-04 22:00:00,25.802185,0,0
2016-01-04 23:00:00,25.635382,0,0
2016-01-05 00:00:00,25.535381,0,0
2016-01-05 01:00:00,25.415535,0,0
2016-01-05 02:00:00,25.339476,0,0
2016-01-05 03:00:00,25.28286,0,0
2016-01-05 04:00:00,25.26275,0,0
2016-01-05 05:00:00,25.237808,0,0
2016-01-05 06:00:00,25.2458,0,0
2016-01-05 07:00:00,25.240969,0,0
2016-01-05 08:00:00,25.741968,0,0
2016-01-05 09:00:00,26.740545,0,0
2016-01-05 10:00:00,27.649567,0,0
2016-01-05 11:00:00,28.473724,0,0
2016-01-05 12:00:00,29.209446,0,0
2016-01-05 13:00:00,29.712082,0,0
2016-01-05 14:00:00,29.791563,0,0
2016-01-05 15:00:00,28.488771,0,0
2016-01-05 16:00:00,28.421707,0,0
2016-01-05 17:00:00,28.043718,0,0
2016-01-05 18:00:00,27.506067,0,0
2016-01-05 19:00:00,26.79031,0,0
2016-01-05 20:00:00,26.414253,0,0
2016-01-05 21:00:00,26.234627,0,0
2016-01-05 22:00:00,26.011879,0,0
2016-01-05 23:00:00,25.911993,0,0
2016-01-06 00:00:00,25.636053,0,0
2016-01-06 01:00:00,25.436314,0,0
2016-01-06 02:00:00,25.697472,0,0
2016-01-06 03:00:00,25.572674,0,0
2016-01-06 04:00:00,25.606133,0,0
2016-01-06 05:00:00,25.551302,0,0
2016-01-06 06:00:00,25.474981,0,0
2016-01-06 07:00:00,25.463272,0,0
2016-01-06 08:00:00,26.09773,0,0
2016-01-06 09:00:00,27.12798,0,0
2016-01-06 10:00:00,28.081764,0,0
2016-01-06 11:00:00,28.97094,0,0
2016-01-06 12:00:00,29.416845,0,0
2016-01-06 13:00:00,29.579817,0,0
2016-01-06 14:00:00,29.699781,0,0
2016-01-06 15:00:00,29.135056,0,0
2016-01-06 16:00:00,28.763422,0,0
2016-01-06 17:00:00,28.265469,0,0
2016-01-06 18:00:00,27.568039,0,0
2016-01-06 19:00:00,27.002167,0,0
2016-01-06 20:00:00,26.70626,0,0
2016-01-06 21:00:00,26.4653,0,0
2016-01-06 22:00:00,26.298906,0,0
2016-01-06 23:00:00,26.079699,0,0
2016-01-07 00:00:00,25.818512,0,0
2016-01-07 01:00:00,25.600332,0,0
2016-01-07 02:00:00,25.275652,0,0
2016-01-07 03:00:00,25.167511,0,0
2016-01-07 04:00:00,25.132383,0,0
2016-01-07 05:00:00,25.172459,0,0
2016-01-07 06:00:00,25.255657,0,0
2016-01-07 07:00:00,25.182383,0,0
2016-01-07 08:00:00,25.815056,0,0
2016-01-07 09:00:00,26.92508,0,0
2016-01-07 10:00:00,27.94719,0,0
2016-01-07 11:00:00,28.93417,0,0
2016-01-07 12:00:00,29.291935,0,0
2016-01-07 13:00:00,29.554644,0,0
2016-01-07 14:00:00,29.514305,0,0
2016-01-07 15:00:00,29.442934,0,0
2016-01-07 16:00:00,28.991673,0,0
2016-01-07 17:00:00,28.370562,0,0
2016-01-07 18:00:00,27.616516,0,0
2016-01-07 19:00:00,26.990719,0,0
2016-01-07 20:00:00,26.553215,0,0
2016-01-07 21:00:00,26.210617,0,0
2016-01-07 22:00:00,26.002739,0,0
2016-01-07 23:00:00,25.749693,0,0
2016-01-08 00:00:00,25.599953,0,0
2016-01-08 01:00:00,25.530106,0,0
2016-01-08 02:00:00,25.53479,0,0
2016-01-08 03:00:00,25.474867,0,0
2016-01-08 04:00:00,25.318512,0,0
2016-01-08 05:00:00,25.25885,0,0
2016-01-08 06:00:00,25.172342,0,0
2016-01-08 07:00:00,25.074127,0,0
2016-01-08 08:00:00,25.80171,0,0
2016-01-08 09:00:00,27.031696,0,0
2016-01-08 10:00:00,28.17708,0,0
2016-01-08 11:00:00,29.164581,0,0
2016-01-08 12:00:00,29.885025,0,0
2016-01-08 13:00:00,30.431047,0,0
2016-01-08 14:00:00,30.347326,0,0
2016-01-08 15:00:00,30.30889,0,0
2016-01-08 16:00:00,29.70599,0,0
2016-01-08 17:00:00,28.935024,0,0
2016-01-08 18:00:00,27.9628,0,0
2016-01-08 19:00:00,27.065516,0,0
2016-01-08 20:00:00,26.474964,0,0
2016-01-08 21:00:00,26.08746,0,0
2016-01-08 22:00:00,25.849693,0,0
2016-01-08 23:00:00,25.588507,0,0
2016-01-09 00:00:00,25.435198,1,1
2016-01-09 01:00:00,25.28215,1,1
2016-01-09 02:00:00,25.193714,1,1
2016-01-09 03:00:00,25.229221,1,1
2016-01-09 04:00:00,25.022867,1,1
2016-01-09 05:00:00,24.90328,1,1
2016-01-09 06:00:00,24.830122,1,1
2016-01-09 07:00:00,24.78659,1,1
2016-01-09 08:00:00,25.560604,1,1
2016-01-09 09:00:00,26.685383,1,1
2016-01-09 10:00:00,27.910276,1,1
2016-01-09 11:00:00,28.735695,1,1
2016-01-09 12:00:00,29.506395,1,1
2016-01-09 13:00:00,29.935501,1,1
2016-01-09 14:00:00,30.221863,1,1
2016-01-09 15:00:00,30.038664,1,1
2016-01-09 16:00:00,29.534357,1,1
2016-01-09 17:00:00,28.745327,1,1
2016-01-09 18:00:00,27.883024,1,1
2016-01-09 19:00:00,27.029125,1,1
2016-01-09 20:00:00,26.473297,1,1
2016-01-09 21:00:00,26.174849,1,1
2016-01-09 22:00:00,25.837082,1,1
2016-01-09 23:00:00,25.41178,1,1
2016-01-10 00:00:00,25.087246,1,0
2016-01-10 01:00:00,24.877323,1,0
2016-01-10 02:00:00,24.677322,1,0
2016-01-10 03:00:00,24.582413,1,0
2016-01-10 04:00:00,24.51435,1,0
2016-01-10 05:00:00,24.451117,1,0
2016-01-10 06:00:00,24.337885,1,0
2016-01-10 07:00:00,24.271343,1,0
2016-01-10 08:00:00,25.182121,1,0
2016-01-10 09:00:00,26.525341,1,0
2016-01-10 10:00:00,27.68548,1,0
2016-01-10 11:00:00,28.579342,1,0
2016-01-10 12:00:00,29.178555,1,0
2016-01-10 13:00:00,29.487955,1,0
2016-01-10 14:00:00,29.087986,1,0
2016-01-10 15:00:00,28.89665,1,0
2016-01-10 16:00:00,28.568922,1,0
2016-01-10 17:00:00,28.041195,1,0
2016-01-10 18:00:00,27.328749,1,0
2016-01-10 19:00:00,26.722918,1,0
2016-01-10 20:00:00,26.223328,1,0
2016-01-10 21:00:00,25.714449,1,0
2016-01-10 22:00:00,25.406456,1,0
2016-01-10 23:00:00,25.148577,1,0
2016-01-11 00:00:00,24.892223,0,0
2016-01-11 01:00:00,24.733936,0,0
2016-01-11 02:00:00,24.685984,0,0
2016-01-11 03:00:00,24.562826,0,0
2016-01-11 04:00:00,24.536362,0,0
2016-01-11 05:00:00,24.46142,0,0
2016-01-11 06:00:00,24.43317,0,0
2016-01-11 07:00:00,24.334953,0,0
2016-01-11 08:00:00,25.059227,0,0
2016-01-11 09:00:00,26.309326,0,0
2016-01-11 10:00:00,27.486004,0,0
2016-01-11 11:00:00,28.526295,0,0
2016-01-11 12:00:00,29.313538,0,0
2016-01-11 13:00:00,29.849257,0,0
2016-01-11 14:00:00,29.915651,0,0
2016-01-11 15:00:00,29.777363,0,0
2016-01-11 16:00:00,29.379147,0,0
2016-01-11 17:00:00,28.811346,0,0
2016-01-11 18:00:00,27.775887,0,0
2016-01-11 19:00:00,26.697306,0,0
2016-01-11 20:00:00,26.009949,0,0
2016-01-11 21:00:00,25.36635,0,0
2016-01-11 22:00:00,24.865873,0,0
2016-01-11 23:00:00,24.539818,0,0
2016-01-12 00:00:00,24.27837,0,0
2016-01-12 01:00:00,24.148333,0,0
2016-01-12 02:00:00,24.241978,0,0
2016-01-12 03:00:00,24.208637,0,0
2016-01-12 04:00:00,24.215105,0,0
2016-01-12 05:00:00,24.131763,0,0
2016-01-12 06:00:00,24.016743,0,0
2016-01-12 07:00:00,24.048416,0,0
2016-01-12 08:00:00,24.732353,0,0
2016-01-12 09:00:00,25.845306,0,0
2016-01-12 10:00:00,27.048191,0,0
2016-01-12 11:00:00,27.934172,0,0
2016-01-12 12:00:00,28.51442,0,0
2016-01-12 13:00:00,28.905235,0,0
2016-01-12 14:00:00,28.996979,0,0
2016-01-12 15:00:00,28.911999,0,0
2016-01-12 16:00:00,28.520397,0,0
2016-01-12 17:00:00,27.7362,0,0
2016-01-12 18:00:00,26.92911,0,0
2016-01-12 19:00:00,26.208523,0,0
2016-01-12 20:00:00,25.734627,0,0
2016-01-12 21:00:00,25.441767,0,0
2016-01-12 22:00:00,25.227272,0,0
2016-01-12 23:00:00,25.107948,0,0
2016-01-13 00:00:00,24.981747,0,0
2016-01-13 01:00:00,24.806803,0,0
2016-01-13 02:00:00,24.678959,0,0
2016-01-13 03:00:00,24.70911,0,0
2016-01-13 04:00:00,24.732384,0,0
2016-01-13 05:00:00,24.682644,0,0
2016-01-13 06:00:00,24.724506,0,0
2016-01-13 07:00:00,24.732908,0,0
2016-01-13 08:00:00,25.425507,0,0
2016-01-13 09:00:00,26.688692,0,0
2016-01-13 10:00:00,27.917152,0,0
2016-01-13 11:00:00,28.919153,0,0
2016-01-13 12:00:00,29.65818,0,0
2016-01-13 13:00:00,29.81249,0,0
2016-01-13 14:00:00,29.968845,0,0
2016-01-13 15:00:00,29.887285,0,0
2016-01-13 16:00:00,29.547474,0,0
2016-01-13 17:00:00,28.8648,0,0
2016-01-13 18:00:00,27.850975,0,0
2016-01-13 19:00:00,26.84555,0,0
2016-01-13 20:00:00,26.055,0,0
2016-01-13 21:00:00,25.476158,0,0
2016-01-13 22:00:00,25.148314,0,0
2016-01-13 23:00:00,24.866901,0,0
2016-01-14 00:00:00,24.55724,0,0
2016-01-14 01:00:00,24.327467,0,0
2016-01-14 02:00:00,24.554049,0,0
2016-01-14 03:00:00,24.357618,0,0
2016-01-14 04:00:00,24.251,0,0
2016-01-14 05:00:00,24.137772,0,0
2016-01-14 06:00:00,24.172752,0,0
2016-01-14 07:00:00,24.062826,0,0
2016-01-14 08:00:00,24.82539,0,0
2016-01-14 09:00:00,26.118464,0,0
2016-01-14 10:00:00,27.255331,0,0
2016-01-14 11:00:00,28.29588,0,0
2016-01-14 12:00:00,29.343311,0,0
2016-01-14 13:00:00,29.78591,0,0
2016-01-14 14:00:00,30.075462,0,0
2016-01-14 15:00:00,30.060297,0,0
2016-01-14 16:00:00,29.533945,0,0
2016-01-14 17:00:00,28.894773,0,0
2016-01-14 18:00:00,27.97407,0,0
2016-01-14 19:00:00,27.018795,0,0
2016-01-14 20:00:00,26.24976,0,0
2016-01-14 21:00:00,25.625635,0,0
2016-01-14 22:00:00,25.161285,0,0
2016-01-14 23:00:00,24.788536,0,0
2016-01-15 00:00:00,24.414005,0,0
2016-01-15 01:00:00,24.191107,0,0
2016-01-15 02:00:00,24.175945,0,0
2016-01-15 03:00:00,24.081299,0,0
2016-01-15 04:00:00,24.008026,0,0
2016-01-15 05:00:00,23.996841,0,0
2016-01-15 06:00:00,23.998888,0,0
2016-01-15 07:00:00,24.08413,0,0
2016-01-15 08:00:00,24.999857,0,0
2016-01-15 09:00:00,26.556278,0,0
2016-01-15 10:00:00,27.845522,0,0
2016-01-15 11:00:00,29.01187,0,0
2016-01-15 12:00:00,29.46565,0,0
2016-01-15 13:00:00,29.492002,0,0
2016-01-15 14:00:00,29.88293,0,0
2016-01-15 15:00:00,29.609657,0,0
2016-01-15 16:00:00,28.945572,0,0
2016-01-15 17:00:00,28.341526,0,0
2016-01-15 18:00:00,27.49231,0,0
2016-01-15 19:00:00,26.858377,0,0
2016-01-15 20:00:00,26.349499,0,0
2016-01-15 21:00:00,26.016825,0,0
2016-01-15 22:00:00,25.727388,0,0
2016-01-15 23:00:00,25.399807,0,0
2016-01-16 00:00:00,25.202116,1,0
2016-01-16 01:00:00,25.044239,1,0
2016-01-16 02:00:00,25.242832,1,0
2016-01-16 03:00:00,25.154655,1,0
2016-01-16 04:00:00,25.076668,1,0
2016-01-16 05:00:00,25.000204,1,0
2016-01-16 06:00:00,24.755556,1,0
2016-01-16 07:00:00,24.650726,1,0
2016-01-16 08:00:00,25.481354,1,0
2016-01-16 09:00:00,26.912226,1,0
2016-01-16 10:00:00,28.2118,1,0
2016-01-16 11:00:00,29.30209,1,0
2016-01-16 12:00:00,30.09112,1,0
2016-01-16 13:00:00,30.360443,1,0
2016-01-16 14:00:00,30.428362,1,0
2016-01-16 15:00:00,30.20178,1,0
2016-01-16 16:00:00,29.78881,1,0
2016-01-16 17:00:00,29.136286,1,0
2016-01-16 18:00:00,28.19395,1,0
2016-01-16 19:00:00,27.38165,1,0
2016-01-16 20:00:00,26.836267,1,0
2016-01-16 21:00:00,26.26861,1,0
2016-01-16 22:00:00,25.794338,1,0
2016-01-16 23:00:00,25.394863,1,0
2016-01-17 00:00:00,25.088507,1,0
2016-01-17 01:00:00,24.83546,1,0
2016-01-17 02:00:00,24.68063,1,0
2016-01-17 03:00:00,24.632416,1,0
2016-01-17 04:00:00,24.476059,1,0
2016-01-17 05:00:00,24.328106,1,0
2016-01-17 06:00:00,24.306732,1,0
2016-01-17 07:00:00,24.235363,1,0
2016-01-17 08:00:00,25.276031,1,0
2016-01-17 09:00:00,26.575605,1,0
2016-01-17 10:00:00,27.95202,1,0
2016-01-17 11:00:00,28.957329,1,0
2016-01-17 12:00:00,29.914274,1,0
2016-01-17 13:00:00,30.436502,1,0
2016-01-17 14:00:00,30.62122,1,0
2016-01-17 15:00:00,30.46282,1,0
2016-01-17 16:00:00,29.850258,1,0
2016-01-17 17:00:00,28.92803,1,0
2016-01-17 18:00:00,27.952496,1,0
2016-01-17 19:00:00,27.088411,1,0
2016-01-17 20:00:00,26.428898,1,0
2016-01-17 21:00:00,25.956408,1,0
2016-01-17 22:00:00,25.643959,1,0
2016-01-17 23:00:00,25.389652,1,0
2016-01-18 00:00:00,25.178204,0,0
2016-01-18 01:00:00,25.065235,0,0
2016-01-18 02:00:00,25.08672,0,0
2016-01-18 03:00:00,24.956425,0,0
2016-01-18 04:00:00,24.8965,0,0
2016-01-18 05:00:00,24.848286,0,0
2016-01-18 06:00:00,24.843454,0,0
2016-01-18 07:00:00,24.737099,0,0
2016-01-18 08:00:00,25.28479,0,0
2016-01-18 09:00:00,26.363256,0,0
2016-01-18 10:00:00,27.649973,0,0
2016-01-18 11:00:00,28.640265,0,0
2016-01-18 12:00:00,29.297617,0,0
2016-01-18 13:00:00,29.613638,0,0
2016-01-18 14:00:00,29.718466,0,0
2016-01-18 15:00:00,29.408688,0,0
2016-01-18 16:00:00,28.664452,0,0
2016-01-18 17:00:00,27.890442,0,0
2016-01-18 18:00:00,27.048367,0,0
2016-01-18 19:00:00,26.384659,0,0
2016-01-18 20:00:00,25.83749,0,0
2016-01-18 21:00:00,25.61995,0,0
2016-01-18 22:00:00,25.405457,0,0
2016-01-18 23:00:00,25.232298,0,0
2016-01-19 00:00:00,25.157356,0,0
2016-01-19 01:00:00,24.920853,0,0
2016-01-19 02:00:00,25.274014,0,0
2016-01-19 03:00:00,25.15238,0,0
2016-01-19 04:00:00,25.127438,0,0
2016-01-19 05:00:00,25.021082,0,0
2016-01-19 06:00:00,24.881006,0,0
2016-01-19 07:00:00,24.58227,0,0
2016-01-19 08:00:00,24.909994,0,0
2016-01-19 09:00:00,25.698647,0,0
2016-01-19 10:00:00,26.836887,0,0
2016-01-19 11:00:00,27.960636,0,0
2016-01-19 12:00:00,28.937956,0,0
2016-01-19 13:00:00,29.555614,0,0
2016-01-19 14:00:00,29.60535,0,0
2016-01-19 15:00:00,29.398994,0,0
2016-01-19 16:00:00,28.74305,0,0
2016-01-19 17:00:00,28.050451,0,0
2016-01-19 18:00:00,27.28291,0,0
2016-01-19 19:00:00,26.458492,0,0
2016-01-19 20:00:00,26.011063,0,0
2016-01-19 21:00:00,25.706491,0,0
2016-01-19 22:00:00,25.450401,0,0
2016-01-19 23:00:00,25.240736,0,0
2016-01-20 00:00:00,25.139214,0,0
2016-01-20 01:00:00,25.02955,0,0
2016-01-20 02:00:00,25.163864,0,0
2016-01-20 03:00:00,25.047062,0,0
2016-01-20 04:00:00,24.995537,0,0
2016-01-20 05:00:00,24.852417,0,0
2016-01-20 06:00:00,24.85751,0,0
2016-01-20 07:00:00,24.835615,0,0
2016-01-20 08:00:00,25.283043,0,0
2016-01-20 09:00:00,26.33671,0,0
2016-01-20 10:00:00,27.507889,0,0
2016-01-20 11:00:00,28.098587,0,0
2016-01-20 12:00:00,28.426723,0,0
2016-01-20 13:00:00,28.486267,0,0
2016-01-20 14:00:00,28.904594,0,0
2016-01-20 15:00:00,28.979391,0,0
2016-01-20 16:00:00,28.66973,0,0
2016-01-20 17:00:00,28.310589,0,0
2016-01-20 18:00:00,27.61316,0,0
2016-01-20 19:00:00,26.846025,0,0
2016-01-20 20:00:00,26.462355,0,0
2016-01-20 21:00:00,26.114923,0,0
2016-01-20 22:00:00,25.912142,0,0
2016-01-20 23:00:00,25.664186,0,0
2016-01-21 00:00:00,25.456045,0,0
2016-01-21 01:00:00,25.356308,0,0
2016-01-21 02:00:00,25.451216,0,0
2016-01-21 03:00:00,25.303,0,0
2016-01-21 04:00:00,25.168018,0,0
2016-01-21 05:00:00,25.159616,0,0
2016-01-21 06:00:00,25.123112,0,0
2016-01-21 07:00:00,25.136604,0,0
2016-01-21 08:00:00,25.797909,0,0
2016-01-21 09:00:00,26.924965,0,0
2016-01-21 10:00:00,28.00533,0,0
2016-01-21 11:00:00,28.93748,0,0
2016-01-21 12:00:00,29.722939,0,0
2016-01-21 13:00:00,30.047474,0,0
2016-01-21 14:00:00,30.427101,0,0
2016-01-21 15:00:00,30.22353,0,0
2016-01-21 16:00:00,29.783455,0,0
2016-01-21 17:00:00,28.980816,0,0
2016-01-21 18:00:00,28.01342,0,0
2016-01-21 19:00:00,27.059784,0,0
2016-01-21 20:00:00,26.339342,0,0
2016-01-21 21:00:00,25.812023,0,0
2016-01-21 22:00:00,25.47121,0,0
2016-01-21 23:00:00,25.20341,0,0
2016-01-22 00:00:00,24.900623,0,0
2016-01-22 01:00:00,24.692747,0,0
2016-01-22 02:00:00,24.822634,0,0
2016-01-22 03:00:00,24.664497,0,0
2016-01-22 04:00:00,24.501263,0,0
2016-01-22 05:00:00,24.386509,0,0
2016-01-22 06:00:00,24.406471,0,0
2016-01-22 07:00:00,24.333054,0,0
2016-01-22 08:00:00,25.188738,0,0
2016-01-22 09:00:00,26.66337,0,0
2016-01-22 10:00:00,28.011276,0,0
2016-01-22 11:00:00,29.286549,0,0
2016-01-22 12:00:00,29.992117,0,0
2016-01-22 13:00:00,30.44464,0,0
2016-01-22 14:00:00,30.557726,0,0
2016-01-22 15:00:00,30.329622,0,0
2016-01-22 16:00:00,29.965126,0,0
2016-01-22 17:00:00,28.98781,0,0
2016-01-22 18:00:00,27.978815,0,0
2016-01-22 19:00:00,27.176441,0,0
2016-01-22 20:00:00,26.475586,0,0
2016-01-22 21:00:00,25.982988,0,0
2016-01-22 22:00:00,25.55667,0,0
2016-01-22 23:00:00,25.253363,0,0
2016-01-23 00:00:00,25.040127,1,0
2016-01-23 01:00:00,24.842028,1,0
2016-01-23 02:00:00,24.803593,1,0
2016-01-23 03:00:00,24.78936,1,0
2016-01-23 04:00:00,24.762896,1,0
2016-01-23 05:00:00,24.874722,1,0
2016-01-23 06:00:00,24.80487,1,0
2016-01-23 07:00:00,24.8003,1,0
2016-01-23 08:00:00,25.447992,1,0
2016-01-23 09:00:00,26.691214,1,0
2016-01-23 10:00:00,27.856184,1,0
2016-01-23 11:00:00,28.988071,1,0
2016-01-23 12:00:00,29.552044,1,0
2016-01-23 13:00:00,29.939285,1,0
2016-01-23 14:00:00,29.99333,1,0
2016-01-23 15:00:00,29.481768,1,0
2016-01-23 16:00:00,28.784485,1,0
2016-01-23 17:00:00,27.991032,1,0
2016-01-23 18:00:00,27.21866,1,0
2016-01-23 19:00:00,26.478632,1,0
2016-01-23 20:00:00,25.979273,1,0
2016-01-23 21:00:00,25.675228,1,0
2016-01-23 22:00:00,25.610733,1,0
2016-01-23 23:00:00,25.495977,1,0
2016-01-24 00:00:00,25.352856,1,0
2016-01-24 01:00:00,25.32639,1,0
2016-01-24 02:00:00,25.239883,1,0
2016-01-24 03:00:00,25.198284,1,0
2016-01-24 04:00:00,25.059994,1,0
2016-01-24 05:00:00,24.961517,1,0
2016-01-24 06:00:00,24.967203,1,0
2016-01-24 07:00:00,24.930027,1,0
2016-01-24 08:00:00,25.432404,1,0
2016-01-24 09:00:00,26.376932,1,0
2016-01-24 10:00:00,27.600683,1,0
2016-01-24 11:00:00,28.467554,1,0
2016-01-24 12:00:00,29.019552,1,0
2016-01-24 13:00:00,29.154158,1,0
2016-01-24 14:00:00,28.783077,1,0
2016-01-24 15:00:00,28.430176,1,0
2016-01-24 16:00:00,28.02256,1,0
2016-01-24 17:00:00,27.300188,1,0
2016-01-24 18:00:00,26.549974,1,0
2016-01-24 19:00:00,25.884628,1,0
2016-01-24 20:00:00,25.618755,1,0
2016-01-24 21:00:00,25.472326,1,0
2016-01-24 22:00:00,25.353737,1,0
2016-01-24 23:00:00,25.335413,1,0
2016-01-25 00:00:00,25.303593,0,0
2016-01-25 01:00:00,25.185003,0,0
2016-01-25 02:00:00,25.101807,0,0
2016-01-25 03:00:00,25.038313,0,0
2016-01-25 04:00:00,24.976604,0,0
2016-01-25 05:00:00,24.916418,0,0
2016-01-25 06:00:00,24.879911,0,0
2016-01-25 07:00:00,24.891882,0,0
2016-01-25 08:00:00,25.465157,0,0
2016-01-25 09:00:00,26.643589,0,0
2016-01-25 10:00:00,27.905369,0,0
2016-01-25 11:00:00,28.962461,0,0
2016-01-25 12:00:00,29.714722,0,0
2016-01-25 13:00:00,30.341303,0,0
2016-01-25 14:00:00,30.457058,0,0
2016-01-25 15:00:00,30.287092,0,0
2016-01-25 16:00:00,29.783194,0,0
2016-01-25 17:00:00,28.985909,0,0
2016-01-25 18:00:00,27.968777,0,0
2016-01-25 19:00:00,27.001642,0,0
2016-01-25 20:00:00,26.284248,0,0
2016-01-25 21:00:00,25.81507,0,0
2016-01-25 22:00:00,25.470688,0,0
2016-01-25 23:00:00,25.22121,0,0
2016-01-26 00:00:00,25.033443,0,0
2016-01-26 01:00:00,24.903671,0,0
2016-01-26 02:00:00,24.88713,0,0
2016-01-26 03:00:00,24.825682,0,0
2016-01-26 04:00:00,24.74743,0,0
2016-01-26 05:00:00,24.789291,0,0
2016-01-26 06:00:00,24.680891,0,0
2016-01-26 07:00:00,24.76104,0,0
2016-01-26 08:00:00,25.47182,0,0
2016-01-26 09:00:00,26.95471,0,0
2016-01-26 10:00:00,28.117893,0,0
2016-01-26 11:00:00,29.191643,0,0
2016-01-26 12:00:00,30.008776,0,0
2016-01-26 13:00:00,30.3365,0,0
2016-01-26 14:00:00,30.435978,0,0
2016-01-26 15:00:00,30.399208,0,0
2016-01-26 16:00:00,29.933077,0,0
2016-01-26 17:00:00,29.085794,0,0
2016-01-26 18:00:00,28.023754,0,0
2016-01-26 19:00:00,27.051788,0,0
2016-01-26 20:00:00,26.291538,0,0
2016-01-26 21:00:00,25.81574,0,0
2016-01-26 22:00:00,25.481544,0,0
2016-01-26 23:00:00,25.143776,0,0
2016-01-27 00:00:00,25.007387,0,0
2016-01-27 01:00:00,24.797724,0,0
2016-01-27 02:00:00,24.861189,0,0
2016-01-27 03:00:00,24.744646,0,0
2016-01-27 04:00:00,24.588291,0,0
2016-01-27 05:00:00,24.604952,0,0
2016-01-27 06:00:00,24.395025,0,0
2016-01-27 07:00:00,24.418297,0,0
2016-01-27 08:00:00,25.252089,0,0
2016-01-27 09:00:00,26.846422,0,0
2016-01-27 10:00:00,28.184288,0,0
2016-01-27 11:00:00,29.33781,0,0
2016-01-27 12:00:00,29.815014,0,0
2016-01-27 13:00:00,30.3375,0,0
2016-01-27 14:00:00,29.973892,0,0
2016-01-27 15:00:00,29.832554,0,0
2016-01-27 16:00:00,29.487907,0,0
2016-01-27 17:00:00,28.838955,0,0
2016-01-27 18:00:00,27.901712,0,0
2016-01-27 19:00:00,26.956213,0,0
2016-01-27 20:00:00,26.227373,0,0
2016-01-27 21:00:00,25.685036,0,0
2016-01-27 22:00:00,25.35567,0,0
2016-01-27 23:00:00,25.104671,0,0
2016-01-28 00:00:00,24.965118,0,0
2016-01-28 01:00:00,24.89553,0,0
2016-01-28 02:00:00,24.925682,0,0
2016-01-28 03:00:00,24.85074,0,0
2016-01-28 04:00:00,24.770704,0,0
2016-01-28 05:00:00,24.607473,0,0
2016-01-28 06:00:00,24.547546,0,0
2016-01-28 07:00:00,24.347809,0,0
2016-01-28 08:00:00,25.22703,0,0
2016-01-28 09:00:00,26.68155,0,0
2016-01-28 10:00:00,28.129456,0,0
2016-01-28 11:00:00,29.03298,0,0
2016-01-28 12:00:00,29.851896,0,0
2016-01-28 13:00:00,30.452488,0,0
2016-01-28 14:00:00,30.211298,0,0
2016-01-28 15:00:00,29.98167,0,0
2016-01-28 16:00:00,29.40078,0,0
2016-01-28 17:00:00,28.721676,0,0
2016-01-28 18:00:00,27.792572,0,0
2016-01-28 19:00:00,26.803692,0,0
2016-01-28 20:00:00,26.186296,0,0
2016-01-28 21:00:00,25.725517,0,0
2016-01-28 22:00:00,25.426304,0,0
2016-01-28 23:00:00,25.22835,0,0
2016-01-29 00:00:00,25.066904,0,0
2016-01-29 01:00:00,24.852146,0,0
2016-01-29 02:00:00,24.790699,0,0
2016-01-29 03:00:00,24.690815,0,0
2016-01-29 04:00:00,24.650856,0,0
2016-01-29 05:00:00,24.475653,0,0
2016-01-29 06:00:00,24.513535,0,0
2016-01-29 07:00:00,24.44342,0,0
2016-01-29 08:00:00,25.109703,0,0
2016-01-29 09:00:00,26.37151,0,0
2016-01-29 10:00:00,27.822985,0,0
2016-01-29 11:00:00,29.039597,0,0
2016-01-29 12:00:00,29.518581,0,0
2016-01-29 13:00:00,30.044117,0,0
2016-01-29 14:00:00,30.289286,0,0
2016-01-29 15:00:00,30.121105,0,0
2016-01-29 16:00:00,29.506758,0,0
2016-01-29 17:00:00,28.61252,0,0
2016-01-29 18:00:00,27.713566,0,0
2016-01-29 19:00:00,26.718447,0,0
2016-01-29 20:00:00,26.001167,0,0
2016-01-29 21:00:00,25.513401,0,0
2016-01-29 22:00:00,25.190914,0,0
2016-01-29 23:00:00,24.977943,0,0
2016-01-30 00:00:00,24.877798,1,0
2016-01-30 01:00:00,24.717201,1,0
2016-01-30 02:00:00,24.808208,1,0
2016-01-30 03:00:00,24.647614,1,0
2016-01-30 04:00:00,24.617317,1,0
2016-01-30 05:00:00,24.534384,1,0
2016-01-30 06:00:00,24.456541,1,0
2016-01-30 07:00:00,24.45171,1,0
2016-01-30 08:00:00,25.13438,1,0
2016-01-30 09:00:00,26.519056,1,0
2016-01-30 10:00:00,27.725624,1,0
2016-01-30 11:00:00,29.007515,1,0
2016-01-30 12:00:00,30.059626,1,0
2016-01-30 13:00:00,30.570812,1,0
2016-01-30 14:00:00,30.915197,1,0
2016-01-30 15:00:00,30.650326,1,0
2016-01-30 16:00:00,30.22222,1,0
2016-01-30 17:00:00,29.333076,1,0
2016-01-30 18:00:00,28.319515,1,0
2016-01-30 19:00:00,27.279488,1,0
2016-01-30 20:00:00,26.499119,1,0
2016-01-30 21:00:00,25.958307,1,0
2016-01-30 22:00:00,25.61571,1,0
2016-01-30 23:00:00,25.261139,1,0
2016-01-31 00:00:00,25.038246,1,0
2016-01-31 01:00:00,24.870182,1,0
2016-01-31 02:00:00,24.628845,1,0
2016-01-31 03:00:00,24.524014,1,0
2016-01-31 04:00:00,24.51409,1,0
2016-01-31 05:00:00,24.415873,1,0
2016-01-31 06:00:00,24.274277,1,0
2016-01-31 07:00:00,24.269444,1,0
2016-01-31 08:00:00,25.170033,1,0
2016-01-31 09:00:00,26.692999,1,0
2016-01-31 10:00:00,28.08124,1,0
2016-01-31 11:00:00,29.12993,1,0
2016-01-31 12:00:00,30.003683,1,0
2016-01-31 13:00:00,30.514866,1,0
2016-01-31 14:00:00,30.910627,1,0
2016-01-31 15:00:00,30.722075,1,0
2016-01-31 16:00:00,30.275642,1,0
2016-01-31 17:00:00,29.376575,1,0
2016-01-31 18:00:00,28.196096,1,0
2016-01-31 19:00:00,27.090935,1,0
2016-01-31 20:00:00,26.312353,1,0
2016-01-31 21:00:00,25.770016,1,0
2016-01-31 22:00:00,25.257717,1,0
2016-01-31 23:00:00,24.781921,1,0
2016-02-01 00:00:00,24.48092,0,0
2016-02-01 01:00:00,24.254719,0,0
2016-02-01 02:00:00,24.231298,0,0
2016-02-01 03:00:00,24.14822,0,0
2016-02-01 04:00:00,24.110043,0,0
2016-02-01 05:00:00,24.028482,0,0
2016-02-01 06:00:00,23.885624,0,0
2016-02-01 07:00:00,23.82927,0,0
2016-02-01 08:00:00,24.79157,0,0
2016-02-01 09:00:00,26.51568,0,0
2016-02-01 10:00:00,28.051615,0,0
2016-02-01 11:00:00,29.138071,0,0
2016-02-01 12:00:00,29.930145,0,0
2016-02-01 13:00:00,30.405682,0,0
2016-02-01 14:00:00,30.620289,0,0
2016-02-01 15:00:00,30.26356,0,0
2016-02-01 16:00:00,29.732407,0,0
2016-02-01 17:00:00,29.026577,0,0
2016-02-01 18:00:00,27.939331,0,0
2016-02-01 19:00:00,27.018892,0,0
2016-02-01 20:00:00,26.338266,0,0
2016-02-01 21:00:00,25.831059,0,0
2016-02-01 22:00:00,25.453737,0,0
2016-02-01 23:00:00,25.13125,0,0
2016-02-02 00:00:00,24.841959,0,0
2016-02-02 01:00:00,24.664236,0,0
2016-02-02 02:00:00,24.229774,0,0
2016-02-02 03:00:00,24.145172,0,0
2016-02-02 04:00:00,24.156996,0,0
2016-02-02 05:00:00,24.16042,0,0
2016-02-02 06:00:00,24.01551,0,0
2016-02-02 07:00:00,23.997187,0,0
2016-02-02 08:00:00,24.966105,0,0
2016-02-02 09:00:00,26.45728,0,0
2016-02-02 10:00:00,28.05009,0,0
2016-02-02 11:00:00,29.143686,0,0
2016-02-02 12:00:00,30.09911,0,0
2016-02-02 13:00:00,30.428362,0,0
2016-02-02 14:00:00,30.619436,0,0
2016-02-02 15:00:00,30.262966,0,0
2016-02-02 16:00:00,30.012821,0,0
2016-02-02 17:00:00,29.298588,0,0
2016-02-02 18:00:00,28.311346,0,0
2016-02-02 19:00:00,27.39395,0,0
2016-02-02 20:00:00,26.784956,0,0
2016-02-02 21:00:00,26.30433,0,0
2016-02-02 22:00:00,25.97675,0,0
2016-02-02 23:00:00,25.744074,0,0
2016-02-03 00:00:00,25.509617,0,0
2016-02-03 01:00:00,25.329988,0,0
2016-02-03 02:00:00,25.406687,0,0
2016-02-03 03:00:00,25.248547,0,0
2016-02-03 04:00:00,25.07539,0,0
2016-02-03 05:00:00,25.002232,0,0
2016-02-03 06:00:00,24.94257,0,0
2016-02-03 07:00:00,24.876028,0,0
2016-02-03 08:00:00,25.69521,0,0
2016-02-03 09:00:00,27.124672,0,0
2016-02-03 10:00:00,28.471056,0,0
2016-02-03 11:00:00,29.59454,0,0
2016-02-03 12:00:00,30.426691,0,0
2016-02-03 13:00:00,30.872713,0,0
2016-02-03 14:00:00,30.783785,0,0
2016-02-03 15:00:00,30.657087,0,0
2016-02-03 16:00:00,30.219057,0,0
2016-02-03 17:00:00,29.52189,0,0
2016-02-03 18:00:00,28.480078,0,0
2016-02-03 19:00:00,27.518038,0,0
2016-02-03 20:00:00,26.817448,0,0
2016-02-03 21:00:00,26.279942,0,0
2016-02-03 22:00:00,25.997269,0,0
2016-02-03 23:00:00,25.61281,0,0
2016-02-04 00:00:00,25.416378,0,0
2016-02-04 01:00:00,25.24984,0,0
2016-02-04 02:00:00,25.258093,0,0
2016-02-04 03:00:00,25.099953,0,0
2016-02-04 04:00:00,25.034937,0,0
2016-02-04 05:00:00,24.833414,0,0
2016-02-04 06:00:00,24.692076,0,0
2016-02-04 07:00:00,24.712303,0,0
2016-02-04 08:00:00,25.531483,0,0
2016-02-04 09:00:00,26.974558,0,0
2016-02-04 10:00:00,28.49269,0,0
2016-02-04 11:00:00,29.53298,0,0
2016-02-04 12:00:00,30.433569,0,0
2016-02-04 13:00:00,30.76955,0,0
2016-02-04 14:00:00,31.24204,0,0
2016-02-04 15:00:00,31.141779,0,0
2016-02-04 16:00:00,30.557318,0,0
2016-02-04 17:00:00,29.515392,0,0
2016-02-04 18:00:00,28.285172,0,0
2016-02-04 19:00:00,27.269825,0,0
2016-02-04 20:00:00,26.52254,0,0
2016-02-04 21:00:00,26.051838,0,0
2016-02-04 22:00:00,25.710764,0,0
2016-02-04 23:00:00,25.36307,0,0
2016-02-05 00:00:00,25.146791,0,0
2016-02-05 01:00:00,24.940437,0,0
2016-02-05 02:00:00,24.858618,0,0
2016-02-05 03:00:00,24.652264,0,0
2016-02-05 04:00:00,24.580627,0,0
2016-02-05 05:00:00,24.462566,0,0
2016-02-05 06:00:00,24.401117,0,0
2016-02-05 07:00:00,24.491194,0,0
2016-02-05 08:00:00,25.296879,0,0
2016-02-05 09:00:00,26.621626,0,0
2016-02-05 10:00:00,27.994852,0,0
2016-02-05 11:00:00,28.916698,0,0
2016-02-05 12:00:00,29.823906,0,0
2016-02-05 13:00:00,30.231524,0,0
2016-02-05 14:00:00,30.434044,0,0
2016-02-05 15:00:00,29.905941,0,0
2016-02-05 16:00:00,29.313606,0,0
2016-02-05 17:00:00,28.491379,0,0
2016-02-05 18:00:00,27.552614,0,0
2016-02-05 19:00:00,26.710539,0,0
2016-02-05 20:00:00,26.071772,0,0
2016-02-05 21:00:00,25.641146,0,0
2016-02-05 22:00:00,25.31178,0,0
2016-02-05 23:00:00,25.038769,0,0
2016-02-06 00:00:00,24.860664,1,0
2016-02-06 01:00:00,24.715757,1,0
2016-02-06 02:00:00,24.683825,1,0
2016-02-06 03:00:00,24.497055,1,0
2016-02-06 04:00:00,24.452148,1,0
2016-02-06 05:00:00,24.397316,1,0
2016-02-06 06:00:00,24.34758,1,0
2016-02-06 07:00:00,24.281036,1,0
2016-02-06 08:00:00,25.048693,1,0
2016-02-06 09:00:00,26.458424,1,0
2016-02-06 10:00:00,27.789787,1,0
2016-02-06 11:00:00,28.969893,1,0
2016-02-06 12:00:00,29.60535,1,0
2016-02-06 13:00:00,29.958136,1,0
2016-02-06 14:00:00,29.810066,1,0
2016-02-06 15:00:00,29.651665,1,0
2016-02-06 16:00:00,29.0723,1,0
2016-02-06 17:00:00,28.271708,1,0
2016-02-06 18:00:00,27.461046,1,0
2016-02-06 19:00:00,26.662355,1,0
2016-02-06 20:00:00,26.158571,1,0
2016-02-06 21:00:00,25.754522,1,0
2016-02-06 22:00:00,25.626535,1,0
2016-02-06 23:00:00,25.425274,1,0
2016-02-07 00:00:00,25.185461,1,0
2016-02-07 01:00:00,25.070442,1,0
2016-02-07 02:00:00,24.952116,1,0
2016-02-07 03:00:00,24.803902,1,0
2016-02-07 04:00:00,24.6955,1,0
2016-02-07 05:00:00,24.600595,1,0
2016-02-07 06:00:00,24.415611,1,0
2016-02-07 07:00:00,24.46078,1,0
2016-02-07 08:00:00,25.228174,1,0
2016-02-07 09:00:00,26.517939,1,0
2016-02-07 10:00:00,27.787596,1,0
2016-02-07 11:00:00,28.428293,1,0
2016-02-07 12:00:00,29.257135,1,0
2016-02-07 13:00:00,29.631668,1,0
2016-02-07 14:00:00,29.63676,1,0
2016-02-07 15:00:00,29.20078,1,0
2016-02-07 16:00:00,28.6232,1,0
2016-02-07 17:00:00,27.845882,1,0
2016-02-07 18:00:00,27.078602,1,0
2016-02-07 19:00:00,26.373034,1,0
2016-02-07 20:00:00,26.0891,1,0
2016-02-07 21:00:00,25.894714,1,0
2016-02-07 22:00:00,25.828176,1,0
2016-02-07 23:00:00,25.631485,1,0
2016-02-08 00:00:00,25.596092,0,0
2016-02-08 01:00:00,25.33743,0,0
2016-02-08 02:00:00,25.206017,0,0
2016-02-08 03:00:00,24.922558,0,0
2016-02-08 04:00:00,24.620512,0,0
2016-02-08 05:00:00,24.420248,0,0
2016-02-08 06:00:00,24.313633,0,0
2016-02-08 07:00:00,24.25854,0,0
2016-02-08 08:00:00,24.839428,0,0
2016-02-08 09:00:00,26.126148,0,0
2016-02-08 10:00:00,27.351305,0,0
2016-02-08 11:00:00,27.975344,0,0
2016-02-08 12:00:00,28.931438,0,0
2016-02-08 13:00:00,29.396788,0,0
2016-02-08 14:00:00,29.55797,0,0
2016-02-08 15:00:00,29.67753,0,0
2016-02-08 16:00:00,29.160988,0,0
2016-02-08 17:00:00,28.462704,0,0
2016-02-08 18:00:00,27.47903,0,0
2016-02-08 19:00:00,26.604023,0,0
2016-02-08 20:00:00,26.141836,0,0
2016-02-08 21:00:00,25.84262,0,0
2016-02-08 22:00:00,25.751808,0,0
2016-02-08 23:00:00,25.730434,0,0
2016-02-09 00:00:00,25.645716,0,1
2016-02-09 01:00:00,25.607687,0,1
2016-02-09 02:00:00,25.632746,0,1
2016-02-09 03:00:00,25.627651,0,1
2016-02-09 04:00:00,25.56925,0,1
2016-02-09 05:00:00,25.525864,0,1
2016-02-09 06:00:00,25.43605,0,1
2016-02-09 07:00:00,25.475866,0,1
2016-02-09 08:00:00,26.1588,0,1
2016-02-09 09:00:00,27.29757,0,1
2016-02-09 10:00:00,28.534664,0,1
2016-02-09 11:00:00,29.298111,0,1
2016-02-09 12:00:00,30.056988,0,1
2016-02-09 13:00:00,30.209396,0,1
2016-02-09 14:00:00,29.69824,0,1
2016-02-09 15:00:00,29.711327,0,1
2016-02-09 16:00:00,29.593266,0,1
2016-02-09 17:00:00,29.037695,0,1
2016-02-09 18:00:00,28.1287,0,1
2016-02-09 19:00:00,27.24655,0,1
2016-02-09 20:00:00,26.580942,0,1
2016-02-09 21:00:00,26.231728,0,1
2016-02-09 22:00:00,26.020542,0,1
2016-02-09 23:00:00,25.902477,0,1
2016-02-10 00:00:00,25.757832,0,0
2016-02-10 01:00:00,25.707832,0,0
2016-02-10 02:00:00,25.830582,0,0
2016-02-10 03:00:00,25.650284,0,0
2016-02-10 04:00:00,25.543406,0,0
2016-02-10 05:00:00,25.488314,0,0
2016-02-10 06:00:00,25.479912,0,0
2016-02-10 07:00:00,25.469988,0,0
2016-02-10 08:00:00,25.914633,0,0
2016-02-10 09:00:00,27.011654,0,0
2016-02-10 10:00:00,28.29518,0,0
2016-02-10 11:00:00,29.547178,0,0
2016-02-10 12:00:00,29.964722,0,0
2016-02-10 13:00:00,30.22643,0,0
2016-02-10 14:00:00,29.982264,0,0
2016-02-10 15:00:00,29.986095,0,0
2016-02-10 16:00:00,29.473528,0,0
2016-02-10 17:00:00,28.751305,0,0
2016-02-10 18:00:00,27.876032,0,0
2016-02-10 19:00:00,27.144142,0,0
2016-02-10 20:00:00,26.65664,0,0
2016-02-10 21:00:00,26.371918,0,0
2016-02-10 22:00:00,26.133627,0,0
2016-02-10 23:00:00,25.883629,0,0
2016-02-11 00:00:00,25.678535,0,0
2016-02-11 01:00:00,25.568348,0,0
2016-02-11 02:00:00,25.494144,0,0
2016-02-11 03:00:00,25.375557,0,0
2016-02-11 04:00:00,25.35723,0,0
2016-02-11 05:00:00,25.307491,0,0
2016-02-11 06:00:00,25.302662,0,0
2016-02-11 07:00:00,25.366417,0,0
2016-02-11 08:00:00,25.948092,0,0
2016-02-11 09:00:00,27.176933,0,0
2016-02-11 10:00:00,28.44559,0,0
2016-02-11 11:00:00,29.384356,0,0
2016-02-11 12:00:00,30.100372,0,0
2016-02-11 13:00:00,30.041857,0,0
2016-02-11 14:00:00,30.271368,0,0
2016-02-11 15:00:00,29.736649,0,0
2016-02-11 16:00:00,28.632633,0,0
2016-02-11 17:00:00,27.904789,0,0
2016-02-11 18:00:00,27.237772,0,0
2016-02-11 19:00:00,26.645552,0,0
2016-02-11 20:00:00,26.278011,0,0
2016-02-11 21:00:00,26.166826,0,0
2016-02-11 22:00:00,26.06887,0,0
2016-02-11 23:00:00,25.977535,0,0
2016-02-12 00:00:00,25.814302,0,0
2016-02-12 01:00:00,25.626013,0,0
2016-02-12 02:00:00,25.559208,0,0
2016-02-12 03:00:00,25.407423,0,0
2016-02-12 04:00:00,25.320919,0,0
2016-02-12 05:00:00,25.342407,0,0
2016-02-12 06:00:00,25.347761,0,0
2016-02-12 07:00:00,25.389359,0,0
2016-02-12 08:00:00,25.972034,0,0
2016-02-12 09:00:00,27.105446,0,0
2016-02-12 10:00:00,28.27867,0,0
2016-02-12 11:00:00,28.855614,0,0
2016-02-12 12:00:00,29.71613,0,0
2016-02-12 13:00:00,30.117388,0,0
2016-02-12 14:00:00,30.220175,0,0
2016-02-12 15:00:00,29.985453,0,0
2016-02-12 16:00:00,29.368061,0,0
2016-02-12 17:00:00,28.59431,0,0
2016-02-12 18:00:00,27.744097,0,0
2016-02-12 19:00:00,26.99236,0,0
2016-02-12 20:00:00,26.468609,0,0
2016-02-12 21:00:00,26.177536,0,0
2016-02-12 22:00:00,25.926012,0,0
2016-02-12 23:00:00,25.736197,0,0
2016-02-13 00:00:00,25.53289,1,0
2016-02-13 01:00:00,25.3946,1,0
2016-02-13 02:00:00,25.409472,1,0
2016-02-13 03:00:00,25.25947,1,0
2016-02-13 04:00:00,25.107424,1,0
2016-02-13 05:00:00,24.937983,1,0
2016-02-13 06:00:00,24.941551,1,0
2016-02-13 07:00:00,24.983414,1,0
2016-02-13 08:00:00,25.654379,1,0
2016-02-13 09:00:00,26.977604,1,0
2016-02-13 10:00:00,28.242426,1,0
2016-02-13 11:00:00,29.367699,1,0
2016-02-13 12:00:00,30.054943,1,0
2016-02-13 13:00:00,30.361034,1,0
2016-02-13 14:00:00,30.653894,1,0
2016-02-13 15:00:00,30.279099,1,0
2016-02-13 16:00:00,29.585125,1,0
2016-02-13 17:00:00,28.756021,1,0
2016-02-13 18:00:00,27.675915,1,0
2016-02-13 19:00:00,26.635626,1,0
2016-02-13 20:00:00,26.10526,1,0
2016-02-13 21:00:00,25.725897,1,0
2016-02-13 22:00:00,25.567757,1,0
2016-02-13 23:00:00,25.389244,1,0
2016-02-14 00:00:00,25.345192,1,0
2016-02-14 01:00:00,25.10207,1,0
2016-02-14 02:00:00,25.142145,1,0
2016-02-14 03:00:00,24.955639,1,0
2016-02-14 04:00:00,24.968725,1,0
2016-02-14 05:00:00,24.815157,1,0
2016-02-14 06:00:00,24.730434,1,0
2016-02-14 07:00:00,24.727127,1,0
2016-02-14 08:00:00,25.469988,1,0
2016-02-14 09:00:00,26.935335,1,0
2016-02-14 10:00:00,28.357037,1,0
2016-02-14 11:00:00,29.325953,1,0
2016-02-14 12:00:00,30.039776,1,0
2016-02-14 13:00:00,30.565836,1,0
2016-02-14 14:00:00,30.720142,1,0
2016-02-14 15:00:00,30.310102,1,0
2016-02-14 16:00:00,29.848919,1,0
2016-02-14 17:00:00,28.776838,1,0
2016-02-14 18:00:00,27.651566,1,0
2016-02-14 19:00:00,26.722986,1,0
2016-02-14 20:00:00,26.14593,1,0
2016-02-14 21:00:00,25.808163,1,0
2016-02-14 22:00:00,25.621918,1,0
2016-02-14 23:00:00,25.497644,1,0
2016-02-15 00:00:00,25.397907,0,0
2016-02-15 01:00:00,25.303,0,0
2016-02-15 02:00:00,25.346123,0,0
2016-02-15 03:00:00,25.196123,0,0
2016-02-15 04:00:00,25.134415,0,0
2016-02-15 05:00:00,25.054523,0,0
2016-02-15 06:00:00,25.004524,0,0
2016-02-15 07:00:00,25.058094,0,0
2016-02-15 08:00:00,25.77092,0,0
2016-02-15 09:00:00,27.25749,0,0
2016-02-15 10:00:00,28.452467,0,0
2016-02-15 11:00:00,29.547325,0,0
2016-02-15 12:00:00,30.21613,0,0
2016-02-15 13:00:00,30.252401,0,0
2016-02-15 14:00:00,30.174038,0,0
2016-02-15 15:00:00,30.130653,0,0
2016-02-15 16:00:00,29.812588,0,0
2016-02-15 17:00:00,29.139841,0,0
2016-02-15 18:00:00,28.181108,0,0
2016-02-15 19:00:00,27.262451,0,0
2016-02-15 20:00:00,26.617071,0,0
2016-02-15 21:00:00,26.172947,0,0
2016-02-15 22:00:00,25.90693,0,0
2016-02-15 23:00:00,25.610764,0,0
2016-02-16 00:00:00,25.437868,0,0
2016-02-16 01:00:00,25.19653,0,0
2016-02-16 02:00:00,25.364712,0,0
2016-02-16 03:00:00,25.354786,0,0
2016-02-16 04:00:00,25.299692,0,0
2016-02-16 05:00:00,25.196646,0,0
2016-02-16 06:00:00,25.29003,0,0
2016-02-16 07:00:00,25.276798,0,0
2016-02-16 08:00:00,25.999287,0,0
2016-02-16 09:00:00,27.347305,0,0
2016-02-16 10:00:00,28.615438,0,0
2016-02-16 11:00:00,29.562082,0,0
2016-02-16 12:00:00,29.914751,0,0
2016-02-16 13:00:00,30.385862,0,0
2016-02-16 14:00:00,30.097454,0,0
2016-02-16 15:00:00,30.05712,0,0
2016-02-16 16:00:00,29.62266,0,0
2016-02-16 17:00:00,29.016304,0,0
2016-02-16 18:00:00,28.16776,0,0
2016-02-16 19:00:00,27.38561,0,0
2016-02-16 20:00:00,26.88004,0,0
2016-02-16 21:00:00,26.519379,0,0
2016-02-16 22:00:00,26.201576,0,0
2016-02-16 23:00:00,25.974112,0,0
2016-02-17 00:00:00,25.751215,0,0
2016-02-17 01:00:00,25.657948,0,0
2016-02-17 02:00:00,25.591406,0,0
2016-02-17 03:00:00,25.516464,0,0
2016-02-17 04:00:00,25.463158,0,0
2016-02-17 05:00:00,25.363157,0,0
2016-02-17 06:00:00,25.329552,0,0
2016-02-17 07:00:00,25.334644,0,0
2016-02-17 08:00:00,25.983597,0,0
2016-02-17 09:00:00,27.401466,0,0
2016-02-17 10:00:00,28.676214,0,0
2016-02-17 11:00:00,29.128508,0,0
2016-02-17 12:00:00,29.959805,0,0
2016-02-17 13:00:00,30.663702,0,0
2016-02-17 14:00:00,31.239355,0,0
2016-02-17 15:00:00,31.230953,0,0
2016-02-17 16:00:00,31.022812,0,0
2016-02-17 17:00:00,30.130621,0,0
2016-02-17 18:00:00,28.950401,0,0
2016-02-17 19:00:00,27.94015,0,0
2016-02-17 20:00:00,27.26309,0,0
2016-02-17 21:00:00,26.807262,0,0
2016-02-17 22:00:00,26.399647,0,0
2016-02-17 23:00:00,26.178535,0,0
2016-02-18 00:00:00,26.01378,0,0
2016-02-18 01:00:00,25.859211,0,0
2016-02-18 02:00:00,25.936646,0,0
2016-02-18 03:00:00,25.81984,0,0
2016-02-18 04:00:00,25.718058,0,0
2016-02-18 05:00:00,25.756348,0,0
2016-02-18 06:00:00,25.714748,0,0
2016-02-18 07:00:00,25.830288,0,0
2016-02-18 08:00:00,26.379765,0,0
2016-02-18 09:00:00,27.613438,0,0
2016-02-18 10:00:00,28.71239,0,0
2016-02-18 11:00:00,29.810936,0,0
2016-02-18 12:00:00,30.478477,0,0
2016-02-18 13:00:00,31.029215,0,0
2016-02-18 14:00:00,30.81839,0,0
2016-02-18 15:00:00,30.642069,0,0
2016-02-18 16:00:00,30.152779,0,0
2016-02-18 17:00:00,29.318844,0,0
2016-02-18 18:00:00,28.25859,0,0
2016-02-18 19:00:00,27.413208,0,0
2016-02-18 20:00:00,26.914253,0,0
2016-02-18 21:00:00,26.52675,0,0
2016-02-18 22:00:00,26.367088,0,0
2016-02-18 23:00:00,26.21047,0,0
2016-02-19 00:00:00,26.02218,0,0
2016-02-19 01:00:00,25.79229,0,0
2016-02-19 02:00:00,25.962255,0,0
2016-02-19 03:00:00,25.820396,0,0
2016-02-19 04:00:00,25.753593,0,0
2016-02-19 05:00:00,25.75207,0,0
2016-02-19 06:00:00,25.662256,0,0
2016-02-19 07:00:00,25.553854,0,0
2016-02-19 08:00:00,26.168465,0,0
2016-02-19 09:00:00,27.370577,0,0
2016-02-19 10:00:00,28.735401,0,0
2016-02-19 11:00:00,29.72391,0,0
2016-02-19 12:00:00,30.286354,0,0
2016-02-19 13:00:00,30.724384,0,0
2016-02-19 14:00:00,30.802225,0,0
2016-02-19 15:00:00,30.402487,0,0
2016-02-19 16:00:00,29.699848,0,0
2016-02-19 17:00:00,29.040709,0,0
2016-02-19 18:00:00,28.005253,0,0
2016-02-19 19:00:00,27.031504,0,0
2016-02-19 20:00:00,26.4276,0,0
2016-02-19 21:00:00,26.105114,0,0
2016-02-19 22:00:00,25.923965,0,0
2016-02-19 23:00:00,25.824228,0,0
2016-02-20 00:00:00,25.7143,1,0
2016-02-20 01:00:00,25.610994,1,0
2016-02-20 02:00:00,25.59393,1,0
2016-02-20 03:00:00,25.454115,1,0
2016-02-20 04:00:00,25.314302,1,0
2016-02-20 05:00:00,25.184675,1,0
2016-02-20 06:00:00,25.186459,1,0
2016-02-20 07:00:00,25.13646,1,0
2016-02-20 08:00:00,25.819134,1,0
2016-02-20 09:00:00,27.217417,1,0
2016-02-20 10:00:00,28.512392,1,0
2016-02-20 11:00:00,29.590971,1,0
2016-02-20 12:00:00,30.098587,1,0
2016-02-20 13:00:00,30.411297,1,0
2016-02-20 14:00:00,30.56575,1,0
2016-02-20 15:00:00,30.224152,1,0
2016-02-20 16:00:00,29.433224,1,0
2016-02-20 17:00:00,28.649027,1,0
2016-02-20 18:00:00,27.785055,1,0
2016-02-20 19:00:00,26.841457,1,0
2016-02-20 20:00:00,26.334366,1,0
2016-02-20 21:00:00,26.030058,1,0
2016-02-20 22:00:00,25.820396,1,0
2016-02-20 23:00:00,25.635674,1,0
2016-02-21 00:00:00,25.537722,1,0
2016-02-21 01:00:00,25.437983,1,0
2016-02-21 02:00:00,25.698023,1,0
2016-02-21 03:00:00,25.496239,1,0
2016-02-21 04:00:00,25.347761,1,0
2016-02-21 05:00:00,25.164303,1,0
2016-02-21 06:00:00,25.070919,1,0
2016-02-21 07:00:00,25.066086,1,0
2016-02-21 08:00:00,25.838839,1,0
2016-02-21 09:00:00,27.208868,1,0
2016-02-21 10:00:00,28.380192,1,0
2016-02-21 11:00:00,29.593756,1,0
2016-02-21 12:00:00,30.294231,1,0
2016-02-21 13:00:00,30.685047,1,0
2016-02-21 14:00:00,30.71839,1,0
2016-02-21 15:00:00,30.528576,1,0
2016-02-21 16:00:00,30.170435,1,0
2016-02-21 17:00:00,29.266537,1,0
2016-02-21 18:00:00,28.13275,1,0
2016-02-21 19:00:00,27.164091,1,0
2016-02-21 20:00:00,26.572018,1,0
2016-02-21 21:00:00,26.156261,1,0
2016-02-21 22:00:00,25.767231,1,0
2016-02-21 23:00:00,25.58772,1,0
2016-02-22 00:00:00,25.383154,0,0
2016-02-22 01:00:00,25.18163,0,0
2016-02-22 02:00:00,25.18163,0,0
2016-02-22 03:00:00,25.125011,0,0
2016-02-22 04:00:00,25.068396,0,0
2016-02-22 05:00:00,25.08836,0,0
2016-02-22 06:00:00,25.03022,0,0
2016-02-22 07:00:00,24.887098,0,0
2016-02-22 08:00:00,25.76468,0,0
2016-02-22 09:00:00,27.315895,0,0
2016-02-22 10:00:00,28.83555,0,0
2016-02-22 11:00:00,30.007513,0,0
2016-02-22 12:00:00,30.886093,0,0
2016-02-22 13:00:00,31.287092,0,0
2016-02-22 14:00:00,31.476122,0,0
2016-02-22 15:00:00,31.056158,0,0
2016-02-22 16:00:00,30.573221,0,0
2016-02-22 17:00:00,29.709135,0,0
2016-02-22 18:00:00,28.512375,0,0
2016-02-22 19:00:00,27.575394,0,0
2016-02-22 20:00:00,26.894768,0,0
2016-02-22 21:00:00,26.420757,0,0
2016-02-22 22:00:00,26.059832,0,0
2016-02-22 23:00:00,25.710617,0,0
2016-02-23 00:00:00,25.494337,0,0
2016-02-23 01:00:00,25.331629,0,0
2016-02-23 02:00:00,25.156689,0,0
2016-02-23 03:00:00,25.032005,0,0
2016-02-23 04:00:00,24.97565,0,0
2016-02-23 05:00:00,24.87922,0,0
2016-02-23 06:00:00,24.807589,0,0
2016-02-23 07:00:00,24.792831,0,0
2016-02-23 08:00:00,25.760227,0,0
2016-02-23 09:00:00,27.53612,0,0
2016-02-23 10:00:00,29.08224,0,0
2016-02-23 11:00:00,29.96249,0,0
2016-02-23 12:00:00,30.100286,0,0
2016-02-23 13:00:00,30.49924,0,0
2016-02-23 14:00:00,31.139761,0,0
2016-02-23 15:00:00,31.052994,0,0
2016-02-23 16:00:00,30.939613,0,0
2016-02-23 17:00:00,30.263674,0,0
2016-02-23 18:00:00,29.028624,0,0
2016-02-23 19:00:00,27.760115,0,0
2016-02-23 20:00:00,27.033058,0,0
2016-02-23 21:00:00,26.49098,0,0
2016-02-23 22:00:00,26.046862,0,0
2016-02-23 23:00:00,25.745861,0,0
2016-02-24 00:00:00,25.36802,0,0
2016-02-24 01:00:00,25.086607,0,0
2016-02-24 02:00:00,24.898693,0,0
2016-02-24 03:00:00,24.745646,0,0
2016-02-24 04:00:00,24.76918,0,0
2016-02-24 05:00:00,24.787886,0,0
2016-02-24 06:00:00,24.764729,0,0
2016-02-24 07:00:00,24.656586,0,0
2016-02-24 08:00:00,25.773722,0,0
2016-02-24 09:00:00,27.278126,0,0
2016-02-24 10:00:00,28.949043,0,0
2016-02-24 11:00:00,30.194279,0,0
2016-02-24 12:00:00,30.937876,0,0
2016-02-24 13:00:00,31.128836,0,0
2016-02-24 14:00:00,30.392887,0,0
2016-02-24 15:00:00,30.602663,0,0
2016-02-24 16:00:00,30.724005,0,0
2016-02-24 17:00:00,29.66018,0,0
2016-02-24 18:00:00,28.50502,0,0
2016-02-24 19:00:00,27.48941,0,0
2016-02-24 20:00:00,26.840343,0,0
2016-02-24 21:00:00,26.299416,0,0
2016-02-24 22:00:00,26.001986,0,0
2016-02-24 23:00:00,25.742584,0,0
2016-02-25 00:00:00,25.5576,0,0
2016-02-25 01:00:00,25.359646,0,0
2016-02-25 02:00:00,25.537605,0,0
2016-02-25 03:00:00,25.377682,0,0
2016-02-25 04:00:00,25.17575,0,0
2016-02-25 05:00:00,25.084267,0,0
2016-02-25 06:00:00,25.059587,0,0
2016-02-25 07:00:00,25.156132,0,0
2016-02-25 08:00:00,25.890593,0,0
2016-02-25 09:00:00,27.00366,0,0
2016-02-25 10:00:00,28.571531,0,0
2016-02-25 11:00:00,30.019815,0,0
2016-02-25 12:00:00,30.858582,0,0
2016-02-25 13:00:00,31.215937,0,0
2016-02-25 14:00:00,31.552032,0,0
2016-02-25 15:00:00,31.118835,0,0
2016-02-25 16:00:00,30.366196,0,0
2016-02-25 17:00:00,29.427053,0,0
2016-02-25 18:00:00,28.456612,0,0
2016-02-25 19:00:00,27.471151,0,0
2016-02-25 20:00:00,26.867107,0,0
2016-02-25 21:00:00,26.456184,0,0
2016-02-25 22:00:00,26.143475,0,0
2016-02-25 23:00:00,25.972364,0,0
2016-02-26 00:00:00,25.8043,0,0
2016-02-26 01:00:00,25.728096,0,0
2016-02-26 02:00:00,25.506609,0,0
2016-02-26 03:00:00,25.543638,0,0
2016-02-26 04:00:00,25.42862,0,0
2016-02-26 05:00:00,25.339067,0,0
2016-02-26 06:00:00,25.329144,0,0
2016-02-26 07:00:00,25.389069,0,0
2016-02-26 08:00:00,26.131405,0,0
2016-02-26 09:00:00,27.504368,0,0
2016-02-26 10:00:00,28.854437,0,0
2016-02-26 11:00:00,29.820192,0,0
2016-02-26 12:00:00,30.47576,0,0
2016-02-26 13:00:00,31.061743,0,0
2016-02-26 14:00:00,31.341368,0,0
2016-02-26 15:00:00,30.96505,0,0
2016-02-26 16:00:00,30.074383,0,0
2016-02-26 17:00:00,29.025578,0,0
2016-02-26 18:00:00,28.016846,0,0
2016-02-26 19:00:00,27.08979,0,0
2016-02-26 20:00:00,26.41247,0,0
2016-02-26 21:00:00,25.980059,0,0
2016-02-26 22:00:00,25.60069,0,0
2016-02-26 23:00:00,25.32285,0,0
2016-02-27 00:00:00,25.081512,1,0
2016-02-27 01:00:00,24.833298,1,0
2016-02-27 02:00:00,25.062927,1,0
2016-02-27 03:00:00,25.034414,1,0
2016-02-27 04:00:00,25.022705,1,0
2016-02-27 05:00:00,24.849693,1,0
2016-02-27 06:00:00,24.77668,1,0
2016-02-27 07:00:00,24.84817,1,0
2016-02-27 08:00:00,25.553854,1,0
2016-02-27 09:00:00,27.009607,1,0
2016-02-27 10:00:00,28.311789,1,0
2016-02-27 11:00:00,29.469997,1,0
2016-02-27 12:00:00,30.46081,1,0
2016-02-27 13:00:00,30.717049,1,0
2016-02-27 14:00:00,30.90727,1,0
2016-02-27 15:00:00,30.600916,1,0
2016-02-27 16:00:00,29.892038,1,0
2016-02-27 17:00:00,28.976692,1,0
2016-02-27 18:00:00,27.911606,1,0
2016-02-27 19:00:00,26.92972,1,0
2016-02-27 20:00:00,26.255707,1,0
2016-02-27 21:00:00,25.88805,1,0
2016-02-27 22:00:00,25.65664,1,0
2016-02-27 23:00:00,25.518612,1,0
2016-02-28 00:00:00,25.370396,1,0
2016-02-28 01:00:00,25.223965,1,0
2016-02-28 02:00:00,25.08058,1,0
2016-02-28 03:00:00,24.8069,1,0
2016-02-28 04:00:00,24.772179,1,0
2016-02-28 05:00:00,24.657572,1,0
2016-02-28 06:00:00,24.609356,1,0
2016-02-28 07:00:00,24.744335,1,0
2016-02-28 08:00:00,25.478796,1,0
2016-02-28 09:00:00,26.833696,1,0
2016-02-28 10:00:00,28.345474,1,0
2016-02-28 11:00:00,29.335764,1,0
2016-02-28 12:00:00,30.297802,1,0
2016-02-28 13:00:00,30.825384,1,0
2016-02-28 14:00:00,30.864935,1,0
2016-02-28 15:00:00,30.618242,1,0
2016-02-28 16:00:00,29.823744,1,0
2016-02-28 17:00:00,28.866535,1,0
2016-02-28 18:00:00,27.89331,1,0
2016-02-28 19:00:00,27.056591,1,0
2016-02-28 20:00:00,26.461206,1,0
2016-02-28 21:00:00,26.027012,1,0
2016-02-28 22:00:00,25.774227,1,0
2016-02-28 23:00:00,25.60947,1,0
2016-02-29 00:00:00,25.399807,0,0
2016-02-29 01:00:00,25.238361,0,0
2016-02-29 02:00:00,25.373343,0,0
2016-02-29 03:00:00,25.261635,0,0
2016-02-29 04:00:00,25.108326,0,0
2016-02-29 05:00:00,25.06342,0,0
2016-02-29 06:00:00,24.968513,0,0
2016-02-29 07:00:00,24.948662,0,0
2016-02-29 08:00:00,25.734385,0,0
2016-02-29 09:00:00,27.168795,0,0
2016-02-29 10:00:00,28.418222,0,0
2016-02-29 11:00:00,29.286762,0,0
2016-02-29 12:00:00,29.885715,0,0
2016-02-29 13:00:00,29.975153,0,0
2016-02-29 14:00:00,29.889317,0,0
2016-02-29 15:00:00,29.559572,0,0
2016-02-29 16:00:00,28.983253,0,0
2016-02-29 17:00:00,28.483776,0,0
2016-02-29 18:00:00,27.879732,0,0
2016-02-29 19:00:00,27.089178,0,0
2016-02-29 20:00:00,26.558552,0,0
2016-02-29 21:00:00,26.152723,0,0
2016-02-29 22:00:00,25.840012,0,0
2016-02-29 23:00:00,25.628828,0,0
2016-03-01 00:00:00,25.455933,0,0
2016-03-01 01:00:00,25.32285,0,0
2016-03-01 02:00:00,25.251213,0,0
2016-03-01 03:00:00,25.09155,0,0
2016-03-01 04:00:00,25.006687,0,0
2016-03-01 05:00:00,24.936836,0,0
2016-03-01 06:00:00,24.87539,0,0
2016-03-01 07:00:00,24.807064,0,0
2016-03-01 08:00:00,25.652706,0,0
2016-03-01 09:00:00,27.078865,0,0
2016-03-01 10:00:00,28.053497,0,0
2016-03-01 11:00:00,28.730438,0,0
2016-03-01 12:00:00,29.041246,0,0
2016-03-01 13:00:00,29.56195,0,0
2016-03-01 14:00:00,29.565403,0,0
2016-03-01 15:00:00,29.161242,0,0
2016-03-01 16:00:00,28.72169,0,0
2016-03-01 17:00:00,28.252365,0,0
2016-03-01 18:00:00,27.639917,0,0
2016-03-01 19:00:00,26.896057,0,0
2016-03-01 20:00:00,26.473688,0,0
2016-03-01 21:00:00,26.172947,0,0
2016-03-01 22:00:00,25.991913,0,0
2016-03-01 23:00:00,25.85731,0,0
2016-03-02 00:00:00,25.592813,0,0
2016-03-02 01:00:00,25.321442,0,0
2016-03-02 02:00:00,25.296238,0,0
2016-03-02 03:00:00,25.10133,0,0
2016-03-02 04:00:00,25.126389,0,0
2016-03-02 05:00:00,25.067987,0,0
2016-03-02 06:00:00,25.0994,0,0
2016-03-02 07:00:00,25.011108,0,0
2016-03-02 08:00:00,25.784859,0,0
2016-03-02 09:00:00,27.103136,0,0
2016-03-02 10:00:00,28.492758,0,0
2016-03-02 11:00:00,29.334568,0,0
2016-03-02 12:00:00,30.257057,0,0
2016-03-02 13:00:00,30.91248,0,0
2016-03-02 14:00:00,30.600916,0,0
2016-03-02 15:00:00,30.217981,0,0
2016-03-02 16:00:00,30.021812,0,0
2016-03-02 17:00:00,29.296019,0,0
2016-03-02 18:00:00,28.200783,0,0
2016-03-02 19:00:00,27.140526,0,0
2016-03-02 20:00:00,26.434841,0,0
2016-03-02 21:00:00,25.972279,0,0
2016-03-02 22:00:00,25.582727,0,0
2016-03-02 23:00:00,25.366447,0,0
2016-03-03 00:00:00,25.160093,0,0
2016-03-03 01:00:00,25.001953,0,0
2016-03-03 02:00:00,24.975227,0,0
2016-03-03 03:00:00,24.793814,0,0
2016-03-03 04:00:00,24.744076,0,0
2016-03-03 05:00:00,24.609356,0,0
2016-03-03 06:00:00,24.549694,0,0
2016-03-03 07:00:00,24.458355,0,0
2016-03-03 08:00:00,25.40564,0,0
2016-03-03 09:00:00,26.952139,0,0
2016-03-03 10:00:00,28.48845,0,0
2016-03-03 11:00:00,29.703537,0,0
2016-03-03 12:00:00,30.370813,0,0
2016-03-03 13:00:00,30.686832,0,0
2016-03-03 14:00:00,30.651325,0,0
2016-03-03 15:00:00,30.456154,0,0
2016-03-03 16:00:00,29.99333,0,0
2016-03-03 17:00:00,29.101141,0,0
2016-03-03 18:00:00,27.914307,0,0
2016-03-03 19:00:00,26.885725,0,0
2016-03-03 20:00:00,26.200268,0,0
2016-03-03 21:00:00,25.687557,0,0
2016-03-03 22:00:00,25.316185,0,0
2016-03-03 23:00:00,25.003477,0,0
2016-03-04 00:00:00,24.830582,0,0
2016-03-04 01:00:00,24.650808,0,0
2016-03-04 02:00:00,24.676012,0,0
2016-03-04 03:00:00,24.637836,0,0
2016-03-04 04:00:00,24.61468,0,0
2016-03-04 05:00:00,24.641783,0,0
2016-03-04 06:00:00,24.618626,0,0
2016-03-04 07:00:00,24.69547,0,0
2016-03-04 08:00:00,25.556133,0,0
2016-03-04 09:00:00,27.028719,0,0
2016-03-04 10:00:00,28.343689,0,0
2016-03-04 11:00:00,29.400518,0,0
2016-03-04 12:00:00,30.196163,0,0
2016-03-04 13:00:00,30.330505,0,0
2016-03-04 14:00:00,30.007116,0,0
2016-03-04 15:00:00,29.670206,0,0
2016-03-04 16:00:00,29.244263,0,0
2016-03-04 17:00:00,28.58691,0,0
2016-03-04 18:00:00,27.711636,0,0
2016-03-04 19:00:00,26.931273,0,0
2016-03-04 20:00:00,26.443766,0,0
2016-03-04 21:00:00,26.052954,0,0
2016-03-04 22:00:00,25.898386,0,0
2016-03-04 23:00:00,25.643814,0,0
2016-03-05 00:00:00,25.429056,1,0
2016-03-05 01:00:00,25.25107,1,0
2016-03-05 02:00:00,25.199547,1,0
2016-03-05 03:00:00,25.08479,1,0
2016-03-05 04:00:00,25.058327,1,0
2016-03-05 05:00:00,25.000187,1,0
2016-03-05 06:00:00,24.90885,1,0
2016-03-05 07:00:00,24.907326,1,0
2016-03-05 08:00:00,25.884645,1,0
2016-03-05 09:00:00,27.429241,1,0
2016-03-05 10:00:00,28.765438,1,0
2016-03-05 11:00:00,29.867176,1,0
2016-03-05 12:00:00,30.447948,1,0
2016-03-05 13:00:00,30.682291,1,0
2016-03-05 14:00:00,30.495668,1,0
2016-03-05 15:00:00,30.062618,1,0
2016-03-05 16:00:00,29.931438,1,0
2016-03-05 17:00:00,29.124348,1,0
2016-03-05 18:00:00,28.140411,1,0
2016-03-05 19:00:00,27.267923,1,0
2016-03-05 20:00:00,26.71514,1,0
2016-03-05 21:00:00,26.197483,1,0
2016-03-05 22:00:00,25.81964,1,0
2016-03-05 23:00:00,25.486967,1,0
2016-03-06 00:00:00,25.329088,1,0
2016-03-06 01:00:00,25.134445,1,0
2016-03-06 02:00:00,25.392698,1,0
2016-03-06 03:00:00,25.144745,1,0
2016-03-06 04:00:00,24.951624,1,0
2016-03-06 05:00:00,24.660286,1,0
2016-03-06 06:00:00,24.510548,1,0
2016-03-06 07:00:00,24.547318,1,0
2016-03-06 08:00:00,25.722965,1,0
2016-03-06 09:00:00,27.335745,1,0
2016-03-06 10:00:00,28.895472,1,0
2016-03-06 11:00:00,30.121006,1,0
2016-03-06 12:00:00,30.986355,1,0
2016-03-06 13:00:00,31.382,1,0
2016-03-06 14:00:00,30.89795,1,0
2016-03-06 15:00:00,30.453566,1,0
2016-03-06 16:00:00,29.764769,1,0
2016-03-06 17:00:00,29.270237,1,0
2016-03-06 18:00:00,28.670616,1,0
2016-03-06 19:00:00,27.751322,1,0
2016-03-06 20:00:00,26.937122,1,0
2016-03-06 21:00:00,26.286152,1,0
2016-03-06 22:00:00,25.770279,1,0
2016-03-06 23:00:00,25.27095,1,0
2016-03-07 00:00:00,24.901506,0,0
2016-03-07 01:00:00,24.573666,0,0
2016-03-07 02:00:00,24.43587,0,0
2016-03-07 03:00:00,24.297577,0,0
2016-03-07 04:00:00,24.192747,0,0
2016-03-07 05:00:00,24.0313,0,0
2016-03-07 06:00:00,23.941486,0,0
2016-03-07 07:00:00,23.85498,0,0
2016-03-07 08:00:00,25.282007,0,0
2016-03-07 09:00:00,26.825344,0,0
2016-03-07 10:00:00,28.055592,0,0
2016-03-07 11:00:00,29.294357,0,0
2016-03-07 12:00:00,30.029814,0,0
2016-03-07 13:00:00,30.510704,0,0
2016-03-07 14:00:00,30.047356,0,0
2016-03-07 15:00:00,29.81085,0,0
2016-03-07 16:00:00,29.377771,0,0
2016-03-07 17:00:00,28.663277,0,0
2016-03-07 18:00:00,27.822462,0,0
2016-03-07 19:00:00,27.286337,0,0
2016-03-07 20:00:00,26.800354,0,0
2016-03-07 21:00:00,26.349613,0,0
2016-03-07 22:00:00,25.977127,0,0
2016-03-07 23:00:00,25.687574,0,0
2016-03-08 00:00:00,25.406424,0,0
2016-03-08 01:00:00,25.000217,0,0
2016-03-08 02:00:00,24.633558,0,0
2016-03-08 03:00:00,24.444008,0,0
2016-03-08 04:00:00,24.252672,0,0
2016-03-08 05:00:00,24.15141,0,0
2016-03-08 06:00:00,24.080038,0,0
2016-03-08 07:00:00,24.25,0,0
2016-03-08 08:00:00,25.510372,0,0
2016-03-08 09:00:00,27.20497,0,0
2016-03-08 10:00:00,28.593098,0,0
2016-03-08 11:00:00,29.978292,0,0
2016-03-08 12:00:00,30.735647,0,0
2016-03-08 13:00:00,30.96999,0,0
2016-03-08 14:00:00,31.085861,0,0
2016-03-08 15:00:00,30.8856,0,0
2016-03-08 16:00:00,30.447165,0,0
2016-03-08 17:00:00,29.990927,0,0
2016-03-08 18:00:00,29.175169,0,0
2016-03-08 19:00:00,28.058298,0,0
2016-03-08 20:00:00,27.159754,0,0
2016-03-08 21:00:00,26.494406,0,0
2016-03-08 22:00:00,26.035414,0,0
2016-03-08 23:00:00,25.747646,0,0
2016-03-09 00:00:00,25.504787,0,0
2016-03-09 01:00:00,25.206833,0,0
2016-03-09 02:00:00,25.100216,0,0
2016-03-09 03:00:00,24.975273,0,0
2016-03-09 04:00:00,24.918919,0,0
2016-03-09 05:00:00,24.855686,0,0
2016-03-09 06:00:00,24.80595,0,0
2016-03-09 07:00:00,24.979485,0,0
2016-03-09 08:00:00,26.146614,0,0
2016-03-09 09:00:00,27.794258,0,0
2016-03-09 10:00:00,29.273579,0,0
2016-03-09 11:00:00,30.415392,0,0
2016-03-09 12:00:00,31.408842,0,0
2016-03-09 13:00:00,31.674599,0,0
2016-03-09 14:00:00,31.844418,0,0
2016-03-09 15:00:00,31.727758,0,0
2016-03-09 16:00:00,31.384754,0,0
2016-03-09 17:00:00,30.602198,0,0
2016-03-09 18:00:00,29.28878,0,0
2016-03-09 19:00:00,27.947258,0,0
2016-03-09 20:00:00,27.052021,0,0
2016-03-09 21:00:00,26.512995,0,0
2016-03-09 22:00:00,26.220394,0,0
2016-03-09 23:00:00,26.070917,0,0
2016-03-10 00:00:00,25.876274,0,0
2016-03-10 01:00:00,25.721441,0,0
2016-03-10 02:00:00,25.579844,0,0
2016-03-10 03:00:00,25.4549,0,0
2016-03-10 04:00:00,25.335052,0,0
2016-03-10 05:00:00,25.223604,0,0
2016-03-10 06:00:00,25.082268,0,0
2016-03-10 07:00:00,24.99067,0,0
2016-03-10 08:00:00,26.241001,0,0
2016-03-10 09:00:00,27.902136,0,0
2016-03-10 10:00:00,29.530195,0,0
2016-03-10 11:00:00,30.756989,0,0
2016-03-10 12:00:00,31.33776,0,0
2016-03-10 13:00:00,31.858873,0,0
2016-03-10 14:00:00,31.725412,0,0
2016-03-10 15:00:00,31.570583,0,0
2016-03-10 16:00:00,31.20211,0,0
2016-03-10 17:00:00,30.85565,0,0
2016-03-10 18:00:00,30.039747,0,0
2016-03-10 19:00:00,28.937634,0,0
2016-03-10 20:00:00,28.010723,0,0
2016-03-10 21:00:00,27.311916,0,0
2016-03-10 22:00:00,26.839428,0,0
2016-03-10 23:00:00,26.463371,0,0
2016-03-11 00:00:00,26.133743,0,0
2016-03-11 01:00:00,25.887312,0,0
2016-03-11 02:00:00,25.6975,0,0
2016-03-11 03:00:00,25.53936,0,0
2016-03-11 04:00:00,25.476128,0,0
2016-03-11 05:00:00,25.327913,0,0
2016-03-11 06:00:00,25.238098,0,0
2016-03-11 07:00:00,25.364681,0,0
2016-03-11 08:00:00,26.428507,0,0
2016-03-11 09:00:00,28.063175,0,0
2016-03-11 10:00:00,29.43681,0,0
2016-03-11 11:00:00,30.841972,0,0
2016-03-11 12:00:00,31.366127,0,0
2016-03-11 13:00:00,31.679098,0,0
2016-03-11 14:00:00,31.300356,0,0
2016-03-11 15:00:00,31.123629,0,0
2016-03-11 16:00:00,31.01025,0,0
2016-03-11 17:00:00,30.492302,0,0
2016-03-11 18:00:00,29.435354,0,0
2016-03-11 19:00:00,28.205137,0,0
2016-03-11 20:00:00,27.369825,0,0
2016-03-11 21:00:00,26.79403,0,0
2016-03-11 22:00:00,26.448122,0,0
2016-03-11 23:00:00,26.055262,0,0
2016-03-12 00:00:00,25.86214,1,0
2016-03-12 01:00:00,25.574112,1,0
2016-03-12 02:00:00,25.469017,1,0
2016-03-12 03:00:00,25.314186,1,0
2016-03-12 04:00:00,25.254261,1,0
2016-03-12 05:00:00,25.114449,1,0
2016-03-12 06:00:00,25.112925,1,0
2016-03-12 07:00:00,25.204523,1,0
2016-03-12 08:00:00,26.208685,1,0
2016-03-12 09:00:00,27.780388,1,0
2016-03-12 10:00:00,29.215439,1,0
2016-03-12 11:00:00,30.392235,1,0
2016-03-12 12:00:00,31.164198,1,0
2016-03-12 13:00:00,31.486568,1,0
2016-03-12 14:00:00,31.000063,1,0
2016-03-12 15:00:00,30.809986,1,0
2016-03-12 16:00:00,30.234047,1,0
2016-03-12 17:00:00,29.514868,1,0
2016-03-12 18:00:00,28.344572,1,0
2016-03-12 19:00:00,27.480747,1,0
2016-03-12 20:00:00,26.741867,1,0
2016-03-12 21:00:00,26.225994,1,0
2016-03-12 22:00:00,25.906555,1,0
2016-03-12 23:00:00,25.623617,1,0
2016-03-13 00:00:00,25.33202,1,0
2016-03-13 01:00:00,25.088898,1,0
2016-03-13 02:00:00,24.927448,1,0
2016-03-13 03:00:00,24.710907,1,0
2016-03-13 04:00:00,24.531021,1,0
2016-03-13 05:00:00,24.344776,1,0
2016-03-13 06:00:00,24.204962,1,0
2016-03-13 07:00:00,24.206749,1,0
2016-03-13 08:00:00,25.558979,1,0
2016-03-13 09:00:00,27.190456,1,0
2016-03-13 10:00:00,28.810492,1,0
2016-03-13 11:00:00,29.924055,1,0
2016-03-13 12:00:00,30.709774,1,0
2016-03-13 13:00:00,31.317127,1,0
2016-03-13 14:00:00,31.356796,1,0
2016-03-13 15:00:00,30.882637,1,0
2016-03-13 16:00:00,30.735916,1,0
2016-03-13 17:00:00,29.939896,1,0
2016-03-13 18:00:00,28.577885,1,0
2016-03-13 19:00:00,27.284317,1,0
2016-03-13 20:00:00,26.443651,1,0
2016-03-13 21:00:00,25.889488,1,0
2016-03-13 22:00:00,25.42514,1,0
2016-03-13 23:00:00,25.012318,1,0
2016-03-14 00:00:00,24.647705,0,0
2016-03-14 01:00:00,24.31477,0,0
2016-03-14 02:00:00,24.418192,0,0
2016-03-14 03:00:00,24.211842,0,0
2016-03-14 04:00:00,24.058796,0,0
2016-03-14 05:00:00,23.895561,0,0
2016-03-14 06:00:00,23.715672,0,0
2016-03-14 07:00:00,23.714148,0,0
2016-03-14 08:00:00,25.171211,0,0
2016-03-14 09:00:00,26.8728,0,0
2016-03-14 10:00:00,28.287888,0,0
2016-03-14 11:00:00,29.524721,0,0
2016-03-14 12:00:00,30.36018,0,0
2016-03-14 13:00:00,30.809397,0,0
2016-03-14 14:00:00,31.415081,0,0
2016-03-14 15:00:00,31.241924,0,0
2016-03-14 16:00:00,30.777285,0,0
2016-03-14 17:00:00,30.222569,0,0
2016-03-14 18:00:00,28.912199,0,0
2016-03-14 19:00:00,27.536957,0,0
2016-03-14 20:00:00,26.654692,0,0
2016-03-14 21:00:00,25.990866,0,0
2016-03-14 22:00:00,25.490013,0,0
2016-03-14 23:00:00,25.113956,0,0
2016-03-15 00:00:00,24.724663,0,0
2016-03-15 01:00:00,24.399986,0,0
2016-03-15 02:00:00,24.325563,0,0
2016-03-15 03:00:00,24.16438,0,0
2016-03-15 04:00:00,24.146317,0,0
2016-03-15 05:00:00,24.261448,0,0
2016-03-15 06:00:00,24.336506,0,0
2016-03-15 07:00:00,24.449594,0,0
2016-03-15 08:00:00,25.618252,0,0
2016-03-15 09:00:00,27.24909,0,0
2016-03-15 10:00:00,28.878672,0,0
2016-03-15 11:00:00,30.14528,0,0
2016-03-15 12:00:00,30.987356,0,0
2016-03-15 13:00:00,31.230362,0,0
2016-03-15 14:00:00,31.306679,0,0
2016-03-15 15:00:00,31.221697,0,0
2016-03-15 16:00:00,30.851849,0,0
2016-03-15 17:00:00,29.977837,0,0
2016-03-15 18:00:00,28.731077,0,0
2016-03-15 19:00:00,27.63101,0,0
2016-03-15 20:00:00,26.813877,0,0
2016-03-15 21:00:00,26.254885,0,0
2016-03-15 22:00:00,25.953623,0,0
2016-03-15 23:00:00,25.720541,0,0
2016-03-16 00:00:00,25.435673,0,0
2016-03-16 01:00:00,25.26761,0,0
2016-03-16 02:00:00,25.119658,0,0
2016-03-16 03:00:00,25.004902,0,0
2016-03-16 04:00:00,24.964943,0,0
2016-03-16 05:00:00,24.851707,0,0
2016-03-16 06:00:00,24.860226,0,0
2016-03-16 07:00:00,24.982239,0,0
2016-03-16 08:00:00,26.159294,0,0
2016-03-16 09:00:00,27.766863,0,0
2016-03-16 10:00:00,29.46477,0,0
2016-03-16 11:00:00,30.26996,0,0
2016-03-16 12:00:00,30.985453,0,0
2016-03-16 13:00:00,30.828606,0,0
2016-03-16 14:00:00,31.358086,0,0
2016-03-16 15:00:00,30.90214,0,0
2016-03-16 16:00:00,30.475937,0,0
2016-03-16 17:00:00,29.7336,0,0
2016-03-16 18:00:00,28.798141,0,0
2016-03-16 19:00:00,27.81599,0,0
2016-03-16 20:00:00,27.08715,0,0
2016-03-16 21:00:00,26.611355,0,0
2016-03-16 22:00:00,26.268494,0,0
2016-03-16 23:00:00,25.928944,0,0
2016-03-17 00:00:00,25.664448,0,0
2016-03-17 01:00:00,25.498169,0,0
2016-03-17 02:00:00,25.516613,0,0
2016-03-17 03:00:00,25.47156,0,0
2016-03-17 04:00:00,25.391523,0,0
2016-03-17 05:00:00,25.448254,0,0
2016-03-17 06:00:00,25.5032,0,0
2016-03-17 07:00:00,25.555248,0,0
2016-03-17 08:00:00,26.122412,0,0
2016-03-17 09:00:00,27.153543,0,0
2016-03-17 10:00:00,28.583124,0,0
2016-03-17 11:00:00,29.155643,0,0
2016-03-17 12:00:00,29.61519,0,0
2016-03-17 13:00:00,30.15117,0,0
2016-03-17 14:00:00,30.826939,0,0
2016-03-17 15:00:00,30.778723,0,0
2016-03-17 16:00:00,30.482407,0,0
2016-03-17 17:00:00,29.673412,0,0
2016-03-17 18:00:00,28.576654,0,0
2016-03-17 19:00:00,27.696287,0,0
2016-03-17 20:00:00,27.163616,0,0
2016-03-17 21:00:00,26.71771,0,0
2016-03-17 22:00:00,26.355,0,0
2016-03-17 23:00:00,26.090506,0,0
2016-03-18 00:00:00,25.967348,0,0
2016-03-18 01:00:00,25.743929,0,0
2016-03-18 02:00:00,26.057802,0,0
2016-03-18 03:00:00,25.97955,0,0
2016-03-18 04:00:00,25.771412,0,0
2016-03-18 05:00:00,25.613272,0,0
2016-03-18 06:00:00,25.551825,0,0
2016-03-18 07:00:00,25.631977,0,0
2016-03-18 08:00:00,26.652302,0,0
2016-03-18 09:00:00,28.281763,0,0
2016-03-18 10:00:00,29.53172,0,0
2016-03-18 11:00:00,29.947355,0,0
2016-03-18 12:00:00,30.131844,0,0
2016-03-18 13:00:00,30.69277,0,0
2016-03-18 14:00:00,30.211359,0,0
2016-03-18 15:00:00,30.008049,0,0
2016-03-18 16:00:00,30.073416,0,0
2016-03-18 17:00:00,29.964985,0,0
2016-03-18 18:00:00,29.328856,0,0
2016-03-18 19:00:00,28.33157,0,0
2016-03-18 20:00:00,27.486217,0,0
2016-03-18 21:00:00,26.987148,0,0
2016-03-18 22:00:00,26.57318,0,0
2016-03-18 23:00:00,26.186937,0,0
2016-03-19 00:00:00,25.935675,1,0
2016-03-19 01:00:00,25.814302,1,0
2016-03-19 02:00:00,25.654379,1,0
2016-03-19 03:00:00,25.4965,1,0
2016-03-19 04:00:00,25.41661,1,0
2016-03-19 05:00:00,25.371443,1,0
2016-03-19 06:00:00,25.353264,1,0
2016-03-19 07:00:00,25.584936,1,0
2016-03-19 08:00:00,26.692144,1,0
2016-03-19 09:00:00,28.320055,1,0
2016-03-19 10:00:00,29.583355,1,0
2016-03-19 11:00:00,30.174316,1,0
2016-03-19 12:00:00,30.308804,1,0
2016-03-19 13:00:00,30.81285,1,0
2016-03-19 14:00:00,30.591217,1,0
2016-03-19 15:00:00,30.504564,1,0
2016-03-19 16:00:00,30.438139,1,0
2016-03-19 17:00:00,29.986881,1,0
2016-03-19 18:00:00,28.99138,1,0
2016-03-19 19:00:00,28.03265,1,0
2016-03-19 20:00:00,27.563469,1,0
2016-03-19 21:00:00,27.149122,1,0
2016-03-19 22:00:00,26.824587,1,0
2016-03-19 23:00:00,26.396746,1,0
2016-03-20 00:00:00,26.090652,1,0
2016-03-20 01:00:00,25.992435,1,0
2016-03-20 02:00:00,25.719427,1,0
2016-03-20 03:00:00,25.606194,1,0
2016-03-20 04:00:00,25.45824,1,0
2016-03-20 05:00:00,25.448317,1,0
2016-03-20 06:00:00,25.438393,1,0
2016-03-20 07:00:00,25.563187,1,0
2016-03-20 08:00:00,26.705116,1,0
2016-03-20 09:00:00,28.298306,1,0
2016-03-20 10:00:00,29.401566,1,0
2016-03-20 11:00:00,30.01085,1,0
2016-03-20 12:00:00,30.679914,1,0
2016-03-20 13:00:00,31.21411,1,0
2016-03-20 14:00:00,30.707233,1,0
2016-03-20 15:00:00,30.965227,1,0
2016-03-20 16:00:00,30.256495,1,0
2016-03-20 17:00:00,29.785503,1,0
2016-03-20 18:00:00,28.979933,1,0
2016-03-20 19:00:00,28.147781,1,0
2016-03-20 20:00:00,27.490313,1,0
2016-03-20 21:00:00,27.117563,1,0
2016-03-20 22:00:00,26.864779,1,0
2016-03-20 23:00:00,26.688313,1,0
2016-03-21 00:00:00,26.365303,0,0
2016-03-21 01:00:00,26.215563,0,0
2016-03-21 02:00:00,26.104116,0,0
2016-03-21 03:00:00,26.072557,0,0
2016-03-21 04:00:00,26.06925,0,0
2016-03-21 05:00:00,25.951185,0,0
2016-03-21 06:00:00,25.889477,0,0
2016-03-21 07:00:00,25.937954,0,0
2016-03-21 08:00:00,26.795048,0,0
2016-03-21 09:00:00,27.89652,0,0
2016-03-21 10:00:00,29.214653,0,0
2016-03-21 11:00:00,30.175053,0,0
2016-03-21 12:00:00,30.474154,0,0
2016-03-21 13:00:00,30.788647,0,0
2016-03-21 14:00:00,30.777052,0,0
2016-03-21 15:00:00,30.539167,0,0
2016-03-21 16:00:00,30.06668,0,0
2016-03-21 17:00:00,29.627394,0,0
2016-03-21 18:00:00,28.889887,0,0
2016-03-21 19:00:00,28.100859,0,0
2016-03-21 20:00:00,27.41514,0,0
2016-03-21 21:00:00,27.012613,0,0
2016-03-21 22:00:00,26.699907,0,0
2016-03-21 23:00:00,26.528536,0,0
2016-03-22 00:00:00,26.31709,0,0
2016-03-22 01:00:00,26.103853,0,0
2016-03-22 02:00:00,26.09036,0,0
2016-03-22 03:00:00,25.926865,0,0
2016-03-22 04:00:00,25.895714,0,0
2016-03-22 05:00:00,25.862518,0,0
2016-03-22 06:00:00,25.869396,0,0
2016-03-22 07:00:00,26.030958,0,0
2016-03-22 08:00:00,26.7598,0,0
2016-03-22 09:00:00,27.80466,0,0
2016-03-22 10:00:00,28.932716,0,0
2016-03-22 11:00:00,29.673151,0,0
2016-03-22 12:00:00,29.833961,0,0
2016-03-22 13:00:00,29.845146,0,0
2016-03-22 14:00:00,30.47489,0,0
2016-03-22 15:00:00,30.248161,0,0
2016-03-22 16:00:00,30.120436,0,0
2016-03-22 17:00:00,29.37096,0,0
2016-03-22 18:00:00,28.53424,0,0
2016-03-22 19:00:00,27.714323,0,0
2016-03-22 20:00:00,27.202284,0,0
2016-03-22 21:00:00,26.837934,0,0
2016-03-22 22:00:00,26.736412,0,0
2016-03-22 23:00:00,26.529797,0,0
2016-03-23 00:00:00,26.381582,0,0
2016-03-23 01:00:00,26.230057,0,0
2016-03-23 02:00:00,26.271656,0,0
2016-03-23 03:00:00,26.113255,0,0
2016-03-23 04:00:00,25.970133,0,0
2016-03-23 05:00:00,25.733889,0,0
2016-03-23 06:00:00,25.72244,0,0
2016-03-23 07:00:00,25.804115,0,0
2016-03-23 08:00:00,26.591621,0,0
2016-03-23 09:00:00,27.906181,0,0
2016-03-23 10:00:00,28.99305,0,0
2016-03-23 11:00:00,29.839695,0,0
2016-03-23 12:00:00,30.688644,0,0
2016-03-23 13:00:00,30.546669,0,0
2016-03-23 14:00:00,30.932768,0,0
2016-03-23 15:00:00,30.563326,0,0
2016-03-23 16:00:00,30.017159,0,0
2016-03-23 17:00:00,29.233221,0,0
2016-03-23 18:00:00,28.169662,0,0
2016-03-23 19:00:00,27.324278,0,0
2016-03-23 20:00:00,26.735512,0,0
2016-03-23 21:00:00,26.51466,0,0
2016-03-23 22:00:00,26.25857,0,0
2016-03-23 23:00:00,26.050694,0,0
2016-03-24 00:00:00,25.894339,0,0
2016-03-24 01:00:00,25.679583,0,0
2016-03-24 02:00:00,25.71761,0,0
2016-03-24 03:00:00,25.62092,0,0
2016-03-24 04:00:00,25.569395,0,0
2016-03-24 05:00:00,25.461256,0,0
2016-03-24 06:00:00,25.36304,0,0
2016-03-24 07:00:00,25.449808,0,0
2016-03-24 08:00:00,26.530174,0,0
2016-03-24 09:00:00,28.052876,0,0
2016-03-24 10:00:00,29.614128,0,0
2016-03-24 11:00:00,30.73914,0,0
2016-03-24 12:00:00,31.431215,0,0
2016-03-24 13:00:00,31.734,0,0
2016-03-24 14:00:00,31.827904,0,0
2016-03-24 15:00:00,31.859058,0,0
2016-03-24 16:00:00,31.477644,0,0
2016-03-24 17:00:00,30.402256,0,0
2016-03-24 18:00:00,29.0723,0,0
2016-03-24 19:00:00,27.863829,0,0
2016-03-24 20:00:00,27.086773,0,0
2016-03-24 21:00:00,26.59927,0,0
2016-03-24 22:00:00,26.239868,0,0
2016-03-24 23:00:00,25.935558,0,0
2016-03-25 00:00:00,25.845861,0,1
2016-03-25 01:00:00,25.676012,0,1
2016-03-25 02:00:00,25.67932,0,1
2016-03-25 03:00:00,25.567871,0,1
2016-03-25 04:00:00,25.473227,0,1
2016-03-25 05:00:00,25.31661,0,1
2016-03-25 06:00:00,25.36178,0,1
2016-03-25 07:00:00,25.500072,0,1
2016-03-25 08:00:00,26.768724,0,1
2016-03-25 09:00:00,28.608084,0,1
2016-03-25 10:00:00,30.065767,0,1
2016-03-25 11:00:00,31.280851,0,1
2016-03-25 12:00:00,32.046608,0,1
2016-03-25 13:00:00,32.39404,0,1
2016-03-25 14:00:00,32.254814,0,1
2016-03-25 15:00:00,31.811579,0,1
2016-03-25 16:00:00,31.064295,0,1
2016-03-25 17:00:00,29.839315,0,1
2016-03-25 18:00:00,28.805904,0,1
2016-03-25 19:00:00,27.777325,0,1
2016-03-25 20:00:00,27.098484,0,1
2016-03-25 21:00:00,26.754362,0,1
2016-03-25 22:00:00,26.404884,0,1
2016-03-25 23:00:00,26.095222,0,1
2016-03-26 00:00:00,25.892176,1,0
2016-03-26 01:00:00,25.704147,1,0
2016-03-26 02:00:00,25.73913,1,0
2016-03-26 03:00:00,25.725897,1,0
2016-03-26 04:00:00,25.609354,1,0
2016-03-26 05:00:00,25.464449,1,0
2016-03-26 06:00:00,25.493076,1,0
2016-03-26 07:00:00,25.579844,1,0
2016-03-26 08:00:00,26.869987,1,0
2016-03-26 09:00:00,28.617748,1,0
2016-03-26 10:00:00,29.938923,1,0
2016-03-26 11:00:00,31.160627,1,0
2016-03-26 12:00:00,32.075977,1,0
2016-03-26 13:00:00,32.541843,1,0
2016-03-26 14:00:00,32.651363,1,0
2016-03-26 15:00:00,32.412548,1,0
2016-03-26 16:00:00,31.791729,1,0
2016-03-26 17:00:00,30.455303,1,0
2016-03-26 18:00:00,28.982485,1,0
2016-03-26 19:00:00,27.867397,1,0
2016-03-26 20:00:00,27.196697,1,0
2016-03-26 21:00:00,26.759192,1,0
2016-03-26 22:00:00,26.46481,1,0
2016-03-26 23:00:00,26.308714,1,0
2016-03-27 00:00:00,26.14396,1,0
2016-03-27 01:00:00,26.009094,1,0
2016-03-27 02:00:00,25.884035,1,0
2016-03-27 03:00:00,25.767494,1,0
2016-03-27 04:00:00,25.754261,1,0
2016-03-27 05:00:00,25.65274,1,0
2016-03-27 06:00:00,25.58772,1,0
2016-03-27 07:00:00,25.752855,1,0
2016-03-27 08:00:00,26.906492,1,0
2016-03-27 09:00:00,28.476265,1,0
2016-03-27 10:00:00,29.922382,1,0
2016-03-27 11:00:00,30.999182,1,0
2016-03-27 12:00:00,31.66836,1,0
2016-03-27 13:00:00,32.119095,1,0
2016-03-27 14:00:00,31.466341,1,0
2016-03-27 15:00:00,31.349686,1,0
2016-03-27 16:00:00,30.85861,1,0
2016-03-27 17:00:00,30.117912,1,0
2016-03-27 18:00:00,28.939217,1,0
2016-03-27 19:00:00,27.853905,1,0
2016-03-27 20:00:00,27.156622,1,0
2016-03-27 21:00:00,26.777256,1,0
2016-03-27 22:00:00,26.585918,1,0
2016-03-27 23:00:00,26.387966,1,0
2016-03-28 00:00:00,26.191536,0,0
2016-03-28 01:00:00,26.018377,0,0
2016-03-28 02:00:00,25.823732,0,0
2016-03-28 03:00:00,25.665592,0,0
2016-03-28 04:00:00,25.504147,0,0
2016-03-28 05:00:00,25.439392,0,0
2016-03-28 06:00:00,25.38456,0,0
2016-03-28 07:00:00,25.468018,0,0
2016-03-28 08:00:00,26.751808,0,0
2016-03-28 09:00:00,28.433025,0,0
2016-03-28 10:00:00,29.96094,0,0
2016-03-28 11:00:00,31.077806,0,0
2016-03-28 12:00:00,31.613672,0,0
2016-03-28 13:00:00,31.563034,0,0
2016-03-28 14:00:00,31.57155,0,0
2016-03-28 15:00:00,31.609434,0,0
2016-03-28 16:00:00,31.267414,0,0
2016-03-28 17:00:00,30.188717,0,0
2016-03-28 18:00:00,28.761837,0,0
2016-03-28 19:00:00,27.638119,0,0
2016-03-28 20:00:00,27.142096,0,0
2016-03-28 21:00:00,26.724442,0,0
2016-03-28 22:00:00,26.417973,0,0
2016-03-28 23:00:00,26.031727,0,0
2016-03-29 00:00:00,25.73556,0,0
2016-03-29 01:00:00,25.50084,0,0
2016-03-29 02:00:00,25.632627,0,0
2016-03-29 03:00:00,25.389507,0,0
2016-03-29 04:00:00,25.296385,0,0
2016-03-29 05:00:00,25.128204,0,0
2016-03-29 06:00:00,25.07516,0,0
2016-03-29 07:00:00,25.203526,0,0
2016-03-29 08:00:00,26.425865,0,0
2016-03-29 09:00:00,28.145638,0,0
2016-03-29 10:00:00,29.592398,0,0
2016-03-29 11:00:00,30.297848,0,0
2016-03-29 12:00:00,30.750113,0,0
2016-03-29 13:00:00,31.079247,0,0
2016-03-29 14:00:00,31.232,0,0
2016-03-29 15:00:00,31.346872,0,0
2016-03-29 16:00:00,31.15208,0,0
2016-03-29 17:00:00,30.316244,0,0
2016-03-29 18:00:00,28.960966,0,0
2016-03-29 19:00:00,27.784056,0,0
2016-03-29 20:00:00,27.031939,0,0
2016-03-29 21:00:00,26.514547,0,0
2016-03-29 22:00:00,26.090275,0,0
2016-03-29 23:00:00,25.805553,0,0
2016-03-30 00:00:00,25.592583,0,0
2016-03-30 01:00:00,25.376303,0,0
2016-03-30 02:00:00,25.233183,0,0
2016-03-30 03:00:00,25.118427,0,0
2016-03-30 04:00:00,25.013857,0,0
2016-03-30 05:00:00,24.857239,0,0
2016-03-30 06:00:00,24.802408,0,0
2016-03-30 07:00:00,24.934084,0,0
2016-03-30 08:00:00,26.414303,0,0
2016-03-30 09:00:00,28.240427,0,0
2016-03-30 10:00:00,29.706774,0,0
2016-03-30 11:00:00,30.948704,0,0
2016-03-30 12:00:00,31.695986,0,0
2016-03-30 13:00:00,31.887703,0,0
2016-03-30 14:00:00,31.764431,0,0
2016-03-30 15:00:00,31.544697,0,0
2016-03-30 16:00:00,31.175457,0,0
2016-03-30 17:00:00,30.612223,0,0
2016-03-30 18:00:00,29.208612,0,0
2016-03-30 19:00:00,28.009577,0,0
2016-03-30 20:00:00,27.220577,0,0
2016-03-30 21:00:00,26.678127,0,0
2016-03-30 22:00:00,26.258686,0,0
2016-03-30 23:00:00,25.932365,0,0
2016-03-31 00:00:00,25.516233,0,0
2016-03-31 01:00:00,25.178204,0,0
2016-03-31 02:00:00,25.168135,0,0
2016-03-31 03:00:00,24.92501,0,0
2016-03-31 04:00:00,24.741814,0,0
2016-03-31 05:00:00,24.648695,0,0
2016-03-31 06:00:00,24.705309,0,0
2016-03-31 07:00:00,24.903524,0,0
2016-03-31 08:00:00,26.092407,0,0
2016-03-31 09:00:00,27.701138,0,0
2016-03-31 10:00:00,28.85823,0,0
2016-03-31 11:00:00,30.098782,0,0
2016-03-31 12:00:00,30.671152,0,0
2016-03-31 13:00:00,31.298735,0,0
2016-03-31 14:00:00,31.771599,0,0
2016-03-31 15:00:00,31.677921,0,0
2016-03-31 16:00:00,31.223207,0,0
2016-03-31 17:00:00,30.017668,0,0
2016-03-31 18:00:00,28.737188,0,0
2016-03-31 19:00:00,28.055891,0,0
2016-03-31 20:00:00,27.504776,0,0
2016-03-31 21:00:00,26.967155,0,0
2016-03-31 22:00:00,26.592882,0,0
2016-03-31 23:00:00,26.238459,0,0
2016-04-01 00:00:00,25.909094,0,0
2016-04-01 01:00:00,25.626158,0,0
2016-04-01 02:00:00,25.450985,0,0
2016-04-01 03:00:00,25.272997,0,0
2016-04-01 04:00:00,25.222996,0,0
2016-04-01 05:00:00,25.129612,0,0
2016-04-01 06:00:00,24.939798,0,0
2016-04-01 07:00:00,25.02185,0,0
2016-04-01 08:00:00,26.099924,0,0
2016-04-01 09:00:00,27.942244,0,0
2016-04-01 10:00:00,29.155909,0,0
2016-04-01 11:00:00,30.33932,0,0
2016-04-01 12:00:00,31.154812,0,0
2016-04-01 13:00:00,31.52414,0,0
2016-04-01 14:00:00,31.371586,0,0
2016-04-01 15:00:00,31.203638,0,0
2016-04-01 16:00:00,30.37925,0,0
2016-04-01 17:00:00,29.601667,0,0
2016-04-01 18:00:00,28.710592,0,0
2016-04-01 19:00:00,28.08249,0,0
2016-04-01 20:00:00,27.434683,0,0
2016-04-01 21:00:00,26.946539,0,0
2016-04-01 22:00:00,26.420956,0,0
2016-04-01 23:00:00,25.981548,0,0
2016-04-02 00:00:00,25.55497,1,0
2016-04-02 01:00:00,25.183334,1,0
2016-04-02 02:00:00,25.083597,1,0
2016-04-02 03:00:00,24.87085,1,0
2016-04-02 04:00:00,24.467464,1,0
2016-04-02 05:00:00,24.320248,1,0
2016-04-02 06:00:00,24.22613,1,0
2016-04-02 07:00:00,24.466612,1,0
2016-04-02 08:00:00,26.201069,1,0
2016-04-02 09:00:00,28.093376,1,0
2016-04-02 10:00:00,29.547276,1,0
2016-04-02 11:00:00,30.503107,1,0
2016-04-02 12:00:00,30.934896,1,0
2016-04-02 13:00:00,31.47799,1,0
2016-04-02 14:00:00,31.53115,1,0
2016-04-02 15:00:00,31.520674,1,0
2016-04-02 16:00:00,30.826172,1,0
2016-04-02 17:00:00,30.108402,1,0
2016-04-02 18:00:00,29.06074,1,0
2016-04-02 19:00:00,28.254416,1,0
2016-04-02 20:00:00,27.716387,1,0
2016-04-02 21:00:00,27.323265,1,0
2016-04-02 22:00:00,26.923788,1,0
2016-04-02 23:00:00,26.4826,1,0
2016-04-03 00:00:00,26.087837,1,0
2016-04-03 01:00:00,25.686052,1,0
2016-04-03 02:00:00,25.613419,1,0
2016-04-03 03:00:00,25.438885,1,0
2016-04-03 04:00:00,25.520296,1,0
2016-04-03 05:00:00,25.553755,1,0
2016-04-03 06:00:00,25.776882,1,0
2016-04-03 07:00:00,25.903725,1,0
2016-04-03 08:00:00,27.022264,1,0
2016-04-03 09:00:00,28.086498,1,0
2016-04-03 10:00:00,29.369057,1,0
2016-04-03 11:00:00,30.215223,1,0
2016-04-03 12:00:00,30.881357,1,0
2016-04-03 13:00:00,31.010984,1,0
2016-04-03 14:00:00,31.107151,1,0
2016-04-03 15:00:00,31.078756,1,0
2016-04-03 16:00:00,30.743774,1,0
2016-04-03 17:00:00,30.150652,1,0
2016-04-03 18:00:00,29.360836,1,0
2016-04-03 19:00:00,28.61136,1,0
2016-04-03 20:00:00,28.098913,1,0
2016-04-03 21:00:00,27.556316,1,0
2016-04-03 22:00:00,27.098585,1,0
2016-04-03 23:00:00,26.739069,1,0
2016-04-04 00:00:00,26.31301,0,0
2016-04-04 01:00:00,26.088215,0,0
2016-04-04 02:00:00,25.921675,0,0
2016-04-04 03:00:00,25.746733,0,0
2016-04-04 04:00:00,25.498518,0,0
2016-04-04 05:00:00,25.443686,0,0
2016-04-04 06:00:00,25.443947,0,0
2016-04-04 07:00:00,25.630714,0,0
2016-04-04 08:00:00,26.949108,0,0
2016-04-04 09:00:00,28.68709,0,0
2016-04-04 10:00:00,30.205482,0,0
2016-04-04 11:00:00,31.372616,0,0
2016-04-04 12:00:00,31.918524,0,0
2016-04-04 13:00:00,32.389484,0,0
2016-04-04 14:00:00,32.18744,0,0
2016-04-04 15:00:00,31.951935,0,0
2016-04-04 16:00:00,31.551933,0,0
2016-04-04 17:00:00,30.814167,0,0
2016-04-04 18:00:00,29.415766,0,0
2016-04-04 19:00:00,28.234026,0,0
2016-04-04 20:00:00,27.421984,0,0
2016-04-04 21:00:00,26.992884,0,0
2016-04-04 22:00:00,26.596977,0,0
2016-04-04 23:00:00,26.25895,0,0
2016-04-05 00:00:00,25.972704,0,0
2016-04-05 01:00:00,25.611256,0,0
2016-04-05 02:00:00,25.59293,0,0
2016-04-05 03:00:00,25.389622,0,0
2016-04-05 04:00:00,25.231482,0,0
2016-04-05 05:00:00,25.183529,0,0
2016-04-05 06:00:00,25.227175,0,0
2016-04-05 07:00:00,25.407064,0,0
2016-04-05 08:00:00,26.587431,0,0
2016-04-05 09:00:00,28.13876,0,0
2016-04-05 10:00:00,29.585257,0,0
2016-04-05 11:00:00,30.78711,0,0
2016-04-05 12:00:00,31.649412,0,0
2016-04-05 13:00:00,32.17699,0,0
2016-04-05 14:00:00,32.17799,0,0
2016-04-05 15:00:00,31.996695,0,0
2016-04-05 16:00:00,31.282492,0,0
2016-04-05 17:00:00,30.286993,0,0
2016-04-05 18:00:00,29.058298,0,0
2016-04-05 19:00:00,27.946259,0,0
2016-04-05 20:00:00,27.159016,0,0
2016-04-05 21:00:00,26.625082,0,0
2016-04-05 22:00:00,26.325867,0,0
2016-04-05 23:00:00,26.071297,0,0
2016-04-06 00:00:00,25.773344,0,0
2016-04-06 01:00:00,25.615204,0,0
2016-04-06 02:00:00,25.643045,0,0
2016-04-06 03:00:00,25.528028,0,0
2016-04-06 04:00:00,25.388214,0,0
2016-04-06 05:00:00,25.330074,0,0
2016-04-06 06:00:00,25.323458,0,0
2016-04-06 07:00:00,25.613533,0,0
2016-04-06 08:00:00,26.760702,0,0
2016-04-06 09:00:00,28.256823,0,0
2016-04-06 10:00:00,29.376884,0,0
2016-04-06 11:00:00,30.708628,0,0
2016-04-06 12:00:00,31.632639,0,0
2016-04-06 13:00:00,32.139847,0,0
2016-04-06 14:00:00,32.339584,0,0
2016-04-06 15:00:00,31.866575,0,0
2016-04-06 16:00:00,31.209106,0,0
2016-04-06 17:00:00,30.080408,0,0
2016-04-06 18:00:00,28.925245,0,0
2016-04-06 19:00:00,27.946667,0,0
2016-04-06 20:00:00,27.294666,0,0
2016-04-06 21:00:00,26.877127,0,0
2016-04-06 22:00:00,26.517725,0,0
2016-04-06 23:00:00,26.256542,0,0
2016-04-07 00:00:00,25.995092,0,0
2016-04-07 01:00:00,25.795355,0,0
2016-04-07 02:00:00,25.868628,0,0
2016-04-07 03:00:00,25.705133,0,0
2016-04-07 04:00:00,25.596731,0,0
2016-04-07 05:00:00,25.50718,0,0
2016-04-07 06:00:00,25.512274,0,0
2016-04-07 07:00:00,25.66889,0,0
2016-04-07 08:00:00,26.869102,0,0
2016-04-07 09:00:00,28.330618,0,0
2016-04-07 10:00:00,29.740349,0,0
2016-04-07 11:00:00,30.630638,0,0
2016-04-07 12:00:00,31.276283,0,0
2016-04-07 13:00:00,31.559105,0,0
2016-04-07 14:00:00,31.613935,0,0
2016-04-07 15:00:00,31.244232,0,0
2016-04-07 16:00:00,30.516796,0,0
2016-04-07 17:00:00,29.744312,0,0
2016-04-07 18:00:00,28.851974,0,0
2016-04-07 19:00:00,27.95659,0,0
2016-04-07 20:00:00,27.271133,0,0
2016-04-07 21:00:00,26.823702,0,0
2016-04-07 22:00:00,26.557686,0,0
2016-04-07 23:00:00,26.338099,0,0
2016-04-08 00:00:00,26.181744,0,0
2016-04-08 01:00:00,26.0568,0,0
2016-04-08 02:00:00,26.049925,0,0
2016-04-08 03:00:00,25.984905,0,0
2016-04-08 04:00:00,25.871412,0,0
2016-04-08 05:00:00,25.831596,0,0
2016-04-08 06:00:00,25.711227,0,0
2016-04-08 07:00:00,25.801039,0,0
2016-04-08 08:00:00,26.712961,0,0
2016-04-08 09:00:00,28.235664,0,0
2016-04-08 10:00:00,29.159037,0,0
2016-04-08 11:00:00,30.447657,0,0
2016-04-08 12:00:00,30.710249,0,0
2016-04-08 13:00:00,31.262886,0,0
2016-04-08 14:00:00,30.673365,0,0
2016-04-08 15:00:00,30.478199,0,0
2016-04-08 16:00:00,30.226528,0,0
2016-04-08 17:00:00,29.624151,0,0
2016-04-08 18:00:00,28.715683,0,0
2016-04-08 19:00:00,27.862568,0,0
2016-04-08 20:00:00,27.225586,0,0
2016-04-08 21:00:00,26.882845,0,0
2016-04-08 22:00:00,26.62965,0,0
2016-04-08 23:00:00,26.348091,0,0
2016-04-09 00:00:00,26.133335,1,0
2016-04-09 01:00:00,26.032074,1,0
2016-04-09 02:00:00,25.93743,1,0
2016-04-09 03:00:00,25.791,1,0
2016-04-09 04:00:00,25.760704,1,0
2016-04-09 05:00:00,25.705608,1,0
2016-04-09 06:00:00,25.833714,1,0
2016-04-09 07:00:00,25.953156,1,0
2016-04-09 08:00:00,26.813292,1,0
2016-04-09 09:00:00,28.026217,1,0
2016-04-09 10:00:00,29.177954,1,0
2016-04-09 11:00:00,30.310366,1,0
2016-04-09 12:00:00,30.95958,1,0
2016-04-09 13:00:00,31.484377,1,0
2016-04-09 14:00:00,31.418242,1,0
2016-04-09 15:00:00,31.233524,1,0
2016-04-09 16:00:00,30.52096,1,0
2016-04-09 17:00:00,29.538286,1,0
2016-04-09 18:00:00,28.448996,1,0
2016-04-09 19:00:00,27.416582,1,0
2016-04-09 20:00:00,26.734434,1,0
2016-04-09 21:00:00,26.383696,1,0
2016-04-09 22:00:00,26.249092,1,0
2016-04-09 23:00:00,26.087645,1,0
2016-04-10 00:00:00,26.010916,1,0
2016-04-10 01:00:00,25.93214,1,0
2016-04-10 02:00:00,25.752514,1,0
2016-04-10 03:00:00,25.711178,1,0
2016-04-10 04:00:00,25.642853,1,0
2016-04-10 05:00:00,25.697092,1,0
2016-04-10 06:00:00,25.862633,1,0
2016-04-10 07:00:00,26.156279,1,0
2016-04-10 08:00:00,27.095043,1,0
2016-04-10 09:00:00,28.328457,1,0
2016-04-10 10:00:00,29.671648,1,0
2016-04-10 11:00:00,30.870453,1,0
2016-04-10 12:00:00,31.71926,1,0
2016-04-10 13:00:00,32.203457,1,0
2016-04-10 14:00:00,32.155243,1,0
2016-04-10 15:00:00,31.880184,1,0
2016-04-10 16:00:00,31.272451,1,0
2016-04-10 17:00:00,30.22848,1,0
2016-04-10 18:00:00,29.050043,1,0
2016-04-10 19:00:00,28.081388,1,0
2016-04-10 20:00:00,27.432434,1,0
2016-04-10 21:00:00,26.933218,1,0
2016-04-10 22:00:00,26.51337,1,0
2016-04-10 23:00:00,26.192,1,0
2016-04-11 00:00:00,25.930553,0,0
2016-04-11 01:00:00,25.658916,0,0
2016-04-11 02:00:00,25.683712,0,0
2016-04-11 03:00:00,25.601892,0,0
2016-04-11 04:00:00,25.575834,0,0
2016-04-11 05:00:00,25.497993,0,0
2016-04-11 06:00:00,25.553349,0,0
2016-04-11 07:00:00,25.693424,0,0
2016-04-11 08:00:00,26.843637,0,0
2016-04-11 09:00:00,28.17184,0,0
2016-04-11 10:00:00,29.889826,0,0
2016-04-11 11:00:00,31.17997,0,0
2016-04-11 12:00:00,31.880447,0,0
2016-04-11 13:00:00,31.876762,0,0
2016-04-11 14:00:00,31.507202,0,0
2016-04-11 15:00:00,31.208988,0,0
2016-04-11 16:00:00,30.812296,0,0
2016-04-11 17:00:00,30.211298,0,0
2016-04-11 18:00:00,29.13424,0,0
2016-04-11 19:00:00,28.045998,0,0
2016-04-11 20:00:00,27.273771,0,0
2016-04-11 21:00:00,26.741096,0,0
2016-04-11 22:00:00,26.296715,0,0
2016-04-11 23:00:00,25.946976,0,0
2016-04-12 00:00:00,25.645716,0,0
2016-04-12 01:00:00,25.339361,0,0
2016-04-12 02:00:00,25.259588,0,0
2016-04-12 03:00:00,25.14814,0,0
2016-04-12 04:00:00,25.088478,0,0
2016-04-12 05:00:00,25.060226,0,0
2016-04-12 06:00:00,25.024244,0,0
2016-04-12 07:00:00,25.244211,0,0
2016-04-12 08:00:00,26.632452,0,0
2016-04-12 09:00:00,28.280096,0,0
2016-04-12 10:00:00,29.686518,0,0
2016-04-12 11:00:00,30.758482,0,0
2016-04-12 12:00:00,31.414051,0,0
2016-04-12 13:00:00,31.631855,0,0
2016-04-12 14:00:00,31.353893,0,0
2016-04-12 15:00:00,31.077053,0,0
2016-04-12 16:00:00,30.60568,0,0
2016-04-12 17:00:00,30.084684,0,0
2016-04-12 18:00:00,29.044395,0,0
2016-04-12 19:00:00,27.95399,0,0
2016-04-12 20:00:00,27.143473,0,0
2016-04-12 21:00:00,26.484482,0,0
2016-04-12 22:00:00,25.937052,0,0
2016-04-12 23:00:00,25.495977,0,0
2016-04-13 00:00:00,25.129436,0,0
2016-04-13 01:00:00,24.684528,0,0
2016-04-13 02:00:00,24.505163,0,0
2016-04-13 03:00:00,24.3455,0,0
2016-04-13 04:00:00,24.24424,0,0
2016-04-13 05:00:00,24.191193,0,0
2016-04-13 06:00:00,24.193237,0,0
2016-04-13 07:00:00,24.594616,0,0
2016-04-13 08:00:00,26.084644,0,0
2016-04-13 09:00:00,27.737642,0,0
2016-04-13 10:00:00,29.053137,0,0
2016-04-13 11:00:00,30.217108,0,0
2016-04-13 12:00:00,30.937956,0,0
2016-04-13 13:00:00,31.408655,0,0
2016-04-13 14:00:00,31.59528,0,0
2016-04-13 15:00:00,31.441679,0,0
2016-04-13 16:00:00,31.073208,0,0
2016-04-13 17:00:00,30.298788,0,0
2016-04-13 18:00:00,29.148197,0,0
2016-04-13 19:00:00,28.15422,0,0
2016-04-13 20:00:00,27.375263,0,0
2016-04-13 21:00:00,26.679504,0,0
2016-04-13 22:00:00,26.110586,0,0
2016-04-13 23:00:00,25.57996,0,0
2016-04-14 00:00:00,25.157211,0,0
2016-04-14 01:00:00,24.801,0,0
2016-04-14 02:00:00,24.479513,0,0
2016-04-14 03:00:00,24.2897,0,0
2016-04-14 04:00:00,24.088179,0,0
2016-04-14 05:00:00,23.938438,0,0
2016-04-14 06:00:00,23.921898,0,0
2016-04-14 07:00:00,24.27837,0,0
2016-04-14 08:00:00,25.999548,0,0
2016-04-14 09:00:00,27.734219,0,0
2016-04-14 10:00:00,29.347782,0,0
2016-04-14 11:00:00,30.5751,0,0
2016-04-14 12:00:00,31.417439,0,0
2016-04-14 13:00:00,31.90316,0,0
2016-04-14 14:00:00,32.174644,0,0
2016-04-14 15:00:00,32.047394,0,0
2016-04-14 16:00:00,31.607174,0,0
2016-04-14 17:00:00,30.701342,0,0
2016-04-14 18:00:00,29.617407,0,0
2016-04-14 19:00:00,28.448637,0,0
2016-04-14 20:00:00,27.481647,0,0
2016-04-14 21:00:00,26.817823,0,0
2016-04-14 22:00:00,26.313925,0,0
2016-04-14 23:00:00,25.986343,0,0
2016-04-15 00:00:00,25.6501,0,0
2016-04-15 01:00:00,25.318949,0,0
2016-04-15 02:00:00,25.060549,0,0
2016-04-15 03:00:00,24.947317,0,0
2016-04-15 04:00:00,24.880775,0,0
2016-04-15 05:00:00,24.73613,0,0
2016-04-15 06:00:00,24.6729,0,0
2016-04-15 07:00:00,25.031155,0,0
2016-04-15 08:00:00,26.657688,0,0
2016-04-15 09:00:00,28.305445,0,0
2016-04-15 10:00:00,29.675627,0,0
2016-04-15 11:00:00,30.561083,0,0
2016-04-15 12:00:00,30.941856,0,0
2016-04-15 13:00:00,30.911589,0,0
2016-04-15 14:00:00,31.086615,0,0
2016-04-15 15:00:00,30.848442,0,0
2016-04-15 16:00:00,30.785065,0,0
2016-04-15 17:00:00,30.15596,0,0
2016-04-15 18:00:00,29.14559,0,0
2016-04-15 19:00:00,28.311537,0,0
2016-04-15 20:00:00,27.779125,0,0
2016-04-15 21:00:00,27.243145,0,0
2016-04-15 22:00:00,26.89036,0,0
2016-04-15 23:00:00,26.514042,0,0
2016-04-16 00:00:00,26.220919,1,0
2016-04-16 01:00:00,25.8946,1,0
2016-04-16 02:00:00,25.733412,1,0
2016-04-16 03:00:00,25.548695,1,0
2016-04-16 04:00:00,25.292337,1,0
2016-04-16 05:00:00,25.19234,1,0
2016-04-16 06:00:00,25.092598,1,0
2016-04-16 07:00:00,25.455688,1,0
2016-04-16 08:00:00,26.899399,1,0
2016-04-16 09:00:00,28.660393,1,0
2016-04-16 10:00:00,29.895588,1,0
2016-04-16 11:00:00,30.78131,1,0
2016-04-16 12:00:00,31.153679,1,0
2016-04-16 13:00:00,31.176983,1,0
2016-04-16 14:00:00,30.997211,1,0
2016-04-16 15:00:00,30.995659,1,0
2016-04-16 16:00:00,30.842842,1,0
2016-04-16 17:00:00,30.314999,1,0
2016-04-16 18:00:00,29.4705,1,0
2016-04-16 19:00:00,28.589758,1,0
2016-04-16 20:00:00,27.897305,1,0
2016-04-16 21:00:00,27.439312,1,0
2016-04-16 22:00:00,27.031696,1,0
2016-04-16 23:00:00,26.617086,1,0
2016-04-17 00:00:00,26.447123,1,0
2016-04-17 01:00:00,26.157688,1,0
2016-04-17 02:00:00,26.14352,1,0
2016-04-17 03:00:00,26.076982,1,0
2016-04-17 04:00:00,25.851778,1,0
2016-04-17 05:00:00,25.784973,1,0
2016-04-17 06:00:00,25.775312,1,0
2016-04-17 07:00:00,25.9968,1,0
2016-04-17 08:00:00,27.152367,1,0
2016-04-17 09:00:00,28.52117,1,0
2016-04-17 10:00:00,29.607298,1,0
2016-04-17 11:00:00,30.611343,1,0
2016-04-17 12:00:00,31.16413,1,0
2016-04-17 13:00:00,31.447248,1,0
2016-04-17 14:00:00,31.063168,1,0
2016-04-17 15:00:00,30.404058,1,0
2016-04-17 16:00:00,28.708815,1,0
2016-04-17 17:00:00,28.976439,1,0
2016-04-17 18:00:00,28.859869,1,0
2016-04-17 19:00:00,28.386711,1,0
2016-04-17 20:00:00,27.85556,1,0
2016-04-17 21:00:00,27.461178,1,0
2016-04-17 22:00:00,27.174934,1,0
2016-04-17 23:00:00,26.854084,1,0
2016-04-18 00:00:00,26.65104,0,0
2016-04-18 01:00:00,26.480928,0,0
2016-04-18 02:00:00,26.38635,0,0
2016-04-18 03:00:00,26.249846,0,0
2016-04-18 04:00:00,26.106462,0,0
2016-04-18 05:00:00,25.951632,0,0
2016-04-18 06:00:00,25.848585,0,0
2016-04-18 07:00:00,26.036613,0,0
2016-04-18 08:00:00,27.078835,0,0
2016-04-18 09:00:00,28.535782,0,0
2016-04-18 10:00:00,29.610529,0,0
2016-04-18 11:00:00,30.521599,0,0
2016-04-18 12:00:00,31.044641,0,0
2016-04-18 13:00:00,31.547804,0,0
2016-04-18 14:00:00,31.990631,0,0
2016-04-18 15:00:00,31.779184,0,0
2016-04-18 16:00:00,31.31176,0,0
2016-04-18 17:00:00,30.850313,0,0
2016-04-18 18:00:00,29.804289,0,0
2016-04-18 19:00:00,28.75206,0,0
2016-04-18 20:00:00,28.087711,0,0
2016-04-18 21:00:00,27.676262,0,0
2016-04-18 22:00:00,27.37348,0,0
2016-04-18 23:00:00,27.04742,0,0
2016-04-19 00:00:00,26.809393,0,0
2016-04-19 01:00:00,26.611177,0,0
2016-04-19 02:00:00,26.648207,0,0
2016-04-19 03:00:00,26.549994,0,0
2016-04-19 04:00:00,26.456724,0,0
2016-04-19 05:00:00,26.253155,0,0
2016-04-19 06:00:00,26.166386,0,0
2016-04-19 07:00:00,26.356201,0,0
2016-04-19 08:00:00,27.188496,0,0
2016-04-19 09:00:00,28.560722,0,0
2016-04-19 10:00:00,29.671648,0,0
2016-04-19 11:00:00,30.487402,0,0
2016-04-19 12:00:00,31.331491,0,0
2016-04-19 13:00:00,31.389486,0,0
2016-04-19 14:00:00,30.526741,0,0
2016-04-19 15:00:00,30.556421,0,0
2016-04-19 16:00:00,29.480888,0,0
2016-04-19 17:00:00,28.28085,0,0
2016-04-19 18:00:00,27.962738,0,0
2016-04-19 19:00:00,27.233257,0,0
2016-04-19 20:00:00,26.810654,0,0
2016-04-19 21:00:00,26.586496,0,0
2016-04-19 22:00:00,26.490067,0,0
2016-04-19 23:00:00,26.419842,0,0
2016-04-20 00:00:00,26.29657,0,0
2016-04-20 01:00:00,26.184858,0,0
2016-04-20 02:00:00,26.18445,0,0
2016-04-20 03:00:00,26.027836,0,0
2016-04-20 04:00:00,25.898438,0,0
2016-04-20 05:00:00,25.707363,0,0
2016-04-20 06:00:00,25.666027,0,0
2016-04-20 07:00:00,25.912457,0,0
2016-04-20 08:00:00,26.908985,0,0
2016-04-20 09:00:00,28.162624,0,0
2016-04-20 10:00:00,29.286518,0,0
2016-04-20 11:00:00,29.987257,0,0
2016-04-20 12:00:00,30.967999,0,0
2016-04-20 13:00:00,31.702574,0,0
2016-04-20 14:00:00,31.468376,0,0
2016-04-20 15:00:00,30.293219,0,0
2016-04-20 16:00:00,28.450876,0,0
2016-04-20 17:00:00,28.22438,0,0
2016-04-20 18:00:00,27.872974,0,0
2016-04-20 19:00:00,27.404793,0,0
2016-04-20 20:00:00,27.116648,0,0
2016-04-20 21:00:00,26.82888,0,0
2016-04-20 22:00:00,26.677095,0,0
2016-04-20 23:00:00,26.567173,0,0
2016-04-21 00:00:00,26.314125,0,0
2016-04-21 01:00:00,26.212343,0,0
2016-04-21 02:00:00,26.250631,0,0
2016-04-21 03:00:00,26.052677,0,0
2016-04-21 04:00:00,25.811342,0,0
2016-04-21 05:00:00,25.778143,0,0
2016-04-21 06:00:00,25.723053,0,0
2016-04-21 07:00:00,26.004463,0,0
2016-04-21 08:00:00,27.008102,0,0
2016-04-21 09:00:00,28.371664,0,0
2016-04-21 10:00:00,29.6734,0,0
2016-04-21 11:00:00,30.482277,0,0
2016-04-21 12:00:00,30.748703,0,0
2016-04-21 13:00:00,31.094872,0,0
2016-04-21 14:00:00,31.052864,0,0
2016-04-21 15:00:00,30.95198,0,0
2016-04-21 16:00:00,30.745743,0,0
2016-04-21 17:00:00,30.098051,0,0
2016-04-21 18:00:00,29.102291,0,0
2016-04-21 19:00:00,28.185043,0,0
2016-04-21 20:00:00,27.585712,0,0
2016-04-21 21:00:00,27.21627,0,0
2016-04-21 22:00:00,26.983597,0,0
2016-04-21 23:00:00,26.757538,0,0
2016-04-22 00:00:00,26.45271,0,0
2016-04-22 01:00:00,26.169628,0,0
2016-04-22 02:00:00,26.348991,0,0
2016-04-22 03:00:00,26.254087,0,0
2016-04-22 04:00:00,26.132713,0,0
2016-04-22 05:00:00,25.96465,0,0
2016-04-22 06:00:00,25.931452,0,0
2016-04-22 07:00:00,26.259556,0,0
2016-04-22 08:00:00,27.429619,0,0
2016-04-22 09:00:00,28.846344,0,0
2016-04-22 10:00:00,30.299574,0,0
2016-04-22 11:00:00,31.129938,0,0
2016-04-22 12:00:00,31.525993,0,0
2016-04-22 13:00:00,31.613644,0,0
2016-04-22 14:00:00,29.687365,0,0
2016-04-22 15:00:00,29.97741,0,0
2016-04-22 16:00:00,29.950912,0,0
2016-04-22 17:00:00,29.346342,0,0
2016-04-22 18:00:00,28.475527,0,0
2016-04-22 19:00:00,27.759655,0,0
2016-04-22 20:00:00,27.273413,0,0
2016-04-22 21:00:00,26.932076,0,0
2016-04-22 22:00:00,26.829027,0,0
2016-04-22 23:00:00,26.589214,0,0
2016-04-23 00:00:00,26.394306,1,0
2016-04-23 01:00:00,26.226244,1,0
2016-04-23 02:00:00,26.142115,1,0
2016-04-23 03:00:00,26.017172,1,0
2016-04-23 04:00:00,25.908772,1,0
2016-04-23 05:00:00,25.799253,1,0
2016-04-23 06:00:00,25.724836,1,0
2016-04-23 07:00:00,25.924572,1,0
2016-04-23 08:00:00,26.614748,1,0
2016-04-23 09:00:00,27.606678,1,0
2016-04-23 10:00:00,28.49875,1,0
2016-04-23 11:00:00,29.151274,1,0
2016-04-23 12:00:00,29.817408,1,0
2016-04-23 13:00:00,30.30175,1,0
2016-04-23 14:00:00,29.873283,1,0
2016-04-23 15:00:00,30.18801,1,0
2016-04-23 16:00:00,29.949718,1,0
2016-04-23 17:00:00,29.38742,1,0
2016-04-23 18:00:00,28.26434,1,0
2016-04-23 19:00:00,27.703531,1,0
2016-04-23 20:00:00,27.302269,1,0
2016-04-23 21:00:00,26.87543,1,0
2016-04-23 22:00:00,26.376165,1,0
2016-04-23 23:00:00,25.451662,1,0
2016-04-24 00:00:00,25.04036,1,0
2016-04-24 01:00:00,24.950546,1,0
2016-04-24 02:00:00,25.05166,1,0
2016-04-24 03:00:00,24.948093,1,0
2016-04-24 04:00:00,24.743853,1,0
2016-04-24 05:00:00,24.69028,1,0
2016-04-24 06:00:00,24.806377,1,0
2016-04-24 07:00:00,24.850285,1,0
2016-04-24 08:00:00,25.223589,1,0
2016-04-24 09:00:00,26.491621,1,0
2016-04-24 10:00:00,27.385742,1,0
2016-04-24 11:00:00,28.518417,1,0
2016-04-24 12:00:00,29.18686,1,0
2016-04-24 13:00:00,29.425262,1,0
2016-04-24 14:00:00,28.064156,1,0
2016-04-24 15:00:00,26.848053,1,0
2016-04-24 16:00:00,26.350693,1,0
2016-04-24 17:00:00,25.952887,1,0
2016-04-24 18:00:00,25.64794,1,0
2016-04-24 19:00:00,25.516756,1,0
2016-04-24 20:00:00,25.491291,1,0
2016-04-24 21:00:00,25.46278,1,0
2016-04-24 22:00:00,25.43605,1,0
2016-04-24 23:00:00,25.36925,1,0
2016-04-25 00:00:00,25.340736,0,0
2016-04-25 01:00:00,25.225603,0,0
2016-04-25 02:00:00,25.104233,0,0
2016-04-25 03:00:00,24.999138,0,0
2016-04-25 04:00:00,24.919249,0,0
2016-04-25 05:00:00,24.77765,0,0
2016-04-25 06:00:00,24.695974,0,0
2016-04-25 07:00:00,25.1004,0,0
2016-04-25 08:00:00,25.831959,0,0
2016-04-25 09:00:00,27.068054,0,0
2016-04-25 10:00:00,28.078129,0,0
2016-04-25 11:00:00,29.128864,0,0
2016-04-25 12:00:00,29.499645,0,0
2016-04-25 13:00:00,28.629381,0,0
2016-04-25 14:00:00,29.989428,0,0
2016-04-25 15:00:00,29.904385,0,0
2016-04-25 16:00:00,28.110142,0,0
2016-04-25 17:00:00,27.925243,0,0
2016-04-25 18:00:00,27.720121,0,0
2016-04-25 19:00:00,27.461195,0,0
2016-04-25 20:00:00,27.171122,0,0
2016-04-25 21:00:00,26.917694,0,0
2016-04-25 22:00:00,26.621151,0,0
2016-04-25 23:00:00,26.351187,0,0
2016-04-26 00:00:00,26.166203,0,0
2016-04-26 01:00:00,25.966206,0,0
2016-04-26 02:00:00,25.89914,0,0
2016-04-26 03:00:00,25.662632,0,0
2016-04-26 04:00:00,25.562634,0,0
2016-04-26 05:00:00,25.520887,0,0
2016-04-26 06:00:00,25.53309,0,0
2016-04-26 07:00:00,25.536398,0,0
2016-04-26 08:00:00,26.11211,0,0
2016-04-26 09:00:00,26.935003,0,0
2016-04-26 10:00:00,28.102283,0,0
2016-04-26 11:00:00,29.091837,0,0
2016-04-26 12:00:00,29.833548,0,0
2016-04-26 13:00:00,30.225266,0,0
2016-04-26 14:00:00,29.205761,0,0
2016-04-26 15:00:00,27.578175,0,0
2016-04-26 16:00:00,26.82773,0,0
2016-04-26 17:00:00,27.03702,0,0
2016-04-26 18:00:00,26.735762,0,0
2016-04-26 19:00:00,26.590853,0,0
2016-04-26 20:00:00,26.204086,0,0
2016-04-26 21:00:00,25.877766,0,0
2016-04-26 22:00:00,25.717844,0,0
2016-04-26 23:00:00,25.551302,0,0
2016-04-27 00:00:00,25.491558,0,0
2016-04-27 01:00:00,25.388252,0,0
2016-04-27 02:00:00,25.26475,0,0
2016-04-27 03:00:00,24.813864,0,0
2016-04-27 04:00:00,24.687138,0,0
2016-04-27 05:00:00,24.770676,0,0
2016-04-27 06:00:00,24.785576,0,0
2016-04-27 07:00:00,24.94714,0,0
2016-04-27 08:00:00,25.794716,0,0
2016-04-27 09:00:00,26.797615,0,0
2016-04-27 10:00:00,27.794044,0,0
2016-04-27 11:00:00,28.731812,0,0
2016-04-27 12:00:00,29.277388,0,0
2016-04-27 13:00:00,28.317688,0,0
2016-04-27 14:00:00,28.061995,0,0
2016-04-27 15:00:00,28.105,0,0
2016-04-27 16:00:00,27.705378,0,0
2016-04-27 17:00:00,27.188477,0,0
2016-04-27 18:00:00,26.5871,0,0
2016-04-27 19:00:00,26.260256,0,0
2016-04-27 20:00:00,25.825012,0,0
2016-04-27 21:00:00,25.271849,0,0
2016-04-27 22:00:00,24.825487,0,0
2016-04-27 23:00:00,24.71568,0,0
2016-04-28 00:00:00,24.540737,0,0
2016-04-28 01:00:00,24.505611,0,0
2016-04-28 02:00:00,24.568512,0,0
2016-04-28 03:00:00,24.503494,0,0
2016-04-28 04:00:00,24.361895,0,0
2016-04-28 05:00:00,24.187098,0,0
2016-04-28 06:00:00,24.155018,0,0
2016-04-28 07:00:00,24.642046,0,0
2016-04-28 08:00:00,25.285053,0,0
2016-04-28 09:00:00,26.077534,0,0
2016-04-28 10:00:00,27.15002,0,0
2016-04-28 11:00:00,27.844551,0,0
2016-04-28 12:00:00,28.570726,0,0
2016-04-28 13:00:00,29.069431,0,0
2016-04-28 14:00:00,27.711859,0,0
2016-04-28 15:00:00,27.125044,0,0
2016-04-28 16:00:00,27.20333,0,0
2016-04-28 17:00:00,26.684628,0,0
2016-04-28 18:00:00,26.253738,0,0
2016-04-28 19:00:00,25.919281,0,0
2016-04-28 20:00:00,25.744337,0,0
2016-04-28 21:00:00,25.632627,0,0
2016-04-28 22:00:00,25.517874,0,0
2016-04-28 23:00:00,25.399546,0,0
2016-04-29 00:00:00,25.312895,0,0
2016-04-29 01:00:00,25.21111,0,0
2016-04-29 02:00:00,25.376766,0,0
2016-04-29 03:00:00,25.270153,0,0
2016-04-29 04:00:00,25.081861,0,0
2016-04-29 05:00:00,25.143425,0,0
2016-04-29 06:00:00,25.131714,0,0
2016-04-29 07:00:00,25.29647,0,0
2016-04-29 08:00:00,26.002708,0,0
2016-04-29 09:00:00,26.705639,0,0
2016-04-29 10:00:00,27.686935,0,0
2016-04-29 11:00:00,28.636675,0,0
2016-04-29 12:00:00,29.149906,0,0
2016-04-29 13:00:00,29.240128,0,0
2016-04-29 14:00:00,28.560402,0,0
2016-04-29 15:00:00,28.506569,0,0
2016-04-29 16:00:00,28.480698,0,0
2016-04-29 17:00:00,27.218658,0,0
2016-04-29 18:00:00,26.9984,0,0
2016-04-29 19:00:00,26.786953,0,0
2016-04-29 20:00:00,26.492046,0,0
2016-04-29 21:00:00,26.200708,0,0
2016-04-29 22:00:00,25.908848,0,0
2016-04-29 23:00:00,25.687098,0,0
2016-04-30 00:00:00,25.415203,1,0
2016-04-30 01:00:00,25.297287,1,0
2016-04-30 02:00:00,25.342232,1,0
2016-04-30 03:00:00,25.092636,1,0
2016-04-30 04:00:00,25.002823,1,0
2016-04-30 05:00:00,24.95877,1,0
2016-04-30 06:00:00,24.844015,1,0
2016-04-30 07:00:00,25.047733,1,0
2016-04-30 08:00:00,25.802855,1,0
2016-04-30 09:00:00,26.582628,1,0
2016-04-30 10:00:00,27.552216,1,0
2016-04-30 11:00:00,28.413662,1,0
2016-04-30 12:00:00,29.163254,1,0
2016-04-30 13:00:00,29.160585,1,0
2016-04-30 14:00:00,29.998734,1,0
2016-04-30 15:00:00,30.186876,1,0
2016-04-30 16:00:00,28.2049,1,0
2016-04-30 17:00:00,26.93713,1,0
2016-04-30 18:00:00,26.44717,1,0
2016-04-30 19:00:00,26.223606,1,0
2016-04-30 20:00:00,26.058325,1,0
2016-04-30 21:00:00,25.904757,1,0
2016-04-30 22:00:00,25.84483,1,0
2016-04-30 23:00:00,25.696617,1,0
2016-05-01 00:00:00,25.320297,1,1
2016-05-01 01:00:00,25.195354,1,1
2016-05-01 02:00:00,25.043306,1,1
2016-05-01 03:00:00,25.012012,1,1
2016-05-01 04:00:00,24.89354,1,1
2016-05-01 05:00:00,24.80618,1,1
2016-05-01 06:00:00,24.59488,1,1
2016-05-01 07:00:00,25.183643,1,1
2016-05-01 08:00:00,26.014828,1,1
2016-05-01 09:00:00,26.827652,1,1
2016-05-01 10:00:00,27.797092,1,1
2016-05-01 11:00:00,28.641998,1,1
2016-05-01 12:00:00,28.253294,1,1
2016-05-01 13:00:00,27.659317,1,1
2016-05-01 14:00:00,27.675644,1,1
2016-05-01 15:00:00,27.267162,1,1
2016-05-01 16:00:00,27.55528,1,1
2016-05-01 17:00:00,27.329338,1,1
2016-05-01 18:00:00,26.79614,1,1
2016-05-01 19:00:00,26.119822,1,1
2016-05-01 20:00:00,25.726698,1,1
2016-05-01 21:00:00,25.46142,1,1
2016-05-01 22:00:00,25.409374,1,1
2016-05-01 23:00:00,25.28926,1,1
2016-05-02 00:00:00,25.011158,0,1
2016-05-02 01:00:00,24.907848,0,1
2016-05-02 02:00:00,24.670818,0,1
2016-05-02 03:00:00,24.67398,0,1
2016-05-02 04:00:00,24.677143,0,1
2016-05-02 05:00:00,24.645325,0,1
2016-05-02 06:00:00,24.688446,0,1
2016-05-02 07:00:00,25.043276,0,1
2016-05-02 08:00:00,25.889477,0,1
2016-05-02 09:00:00,26.771294,0,1
2016-05-02 10:00:00,27.86468,0,1
2016-05-02 11:00:00,28.571411,0,1
2016-05-02 12:00:00,27.836569,0,1
2016-05-02 13:00:00,28.36444,0,1
2016-05-02 14:00:00,28.19006,0,1
2016-05-02 15:00:00,28.371737,0,1
2016-05-02 16:00:00,28.280775,0,1
2016-05-02 17:00:00,27.854832,0,1
2016-05-02 18:00:00,27.343647,0,1
2016-05-02 19:00:00,26.820347,0,1
2016-05-02 20:00:00,26.52503,0,1
2016-05-02 21:00:00,26.29778,0,1
2016-05-02 22:00:00,26.04395,0,1
2016-05-02 23:00:00,25.888855,0,1
2016-05-03 00:00:00,25.688854,0,0
2016-05-03 01:00:00,25.623573,0,0
2016-05-03 02:00:00,25.630453,0,0
2016-05-03 03:00:00,25.480453,0,0
2016-05-03 04:00:00,25.431974,0,0
2016-05-03 05:00:00,25.3003,0,0
2016-05-03 06:00:00,25.323313,0,0
2016-05-03 07:00:00,25.75458,0,0
2016-05-03 08:00:00,26.48142,0,0
2016-05-03 09:00:00,27.002724,0,0
2016-05-03 10:00:00,27.635332,0,0
2016-05-03 11:00:00,28.528862,0,0
2016-05-03 12:00:00,29.112614,0,0
2016-05-03 13:00:00,28.351566,0,0
2016-05-03 14:00:00,28.185684,0,0
2016-05-03 15:00:00,27.481607,0,0
2016-05-03 16:00:00,27.624506,0,0
2016-05-03 17:00:00,27.126621,0,0
2016-05-03 18:00:00,26.519627,0,0
2016-05-03 19:00:00,26.181337,0,0
2016-05-03 20:00:00,26.053349,0,0
2016-05-03 21:00:00,25.885284,0,0
2016-05-03 22:00:00,25.773836,0,0
2016-05-03 23:00:00,25.677145,0,0
2016-05-04 00:00:00,25.55551,0,0
2016-05-04 01:00:00,25.387184,0,0
2016-05-04 02:00:00,25.52852,0,0
2016-05-04 03:00:00,25.320267,0,0
2016-05-04 04:00:00,25.261864,0,0
2016-05-04 05:00:00,25.10387,0,0
2016-05-04 06:00:00,25.203465,0,0
2016-05-04 07:00:00,25.469858,0,0
2016-05-04 08:00:00,26.388807,0,0
2016-05-04 09:00:00,27.24876,0,0
2016-05-04 10:00:00,28.160618,0,0
2016-05-04 11:00:00,28.874111,0,0
2016-05-04 12:00:00,29.164595,0,0
2016-05-04 13:00:00,28.845678,0,0
2016-05-04 14:00:00,28.199955,0,0
2016-05-04 15:00:00,28.672558,0,0
2016-05-04 16:00:00,28.569775,0,0
2016-05-04 17:00:00,28.288183,0,0
2016-05-04 18:00:00,27.875097,0,0
2016-05-04 19:00:00,27.446732,0,0
2016-05-04 20:00:00,26.963127,0,0
2016-05-04 21:00:00,26.372196,0,0
2016-05-04 22:00:00,26.323313,0,0
2016-05-04 23:00:00,26.31986,0,0
2016-05-05 00:00:00,26.088446,0,0
2016-05-05 01:00:00,25.97469,0,0
2016-05-05 02:00:00,26.197962,0,0
2016-05-05 03:00:00,25.768742,0,0
2016-05-05 04:00:00,25.20785,0,0
2016-05-05 05:00:00,25.345993,0,0
2016-05-05 06:00:00,25.420528,0,0
2016-05-05 07:00:00,26.02826,0,0
2016-05-05 08:00:00,27.184237,0,0
2016-05-05 09:00:00,28.198992,0,0
2016-05-05 10:00:00,29.027882,0,0
2016-05-05 11:00:00,29.621267,0,0
2016-05-05 12:00:00,29.92993,0,0
2016-05-05 13:00:00,30.168926,0,0
2016-05-05 14:00:00,28.674421,0,0
2016-05-05 15:00:00,28.052147,0,0
2016-05-05 16:00:00,28.573343,0,0
2016-05-05 17:00:00,28.563534,0,0
2016-05-05 18:00:00,28.051825,0,0
2016-05-05 19:00:00,27.75004,0,0
2016-05-05 20:00:00,27.248257,0,0
2016-05-05 21:00:00,26.846468,0,0
2016-05-05 22:00:00,26.438068,0,0
2016-05-05 23:00:00,26.066435,0,0
2016-05-06 00:00:00,25.728146,0,0
2016-05-06 01:00:00,25.5429,0,0
2016-05-06 02:00:00,25.934237,0,0
2016-05-06 03:00:00,25.469742,0,0
2016-05-06 04:00:00,24.963682,0,0
2016-05-06 05:00:00,25.100449,0,0
2016-05-06 06:00:00,25.105803,0,0
2016-05-06 07:00:00,25.491047,0,0
2016-05-06 08:00:00,26.385199,0,0
2016-05-06 09:00:00,27.368137,0,0
2016-05-06 10:00:00,28.447237,0,0
2016-05-06 11:00:00,29.446308,0,0
2016-05-06 12:00:00,29.674332,0,0
2016-05-06 13:00:00,29.19749,0,0
2016-05-06 14:00:00,29.71858,0,0
2016-05-06 15:00:00,29.374428,0,0
2016-05-06 16:00:00,28.278145,0,0
2016-05-06 17:00:00,27.297878,0,0
2016-05-06 18:00:00,26.71594,0,0
2016-05-06 19:00:00,26.41825,0,0
2016-05-06 20:00:00,26.343046,0,0
2016-05-06 21:00:00,26.201971,0,0
2016-05-06 22:00:00,25.98743,0,0
2016-05-06 23:00:00,25.990446,0,0
2016-05-07 00:00:00,25.487806,1,0
2016-05-07 01:00:00,25.204348,1,0
2016-05-07 02:00:00,25.006016,1,0
2016-05-07 03:00:00,25.112225,1,0
2016-05-07 04:00:00,24.961634,1,0
2016-05-07 05:00:00,24.931482,1,0
2016-05-07 06:00:00,24.93409,1,0
2016-05-07 07:00:00,25.197586,1,0
2016-05-07 08:00:00,25.943897,1,0
2016-05-07 09:00:00,27.024643,1,0
2016-05-07 10:00:00,27.538136,1,0
2016-05-07 11:00:00,28.900291,1,0
2016-05-07 12:00:00,29.340288,1,0
2016-05-07 13:00:00,29.464378,1,0
2016-05-07 14:00:00,28.109686,1,0
2016-05-07 15:00:00,27.564041,1,0
2016-05-07 16:00:00,27.299778,1,0
2016-05-07 17:00:00,26.71108,1,0
2016-05-07 18:00:00,26.068695,1,0
2016-05-07 19:00:00,25.455755,1,0
2016-05-07 20:00:00,25.220888,1,0
2016-05-07 21:00:00,25.104347,1,0
2016-05-07 22:00:00,25.022934,1,0
2016-05-07 23:00:00,24.92803,1,0
2016-05-08 00:00:00,24.891853,1,0
2016-05-08 01:00:00,24.780142,1,0
2016-05-08 02:00:00,24.78866,1,0
2016-05-08 03:00:00,24.828289,1,0
2016-05-08 04:00:00,24.722004,1,0
2016-05-08 05:00:00,24.657248,1,0
2016-05-08 06:00:00,24.640638,1,0
2016-05-08 07:00:00,24.820412,1,0
2016-05-08 08:00:00,25.267202,1,0
2016-05-08 09:00:00,25.849682,1,0
2016-05-08 10:00:00,26.9618,1,0
2016-05-08 11:00:00,27.613798,1,0
2016-05-08 12:00:00,28.053497,1,0
2016-05-08 13:00:00,28.406397,1,0
2016-05-08 14:00:00,28.404806,1,0
2016-05-08 15:00:00,26.812841,1,0
2016-05-08 16:00:00,26.56258,1,0
2016-05-08 17:00:00,26.467525,1,0
2016-05-08 18:00:00,26.241322,1,0
2016-05-08 19:00:00,25.921997,1,0
2016-05-08 20:00:00,25.685867,1,0
2016-05-08 21:00:00,25.57085,1,0
2016-05-08 22:00:00,25.544271,1,0
2016-05-08 23:00:00,25.5397,1,0
2016-05-09 00:00:00,25.418705,0,0
2016-05-09 01:00:00,25.363989,0,0
2016-05-09 02:00:00,25.885593,0,0
2016-05-09 03:00:00,25.86039,0,0
2016-05-09 04:00:00,25.748419,0,0
2016-05-09 05:00:00,25.600203,0,0
2016-05-09 06:00:00,25.515484,0,0
2016-05-09 07:00:00,25.667006,0,0
2016-05-09 08:00:00,26.61915,0,0
2016-05-09 09:00:00,27.621296,0,0
2016-05-09 10:00:00,28.295305,0,0
2016-05-09 11:00:00,28.188082,0,0
2016-05-09 12:00:00,28.985365,0,0
2016-05-09 13:00:00,29.54488,0,0
2016-05-09 14:00:00,29.801468,0,0
2016-05-09 15:00:00,29.363962,0,0
2016-05-09 16:00:00,28.793,0,0
2016-05-09 17:00:00,28.248613,0,0
2016-05-09 18:00:00,27.649256,0,0
2016-05-09 19:00:00,27.13286,0,0
2016-05-09 20:00:00,26.72156,0,0
2016-05-09 21:00:00,26.36535,0,0
2016-05-09 22:00:00,26.140669,0,0
2016-05-09 23:00:00,25.872868,0,0
2016-05-10 00:00:00,25.722198,0,0
2016-05-10 01:00:00,25.469004,0,0
2016-05-10 02:00:00,25.725475,0,0
2016-05-10 03:00:00,25.68414,0,0
2016-05-10 04:00:00,25.509342,0,0
2016-05-10 05:00:00,25.27343,0,0
2016-05-10 06:00:00,24.952795,0,0
2016-05-10 07:00:00,25.092607,0,0
2016-05-10 08:00:00,25.748615,0,0
2016-05-10 09:00:00,26.811325,0,0
2016-05-10 10:00:00,27.855446,0,0
2016-05-10 11:00:00,28.687857,0,0
2016-05-10 12:00:00,29.567076,0,0
2016-05-10 13:00:00,27.515575,0,0
2016-05-10 14:00:00,27.80669,0,0
2016-05-10 15:00:00,27.925655,0,0
2016-05-10 16:00:00,28.002613,0,0
2016-05-10 17:00:00,27.754774,0,0
2016-05-10 18:00:00,27.172363,0,0
2016-05-10 19:00:00,26.55014,0,0
2016-05-10 20:00:00,26.114157,0,0
2016-05-10 21:00:00,25.904757,0,0
2016-05-10 22:00:00,25.825243,0,0
2016-05-10 23:00:00,25.74904,0,0
2016-05-11 00:00:00,25.55194,0,0
2016-05-11 01:00:00,25.334877,0,0
2016-05-11 02:00:00,25.177261,0,0
2016-05-11 03:00:00,25.057032,0,0
2016-05-11 04:00:00,24.627289,0,0
2016-05-11 05:00:00,24.64023,0,0
2016-05-11 06:00:00,24.535398,0,0
2016-05-11 07:00:00,24.881828,0,0
2016-05-11 08:00:00,25.813894,0,0
2016-05-11 09:00:00,27.106346,0,0
2016-05-11 10:00:00,28.019056,0,0
2016-05-11 11:00:00,28.675148,0,0
2016-05-11 12:00:00,29.454775,0,0
2016-05-11 13:00:00,29.867863,0,0
2016-05-11 14:00:00,28.664663,0,0
2016-05-11 15:00:00,27.807453,0,0
2016-05-11 16:00:00,27.80921,0,0
2016-05-11 17:00:00,26.951363,0,0
2016-05-11 18:00:00,26.83058,0,0
2016-05-11 19:00:00,26.52739,0,0
2016-05-11 20:00:00,26.312634,0,0
2016-05-11 21:00:00,26.065796,0,0
2016-05-11 22:00:00,25.887808,0,0
2016-05-11 23:00:00,25.654871,0,0
2016-05-12 00:00:00,25.493046,0,0
2016-05-12 01:00:00,25.302824,0,0
2016-05-12 02:00:00,25.66688,0,0
2016-05-12 03:00:00,25.415096,0,0
2016-05-12 04:00:00,25.02528,0,0
2016-05-12 05:00:00,24.947254,0,0
2016-05-12 06:00:00,24.987476,0,0
2016-05-12 07:00:00,25.217365,0,0
2016-05-12 08:00:00,26.247616,0,0
2016-05-12 09:00:00,27.325342,0,0
2016-05-12 10:00:00,28.455969,0,0
2016-05-12 11:00:00,29.593327,0,0
2016-05-12 12:00:00,30.287565,0,0
2016-05-12 13:00:00,30.785635,0,0
2016-05-12 14:00:00,30.618948,0,0
2016-05-12 15:00:00,30.262709,0,0
2016-05-12 16:00:00,29.871748,0,0
2016-05-12 17:00:00,28.435236,0,0
2016-05-12 18:00:00,28.024788,0,0
2016-05-12 19:00:00,27.547798,0,0
2016-05-12 20:00:00,27.1449,0,0
2016-05-12 21:00:00,26.923935,0,0
2016-05-12 22:00:00,26.7939,0,0
2016-05-12 23:00:00,26.730145,0,0
2016-05-13 00:00:00,26.657984,0,0
2016-05-13 01:00:00,26.553415,0,0
2016-05-13 02:00:00,26.720972,0,0
2016-05-13 03:00:00,26.61179,0,0
2016-05-13 04:00:00,26.465355,0,0
2016-05-13 05:00:00,26.346178,0,0
2016-05-13 06:00:00,26.359934,0,0
2016-05-13 07:00:00,26.337662,0,0
2016-05-13 08:00:00,26.764488,0,0
2016-05-13 09:00:00,27.683142,0,0
2016-05-13 10:00:00,28.884403,0,0
2016-05-13 11:00:00,29.580568,0,0
2016-05-13 12:00:00,30.227264,0,0
2016-05-13 13:00:00,30.630571,0,0
2016-05-13 14:00:00,29.916584,0,0
2016-05-13 15:00:00,30.0167,0,0
2016-05-13 16:00:00,29.87864,0,0
2016-05-13 17:00:00,29.476116,0,0
2016-05-13 18:00:00,28.86534,0,0
2016-05-13 19:00:00,28.234451,0,0
2016-05-13 20:00:00,27.823263,0,0
2016-05-13 21:00:00,27.506723,0,0
2016-05-13 22:00:00,27.368956,0,0
2016-05-13 23:00:00,27.180927,0,0
2016-05-14 00:00:00,27.121006,1,0
2016-05-14 01:00:00,27.060148,1,0
2016-05-14 02:00:00,26.886469,1,0
2016-05-14 03:00:00,26.711262,1,0
2016-05-14 04:00:00,26.436468,1,0
2016-05-14 05:00:00,26.182045,1,0
2016-05-14 06:00:00,26.10353,1,0
2016-05-14 07:00:00,26.270256,1,0
2016-05-14 08:00:00,26.754562,1,0
2016-05-14 09:00:00,27.847422,1,0
2016-05-14 10:00:00,28.56534,1,0
2016-05-14 11:00:00,29.03314,1,0
2016-05-14 12:00:00,28.193573,1,0
2016-05-14 13:00:00,28.415352,1,0
2016-05-14 14:00:00,28.711277,1,0
2016-05-14 15:00:00,28.983665,1,0
2016-05-14 16:00:00,28.957577,1,0
2016-05-14 17:00:00,28.649061,1,0
2016-05-14 18:00:00,27.599876,1,0
2016-05-14 19:00:00,27.297092,1,0
2016-05-14 20:00:00,27.019693,1,0
2016-05-14 21:00:00,26.900106,1,0
2016-05-14 22:00:00,26.673788,1,0
2016-05-14 23:00:00,26.524576,1,0
2016-05-15 00:00:00,26.381716,1,0
2016-05-15 01:00:00,26.345205,1,0
2016-05-15 02:00:00,26.57469,1,0
2016-05-15 03:00:00,26.348963,1,0
2016-05-15 04:00:00,26.085205,1,0
2016-05-15 05:00:00,25.782898,1,0
2016-05-15 06:00:00,25.750845,1,0
2016-05-15 07:00:00,25.849255,1,0
2016-05-15 08:00:00,26.493784,1,0
2016-05-15 09:00:00,27.530027,1,0
2016-05-15 10:00:00,28.434074,1,0
2016-05-15 11:00:00,29.118793,1,0
2016-05-15 12:00:00,29.80489,1,0
2016-05-15 13:00:00,28.58618,1,0
2016-05-15 14:00:00,28.576918,1,0
2016-05-15 15:00:00,28.611423,1,0
2016-05-15 16:00:00,28.45887,1,0
2016-05-15 17:00:00,28.234188,1,0
2016-05-15 18:00:00,27.86296,1,0
2016-05-15 19:00:00,27.411701,1,0
2016-05-15 20:00:00,27.125195,1,0
2016-05-15 21:00:00,26.848877,1,0
2016-05-15 22:00:00,26.645716,1,0
2016-05-15 23:00:00,26.562517,1,0
2016-05-16 00:00:00,26.464943,0,0
2016-05-16 01:00:00,26.379812,0,0
2016-05-16 02:00:00,26.182007,0,0
2016-05-16 03:00:00,26.07346,0,0
2016-05-16 04:00:00,26.065649,0,0
2016-05-16 05:00:00,25.839136,0,0
2016-05-16 06:00:00,25.67762,0,0
2016-05-16 07:00:00,25.781076,0,0
2016-05-16 08:00:00,26.437311,0,0
2016-05-16 09:00:00,27.296713,0,0
2016-05-16 10:00:00,27.956114,0,0
2016-05-16 11:00:00,28.98905,0,0
2016-05-16 12:00:00,29.75173,0,0
2016-05-16 13:00:00,30.238087,0,0
2016-05-16 14:00:00,29.061245,0,0
2016-05-16 15:00:00,28.99649,0,0
2016-05-16 16:00:00,28.750553,0,0
2016-05-16 17:00:00,28.51914,0,0
2016-05-16 18:00:00,28.028212,0,0
2016-05-16 19:00:00,27.533974,0,0
2016-05-16 20:00:00,27.11658,0,0
2016-05-16 21:00:00,26.983383,0,0
2016-05-16 22:00:00,26.820414,0,0
2016-05-16 23:00:00,26.647255,0,0
2016-05-17 00:00:00,26.419415,0,0
2016-05-17 01:00:00,26.377438,0,0
2016-05-17 02:00:00,26.008966,0,0
2016-05-17 03:00:00,25.983908,0,0
2016-05-17 04:00:00,25.939592,0,0
2016-05-17 05:00:00,25.85751,0,0
2016-05-17 06:00:00,25.711933,0,0
2016-05-17 07:00:00,25.679066,0,0
2016-05-17 08:00:00,25.841805,0,0
2016-05-17 09:00:00,26.332058,0,0
2016-05-17 10:00:00,27.511015,0,0
2016-05-17 11:00:00,28.656038,0,0
2016-05-17 12:00:00,29.417456,0,0
2016-05-17 13:00:00,29.563261,0,0
2016-05-17 14:00:00,29.5084,0,0
2016-05-17 15:00:00,28.210556,0,0
2016-05-17 16:00:00,27.574932,0,0
2016-05-17 17:00:00,27.679766,0,0
2016-05-17 18:00:00,27.430027,0,0
2016-05-17 19:00:00,27.13029,0,0
2016-05-17 20:00:00,26.854233,0,0
2016-05-17 21:00:00,26.62639,0,0
2016-05-17 22:00:00,26.561895,0,0
2016-05-17 23:00:00,26.437098,0,0
2016-05-18 00:00:00,26.32896,0,0
2016-05-18 01:00:00,26.267513,0,0
2016-05-18 02:00:00,26.429405,0,0
2016-05-18 03:00:00,26.465912,0,0
2016-05-18 04:00:00,26.187807,0,0
2016-05-18 05:00:00,26.011225,0,0
2016-05-18 06:00:00,25.954609,0,0
2016-05-18 07:00:00,26.057919,0,0
2016-05-18 08:00:00,26.38705,0,0
2016-05-18 09:00:00,27.148499,0,0
2016-05-18 10:00:00,27.51738,0,0
2016-05-18 11:00:00,28.248938,0,0
2016-05-18 12:00:00,28.955147,0,0
2016-05-18 13:00:00,29.408869,0,0
2016-05-18 14:00:00,27.264332,0,0
2016-05-18 15:00:00,27.76594,0,0
2016-05-18 16:00:00,27.81568,0,0
2016-05-18 17:00:00,27.850399,0,0
2016-05-18 18:00:00,27.431074,0,0
2016-05-18 19:00:00,27.219744,0,0
2016-05-18 20:00:00,26.786694,0,0
2016-05-18 21:00:00,26.659847,0,0
2016-05-18 22:00:00,26.46011,0,0
2016-05-18 23:00:00,26.31532,0,0
2016-05-19 00:00:00,26.21175,0,0
2016-05-19 01:00:00,26.101448,0,0
2016-05-19 02:00:00,25.978176,0,0
2016-05-19 03:00:00,25.88833,0,0
2016-05-19 04:00:00,25.833498,0,0
2016-05-19 05:00:00,25.863651,0,0
2016-05-19 06:00:00,25.761866,0,0
2016-05-19 07:00:00,25.951677,0,0
2016-05-19 08:00:00,26.72241,0,0
2016-05-19 09:00:00,27.733782,0,0
2016-05-19 10:00:00,27.764107,0,0
2016-05-19 11:00:00,28.58586,0,0
2016-05-19 12:00:00,29.150993,0,0
2016-05-19 13:00:00,29.800814,0,0
2016-05-19 14:00:00,28.891212,0,0
2016-05-19 15:00:00,28.746044,0,0
2016-05-19 16:00:00,28.831781,0,0
2016-05-19 17:00:00,28.528473,0,0
2016-05-19 18:00:00,27.742113,0,0
2016-05-19 19:00:00,27.34747,0,0
2016-05-19 20:00:00,26.956131,0,0
2016-05-19 21:00:00,26.707802,0,0
2016-05-19 22:00:00,26.517988,0,0
2016-05-19 23:00:00,26.417986,0,0
2016-05-20 00:00:00,26.271297,0,0
2016-05-20 01:00:00,26.144045,0,0
2016-05-20 02:00:00,26.367287,0,0
2016-05-20 03:00:00,26.051563,0,0
2016-05-20 04:00:00,25.8458,0,0
2016-05-20 05:00:00,25.782307,0,0
2016-05-20 06:00:00,25.432713,0,0
2016-05-20 07:00:00,25.425983,0,0
2016-05-20 08:00:00,26.28646,0,0
2016-05-20 09:00:00,27.249287,0,0
2016-05-20 10:00:00,28.418726,0,0
2016-05-20 11:00:00,29.176722,0,0
2016-05-20 12:00:00,29.921072,0,0
2016-05-20 13:00:00,30.241037,0,0
2016-05-20 14:00:00,28.768581,0,0
2016-05-20 15:00:00,28.223003,0,0
2016-05-20 16:00:00,28.338398,0,0
2016-05-20 17:00:00,28.43483,0,0
2016-05-20 18:00:00,28.13178,0,0
2016-05-20 19:00:00,27.668694,0,0
2016-05-20 20:00:00,27.307655,0,0
2016-05-20 21:00:00,27.001448,0,0
2016-05-20 22:00:00,26.816727,0,0
2016-05-20 23:00:00,26.720295,0,0
2016-05-21 00:00:00,26.56699,1,0
2016-05-21 01:00:00,26.350039,1,0
2016-05-21 02:00:00,26.125214,1,0
2016-05-21 03:00:00,25.295618,1,0
2016-05-21 04:00:00,25.033646,1,0
2016-05-21 05:00:00,25.113682,1,0
2016-05-21 06:00:00,25.134693,1,0
2016-05-21 07:00:00,25.559635,1,0
2016-05-21 08:00:00,26.576422,1,0
2016-05-21 09:00:00,27.53936,1,0
2016-05-21 10:00:00,28.766533,1,0
2016-05-21 11:00:00,29.630882,1,0
2016-05-21 12:00:00,30.500322,1,0
2016-05-21 13:00:00,29.180273,1,0
2016-05-21 14:00:00,28.650908,1,0
2016-05-21 15:00:00,28.78091,1,0
2016-05-21 16:00:00,28.510443,1,0
2016-05-21 17:00:00,28.372265,1,0
2016-05-21 18:00:00,28.010672,1,0
2016-05-21 19:00:00,27.600632,1,0
2016-05-21 20:00:00,27.162748,1,0
2016-05-21 21:00:00,26.864796,1,0
2016-05-21 22:00:00,26.676767,1,0
2016-05-21 23:00:00,26.571936,1,0
2016-05-22 00:00:00,26.400566,1,0
2016-05-22 01:00:00,26.238853,1,0
2016-05-22 02:00:00,26.491493,1,0
2016-05-22 03:00:00,26.298225,1,0
2016-05-22 04:00:00,25.987808,1,0
2016-05-22 05:00:00,25.954609,1,0
2016-05-22 06:00:00,25.788855,1,0
2016-05-22 07:00:00,26.017483,1,0
2016-05-22 08:00:00,26.954494,1,0
2016-05-22 09:00:00,27.824524,1,0
2016-05-22 10:00:00,28.874857,1,0
2016-05-22 11:00:00,29.740728,1,0
2016-05-22 12:00:00,28.906183,1,0
2016-05-22 13:00:00,28.007553,1,0
2016-05-22 14:00:00,28.639412,1,0
2016-05-22 15:00:00,29.10042,1,0
2016-05-22 16:00:00,29.132849,1,0
2016-05-22 17:00:00,27.839281,1,0
2016-05-22 18:00:00,27.158772,1,0
2016-05-22 19:00:00,26.764648,1,0
2016-05-22 20:00:00,26.585545,1,0
2016-05-22 21:00:00,26.53707,1,0
2016-05-22 22:00:00,26.462126,1,0
2016-05-22 23:00:00,26.395586,1,0
2016-05-23 00:00:00,26.345205,0,0
2016-05-23 01:00:00,26.256918,0,0
2016-05-23 02:00:00,26.314766,0,0
2016-05-23 03:00:00,26.266811,0,0
2016-05-23 04:00:00,26.134731,0,0
2016-05-23 05:00:00,25.58666,0,0
2016-05-23 06:00:00,25.240446,0,0
2016-05-23 07:00:00,25.359034,0,0
2016-05-23 08:00:00,26.220018,0,0
2016-05-23 09:00:00,27.181812,0,0
2016-05-23 10:00:00,28.42936,0,0
2016-05-23 11:00:00,29.263817,0,0
2016-05-23 12:00:00,30.018126,0,0
2016-05-23 13:00:00,29.946896,0,0
2016-05-23 14:00:00,29.828426,0,0
2016-05-23 15:00:00,28.516825,0,0
2016-05-23 16:00:00,28.415564,0,0
2016-05-23 17:00:00,28.21568,0,0
2016-05-23 18:00:00,27.998877,0,0
2016-05-23 19:00:00,27.60423,0,0
2016-05-23 20:00:00,27.251446,0,0
2016-05-23 21:00:00,27.025127,0,0
2016-05-23 22:00:00,26.903755,0,0
2016-05-23 23:00:00,26.703754,0,0
2016-05-24 00:00:00,26.598665,0,0
2016-05-24 01:00:00,26.443832,0,0
2016-05-24 02:00:00,26.359558,0,0
2016-05-24 03:00:00,26.219746,0,0
2016-05-24 04:00:00,26.048517,0,0
2016-05-24 05:00:00,25.972197,0,0
2016-05-24 06:00:00,25.950039,0,0
2016-05-24 07:00:00,26.262604,0,0
2016-05-24 08:00:00,26.701584,0,0
2016-05-24 09:00:00,27.463293,0,0
2016-05-24 10:00:00,28.29192,0,0
2016-05-24 11:00:00,28.907284,0,0
2016-05-24 12:00:00,29.640076,0,0
2016-05-24 13:00:00,30.040073,0,0
2016-05-24 14:00:00,29.324003,0,0
2016-05-24 15:00:00,27.76317,0,0
2016-05-24 16:00:00,27.8002,0,0
2016-05-24 17:00:00,27.783773,0,0
2016-05-24 18:00:00,27.63389,0,0
2016-05-24 19:00:00,27.29776,0,0
2016-05-24 20:00:00,26.992931,0,0
2016-05-24 21:00:00,26.854904,0,0
2016-05-24 22:00:00,26.716873,0,0
2016-05-24 23:00:00,26.693338,0,0
2016-05-25 00:00:00,26.5371,0,0
2016-05-25 01:00:00,26.386951,0,0
2016-05-25 02:00:00,26.143686,0,0
2016-05-25 03:00:00,26.111012,0,0
2016-05-25 04:00:00,26.162128,0,0
2016-05-25 05:00:00,25.934284,0,0
2016-05-25 06:00:00,25.861643,0,0
2016-05-25 07:00:00,25.854053,0,0
2016-05-25 08:00:00,26.547615,0,0
2016-05-25 09:00:00,26.743143,0,0
2016-05-25 10:00:00,27.190575,0,0
2016-05-25 11:00:00,27.470085,0,0
2016-05-25 12:00:00,27.662945,0,0
2016-05-25 13:00:00,27.721725,0,0
2016-05-25 14:00:00,27.266186,0,0
2016-05-25 15:00:00,27.570017,0,0
2016-05-25 16:00:00,27.201168,0,0
2016-05-25 17:00:00,26.66604,0,0
2016-05-25 18:00:00,26.383368,0,0
2016-05-25 19:00:00,26.079206,0,0
2016-05-25 20:00:00,26.045008,0,0
2016-05-25 21:00:00,26.01728,0,0
2016-05-25 22:00:00,26.017544,0,0
2016-05-25 23:00:00,25.664495,0,0
2016-05-26 00:00:00,25.347025,0,0
2016-05-26 01:00:00,25.279552,0,0
2016-05-26 02:00:00,25.536022,0,0
2016-05-26 03:00:00,25.52829,0,0
2016-05-26 04:00:00,25.26011,0,0
2016-05-26 05:00:00,24.862633,0,0
2016-05-26 06:00:00,24.848877,0,0
2016-05-26 07:00:00,24.93222,0,0
2016-05-26 08:00:00,25.507309,0,0
2016-05-26 09:00:00,26.163925,0,0
2016-05-26 10:00:00,27.024967,0,0
2016-05-26 11:00:00,27.084774,0,0
2016-05-26 12:00:00,26.193438,0,0
2016-05-26 13:00:00,26.534512,0,0
2016-05-26 14:00:00,27.657133,0,0
2016-05-26 15:00:00,27.418987,0,0
2016-05-26 16:00:00,27.762108,0,0
2016-05-26 17:00:00,27.9033,0,0
2016-05-26 18:00:00,27.663195,0,0
2016-05-26 19:00:00,27.044752,0,0
2016-05-26 20:00:00,25.800663,0,0
2016-05-26 21:00:00,25.221558,0,0
2016-05-26 22:00:00,25.222935,0,0
2016-05-26 23:00:00,25.110294,0,0
2016-05-27 00:00:00,25.180075,0,0
2016-05-27 01:00:00,25.192522,0,0
2016-05-27 02:00:00,25.052269,0,0
2016-05-27 03:00:00,24.612602,0,0
2016-05-27 04:00:00,24.582712,0,0
2016-05-27 05:00:00,24.75718,0,0
2016-05-27 06:00:00,24.910002,0,0
2016-05-27 07:00:00,25.048176,0,0
2016-05-27 08:00:00,25.747946,0,0
2016-05-27 09:00:00,26.416012,0,0
2016-05-27 10:00:00,27.409275,0,0
2016-05-27 11:00:00,28.261208,0,0
2016-05-27 12:00:00,28.78615,0,0
2016-05-27 13:00:00,28.720919,0,0
2016-05-27 14:00:00,27.223965,0,0
2016-05-27 15:00:00,26.629728,0,0
2016-05-27 16:00:00,26.3426,0,0
2016-05-27 17:00:00,26.606802,0,0
2016-05-27 18:00:00,26.361633,0,0
2016-05-27 19:00:00,26.213419,0,0
2016-05-27 20:00:00,25.902527,0,0
2016-05-27 21:00:00,26.008848,0,0
2016-05-27 22:00:00,25.323868,0,0
2016-05-27 23:00:00,25.433123,0,0
2016-05-28 00:00:00,25.169888,1,0
2016-05-28 01:00:00,25.21175,1,0
2016-05-28 02:00:00,25.071674,1,0
2016-05-28 03:00:00,24.933384,1,0
2016-05-28 04:00:00,24.986546,1,0
2016-05-28 05:00:00,24.646877,1,0
2016-05-28 06:00:00,24.618103,1,0
2016-05-28 07:00:00,25.467958,1,0
2016-05-28 08:00:00,26.495686,1,0
2016-05-28 09:00:00,27.193897,1,0
2016-05-28 10:00:00,28.088543,1,0
2016-05-28 11:00:00,28.765272,1,0
2016-05-28 12:00:00,28.964535,1,0
2016-05-28 13:00:00,28.850332,1,0
2016-05-28 14:00:00,27.536839,1,0
2016-05-28 15:00:00,27.568316,1,0
2016-05-28 16:00:00,27.123556,1,0
2016-05-28 17:00:00,26.471035,1,0
2016-05-28 18:00:00,25.76925,1,0
2016-05-28 19:00:00,25.580696,1,0
2016-05-28 20:00:00,25.61111,1,0
2016-05-28 21:00:00,25.454756,1,0
2016-05-28 22:00:00,25.386692,1,0
2016-05-28 23:00:00,25.243687,1,0
2016-05-29 00:00:00,25.208559,1,0
2016-05-29 01:00:00,24.737476,1,0
2016-05-29 02:00:00,24.710516,1,0
2016-05-29 03:00:00,24.717628,1,0
2016-05-29 04:00:00,24.784283,1,0
2016-05-29 05:00:00,24.406588,1,0
2016-05-29 06:00:00,24.288147,1,0
2016-05-29 07:00:00,25.234024,1,0
2016-05-29 08:00:00,25.898024,1,0
2016-05-29 09:00:00,26.862518,1,0
2016-05-29 10:00:00,27.825226,1,0
2016-05-29 11:00:00,28.527225,1,0
2016-05-29 12:00:00,29.210016,1,0
2016-05-29 13:00:00,28.715847,1,0
2016-05-29 14:00:00,26.616333,1,0
2016-05-29 15:00:00,26.67775,1,0
2016-05-29 16:00:00,26.647501,1,0
2016-05-29 17:00:00,26.558327,1,0
2016-05-29 18:00:00,26.438591,1,0
2016-05-29 19:00:00,26.27179,1,0
2016-05-29 20:00:00,25.936808,1,0
2016-05-29 21:00:00,25.873314,1,0
2016-05-29 22:00:00,25.6335,1,0
2016-05-29 23:00:00,25.649893,1,0
2016-05-30 00:00:00,25.524689,0,0
2016-05-30 01:00:00,24.878813,0,0
2016-05-30 02:00:00,25.106686,0,0
2016-05-30 03:00:00,25.188097,0,0
2016-05-30 04:00:00,25.22179,0,0
2016-05-30 05:00:00,24.947254,0,0
2016-05-30 06:00:00,24.765842,0,0
2016-05-30 07:00:00,25.541492,0,0
2016-05-30 08:00:00,26.164272,0,0
2016-05-30 09:00:00,27.176834,0,0
2016-05-30 10:00:00,27.93152,0,0
2016-05-30 11:00:00,28.311815,0,0
2016-05-30 12:00:00,28.573526,0,0
2016-05-30 13:00:00,28.807579,0,0
2016-05-30 14:00:00,27.439245,0,0
2016-05-30 15:00:00,27.302378,0,0
2016-05-30 16:00:00,27.220411,0,0
2016-05-30 17:00:00,26.595093,0,0
2016-05-30 18:00:00,26.82926,0,0
2016-05-30 19:00:00,25.95885,0,0
2016-05-30 20:00:00,25.722082,0,0
2016-05-30 21:00:00,25.050661,0,0
2016-05-30 22:00:00,24.851707,0,0
2016-05-30 23:00:00,24.796207,0,0
2016-05-31 00:00:00,24.862604,0,0
2016-05-31 01:00:00,25.126806,0,0
2016-05-31 02:00:00,24.289589,0,0
2016-05-31 03:00:00,24.0929,0,0
2016-05-31 04:00:00,24.10826,0,0
2016-05-31 05:00:00,24.678959,0,0
2016-05-31 06:00:00,24.621313,0,0
2016-05-31 07:00:00,25.077553,0,0
2016-05-31 08:00:00,25.785198,0,0
2016-05-31 09:00:00,26.78289,0,0
2016-05-31 10:00:00,27.86047,0,0
2016-05-31 11:00:00,28.886642,0,0
2016-05-31 12:00:00,29.227066,0,0
2016-05-31 13:00:00,29.504095,0,0
2016-05-31 14:00:00,29.088398,0,0
2016-05-31 15:00:00,28.564688,0,0
2016-05-31 16:00:00,27.129406,0,0
2016-05-31 17:00:00,26.445879,0,0
2016-05-31 18:00:00,26.178669,0,0
2016-05-31 19:00:00,25.536808,0,0
2016-05-31 20:00:00,25.523314,0,0
2016-05-31 21:00:00,25.402088,0,0
2016-05-31 22:00:00,25.28926,0,0
2016-05-31 23:00:00,24.903088,0,0
2016-06-01 00:00:00,24.53862,0,0
2016-06-01 01:00:00,24.542076,0,0
2016-06-01 02:00:00,24.594946,0,0
2016-06-01 03:00:00,24.559555,0,0
2016-06-01 04:00:00,24.477882,0,0
2016-06-01 05:00:00,24.432713,0,0
2016-06-01 06:00:00,24.568628,0,0
2016-06-01 07:00:00,25.089708,0,0
2016-06-01 08:00:00,25.212227,0,0
2016-06-01 09:00:00,26.073002,0,0
2016-06-01 10:00:00,26.496044,0,0
2016-06-01 11:00:00,26.790834,0,0
2016-06-01 12:00:00,26.89593,0,0
2016-06-01 13:00:00,26.84367,0,0
2016-06-01 14:00:00,26.997501,0,0
2016-06-01 15:00:00,27.134644,0,0
2016-06-01 16:00:00,26.861748,0,0
2016-06-01 17:00:00,26.818598,0,0
2016-06-01 18:00:00,26.406626,0,0
2016-06-01 19:00:00,25.654726,0,0
2016-06-01 20:00:00,25.424759,0,0
2016-06-01 21:00:00,24.94714,0,0
2016-06-01 22:00:00,24.714388,0,0
2016-06-01 23:00:00,24.47279,0,0
2016-06-02 00:00:00,24.344421,0,0
2016-06-02 01:00:00,24.375914,0,0
2016-06-02 02:00:00,24.172604,0,0
2016-06-02 03:00:00,24.103085,0,0
2016-06-02 04:00:00,24.329336,0,0
2016-06-02 05:00:00,24.420527,0,0
2016-06-02 06:00:00,24.117483,0,0
2016-06-02 07:00:00,24.919859,0,0
2016-06-02 08:00:00,25.46111,0,0
2016-06-02 09:00:00,26.330698,0,0
2016-06-02 10:00:00,27.153852,0,0
2016-06-02 11:00:00,27.64203,0,0
2016-06-02 12:00:00,28.150023,0,0
2016-06-02 13:00:00,28.010702,0,0
2016-06-02 14:00:00,27.02772,0,0
2016-06-02 15:00:00,25.972673,0,0
2016-06-02 16:00:00,25.92662,0,0
2016-06-02 17:00:00,25.803465,0,0
2016-06-02 18:00:00,25.846848,0,0
2016-06-02 19:00:00,25.618744,0,0
2016-06-02 20:00:00,25.533613,0,0
2016-06-02 21:00:00,25.42012,0,0
2016-06-02 22:00:00,25.227,0,0
2016-06-02 23:00:00,24.990753,0,0
2016-06-03 00:00:00,25.026999,0,0
2016-06-03 01:00:00,24.930046,0,0
2016-06-03 02:00:00,24.79447,0,0
2016-06-03 03:00:00,24.448109,0,0
2016-06-03 04:00:00,24.346848,0,0
2016-06-03 05:00:00,24.824398,0,0
2016-06-03 06:00:00,24.128637,0,0
2016-06-03 07:00:00,24.4364,0,0
2016-06-03 08:00:00,25.662342,0,0
2016-06-03 09:00:00,26.185644,0,0
2016-06-03 10:00:00,26.60921,0,0
2016-06-03 11:00:00,26.966785,0,0
2016-06-03 12:00:00,27.620358,0,0
2016-06-03 13:00:00,27.171844,0,0
2016-06-03 14:00:00,26.822472,0,0
2016-06-03 15:00:00,26.540127,0,0
2016-06-03 16:00:00,26.237198,0,0
2016-06-03 17:00:00,26.219627,0,0
2016-06-03 18:00:00,26.186283,0,0
2016-06-03 19:00:00,26.0429,0,0
2016-06-03 20:00:00,25.95625,0,0
2016-06-03 21:00:00,25.972904,0,0
2016-06-03 22:00:00,25.909672,0,0
2016-06-03 23:00:00,25.804842,0,0
2016-06-04 00:00:00,25.663242,1,0
2016-06-04 01:00:00,25.227146,1,0
2016-06-04 02:00:00,25.525097,1,0
2016-06-04 03:00:00,25.10261,1,0
2016-06-04 04:00:00,25.203987,1,0
2016-06-04 05:00:00,24.894209,1,0
2016-06-04 06:00:00,24.501232,1,0
2016-06-04 07:00:00,25.29354,1,0
2016-06-04 08:00:00,26.131191,1,0
2016-06-04 09:00:00,26.829552,1,0
2016-06-04 10:00:00,27.78148,1,0
2016-06-04 11:00:00,28.5436,1,0
2016-06-04 12:00:00,28.967543,1,0
2016-06-04 13:00:00,29.239437,1,0
2016-06-04 14:00:00,29.34843,1,0
2016-06-04 15:00:00,29.22732,1,0
2016-06-04 16:00:00,29.040932,1,0
2016-06-04 17:00:00,28.649593,1,0
2016-06-04 18:00:00,28.096287,1,0
2016-06-04 19:00:00,27.383055,1,0
2016-06-04 20:00:00,26.901379,1,0
2016-06-04 21:00:00,26.419296,1,0
2016-06-04 22:00:00,25.914612,1,0
2016-06-04 23:00:00,25.497957,1,0
2016-06-05 00:00:00,25.121374,1,0
2016-06-05 01:00:00,25.006096,1,0
2016-06-05 02:00:00,25.263971,1,0
2016-06-05 03:00:00,24.975943,1,0
2016-06-05 04:00:00,24.8426,1,0
2016-06-05 05:00:00,24.843979,1,0
2016-06-05 06:00:00,24.811897,1,0
2016-06-05 07:00:00,25.65918,1,0
2016-06-05 08:00:00,26.744425,1,0
2016-06-05 09:00:00,27.863127,1,0
2016-06-05 10:00:00,28.718075,1,0
2016-06-05 11:00:00,29.322382,1,0
2016-06-05 12:00:00,29.860672,1,0
2016-06-05 13:00:00,30.11105,1,0
2016-06-05 14:00:00,29.676706,1,0
2016-06-05 15:00:00,29.962425,1,0
2016-06-05 16:00:00,28.799961,1,0
2016-06-05 17:00:00,27.191145,1,0
2016-06-05 18:00:00,26.64683,1,0
2016-06-05 19:00:00,26.006754,1,0
2016-06-05 20:00:00,25.717464,1,0
2016-06-05 21:00:00,25.625603,1,0
2016-06-05 22:00:00,25.400925,1,0
2016-06-05 23:00:00,25.236431,1,0
2016-06-06 00:00:00,25.113943,0,0
2016-06-06 01:00:00,25.012419,0,0
2016-06-06 02:00:00,25.05428,0,0
2016-06-06 03:00:00,24.937216,0,0
2016-06-06 04:00:00,24.949108,0,0
2016-06-06 05:00:00,25.047924,0,0
2016-06-06 06:00:00,25.096401,0,0
2016-06-06 07:00:00,25.52272,0,0
2016-06-06 08:00:00,26.378698,0,0
2016-06-06 09:00:00,27.269247,0,0
2016-06-06 10:00:00,28.085793,0,0
2016-06-06 11:00:00,28.907133,0,0
2016-06-06 12:00:00,29.568403,0,0
2016-06-06 13:00:00,29.921303,0,0
2016-06-06 14:00:00,29.900831,0,0
2016-06-06 15:00:00,28.720005,0,0
2016-06-06 16:00:00,27.236721,0,0
2016-06-06 17:00:00,26.746122,0,0
2016-06-06 18:00:00,26.449022,0,0
2016-06-06 19:00:00,26.18769,0,0
2016-06-06 20:00:00,26.117842,0,0
2016-06-06 21:00:00,25.909966,0,0
2016-06-06 22:00:00,25.386953,0,0
2016-06-06 23:00:00,25.171675,0,0
2016-06-07 00:00:00,25.437399,0,0
2016-06-07 01:00:00,25.43447,0,0
2016-06-07 02:00:00,25.06681,0,0
2016-06-07 03:00:00,25.129375,0,0
2016-06-07 04:00:00,24.994654,0,0
2016-06-07 05:00:00,24.554543,0,0
2016-06-07 06:00:00,24.177696,0,0
2016-06-07 07:00:00,25.034023,0,0
2016-06-07 08:00:00,25.870035,0,0
2016-06-07 09:00:00,26.947355,0,0
2016-06-07 10:00:00,27.888836,0,0
2016-06-07 11:00:00,28.510471,0,0
2016-06-07 12:00:00,29.069395,0,0
2016-06-07 13:00:00,28.063412,0,0
2016-06-07 14:00:00,28.011333,0,0
2016-06-07 15:00:00,28.262894,0,0
2016-06-07 16:00:00,28.013124,0,0
2016-06-07 17:00:00,27.680044,0,0
2016-06-07 18:00:00,27.053202,0,0
2016-06-07 19:00:00,26.721527,0,0
2016-06-07 20:00:00,26.413387,0,0
2016-06-07 21:00:00,26.230307,0,0
2016-06-07 22:00:00,26.123692,0,0
2016-06-07 23:00:00,25.922167,0,0
2016-06-08 00:00:00,25.800533,0,0
2016-06-08 01:00:00,25.600534,0,0
2016-06-08 02:00:00,25.570526,0,0
2016-06-08 03:00:00,25.427404,0,0
2016-06-08 04:00:00,25.278929,0,0
2016-06-08 05:00:00,25.338593,0,0
2016-06-08 06:00:00,24.897402,0,0
2016-06-08 07:00:00,25.473312,0,0
2016-06-08 08:00:00,25.87472,0,0
2016-06-08 09:00:00,26.261517,0,0
2016-06-08 10:00:00,26.886461,0,0
2016-06-08 11:00:00,27.455309,0,0
2016-06-08 12:00:00,28.04614,0,0
2016-06-08 13:00:00,28.49298,0,0
2016-06-08 14:00:00,27.659357,0,0
2016-06-08 15:00:00,27.77962,0,0
2016-06-08 16:00:00,27.685682,0,0
2016-06-08 17:00:00,27.17499,0,0
2016-06-08 18:00:00,26.719044,0,0
2016-06-08 19:00:00,26.291348,0,0
2016-06-08 20:00:00,25.815174,0,0
2016-06-08 21:00:00,25.480598,0,0
2016-06-08 22:00:00,24.97963,0,0
2016-06-08 23:00:00,25.164204,0,0
2016-06-09 00:00:00,25.092308,0,0
2016-06-09 01:00:00,25.140377,0,0
2016-06-09 02:00:00,25.31696,0,0
2016-06-09 03:00:00,25.080189,0,0
2016-06-09 04:00:00,24.690784,0,0
2016-06-09 05:00:00,24.582384,0,0
2016-06-09 06:00:00,24.610226,0,0
2016-06-09 07:00:00,25.34811,0,0
2016-06-09 08:00:00,26.066057,0,0
2016-06-09 09:00:00,27.005608,0,0
2016-06-09 10:00:00,27.900137,0,0
2016-06-09 11:00:00,28.67315,0,0
2016-06-09 12:00:00,29.297684,0,0
2016-06-09 13:00:00,29.3903,0,0
2016-06-09 14:00:00,28.140638,0,0
2016-06-09 15:00:00,27.566172,0,0
2016-06-09 16:00:00,26.665535,0,0
2016-06-09 17:00:00,26.108803,0,0
2016-06-09 18:00:00,25.586868,0,0
2016-06-09 19:00:00,25.690031,0,0
2016-06-09 20:00:00,25.782675,0,0
2016-06-09 21:00:00,25.647955,0,0
2016-06-09 22:00:00,25.411974,0,0
2016-06-09 23:00:00,25.111895,0,0
2016-06-10 00:00:00,25.204609,0,0
2016-06-10 01:00:00,25.049517,0,0
2016-06-10 02:00:00,25.017433,0,0
2016-06-10 03:00:00,25.042753,0,0
2016-06-10 04:00:00,25.11584,0,0
2016-06-10 05:00:00,24.988998,0,0
2016-06-10 06:00:00,24.974018,0,0
2016-06-10 07:00:00,25.496439,0,0
2016-06-10 08:00:00,26.055492,0,0
2016-06-10 09:00:00,26.833973,0,0
2016-06-10 10:00:00,27.299469,0,0
2016-06-10 11:00:00,27.153215,0,0
2016-06-10 12:00:00,26.891174,0,0
2016-06-10 13:00:00,26.390652,0,0
2016-06-10 14:00:00,27.068989,0,0
2016-06-10 15:00:00,27.125864,0,0
2016-06-10 16:00:00,27.076128,0,0
2016-06-10 17:00:00,26.86468,0,0
2016-06-10 18:00:00,26.693422,0,0
2016-06-10 19:00:00,26.493279,0,0
2016-06-10 20:00:00,26.260195,0,0
2016-06-10 21:00:00,26.123428,0,0
2016-06-10 22:00:00,25.892015,0,0
2016-06-10 23:00:00,25.795324,0,0
2016-06-11 00:00:00,25.56034,1,0
2016-06-11 01:00:00,25.205656,1,0
2016-06-11 02:00:00,24.687477,1,0
2016-06-11 03:00:00,24.518219,1,0
2016-06-11 04:00:00,24.115318,1,0
2016-06-11 05:00:00,24.090637,1,0
2016-06-11 06:00:00,23.929523,1,0
2016-06-11 07:00:00,24.072868,1,0
2016-06-11 08:00:00,24.82018,1,0
2016-06-11 09:00:00,25.200363,1,0
2016-06-11 10:00:00,26.190178,1,0
2016-06-11 11:00:00,27.306572,1,0
2016-06-11 12:00:00,27.852495,1,0
2016-06-11 13:00:00,28.054543,1,0
2016-06-11 14:00:00,28.175245,1,0
2016-06-11 15:00:00,28.116913,1,0
2016-06-11 16:00:00,27.282219,1,0
2016-06-11 17:00:00,26.814419,1,0
2016-06-11 18:00:00,26.654493,1,0
2016-06-11 19:00:00,26.45297,1,0
2016-06-11 20:00:00,26.066988,1,0
2016-06-11 21:00:00,25.853903,1,0
2016-06-11 22:00:00,25.534576,1,0
2016-06-11 23:00:00,25.26599,1,0
2016-06-12 00:00:00,25.048662,1,0
2016-06-12 01:00:00,24.975243,1,0
2016-06-12 02:00:00,24.852493,1,0
2016-06-12 03:00:00,24.856325,1,0
2016-06-12 04:00:00,24.906065,1,0
2016-06-12 05:00:00,24.822197,1,0
2016-06-12 06:00:00,24.766844,1,0
2016-06-12 07:00:00,24.830929,1,0
2016-06-12 08:00:00,25.517727,1,0
2016-06-12 09:00:00,26.765797,1,0
2016-06-12 10:00:00,27.702156,1,0
2016-06-12 11:00:00,28.67376,1,0
2016-06-12 12:00:00,29.51685,1,0
2016-06-12 13:00:00,29.750164,1,0
2016-06-12 14:00:00,29.043074,1,0
2016-06-12 15:00:00,27.958464,1,0
2016-06-12 16:00:00,26.997763,1,0
2016-06-12 17:00:00,27.207802,1,0
2016-06-12 18:00:00,27.171003,1,0
2016-06-12 19:00:00,26.947586,1,0
2016-06-12 20:00:00,26.721119,1,0
2016-06-12 21:00:00,26.477999,1,0
2016-06-12 22:00:00,26.209673,1,0
2016-06-12 23:00:00,26.16172,1,0
2016-06-13 00:00:00,26.01529,0,0
2016-06-13 01:00:00,25.874805,0,0
2016-06-13 02:00:00,25.629784,0,0
2016-06-13 03:00:00,25.562126,0,0
2016-06-13 04:00:00,25.154055,0,0
2016-06-13 05:00:00,24.885204,0,0
2016-06-13 06:00:00,24.780375,0,0
2016-06-13 07:00:00,24.991232,0,0
2016-06-13 08:00:00,25.671412,0,0
2016-06-13 09:00:00,26.446732,0,0
2016-06-13 10:00:00,27.220625,0,0
2016-06-13 11:00:00,27.821003,0,0
2016-06-13 12:00:00,28.505316,0,0
2016-06-13 13:00:00,29.05681,0,0
2016-06-13 14:00:00,27.578064,0,0
2016-06-13 15:00:00,27.163864,0,0
2016-06-13 16:00:00,27.112225,0,0
2016-06-13 17:00:00,26.667202,0,0
2016-06-13 18:00:00,26.569248,0,0
2016-06-13 19:00:00,26.229698,0,0
2016-06-13 20:00:00,25.96342,0,0
2016-06-13 21:00:00,25.812159,0,0
2016-06-13 22:00:00,25.760895,0,0
2016-06-13 23:00:00,25.579338,0,0
2016-06-14 00:00:00,25.33576,0,0
2016-06-14 01:00:00,24.788921,0,0
2016-06-14 02:00:00,25.426395,0,0
2016-06-14 03:00:00,25.257887,0,0
2016-06-14 04:00:00,25.174953,0,0
2016-06-14 05:00:00,25.083614,0,0
2016-06-14 06:00:00,25.056887,0,0
2016-06-14 07:00:00,25.200418,0,0
2016-06-14 08:00:00,25.735382,0,0
2016-06-14 09:00:00,26.293262,0,0
2016-06-14 10:00:00,26.62151,0,0
2016-06-14 11:00:00,26.776749,0,0
2016-06-14 12:00:00,26.957462,0,0
2016-06-14 13:00:00,27.610886,0,0
2016-06-14 14:00:00,26.63679,0,0
2016-06-14 15:00:00,26.530958,0,0
2016-06-14 16:00:00,26.323227,0,0
2016-06-14 17:00:00,26.078058,0,0
2016-06-14 18:00:00,25.831745,0,0
2016-06-14 19:00:00,25.688738,0,0
2016-06-14 20:00:00,25.440525,0,0
2016-06-14 21:00:00,25.240522,0,0
2016-06-14 22:00:00,25.088737,0,0
2016-06-14 23:00:00,24.944946,0,0
2016-06-15 00:00:00,24.688738,0,0
2016-06-15 01:00:00,24.833569,0,0
2016-06-15 02:00:00,24.505802,0,0
2016-06-15 03:00:00,24.83149,0,0
2016-06-15 04:00:00,24.574097,0,0
2016-06-15 05:00:00,24.06432,0,0
2016-06-15 06:00:00,23.88376,0,0
2016-06-15 07:00:00,24.600677,0,0
2016-06-15 08:00:00,25.097431,0,0
2016-06-15 09:00:00,26.215088,0,0
2016-06-15 10:00:00,26.573927,0,0
2016-06-15 11:00:00,26.937569,0,0
2016-06-15 12:00:00,27.116196,0,0
2016-06-15 13:00:00,27.577728,0,0
2016-06-15 14:00:00,28.751856,0,0
2016-06-15 15:00:00,28.026796,0,0
2016-06-15 16:00:00,27.17077,0,0
2016-06-15 17:00:00,27.0042,0,0
2016-06-15 18:00:00,26.082268,0,0
2016-06-15 19:00:00,25.922935,0,0
2016-06-15 20:00:00,25.82472,0,0
2016-06-15 21:00:00,25.776506,0,0
2016-06-15 22:00:00,25.59357,0,0
2016-06-15 23:00:00,25.496876,0,0
2016-06-16 00:00:00,25.33669,0,0
2016-06-16 01:00:00,25.240261,0,0
2016-06-16 02:00:00,25.360867,0,0
2016-06-16 03:00:00,25.367483,0,0
2016-06-16 04:00:00,25.234547,0,0
2016-06-16 05:00:00,25.025803,0,0
2016-06-16 06:00:00,25.05161,0,0
2016-06-16 07:00:00,25.512913,0,0
2016-06-16 08:00:00,26.430077,0,0
2016-06-16 09:00:00,27.244043,0,0
2016-06-16 10:00:00,27.998093,0,0
2016-06-16 11:00:00,28.876526,0,0
2016-06-16 12:00:00,28.634995,0,0
2016-06-16 13:00:00,27.905922,0,0
2016-06-16 14:00:00,28.033337,0,0
2016-06-16 15:00:00,27.919764,0,0
2016-06-16 16:00:00,27.27415,0,0
2016-06-16 17:00:00,26.546452,0,0
2016-06-16 18:00:00,26.174343,0,0
2016-06-16 19:00:00,25.862371,0,0
2016-06-16 20:00:00,25.63895,0,0
2016-06-16 21:00:00,25.572557,0,0
2016-06-16 22:00:00,25.433151,0,0
2016-06-16 23:00:00,25.303787,0,0
2016-06-17 00:00:00,25.106472,0,0
2016-06-17 01:00:00,25.059896,0,0
2016-06-17 02:00:00,25.345993,0,0
2016-06-17 03:00:00,25.270714,0,0
2016-06-17 04:00:00,25.258219,0,0
2016-06-17 05:00:00,25.08123,0,0
2016-06-17 06:00:00,24.566765,0,0
2016-06-17 07:00:00,24.322004,0,0
2016-06-17 08:00:00,24.838732,0,0
2016-06-17 09:00:00,25.433104,0,0
2016-06-17 10:00:00,26.702545,0,0
2016-06-17 11:00:00,27.663586,0,0
2016-06-17 12:00:00,28.761393,0,0
2016-06-17 13:00:00,29.46151,0,0
2016-06-17 14:00:00,29.16854,0,0
2016-06-17 15:00:00,27.729027,0,0
2016-06-17 16:00:00,27.64457,0,0
2016-06-17 17:00:00,27.808655,0,0
2016-06-17 18:00:00,27.531666,0,0
2016-06-17 19:00:00,27.155348,0,0
2016-06-17 20:00:00,26.579554,0,0
2016-06-17 21:00:00,26.174866,0,0
2016-06-17 22:00:00,25.85654,0,0
2016-06-17 23:00:00,25.528551,0,0
2016-06-18 00:00:00,25.41591,1,0
2016-06-18 01:00:00,25.155987,1,0
2016-06-18 02:00:00,25.22829,1,0
2016-06-18 03:00:00,25.037214,1,0
2016-06-18 04:00:00,24.862604,1,0
2016-06-18 05:00:00,24.836021,1,0
2016-06-18 06:00:00,24.71896,1,0
2016-06-18 07:00:00,25.130714,1,0
2016-06-18 08:00:00,25.905018,1,0
2016-06-18 09:00:00,26.851185,1,0
2016-06-18 10:00:00,27.86858,1,0
2016-06-18 11:00:00,28.799469,1,0
2016-06-18 12:00:00,29.455677,1,0
2016-06-18 13:00:00,29.10594,1,0
2016-06-18 14:00:00,28.175835,1,0
2016-06-18 15:00:00,27.57613,1,0
2016-06-18 16:00:00,26.462664,1,0
2016-06-18 17:00:00,26.239243,1,0
2016-06-18 18:00:00,26.212517,1,0
2016-06-18 19:00:00,26.053116,1,0
2016-06-18 20:00:00,25.831484,1,0
2016-06-18 21:00:00,25.662893,1,0
2016-06-18 22:00:00,25.586432,1,0
2016-06-18 23:00:00,25.501562,1,0
2016-06-19 00:00:00,25.471788,1,0
2016-06-19 01:00:00,25.33157,1,0
2016-06-19 02:00:00,25.50291,1,0
2016-06-19 03:00:00,25.137068,1,0
2016-06-19 04:00:00,24.288261,1,0
2016-06-19 05:00:00,24.14064,1,0
2016-06-19 06:00:00,24.32767,1,0
2016-06-19 07:00:00,24.84547,1,0
2016-06-19 08:00:00,25.566465,1,0
2016-06-19 09:00:00,26.742117,1,0
2016-06-19 10:00:00,27.757725,1,0
2016-06-19 11:00:00,28.527573,1,0
2016-06-19 12:00:00,29.52081,1,0
2016-06-19 13:00:00,30.206762,1,0
2016-06-19 14:00:00,28.231558,1,0
2016-06-19 15:00:00,27.067125,1,0
2016-06-19 16:00:00,26.14355,1,0
2016-06-19 17:00:00,26.33196,1,0
2016-06-19 18:00:00,26.17115,1,0
2016-06-19 19:00:00,25.956656,1,0
2016-06-19 20:00:00,25.70718,1,0
2016-06-19 21:00:00,25.262419,1,0
2016-06-19 22:00:00,25.16201,1,0
2016-06-19 23:00:00,25.065502,1,0
2016-06-20 00:00:00,24.862194,0,0
2016-06-20 01:00:00,24.588428,0,0
2016-06-20 02:00:00,24.294538,0,0
2016-06-20 03:00:00,24.382566,0,0
2016-06-20 04:00:00,24.37595,0,0
2016-06-20 05:00:00,24.512537,0,0
2016-06-20 06:00:00,24.54093,0,0
2016-06-20 07:00:00,24.827698,0,0
2016-06-20 08:00:00,25.39881,0,0
2016-06-20 09:00:00,26.139885,0,0
2016-06-20 10:00:00,27.012894,0,0
2016-06-20 11:00:00,27.859701,0,0
2016-06-20 12:00:00,28.36948,0,0
2016-06-20 13:00:00,27.984121,0,0
2016-06-20 14:00:00,27.07148,0,0
2016-06-20 15:00:00,26.191591,0,0
2016-06-20 16:00:00,26.292704,0,0
2016-06-20 17:00:00,26.193115,0,0
2016-06-20 18:00:00,26.036905,0,0
2016-06-20 19:00:00,25.890738,0,0
2016-06-20 20:00:00,25.706278,0,0
2016-06-20 21:00:00,25.754494,0,0
2016-06-20 22:00:00,25.596355,0,0
2016-06-20 23:00:00,25.336285,0,0
2016-06-21 00:00:00,25.205725,0,0
2016-06-21 01:00:00,24.994684,0,0
2016-06-21 02:00:00,24.807327,0,0
2016-06-21 03:00:00,24.691708,0,0
2016-06-21 04:00:00,24.208654,0,0
2016-06-21 05:00:00,24.180405,0,0
2016-06-21 06:00:00,24.115913,0,0
2016-06-21 07:00:00,24.2013,0,0
2016-06-21 08:00:00,25.051003,0,0
2016-06-21 09:00:00,25.594046,0,0
2016-06-21 10:00:00,26.133484,0,0
2016-06-21 11:00:00,26.502214,0,0
2016-06-21 12:00:00,26.840765,0,0
2016-06-21 13:00:00,27.019398,0,0
2016-06-21 14:00:00,26.433266,0,0
2016-06-21 15:00:00,26.392078,0,0
2016-06-21 16:00:00,25.950333,0,0
2016-06-21 17:00:00,25.258734,0,0
2016-06-21 18:00:00,24.839031,0,0
2016-06-21 19:00:00,24.763487,0,0
2016-06-21 20:00:00,24.442144,0,0
2016-06-21 21:00:00,24.342144,0,0
2016-06-21 22:00:00,24.658627,0,0
2016-06-21 23:00:00,24.433712,0,0
2016-06-22 00:00:00,23.990963,0,0
2016-06-22 01:00:00,24.392162,0,0
2016-06-22 02:00:00,24.690231,0,0
2016-06-22 03:00:00,24.0974,0,0
2016-06-22 04:00:00,24.066694,0,0
2016-06-22 05:00:00,24.124428,0,0
2016-06-22 06:00:00,24.212456,0,0
2016-06-22 07:00:00,24.578144,0,0
2016-06-22 08:00:00,25.176243,0,0
2016-06-22 09:00:00,26.510965,0,0
2016-06-22 10:00:00,27.191998,0,0
2016-06-22 11:00:00,28.147161,0,0
2016-06-22 12:00:00,28.59089,0,0
2016-06-22 13:00:00,29.052193,0,0
2016-06-22 14:00:00,28.494015,0,0
2016-06-22 15:00:00,28.780636,0,0
2016-06-22 16:00:00,27.724981,0,0
2016-06-22 17:00:00,27.380074,0,0
2016-06-22 18:00:00,26.986954,0,0
2016-06-22 19:00:00,26.74026,0,0
2016-06-22 20:00:00,26.540524,0,0
2016-06-22 21:00:00,26.310896,0,0
2016-06-22 22:00:00,26.097925,0,0
2016-06-22 23:00:00,25.909897,0,0
2016-06-23 00:00:00,25.750233,0,0
2016-06-23 01:00:00,25.527077,0,0
2016-06-23 02:00:00,25.55782,0,0
2016-06-23 03:00:00,25.375475,0,0
2016-06-23 04:00:00,25.079403,0,0
2016-06-23 05:00:00,24.417366,0,0
2016-06-23 06:00:00,24.297926,0,0
2016-06-23 07:00:00,24.600971,0,0
2016-06-23 08:00:00,25.251593,0,0
2016-06-23 09:00:00,26.163109,0,0
2016-06-23 10:00:00,27.14002,0,0
2016-06-23 11:00:00,27.576555,0,0
2016-06-23 12:00:00,27.866922,0,0
2016-06-23 13:00:00,28.6212,0,0
2016-06-23 14:00:00,29.67014,0,0
2016-06-23 15:00:00,29.162788,0,0
2016-06-23 16:00:00,27.717203,0,0
2016-06-23 17:00:00,27.443045,0,0
2016-06-23 18:00:00,27.195208,0,0
2016-06-23 19:00:00,26.798254,0,0
2016-06-23 20:00:00,26.401827,0,0
2016-06-23 21:00:00,26.175243,0,0
2016-06-23 22:00:00,25.888739,0,0
2016-06-23 23:00:00,25.734024,0,0
2016-06-24 00:00:00,25.522575,0,0
2016-06-24 01:00:00,25.422167,0,0
2016-06-24 02:00:00,25.446848,0,0
2016-06-24 03:00:00,24.730453,0,0
2016-06-24 04:00:00,24.217958,0,0
2016-06-24 05:00:00,24.29383,0,0
2016-06-24 06:00:00,24.354279,0,0
2016-06-24 07:00:00,24.681267,0,0
2016-06-24 08:00:00,25.46992,0,0
2016-06-24 09:00:00,26.414154,0,0
2016-06-24 10:00:00,27.26375,0,0
2016-06-24 11:00:00,27.880928,0,0
2016-06-24 12:00:00,28.97209,0,0
2016-06-24 13:00:00,29.67625,0,0
2016-06-24 14:00:00,27.041769,0,0
2016-06-24 15:00:00,26.705553,0,0
2016-06-24 16:00:00,26.843962,0,0
2016-06-24 17:00:00,26.58579,0,0
2016-06-24 18:00:00,26.439737,0,0
2016-06-24 19:00:00,26.247732,0,0
2016-06-24 20:00:00,25.662748,0,0
2016-06-24 21:00:00,24.794308,0,0
2016-06-24 22:00:00,24.504349,0,0
2016-06-24 23:00:00,24.449924,0,0
2016-06-25 00:00:00,24.230667,1,0
2016-06-25 01:00:00,24.559816,1,0
2016-06-25 02:00:00,24.083906,1,0
2016-06-25 03:00:00,23.91108,1,0
2016-06-25 04:00:00,23.701826,1,0
2016-06-25 05:00:00,23.618483,1,0
2016-06-25 06:00:00,23.571789,1,0
2016-06-25 07:00:00,23.955278,1,0
2016-06-25 08:00:00,24.644453,1,0
2016-06-25 09:00:00,25.495714,1,0
2016-06-25 10:00:00,26.602186,1,0
2016-06-25 11:00:00,27.244043,1,0
2016-06-25 12:00:00,27.743898,1,0
2016-06-25 13:00:00,26.953163,1,0
2016-06-25 14:00:00,27.066204,1,0
2016-06-25 15:00:00,26.848383,1,0
2016-06-25 16:00:00,26.61861,1,0
2016-06-25 17:00:00,26.200693,1,0
2016-06-25 18:00:00,26.085938,1,0
2016-06-25 19:00:00,25.857687,1,0
2016-06-25 20:00:00,25.650661,1,0
2016-06-25 21:00:00,25.499138,1,0
2016-06-25 22:00:00,25.377504,1,0
2016-06-25 23:00:00,25.282598,1,0
2016-06-26 00:00:00,25.17598,1,0
2016-06-26 01:00:00,25.138214,1,0
2016-06-26 02:00:00,25.068726,1,0
2016-06-26 03:00:00,24.777506,1,0
2016-06-26 04:00:00,24.254757,1,0
2016-06-26 05:00:00,24.05204,1,0
2016-06-26 06:00:00,23.933712,1,0
2016-06-26 07:00:00,23.965271,1,0
2016-06-26 08:00:00,24.676159,1,0
2016-06-26 09:00:00,25.494223,1,0
2016-06-26 10:00:00,26.385298,1,0
2016-06-26 11:00:00,27.49039,1,0
2016-06-26 12:00:00,28.069872,1,0
2016-06-26 13:00:00,28.436789,1,0
2016-06-26 14:00:00,27.036367,1,0
2016-06-26 15:00:00,27.275902,1,0
2016-06-26 16:00:00,27.483158,1,0
2016-06-26 17:00:00,27.316763,1,0
2016-06-26 18:00:00,27.016909,1,0
2016-06-26 19:00:00,26.465796,1,0
2016-06-26 20:00:00,26.041523,1,0
2016-06-26 21:00:00,25.836952,1,0
2016-06-26 22:00:00,25.710226,1,0
2016-06-26 23:00:00,25.570265,1,0
2016-06-27 00:00:00,25.320267,0,0
2016-06-27 01:00:00,25.232239,0,0
2016-06-27 02:00:00,25.530453,0,0
2016-06-27 03:00:00,25.442162,0,0
2016-06-27 04:00:00,25.311981,0,0
2016-06-27 05:00:00,25.182468,0,0
2016-06-27 06:00:00,25.082651,0,0
2016-06-27 07:00:00,25.489937,0,0
2016-06-27 08:00:00,26.295797,0,0
2016-06-27 09:00:00,27.25494,0,0
2016-06-27 10:00:00,28.200584,0,0
2016-06-27 11:00:00,28.776787,0,0
2016-06-27 12:00:00,29.176378,0,0
2016-06-27 13:00:00,28.00436,0,0
2016-06-27 14:00:00,28.947636,0,0
2016-06-27 15:00:00,29.049797,0,0
2016-06-27 16:00:00,28.626019,0,0
2016-06-27 17:00:00,27.854435,0,0
2016-06-27 18:00:00,27.010933,0,0
2016-06-27 19:00:00,26.62833,0,0
2016-06-27 20:00:00,26.37695,0,0
2016-06-27 21:00:00,26.059818,0,0
2016-06-27 22:00:00,25.921675,0,0
2016-06-27 23:00:00,25.828028,0,0
2016-06-28 00:00:00,25.700186,0,0
2016-06-28 01:00:00,25.620935,0,0
2016-06-28 02:00:00,25.020557,0,0
2016-06-28 03:00:00,25.047401,0,0
2016-06-28 04:00:00,25.152494,0,0
2016-06-28 05:00:00,25.362272,0,0
2016-06-28 06:00:00,25.283945,0,0
2016-06-28 07:00:00,25.457888,0,0
2016-06-28 08:00:00,25.94873,0,0
2016-06-28 09:00:00,26.876837,0,0
2016-06-28 10:00:00,27.96267,0,0
2016-06-28 11:00:00,28.830212,0,0
2016-06-28 12:00:00,29.311245,0,0
2016-06-28 13:00:00,29.06637,0,0
2016-06-28 14:00:00,28.336267,0,0
2016-06-28 15:00:00,26.559086,0,0
2016-06-28 16:00:00,26.42478,0,0
2016-06-28 17:00:00,26.056347,0,0
2016-06-28 18:00:00,25.943375,0,0
2016-06-28 19:00:00,25.832075,0,0
2016-06-28 20:00:00,25.721035,0,0
2016-06-28 21:00:00,25.771442,0,0
2016-06-28 22:00:00,25.780483,0,0
2016-06-28 23:00:00,25.810635,0,0
2016-06-29 00:00:00,25.838999,0,0
2016-06-29 01:00:00,25.779078,0,0
2016-06-29 02:00:00,25.55428,0,0
2016-06-29 03:00:00,25.551155,0,0
2016-06-29 04:00:00,25.410671,0,0
2016-06-29 05:00:00,25.074835,0,0
2016-06-29 06:00:00,24.683975,0,0
2016-06-29 07:00:00,24.723412,0,0
2016-06-29 08:00:00,25.247238,0,0
2016-06-29 09:00:00,25.960209,0,0
2016-06-29 10:00:00,26.82344,0,0
2016-06-29 11:00:00,27.860947,0,0
2016-06-29 12:00:00,28.973888,0,0
2016-06-29 13:00:00,29.272364,0,0
2016-06-29 14:00:00,30.071846,0,0
2016-06-29 15:00:00,28.965408,0,0
2016-06-29 16:00:00,27.025322,0,0
2016-06-29 17:00:00,26.786888,0,0
2016-06-29 18:00:00,26.504211,0,0
2016-06-29 19:00:00,26.313663,0,0
2016-06-29 20:00:00,26.109617,0,0
2016-06-29 21:00:00,26.176418,0,0
2016-06-29 22:00:00,26.168541,0,0
2016-06-29 23:00:00,26.198692,0,0
2016-06-30 00:00:00,26.123344,0,0
2016-06-30 01:00:00,26.087692,0,0
2016-06-30 02:00:00,26.02305,0,0
2016-06-30 03:00:00,25.840416,0,0
2016-06-30 04:00:00,25.749485,0,0
2016-06-30 05:00:00,25.636166,0,0
2016-06-30 06:00:00,25.550186,0,0
2016-06-30 07:00:00,25.697517,0,0
2016-06-30 08:00:00,26.492523,0,0
2016-06-30 09:00:00,27.404823,0,0
2016-06-30 10:00:00,28.508316,0,0
2016-06-30 11:00:00,29.328873,0,0
2016-06-30 12:00:00,30.058498,0,0
2016-06-30 13:00:00,30.48025,0,0
2016-06-30 14:00:00,27.820066,0,0
2016-06-30 15:00:00,28.03643,0,0
2016-06-30 16:00:00,28.245325,0,0
2016-06-30 17:00:00,28.196848,0,0
2016-06-30 18:00:00,27.818743,0,0
2016-06-30 19:00:00,27.424166,0,0
2016-06-30 20:00:00,26.951601,0,0
2016-06-30 21:00:00,26.462458,0,0
2016-06-30 22:00:00,26.104725,0,0
2016-06-30 23:00:00,25.88376,0,0
2016-07-01 00:00:00,25.847517,0,0
2016-07-01 01:00:00,25.704514,0,0
2016-07-01 02:00:00,25.74187,0,0
2016-07-01 03:00:00,25.424545,0,0
2016-07-01 04:00:00,25.293133,0,0
2016-07-01 05:00:00,25.109001,0,0
2016-07-01 06:00:00,24.582567,0,0
2016-07-01 07:00:00,24.438923,0,0
2016-07-01 08:00:00,25.503338,0,0
2016-07-01 09:00:00,25.536528,0,0
2016-07-01 10:00:00,26.347715,0,0
2016-07-01 11:00:00,26.99455,0,0
2016-07-01 12:00:00,27.56768,0,0
2016-07-01 13:00:00,27.99449,0,0
2016-07-01 14:00:00,28.011671,0,0
2016-07-01 15:00:00,27.563457,0,0
2016-07-01 16:00:00,27.072828,0,0
2016-07-01 17:00:00,25.781862,0,0
2016-07-01 18:00:00,25.653755,0,0
2016-07-01 19:00:00,25.596878,0,0
2016-07-01 20:00:00,25.468512,0,0
2016-07-01 21:00:00,25.328814,0,0
2016-07-01 22:00:00,25.323982,0,0
2016-07-01 23:00:00,25.230862,0,0
2016-07-02 00:00:00,25.177813,1,0
2016-07-02 01:00:00,25.076292,1,0
2016-07-02 02:00:00,25.1864,1,0
2016-07-02 03:00:00,25.178,1,0
2016-07-02 04:00:00,24.808887,1,0
2016-07-02 05:00:00,24.572119,1,0
2016-07-02 06:00:00,24.191114,1,0
2016-07-02 07:00:00,24.216057,1,0
2016-07-02 08:00:00,24.439129,1,0
2016-07-02 09:00:00,24.917164,1,0
2016-07-02 10:00:00,25.601177,1,0
2016-07-02 11:00:00,26.342106,1,0
2016-07-02 12:00:00,26.07196,1,0
2016-07-02 13:00:00,26.726059,1,0
2016-07-02 14:00:00,25.491768,1,0
2016-07-02 15:00:00,25.031727,1,0
2016-07-02 16:00:00,24.848907,1,0
2016-07-02 17:00:00,25.441553,1,0
2016-07-02 18:00:00,25.622967,1,0
2016-07-02 19:00:00,25.436314,1,0
2016-07-02 20:00:00,25.343307,1,0
2016-07-02 21:00:00,25.289001,1,0
2016-07-02 22:00:00,25.265844,1,0
2016-07-02 23:00:00,25.200825,1,0
2016-07-03 00:00:00,25.029114,1,0
2016-07-03 01:00:00,24.725542,1,0
2016-07-03 02:00:00,24.474167,1,0
2016-07-03 03:00:00,24.307625,1,0
2016-07-03 04:00:00,24.204578,1,0
2016-07-03 05:00:00,24.20135,1,0
2016-07-03 06:00:00,24.27146,1,0
2016-07-03 07:00:00,24.422312,1,0
2016-07-03 08:00:00,25.273247,1,0
2016-07-03 09:00:00,26.15361,1,0
2016-07-03 10:00:00,27.18728,1,0
2016-07-03 11:00:00,27.84657,1,0
2016-07-03 12:00:00,28.310654,1,0
2016-07-03 13:00:00,28.33902,1,0
2016-07-03 14:00:00,27.288168,1,0
2016-07-03 15:00:00,27.0569,1,0
2016-07-03 16:00:00,27.02675,1,0
2016-07-03 17:00:00,26.93705,1,0
2016-07-03 18:00:00,26.560179,1,0
2016-07-03 19:00:00,25.956202,1,0
2016-07-03 20:00:00,25.590067,1,0
2016-07-03 21:00:00,25.437574,1,0
2016-07-03 22:00:00,25.36304,1,0
2016-07-03 23:00:00,25.165987,1,0
2016-07-04 00:00:00,25.106327,0,0
2016-07-04 01:00:00,25.112564,0,0
2016-07-04 02:00:00,25.354164,0,0
2016-07-04 03:00:00,25.256327,0,0
2016-07-04 04:00:00,25.231007,0,0
2016-07-04 05:00:00,25.222607,0,0
2016-07-04 06:00:00,25.207586,0,0
2016-07-04 07:00:00,25.30908,0,0
2016-07-04 08:00:00,25.768957,0,0
2016-07-04 09:00:00,25.822004,0,0
2016-07-04 10:00:00,25.778128,0,0
2016-07-04 11:00:00,26.198238,0,0
2016-07-04 12:00:00,26.883335,0,0
2016-07-04 13:00:00,27.758247,0,0
2016-07-04 14:00:00,27.517202,0,0
2016-07-04 15:00:00,27.484905,0,0
2016-07-04 16:00:00,27.130075,0,0
2016-07-04 17:00:00,26.596355,0,0
2016-07-04 18:00:00,26.421152,0,0
2016-07-04 19:00:00,26.21758,0,0
2016-07-04 20:00:00,25.261848,0,0
2016-07-04 21:00:00,24.789429,0,0
2016-07-04 22:00:00,24.313517,0,0
2016-07-04 23:00:00,24.59755,0,0
2016-07-05 00:00:00,24.766396,0,0
2016-07-05 01:00:00,24.809402,0,0
2016-07-05 02:00:00,25.116135,0,0
2016-07-05 03:00:00,25.232267,0,0
2016-07-05 04:00:00,25.303495,0,0
2016-07-05 05:00:00,25.443571,0,0
2016-07-05 06:00:00,25.199331,0,0
2016-07-05 07:00:00,25.403755,0,0
2016-07-05 08:00:00,25.987953,0,0
2016-07-05 09:00:00,26.649778,0,0
2016-07-05 10:00:00,27.479406,0,0
2016-07-05 11:00:00,28.295538,0,0
2016-07-05 12:00:00,28.909771,0,0
2016-07-05 13:00:00,28.282696,0,0
2016-07-05 14:00:00,28.167202,0,0
2016-07-05 15:00:00,26.88263,0,0
2016-07-05 16:00:00,26.512547,0,0
2016-07-05 17:00:00,26.417496,0,0
2016-07-05 18:00:00,26.35107,0,0
2016-07-05 19:00:00,26.099546,0,0
2016-07-05 20:00:00,25.793453,0,0
2016-07-05 21:00:00,25.72858,0,0
2016-07-05 22:00:00,25.587246,0,0
2016-07-05 23:00:00,25.547432,0,0
2016-07-06 00:00:00,25.50431,0,0
2016-07-06 01:00:00,25.427582,0,0
2016-07-06 02:00:00,25.638884,0,0
2016-07-06 03:00:00,25.541523,0,0
2016-07-06 04:00:00,25.448109,0,0
2016-07-06 05:00:00,25.444538,0,0
2016-07-06 06:00:00,25.29061,0,0
2016-07-06 07:00:00,25.427376,0,0
2016-07-06 08:00:00,26.109589,0,0
2016-07-06 09:00:00,27.085613,0,0
2016-07-06 10:00:00,28.211624,0,0
2016-07-06 11:00:00,28.604813,0,0
2016-07-06 12:00:00,29.302027,0,0
2016-07-06 13:00:00,29.797316,0,0
2016-07-06 14:00:00,28.30173,0,0
2016-07-06 15:00:00,26.612354,0,0
2016-07-06 16:00:00,26.237267,0,0
2016-07-06 17:00:00,26.017418,0,0
2016-07-06 18:00:00,25.736265,0,0
2016-07-06 19:00:00,25.600021,0,0
2016-07-06 20:00:00,25.602068,0,0
2016-07-06 21:00:00,25.65921,0,0
2016-07-06 22:00:00,25.717873,0,0
2016-07-06 23:00:00,25.66635,0,0
2016-07-07 00:00:00,25.583647,0,0
2016-07-07 01:00:00,25.54904,0,0
2016-07-07 02:00:00,25.56606,0,0
2016-07-07 03:00:00,25.036953,0,0
2016-07-07 04:00:00,24.711226,0,0
2016-07-07 05:00:00,24.410702,0,0
2016-07-07 06:00:00,24.518581,0,0
2016-07-07 07:00:00,24.787691,0,0
2016-07-07 08:00:00,25.41732,0,0
2016-07-07 09:00:00,25.96211,0,0
2016-07-07 10:00:00,26.65076,0,0
2016-07-07 11:00:00,27.329605,0,0
2016-07-07 12:00:00,27.901089,0,0
2016-07-07 13:00:00,28.199158,0,0
2016-07-07 14:00:00,28.286089,0,0
2016-07-07 15:00:00,28.157314,0,0
2016-07-07 16:00:00,27.761147,0,0
2016-07-07 17:00:00,27.246685,0,0
2016-07-07 18:00:00,26.04062,0,0
2016-07-07 19:00:00,25.198053,0,0
2016-07-07 20:00:00,24.651361,0,0
2016-07-07 21:00:00,24.517494,0,0
2016-07-07 22:00:00,24.67508,0,0
2016-07-07 23:00:00,24.789837,0,0
2016-07-08 00:00:00,24.800255,0,0
2016-07-08 01:00:00,24.920065,0,0
2016-07-08 02:00:00,24.730434,0,0
2016-07-08 03:00:00,24.460064,0,0
2016-07-08 04:00:00,24.332596,0,0
2016-07-08 05:00:00,24.23096,0,0
2016-07-08 06:00:00,24.375011,0,0
2016-07-08 07:00:00,24.546618,0,0
2016-07-08 08:00:00,24.933004,0,0
2016-07-08 09:00:00,25.667986,0,0
2016-07-08 10:00:00,26.2475,0,0
2016-07-08 11:00:00,26.92359,0,0
2016-07-08 12:00:00,27.728157,0,0
2016-07-08 13:00:00,28.617678,0,0
2016-07-08 14:00:00,27.135529,0,0
2016-07-08 15:00:00,27.685383,0,0
2016-07-08 16:00:00,27.858654,0,0
2016-07-08 17:00:00,27.810179,0,0
2016-07-08 18:00:00,27.658508,0,0
2016-07-08 19:00:00,27.24223,0,0
2016-07-08 20:00:00,26.859558,0,0
2016-07-08 21:00:00,26.48833,0,0
2016-07-08 22:00:00,26.200302,0,0
2016-07-08 23:00:00,26.095356,0,0
2016-07-09 00:00:00,25.953495,1,0
2016-07-09 01:00:00,25.708588,1,0
2016-07-09 02:00:00,25.810112,1,0
2016-07-09 03:00:00,25.595945,1,0
2016-07-09 04:00:00,25.401154,1,0
2016-07-09 05:00:00,25.286516,1,0
2016-07-09 06:00:00,25.302418,1,0
2016-07-09 07:00:00,25.331045,1,0
2016-07-09 08:00:00,25.93029,1,0
2016-07-09 09:00:00,26.646946,1,0
2016-07-09 10:00:00,27.714602,1,0
2016-07-09 11:00:00,28.537352,1,0
2016-07-09 12:00:00,29.210363,1,0
2016-07-09 13:00:00,29.776989,1,0
2016-07-09 14:00:00,28.385498,1,0
2016-07-09 15:00:00,28.618696,1,0
2016-07-09 16:00:00,28.667763,1,0
2016-07-09 17:00:00,26.988718,1,0
2016-07-09 18:00:00,26.65664,1,0
2016-07-09 19:00:00,26.318872,1,0
2016-07-09 20:00:00,26.027536,1,0
2016-07-09 21:00:00,26.000809,1,0
2016-07-09 22:00:00,26.013893,1,0
2016-07-09 23:00:00,25.927769,1,0
2016-07-10 00:00:00,25.947992,1,0
2016-07-10 01:00:00,25.935905,1,0
2016-07-10 02:00:00,25.213127,1,0
2016-07-10 03:00:00,24.79673,1,0
2016-07-10 04:00:00,24.76041,1,0
2016-07-10 05:00:00,24.958818,1,0
2016-07-10 06:00:00,24.985401,1,0
2016-07-10 07:00:00,25.36722,1,0
2016-07-10 08:00:00,25.975098,1,0
2016-07-10 09:00:00,26.783089,1,0
2016-07-10 10:00:00,27.817171,1,0
2016-07-10 11:00:00,28.909887,1,0
2016-07-10 12:00:00,29.472857,1,0
2016-07-10 13:00:00,29.79549,1,0
2016-07-10 14:00:00,29.626348,1,0
2016-07-10 15:00:00,27.68653,1,0
2016-07-10 16:00:00,27.225718,1,0
2016-07-10 17:00:00,27.25751,1,0
2016-07-10 18:00:00,27.04223,1,0
2016-07-10 19:00:00,26.705727,1,0
2016-07-10 20:00:00,26.287136,1,0
2016-07-10 21:00:00,25.666504,1,0
2016-07-10 22:00:00,25.241444,1,0
2016-07-10 23:00:00,24.61296,1,0
2016-07-11 00:00:00,24.785383,0,0
2016-07-11 01:00:00,24.71594,0,0
2016-07-11 02:00:00,24.880714,0,0
2016-07-11 03:00:00,24.720856,0,0
2016-07-11 04:00:00,24.34123,0,0
2016-07-11 05:00:00,24.23707,0,0
2016-07-11 06:00:00,24.05361,0,0
2016-07-11 07:00:00,24.205132,0,0
2016-07-11 08:00:00,24.664417,0,0
2016-07-11 09:00:00,25.810179,0,0
2016-07-11 10:00:00,27.0146,0,0
2016-07-11 11:00:00,28.130472,0,0
2016-07-11 12:00:00,28.364601,0,0
2016-07-11 13:00:00,29.120632,0,0
2016-07-11 14:00:00,28.003271,0,0
2016-07-11 15:00:00,26.899876,0,0
2016-07-11 16:00:00,26.075226,0,0
2016-07-11 17:00:00,25.42801,0,0
2016-07-11 18:00:00,25.08615,0,0
2016-07-11 19:00:00,24.753475,0,0
2016-07-11 20:00:00,24.685675,0,0
2016-07-11 21:00:00,24.659733,0,0
2016-07-11 22:00:00,24.768658,0,0
2016-07-11 23:00:00,24.832413,0,0
2016-07-12 00:00:00,24.905949,0,0
2016-07-12 01:00:00,24.929337,0,0
2016-07-12 02:00:00,24.778076,0,0
2016-07-12 03:00:00,24.96265,0,0
2016-07-12 04:00:00,24.933876,0,0
2016-07-12 05:00:00,25.075998,0,0
2016-07-12 06:00:00,25.087824,0,0
2016-07-12 07:00:00,25.221167,0,0
2016-07-12 08:00:00,25.798403,0,0
2016-07-12 09:00:00,26.40947,0,0
2016-07-12 10:00:00,26.70731,0,0
2016-07-12 11:00:00,26.655476,0,0
2016-07-12 12:00:00,26.98967,0,0
2016-07-12 13:00:00,27.224148,0,0
2016-07-12 14:00:00,27.83085,0,0
2016-07-12 15:00:00,30.63878,0,0
2016-07-12 16:00:00,27.653831,0,0
2016-07-12 17:00:00,26.086283,0,0
2016-07-12 18:00:00,25.862011,0,0
2016-07-12 19:00:00,25.57305,0,0
2016-07-12 20:00:00,25.451416,0,0
2016-07-12 21:00:00,25.063717,0,0
2016-07-12 22:00:00,24.948439,0,0
2016-07-12 23:00:00,24.848255,0,0
2016-07-13 00:00:00,24.739855,0,0
2016-07-13 01:00:00,24.513275,0,0
2016-07-13 02:00:00,24.325573,0,0
2016-07-13 03:00:00,24.13769,0,0
2016-07-13 04:00:00,24.096092,0,0
2016-07-13 05:00:00,23.824867,0,0
2016-07-13 06:00:00,23.981335,0,0
2016-07-13 07:00:00,24.0513,0,0
2016-07-13 08:00:00,24.834005,0,0
2016-07-13 09:00:00,25.705494,0,0
2016-07-13 10:00:00,26.906086,0,0
2016-07-13 11:00:00,27.890282,0,0
2016-07-13 12:00:00,28.409723,0,0
2016-07-13 13:00:00,29.032589,0,0
2016-07-13 14:00:00,27.840805,0,0
2016-07-13 15:00:00,26.910538,0,0
2016-07-13 16:00:00,26.93686,0,0
2016-07-13 17:00:00,26.676197,0,0
2016-07-13 18:00:00,26.34973,0,0
2016-07-13 19:00:00,26.03181,0,0
2016-07-13 20:00:00,25.685642,0,0
2016-07-13 21:00:00,25.584236,0,0
2016-07-13 22:00:00,25.533237,0,0
2016-07-13 23:00:00,25.51889,0,0
2016-07-14 00:00:00,25.525766,0,0
2016-07-14 01:00:00,25.615843,0,0
2016-07-14 02:00:00,25.453346,0,0
2016-07-14 03:00:00,25.069267,0,0
2016-07-14 04:00:00,24.792278,0,0
2016-07-14 05:00:00,24.645325,0,0
2016-07-14 06:00:00,24.64023,0,0
2016-07-14 07:00:00,24.74863,0,0
2016-07-14 08:00:00,25.450401,0,0
2016-07-14 09:00:00,26.32312,0,0
2016-07-14 10:00:00,26.85913,0,0
2016-07-14 11:00:00,27.85199,0,0
2016-07-14 12:00:00,28.676,0,0
2016-07-14 13:00:00,28.858267,0,0
2016-07-14 14:00:00,28.521694,0,0
2016-07-14 15:00:00,27.65404,0,0
2016-07-14 16:00:00,27.429735,0,0
2016-07-14 17:00:00,27.197914,0,0
2016-07-14 18:00:00,26.803532,0,0
2016-07-14 19:00:00,26.437138,0,0
2016-07-14 20:00:00,26.170744,0,0
2016-07-14 21:00:00,25.88093,0,0
2016-07-14 22:00:00,25.645277,0,0
2016-07-14 23:00:00,25.245916,0,0
2016-07-15 00:00:00,24.853203,0,0
2016-07-15 01:00:00,24.82993,0,0
2016-07-15 02:00:00,24.574574,0,0
2016-07-15 03:00:00,24.290184,0,0
2016-07-15 04:00:00,23.99223,0,0
2016-07-15 05:00:00,23.975689,0,0
2016-07-15 06:00:00,24.103794,0,0
2016-07-15 07:00:00,24.215357,0,0
2016-07-15 08:00:00,24.670887,0,0
2016-07-15 09:00:00,25.315681,0,0
2016-07-15 10:00:00,26.37839,0,0
2016-07-15 11:00:00,27.20433,0,0
2016-07-15 12:00:00,27.867155,0,0
2016-07-15 13:00:00,28.490545,0,0
2016-07-15 14:00:00,27.632929,0,0
2016-07-15 15:00:00,26.790476,0,0
2016-07-15 16:00:00,26.635712,0,0
2016-07-15 17:00:00,26.342474,0,0
2016-07-15 18:00:00,26.056232,0,0
2016-07-15 19:00:00,25.668463,0,0
2016-07-15 20:00:00,25.414156,0,0
2016-07-15 21:00:00,25.34483,0,0
2016-07-15 22:00:00,25.288738,0,0
2016-07-15 23:00:00,25.279076,0,0
2016-07-16 00:00:00,25.267628,1,0
2016-07-16 01:00:00,25.255919,1,0
2016-07-16 02:00:00,25.071966,1,0
2016-07-16 03:00:00,25.048546,1,0
2016-07-16 04:00:00,24.97829,1,0
2016-07-16 05:00:00,24.85651,1,0
2016-07-16 06:00:00,24.788183,1,0
2016-07-16 07:00:00,24.950155,1,0
2016-07-16 08:00:00,25.494686,1,0
2016-07-16 09:00:00,26.468697,1,0
2016-07-16 10:00:00,26.891592,1,0
2016-07-16 11:00:00,27.147684,1,0
2016-07-16 12:00:00,27.531027,1,0
2016-07-16 13:00:00,27.96308,1,0
2016-07-16 14:00:00,27.7403,1,0
2016-07-16 15:00:00,26.835316,1,0
2016-07-16 16:00:00,26.481861,1,0
2016-07-16 17:00:00,26.616436,1,0
2016-07-16 18:00:00,26.472906,1,0
2016-07-16 19:00:00,26.150225,1,0
2016-07-16 20:00:00,25.90353,1,0
2016-07-16 21:00:00,25.540592,1,0
2016-07-16 22:00:00,25.232977,1,0
2016-07-16 23:00:00,25.11108,1,0
2016-07-17 00:00:00,24.949749,1,0
2016-07-17 01:00:00,24.801533,1,0
2016-07-17 02:00:00,24.331665,1,0
2016-07-17 03:00:00,24.113483,1,0
2016-07-17 04:00:00,24.025196,1,0
2016-07-17 05:00:00,24.032907,1,0
2016-07-17 06:00:00,24.081385,1,0
2016-07-17 07:00:00,24.197517,1,0
2016-07-17 08:00:00,25.01851,1,0
2016-07-17 09:00:00,26.089478,1,0
2016-07-17 10:00:00,27.192114,1,0
2016-07-17 11:00:00,28.079212,1,0
2016-07-17 12:00:00,28.506306,1,0
2016-07-17 13:00:00,27.088118,1,0
2016-07-17 14:00:00,26.143173,1,0
2016-07-17 15:00:00,26.433104,1,0
2016-07-17 16:00:00,26.68155,1,0
2016-07-17 17:00:00,26.748207,1,0
2016-07-17 18:00:00,26.558655,1,0
2016-07-17 19:00:00,26.204348,1,0
2016-07-17 20:00:00,25.805248,1,0
2016-07-17 21:00:00,25.505249,1,0
2016-07-17 22:00:00,25.49023,1,0
2016-07-17 23:00:00,25.385138,1,0
2016-07-18 00:00:00,25.188446,0,0
2016-07-18 01:00:00,24.992018,0,0
2016-07-18 02:00:00,24.969597,0,0
2016-07-18 03:00:00,24.874428,0,0
2016-07-18 04:00:00,24.75584,0,0
2016-07-18 05:00:00,24.468336,0,0
2016-07-18 06:00:00,24.324099,0,0
2016-07-18 07:00:00,24.557032,0,0
2016-07-18 08:00:00,25.016201,0,0
2016-07-18 09:00:00,25.641638,0,0
2016-07-18 10:00:00,26.566172,0,0
2016-07-18 11:00:00,27.322525,0,0
2016-07-18 12:00:00,27.795685,0,0
2016-07-18 13:00:00,27.715418,0,0
2016-07-18 14:00:00,26.972034,0,0
2016-07-18 15:00:00,26.324903,0,0
2016-07-18 16:00:00,25.802746,0,0
2016-07-18 17:00:00,25.118958,0,0
2016-07-18 18:00:00,24.80461,0,0
2016-07-18 19:00:00,24.834497,0,0
2016-07-18 20:00:00,24.709885,0,0
2016-07-18 21:00:00,24.51524,0,0
2016-07-18 22:00:00,24.545208,0,0
2016-07-18 23:00:00,24.621527,0,0
2016-07-19 00:00:00,24.764503,0,0
2016-07-19 01:00:00,24.145472,0,0
2016-07-19 02:00:00,24.138594,0,0
2016-07-19 03:00:00,24.031898,0,0
2016-07-19 04:00:00,23.684353,0,0
2016-07-19 05:00:00,23.735498,0,0
2016-07-19 06:00:00,24.26788,0,0
2016-07-19 07:00:00,24.53833,0,0
2016-07-19 08:00:00,25.224459,0,0
2016-07-19 09:00:00,25.830435,0,0
2016-07-19 10:00:00,26.869726,0,0
2016-07-19 11:00:00,27.842213,0,0
2016-07-19 12:00:00,28.431358,0,0
2016-07-19 13:00:00,28.57548,0,0
2016-07-19 14:00:00,28.192505,0,0
2016-07-19 15:00:00,27.216942,0,0
2016-07-19 16:00:00,26.6391,0,0
2016-07-19 17:00:00,26.431927,0,0
2016-07-19 18:00:00,26.001747,0,0
2016-07-19 19:00:00,25.50725,0,0
2016-07-19 20:00:00,25.292898,0,0
2016-07-19 21:00:00,25.237953,0,0
2016-07-19 22:00:00,25.196732,0,0
2016-07-19 23:00:00,25.174099,0,0
2016-07-20 00:00:00,25.120789,0,0
2016-07-20 01:00:00,25.112387,0,0
2016-07-20 02:00:00,25.46948,0,0
2016-07-20 03:00:00,25.29744,0,0
2016-07-20 04:00:00,24.931536,0,0
2016-07-20 05:00:00,24.777378,0,0
2016-07-20 06:00:00,24.742918,0,0
2016-07-20 07:00:00,24.94611,0,0
2016-07-20 08:00:00,25.73119,0,0
2016-07-20 09:00:00,26.645947,0,0
2016-07-20 10:00:00,27.555609,0,0
2016-07-20 11:00:00,28.564863,0,0
2016-07-20 12:00:00,29.259361,0,0
2016-07-20 13:00:00,29.873564,0,0
2016-07-20 14:00:00,29.26467,0,0
2016-07-20 15:00:00,29.08606,0,0
2016-07-20 16:00:00,27.426651,0,0
2016-07-20 17:00:00,26.116611,0,0
2016-07-20 18:00:00,25.720888,0,0
2016-07-20 19:00:00,25.150923,0,0
2016-07-20 20:00:00,24.692783,0,0
2016-07-20 21:00:00,24.66858,0,0
2016-07-20 22:00:00,24.418957,0,0
2016-07-20 23:00:00,24.277128,0,0
2016-07-21 00:00:00,24.450825,0,0
2016-07-21 01:00:00,24.506296,0,0
2016-07-21 02:00:00,24.61953,0,0
2016-07-21 03:00:00,24.624739,0,0
2016-07-21 04:00:00,24.559456,0,0
2016-07-21 05:00:00,24.63247,0,0
2016-07-21 06:00:00,24.662474,0,0
2016-07-21 07:00:00,24.738792,0,0
2016-07-21 08:00:00,25.429144,0,0
2016-07-21 09:00:00,26.441853,0,0
2016-07-21 10:00:00,27.712818,0,0
2016-07-21 11:00:00,28.703106,0,0
2016-07-21 12:00:00,29.234142,0,0
2016-07-21 13:00:00,29.478525,0,0
2016-07-21 14:00:00,27.038906,0,0
2016-07-21 15:00:00,26.649351,0,0
2016-07-21 16:00:00,26.460327,0,0
2016-07-21 17:00:00,26.020248,0,0
2016-07-21 18:00:00,25.351215,0,0
2016-07-21 19:00:00,25.391407,0,0
2016-07-21 20:00:00,25.15364,0,0
2016-07-21 21:00:00,25.264534,0,0
2016-07-21 22:00:00,25.147848,0,0
2016-07-21 23:00:00,25.081713,0,0
2016-07-22 00:00:00,24.937328,0,0
2016-07-22 01:00:00,24.818403,0,0
2016-07-22 02:00:00,24.81822,0,0
2016-07-22 03:00:00,24.72369,0,0
2016-07-22 04:00:00,24.63897,0,0
2016-07-22 05:00:00,24.697895,0,0
2016-07-22 06:00:00,24.601202,0,0
2016-07-22 07:00:00,24.802202,0,0
2016-07-22 08:00:00,25.356394,0,0
2016-07-22 09:00:00,26.163486,0,0
2016-07-22 10:00:00,27.109509,0,0
2016-07-22 11:00:00,27.45787,0,0
2016-07-22 12:00:00,28.02731,0,0
2016-07-22 13:00:00,28.386944,0,0
2016-07-22 14:00:00,27.787846,0,0
2016-07-22 15:00:00,27.596245,0,0
2016-07-22 16:00:00,27.165356,0,0
2016-07-22 17:00:00,26.90067,0,0
2016-07-22 18:00:00,25.868288,0,0
2016-07-22 19:00:00,24.922674,0,0
2016-07-22 20:00:00,24.462894,0,0
2016-07-22 21:00:00,24.149923,0,0
2016-07-22 22:00:00,23.762371,0,0
2016-07-22 23:00:00,24.04814,0,0
2016-07-23 00:00:00,24.004639,1,0
2016-07-23 01:00:00,23.872196,1,0
2016-07-23 02:00:00,23.882793,1,0
2016-07-23 03:00:00,23.457142,1,0
2016-07-23 04:00:00,23.47216,1,0
2016-07-23 05:00:00,23.924389,1,0
2016-07-23 06:00:00,24.082531,1,0
2016-07-23 07:00:00,24.347137,1,0
2016-07-23 08:00:00,25.071703,1,0
2016-07-23 09:00:00,26.078028,1,0
2016-07-23 10:00:00,27.275312,1,0
2016-07-23 11:00:00,28.118174,1,0
2016-07-23 12:00:00,28.707724,1,0
2016-07-23 13:00:00,28.13712,1,0
2016-07-23 14:00:00,26.746567,1,0
2016-07-23 15:00:00,26.135237,1,0
2016-07-23 16:00:00,25.595161,1,0
2016-07-23 17:00:00,26.81911,1,0
2016-07-23 18:00:00,25.6003,1,0
2016-07-23 19:00:00,25.360226,1,0
2016-07-23 20:00:00,25.05692,1,0
2016-07-23 21:00:00,24.850302,1,0
2016-07-23 22:00:00,24.77539,1,0
2016-07-23 23:00:00,24.65911,1,0
2016-07-24 00:00:00,24.579863,1,0
2016-07-24 01:00:00,24.565105,1,0
2016-07-24 02:00:00,24.872166,1,0
2016-07-24 03:00:00,24.76886,1,0
2016-07-24 04:00:00,24.404396,1,0
2016-07-24 05:00:00,24.306032,1,0
2016-07-24 06:00:00,24.199419,1,0
2016-07-24 07:00:00,24.419266,1,0
2016-07-24 08:00:00,25.204609,1,0
2016-07-24 09:00:00,26.035383,1,0
2016-07-24 10:00:00,26.733597,1,0
2016-07-24 11:00:00,27.511585,1,0
2016-07-24 12:00:00,28.32631,1,0
2016-07-24 13:00:00,28.881636,1,0
2016-07-24 14:00:00,27.639807,1,0
2016-07-24 15:00:00,26.540031,1,0
2016-07-24 16:00:00,27.021034,1,0
2016-07-24 17:00:00,26.954494,1,0
2016-07-24 18:00:00,26.468103,1,0
2016-07-24 19:00:00,26.146208,1,0
2016-07-24 20:00:00,25.749779,1,0
2016-07-24 21:00:00,25.449776,1,0
2016-07-24 22:00:00,25.303347,1,0
2016-07-24 23:00:00,25.123718,1,0
2016-07-25 00:00:00,24.939001,0,0
2016-07-25 01:00:00,24.83417,0,0
2016-07-25 02:00:00,24.757412,0,0
2016-07-25 03:00:00,24.680683,0,0
2016-07-25 04:00:00,24.627115,0,0
2016-07-25 05:00:00,24.650534,0,0
2016-07-25 06:00:00,24.629307,0,0
2016-07-25 07:00:00,24.732615,0,0
2016-07-25 08:00:00,25.443161,0,0
2016-07-25 09:00:00,26.369102,0,0
2016-07-25 10:00:00,27.353039,0,0
2016-07-25 11:00:00,28.30073,0,0
2016-07-25 12:00:00,28.865484,0,0
2016-07-25 13:00:00,29.421694,0,0
2016-07-25 14:00:00,28.663916,0,0
2016-07-25 15:00:00,28.471697,0,0
2016-07-25 16:00:00,26.700314,0,0
2016-07-25 17:00:00,26.568756,0,0
2016-07-25 18:00:00,26.398499,0,0
2016-07-25 19:00:00,26.25014,0,0
2016-07-25 20:00:00,26.010702,0,0
2016-07-25 21:00:00,25.879173,0,0
2016-07-25 22:00:00,25.639885,0,0
2016-07-25 23:00:00,25.545238,0,0
2016-07-26 00:00:00,25.435314,0,0
2016-07-26 01:00:00,25.376766,0,0
2016-07-26 02:00:00,25.455395,0,0
2016-07-26 03:00:00,25.299633,0,0
2016-07-26 04:00:00,25.214912,0,0
2016-07-26 05:00:00,25.175098,0,0
2016-07-26 06:00:00,24.980112,0,0
2016-07-26 07:00:00,25.11848,0,0
2016-07-26 08:00:00,25.752563,0,0
2016-07-26 09:00:00,26.866795,0,0
2016-07-26 10:00:00,27.8656,0,0
2016-07-26 11:00:00,28.652699,0,0
2016-07-26 12:00:00,29.11731,0,0
2016-07-26 13:00:00,27.83674,0,0
2016-07-26 14:00:00,27.03332,0,0
2016-07-26 15:00:00,27.073395,0,0
2016-07-26 16:00:00,27.572332,0,0
2016-07-26 17:00:00,27.583633,0,0
2016-07-26 18:00:00,27.214195,0,0
2016-07-26 19:00:00,26.648468,0,0
2016-07-26 20:00:00,26.185905,0,0
2016-07-26 21:00:00,25.988361,0,0
2016-07-26 22:00:00,25.800333,0,0
2016-07-26 23:00:00,25.8287,0,0
2016-07-27 00:00:00,25.74688,0,0
2016-07-27 01:00:00,25.700302,0,0
2016-07-27 02:00:00,25.14547,0,0
2016-07-27 03:00:00,25.144209,0,0
2016-07-27 04:00:00,25.150156,0,0
2016-07-27 05:00:00,25.116287,0,0
2016-07-27 06:00:00,24.90517,0,0
2016-07-27 07:00:00,24.958626,0,0
2016-07-27 08:00:00,25.400925,0,0
2016-07-27 09:00:00,26.220772,0,0
2016-07-27 10:00:00,27.123295,0,0
2016-07-27 11:00:00,27.988905,0,0
2016-07-27 12:00:00,28.563438,0,0
2016-07-27 13:00:00,29.32638,0,0
2016-07-27 14:00:00,27.93188,0,0
2016-07-27 15:00:00,27.721779,0,0
2016-07-27 16:00:00,26.684189,0,0
2016-07-27 17:00:00,26.316156,0,0
2016-07-27 18:00:00,26.084742,0,0
2016-07-27 19:00:00,25.788836,0,0
2016-07-27 20:00:00,25.634792,0,0
2016-07-27 21:00:00,25.550186,0,0
2016-07-27 22:00:00,25.53543,0,0
2016-07-27 23:00:00,25.43417,0,0
2016-07-28 00:00:00,25.372198,0,0
2016-07-28 01:00:00,25.358965,0,0
2016-07-28 02:00:00,25.17791,0,0
2016-07-28 03:00:00,24.877174,0,0
2016-07-28 04:00:00,24.907063,0,0
2016-07-28 05:00:00,24.823868,0,0
2016-07-28 06:00:00,24.701893,0,0
2016-07-28 07:00:00,24.975834,0,0
2016-07-28 08:00:00,25.470888,0,0
2016-07-28 09:00:00,26.218319,0,0
2016-07-28 10:00:00,27.357462,0,0
2016-07-28 11:00:00,28.255415,0,0
2016-07-28 12:00:00,29.079689,0,0
2016-07-28 13:00:00,29.547722,0,0
2016-07-28 14:00:00,28.039167,0,0
2016-07-28 15:00:00,27.028322,0,0
2016-07-28 16:00:00,26.48315,0,0
2016-07-28 17:00:00,26.305164,0,0
2016-07-28 18:00:00,26.135693,0,0
2016-07-28 19:00:00,25.928406,0,0
2016-07-28 20:00:00,25.592754,0,0
2016-07-28 21:00:00,25.366436,0,0
2016-07-28 22:00:00,25.181713,0,0
2016-07-28 23:00:00,25.105394,0,0
2016-07-29 00:00:00,24.939001,0,0
2016-07-29 01:00:00,24.820528,0,0
2016-07-29 02:00:00,25.320644,0,0
2016-07-29 03:00:00,25.165436,0,0
2016-07-29 04:00:00,24.810234,0,0
2016-07-29 05:00:00,24.813805,0,0
2016-07-29 06:00:00,24.843771,0,0
2016-07-29 07:00:00,25.003956,0,0
2016-07-29 08:00:00,25.43974,0,0
2016-07-29 09:00:00,26.390736,0,0
2016-07-29 10:00:00,27.502777,0,0
2016-07-29 11:00:00,27.922888,0,0
2016-07-29 12:00:00,28.290659,0,0
2016-07-29 13:00:00,27.506086,0,0
2016-07-29 14:00:00,27.695246,0,0
2016-07-29 15:00:00,28.126135,0,0
2016-07-29 16:00:00,28.287321,0,0
2016-07-29 17:00:00,27.271889,0,0
2016-07-29 18:00:00,26.759062,0,0
2016-07-29 19:00:00,26.30959,0,0
2016-07-29 20:00:00,26.058325,0,0
2016-07-29 21:00:00,25.888739,0,0
2016-07-29 22:00:00,25.71049,0,0
2016-07-29 23:00:00,25.441639,0,0
2016-07-30 00:00:00,24.90818,1,0
2016-07-30 01:00:00,24.43836,1,0
2016-07-30 02:00:00,24.26535,1,0
2016-07-30 03:00:00,23.794832,1,0
2016-07-30 04:00:00,23.616465,1,0
2016-07-30 05:00:00,23.51442,1,0
2016-07-30 06:00:00,23.277912,1,0
2016-07-30 07:00:00,23.64709,1,0
2016-07-30 08:00:00,24.197645,1,0
2016-07-30 09:00:00,24.980465,1,0
2016-07-30 10:00:00,25.89013,1,0
2016-07-30 11:00:00,26.738083,1,0
2016-07-30 12:00:00,27.379417,1,0
2016-07-30 13:00:00,27.575964,1,0
2016-07-30 14:00:00,26.551369,1,0
2016-07-30 15:00:00,26.210295,1,0
2016-07-30 16:00:00,26.240969,1,0
2016-07-30 17:00:00,26.179667,1,0
2016-07-30 18:00:00,26.0429,1,0
2016-07-30 19:00:00,25.630259,1,0
2016-07-30 20:00:00,25.339184,1,0
2016-07-30 21:00:00,25.17826,1,0
2016-07-30 22:00:00,25.0522,1,0
2016-07-30 23:00:00,24.989492,1,0
2016-07-31 00:00:00,25.006672,1,0
2016-07-31 01:00:00,25.06976,1,0
2016-07-31 02:00:00,24.995148,1,0
2016-07-31 03:00:00,24.851765,1,0
2016-07-31 04:00:00,24.360575,1,0
2016-07-31 05:00:00,24.369236,1,0
2016-07-31 06:00:00,24.333176,1,0
2016-07-31 07:00:00,24.375854,1,0
2016-07-31 08:00:00,24.759586,1,0
2016-07-31 09:00:00,25.607424,1,0
2016-07-31 10:00:00,26.763256,1,0
2016-07-31 11:00:00,27.930386,1,0
2016-07-31 12:00:00,28.929193,1,0
2016-07-31 13:00:00,29.228672,1,0
2016-07-31 14:00:00,28.9705,1,0
2016-07-31 15:00:00,28.994003,1,0
2016-07-31 16:00:00,28.092182,1,0
2016-07-31 17:00:00,27.365126,1,0
2016-07-31 18:00:00,26.867317,1,0
2016-07-31 19:00:00,26.565798,1,0
2016-07-31 20:00:00,26.224197,1,0
2016-07-31 21:00:00,25.981714,1,0
2016-07-31 22:00:00,25.813272,1,0
2016-07-31 23:00:00,25.734499,1,0
2016-08-01 00:00:00,25.572788,0,0
2016-08-01 01:00:00,25.42762,0,0
2016-08-01 02:00:00,25.082859,0,0
2016-08-01 03:00:00,24.79357,0,0
2016-08-01 04:00:00,24.876766,0,0
2016-08-01 05:00:00,24.941,0,0
2016-08-01 06:00:00,25.03933,0,0
2016-08-01 07:00:00,25.183237,0,0
2016-08-01 08:00:00,25.844423,0,0
2016-08-01 09:00:00,26.442375,0,0
2016-08-01 10:00:00,27.473528,0,0
2016-08-01 11:00:00,28.669403,0,0
2016-08-01 12:00:00,29.2452,0,0
2016-08-01 13:00:00,28.307055,0,0
2016-08-01 14:00:00,29.293413,0,0
2016-08-01 15:00:00,28.790483,0,0
2016-08-01 16:00:00,27.896801,0,0
2016-08-01 17:00:00,27.416649,0,0
2016-08-01 18:00:00,26.803562,0,0
2016-08-01 19:00:00,26.41732,0,0
2016-08-01 20:00:00,26.078882,0,0
2016-08-01 21:00:00,25.532597,0,0
2016-08-01 22:00:00,25.547615,0,0
2016-08-01 23:00:00,25.499401,0,0
2016-08-02 00:00:00,25.35654,0,0
2016-08-02 01:00:00,25.245094,0,0
2016-08-02 02:00:00,25.323606,0,0
2016-08-02 03:00:00,25.210634,0,0
2016-08-02 04:00:00,24.82926,0,0
2016-08-02 05:00:00,24.661196,0,0
2016-08-02 06:00:00,24.533304,0,0
2016-08-02 07:00:00,24.296469,0,0
2016-08-02 08:00:00,24.889097,0,0
2016-08-02 09:00:00,25.77865,0,0
2016-08-02 10:00:00,26.978243,0,0
2016-08-02 11:00:00,28.084305,0,0
2016-08-02 12:00:00,28.605791,0,0
2016-08-02 13:00:00,28.962261,0,0
2016-08-02 14:00:00,26.73479,0,0
2016-08-02 15:00:00,26.603117,0,0
2016-08-02 16:00:00,26.534906,0,0
2016-08-02 17:00:00,26.402088,0,0
2016-08-02 18:00:00,26.017366,0,0
2016-08-02 19:00:00,25.95387,0,0
2016-08-02 20:00:00,25.758965,0,0
2016-08-02 21:00:00,25.657442,0,0
2016-08-02 22:00:00,25.43643,0,0
2016-08-02 23:00:00,24.968481,0,0
2016-08-03 00:00:00,24.8487,0,0
2016-08-03 01:00:00,24.559032,0,0
2016-08-03 02:00:00,24.258326,0,0
2016-08-03 03:00:00,23.629515,0,0
2016-08-03 04:00:00,23.724419,0,0
2016-08-03 05:00:00,23.864494,0,0
2016-08-03 06:00:00,23.780632,0,0
2016-08-03 07:00:00,24.438477,0,0
2016-08-03 08:00:00,25.506132,0,0
2016-08-03 09:00:00,26.188332,0,0
2016-08-03 10:00:00,26.932743,0,0
2016-08-03 11:00:00,27.791262,0,0
2016-08-03 12:00:00,28.379784,0,0
2016-08-03 13:00:00,28.145847,0,0
2016-08-03 14:00:00,26.619444,0,0
2016-08-03 15:00:00,26.516136,0,0
2016-08-03 16:00:00,26.68543,0,0
2016-08-03 17:00:00,26.655396,0,0
2016-08-03 18:00:00,26.387215,0,0
2016-08-03 19:00:00,26.212011,0,0
2016-08-03 20:00:00,26.05361,0,0
2016-08-03 21:00:00,25.986807,0,0
2016-08-03 22:00:00,25.883501,0,0
2016-08-03 23:00:00,25.567104,0,0
2016-08-04 00:00:00,25.232384,0,0
2016-08-04 01:00:00,24.942192,0,0
2016-08-04 02:00:00,24.982645,0,0
2016-08-04 03:00:00,24.736216,0,0
2016-08-04 04:00:00,24.644617,0,0
2016-08-04 05:00:00,24.600971,0,0
2016-08-04 06:00:00,24.589,0,0
2016-08-04 07:00:00,25.063126,0,0
2016-08-04 08:00:00,25.740707,0,0
2016-08-04 09:00:00,26.227097,0,0
2016-08-04 10:00:00,26.695309,0,0
2016-08-04 11:00:00,27.335793,0,0
2016-08-04 12:00:00,27.872965,0,0
2016-08-04 13:00:00,28.084938,0,0
2016-08-04 14:00:00,28.134985,0,0
2016-08-04 15:00:00,28.054066,0,0
2016-08-04 16:00:00,28.040833,0,0
2016-08-04 17:00:00,27.852282,0,0
2016-08-04 18:00:00,27.533432,0,0
2016-08-04 19:00:00,26.976553,0,0
2016-08-04 20:00:00,26.536478,0,0
2016-08-04 21:00:00,26.271198,0,0
2016-08-04 22:00:00,26.01339,0,0
2016-08-04 23:00:00,25.795208,0,0
2016-08-05 00:00:00,25.778406,0,0
2016-08-05 01:00:00,25.615173,0,0
2016-08-05 02:00:00,25.4909,0,0
2016-08-05 03:00:00,25.360603,0,0
2016-08-05 04:00:00,25.011272,0,0
2016-08-05 05:00:00,24.882908,0,0
2016-08-05 06:00:00,24.964317,0,0
2016-08-05 07:00:00,25.149515,0,0
2016-08-05 08:00:00,25.492968,0,0
2016-08-05 09:00:00,25.973858,0,0
2016-08-05 10:00:00,26.804008,0,0
2016-08-05 11:00:00,27.17274,0,0
2016-08-05 12:00:00,27.395306,0,0
2016-08-05 13:00:00,28.258133,0,0
2016-08-05 14:00:00,29.060293,0,0
2016-08-05 15:00:00,29.129126,0,0
2016-08-05 16:00:00,27.740147,0,0
2016-08-05 17:00:00,27.541262,0,0
2016-08-05 18:00:00,27.357655,0,0
2016-08-05 19:00:00,27.094685,0,0
2016-08-05 20:00:00,26.73669,0,0
2016-08-05 21:00:00,26.552088,0,0
2016-08-05 22:00:00,26.315844,0,0
2016-08-05 23:00:00,26.079601,0,0
2016-08-06 00:00:00,25.784956,1,0
2016-08-06 01:00:00,25.366774,1,0
2016-08-06 02:00:00,25.161566,1,0
2016-08-06 03:00:00,24.963089,1,0
2016-08-06 04:00:00,25.016987,1,0
2016-08-06 05:00:00,25.054724,1,0
2016-08-06 06:00:00,24.947584,1,0
2016-08-06 07:00:00,25.046732,1,0
2016-08-06 08:00:00,26.604053,1,0
2016-08-06 09:00:00,26.846207,1,0
2016-08-06 10:00:00,27.891851,1,0
2016-08-06 11:00:00,28.947538,1,0
2016-08-06 12:00:00,29.558317,1,0
2016-08-06 13:00:00,29.742775,1,0
2016-08-06 14:00:00,29.357124,1,0
2016-08-06 15:00:00,28.313963,1,0
2016-08-06 16:00:00,27.983074,1,0
2016-08-06 17:00:00,27.730356,1,0
2016-08-06 18:00:00,27.414864,1,0
2016-08-06 19:00:00,27.030666,1,0
2016-08-06 20:00:00,26.637806,1,0
2016-08-06 21:00:00,26.335169,1,0
2016-08-06 22:00:00,26.151447,1,0
2016-08-06 23:00:00,26.041262,1,0
2016-08-07 00:00:00,25.892902,1,0
2016-08-07 01:00:00,25.740854,1,0
2016-08-07 02:00:00,25.166319,1,0
2016-08-07 03:00:00,24.562225,1,0
2016-08-07 04:00:00,24.600893,1,0
2016-08-07 05:00:00,24.808441,1,0
2016-08-07 06:00:00,24.887476,1,0
2016-08-07 07:00:00,25.074244,1,0
2016-08-07 08:00:00,25.823868,1,0
2016-08-07 09:00:00,26.819511,1,0
2016-08-07 10:00:00,27.685905,1,0
2016-08-07 11:00:00,28.6458,1,0
2016-08-07 12:00:00,29.654907,1,0
2016-08-07 13:00:00,30.368471,1,0
2016-08-07 14:00:00,30.323042,1,0
2016-08-07 15:00:00,28.316795,1,0
2016-08-07 16:00:00,27.310589,1,0
2016-08-07 17:00:00,26.802855,1,0
2016-08-07 18:00:00,26.53936,1,0
2016-08-07 19:00:00,26.292667,1,0
2016-08-07 20:00:00,26.162895,1,0
2016-08-07 21:00:00,26.113157,1,0
2016-08-07 22:00:00,26.021818,1,0
2016-08-07 23:00:00,25.9787,1,0
2016-08-08 00:00:00,25.870937,0,0
2016-08-08 01:00:00,25.825884,0,0
2016-08-08 02:00:00,25.104462,0,0
2016-08-08 03:00:00,24.6513,0,0
2016-08-08 04:00:00,24.284645,0,0
2016-08-08 05:00:00,24.310963,0,0
2016-08-08 06:00:00,24.188137,0,0
2016-08-08 07:00:00,24.092707,0,0
2016-08-08 08:00:00,24.423216,0,0
2016-08-08 09:00:00,24.969202,0,0
2016-08-08 10:00:00,25.921986,0,0
2016-08-08 11:00:00,26.931648,0,0
2016-08-08 12:00:00,28.40299,0,0
2016-08-08 13:00:00,28.735188,0,0
2016-08-08 14:00:00,28.723381,0,0
2016-08-08 15:00:00,28.868027,0,0
2016-08-08 16:00:00,28.678297,0,0
2016-08-08 17:00:00,28.151978,0,0
2016-08-08 18:00:00,27.832014,0,0
2016-08-08 19:00:00,27.312311,0,0
2016-08-08 20:00:00,26.90941,0,0
2016-08-08 21:00:00,26.686663,0,0
2016-08-08 22:00:00,26.37893,0,0
2016-08-08 23:00:00,26.247519,0,0
2016-08-09 00:00:00,26.104395,0,0
2016-08-09 01:00:00,25.956179,0,0
2016-08-09 02:00:00,25.52662,0,0
2016-08-09 03:00:00,25.238592,0,0
2016-08-09 04:00:00,25.187069,0,0
2016-08-09 05:00:00,24.875505,0,0
2016-08-09 06:00:00,24.81889,0,0
2016-08-09 07:00:00,25.052088,0,0
2016-08-09 08:00:00,25.637953,0,0
2016-08-09 09:00:00,26.590216,0,0
2016-08-09 10:00:00,27.481173,0,0
2016-08-09 11:00:00,28.328865,0,0
2016-08-09 12:00:00,28.840803,0,0
2016-08-09 13:00:00,29.499031,0,0
2016-08-09 14:00:00,29.39476,0,0
2016-08-09 15:00:00,28.744577,0,0
2016-08-09 16:00:00,28.69446,0,0
2016-08-09 17:00:00,28.482752,0,0
2016-08-09 18:00:00,27.91814,0,0
2016-08-09 19:00:00,27.313719,0,0
2016-08-09 20:00:00,26.781452,0,0
2016-08-09 21:00:00,26.348515,0,0
2016-08-09 22:00:00,26.128813,0,0
2016-08-09 23:00:00,26.048925,0,0
2016-08-10 00:00:00,25.812534,0,0
2016-08-10 01:00:00,25.838709,0,0
2016-08-10 02:00:00,25.810818,0,0
2016-08-10 03:00:00,25.612339,0,0
2016-08-10 04:00:00,25.132975,0,0
2016-08-10 05:00:00,24.715057,0,0
2016-08-10 06:00:00,24.556805,0,0
2016-08-10 07:00:00,24.644423,0,0
2016-08-10 08:00:00,25.570782,0,0
2016-08-10 09:00:00,26.195713,0,0
2016-08-10 10:00:00,27.027012,0,0
2016-08-10 11:00:00,27.48682,0,0
2016-08-10 12:00:00,28.807755,0,0
2016-08-10 13:00:00,29.357576,0,0
2016-08-10 14:00:00,29.464737,0,0
2016-08-10 15:00:00,29.455372,0,0
2016-08-10 16:00:00,28.80901,0,0
2016-08-10 17:00:00,27.384945,0,0
2016-08-10 18:00:00,26.707512,0,0
2016-08-10 19:00:00,26.296207,0,0
2016-08-10 20:00:00,26.050041,0,0
2016-08-10 21:00:00,25.865059,0,0
2016-08-10 22:00:00,25.683384,0,0
2016-08-10 23:00:00,25.465319,0,0
2016-08-11 00:00:00,25.28376,0,0
2016-08-11 01:00:00,25.187185,0,0
2016-08-11 02:00:00,25.032682,0,0
2016-08-11 03:00:00,24.512455,0,0
2016-08-11 04:00:00,24.530258,0,0
2016-08-11 05:00:00,24.60227,0,0
2016-08-11 06:00:00,24.566881,0,0
2016-08-11 07:00:00,24.766956,0,0
2016-08-11 08:00:00,25.166056,0,0
2016-08-11 09:00:00,25.850254,0,0
2016-08-11 10:00:00,26.686382,0,0
2016-08-11 11:00:00,27.710917,0,0
2016-08-11 12:00:00,28.38088,0,0
2016-08-11 13:00:00,28.678951,0,0
2016-08-11 14:00:00,26.905754,0,0
2016-08-11 15:00:00,27.055346,0,0
2016-08-11 16:00:00,27.166794,0,0
2016-08-11 17:00:00,26.941477,0,0
2016-08-11 18:00:00,26.697092,0,0
2016-08-11 19:00:00,26.40297,0,0
2016-08-11 20:00:00,26.21275,0,0
2016-08-11 21:00:00,26.04937,0,0
2016-08-11 22:00:00,25.86398,0,0
2016-08-11 23:00:00,25.602272,0,0
2016-08-12 00:00:00,25.256104,0,0
2016-08-12 01:00:00,25.063648,0,0
2016-08-12 02:00:00,24.851562,0,0
2016-08-12 03:00:00,24.947023,0,0
2016-08-12 04:00:00,24.94257,0,0
2016-08-12 05:00:00,25.006296,0,0
2016-08-12 06:00:00,25.063475,0,0
2016-08-12 07:00:00,25.041906,0,0
2016-08-12 08:00:00,25.558918,0,0
2016-08-12 09:00:00,26.121773,0,0
2016-08-12 10:00:00,27.239313,0,0
2016-08-12 11:00:00,27.83779,0,0
2016-08-12 12:00:00,28.527195,0,0
2016-08-12 13:00:00,28.852251,0,0
2016-08-12 14:00:00,28.279995,0,0
2016-08-12 15:00:00,28.327658,0,0
2016-08-12 16:00:00,27.287283,0,0
2016-08-12 17:00:00,27.439367,0,0
2016-08-12 18:00:00,26.294422,0,0
2016-08-12 19:00:00,26.122934,0,0
2016-08-12 20:00:00,25.969625,0,0
2016-08-12 21:00:00,25.846994,0,0
2016-08-12 22:00:00,25.747517,0,0
2016-08-12 23:00:00,25.645733,0,0
2016-08-13 00:00:00,25.434616,1,0
2016-08-13 01:00:00,25.38283,1,0
2016-08-13 02:00:00,25.433092,1,0
2016-08-13 03:00:00,25.30168,1,0
2016-08-13 04:00:00,25.176884,1,0
2016-08-13 05:00:00,25.13669,1,0
2016-08-13 06:00:00,24.924099,1,0
2016-08-13 07:00:00,25.084284,1,0
2016-08-13 08:00:00,25.786837,1,0
2016-08-13 09:00:00,26.809326,1,0
2016-08-13 10:00:00,27.792852,1,0
2016-08-13 11:00:00,28.714672,1,0
2016-08-13 12:00:00,28.887749,1,0
2016-08-13 13:00:00,29.278494,1,0
2016-08-13 14:00:00,28.845753,1,0
2016-08-13 15:00:00,28.133743,1,0
2016-08-13 16:00:00,27.835907,1,0
2016-08-13 17:00:00,27.139446,1,0
2016-08-13 18:00:00,26.632977,1,0
2016-08-13 19:00:00,26.283384,1,0
2016-08-13 20:00:00,26.06175,1,0
2016-08-13 21:00:00,25.784498,1,0
2016-08-13 22:00:00,25.554802,1,0
2016-08-13 23:00:00,25.295732,1,0
2016-08-14 00:00:00,24.968481,1,0
2016-08-14 01:00:00,24.680191,1,0
2016-08-14 02:00:00,24.548962,1,0
2016-08-14 03:00:00,24.607101,1,0
2016-08-14 04:00:00,24.630192,1,0
2016-08-14 05:00:00,24.723051,1,0
2016-08-14 06:00:00,24.554173,1,0
2016-08-14 07:00:00,24.541752,1,0
2016-08-14 08:00:00,25.232859,1,0
2016-08-14 09:00:00,25.7465,1,0
2016-08-14 10:00:00,26.757538,1,0
2016-08-14 11:00:00,27.962486,1,0
2016-08-14 12:00:00,28.632074,1,0
2016-08-14 13:00:00,29.139545,1,0
2016-08-14 14:00:00,28.143864,1,0
2016-08-14 15:00:00,27.486197,1,0
2016-08-14 16:00:00,27.035381,1,0
2016-08-14 17:00:00,26.180145,1,0
2016-08-14 18:00:00,25.353561,1,0
2016-08-14 19:00:00,25.0994,1,0
2016-08-14 20:00:00,24.950253,1,0
2016-08-14 21:00:00,24.86044,1,0
2016-08-14 22:00:00,24.806803,1,0
2016-08-14 23:00:00,24.582598,1,0
2016-08-15 00:00:00,24.549402,0,0
2016-08-15 01:00:00,24.682938,0,0
2016-08-15 02:00:00,24.974653,0,0
2016-08-15 03:00:00,25.044537,0,0
2016-08-15 04:00:00,24.995653,0,0
2016-08-15 05:00:00,24.687513,0,0
2016-08-15 06:00:00,24.705694,0,0
2016-08-15 07:00:00,24.986992,0,0
2016-08-15 08:00:00,25.674313,0,0
2016-08-15 09:00:00,26.362343,0,0
2016-08-15 10:00:00,27.222265,0,0
2016-08-15 11:00:00,28.135353,0,0
2016-08-15 12:00:00,28.87119,0,0
2016-08-15 13:00:00,28.555763,0,0
2016-08-15 14:00:00,27.927406,0,0
2016-08-15 15:00:00,27.683235,0,0
2016-08-15 16:00:00,27.366909,0,0
2016-08-15 17:00:00,26.760586,0,0
2016-08-15 18:00:00,26.412779,0,0
2016-08-15 19:00:00,26.148287,0,0
2016-08-15 20:00:00,25.885052,0,0
2016-08-15 21:00:00,25.765465,0,0
2016-08-15 22:00:00,25.567513,0,0
2016-08-15 23:00:00,25.457588,0,0
2016-08-16 00:00:00,25.35911,0,0
2016-08-16 01:00:00,25.278814,0,0
2016-08-16 02:00:00,25.493015,0,0
2016-08-16 03:00:00,25.284615,0,0
2016-08-16 04:00:00,25.091228,0,0
2016-08-16 05:00:00,24.578735,0,0
2016-08-16 06:00:00,24.213009,0,0
2016-08-16 07:00:00,24.428553,0,0
2016-08-16 08:00:00,25.142145,0,0
2016-08-16 09:00:00,26.260181,0,0
2016-08-16 10:00:00,27.230883,0,0
2016-08-16 11:00:00,28.21177,0,0
2016-08-16 12:00:00,28.903223,0,0
2016-08-16 13:00:00,29.30129,0,0
2016-08-16 14:00:00,28.134005,0,0
2016-08-16 15:00:00,27.33122,0,0
2016-08-16 16:00:00,27.14126,0,0
2016-08-16 17:00:00,26.98807,0,0
2016-08-16 18:00:00,26.706987,0,0
2016-08-16 19:00:00,26.403154,0,0
2016-08-16 20:00:00,26.139069,0,0
2016-08-16 21:00:00,25.909966,0,0
2016-08-16 22:00:00,25.860373,0,0
2016-08-16 23:00:00,25.727291,0,0
2016-08-17 00:00:00,25.574245,0,0
2016-08-17 01:00:00,25.462128,0,0
2016-08-17 02:00:00,25.35364,0,0
2016-08-17 03:00:00,25.343685,0,0
2016-08-17 04:00:00,25.302319,0,0
2016-08-17 05:00:00,25.26228,0,0
2016-08-17 06:00:00,25.206072,0,0
2016-08-17 07:00:00,25.160458,0,0
2016-08-17 08:00:00,25.701418,0,0
2016-08-17 09:00:00,26.462605,0,0
2016-08-17 10:00:00,27.314486,0,0
2016-08-17 11:00:00,28.321693,0,0
2016-08-17 12:00:00,27.907639,0,0
2016-08-17 13:00:00,28.59909,0,0
2016-08-17 14:00:00,28.714815,0,0
2016-08-17 15:00:00,27.934628,0,0
2016-08-17 16:00:00,27.810701,0,0
2016-08-17 17:00:00,27.658916,0,0
2016-08-17 18:00:00,27.350513,0,0
2016-08-17 19:00:00,26.950779,0,0
2016-08-17 20:00:00,26.5929,0,0
2016-08-17 21:00:00,26.271412,0,0
2016-08-17 22:00:00,25.911226,0,0
2016-08-17 23:00:00,25.802448,0,0
2016-08-18 00:00:00,25.880814,0,0
2016-08-18 01:00:00,25.792784,0,0
2016-08-18 02:00:00,25.75985,0,0
2016-08-18 03:00:00,25.593046,0,0
2016-08-18 04:00:00,25.581337,0,0
2016-08-18 05:00:00,25.049973,0,0
2016-08-18 06:00:00,25.048449,0,0
2016-08-18 07:00:00,25.441086,0,0
2016-08-18 08:00:00,26.000301,0,0
2016-08-18 09:00:00,26.840971,0,0
2016-08-18 10:00:00,27.512194,0,0
2016-08-18 11:00:00,28.485207,0,0
2016-08-18 12:00:00,29.139515,0,0
2016-08-18 13:00:00,29.95869,0,0
2016-08-18 14:00:00,28.647322,0,0
2016-08-18 15:00:00,27.3767,0,0
2016-08-18 16:00:00,27.36648,0,0
2016-08-18 17:00:00,27.131828,0,0
2016-08-18 18:00:00,26.451824,0,0
2016-08-18 19:00:00,26.044687,0,0
2016-08-18 20:00:00,25.859818,0,0
2016-08-18 21:00:00,25.718483,0,0
2016-08-18 22:00:00,25.622051,0,0
2016-08-18 23:00:00,25.530716,0,0
2016-08-19 00:00:00,25.419004,0,0
2016-08-19 01:00:00,25.343801,0,0
2016-08-19 02:00:00,25.171906,0,0
2016-08-19 03:00:00,24.960342,0,0
2016-08-19 04:00:00,24.781044,0,0
2016-08-19 05:00:00,24.825882,0,0
2016-08-19 06:00:00,24.922428,0,0
2016-08-19 07:00:00,25.123718,0,0
2016-08-19 08:00:00,25.87665,0,0
2016-08-19 09:00:00,27.029404,0,0
2016-08-19 10:00:00,28.123266,0,0
2016-08-19 11:00:00,29.099585,0,0
2016-08-19 12:00:00,29.802485,0,0
2016-08-19 13:00:00,30.283981,0,0
2016-08-19 14:00:00,28.720694,0,0
2016-08-19 15:00:00,28.018812,0,0
2016-08-19 16:00:00,26.683975,0,0
2016-08-19 17:00:00,25.543339,0,0
2016-08-19 18:00:00,25.312778,0,0
2016-08-19 19:00:00,25.222296,0,0
2016-08-19 20:00:00,25.165417,0,0
2016-08-19 21:00:00,25.100662,0,0
2016-08-19 22:00:00,25.017725,0,0
2016-08-19 23:00:00,25.086576,0,0
2016-08-20 00:00:00,25.133791,1,0
2016-08-20 01:00:00,25.12896,1,0
2016-08-20 02:00:00,25.201385,1,0
2016-08-20 03:00:00,25.234253,1,0
2016-08-20 04:00:00,25.080946,1,0
2016-08-20 05:00:00,24.48856,1,0
2016-08-20 06:00:00,24.235252,1,0
2016-08-20 07:00:00,24.171644,1,0
2016-08-20 08:00:00,24.522556,1,0
2016-08-20 09:00:00,25.00957,1,0
2016-08-20 10:00:00,25.596027,1,0
2016-08-20 11:00:00,25.968515,1,0
2016-08-20 12:00:00,26.74302,1,0
2016-08-20 13:00:00,27.543037,1,0
2016-08-20 14:00:00,26.942,1,0
2016-08-20 15:00:00,26.792404,1,0
2016-08-20 16:00:00,26.963373,1,0
2016-08-20 17:00:00,26.66463,1,0
2016-08-20 18:00:00,26.350285,1,0
2016-08-20 19:00:00,25.999287,1,0
2016-08-20 20:00:00,25.7465,1,0
2016-08-20 21:00:00,25.688622,1,0
2016-08-20 22:00:00,25.57922,1,0
2016-08-20 23:00:00,25.489523,1,0
2016-08-21 00:00:00,25.46789,1,0
2016-08-21 01:00:00,25.425884,1,0
2016-08-21 02:00:00,25.457327,1,0
2016-08-21 03:00:00,25.29737,1,0
2016-08-21 04:00:00,25.043276,1,0
2016-08-21 05:00:00,24.558393,1,0
2016-08-21 06:00:00,24.56041,1,0
2016-08-21 07:00:00,24.56398,1,0
2016-08-21 08:00:00,25.516464,1,0
2016-08-21 09:00:00,26.48971,1,0
2016-08-21 10:00:00,27.684208,1,0
2016-08-21 11:00:00,28.715357,1,0
2016-08-21 12:00:00,29.32171,1,0
2016-08-21 13:00:00,28.10523,1,0
2016-08-21 14:00:00,27.925373,1,0
2016-08-21 15:00:00,28.190922,1,0
2016-08-21 16:00:00,28.073565,1,0
2016-08-21 17:00:00,27.164196,1,0
2016-08-21 18:00:00,26.716911,1,0
2016-08-21 19:00:00,26.304348,1,0
2016-08-21 20:00:00,26.018368,1,0
2016-08-21 21:00:00,26.046877,1,0
2016-08-21 22:00:00,26.062157,1,0
2016-08-21 23:00:00,26.057064,1,0
2016-08-22 00:00:00,26.055658,0,0
2016-08-22 01:00:00,25.969006,0,0
2016-08-22 02:00:00,25.720268,0,0
2016-08-22 03:00:00,25.558294,0,0
2016-08-22 04:00:00,25.288183,0,0
2016-08-22 05:00:00,25.020073,0,0
2016-08-22 06:00:00,24.370743,0,0
2016-08-22 07:00:00,24.347992,0,0
2016-08-22 08:00:00,24.79196,0,0
2016-08-22 09:00:00,25.929466,0,0
2016-08-22 10:00:00,27.146976,0,0
2016-08-22 11:00:00,28.562817,0,0
2016-08-22 12:00:00,29.130733,0,0
2016-08-22 13:00:00,29.435305,0,0
2016-08-22 14:00:00,27.763962,0,0
2016-08-22 15:00:00,27.910917,0,0
2016-08-22 16:00:00,27.788136,0,0
2016-08-22 17:00:00,27.04516,0,0
2016-08-22 18:00:00,26.745424,0,0
2016-08-22 19:00:00,26.328356,0,0
2016-08-22 20:00:00,26.105463,0,0
2016-08-22 21:00:00,25.970886,0,0
2016-08-22 22:00:00,25.941406,0,0
2016-08-22 23:00:00,25.94167,0,0
2016-08-23 00:00:00,25.840784,0,0
2016-08-23 01:00:00,25.790638,0,0
2016-08-23 02:00:00,25.843163,0,0
2016-08-23 03:00:00,25.649223,0,0
2016-08-23 04:00:00,25.424166,0,0
2016-08-23 05:00:00,24.681599,0,0
2016-08-23 06:00:00,24.396946,0,0
2016-08-23 07:00:00,24.50494,0,0
2016-08-23 08:00:00,25.180958,0,0
2016-08-23 09:00:00,26.31925,0,0
2016-08-23 10:00:00,27.047092,0,0
2016-08-23 11:00:00,27.733519,0,0
2016-08-23 12:00:00,27.698307,0,0
2016-08-23 13:00:00,27.626556,0,0
2016-08-23 14:00:00,26.888414,0,0
2016-08-23 15:00:00,25.934872,0,0
2016-08-23 16:00:00,25.87647,0,0
2016-08-23 17:00:00,25.837296,0,0
2016-08-23 18:00:00,25.856262,0,0
2016-08-23 19:00:00,25.718758,0,0
2016-08-23 20:00:00,25.764446,0,0
2016-08-23 21:00:00,25.856571,0,0
2016-08-23 22:00:00,25.938507,0,0
2016-08-23 23:00:00,26.00695,0,0
2016-08-24 00:00:00,26.026913,0,0
2016-08-24 01:00:00,26.006802,0,0
2016-08-24 02:00:00,25.985497,0,0
2016-08-24 03:00:00,26.077358,0,0
2016-08-24 04:00:00,25.924313,0,0
2016-08-24 05:00:00,25.708935,0,0
2016-08-24 06:00:00,25.63961,0,0
2016-08-24 07:00:00,25.75027,0,0
2016-08-24 08:00:00,26.138283,0,0
2016-08-24 09:00:00,25.942114,0,0
2016-08-24 10:00:00,26.462486,0,0
2016-08-24 11:00:00,27.552301,0,0
2016-08-24 12:00:00,28.357346,0,0
2016-08-24 13:00:00,29.119648,0,0
2016-08-24 14:00:00,28.597754,0,0
2016-08-24 15:00:00,28.164963,0,0
2016-08-24 16:00:00,26.682512,0,0
2016-08-24 17:00:00,26.55207,0,0
2016-08-24 18:00:00,26.325344,0,0
2016-08-24 19:00:00,26.060587,0,0
2016-08-24 20:00:00,25.774605,0,0
2016-08-24 21:00:00,25.538622,0,0
2016-08-24 22:00:00,25.444239,0,0
2016-08-24 23:00:00,25.344093,0,0
2016-08-25 00:00:00,25.170673,0,0
2016-08-25 01:00:00,25.022457,0,0
2016-08-25 02:00:00,25.125952,0,0
2016-08-25 03:00:00,24.757656,0,0
2016-08-25 04:00:00,24.528143,0,0
2016-08-25 05:00:00,24.486809,0,0
2016-08-25 06:00:00,24.368628,0,0
2016-08-25 07:00:00,24.532124,0,0
2016-08-25 08:00:00,25.536428,0,0
2016-08-25 09:00:00,26.672787,0,0
2016-08-25 10:00:00,27.42279,0,0
2016-08-25 11:00:00,28.488516,0,0
2016-08-25 12:00:00,29.118141,0,0
2016-08-25 13:00:00,29.447653,0,0
2016-08-25 14:00:00,27.111877,0,0
2016-08-25 15:00:00,27.07624,0,0
2016-08-25 16:00:00,27.148846,0,0
2016-08-25 17:00:00,26.419073,0,0
2016-08-25 18:00:00,25.333906,0,0
2016-08-25 19:00:00,24.907589,0,0
2016-08-25 20:00:00,24.507734,0,0
2016-08-25 21:00:00,24.357655,0,0
2016-08-25 22:00:00,24.214533,0,0
2016-08-25 23:00:00,24.15461,0,0
2016-08-26 00:00:00,24.056131,0,0
2016-08-26 01:00:00,23.960701,0,0
2016-08-26 02:00:00,24.129288,0,0
2016-08-26 03:00:00,24.497324,0,0
2016-08-26 04:00:00,24.323643,0,0
2016-08-26 05:00:00,24.127884,0,0
2016-08-26 06:00:00,23.678883,0,0
2016-08-26 07:00:00,24.050892,0,0
2016-08-26 08:00:00,25.510895,0,0
2016-08-26 09:00:00,26.293638,0,0
2016-08-26 10:00:00,27.247732,0,0
2016-08-26 11:00:00,28.07505,0,0
2016-08-26 12:00:00,27.568678,0,0
2016-08-26 13:00:00,27.022705,0,0
2016-08-26 14:00:00,25.903147,0,0
2016-08-26 15:00:00,25.761402,0,0
2016-08-26 16:00:00,25.967989,0,0
2016-08-26 17:00:00,25.864796,0,0
2016-08-26 18:00:00,25.272083,0,0
2016-08-26 19:00:00,24.674538,0,0
2016-08-26 20:00:00,24.333199,0,0
2016-08-26 21:00:00,24.176584,0,0
2016-08-26 22:00:00,24.702087,0,0
2016-08-26 23:00:00,24.252495,0,0
2016-08-27 00:00:00,24.145876,1,0
2016-08-27 01:00:00,24.120672,1,0
2016-08-27 02:00:00,24.636398,1,0
2016-08-27 03:00:00,24.85774,1,0
2016-08-27 04:00:00,24.846031,1,0
2016-08-27 05:00:00,24.102467,1,0
2016-08-27 06:00:00,24.034285,1,0
2016-08-27 07:00:00,24.372051,1,0
2016-08-27 08:00:00,25.637661,1,0
2016-08-27 09:00:00,26.419481,1,0
2016-08-27 10:00:00,27.419218,1,0
2016-08-27 11:00:00,27.425274,1,0
2016-08-27 12:00:00,28.2436,1,0
2016-08-27 13:00:00,28.62542,1,0
2016-08-27 14:00:00,28.081676,1,0
2016-08-27 15:00:00,27.178213,1,0
2016-08-27 16:00:00,26.956648,1,0
2016-08-27 17:00:00,26.568281,1,0
2016-08-27 18:00:00,26.234674,1,0
2016-08-27 19:00:00,26.139362,1,0
2016-08-27 20:00:00,25.900925,1,0
2016-08-27 21:00:00,25.65423,1,0
2016-08-27 22:00:00,25.531075,1,0
2016-08-27 23:00:00,25.495947,1,0
2016-08-28 00:00:00,25.33933,1,0
2016-08-28 01:00:00,25.137806,1,0
2016-08-28 02:00:00,25.079813,1,0
2016-08-28 03:00:00,24.939737,1,0
2016-08-28 04:00:00,25.259033,1,0
2016-08-28 05:00:00,25.052677,1,0
2016-08-28 06:00:00,24.962603,1,0
2016-08-28 07:00:00,24.977882,1,0
2016-08-28 08:00:00,26.113865,1,0
2016-08-28 09:00:00,26.910965,1,0
2016-08-28 10:00:00,27.559586,1,0
2016-08-28 11:00:00,28.18579,1,0
2016-08-28 12:00:00,28.772558,1,0
2016-08-28 13:00:00,28.918365,1,0
2016-08-28 14:00:00,28.966549,1,0
2016-08-28 15:00:00,28.802055,1,0
2016-08-28 16:00:00,28.383877,1,0
2016-08-28 17:00:00,27.864765,1,0
2016-08-28 18:00:00,27.50458,1,0
2016-08-28 19:00:00,27.114502,1,0
2016-08-28 20:00:00,26.439707,1,0
2016-08-28 21:00:00,26.099302,1,0
2016-08-28 22:00:00,25.90915,1,0
2016-08-28 23:00:00,25.780636,1,0
2016-08-29 00:00:00,25.236399,0,0
2016-08-29 01:00:00,25.209557,0,0
2016-08-29 02:00:00,25.03481,0,0
2016-08-29 03:00:00,24.86563,0,0
2016-08-29 04:00:00,24.200747,0,0
2016-08-29 05:00:00,24.504986,0,0
2016-08-29 06:00:00,24.382423,0,0
2016-08-29 07:00:00,24.547255,0,0
2016-08-29 08:00:00,25.790592,0,0
2016-08-29 09:00:00,26.32256,0,0
2016-08-29 10:00:00,27.132368,0,0
2016-08-29 11:00:00,27.952448,0,0
2016-08-29 12:00:00,28.462486,0,0
2016-08-29 13:00:00,28.487167,0,0
2016-08-29 14:00:00,28.730581,0,0
2016-08-29 15:00:00,27.74522,0,0
2016-08-29 16:00:00,26.633007,0,0
2016-08-29 17:00:00,26.04907,0,0
2016-08-29 18:00:00,25.891047,0,0
2016-08-29 19:00:00,25.651754,0,0
2016-08-29 20:00:00,25.226028,0,0
2016-08-29 21:00:00,24.904541,0,0
2016-08-29 22:00:00,24.506733,0,0
2016-08-29 23:00:00,24.68443,0,0
2016-08-30 00:00:00,24.272867,0,0
2016-08-30 01:00:00,24.091194,0,0
2016-08-30 02:00:00,23.896433,0,0
2016-08-30 03:00:00,23.893124,0,0
2016-08-30 04:00:00,23.501932,0,0
2016-08-30 05:00:00,24.025913,0,0
2016-08-30 06:00:00,24.300562,0,0
2016-08-30 07:00:00,24.819859,0,0
2016-08-30 08:00:00,25.957249,0,0
2016-08-30 09:00:00,27.022264,0,0
2016-08-30 10:00:00,27.887545,0,0
2016-08-30 11:00:00,28.60487,0,0
2016-08-30 12:00:00,29.023458,0,0
2016-08-30 13:00:00,29.084023,0,0
2016-08-30 14:00:00,27.187408,0,0
2016-08-30 15:00:00,27.277292,0,0
2016-08-30 16:00:00,27.331598,0,0
2016-08-30 17:00:00,27.341637,0,0
2016-08-30 18:00:00,26.95844,0,0
2016-08-30 19:00:00,26.553612,0,0
2016-08-30 20:00:00,26.255657,0,0
2016-08-30 21:00:00,25.90592,0,0
2016-08-30 22:00:00,25.661127,0,0
2016-08-30 23:00:00,25.494326,0,0
2016-08-31 00:00:00,25.392164,0,0
2016-08-31 01:00:00,25.272429,0,0
2016-08-31 02:00:00,25.40741,0,0
2016-08-31 03:00:00,25.217335,0,0
2016-08-31 04:00:00,24.569265,0,0
2016-08-31 05:00:00,24.37079,0,0
2016-08-31 06:00:00,24.18964,0,0
2016-08-31 07:00:00,24.412273,0,0
2016-08-31 08:00:00,25.284645,0,0
2016-08-31 09:00:00,26.247616,0,0
2016-08-31 10:00:00,27.327242,0,0
2016-08-31 11:00:00,27.980406,0,0
2016-08-31 12:00:00,28.330782,0,0
2016-08-31 13:00:00,27.239737,0,0
2016-08-31 14:00:00,27.495356,0,0
2016-08-31 15:00:00,26.572227,0,0
2016-08-31 16:00:00,26.245646,0,0
2016-08-31 17:00:00,26.059996,0,0
2016-08-31 18:00:00,25.924866,0,0
2016-08-31 19:00:00,25.687952,0,0
2016-08-31 20:00:00,25.587807,0,0
2016-08-31 21:00:00,25.447845,0,0
2016-08-31 22:00:00,25.384613,0,0
2016-08-31 23:00:00,25.30815,0,0
2016-09-01 00:00:00,25.126738,0,0
2016-09-01 01:00:00,24.61915,0,0
2016-09-01 02:00:00,24.607065,0,0
2016-09-01 03:00:00,24.531862,0,0
2016-09-01 04:00:00,24.461748,0,0
2016-09-01 05:00:00,24.45525,0,0
2016-09-01 06:00:00,24.372166,0,0
2016-09-01 07:00:00,24.571905,0,0
2016-09-01 08:00:00,25.199516,0,0
2016-09-01 09:00:00,26.01324,0,0
2016-09-01 10:00:00,26.973688,0,0
2016-09-01 11:00:00,27.762651,0,0
2016-09-01 12:00:00,28.311127,0,0
2016-09-01 13:00:00,28.417889,0,0
2016-09-01 14:00:00,28.07827,0,0
2016-09-01 15:00:00,27.819984,0,0
2016-09-01 16:00:00,27.47757,0,0
2016-09-01 17:00:00,26.872887,0,0
2016-09-01 18:00:00,26.05968,0,0
2016-09-01 19:00:00,25.449642,0,0
2016-09-01 20:00:00,25.046072,0,0
2016-09-01 21:00:00,24.823915,0,0
2016-09-01 22:00:00,24.814842,0,0
2016-09-01 23:00:00,24.742685,0,0
2016-09-02 00:00:00,24.762388,0,0
2016-09-02 01:00:00,24.737446,0,0
2016-09-02 02:00:00,25.163143,0,0
2016-09-02 03:00:00,24.968235,0,0
2016-09-02 04:00:00,24.943031,0,0
2016-09-02 05:00:00,24.794703,0,0
2016-09-02 06:00:00,24.485186,0,0
2016-09-02 07:00:00,24.978897,0,0
2016-09-02 08:00:00,26.300978,0,0
2016-09-02 09:00:00,27.113163,0,0
2016-09-02 10:00:00,27.170925,0,0
2016-09-02 11:00:00,27.465193,0,0
2016-09-02 12:00:00,27.303776,0,0
2016-09-02 13:00:00,26.935219,0,0
2016-09-02 14:00:00,27.310064,0,0
2016-09-02 15:00:00,27.092113,0,0
2016-09-02 16:00:00,26.817432,0,0
2016-09-02 17:00:00,26.805723,0,0
2016-09-02 18:00:00,26.554201,0,0
2016-09-02 19:00:00,26.187807,0,0
2016-09-02 20:00:00,25.765059,0,0
2016-09-02 21:00:00,25.545471,0,0
2016-09-02 22:00:00,25.362127,0,0
2016-09-02 23:00:00,25.216812,0,0
2016-09-03 00:00:00,25.075214,1,0
2016-09-03 01:00:00,25.023428,1,0
2016-09-03 02:00:00,24.90622,1,0
2016-09-03 03:00:00,24.76131,1,0
2016-09-03 04:00:00,24.631683,1,0
2016-09-03 05:00:00,24.528376,1,0
2016-09-03 06:00:00,24.519974,1,0
2016-09-03 07:00:00,24.574135,1,0
2016-09-03 08:00:00,25.567812,1,0
2016-09-03 09:00:00,26.41832,1,0
2016-09-03 10:00:00,27.42798,1,0
2016-09-03 11:00:00,28.180243,1,0
2016-09-03 12:00:00,28.962507,1,0
2016-09-03 13:00:00,27.621494,1,0
2016-09-03 14:00:00,28.957054,1,0
2016-09-03 15:00:00,27.354,1,0
2016-09-03 16:00:00,27.127682,1,0
2016-09-03 17:00:00,27.055494,1,0
2016-09-03 18:00:00,26.587807,1,0
2016-09-03 19:00:00,26.314796,1,0
2016-09-03 20:00:00,25.988476,1,0
2016-09-03 21:00:00,25.770296,1,0
2016-09-03 22:00:00,25.496616,1,0
2016-09-03 23:00:00,25.278097,1,0
2016-09-04 00:00:00,25.134975,1,0
2016-09-04 01:00:00,25.061895,1,0
2016-09-04 02:00:00,25.1932,1,0
2016-09-04 03:00:00,25.102386,1,0
2016-09-04 04:00:00,24.978704,1,0
2016-09-04 05:00:00,24.180668,1,0
2016-09-04 06:00:00,23.966959,1,0
2016-09-04 07:00:00,23.909225,1,0
2016-09-04 08:00:00,24.42642,1,0
2016-09-04 09:00:00,25.234789,1,0
2016-09-04 10:00:00,26.54783,1,0
2016-09-04 11:00:00,27.578455,1,0
2016-09-04 12:00:00,28.206823,1,0
2016-09-04 13:00:00,28.048683,1,0
2016-09-04 14:00:00,29.079443,1,0
2016-09-04 15:00:00,27.768286,1,0
2016-09-04 16:00:00,29.13949,1,0
2016-09-04 17:00:00,26.706802,1,0
2016-09-04 18:00:00,26.555017,1,0
2016-09-04 19:00:00,26.278028,1,0
2016-09-04 20:00:00,25.845684,1,0
2016-09-04 21:00:00,25.47212,1,0
2016-09-04 22:00:00,25.095915,1,0
2016-09-04 23:00:00,24.898108,1,0
2016-09-05 00:00:00,24.7919,0,0
2016-09-05 01:00:00,24.719414,0,0
2016-09-05 02:00:00,24.913912,0,0
2016-09-05 03:00:00,24.761244,0,0
2016-09-05 04:00:00,24.722546,0,0
2016-09-05 05:00:00,24.599941,0,0
2016-09-05 06:00:00,24.416405,0,0
2016-09-05 07:00:00,24.550415,0,0
2016-09-05 08:00:00,25.184761,0,0
2016-09-05 09:00:00,26.084122,0,0
2016-09-05 10:00:00,27.370218,0,0
2016-09-05 11:00:00,28.021479,0,0
2016-09-05 12:00:00,28.328096,0,0
2016-09-05 13:00:00,28.757217,0,0
2016-09-05 14:00:00,27.718925,0,0
2016-09-05 15:00:00,26.098877,0,0
2016-09-05 16:00:00,25.945452,0,0
2016-09-05 17:00:00,25.757423,0,0
2016-09-05 18:00:00,25.806017,0,0
2016-09-05 19:00:00,25.584644,0,0
2016-09-05 20:00:00,25.214794,0,0
2016-09-05 21:00:00,25.087807,0,0
2016-09-05 22:00:00,24.465912,0,0
2016-09-05 23:00:00,24.46041,0,0
2016-09-06 00:00:00,24.28409,0,0
2016-09-06 01:00:00,24.099371,0,0
2016-09-06 02:00:00,24.332792,0,0
2016-09-06 03:00:00,24.206947,0,0
2016-09-06 04:00:00,24.130436,0,0
2016-09-06 05:00:00,24.394093,0,0
2016-09-06 06:00:00,24.452871,0,0
2016-09-06 07:00:00,24.789116,0,0
2016-09-06 08:00:00,25.598547,0,0
2016-09-06 09:00:00,26.584791,0,0
2016-09-06 10:00:00,27.602448,0,0
2016-09-06 11:00:00,28.551777,0,0
2016-09-06 12:00:00,29.227835,0,0
2016-09-06 13:00:00,29.423235,0,0
2016-09-06 14:00:00,28.005087,0,0
2016-09-06 15:00:00,27.43319,0,0
2016-09-06 16:00:00,27.488136,0,0
2016-09-06 17:00:00,26.882713,0,0
2016-09-06 18:00:00,26.671265,0,0
2016-09-06 19:00:00,26.396471,0,0
2016-09-06 20:00:00,26.121674,0,0
2016-09-06 21:00:00,25.938854,0,0
2016-09-06 22:00:00,25.7325,0,0
2016-09-06 23:00:00,25.627405,0,0
2016-09-07 00:00:00,25.475214,0,0
2016-09-07 01:00:00,25.306103,0,0
2016-09-07 02:00:00,25.147848,0,0
2016-09-07 03:00:00,24.813456,0,0
2016-09-07 04:00:00,24.420557,0,0
2016-09-07 05:00:00,24.532124,0,0
2016-09-07 06:00:00,24.568365,0,0
2016-09-07 07:00:00,24.769218,0,0
2016-09-07 08:00:00,25.510963,0,0
2016-09-07 09:00:00,26.211964,0,0
2016-09-07 10:00:00,27.090328,0,0
2016-09-07 11:00:00,27.992968,0,0
2016-09-07 12:00:00,28.749323,0,0
2016-09-07 13:00:00,29.229065,0,0
2016-09-07 14:00:00,27.752075,0,0
2016-09-07 15:00:00,26.83609,0,0
2016-09-07 16:00:00,26.005491,0,0
2016-09-07 17:00:00,25.591883,0,0
2016-09-07 18:00:00,24.959356,0,0
2016-09-07 19:00:00,25.280106,0,0
2016-09-07 20:00:00,24.937983,0,0
2016-09-07 21:00:00,24.84579,0,0
2016-09-07 22:00:00,24.697498,0,0
2016-09-07 23:00:00,24.702446,0,0
2016-09-08 00:00:00,24.970482,0,0
2016-09-08 01:00:00,25.021742,0,0
2016-09-08 02:00:00,25.17669,0,0
2016-09-08 03:00:00,25.032013,0,0
2016-09-08 04:00:00,24.635992,0,0
2016-09-08 05:00:00,24.33997,0,0
2016-09-08 06:00:00,24.284874,0,0
2016-09-08 07:00:00,24.68997,0,0
2016-09-08 08:00:00,25.373905,0,0
2016-09-08 09:00:00,27.18115,0,0
2016-09-08 10:00:00,26.505562,0,0
2016-09-08 11:00:00,26.834549,0,0
2016-09-08 12:00:00,26.735626,0,0
2016-09-08 13:00:00,26.787937,0,0
2016-09-08 14:00:00,28.304415,0,0
2016-09-08 15:00:00,28.368143,0,0
2016-09-08 16:00:00,27.724018,0,0
2016-09-08 17:00:00,26.848372,0,0
2016-09-08 18:00:00,26.61008,0,0
2016-09-08 19:00:00,26.293684,0,0
2016-09-08 20:00:00,26.035286,0,0
2016-09-08 21:00:00,25.849632,0,0
2016-09-08 22:00:00,25.661488,0,0
2016-09-08 23:00:00,25.291262,0,0
2016-09-09 00:00:00,24.93345,0,0
2016-09-09 01:00:00,24.262487,0,0
2016-09-09 02:00:00,25.333982,0,0
2016-09-09 03:00:00,25.335915,0,0
2016-09-09 04:00:00,25.271383,0,0
2016-09-09 05:00:00,24.912535,0,0
2016-09-09 06:00:00,25.055508,0,0
2016-09-09 07:00:00,25.235777,0,0
2016-09-09 08:00:00,26.013126,0,0
2016-09-09 09:00:00,26.66986,0,0
2016-09-09 10:00:00,27.734829,0,0
2016-09-09 11:00:00,28.165375,0,0
2016-09-09 12:00:00,28.577007,0,0
2016-09-09 13:00:00,27.464437,0,0
2016-09-09 14:00:00,27.854774,0,0
2016-09-09 15:00:00,28.035913,0,0
2016-09-09 16:00:00,27.919897,0,0
2016-09-09 17:00:00,27.566996,0,0
2016-09-09 18:00:00,27.050747,0,0
2016-09-09 19:00:00,26.634352,0,0
2016-09-09 20:00:00,26.266695,0,0
2016-09-09 21:00:00,26.130453,0,0
2016-09-09 22:00:00,25.98707,0,0
2016-09-09 23:00:00,25.663126,0,0
2016-09-10 00:00:00,25.235874,1,0
2016-09-10 01:00:00,24.509323,1,0
2016-09-10 02:00:00,24.730257,1,0
2016-09-10 03:00:00,24.385498,1,0
2016-09-10 04:00:00,24.377438,1,0
2016-09-10 05:00:00,24.235168,1,0
2016-09-10 06:00:00,23.928814,1,0
2016-09-10 07:00:00,24.17472,1,0
2016-09-10 08:00:00,24.674114,1,0
2016-09-10 09:00:00,25.315418,1,0
2016-09-10 10:00:00,26.328388,1,0
2016-09-10 11:00:00,26.85333,1,0
2016-09-10 12:00:00,27.406378,1,0
2016-09-10 13:00:00,28.120958,1,0
2016-09-10 14:00:00,26.871712,1,0
2016-09-10 15:00:00,26.772451,1,0
2016-09-10 16:00:00,26.817617,1,0
2016-09-10 17:00:00,26.679998,1,0
2016-09-10 18:00:00,26.374052,1,0
2016-09-10 19:00:00,26.05944,1,0
2016-09-10 20:00:00,25.811224,1,0
2016-09-10 21:00:00,25.549515,1,0
2016-09-10 22:00:00,25.446093,1,0
2016-09-10 23:00:00,25.361109,1,0
2016-09-11 00:00:00,25.30628,1,0
2016-09-11 01:00:00,25.143307,1,0
2016-09-11 02:00:00,25.321789,1,0
2016-09-11 03:00:00,25.116028,1,0
2016-09-11 04:00:00,24.91781,1,0
2016-09-11 05:00:00,25.004316,1,0
2016-09-11 06:00:00,24.79837,1,0
2016-09-11 07:00:00,24.818481,1,0
2016-09-11 08:00:00,25.454609,1,0
2016-09-11 09:00:00,26.167725,1,0
2016-09-11 10:00:00,27.233335,1,0
2016-09-11 11:00:00,27.406378,1,0
2016-09-11 12:00:00,26.621279,1,0
2016-09-11 13:00:00,26.341507,1,0
2016-09-11 14:00:00,26.719727,1,0
2016-09-11 15:00:00,26.401777,1,0
2016-09-11 16:00:00,26.47862,1,0
2016-09-11 17:00:00,26.360556,1,0
2016-09-11 18:00:00,26.194279,1,0
2016-09-11 19:00:00,25.974575,1,0
2016-09-11 20:00:00,25.363417,1,0
2016-09-11 21:00:00,25.100449,1,0
2016-09-11 22:00:00,25.002232,1,0
2016-09-11 23:00:00,24.76658,1,0
2016-09-12 00:00:00,24.590445,0,0
2016-09-12 01:00:00,24.440186,0,0
2016-09-12 02:00:00,24.395014,0,0
2016-09-12 03:00:00,23.88676,0,0
2016-09-12 04:00:00,23.450138,0,0
2016-09-12 05:00:00,23.618986,0,0
2016-09-12 06:00:00,23.838953,0,0
2016-09-12 07:00:00,24.003378,0,0
2016-09-12 08:00:00,24.955387,0,0
2016-09-12 09:00:00,25.565155,0,0
2016-09-12 10:00:00,26.411583,0,0
2016-09-12 11:00:00,26.869957,0,0
2016-09-12 12:00:00,27.381897,0,0
2016-09-12 13:00:00,27.71945,0,0
2016-09-12 14:00:00,25.85007,0,0
2016-09-12 15:00:00,25.733383,0,0
2016-09-12 16:00:00,25.766582,0,0
2016-09-12 17:00:00,25.881453,0,0
2016-09-12 18:00:00,25.654726,0,0
2016-09-12 19:00:00,25.409817,0,0
2016-09-12 20:00:00,25.21008,0,0
2016-09-12 21:00:00,24.914059,0,0
2016-09-12 22:00:00,24.918743,0,0
2016-09-12 23:00:00,24.430862,0,0
2016-09-13 00:00:00,24.47079,0,0
2016-09-13 01:00:00,24.500679,0,0
2016-09-13 02:00:00,24.395994,0,0
2016-09-13 03:00:00,24.176292,0,0
2016-09-13 04:00:00,24.161535,0,0
2016-09-13 05:00:00,23.906326,0,0
2016-09-13 06:00:00,23.957035,0,0
2016-09-13 07:00:00,24.51265,0,0
2016-09-13 08:00:00,25.97473,0,0
2016-09-13 09:00:00,26.644636,0,0
2016-09-13 10:00:00,27.862291,0,0
2016-09-13 11:00:00,28.513962,0,0
2016-09-13 12:00:00,28.888905,0,0
2016-09-13 13:00:00,28.62608,0,0
2016-09-13 14:00:00,28.269772,0,0
2016-09-13 15:00:00,27.69059,0,0
2016-09-13 16:00:00,27.497032,0,0
2016-09-13 17:00:00,27.0309,0,0
2016-09-13 18:00:00,26.642609,0,0
2016-09-13 19:00:00,26.289444,0,0
2016-09-13 20:00:00,26.01465,0,0
2016-09-13 21:00:00,25.823051,0,0
2016-09-13 22:00:00,25.647991,0,0
2016-09-13 23:00:00,25.499516,0,0
2016-09-14 00:00:00,25.41134,0,0
2016-09-14 01:00:00,25.2429,0,0
2016-09-14 02:00:00,24.902088,0,0
2016-09-14 03:00:00,24.73707,0,0
2016-09-14 04:00:00,24.914766,0,0
2016-09-14 05:00:00,24.728258,0,0
2016-09-14 06:00:00,24.455511,0,0
2016-09-14 07:00:00,24.46432,0,0
2016-09-14 08:00:00,24.930252,0,0
2016-09-14 09:00:00,25.844746,0,0
2016-09-14 10:00:00,26.686344,0,0
2016-09-14 11:00:00,27.241322,0,0
2016-09-14 12:00:00,27.75467,0,0
2016-09-14 13:00:00,27.98774,0,0
2016-09-14 14:00:00,28.420004,0,0
2016-09-14 15:00:00,27.93022,0,0
2016-09-14 16:00:00,27.346909,0,0
2016-09-14 17:00:00,26.652641,0,0
2016-09-14 18:00:00,26.230337,0,0
2016-09-14 19:00:00,25.933647,0,0
2016-09-14 20:00:00,25.460487,0,0
2016-09-14 21:00:00,25.340378,0,0
2016-09-14 22:00:00,25.255249,0,0
2016-09-14 23:00:00,24.892162,0,0
2016-09-15 00:00:00,24.626766,0,0
2016-09-15 01:00:00,24.313534,0,0
2016-09-15 02:00:00,24.3429,0,0
2016-09-15 03:00:00,24.146877,0,0
2016-09-15 04:00:00,23.914795,0,0
2016-09-15 05:00:00,23.77996,0,0
2016-09-15 06:00:00,24.30744,0,0
2016-09-15 07:00:00,24.55261,0,0
2016-09-15 08:00:00,25.463041,0,0
2016-09-15 09:00:00,26.547209,0,0
2016-09-15 10:00:00,27.224934,0,0
2016-09-15 11:00:00,28.08969,0,0
2016-09-15 12:00:00,28.662195,0,0
2016-09-15 13:00:00,28.993837,0,0
2016-09-15 14:00:00,26.6033,0,0
2016-09-15 15:00:00,26.490213,0,0
2016-09-15 16:00:00,26.444162,0,0
2016-09-15 17:00:00,26.343277,0,0
2016-09-15 18:00:00,26.190231,0,0
2016-09-15 19:00:00,25.727144,0,0
2016-09-15 20:00:00,25.561865,0,0
2016-09-15 21:00:00,25.381567,0,0
2016-09-15 22:00:00,25.216959,0,0
2016-09-15 23:00:00,25.043686,0,0
2016-09-16 00:00:00,24.685692,0,0
2016-09-16 01:00:00,24.494093,0,0
2016-09-16 02:00:00,25.223951,0,0
2016-09-16 03:00:00,24.14681,0,0
2016-09-16 04:00:00,24.21432,0,0
2016-09-16 05:00:00,24.256365,0,0
2016-09-16 06:00:00,24.133614,0,0
2016-09-16 07:00:00,24.578522,0,0
2016-09-16 08:00:00,25.798878,0,0
2016-09-16 09:00:00,26.718075,0,0
2016-09-16 10:00:00,27.774427,0,0
2016-09-16 11:00:00,28.497585,0,0
2016-09-16 12:00:00,28.897469,0,0
2016-09-16 13:00:00,29.202301,0,0
2016-09-16 14:00:00,29.333353,0,0
2016-09-16 15:00:00,29.217289,0,0
2016-09-16 16:00:00,28.223003,0,0
2016-09-16 17:00:00,27.285645,0,0
2016-09-16 18:00:00,26.771936,0,0
2016-09-16 19:00:00,26.460636,0,0
2016-09-16 20:00:00,26.24093,0,0
2016-09-16 21:00:00,26.151117,0,0
2016-09-16 22:00:00,25.968182,0,0
2016-09-16 23:00:00,25.776844,0,0
2016-09-17 00:00:00,25.523539,1,0
2016-09-17 01:00:00,25.349857,1,0
2016-09-17 02:00:00,25.36332,1,0
2016-09-17 03:00:00,25.294731,1,0
2016-09-17 04:00:00,25.207558,1,0
2016-09-17 05:00:00,25.08897,1,0
2016-09-17 06:00:00,25.026999,1,0
2016-09-17 07:00:00,25.33083,1,0
2016-09-17 08:00:00,26.421675,1,0
2016-09-17 09:00:00,27.598585,1,0
2016-09-17 10:00:00,28.715717,1,0
2016-09-17 11:00:00,29.621664,1,0
2016-09-17 12:00:00,30.17404,1,0
2016-09-17 13:00:00,30.170208,1,0
2016-09-17 14:00:00,28.836712,1,0
2016-09-17 15:00:00,28.473364,1,0
2016-09-17 16:00:00,28.661741,1,0
2016-09-17 17:00:00,28.665424,1,0
2016-09-17 18:00:00,27.87368,1,0
2016-09-17 19:00:00,26.978657,1,0
2016-09-17 20:00:00,26.45427,1,0
2016-09-17 21:00:00,26.145422,1,0
2016-09-17 22:00:00,26.027765,1,0
2016-09-17 23:00:00,25.97472,1,0
2016-09-18 00:00:00,26.026098,1,0
2016-09-18 01:00:00,25.854465,1,0
2016-09-18 02:00:00,25.797226,1,0
2016-09-18 03:00:00,25.780308,1,0
2016-09-18 04:00:00,25.738968,1,0
2016-09-18 05:00:00,25.594917,1,0
2016-09-18 06:00:00,25.450272,1,0
2016-09-18 07:00:00,25.52038,1,0
2016-09-18 08:00:00,25.904348,1,0
2016-09-18 09:00:00,26.800993,1,0
2016-09-18 10:00:00,27.065632,1,0
2016-09-18 11:00:00,27.233698,1,0
2016-09-18 12:00:00,28.119532,1,0
2016-09-18 13:00:00,28.863506,1,0
2016-09-18 14:00:00,27.150839,1,0
2016-09-18 15:00:00,27.522036,1,0
2016-09-18 16:00:00,27.950254,1,0
2016-09-18 17:00:00,27.936352,1,0
2016-09-18 18:00:00,27.388136,1,0
2016-09-18 19:00:00,26.711819,1,0
2016-09-18 20:00:00,26.325834,1,0
2016-09-18 21:00:00,26.135906,1,0
2016-09-18 22:00:00,25.997877,1,0
2016-09-18 23:00:00,25.881336,1,0
2016-09-19 00:00:00,25.721413,0,0
2016-09-19 01:00:00,25.630074,0,0
2016-09-19 02:00:00,25.796371,0,0
2016-09-19 03:00:00,25.588825,0,0
2016-09-19 04:00:00,25.41912,0,0
2016-09-19 05:00:00,25.193916,0,0
2016-09-19 06:00:00,24.9957,0,0
2016-09-19 07:00:00,24.85551,0,0
2016-09-19 08:00:00,25.379173,0,0
2016-09-19 09:00:00,26.177013,0,0
2016-09-19 10:00:00,27.398237,0,0
2016-09-19 11:00:00,28.540953,0,0
2016-09-19 12:00:00,29.46408,0,0
2016-09-19 13:00:00,29.883518,0,0
2016-09-19 14:00:00,29.012178,0,0
2016-09-19 15:00:00,27.836527,0,0
2016-09-19 16:00:00,27.216679,0,0
2016-09-19 17:00:00,27.039099,0,0
2016-09-19 18:00:00,26.769249,0,0
2016-09-19 19:00:00,26.497877,0,0
2016-09-19 20:00:00,26.33669,0,0
2016-09-19 21:00:00,26.238739,0,0
2016-09-19 22:00:00,26.238478,0,0
2016-09-19 23:00:00,26.199924,0,0
2016-09-20 00:00:00,26.021412,0,0
2016-09-20 01:00:00,25.856133,0,0
2016-09-20 02:00:00,25.706463,0,0
2016-09-20 03:00:00,25.624643,0,0
2016-09-20 04:00:00,25.605385,0,0
2016-09-20 05:00:00,24.972973,0,0
2016-09-20 06:00:00,24.448702,0,0
2016-09-20 07:00:00,24.351892,0,0
2016-09-20 08:00:00,24.496191,0,0
2016-09-20 09:00:00,24.926779,0,0
2016-09-20 10:00:00,25.972395,0,0
2016-09-20 11:00:00,27.181765,0,0
2016-09-20 12:00:00,27.742949,0,0
2016-09-20 13:00:00,28.225885,0,0
2016-09-20 14:00:00,28.725119,0,0
2016-09-20 15:00:00,28.062962,0,0
2016-09-20 16:00:00,27.016464,0,0
2016-09-20 17:00:00,26.650301,0,0
2016-09-20 18:00:00,25.990524,0,0
2016-09-20 19:00:00,25.805542,0,0
2016-09-20 20:00:00,25.666319,0,0
2016-09-20 21:00:00,24.713972,0,0
2016-09-20 22:00:00,24.595907,0,0
2016-09-20 23:00:00,24.4994,0,0
2016-09-21 00:00:00,24.870071,0,0
2016-09-21 01:00:00,25.003872,0,0
2016-09-21 02:00:00,25.178852,0,0
2016-09-21 03:00:00,25.307701,0,0
2016-09-21 04:00:00,25.150078,0,0
2016-09-21 05:00:00,25.294315,0,0
2016-09-21 06:00:00,24.656656,0,0
2016-09-21 07:00:00,24.55037,0,0
2016-09-21 08:00:00,24.787643,0,0
2016-09-21 09:00:00,25.08448,0,0
2016-09-21 10:00:00,25.498337,0,0
2016-09-21 11:00:00,26.699451,0,0
2016-09-21 12:00:00,27.732094,0,0
2016-09-21 13:00:00,28.297838,0,0
2016-09-21 14:00:00,26.663141,0,0
2016-09-21 15:00:00,26.531582,0,0
2016-09-21 16:00:00,26.509424,0,0
2016-09-21 17:00:00,26.38676,0,0
2016-09-21 18:00:00,26.085615,0,0
2016-09-21 19:00:00,25.740707,0,0
2016-09-21 20:00:00,25.547585,0,0
2016-09-21 21:00:00,25.347994,0,0
2016-09-21 22:00:00,25.369627,0,0
2016-09-21 23:00:00,25.17993,0,0
2016-09-22 00:00:00,24.99023,0,0
2016-09-22 01:00:00,24.808819,0,0
2016-09-22 02:00:00,24.552757,0,0
2016-09-22 03:00:00,24.364058,0,0
2016-09-22 04:00:00,24.318562,0,0
2016-09-22 05:00:00,24.212944,0,0
2016-09-22 06:00:00,24.019218,0,0
2016-09-22 07:00:00,24.236952,0,0
2016-09-22 08:00:00,25.065464,0,0
2016-09-22 09:00:00,26.204376,0,0
2016-09-22 10:00:00,27.413254,0,0
2016-09-22 11:00:00,28.47479,0,0
2016-09-22 12:00:00,28.85327,0,0
2016-09-22 13:00:00,29.047176,0,0
2016-09-22 14:00:00,28.690475,0,0
2016-09-22 15:00:00,28.285381,0,0
2016-09-22 16:00:00,27.600399,0,0
2016-09-22 17:00:00,27.197237,0,0
2016-09-22 18:00:00,26.840885,0,0
2016-09-22 19:00:00,26.302118,0,0
2016-09-22 20:00:00,25.559849,0,0
2016-09-22 21:00:00,25.361486,0,0
2016-09-22 22:00:00,25.158442,0,0
2016-09-22 23:00:00,24.765057,0,0
2016-09-23 00:00:00,24.540115,0,0
2016-09-23 01:00:00,24.155396,0,0
2016-09-23 02:00:00,24.420645,0,0
2016-09-23 03:00:00,24.400534,0,0
2016-09-23 04:00:00,24.455627,0,0
2016-09-23 05:00:00,24.420645,0,0
2016-09-23 06:00:00,24.515549,0,0
2016-09-23 07:00:00,24.907412,0,0
2016-09-23 08:00:00,26.41234,0,0
2016-09-23 09:00:00,27.516909,0,0
2016-09-23 10:00:00,28.315271,0,0
2016-09-23 11:00:00,29.12148,0,0
2016-09-23 12:00:00,29.146566,0,0
2016-09-23 13:00:00,28.972296,0,0
2016-09-23 14:00:00,28.746653,0,0
2016-09-23 15:00:00,28.383226,0,0
2016-09-23 16:00:00,27.334042,0,0
2016-09-23 17:00:00,26.362484,0,0
2016-09-23 18:00:00,26.145016,0,0
2016-09-23 19:00:00,25.710701,0,0
2016-09-23 20:00:00,25.641115,0,0
2016-09-23 21:00:00,25.599777,0,0
2016-09-23 22:00:00,25.488361,0,0
2016-09-23 23:00:00,25.408995,0,0
2016-09-24 00:00:00,25.400856,1,0
2016-09-24 01:00:00,25.271198,1,0
2016-09-24 02:00:00,25.107294,1,0
2016-09-24 03:00:00,25.07562,1,0
2016-09-24 04:00:00,25.051678,1,0
2016-09-24 05:00:00,24.83342,1,0
2016-09-24 06:00:00,24.61848,1,0
2016-09-24 07:00:00,24.285692,1,0
2016-09-24 08:00:00,24.716463,1,0
2016-09-24 09:00:00,25.364042,1,0
2016-09-24 10:00:00,26.321918,1,0
2016-09-24 11:00:00,27.428242,1,0
2016-09-24 12:00:00,28.216124,1,0
2016-09-24 13:00:00,28.726397,1,0
2016-09-24 14:00:00,27.610622,1,0
2016-09-24 15:00:00,27.751959,1,0
2016-09-24 16:00:00,27.762146,1,0
2016-09-24 17:00:00,27.16917,1,0
2016-09-24 18:00:00,26.658133,1,0
2016-09-24 19:00:00,26.109179,1,0
2016-09-24 20:00:00,25.841522,1,0
2016-09-24 21:00:00,25.725243,1,0
2016-09-24 22:00:00,25.690117,1,0
2016-09-24 23:00:00,25.68283,1,0
2016-09-25 00:00:00,25.372904,1,0
2016-09-25 01:00:00,25.218073,1,0
2016-09-25 02:00:00,24.360634,1,0
2016-09-25 03:00:00,24.35911,1,0
2016-09-25 04:00:00,24.330597,1,0
2016-09-25 05:00:00,24.29588,1,0
2016-09-25 06:00:00,24.039854,1,0
2016-09-25 07:00:00,24.131191,1,0
2016-09-25 08:00:00,24.68613,1,0
2016-09-25 09:00:00,25.342884,1,0
2016-09-25 10:00:00,26.125296,1,0
2016-09-25 11:00:00,27.066076,1,0
2016-09-25 12:00:00,27.609463,1,0
2016-09-25 13:00:00,27.319695,1,0
2016-09-25 14:00:00,27.369694,1,0
2016-09-25 15:00:00,27.54513,1,0
2016-09-25 16:00:00,27.103415,1,0
2016-09-25 17:00:00,26.801039,1,0
2016-09-25 18:00:00,26.318104,1,0
2016-09-25 19:00:00,26.121674,1,0
2016-09-25 20:00:00,25.842045,1,0
2016-09-25 21:00:00,25.541784,1,0
2016-09-25 22:00:00,25.352232,1,0
2016-09-25 23:00:00,24.875885,1,0
2016-09-26 00:00:00,24.680307,0,0
2016-09-26 01:00:00,24.503725,0,0
2016-09-26 02:00:00,24.757149,0,0
2016-09-26 03:00:00,24.618975,0,0
2016-09-26 04:00:00,24.560835,0,0
2016-09-26 05:00:00,24.266335,0,0
2016-09-26 06:00:00,24.107674,0,0
2016-09-26 07:00:00,24.120121,0,0
2016-09-26 08:00:00,24.720627,0,0
2016-09-26 09:00:00,25.66668,0,0
2016-09-26 10:00:00,26.744408,0,0
2016-09-26 11:00:00,27.737267,0,0
2016-09-26 12:00:00,28.272247,0,0
2016-09-26 13:00:00,28.84028,0,0
2016-09-26 14:00:00,28.120287,0,0
2016-09-26 15:00:00,26.844746,0,0
2016-09-26 16:00:00,27.07639,0,0
2016-09-26 17:00:00,27.07305,0,0
2016-09-26 18:00:00,26.7448,0,0
2016-09-26 19:00:00,26.589708,0,0
2016-09-26 20:00:00,26.41008,0,0
2016-09-26 21:00:00,25.90235,0,0
2016-09-26 22:00:00,25.225506,0,0
2016-09-26 23:00:00,25.209896,0,0
2016-09-27 00:00:00,25.006248,0,0
2016-09-27 01:00:00,24.87305,0,0
2016-09-27 02:00:00,24.924952,0,0
2016-09-27 03:00:00,24.853725,0,0
2016-09-27 04:00:00,24.757034,0,0
2016-09-27 05:00:00,24.586922,0,0
2016-09-27 06:00:00,24.567957,0,0
2016-09-27 07:00:00,24.798107,0,0
2016-09-27 08:00:00,25.672527,0,0
2016-09-27 09:00:00,26.457724,0,0
2016-09-27 10:00:00,27.125526,0,0
2016-09-27 11:00:00,28.214817,0,0
2016-09-27 12:00:00,28.907677,0,0
2016-09-27 13:00:00,29.298866,0,0
2016-09-27 14:00:00,27.765978,0,0
2016-09-27 15:00:00,27.76457,0,0
2016-09-27 16:00:00,27.072266,0,0
2016-09-27 17:00:00,26.339214,0,0
2016-09-27 18:00:00,26.152824,0,0
2016-09-27 19:00:00,25.92346,0,0
2016-09-27 20:00:00,25.760489,0,0
2016-09-27 21:00:00,25.255133,0,0
2016-09-27 22:00:00,24.872528,0,0
2016-09-27 23:00:00,24.649632,0,0
2016-09-28 00:00:00,24.563648,0,0
2016-09-28 01:00:00,24.43607,0,0
2016-09-28 02:00:00,24.957819,0,0
2016-09-28 03:00:00,24.972574,0,0
2016-09-28 04:00:00,25.015175,0,0
2016-09-28 05:00:00,24.8357,0,0
2016-09-28 06:00:00,24.842247,0,0
2016-09-28 07:00:00,25.04251,0,0
2016-09-28 08:00:00,25.851562,0,0
2016-09-28 09:00:00,26.953823,0,0
2016-09-28 10:00:00,27.80746,0,0
2016-09-28 11:00:00,28.649797,0,0
2016-09-28 12:00:00,29.086449,0,0
2016-09-28 13:00:00,27.769493,0,0
2016-09-28 14:00:00,27.815796,0,0
2016-09-28 15:00:00,27.775087,0,0
2016-09-28 16:00:00,26.622332,0,0
2016-09-28 17:00:00,26.135384,0,0
2016-09-28 18:00:00,25.892668,0,0
2016-09-28 19:00:00,25.706686,0,0
2016-09-28 20:00:00,25.675652,0,0
2016-09-28 21:00:00,25.75097,0,0
2016-09-28 22:00:00,25.749332,0,0
2016-09-28 23:00:00,25.63584,0,0
2016-09-29 00:00:00,25.536217,0,0
2016-09-29 01:00:00,25.515697,0,0
2016-09-29 02:00:00,25.536255,0,0
2016-09-29 03:00:00,25.18956,0,0
2016-09-29 04:00:00,24.71339,0,0
2016-09-29 05:00:00,24.548779,0,0
2016-09-29 06:00:00,24.547518,0,0
2016-09-29 07:00:00,24.85261,0,0
2016-09-29 08:00:00,25.728174,0,0
2016-09-29 09:00:00,26.60271,0,0
2016-09-29 10:00:00,27.901253,0,0
2016-09-29 11:00:00,28.66727,0,0
2016-09-29 12:00:00,29.839727,0,0
2016-09-29 13:00:00,28.882473,0,0
2016-09-29 14:00:00,26.896029,0,0
2016-09-29 15:00:00,26.75138,0,0
2016-09-29 16:00:00,26.729128,0,0
2016-09-29 17:00:00,26.78322,0,0
2016-09-29 18:00:00,26.53222,0,0
2016-09-29 19:00:00,26.241407,0,0
2016-09-29 20:00:00,25.980484,0,0
2016-09-29 21:00:00,25.821083,0,0
2016-09-29 22:00:00,25.688145,0,0
2016-09-29 23:00:00,25.558372,0,0
2016-09-30 00:00:00,25.438263,0,0
2016-09-30 01:00:00,25.319267,0,0
2016-09-30 02:00:00,25.604918,0,0
2016-09-30 03:00:00,25.436592,0,0
2016-09-30 04:00:00,25.30782,0,0
2016-09-30 05:00:00,25.301796,0,0
2016-09-30 06:00:00,25.076735,0,0
2016-09-30 07:00:00,25.291346,0,0
2016-09-30 08:00:00,25.778881,0,0
2016-09-30 09:00:00,26.776459,0,0
2016-09-30 10:00:00,27.742065,0,0
2016-09-30 11:00:00,28.541729,0,0
2016-09-30 12:00:00,28.4799,0,0
2016-09-30 13:00:00,27.33622,0,0
2016-09-30 14:00:00,26.682173,0,0
2016-09-30 15:00:00,26.18258,0,0
2016-09-30 16:00:00,25.588196,0,0
2016-09-30 17:00:00,25.010616,0,0
2016-09-30 18:00:00,24.924227,0,0
2016-09-30 19:00:00,24.823488,0,0
2016-09-30 20:00:00,24.822752,0,0
2016-09-30 21:00:00,24.964874,0,0
2016-09-30 22:00:00,25.003311,0,0
2016-09-30 23:00:00,25.02796,0,0
2016-10-01 00:00:00,24.94614,1,0
2016-10-01 01:00:00,24.83019,1,0
2016-10-01 02:00:00,24.825882,1,0
2016-10-01 03:00:00,24.632421,1,0
2016-10-01 04:00:00,24.507034,1,0
2016-10-01 05:00:00,24.42826,1,0
2016-10-01 06:00:00,24.314766,1,0
2016-10-01 07:00:00,24.39618,1,0
2016-10-01 08:00:00,24.510847,1,0
2016-10-01 09:00:00,25.06047,1,0
2016-10-01 10:00:00,26.219725,1,0
2016-10-01 11:00:00,27.025673,1,0
2016-10-01 12:00:00,27.62564,1,0
2016-10-01 13:00:00,27.982605,1,0
2016-10-01 14:00:00,27.853056,1,0
2016-10-01 15:00:00,27.214718,1,0
2016-10-01 16:00:00,26.262896,1,0
2016-10-01 17:00:00,25.97955,1,0
2016-10-01 18:00:00,25.76632,1,0
2016-10-01 19:00:00,25.476767,1,0
2016-10-01 20:00:00,25.222197,1,0
2016-10-01 21:00:00,24.89971,1,0
2016-10-01 22:00:00,24.571198,1,0
2016-10-01 23:00:00,24.357702,1,0
2016-10-02 00:00:00,24.352203,1,0
2016-10-02 01:00:00,24.333616,1,0
2016-10-02 02:00:00,24.282091,1,0
2016-10-02 03:00:00,24.15551,1,0
2016-10-02 04:00:00,24.085663,1,0
2016-10-02 05:00:00,23.899155,1,0
2016-10-02 06:00:00,23.661013,1,0
2016-10-02 07:00:00,24.33183,1,0
2016-10-02 08:00:00,25.347847,1,0
2016-10-02 09:00:00,26.404612,1,0
2016-10-02 10:00:00,27.494686,1,0
2016-10-02 11:00:00,28.321413,1,0
2016-10-02 12:00:00,28.767986,1,0
2016-10-02 13:00:00,28.993309,1,0
2016-10-02 14:00:00,28.841015,1,0
2016-10-02 15:00:00,28.523722,1,0
2016-10-02 16:00:00,27.841047,1,0
2016-10-02 17:00:00,27.095879,1,0
2016-10-02 18:00:00,26.443094,1,0
2016-10-02 19:00:00,25.989784,1,0
2016-10-02 20:00:00,25.619675,1,0
2016-10-02 21:00:00,25.24447,1,0
2016-10-02 22:00:00,25.054134,1,0
2016-10-02 23:00:00,24.885807,1,0
2016-10-03 00:00:00,24.737593,0,0
2016-10-03 01:00:00,24.535809,0,0
2016-10-03 02:00:00,24.507442,0,0
2016-10-03 03:00:00,24.2909,0,0
2016-10-03 04:00:00,24.140903,0,0
2016-10-03 05:00:00,24.01406,0,0
2016-10-03 06:00:00,24.043686,0,0
2016-10-03 07:00:00,24.305248,0,0
2016-10-03 08:00:00,25.534498,0,0
2016-10-03 09:00:00,26.528782,0,0
2016-10-03 10:00:00,27.71365,0,0
2016-10-03 11:00:00,28.564028,0,0
2016-10-03 12:00:00,28.95029,0,0
2016-10-03 13:00:00,29.043936,0,0
2016-10-03 14:00:00,28.622854,0,0
2016-10-03 15:00:00,27.332808,0,0
2016-10-03 16:00:00,26.387783,0,0
2016-10-03 17:00:00,25.906113,0,0
2016-10-03 18:00:00,25.822098,0,0
2016-10-03 19:00:00,25.640017,0,0
2016-10-03 20:00:00,25.381353,0,0
2016-10-03 21:00:00,25.239492,0,0
2016-10-03 22:00:00,25.014435,0,0
2016-10-03 23:00:00,24.827667,0,0
2016-10-04 00:00:00,24.715696,0,0
2016-10-04 01:00:00,24.64585,0,0
2016-10-04 02:00:00,24.905888,0,0
2016-10-04 03:00:00,24.809196,0,0
2016-10-04 04:00:00,24.76098,0,0
2016-10-04 05:00:00,24.712503,0,0
2016-10-04 06:00:00,24.76072,0,0
2016-10-04 07:00:00,25.040346,0,0
2016-10-04 08:00:00,25.897846,0,0
2016-10-04 09:00:00,26.762865,0,0
2016-10-04 10:00:00,27.751564,0,0
2016-10-04 11:00:00,28.57855,0,0
2016-10-04 12:00:00,29.058964,0,0
2016-10-04 13:00:00,29.139261,0,0
2016-10-04 14:00:00,28.823914,0,0
2016-10-04 15:00:00,27.843203,0,0
2016-10-04 16:00:00,27.189224,0,0
2016-10-04 17:00:00,25.988138,0,0
2016-10-04 18:00:00,25.658695,0,0
2016-10-04 19:00:00,25.501001,0,0
2016-10-04 20:00:00,25.26892,0,0
2016-10-04 21:00:00,24.92732,0,0
2016-10-04 22:00:00,24.683937,0,0
2016-10-04 23:00:00,24.575535,0,0
2016-10-05 00:00:00,24.678436,0,0
2016-10-05 01:00:00,25.02762,0,0
2016-10-05 02:00:00,24.501118,0,0
2016-10-05 03:00:00,24.214611,0,0
2016-10-05 04:00:00,24.192715,0,0
2016-10-05 05:00:00,23.994501,0,0
2016-10-05 06:00:00,24.054281,0,0
2016-10-05 07:00:00,24.997963,0,0
2016-10-05 08:00:00,25.873934,0,0
2016-10-05 09:00:00,26.756277,0,0
2016-10-05 10:00:00,27.686575,0,0
2016-10-05 11:00:00,27.736277,0,0
2016-10-05 12:00:00,27.24628,0,0
2016-10-05 13:00:00,27.204826,0,0
2016-10-05 14:00:00,27.912266,0,0
2016-10-05 15:00:00,27.52149,0,0
2016-10-05 16:00:00,27.495615,0,0
2016-10-05 17:00:00,27.126505,0,0
2016-10-05 18:00:00,26.746471,0,0
2016-10-05 19:00:00,26.34673,0,0
2016-10-05 20:00:00,25.905396,0,0
2016-10-05 21:00:00,25.547401,0,0
2016-10-05 22:00:00,25.134315,0,0
2016-10-05 23:00:00,25.024128,0,0
2016-10-06 00:00:00,24.945877,0,0
2016-10-06 01:00:00,24.96889,0,0
2016-10-06 02:00:00,24.955917,0,0
2016-10-06 03:00:00,24.805542,0,0
2016-10-06 04:00:00,24.106735,0,0
2016-10-06 05:00:00,24.134577,0,0
2016-10-06 06:00:00,24.21918,0,0
2016-10-06 07:00:00,24.512537,0,0
2016-10-06 08:00:00,25.15107,0,0
2016-10-06 09:00:00,25.92472,0,0
2016-10-06 10:00:00,26.631222,0,0
2016-10-06 11:00:00,27.301739,0,0
2016-10-06 12:00:00,27.871704,0,0
2016-10-06 13:00:00,28.208849,0,0
2016-10-06 14:00:00,27.35267,0,0
2016-10-06 15:00:00,26.653902,0,0
2016-10-06 16:00:00,26.680483,0,0
2016-10-06 17:00:00,26.673197,0,0
2016-10-06 18:00:00,26.388212,0,0
2016-10-06 19:00:00,26.133383,0,0
2016-10-06 20:00:00,25.918367,0,0
2016-10-06 21:00:00,25.743425,0,0
2016-10-06 22:00:00,25.365318,0,0
2016-10-06 23:00:00,25.588184,0,0
2016-10-07 00:00:00,25.521118,0,0
2016-10-07 01:00:00,24.841637,0,0
2016-10-07 02:00:00,24.204048,0,0
2016-10-07 03:00:00,23.903456,0,0
2016-10-07 04:00:00,23.784267,0,0
2016-10-07 05:00:00,23.587805,0,0
2016-10-07 06:00:00,23.281597,0,0
2016-10-07 07:00:00,24.236216,0,0
2016-10-07 08:00:00,25.569742,0,0
2016-10-07 09:00:00,26.531567,0,0
2016-10-07 10:00:00,27.295061,0,0
2016-10-07 11:00:00,28.041609,0,0
2016-10-07 12:00:00,28.55815,0,0
2016-10-07 13:00:00,28.5513,0,0
2016-10-07 14:00:00,27.640852,0,0
2016-10-07 15:00:00,27.227146,0,0
2016-10-07 16:00:00,26.462795,0,0
2016-10-07 17:00:00,26.227146,0,0
2016-10-07 18:00:00,25.692425,0,0
2016-10-07 19:00:00,25.505394,0,0
2016-10-07 20:00:00,25.2825,0,0
2016-10-07 21:00:00,25.120789,0,0
2016-10-07 22:00:00,25.15001,0,0
2016-10-07 23:00:00,24.52919,0,0
2016-10-08 00:00:00,24.382761,1,0
2016-10-08 01:00:00,24.392801,1,0
2016-10-08 02:00:00,24.511127,1,0
2016-10-08 03:00:00,24.535921,1,0
2016-10-08 04:00:00,24.439234,1,0
2016-10-08 05:00:00,24.352726,1,0
2016-10-08 06:00:00,24.281092,1,0
2016-10-08 07:00:00,24.244732,1,0
2016-10-08 08:00:00,25.082005,1,0
2016-10-08 09:00:00,25.850185,1,0
2016-10-08 10:00:00,26.82855,1,0
2016-10-08 11:00:00,27.606802,1,0
2016-10-08 12:00:00,28.02372,1,0
2016-10-08 13:00:00,26.784754,1,0
2016-10-08 14:00:00,26.941584,1,0
2016-10-08 15:00:00,26.259733,1,0
2016-10-08 16:00:00,26.187284,1,0
2016-10-08 17:00:00,25.782974,1,0
2016-10-08 18:00:00,25.424835,1,0
2016-10-08 19:00:00,25.21008,1,0
2016-10-08 20:00:00,25.070265,1,0
2016-10-08 21:00:00,24.895472,1,0
2016-10-08 22:00:00,24.708963,1,0
2016-10-08 23:00:00,24.565844,1,0
2016-10-09 00:00:00,24.429075,1,0
2016-10-09 01:00:00,24.325768,1,0
2016-10-09 02:00:00,24.32536,1,0
2016-10-09 03:00:00,24.055656,1,0
2016-10-09 04:00:00,23.78569,1,0
2016-10-09 05:00:00,23.855394,1,0
2016-10-09 06:00:00,23.564058,1,0
2016-10-09 07:00:00,24.153988,1,0
2016-10-09 08:00:00,25.34966,1,0
2016-10-09 09:00:00,26.226099,1,0
2016-10-09 10:00:00,27.24226,1,0
2016-10-09 11:00:00,27.967201,1,0
2016-10-09 12:00:00,28.63029,1,0
2016-10-09 13:00:00,28.304638,1,0
2016-10-09 14:00:00,27.51204,1,0
2016-10-09 15:00:00,26.656164,1,0
2016-10-09 16:00:00,26.684267,1,0
2016-10-09 17:00:00,26.44647,1,0
2016-10-09 18:00:00,26.191639,1,0
2016-10-09 19:00:00,26.00004,1,0
2016-10-09 20:00:00,25.781713,1,0
2016-10-09 21:00:00,25.493423,1,0
2016-10-09 22:00:00,25.428406,1,0
2016-10-09 23:00:00,25.231453,1,0
2016-10-10 00:00:00,24.836807,0,0
2016-10-10 01:00:00,24.515059,0,0
2016-10-10 02:00:00,24.119888,0,0
2016-10-10 03:00:00,23.699663,0,0
2016-10-10 04:00:00,23.622932,0,0
2016-10-10 05:00:00,24.058887,0,0
2016-10-10 06:00:00,23.643387,0,0
2016-10-10 07:00:00,24.452085,0,0
2016-10-10 08:00:00,25.213156,0,0
2016-10-10 09:00:00,26.397501,0,0
2016-10-10 10:00:00,27.714748,0,0
2016-10-10 11:00:00,28.241474,0,0
2016-10-10 12:00:00,28.760294,0,0
2016-10-10 13:00:00,28.820452,0,0
2016-10-10 14:00:00,28.206722,0,0
2016-10-10 15:00:00,27.524527,0,0
2016-10-10 16:00:00,26.314682,0,0
2016-10-10 17:00:00,26.018627,0,0
2016-10-10 18:00:00,25.931715,0,0
2016-10-10 19:00:00,25.623314,0,0
2016-10-10 20:00:00,25.223312,0,0
2016-10-10 21:00:00,25.432423,0,0
2016-10-10 22:00:00,24.857363,0,0
2016-10-10 23:00:00,24.474167,0,0
2016-10-11 00:00:00,24.306248,0,0
2016-10-11 01:00:00,23.947992,0,0
2016-10-11 02:00:00,24.07662,0,0
2016-10-11 03:00:00,23.801825,0,0
2016-10-11 04:00:00,23.884874,0,0
2016-10-11 05:00:00,23.60487,0,0
2016-10-11 06:00:00,24.031042,0,0
2016-10-11 07:00:00,24.251154,0,0
2016-10-11 08:00:00,25.078175,0,0
2016-10-11 09:00:00,26.325867,0,0
2016-10-11 10:00:00,27.363224,0,0
2016-10-11 11:00:00,28.108248,0,0
2016-10-11 12:00:00,28.83208,0,0
2016-10-11 13:00:00,27.260294,0,0
2016-10-11 14:00:00,26.46542,0,0
2016-10-11 15:00:00,26.159735,0,0
2016-10-11 16:00:00,25.959393,0,0
2016-10-11 17:00:00,25.677834,0,0
2016-10-11 18:00:00,25.47572,0,0
2016-10-11 19:00:00,25.280552,0,0
2016-10-11 20:00:00,25.075459,0,0
2016-10-11 21:00:00,24.96044,0,0
2016-10-11 22:00:00,24.845161,0,0
2016-10-11 23:00:00,24.64413,0,0
2016-10-12 00:00:00,24.41398,0,0
2016-10-12 01:00:00,24.347322,0,0
2016-10-12 02:00:00,23.995453,0,0
2016-10-12 03:00:00,24.0458,0,0
2016-10-12 04:00:00,23.928143,0,0
2016-10-12 05:00:00,23.846062,0,0
2016-10-12 06:00:00,23.855133,0,0
2016-10-12 07:00:00,24.263126,0,0
2016-10-12 08:00:00,25.10397,0,0
2016-10-12 09:00:00,25.882597,0,0
2016-10-12 10:00:00,26.46542,0,0
2016-10-12 11:00:00,26.53163,0,0
2016-10-12 12:00:00,26.87613,0,0
2016-10-12 13:00:00,27.1465,0,0
2016-10-12 14:00:00,26.014942,0,0
2016-10-12 15:00:00,25.908064,0,0
2016-10-12 16:00:00,25.791786,0,0
2016-10-12 17:00:00,25.385838,0,0
2016-10-12 18:00:00,24.919704,0,0
2016-10-12 19:00:00,25.12729,0,0
2016-10-12 20:00:00,24.672867,0,0
2016-10-12 21:00:00,24.61268,0,0
2016-10-12 22:00:00,25.128145,0,0
2016-10-12 23:00:00,24.762012,0,0
2016-10-13 00:00:00,24.289263,0,0
2016-10-13 01:00:00,24.18417,0,0
2016-10-13 02:00:00,24.498894,0,0
2016-10-13 03:00:00,24.55384,0,0
2016-10-13 04:00:00,24.295847,0,0
2016-10-13 05:00:00,23.922722,0,0
2016-10-13 06:00:00,24.017368,0,0
2016-10-13 07:00:00,24.674952,0,0
2016-10-13 08:00:00,25.40903,0,0
2016-10-13 09:00:00,26.516912,0,0
2016-10-13 10:00:00,27.39999,0,0
2016-10-13 11:00:00,28.010588,0,0
2016-10-13 12:00:00,28.412962,0,0
2016-10-13 13:00:00,28.294014,0,0
2016-10-13 14:00:00,27.30431,0,0
2016-10-13 15:00:00,26.663565,0,0
2016-10-13 16:00:00,26.559965,0,0
2016-10-13 17:00:00,26.37993,0,0
2016-10-13 18:00:00,26.08859,0,0
2016-10-13 19:00:00,25.80071,0,0
2016-10-13 20:00:00,25.248926,0,0
2016-10-13 21:00:00,24.925322,0,0
2016-10-13 22:00:00,24.77889,0,0
2016-10-13 23:00:00,24.752048,0,0
2016-10-14 00:00:00,24.598215,0,0
2016-10-14 01:00:00,24.586544,0,0
2016-10-14 02:00:00,24.668337,0,0
2016-10-14 03:00:00,24.595062,0,0
2016-10-14 04:00:00,24.382566,0,0
2016-10-14 05:00:00,24.270596,0,0
2016-10-14 06:00:00,24.187399,0,0
2016-10-14 07:00:00,24.671381,0,0
2016-10-14 08:00:00,25.90561,0,0
2016-10-14 09:00:00,26.568842,0,0
2016-10-14 10:00:00,27.612963,0,0
2016-10-14 11:00:00,28.246567,0,0
2016-10-14 12:00:00,28.706493,0,0
2016-10-14 13:00:00,28.771626,0,0
2016-10-14 14:00:00,28.954445,0,0
2016-10-14 15:00:00,27.066156,0,0
2016-10-14 16:00:00,26.271395,0,0
2016-10-14 17:00:00,26.181957,0,0
2016-10-14 18:00:00,25.879435,0,0
2016-10-14 19:00:00,25.58315,0,0
2016-10-14 20:00:00,25.524014,0,0
2016-10-14 21:00:00,25.452904,0,0
2016-10-14 22:00:00,25.301233,0,0
2016-10-14 23:00:00,25.269005,0,0
2016-10-15 00:00:00,25.075882,1,0
2016-10-15 01:00:00,24.870266,1,0
2016-10-15 02:00:00,24.847176,1,0
2016-10-15 03:00:00,24.692083,1,0
2016-10-15 04:00:00,24.46755,1,0
2016-10-15 05:00:00,24.382828,1,0
2016-10-15 06:00:00,24.266289,1,0
2016-10-15 07:00:00,24.52621,1,0
2016-10-15 08:00:00,25.354378,1,0
2016-10-15 09:00:00,25.955378,1,0
2016-10-15 10:00:00,27.101547,1,0
2016-10-15 11:00:00,28.29552,1,0
2016-10-15 12:00:00,29.014553,1,0
2016-10-15 13:00:00,29.539087,1,0
2016-10-15 14:00:00,28.075525,1,0
2016-10-15 15:00:00,28.160885,1,0
2016-10-15 16:00:00,27.7487,1,0
2016-10-15 17:00:00,27.512194,1,0
2016-10-15 18:00:00,27.086138,1,0
2016-10-15 19:00:00,26.374979,1,0
2016-10-15 20:00:00,25.598808,1,0
2016-10-15 21:00:00,25.449547,1,0
2016-10-15 22:00:00,25.274458,1,0
2016-10-15 23:00:00,24.892115,1,0
2016-10-16 00:00:00,24.895798,1,0
2016-10-16 01:00:00,24.656248,1,0
2016-10-16 02:00:00,24.598728,1,0
2016-10-16 03:00:00,24.199253,1,0
2016-10-16 04:00:00,24.047617,1,0
2016-10-16 05:00:00,24.120626,1,0
2016-10-16 06:00:00,23.924343,1,0
2016-10-16 07:00:00,24.26111,1,0
2016-10-16 08:00:00,25.145714,1,0
2016-10-16 09:00:00,26.01928,1,0
2016-10-16 10:00:00,26.882366,1,0
2016-10-16 11:00:00,27.698645,1,0
2016-10-16 12:00:00,27.785559,1,0
2016-10-16 13:00:00,28.488398,1,0
2016-10-16 14:00:00,26.087936,1,0
2016-10-16 15:00:00,26.207016,1,0
2016-10-16 16:00:00,26.219746,1,0
2016-10-16 17:00:00,26.22993,1,0
2016-10-16 18:00:00,26.005249,1,0
2016-10-16 19:00:00,25.91365,1,0
2016-10-16 20:00:00,25.807034,1,0
2016-10-16 21:00:00,25.70882,1,0
2016-10-16 22:00:00,25.630453,1,0
2016-10-16 23:00:00,25.462011,1,0
2016-10-17 00:00:00,25.187332,0,0
2016-10-17 01:00:00,24.947515,0,0
2016-10-17 02:00:00,25.10261,0,0
2016-10-17 03:00:00,25.00261,0,0
2016-10-17 04:00:00,24.912273,0,0
2016-10-17 05:00:00,24.757442,0,0
2016-10-17 06:00:00,24.707443,0,0
2016-10-17 07:00:00,24.95718,0,0
2016-10-17 08:00:00,25.73186,0,0
2016-10-17 09:00:00,26.60551,0,0
2016-10-17 10:00:00,27.45168,0,0
2016-10-17 11:00:00,28.32993,0,0
2016-10-17 12:00:00,28.648865,0,0
2016-10-17 13:00:00,27.880354,0,0
2016-10-17 14:00:00,27.02202,0,0
2016-10-17 15:00:00,26.519793,0,0
2016-10-17 16:00:00,26.26622,0,0
2016-10-17 17:00:00,26.131685,0,0
2016-10-17 18:00:00,25.45194,0,0
2016-10-17 19:00:00,25.28019,0,0
2016-10-17 20:00:00,25.165436,0,0
2016-10-17 21:00:00,25.115435,0,0
2016-10-17 22:00:00,25.050415,0,0
2016-10-17 23:00:00,24.982092,0,0
2016-10-18 00:00:00,24.96198,0,0
2016-10-18 01:00:00,24.948109,0,0
2016-10-18 02:00:00,25.082354,0,0
2016-10-18 03:00:00,24.909079,0,0
2016-10-18 04:00:00,24.769003,0,0
2016-10-18 05:00:00,24.669004,0,0
2016-10-18 06:00:00,24.662127,0,0
2016-10-18 07:00:00,24.975214,0,0
2016-10-18 08:00:00,25.694916,0,0
2016-10-18 09:00:00,26.631304,0,0
2016-10-18 10:00:00,27.326473,0,0
2016-10-18 11:00:00,27.688068,0,0
2016-10-18 12:00:00,27.745731,0,0
2016-10-18 13:00:00,27.297956,0,0
2016-10-18 14:00:00,27.883575,0,0
2016-10-18 15:00:00,27.76258,0,0
2016-10-18 16:00:00,26.87154,0,0
2016-10-18 17:00:00,26.217443,0,0
2016-10-18 18:00:00,25.7767,0,0
2016-10-18 19:00:00,25.565582,0,0
2016-10-18 20:00:00,25.445732,0,0
2016-10-18 21:00:00,25.303757,0,0
2016-10-18 22:00:00,25.178814,0,0
2016-10-18 23:00:00,25.075506,0,0
2016-10-19 00:00:00,24.91558,0,0
2016-10-19 01:00:00,24.84878,0,0
2016-10-19 02:00:00,24.793947,0,0
2016-10-19 03:00:00,24.738855,0,0
2016-10-19 04:00:00,24.597256,0,0
2016-10-19 05:00:00,24.588852,0,0
2016-10-19 06:00:00,24.593685,0,0
2016-10-19 07:00:00,24.833237,0,0
2016-10-19 08:00:00,25.476358,0,0
2016-10-19 09:00:00,26.211489,0,0
2016-10-19 10:00:00,27.284647,0,0
2016-10-19 11:00:00,28.093307,0,0
2016-10-19 12:00:00,28.42855,0,0
2016-10-19 13:00:00,27.44401,0,0
2016-10-19 14:00:00,26.62809,0,0
2016-10-19 15:00:00,26.544046,0,0
2016-10-19 16:00:00,26.585499,0,0
2016-10-19 17:00:00,26.211489,0,0
2016-10-19 18:00:00,25.768742,0,0
2016-10-19 19:00:00,25.568743,0,0
2016-10-19 20:00:00,25.487186,0,0
2016-10-19 21:00:00,25.385399,0,0
2016-10-19 22:00:00,25.315172,0,0
2016-10-19 23:00:00,25.0919,0,0
2016-10-20 00:00:00,24.883236,0,0
2016-10-20 01:00:00,24.762865,0,0
2016-10-20 02:00:00,24.932974,0,0
2016-10-20 03:00:00,24.894686,0,0
2016-10-20 04:00:00,24.797993,0,0
2016-10-20 05:00:00,24.796469,0,0
2016-10-20 06:00:00,24.651562,0,0
2016-10-20 07:00:00,24.903088,0,0
2016-10-20 08:00:00,25.816174,0,0
2016-10-20 09:00:00,26.732716,0,0
2016-10-20 10:00:00,27.709179,0,0
2016-10-20 11:00:00,28.510965,0,0
2016-10-20 12:00:00,28.761372,0,0
2016-10-20 13:00:00,28.616873,0,0
2016-10-20 14:00:00,28.279367,0,0
2016-10-20 15:00:00,27.266233,0,0
2016-10-20 16:00:00,26.902594,0,0
2016-10-20 17:00:00,26.808916,0,0
2016-10-20 18:00:00,26.436022,0,0
2016-10-20 19:00:00,26.076359,0,0
2016-10-20 20:00:00,25.850039,0,0
2016-10-20 21:00:00,25.70361,0,0
2016-10-20 22:00:00,25.55718,0,0
2016-10-20 23:00:00,25.297255,0,0
2016-10-21 00:00:00,25.015581,0,0
2016-10-21 01:00:00,24.742308,0,0
2016-10-21 02:00:00,24.930338,0,0
2016-10-21 03:00:00,24.92346,0,0
2016-10-21 04:00:00,24.903088,0,0
2016-10-21 05:00:00,24.806395,0,0
2016-10-21 06:00:00,24.786282,0,0
2016-10-21 07:00:00,25.079666,0,0
2016-10-21 08:00:00,25.95944,0,0
2016-10-21 09:00:00,26.760702,0,0
2016-10-21 10:00:00,27.760439,0,0
2016-10-21 11:00:00,28.524937,0,0
2016-10-21 12:00:00,29.103678,0,0
2016-10-21 13:00:00,29.069073,0,0
2016-10-21 14:00:00,28.006132,0,0
2016-10-21 15:00:00,27.780405,0,0
2016-10-21 16:00:00,27.055725,0,0
2016-10-21 17:00:00,25.91825,0,0
2016-10-21 18:00:00,25.357277,0,0
2016-10-21 19:00:00,25.101925,0,0
2016-10-21 20:00:00,25.035904,0,0
2016-10-21 21:00:00,24.987951,0,0
2016-10-21 22:00:00,24.888477,0,0
2016-10-21 23:00:00,24.727291,0,0
2016-10-22 00:00:00,24.593752,1,0
2016-10-22 01:00:00,24.520596,1,0
2016-10-22 02:00:00,24.650486,1,0
2016-10-22 03:00:00,24.448961,1,0
2016-10-22 04:00:00,24.247847,1,0
2016-10-22 05:00:00,24.384691,1,0
2016-10-22 06:00:00,24.383547,1,0
2016-10-22 07:00:00,24.613173,1,0
2016-10-22 08:00:00,25.325129,1,0
2016-10-22 09:00:00,26.330698,1,0
2016-10-22 10:00:00,27.136528,1,0
2016-10-22 11:00:00,27.639574,1,0
2016-10-22 12:00:00,27.629456,1,0
2016-10-22 13:00:00,26.74809,1,0
2016-10-22 14:00:00,27.3042,1,0
2016-10-22 15:00:00,27.52985,1,0
2016-10-22 16:00:00,27.088398,1,0
2016-10-22 17:00:00,26.429142,1,0
2016-10-22 18:00:00,26.139591,1,0
2016-10-22 19:00:00,25.78517,1,0
2016-10-22 20:00:00,25.688885,1,0
2016-10-22 21:00:00,25.597548,1,0
2016-10-22 22:00:00,25.589407,1,0
2016-10-22 23:00:00,25.458258,1,0
2016-10-23 00:00:00,25.36335,1,0
2016-10-23 01:00:00,25.153133,1,0
2016-10-23 02:00:00,24.69354,1,0
2016-10-23 03:00:00,24.275507,1,0
2016-10-23 04:00:00,24.277245,1,0
2016-10-23 05:00:00,24.263748,1,0
2016-10-23 06:00:00,24.187777,1,0
2016-10-23 07:00:00,24.448635,1,0
2016-10-23 08:00:00,25.196093,1,0
2016-10-23 09:00:00,25.94557,1,0
2016-10-23 10:00:00,26.590097,1,0
2016-10-23 11:00:00,27.333221,1,0
2016-10-23 12:00:00,28.084335,1,0
2016-10-23 13:00:00,28.379019,1,0
2016-10-23 14:00:00,27.63738,1,0
2016-10-23 15:00:00,26.916086,1,0
2016-10-23 16:00:00,26.744686,1,0
2016-10-23 17:00:00,26.534906,1,0
2016-10-23 18:00:00,26.241785,1,0
2016-10-23 19:00:00,25.898924,1,0
2016-10-23 20:00:00,25.657587,1,0
2016-10-23 21:00:00,25.460897,1,0
2016-10-23 22:00:00,25.188738,1,0
2016-10-23 23:00:00,25.058327,1,0
2016-10-24 00:00:00,24.953234,0,0
2016-10-24 01:00:00,24.764942,0,0
2016-10-24 02:00:00,24.884613,0,0
2016-10-24 03:00:00,24.578405,0,0
2016-10-24 04:00:00,24.333616,0,0
2016-10-24 05:00:00,24.313766,0,0
2016-10-24 06:00:00,24.21912,0,0
2016-10-24 07:00:00,24.565811,0,0
2016-10-24 08:00:00,25.504494,0,0
2016-10-24 09:00:00,26.497091,0,0
2016-10-24 10:00:00,27.459131,0,0
2016-10-24 11:00:00,28.197083,0,0
2016-10-24 12:00:00,28.51474,0,0
2016-10-24 13:00:00,28.79615,0,0
2016-10-24 14:00:00,28.885078,0,0
2016-10-24 15:00:00,28.802883,0,0
2016-10-24 16:00:00,27.847752,0,0
2016-10-24 17:00:00,27.054417,0,0
2016-10-24 18:00:00,26.43509,0,0
2016-10-24 19:00:00,25.858511,0,0
2016-10-24 20:00:00,25.368958,0,0
2016-10-24 21:00:00,25.075834,0,0
2016-10-24 22:00:00,24.927881,0,0
2016-10-24 23:00:00,24.840117,0,0
2016-10-25 00:00:00,24.681976,0,0
2016-10-25 01:00:00,24.497108,0,0
2016-10-25 02:00:00,24.756626,0,0
2016-10-25 03:00:00,24.643131,0,0
2016-10-25 04:00:00,24.55841,0,0
2016-10-25 05:00:00,24.513502,0,0
2016-10-25 06:00:00,24.608004,0,0
2016-10-25 07:00:00,24.584732,0,0
2016-10-25 08:00:00,25.090591,0,0
2016-10-25 09:00:00,25.838053,0,0
2016-10-25 10:00:00,26.73355,0,0
2016-10-25 11:00:00,27.683289,0,0
2016-10-25 12:00:00,28.429834,0,0
2016-10-25 13:00:00,28.57954,0,0
2016-10-25 14:00:00,27.06054,0,0
2016-10-25 15:00:00,27.19259,0,0
2016-10-25 16:00:00,26.44557,0,0
2016-10-25 17:00:00,26.028175,0,0
2016-10-25 18:00:00,25.638214,0,0
2016-10-25 19:00:00,25.35528,0,0
2016-10-25 20:00:00,25.198254,0,0
2016-10-25 21:00:00,25.029669,0,0
2016-10-25 22:00:00,24.858295,0,0
2016-10-25 23:00:00,24.432646,0,0
2016-10-26 00:00:00,24.312534,0,0
2016-10-26 01:00:00,24.103794,0,0
2016-10-26 02:00:00,24.603134,0,0
2016-10-26 03:00:00,24.300077,0,0
2016-10-26 04:00:00,23.97171,0,0
2016-10-26 05:00:00,23.26796,0,0
2016-10-26 06:00:00,23.085283,0,0
2016-10-26 07:00:00,23.7448,0,0
2016-10-26 08:00:00,24.540478,0,0
2016-10-26 09:00:00,25.420103,0,0
2016-10-26 10:00:00,26.26932,0,0
2016-10-26 11:00:00,26.912321,0,0
2016-10-26 12:00:00,28.006824,0,0
2016-10-26 13:00:00,28.591774,0,0
2016-10-26 14:00:00,25.905262,0,0
2016-10-26 15:00:00,25.760763,0,0
2016-10-26 16:00:00,25.376537,0,0
2016-10-26 17:00:00,25.218395,0,0
2016-10-26 18:00:00,24.86052,0,0
2016-10-26 19:00:00,24.507618,0,0
2016-10-26 20:00:00,24.588625,0,0
2016-10-26 21:00:00,24.429813,0,0
2016-10-26 22:00:00,24.30004,0,0
2016-10-26 23:00:00,24.07331,0,0
2016-10-27 00:00:00,24.024982,0,0
2016-10-27 01:00:00,23.621054,0,0
2016-10-27 02:00:00,23.992016,0,0
2016-10-27 03:00:00,23.994915,0,0
2016-10-27 04:00:00,23.051235,0,0
2016-10-27 05:00:00,22.992308,0,0
2016-10-27 06:00:00,23.03874,0,0
2016-10-27 07:00:00,23.926476,0,0
2016-10-27 08:00:00,24.963633,0,0
2016-10-27 09:00:00,25.621412,0,0
2016-10-27 10:00:00,26.503231,0,0
2016-10-27 11:00:00,27.222197,0,0
2016-10-27 12:00:00,27.448187,0,0
2016-10-27 13:00:00,27.537214,0,0
2016-10-27 14:00:00,26.634869,0,0
2016-10-27 15:00:00,26.325504,0,0
2016-10-27 16:00:00,26.411194,0,0
2016-10-27 17:00:00,26.092607,0,0
2016-10-27 18:00:00,25.691345,0,0
2016-10-27 19:00:00,25.42852,0,0
2016-10-27 20:00:00,25.256771,0,0
2016-10-27 21:00:00,25.025099,0,0
2016-10-27 22:00:00,24.70361,0,0
2016-10-27 23:00:00,24.4306,0,0
2016-10-28 00:00:00,24.16763,0,0
2016-10-28 01:00:00,24.020676,0,0
2016-10-28 02:00:00,24.253725,0,0
2016-10-28 03:00:00,24.375214,0,0
2016-10-28 04:00:00,24.243309,0,0
2016-10-28 05:00:00,23.987331,0,0
2016-10-28 06:00:00,23.82729,0,0
2016-10-28 07:00:00,24.354725,0,0
2016-10-28 08:00:00,25.199108,0,0
2016-10-28 09:00:00,26.031422,0,0
2016-10-28 10:00:00,27.03969,0,0
2016-10-28 11:00:00,27.748962,0,0
2016-10-28 12:00:00,27.928375,0,0
2016-10-28 13:00:00,28.616373,0,0
2016-10-28 14:00:00,27.033955,0,0
2016-10-28 15:00:00,26.657227,0,0
2016-10-28 16:00:00,26.635256,0,0
2016-10-28 17:00:00,26.066813,0,0
2016-10-28 18:00:00,25.262274,0,0
2016-10-28 19:00:00,24.61784,0,0
2016-10-28 20:00:00,24.21111,0,0
2016-10-28 21:00:00,24.254463,0,0
2016-10-28 22:00:00,24.183092,0,0
2016-10-28 23:00:00,23.89149,0,0
2016-10-29 00:00:00,23.872902,1,0
2016-10-29 01:00:00,23.69123,1,0
2016-10-29 02:00:00,23.89252,1,0
2016-10-29 03:00:00,23.73936,1,0
2016-10-29 04:00:00,23.624489,1,0
2016-10-29 05:00:00,23.697847,1,0
2016-10-29 06:00:00,23.800747,1,0
2016-10-29 07:00:00,24.196468,1,0
2016-10-29 08:00:00,25.262157,1,0
2016-10-29 09:00:00,26.075981,1,0
2016-10-29 10:00:00,27.099846,1,0
2016-10-29 11:00:00,27.906122,1,0
2016-10-29 12:00:00,28.030804,1,0
2016-10-29 13:00:00,26.98029,1,0
2016-10-29 14:00:00,26.990475,1,0
2016-10-29 15:00:00,26.113186,1,0
2016-10-29 16:00:00,26.046385,1,0
2016-10-29 17:00:00,25.673866,1,0
2016-10-29 18:00:00,25.21725,1,0
2016-10-29 19:00:00,24.861225,1,0
2016-10-29 20:00:00,24.624458,1,0
2016-10-29 21:00:00,24.579405,1,0
2016-10-29 22:00:00,24.331188,1,0
2016-10-29 23:00:00,24.224575,1,0
2016-10-30 00:00:00,24.121529,1,0
2016-10-30 01:00:00,24.081308,1,0
2016-10-30 02:00:00,23.743162,1,0
2016-10-30 03:00:00,23.549515,1,0
2016-10-30 04:00:00,23.378027,1,0
2016-10-30 05:00:00,23.2984,1,0
2016-10-30 06:00:00,23.453163,1,0
2016-10-30 07:00:00,24.295916,1,0
2016-10-30 08:00:00,25.249779,1,0
2016-10-30 09:00:00,26.347206,1,0
2016-10-30 10:00:00,26.971773,1,0
2016-10-30 11:00:00,27.56958,1,0
2016-10-30 12:00:00,27.350204,1,0
2016-10-30 13:00:00,26.817795,1,0
2016-10-30 14:00:00,26.859177,1,0
2016-10-30 15:00:00,26.426388,1,0
2016-10-30 16:00:00,26.331484,1,0
2016-10-30 17:00:00,25.86111,1,0
2016-10-30 18:00:00,25.469627,1,0
2016-10-30 19:00:00,25.216724,1,0
2016-10-30 20:00:00,25.02665,1,0
2016-10-30 21:00:00,24.88052,1,0
2016-10-30 22:00:00,24.775282,1,0
2016-10-30 23:00:00,24.5922,1,0
2016-10-31 00:00:00,24.452122,0,0
2016-10-31 01:00:00,24.368927,0,0
2016-10-31 02:00:00,24.097586,0,0
2016-10-31 03:00:00,24.071383,0,0
2016-10-31 04:00:00,23.980898,0,0
2016-10-31 05:00:00,24.05748,0,0
2016-10-31 06:00:00,24.143984,0,0
2016-10-31 07:00:00,24.365883,0,0
2016-10-31 08:00:00,24.9523,0,0
2016-10-31 09:00:00,25.531813,0,0
2016-10-31 10:00:00,26.566534,0,0
2016-10-31 11:00:00,27.287235,0,0
2016-10-31 12:00:00,26.733696,0,0
2016-10-31 13:00:00,26.431433,0,0
2016-10-31 14:00:00,26.300808,0,0
2016-10-31 15:00:00,26.205755,0,0
2016-10-31 16:00:00,25.578028,0,0
2016-10-31 17:00:00,25.27115,0,0
2016-10-31 18:00:00,24.803823,0,0
2016-10-31 19:00:00,24.659771,0,0
2016-10-31 20:00:00,24.157248,0,0
2016-10-31 21:00:00,24.033976,0,0
2016-10-31 22:00:00,24.28178,0,0
2016-10-31 23:00:00,24.106579,0,0
2016-11-01 00:00:00,24.120335,0,0
2016-11-01 01:00:00,23.532862,0,0
2016-11-01 02:00:00,23.661041,0,0
2016-11-01 03:00:00,23.680708,0,0
2016-11-01 04:00:00,23.639961,0,0
2016-11-01 05:00:00,23.284266,0,0
2016-11-01 06:00:00,23.326128,0,0
2016-11-01 07:00:00,23.794422,0,0
2016-11-01 08:00:00,25.772825,0,0
2016-11-01 09:00:00,25.645802,0,0
2016-11-01 10:00:00,26.299107,0,0
2016-11-01 11:00:00,26.994015,0,0
2016-11-01 12:00:00,27.56729,0,0
2016-11-01 13:00:00,27.822235,0,0
2016-11-01 14:00:00,26.191494,0,0
2016-11-01 15:00:00,26.180046,0,0
2016-11-01 16:00:00,26.020382,0,0
2016-11-01 17:00:00,25.480045,0,0
2016-11-01 18:00:00,24.37149,0,0
2016-11-01 19:00:00,24.71082,0,0
2016-11-01 20:00:00,24.49249,0,0
2016-11-01 21:00:00,24.009441,0,0
2016-11-01 22:00:00,24.017843,0,0
2016-11-01 23:00:00,23.822674,0,0
2016-11-02 00:00:00,23.734383,0,0
2016-11-02 01:00:00,23.76758,0,0
2016-11-02 02:00:00,23.547878,0,0
2016-11-02 03:00:00,23.583609,0,0
2016-11-02 04:00:00,23.381561,0,0
2016-11-02 05:00:00,23.254492,0,0
2016-11-02 06:00:00,23.378027,0,0
2016-11-02 07:00:00,23.664011,0,0
2016-11-02 08:00:00,25.042152,0,0
2016-11-02 09:00:00,25.092968,0,0
2016-11-02 10:00:00,25.83568,0,0
2016-11-02 11:00:00,26.083519,0,0
2016-11-02 12:00:00,25.003622,0,0
2016-11-02 13:00:00,24.778566,0,0
2016-11-02 14:00:00,24.892729,0,0
2016-11-02 15:00:00,26.631405,0,0
2016-11-02 16:00:00,25.854786,0,0
2016-11-02 17:00:00,25.595123,0,0
2016-11-02 18:00:00,25.296501,0,0
2016-11-02 19:00:00,25.021557,0,0
2016-11-02 20:00:00,24.579962,0,0
2016-11-02 21:00:00,24.210926,0,0
2016-11-02 22:00:00,24.190226,0,0
2016-11-02 23:00:00,24.161976,0,0
2016-11-03 00:00:00,23.919888,0,1
2016-11-03 01:00:00,23.726952,0,1
2016-11-03 02:00:00,24.063719,0,1
2016-11-03 03:00:00,24.19446,0,1
2016-11-03 04:00:00,24.272564,0,1
2016-11-03 05:00:00,24.281227,0,1
2016-11-03 06:00:00,24.165094,0,1
2016-11-03 07:00:00,24.509228,0,1
2016-11-03 08:00:00,25.299923,0,1
2016-11-03 09:00:00,26.195568,0,1
2016-11-03 10:00:00,26.75854,0,1
2016-11-03 11:00:00,27.201807,0,1
2016-11-03 12:00:00,27.715038,0,1
2016-11-03 13:00:00,27.640999,0,1
2016-11-03 14:00:00,27.109995,0,1
2016-11-03 15:00:00,28.87491,0,1
2016-11-03 16:00:00,27.144276,0,1
2016-11-03 17:00:00,26.257328,0,1
2016-11-03 18:00:00,25.907587,0,1
2016-11-03 19:00:00,25.631006,0,1
2016-11-03 20:00:00,25.487886,0,1
2016-11-03 21:00:00,25.314728,0,1
2016-11-03 22:00:00,25.098188,0,1
2016-11-03 23:00:00,24.719675,0,1
2016-11-04 00:00:00,24.342422,0,0
2016-11-04 01:00:00,24.10387,0,0
2016-11-04 02:00:00,24.093683,0,0
2016-11-04 03:00:00,24.108295,0,0
2016-11-04 04:00:00,24.013126,0,0
2016-11-04 05:00:00,23.966698,0,0
2016-11-04 06:00:00,24.042162,0,0
2016-11-04 07:00:00,24.29573,0,0
2016-11-04 08:00:00,25.356655,0,0
2016-11-04 09:00:00,26.545685,0,0
2016-11-04 10:00:00,27.581665,0,0
2016-11-04 11:00:00,28.55951,0,0
2016-11-04 12:00:00,28.834305,0,0
2016-11-04 13:00:00,29.011883,0,0
2016-11-04 14:00:00,27.004332,0,0
2016-11-04 15:00:00,27.294523,0,0
2016-11-04 16:00:00,26.257832,0,0
2016-11-04 17:00:00,26.029436,0,0
2016-11-04 18:00:00,25.60007,0,0
2016-11-04 19:00:00,25.39319,0,0
2016-11-04 20:00:00,25.193308,0,0
2016-11-04 21:00:00,25.083645,0,0
2016-11-04 22:00:00,25.005424,0,0
2016-11-04 23:00:00,24.940407,0,0
2016-11-05 00:00:00,24.83669,1,1
2016-11-05 01:00:00,24.401863,1,1
2016-11-05 02:00:00,24.664455,1,1
2016-11-05 03:00:00,24.51981,1,1
2016-11-05 04:00:00,24.372236,1,1
2016-11-05 05:00:00,24.202417,1,1
2016-11-05 06:00:00,23.935905,1,1
2016-11-05 07:00:00,23.95818,1,1
2016-11-05 08:00:00,24.971704,1,1
2016-11-05 09:00:00,26.201069,1,1
2016-11-05 10:00:00,27.200138,1,1
2016-11-05 11:00:00,28.156462,1,1
2016-11-05 12:00:00,28.91598,1,1
2016-11-05 13:00:00,29.212,1,1
2016-11-05 14:00:00,27.493736,1,1
2016-11-05 15:00:00,27.031582,1,1
2016-11-05 16:00:00,26.68769,1,1
2016-11-05 17:00:00,26.506393,1,1
2016-11-05 18:00:00,26.15461,1,1
2016-11-05 19:00:00,25.909966,1,1
2016-11-05 20:00:00,25.694832,1,1
2016-11-05 21:00:00,25.49483,1,1
2016-11-05 22:00:00,25.32156,1,1
2016-11-05 23:00:00,25.201447,1,1
2016-11-06 00:00:00,25.026913,1,0
2016-11-06 01:00:00,24.751202,1,0
2016-11-06 02:00:00,24.770742,1,0
2016-11-06 03:00:00,24.494164,1,0
2016-11-06 04:00:00,24.266172,1,0
2016-11-06 05:00:00,24.2799,1,0
2016-11-06 06:00:00,24.284992,1,0
2016-11-06 07:00:00,24.466549,1,0
2016-11-06 08:00:00,25.252972,1,0
2016-11-06 09:00:00,26.195307,1,0
2016-11-06 10:00:00,27.098469,1,0
2016-11-06 11:00:00,27.846275,1,0
2016-11-06 12:00:00,28.31757,1,0
2016-11-06 13:00:00,27.244734,1,0
2016-11-06 14:00:00,26.290575,1,0
2016-11-06 15:00:00,25.779863,1,0
2016-11-06 16:00:00,25.744143,1,0
2016-11-06 17:00:00,25.440691,1,0
2016-11-06 18:00:00,24.982958,1,0
2016-11-06 19:00:00,24.646305,1,0
2016-11-06 20:00:00,24.451777,1,0
2016-11-06 21:00:00,24.473528,1,0
2016-11-06 22:00:00,24.55528,1,0
2016-11-06 23:00:00,24.528814,1,0
2016-11-07 00:00:00,24.490707,0,0
2016-11-07 01:00:00,24.551235,0,0
2016-11-07 02:00:00,24.302532,0,0
2016-11-07 03:00:00,24.382761,0,0
2016-11-07 04:00:00,24.23116,0,0
2016-11-07 05:00:00,24.2854,0,0
2016-11-07 06:00:00,24.240677,0,0
2016-11-07 07:00:00,24.293722,0,0
2016-11-07 08:00:00,24.79747,0,0
2016-11-07 09:00:00,25.423819,0,0
2016-11-07 10:00:00,26.373295,0,0
2016-11-07 11:00:00,27.514963,0,0
2016-11-07 12:00:00,27.007854,0,0
2016-11-07 13:00:00,26.72164,0,0
2016-11-07 14:00:00,25.589897,0,0
2016-11-07 15:00:00,25.313316,0,0
2016-11-07 16:00:00,24.985706,0,0
2016-11-07 17:00:00,24.66835,0,0
2016-11-07 18:00:00,24.501808,0,0
2016-11-07 19:00:00,24.589691,0,0
2016-11-07 20:00:00,24.236906,0,0
2016-11-07 21:00:00,24.343637,0,0
2016-11-07 22:00:00,24.395277,0,0
2016-11-07 23:00:00,24.426437,0,0
2016-11-08 00:00:00,24.154726,0,0
2016-11-08 01:00:00,24.208637,0,0
2016-11-08 02:00:00,24.262321,0,0
2016-11-08 03:00:00,24.172508,0,0
2016-11-08 04:00:00,24.09604,0,0
2016-11-08 05:00:00,24.090685,0,0
2016-11-08 06:00:00,24.087376,0,0
2016-11-08 07:00:00,24.252134,0,0
2016-11-08 08:00:00,24.896664,0,0
2016-11-08 09:00:00,25.647024,0,0
2016-11-08 10:00:00,26.794191,0,0
2016-11-08 11:00:00,27.82991,0,0
2016-11-08 12:00:00,28.21411,0,0
2016-11-08 13:00:00,27.568901,0,0
2016-11-08 14:00:00,28.721102,0,0
2016-11-08 15:00:00,27.800694,0,0
2016-11-08 16:00:00,27.73579,0,0
2016-11-08 17:00:00,27.304495,0,0
2016-11-08 18:00:00,26.748137,0,0
2016-11-08 19:00:00,26.345354,0,0
2016-11-08 20:00:00,25.964205,0,0
2016-11-08 21:00:00,25.692717,0,0
2016-11-08 22:00:00,25.487507,0,0
2016-11-08 23:00:00,25.28089,0,0
2016-11-09 00:00:00,25.04324,0,0
2016-11-09 01:00:00,24.843616,0,0
2016-11-09 02:00:00,24.908634,0,0
2016-11-09 03:00:00,24.793617,0,0
2016-11-09 04:00:00,24.69057,0,0
2016-11-09 05:00:00,24.577337,0,0
2016-11-09 06:00:00,24.565891,0,0
2016-11-09 07:00:00,24.791946,0,0
2016-11-09 08:00:00,25.62056,0,0
2016-11-09 09:00:00,26.629288,0,0
2016-11-09 10:00:00,27.442,0,0
2016-11-09 11:00:00,28.106085,0,0
2016-11-09 12:00:00,28.779097,0,0
2016-11-09 13:00:00,28.550879,0,0
2016-11-09 14:00:00,29.090923,0,0
2016-11-09 15:00:00,27.366379,0,0
2016-11-09 16:00:00,26.802032,0,0
2016-11-09 17:00:00,26.650362,0,0
2016-11-09 18:00:00,26.355309,0,0
2016-11-09 19:00:00,26.175537,0,0
2016-11-09 20:00:00,26.01435,0,0
2016-11-09 21:00:00,25.84781,0,0
2016-11-09 22:00:00,25.691454,0,0
2016-11-09 23:00:00,25.538408,0,0
2016-11-10 00:00:00,25.324245,0,1
2016-11-10 01:00:00,25.1032,0,1
2016-11-10 02:00:00,25.352348,0,1
2016-11-10 03:00:00,25.27536,0,1
2016-11-10 04:00:00,25.173574,0,1
2016-11-10 05:00:00,25.078667,0,1
2016-11-10 06:00:00,24.982239,0,1
2016-11-10 07:00:00,25.083092,0,1
2016-11-10 08:00:00,25.586496,0,1
2016-11-10 09:00:00,26.162846,0,1
2016-11-10 10:00:00,27.039312,0,1
2016-11-10 11:00:00,27.970463,0,1
2016-11-10 12:00:00,28.772696,0,1
2016-11-10 13:00:00,27.673016,0,1
2016-11-10 14:00:00,28.74749,0,1
2016-11-10 15:00:00,28.848246,0,1
2016-11-10 16:00:00,28.569994,0,1
2016-11-10 17:00:00,28.043674,0,1
2016-11-10 18:00:00,27.174644,0,1
2016-11-10 19:00:00,26.568695,0,1
2016-11-10 20:00:00,26.147732,0,1
2016-11-10 21:00:00,25.744686,0,1
2016-11-10 22:00:00,25.552938,0,1
2016-11-10 23:00:00,25.37967,0,1
2016-11-11 00:00:00,25.244831,0,0
2016-11-11 01:00:00,25.068218,0,0
2016-11-11 02:00:00,24.961864,0,0
2016-11-11 03:00:00,24.931976,0,0
2016-11-11 04:00:00,24.678589,0,0
2016-11-11 05:00:00,24.406628,0,0
2016-11-11 06:00:00,24.219189,0,0
2016-11-11 07:00:00,24.519268,0,0
2016-11-11 08:00:00,25.068249,0,0
2016-11-11 09:00:00,26.087692,0,0
2016-11-11 10:00:00,26.980734,0,0
2016-11-11 11:00:00,27.3611,0,0
2016-11-11 12:00:00,26.82087,0,0
2016-11-11 13:00:00,27.167154,0,0
2016-11-11 14:00:00,25.268463,0,0
2016-11-11 15:00:00,25.232483,0,0
2016-11-11 16:00:00,25.158325,0,0
2016-11-11 17:00:00,25.147139,0,0
2016-11-11 18:00:00,25.102234,0,0
2016-11-11 19:00:00,25.067251,0,0
2016-11-11 20:00:00,25.125767,0,0
2016-11-11 21:00:00,24.997255,0,0
2016-11-11 22:00:00,24.846992,0,0
2016-11-11 23:00:00,24.771788,0,0
2016-11-12 00:00:00,24.636806,1,0
2016-11-12 01:00:00,24.536806,1,0
2016-11-12 02:00:00,24.305841,1,0
2016-11-12 03:00:00,23.794685,1,0
2016-11-12 04:00:00,23.674982,1,0
2016-11-12 05:00:00,23.580074,1,0
2016-11-12 06:00:00,23.55718,1,0
2016-11-12 07:00:00,23.71915,1,0
2016-11-12 08:00:00,24.127535,1,0
2016-11-12 09:00:00,24.485674,1,0
2016-11-12 10:00:00,25.143406,1,0
2016-11-12 11:00:00,25.761847,1,0
2016-11-12 12:00:00,26.064224,1,0
2016-11-12 13:00:00,26.001253,1,0
2016-11-12 14:00:00,26.145977,1,0
2016-11-12 15:00:00,26.164679,1,0
2016-11-12 16:00:00,26.455578,1,0
2016-11-12 17:00:00,25.104494,1,0
2016-11-12 18:00:00,24.830812,1,0
2016-11-12 19:00:00,24.590067,1,0
2016-11-12 20:00:00,24.38573,1,0
2016-11-12 21:00:00,24.36919,1,0
2016-11-12 22:00:00,24.230637,1,0
2016-11-12 23:00:00,24.08733,1,0
2016-11-13 00:00:00,23.915766,1,0
2016-11-13 01:00:00,23.846062,1,0
2016-11-13 02:00:00,24.142948,1,0
2016-11-13 03:00:00,24.020975,1,0
2016-11-13 04:00:00,24.022236,1,0
2016-11-13 05:00:00,24.01079,1,0
2016-11-13 06:00:00,24.171236,1,0
2016-11-13 07:00:00,24.47469,1,0
2016-11-13 08:00:00,25.220036,1,0
2016-11-13 09:00:00,26.14059,1,0
2016-11-13 10:00:00,27.088137,1,0
2016-11-13 11:00:00,27.66074,1,0
2016-11-13 12:00:00,28.227135,1,0
2016-11-13 13:00:00,28.460331,1,0
2016-11-13 14:00:00,26.632698,1,0
2016-11-13 15:00:00,26.398499,1,0
2016-11-13 16:00:00,26.601925,1,0
2016-11-13 17:00:00,26.44747,1,0
2016-11-13 18:00:00,26.116318,1,0
2016-11-13 19:00:00,25.870152,1,0
2016-11-13 20:00:00,25.562012,1,0
2016-11-13 21:00:00,25.386953,1,0
2016-11-13 22:00:00,25.28022,1,0
2016-11-13 23:00:00,24.974243,1,0
2016-11-14 00:00:00,24.736069,0,0
2016-11-14 01:00:00,24.618742,0,0
2016-11-14 02:00:00,24.871119,0,0
2016-11-14 03:00:00,24.75941,0,0
2016-11-14 04:00:00,24.425428,0,0
2016-11-14 05:00:00,23.912601,0,0
2016-11-14 06:00:00,23.824312,0,0
2016-11-14 07:00:00,24.12405,0,0
2016-11-14 08:00:00,24.969774,0,0
2016-11-14 09:00:00,25.954494,0,0
2016-11-14 10:00:00,27.01758,0,0
2016-11-14 11:00:00,27.641853,0,0
2016-11-14 12:00:00,27.890545,0,0
2016-11-14 13:00:00,27.64069,0,0
2016-11-14 14:00:00,27.272808,0,0
2016-11-14 15:00:00,26.296423,0,0
2016-11-14 16:00:00,26.070366,0,0
2016-11-14 17:00:00,25.257984,0,0
2016-11-14 18:00:00,24.41858,0,0
2016-11-14 19:00:00,24.366795,0,0
2016-11-14 20:00:00,23.882336,0,0
2016-11-14 21:00:00,23.831076,0,0
2016-11-14 22:00:00,23.773197,0,0
2016-11-14 23:00:00,23.796616,0,0
2016-11-15 00:00:00,23.7484,0,0
2016-11-15 01:00:00,23.788738,0,0
2016-11-15 02:00:00,23.75197,0,0
2016-11-15 03:00:00,24.16398,0,0
2016-11-15 04:00:00,23.64647,0,0
2016-11-15 05:00:00,24.167141,0,0
2016-11-15 06:00:00,23.979113,0,0
2016-11-15 07:00:00,23.7477,0,0
2016-11-15 08:00:00,25.695839,0,0
2016-11-15 09:00:00,25.47962,0,0
2016-11-15 10:00:00,26.093473,0,0
2016-11-15 11:00:00,26.393358,0,0
2016-11-15 12:00:00,26.680603,0,0
2016-11-15 13:00:00,26.819746,0,0
2016-11-15 14:00:00,25.508608,0,0
2016-11-15 15:00:00,24.992735,0,0
2016-11-15 16:00:00,24.614746,0,0
2016-11-15 17:00:00,24.499992,0,0
2016-11-15 18:00:00,24.228504,0,0
2016-11-15 19:00:00,24.66825,0,0
2016-11-15 20:00:00,24.064234,0,0
2016-11-15 21:00:00,24.641783,0,0
2016-11-15 22:00:00,24.660225,0,0
2016-11-15 23:00:00,24.617104,0,0
2016-11-16 00:00:00,24.542162,0,0
2016-11-16 01:00:00,24.438852,0,0
2016-11-16 02:00:00,24.3087,0,0
2016-11-16 03:00:00,24.158442,0,0
2016-11-16 04:00:00,24.025164,0,0
2016-11-16 05:00:00,24.049702,0,0
2016-11-16 06:00:00,23.986284,0,0
2016-11-16 07:00:00,24.291822,0,0
2016-11-16 08:00:00,24.939037,0,0
2016-11-16 09:00:00,25.320896,0,0
2016-11-16 10:00:00,25.962057,0,0
2016-11-16 11:00:00,25.979374,0,0
2016-11-16 12:00:00,25.901716,0,0
2016-11-16 13:00:00,25.765882,0,0
2016-11-16 14:00:00,25.698895,0,0
2016-11-16 15:00:00,25.914436,0,0
2016-11-16 16:00:00,25.343353,0,0
2016-11-16 17:00:00,25.116104,0,0
2016-11-16 18:00:00,24.91432,0,0
2016-11-16 19:00:00,24.81075,0,0
2016-11-16 20:00:00,24.702349,0,0
2016-11-16 21:00:00,24.602085,0,0
2016-11-16 22:00:00,24.512012,0,0
2016-11-16 23:00:00,24.498138,0,0
2016-11-17 00:00:00,24.305132,0,0
2016-11-17 01:00:00,24.308441,0,0
2016-11-17 02:00:00,24.06784,0,0
2016-11-17 03:00:00,23.956318,0,0
2016-11-17 04:00:00,23.40561,0,0
2016-11-17 05:00:00,23.44059,0,0
2016-11-17 06:00:00,23.470482,0,0
2016-11-17 07:00:00,23.490444,0,0
2016-11-17 08:00:00,23.62695,0,0
2016-11-17 09:00:00,23.828358,0,0
2016-11-17 10:00:00,24.18486,0,0
2016-11-17 11:00:00,24.366795,0,0
2016-11-17 12:00:00,25.390831,0,0
2016-11-17 13:00:00,24.623308,0,0
2016-11-17 14:00:00,25.376863,0,0
2016-11-17 15:00:00,25.662079,0,0
2016-11-17 16:00:00,25.46465,0,0
2016-11-17 17:00:00,25.2532,0,0
2016-11-17 18:00:00,24.71889,0,0
2016-11-17 19:00:00,24.545618,0,0
2016-11-17 20:00:00,23.918182,0,0
2016-11-17 21:00:00,23.497879,0,0
2016-11-17 22:00:00,23.364418,0,0
2016-11-17 23:00:00,23.018133,0,0
2016-11-18 00:00:00,23.01278,0,0
2016-11-18 01:00:00,23.13579,0,0
2016-11-18 02:00:00,24.082897,0,0
2016-11-18 03:00:00,24.027805,0,0
2016-11-18 04:00:00,23.991299,0,0
2016-11-18 05:00:00,24.106392,0,0
2016-11-18 06:00:00,23.61052,0,0
2016-11-18 07:00:00,24.221266,0,0
2016-11-18 08:00:00,24.880405,0,0
2016-11-18 09:00:00,25.321527,0,0
2016-11-18 10:00:00,26.329403,0,0
2016-11-18 11:00:00,26.96324,0,0
2016-11-18 12:00:00,27.323805,0,0
2016-11-18 13:00:00,27.551094,0,0
2016-11-18 14:00:00,26.96987,0,0
2016-11-18 15:00:00,26.070606,0,0
2016-11-18 16:00:00,25.828337,0,0
2016-11-18 17:00:00,25.742949,0,0
2016-11-18 18:00:00,25.422836,0,0
2016-11-18 19:00:00,25.165958,0,0
2016-11-18 20:00:00,25.047632,0,0
2016-11-18 21:00:00,24.909079,0,0
2016-11-18 22:00:00,24.69904,0,0
2016-11-18 23:00:00,24.384169,0,0
2016-11-19 00:00:00,24.225506,1,0
2016-11-19 01:00:00,24.275097,1,0
2016-11-19 02:00:00,24.250301,1,0
2016-11-19 03:00:00,23.94193,1,0
2016-11-19 04:00:00,23.734055,1,0
2016-11-19 05:00:00,24.14164,1,0
2016-11-19 06:00:00,24.08833,1,0
2016-11-19 07:00:00,24.224834,1,0
2016-11-19 08:00:00,25.009296,1,0
2016-11-19 09:00:00,25.663242,1,0
2016-11-19 10:00:00,26.13669,1,0
2016-11-19 11:00:00,26.49447,1,0
2016-11-19 12:00:00,26.911798,1,0
2016-11-19 13:00:00,27.251873,1,0
2016-11-19 14:00:00,26.819788,1,0
2016-11-19 15:00:00,26.266628,1,0
2016-11-19 16:00:00,25.568415,1,0
2016-11-19 17:00:00,25.4399,1,0
2016-11-19 18:00:00,25.2899,1,0
2016-11-19 19:00:00,25.207966,1,0
2016-11-19 20:00:00,25.092539,1,0
2016-11-19 21:00:00,24.995848,1,0
2016-11-19 22:00:00,24.903986,1,0
2016-11-19 23:00:00,24.800156,1,0
2016-11-20 00:00:00,24.516619,1,0
2016-11-20 01:00:00,24.44803,1,0
2016-11-20 02:00:00,23.74706,1,0
2016-11-20 03:00:00,23.567171,1,0
2016-11-20 04:00:00,23.517174,1,0
2016-11-20 05:00:00,23.46208,1,0
2016-11-20 06:00:00,23.467173,1,0
2016-11-20 07:00:00,23.389069,1,0
2016-11-20 08:00:00,24.060148,1,0
2016-11-20 09:00:00,24.587873,1,0
2016-11-20 10:00:00,25.157955,1,0
2016-11-20 11:00:00,24.898712,1,0
2016-11-20 12:00:00,24.23296,1,0
2016-11-20 13:00:00,23.987314,1,0
2016-11-20 14:00:00,24.185236,1,0
2016-11-20 15:00:00,24.46855,1,0
2016-11-20 16:00:00,24.403534,1,0
2016-11-20 17:00:00,24.10725,1,0
2016-11-20 18:00:00,23.709179,1,0
2016-11-20 19:00:00,24.14621,1,0
2016-11-20 20:00:00,23.474459,1,0
2016-11-20 21:00:00,23.402563,1,0
2016-11-20 22:00:00,23.300777,1,0
2016-11-20 23:00:00,23.250778,1,0
2016-11-21 00:00:00,23.254086,0,0
2016-11-21 01:00:00,23.165796,0,0
2016-11-21 02:00:00,23.457249,0,0
2016-11-21 03:00:00,23.540443,0,0
2016-11-21 04:00:00,23.452156,0,0
2016-11-21 05:00:00,23.244162,0,0
2016-11-21 06:00:00,23.280668,0,0
2016-11-21 07:00:00,23.280668,0,0
2016-11-21 08:00:00,23.425573,0,0
2016-11-21 09:00:00,23.39747,0,0
2016-11-21 10:00:00,23.53743,0,0
2016-11-21 11:00:00,23.574081,0,0
2016-11-21 12:00:00,23.640621,0,0
2016-11-21 13:00:00,23.662518,0,0
2016-11-21 14:00:00,23.894337,0,0
2016-11-21 15:00:00,24.150705,0,0
2016-11-21 16:00:00,23.813286,0,0
2016-11-21 17:00:00,23.627274,0,0
2016-11-21 18:00:00,23.524227,0,0
2016-11-21 19:00:00,23.871965,0,0
2016-11-21 20:00:00,23.45464,0,0
2016-11-21 21:00:00,23.479696,0,0
2016-11-21 22:00:00,23.463156,0,0
2016-11-21 23:00:00,23.40654,0,0
2016-11-22 00:00:00,23.380337,0,0
2016-11-22 01:00:00,23.350563,0,0
2016-11-22 02:00:00,23.367365,0,0
2016-11-22 03:00:00,23.428667,0,0
2016-11-22 04:00:00,23.285547,0,0
2016-11-22 05:00:00,23.232239,0,0
2016-11-22 06:00:00,23.173836,0,0
2016-11-22 07:00:00,23.178667,0,0
2016-11-22 08:00:00,23.3494,0,0
2016-11-22 09:00:00,23.623966,0,0
2016-11-22 10:00:00,24.12485,0,0
2016-11-22 11:00:00,24.41607,0,0
2016-11-22 12:00:00,24.649004,0,0
2016-11-22 13:00:00,25.06057,0,0
2016-11-22 14:00:00,24.585627,0,0
2016-11-22 15:00:00,24.455969,0,0
2016-11-22 16:00:00,24.531029,0,0
2016-11-22 17:00:00,24.486237,0,0
2016-11-22 18:00:00,24.369957,0,0
2016-11-22 19:00:00,24.429289,0,0
2016-11-22 20:00:00,24.311934,0,0
2016-11-22 21:00:00,23.836283,0,0
2016-11-22 22:00:00,23.85294,0,0
2016-11-22 23:00:00,23.451824,0,0
2016-11-23 00:00:00,23.45625,0,0
2016-11-23 01:00:00,23.482569,0,0
2016-11-23 02:00:00,23.450632,0,0
2016-11-23 03:00:00,23.860003,0,0
2016-11-23 04:00:00,23.924873,0,0
2016-11-23 05:00:00,23.942871,0,0
2016-11-23 06:00:00,23.946178,0,0
2016-11-23 07:00:00,24.05101,0,0
2016-11-23 08:00:00,24.67695,0,0
2016-11-23 09:00:00,25.124166,0,0
2016-11-23 10:00:00,26.146454,0,0
2016-11-23 11:00:00,26.60461,0,0
2016-11-23 12:00:00,26.842686,0,0
2016-11-23 13:00:00,26.916891,0,0
2016-11-23 14:00:00,26.649563,0,0
2016-11-23 15:00:00,26.396517,0,0
2016-11-23 16:00:00,26.362913,0,0
2016-11-23 17:00:00,26.063911,0,0
2016-11-23 18:00:00,25.663912,0,0
2016-11-23 19:00:00,25.440376,0,0
2016-11-23 20:00:00,25.234024,0,0
2016-11-23 21:00:00,25.035807,0,0
2016-11-23 22:00:00,24.867481,0,0
2016-11-23 23:00:00,24.722313,0,0
2016-11-24 00:00:00,24.623835,0,0
2016-11-24 01:00:00,24.548632,0,0
2016-11-24 02:00:00,24.288591,0,0
2016-11-24 03:00:00,24.290115,0,0
2016-11-24 04:00:00,24.105131,0,0
2016-11-24 05:00:00,23.836954,0,0
2016-11-24 06:00:00,23.73186,0,0
2016-11-24 07:00:00,24.10982,0,0
2016-11-24 08:00:00,25.04056,0,0
2016-11-24 09:00:00,25.567171,0,0
2016-11-24 10:00:00,26.265026,0,0
2016-11-24 11:00:00,26.976883,0,0
2016-11-24 12:00:00,27.659195,0,0
2016-11-24 13:00:00,27.971577,0,0
2016-11-24 14:00:00,27.59288,0,0
2016-11-24 15:00:00,27.058489,0,0
2016-11-24 16:00:00,26.679897,0,0
2016-11-24 17:00:00,25.84703,0,0
2016-11-24 18:00:00,25.52759,0,0
2016-11-24 19:00:00,25.164911,0,0
2016-11-24 20:00:00,24.918365,0,0
2016-11-24 21:00:00,24.792278,0,0
2016-11-24 22:00:00,24.694063,0,0
2016-11-24 23:00:00,24.552464,0,0
2016-11-25 00:00:00,24.41748,0,0
2016-11-25 01:00:00,24.277407,0,0
2016-11-25 02:00:00,24.119007,0,0
2016-11-25 03:00:00,23.819412,0,0
2016-11-25 04:00:00,23.637737,0,0
2016-11-25 05:00:00,23.827145,0,0
2016-11-25 06:00:00,23.881828,0,0
2016-11-25 07:00:00,23.935139,0,0
2016-11-25 08:00:00,24.887775,0,0
2016-11-25 09:00:00,25.684467,0,0
2016-11-25 10:00:00,26.62595,0,0
2016-11-25 11:00:00,27.543983,0,0
2016-11-25 12:00:00,28.221987,0,0
2016-11-25 13:00:00,28.348206,0,0
2016-11-25 14:00:00,27.661602,0,0
2016-11-25 15:00:00,26.708326,0,0
2016-11-25 16:00:00,26.587954,0,0
2016-11-25 17:00:00,26.387285,0,0
2016-11-25 18:00:00,25.267582,0,0
2016-11-25 19:00:00,24.863155,0,0
2016-11-25 20:00:00,24.723343,0,0
2016-11-25 21:00:00,24.497208,0,0
2016-11-25 22:00:00,24.375313,0,0
2016-11-25 23:00:00,24.301893,0,0
2016-11-26 00:00:00,24.188398,1,0
2016-11-26 01:00:00,24.062077,1,0
2016-11-26 02:00:00,24.141706,1,0
2016-11-26 03:00:00,24.138474,1,0
2016-11-26 04:00:00,23.877504,1,0
2016-11-26 05:00:00,23.91044,1,0
2016-11-26 06:00:00,23.93728,1,0
2016-11-26 07:00:00,24.242718,1,0
2016-11-26 08:00:00,25.013826,1,0
2016-11-26 09:00:00,25.987839,1,0
2016-11-26 10:00:00,26.907133,1,0
2016-11-26 11:00:00,27.716387,1,0
2016-11-26 12:00:00,26.860615,1,0
2016-11-26 13:00:00,26.812515,1,0
2016-11-26 14:00:00,26.46542,1,0
2016-11-26 15:00:00,26.289099,1,0
2016-11-26 16:00:00,26.404493,1,0
2016-11-26 17:00:00,25.636984,1,0
2016-11-26 18:00:00,25.250069,1,0
2016-11-26 19:00:00,25.041668,1,0
2016-11-26 20:00:00,24.815205,1,0
2016-11-26 21:00:00,24.675388,1,0
2016-11-26 22:00:00,24.432266,1,0
2016-11-26 23:00:00,24.323196,1,0
2016-11-27 00:00:00,24.164795,1,0
2016-11-27 01:00:00,23.955465,1,0
2016-11-27 02:00:00,23.683004,1,0
2016-11-27 03:00:00,23.628174,1,0
2016-11-27 04:00:00,24.075832,1,0
2016-11-27 05:00:00,24.195618,1,0
2016-11-27 06:00:00,24.167772,1,0
2016-11-27 07:00:00,24.31956,1,0
2016-11-27 08:00:00,24.900593,1,0
2016-11-27 09:00:00,25.851595,1,0
2016-11-27 10:00:00,26.765678,1,0
2016-11-27 11:00:00,27.56208,1,0
2016-11-27 12:00:00,28.144344,1,0
2016-11-27 13:00:00,28.607431,1,0
2016-11-27 14:00:00,27.098137,1,0
2016-11-27 15:00:00,26.434526,1,0
2016-11-27 16:00:00,25.894453,1,0
2016-11-27 17:00:00,25.636053,1,0
2016-11-27 18:00:00,25.4078,1,0
2016-11-27 19:00:00,25.227766,1,0
2016-11-27 20:00:00,25.11784,1,0
2016-11-27 21:00:00,25.00104,1,0
2016-11-27 22:00:00,24.453234,1,0
2016-11-27 23:00:00,24.410994,1,0
2016-11-28 00:00:00,24.051855,0,1
2016-11-28 01:00:00,23.68089,0,1
2016-11-28 02:00:00,23.88312,0,1
2016-11-28 03:00:00,24.207771,0,1
2016-11-28 04:00:00,24.322458,0,1
2016-11-28 05:00:00,24.358963,0,1
2016-11-28 06:00:00,24.310934,0,1
2016-11-28 07:00:00,24.454317,0,1
2016-11-28 08:00:00,25.433315,0,1
2016-11-28 09:00:00,26.134237,0,1
2016-11-28 10:00:00,27.12736,0,1
2016-11-28 11:00:00,27.873526,0,1
2016-11-28 12:00:00,28.012554,0,1
2016-11-28 13:00:00,26.79884,0,1
2016-11-28 14:00:00,26.037167,0,1
2016-11-28 15:00:00,26.01758,0,1
2016-11-28 16:00:00,25.984383,0,1
2016-11-28 17:00:00,25.804462,0,1
2016-11-28 18:00:00,25.406246,0,1
2016-11-28 19:00:00,25.056656,0,1
2016-11-28 20:00:00,24.90361,0,1
2016-11-28 21:00:00,24.768627,0,1
2016-11-28 22:00:00,24.676765,0,1
2016-11-28 23:00:00,24.604607,0,1
2016-11-29 00:00:00,24.46275,0,0
2016-11-29 01:00:00,24.42115,0,0
2016-11-29 02:00:00,24.3929,0,0
2016-11-29 03:00:00,24.376099,0,0
2016-11-29 04:00:00,24.269218,0,0
2016-11-29 05:00:00,24.182306,0,0
2016-11-29 06:00:00,24.194357,0,0
2016-11-29 07:00:00,24.244276,0,0
2016-11-29 08:00:00,25.29714,0,0
2016-11-29 09:00:00,26.063978,0,0
2016-11-29 10:00:00,27.06591,0,0
2016-11-29 11:00:00,27.735874,0,0
2016-11-29 12:00:00,27.972235,0,0
2016-11-29 13:00:00,27.659672,0,0
2016-11-29 14:00:00,26.96948,0,0
2016-11-29 15:00:00,26.744017,0,0
2016-11-29 16:00:00,26.141262,0,0
2016-11-29 17:00:00,25.82346,0,0
2016-11-29 18:00:00,25.413534,0,0
2016-11-29 19:00:00,25.270004,0,0
2016-11-29 20:00:00,25.20168,0,0
2016-11-29 21:00:00,25.071642,0,0
2016-11-29 22:00:00,24.944208,0,0
2016-11-29 23:00:00,24.790638,0,0
2016-11-30 00:00:00,24.690037,0,0
2016-11-30 01:00:00,24.494606,0,0
2016-11-30 02:00:00,24.444983,0,0
2016-11-30 03:00:00,24.02364,0,0
2016-11-30 04:00:00,23.96498,0,0
2016-11-30 05:00:00,23.92669,0,0
2016-11-30 06:00:00,23.895275,0,0
2016-11-30 07:00:00,23.88769,0,0
2016-11-30 08:00:00,25.382528,0,0
2016-11-30 09:00:00,25.04036,0,0
2016-11-30 10:00:00,26.132812,0,0
2016-11-30 11:00:00,26.709278,0,0
2016-11-30 12:00:00,27.893444,0,0
2016-11-30 13:00:00,27.905533,0,0
2016-11-30 14:00:00,26.922888,0,0
2016-11-30 15:00:00,27.093851,0,0
2016-11-30 16:00:00,26.329796,0,0
2016-11-30 17:00:00,26.007015,0,0
2016-11-30 18:00:00,25.700663,0,0
2016-11-30 19:00:00,25.53743,0,0
2016-11-30 20:00:00,25.462486,0,0
2016-11-30 21:00:00,25.340855,0,0
2016-11-30 22:00:00,25.167843,0,0
2016-11-30 23:00:00,25.014795,0,0
2016-12-01 00:00:00,24.888477,0,0
2016-12-01 01:00:00,24.653492,0,0
2016-12-01 02:00:00,24.692451,0,0
2016-12-01 03:00:00,24.533712,0,0
2016-12-01 04:00:00,24.498732,0,0
2016-12-01 05:00:00,24.403563,0,0
2016-12-01 06:00:00,24.194492,0,0
2016-12-01 07:00:00,24.541931,0,0
2016-12-01 08:00:00,25.260372,0,0
2016-12-01 09:00:00,26.175575,0,0
2016-12-01 10:00:00,27.176428,0,0
2016-12-01 11:00:00,27.940514,0,0
2016-12-01 12:00:00,27.888468,0,0
2016-12-01 13:00:00,27.68571,0,0
2016-12-01 14:00:00,27.107754,0,0
2016-12-01 15:00:00,26.894377,0,0
2016-12-01 16:00:00,25.862108,0,0
2016-12-01 17:00:00,25.287313,0,0
2016-12-01 18:00:00,25.221033,0,0
2016-12-01 19:00:00,25.181482,0,0
2016-12-01 20:00:00,25.051971,0,0
2016-12-01 21:00:00,24.90528,0,0
2016-12-01 22:00:00,24.817104,0,0
2016-12-01 23:00:00,24.689377,0,0
2016-12-02 00:00:00,24.537853,0,0
2016-12-02 01:00:00,24.454655,0,0
2016-12-02 02:00:00,24.534285,0,0
2016-12-02 03:00:00,24.456179,0,0
2016-12-02 04:00:00,24.345993,0,0
2016-12-02 05:00:00,24.23343,0,0
2016-12-02 06:00:00,24.238785,0,0
2016-12-02 07:00:00,24.37403,0,0
2016-12-02 08:00:00,25.417252,0,0
2016-12-02 09:00:00,26.456278,0,0
2016-12-02 10:00:00,27.445162,0,0
2016-12-02 11:00:00,28.219172,0,0
2016-12-02 12:00:00,28.856531,0,0
2016-12-02 13:00:00,28.982847,0,0
2016-12-02 14:00:00,28.800797,0,0
2016-12-02 15:00:00,28.365816,0,0
2016-12-02 16:00:00,27.81303,0,0
2016-12-02 17:00:00,27.082142,0,0
2016-12-02 18:00:00,26.183073,0,0
2016-12-02 19:00:00,25.520771,0,0
2016-12-02 20:00:00,25.078175,0,0
2016-12-02 21:00:00,24.733791,0,0
2016-12-02 22:00:00,24.512419,0,0
2016-12-02 23:00:00,24.334053,0,0
2016-12-03 00:00:00,24.062563,1,0
2016-12-03 01:00:00,23.902641,1,0
2016-12-03 02:00:00,24.210012,1,0
2016-12-03 03:00:00,24.071836,1,0
2016-12-03 04:00:00,23.949944,1,0
2016-12-03 05:00:00,23.838379,1,0
2016-12-03 06:00:00,23.74321,1,0
2016-12-03 07:00:00,23.824883,1,0
2016-12-03 08:00:00,24.90361,1,0
2016-12-03 09:00:00,26.22736,1,0
2016-12-03 10:00:00,27.407839,1,0
2016-12-03 11:00:00,28.126757,1,0
2016-12-03 12:00:00,28.599768,1,0
2016-12-03 13:00:00,28.754717,1,0
2016-12-03 14:00:00,28.66405,1,0
2016-12-03 15:00:00,28.287582,1,0
2016-12-03 16:00:00,27.996508,1,0
2016-12-03 17:00:00,27.297295,1,0
2016-12-03 18:00:00,26.554317,1,0
2016-12-03 19:00:00,25.979784,1,0
2016-12-03 20:00:00,25.26848,1,0
2016-12-03 21:00:00,24.939037,1,0
2016-12-03 22:00:00,24.648962,1,0
2016-12-03 23:00:00,24.610672,1,0
2016-12-04 00:00:00,24.334614,1,0
2016-12-04 01:00:00,24.369453,1,0
2016-12-04 02:00:00,24.662458,1,0
2016-12-04 03:00:00,24.505957,1,0
2016-12-04 04:00:00,24.42949,1,0
2016-12-04 05:00:00,24.444244,1,0
2016-12-04 06:00:00,24.267666,1,0
2016-12-04 07:00:00,24.427328,1,0
2016-12-04 08:00:00,25.488922,1,0
2016-12-04 09:00:00,26.530897,1,0
2016-12-04 10:00:00,27.106249,1,0
2016-12-04 11:00:00,27.816433,1,0
2016-12-04 12:00:00,28.214912,1,0
2016-12-04 13:00:00,28.437807,1,0
2016-12-04 14:00:00,27.40821,1,0
2016-12-04 15:00:00,26.709848,1,0
2016-12-04 16:00:00,26.021442,1,0
2016-12-04 17:00:00,25.751068,1,0
2016-12-04 18:00:00,25.579552,1,0
2016-12-04 19:00:00,25.32446,1,0
2016-12-04 20:00:00,24.846615,1,0
2016-12-04 21:00:00,24.935614,1,0
2016-12-04 22:00:00,24.778736,1,0
2016-12-04 23:00:00,24.598438,1,0
2016-12-05 00:00:00,24.510408,0,0
2016-12-05 01:00:00,24.296062,0,0
2016-12-05 02:00:00,23.632008,0,0
2016-12-05 03:00:00,23.913126,0,0
2016-12-05 04:00:00,23.404463,0,0
2016-12-05 05:00:00,23.053425,0,0
2016-12-05 06:00:00,22.951378,0,0
2016-12-05 07:00:00,23.121412,0,0
2016-12-05 08:00:00,24.393385,0,0
2016-12-05 09:00:00,25.201923,0,0
2016-12-05 10:00:00,26.348352,0,0
2016-12-05 11:00:00,27.330765,0,0
2016-12-05 12:00:00,28.081617,0,0
2016-12-05 13:00:00,28.532997,0,0
2016-12-05 14:00:00,26.995045,0,0
2016-12-05 15:00:00,26.888723,0,0
2016-12-05 16:00:00,26.885498,0,0
2016-12-05 17:00:00,26.427097,0,0
2016-12-05 18:00:00,25.964533,0,0
2016-12-05 19:00:00,25.495092,0,0
2016-12-05 20:00:00,25.19383,0,0
2016-12-05 21:00:00,24.973982,0,0
2016-12-05 22:00:00,24.777554,0,0
2016-12-05 23:00:00,24.647255,0,0
2016-12-06 00:00:00,24.478668,0,0
2016-12-06 01:00:00,24.408556,0,0
2016-12-06 02:00:00,24.315027,0,0
2016-12-06 03:00:00,24.203316,0,0
2016-12-06 04:00:00,24.070122,0,0
2016-12-06 05:00:00,24.11198,0,0
2016-12-06 06:00:00,24.110458,0,0
2016-12-06 07:00:00,24.214027,0,0
2016-12-06 08:00:00,25.004988,0,0
2016-12-06 09:00:00,26.040329,0,0
2016-12-06 10:00:00,27.041067,0,0
2016-12-06 11:00:00,28.026787,0,0
2016-12-06 12:00:00,28.604221,0,0
2016-12-06 13:00:00,28.513216,0,0
2016-12-06 14:00:00,27.739758,0,0
2016-12-06 15:00:00,27.01894,0,0
2016-12-06 16:00:00,26.814077,0,0
2016-12-06 17:00:00,26.231995,0,0
2016-12-06 18:00:00,25.43486,0,0
2016-12-06 19:00:00,25.145306,0,0
2016-12-06 20:00:00,24.88412,0,0
2016-12-06 21:00:00,24.73743,0,0
2016-12-06 22:00:00,24.50037,0,0
2016-12-06 23:00:00,24.384352,0,0
2016-12-07 00:00:00,24.372904,0,0
2016-12-07 01:00:00,24.318073,0,0
2016-12-07 02:00:00,24.290638,0,0
2016-12-07 03:00:00,24.228668,0,0
2016-12-07 04:00:00,24.17179,0,0
2016-12-07 05:00:00,24.255249,0,0
2016-12-07 06:00:00,24.281567,0,0
2016-12-07 07:00:00,24.349747,0,0
2016-12-07 08:00:00,24.949108,0,0
2016-12-07 09:00:00,25.931927,0,0
2016-12-07 10:00:00,26.85099,0,0
2016-12-07 11:00:00,27.732996,0,0
2016-12-07 12:00:00,27.694773,0,0
2016-12-07 13:00:00,27.039757,0,0
2016-12-07 14:00:00,26.860538,0,0
2016-12-07 15:00:00,26.523743,0,0
2016-12-07 16:00:00,25.840807,0,0
2016-12-07 17:00:00,25.547945,0,0
2016-12-07 18:00:00,25.078505,0,0
2016-12-07 19:00:00,24.694044,0,0
2016-12-07 20:00:00,24.45297,0,0
2016-12-07 21:00:00,24.29,0,0
2016-12-07 22:00:00,24.231598,0,0
2016-12-07 23:00:00,24.245092,0,0
2016-12-08 00:00:00,24.187477,0,1
2016-12-08 01:00:00,24.012865,0,1
2016-12-08 02:00:00,24.46558,0,1
2016-12-08 03:00:00,24.397255,0,1
2016-12-08 04:00:00,24.415583,0,1
2016-12-08 05:00:00,24.379454,0,1
2016-12-08 06:00:00,24.41265,0,1
2016-12-08 07:00:00,24.455627,0,1
2016-12-08 08:00:00,24.974573,0,1
2016-12-08 09:00:00,25.48643,0,1
2016-12-08 10:00:00,26.354116,0,1
2016-12-08 11:00:00,26.901659,0,1
2016-12-08 12:00:00,27.286236,0,1
2016-12-08 13:00:00,26.868055,0,1
2016-12-08 14:00:00,26.464634,0,1
2016-12-08 15:00:00,26.526865,0,1
2016-12-08 16:00:00,26.169104,0,1
2016-12-08 17:00:00,25.825605,0,1
2016-12-08 18:00:00,25.446356,0,1
2016-12-08 19:00:00,25.06401,0,1
2016-12-08 20:00:00,24.664534,0,1
2016-12-08 21:00:00,24.548256,0,1
2016-12-08 22:00:00,24.37729,0,1
2016-12-08 23:00:00,24.347664,0,1
2016-12-09 00:00:00,24.304132,0,0
2016-12-09 01:00:00,24.14706,0,0
2016-12-09 02:00:00,24.228096,0,0
2016-12-09 03:00:00,24.21308,0,0
2016-12-09 04:00:00,24.241016,0,0
2016-12-09 05:00:00,24.294847,0,0
2016-12-09 06:00:00,24.266598,0,0
2016-12-09 07:00:00,24.329344,0,0
2016-12-09 08:00:00,24.960556,0,0
2016-12-09 09:00:00,25.848846,0,0
2016-12-09 10:00:00,26.818027,0,0
2016-12-09 11:00:00,27.537058,0,0
2016-12-09 12:00:00,28.188175,0,0
2016-12-09 13:00:00,28.681557,0,0
2016-12-09 14:00:00,27.709461,0,0
2016-12-09 15:00:00,27.30527,0,0
2016-12-09 16:00:00,27.182259,0,0
2016-12-09 17:00:00,26.08679,0,0
2016-12-09 18:00:00,25.445454,0,0
2016-12-09 19:00:00,25.100662,0,0
2016-12-09 20:00:00,24.702707,0,0
2016-12-09 21:00:00,24.661226,0,0
2016-12-09 22:00:00,24.566843,0,0
2016-12-09 23:00:00,24.483906,0,0
2016-12-10 00:00:00,24.298515,1,0
2016-12-10 01:00:00,24.131714,1,0
2016-12-10 02:00:00,24.066956,1,0
2016-12-10 03:00:00,24.018482,1,0
2016-12-10 04:00:00,24.106773,1,0
2016-12-10 05:00:00,23.970383,1,0
2016-12-10 06:00:00,23.909342,1,0
2016-12-10 07:00:00,24.054249,1,0
2016-12-10 08:00:00,24.75818,1,0
2016-12-10 09:00:00,25.5355,1,0
2016-12-10 10:00:00,26.482521,1,0
2016-12-10 11:00:00,27.3185,1,0
2016-12-10 12:00:00,27.947866,1,0
2016-12-10 13:00:00,26.968416,1,0
2016-12-10 14:00:00,28.039875,1,0
2016-12-10 15:00:00,26.996191,1,0
2016-12-10 16:00:00,26.316563,1,0
2016-12-10 17:00:00,26.120104,1,0
2016-12-10 18:00:00,25.645308,1,0
2016-12-10 19:00:00,25.258656,1,0
2016-12-10 20:00:00,25.042377,1,0
2016-12-10 21:00:00,24.942375,1,0
2016-12-10 22:00:00,24.749256,1,0
2016-12-10 23:00:00,24.667696,1,0
2016-12-11 00:00:00,24.497734,1,0
2016-12-11 01:00:00,24.410847,1,0
2016-12-11 02:00:00,24.239546,1,0
2016-12-11 03:00:00,24.161488,1,0
2016-12-11 04:00:00,24.052086,1,0
2016-12-11 05:00:00,23.86067,1,0
2016-12-11 06:00:00,23.84896,1,0
2016-12-11 07:00:00,24.01149,1,0
2016-12-11 08:00:00,24.567842,1,0
2016-12-11 09:00:00,25.455872,1,0
2016-12-11 10:00:00,26.625587,1,0
2016-12-11 11:00:00,27.157753,1,0
2016-12-11 12:00:00,27.896538,1,0
2016-12-11 13:00:00,28.384684,1,0
2016-12-11 14:00:00,28.334352,1,0
2016-12-11 15:00:00,27.870121,1,0
2016-12-11 16:00:00,27.41005,1,0
2016-12-11 17:00:00,26.951124,1,0
2016-12-11 18:00:00,26.329374,1,0
2016-12-11 19:00:00,25.837513,1,0
2016-12-11 20:00:00,25.307247,1,0
2016-12-11 21:00:00,25.110788,1,0
2016-12-11 22:00:00,25.06852,1,0
2016-12-11 23:00:00,24.424692,1,0
2016-12-12 00:00:00,24.290707,0,0
2016-12-12 01:00:00,24.52729,0,0
2016-12-12 02:00:00,24.846886,0,0
2016-12-12 03:00:00,24.157364,0,0
2016-12-12 04:00:00,23.877962,0,0
2016-12-12 05:00:00,23.846142,0,0
2016-12-12 06:00:00,24.228258,0,0
2016-12-12 07:00:00,24.45171,0,0
2016-12-12 08:00:00,25.266172,0,0
2016-12-12 09:00:00,26.259295,0,0
2016-12-12 10:00:00,26.837662,0,0
2016-12-12 11:00:00,27.543753,0,0
2016-12-12 12:00:00,28.20684,0,0
2016-12-12 13:00:00,28.501486,0,0
2016-12-12 14:00:00,27.09424,0,0
2016-12-12 15:00:00,27.075867,0,0
2016-12-12 16:00:00,26.965649,0,0
2016-12-12 17:00:00,26.626211,0,0
2016-12-12 18:00:00,26.262455,0,0
2016-12-12 19:00:00,25.597322,0,0
2016-12-12 20:00:00,25.389444,0,0
2016-12-12 21:00:00,25.284615,0,0
2016-12-12 22:00:00,25.02952,0,0
2016-12-12 23:00:00,24.8016,0,0
2016-12-13 00:00:00,24.641415,0,0
2016-12-13 01:00:00,24.486582,0,0
2016-12-13 02:00:00,24.466356,0,0
2016-12-13 03:00:00,23.82405,0,0
2016-12-13 04:00:00,23.887623,0,0
2016-12-13 05:00:00,23.910633,0,0
2016-12-13 06:00:00,23.889591,0,0
2016-12-13 07:00:00,24.041637,0,0
2016-12-13 08:00:00,24.760897,0,0
2016-12-13 09:00:00,25.676388,0,0
2016-12-13 10:00:00,26.825457,0,0
2016-12-13 11:00:00,27.886236,0,0
2016-12-13 12:00:00,28.299208,0,0
2016-12-13 13:00:00,28.530619,0,0
2016-12-13 14:00:00,27.59226,0,0
2016-12-13 15:00:00,27.45397,0,0
2016-12-13 16:00:00,26.934189,0,0
2016-12-13 17:00:00,26.157345,0,0
2016-12-13 18:00:00,25.57508,0,0
2016-12-13 19:00:00,25.274082,0,0
2016-12-13 20:00:00,25.093193,0,0
2016-12-13 21:00:00,25.002117,0,0
2016-12-13 22:00:00,25.07082,0,0
2016-12-13 23:00:00,25.049187,0,0
2016-12-14 00:00:00,24.980858,0,0
2016-12-14 01:00:00,24.943947,0,0
2016-12-14 02:00:00,24.913387,0,0
2016-12-14 03:00:00,24.827997,0,0
2016-12-14 04:00:00,24.776474,0,0
2016-12-14 05:00:00,24.590183,0,0
2016-12-14 06:00:00,24.350254,0,0
2016-12-14 07:00:00,24.379076,0,0
2016-12-14 08:00:00,25.071228,0,0
2016-12-14 09:00:00,26.005491,0,0
2016-12-14 10:00:00,26.945452,0,0
2016-12-14 11:00:00,27.815157,0,0
2016-12-14 12:00:00,28.57479,0,0
2016-12-14 13:00:00,29.056318,0,0
2016-12-14 14:00:00,27.53032,0,0
2016-12-14 15:00:00,27.40754,0,0
2016-12-14 16:00:00,27.375195,0,0
2016-12-14 17:00:00,27.256348,0,0
2016-12-14 18:00:00,26.8033,0,0
2016-12-14 19:00:00,26.248732,0,0
2016-12-14 20:00:00,25.750778,0,0
2016-12-14 21:00:00,25.58602,0,0
2016-12-14 22:00:00,25.431452,0,0
2016-12-14 23:00:00,25.391493,0,0
2016-12-15 00:00:00,25.329782,0,0
2016-12-15 01:00:00,25.321383,0,0
2016-12-15 02:00:00,25.186924,0,0
2016-12-15 03:00:00,25.210606,0,0
2016-12-15 04:00:00,25.213913,0,0
2016-12-15 05:00:00,25.222574,0,0
2016-12-15 06:00:00,25.001087,0,0
2016-12-15 07:00:00,25.092684,0,0
2016-12-15 08:00:00,25.833498,0,0
2016-12-15 09:00:00,26.698992,0,0
2016-12-15 10:00:00,27.690067,0,0
2016-12-15 11:00:00,28.544374,0,0
2016-12-15 12:00:00,29.04716,0,0
2016-12-15 13:00:00,29.336187,0,0
2016-12-15 14:00:00,28.945114,0,0
2016-12-15 15:00:00,28.864555,0,0
2016-12-15 16:00:00,28.531473,0,0
2016-12-15 17:00:00,27.843182,0,0
2016-12-15 18:00:00,27.170027,0,0
2016-12-15 19:00:00,26.519287,0,0
2016-12-15 20:00:00,26.051483,0,0
2016-12-15 21:00:00,25.776804,0,0
2016-12-15 22:00:00,25.556955,0,0
2016-12-15 23:00:00,25.375544,0,0
2016-12-16 00:00:00,25.275543,0,0
2016-12-16 01:00:00,25.094131,0,0
2016-12-16 02:00:00,25.134207,0,0
2016-12-16 03:00:00,25.119713,0,0
2016-12-16 04:00:00,24.9299,0,0
2016-12-16 05:00:00,24.909933,0,0
2016-12-16 06:00:00,24.833353,0,0
2016-12-16 07:00:00,24.90815,0,0
2016-12-16 08:00:00,25.688776,0,0
2016-12-16 09:00:00,26.67602,0,0
2016-12-16 10:00:00,27.403484,0,0
2016-12-16 11:00:00,28.069763,0,0
2016-12-16 12:00:00,28.67407,0,0
2016-12-16 13:00:00,28.6092,0,0
2016-12-16 14:00:00,29.069735,0,0
2016-12-16 15:00:00,28.419289,0,0
2016-12-16 16:00:00,27.310326,0,0
2016-12-16 17:00:00,26.910847,0,0
2016-12-16 18:00:00,26.57903,0,0
2016-12-16 19:00:00,26.22929,0,0
2016-12-16 20:00:00,25.949516,0,0
2016-12-16 21:00:00,25.732977,0,0
2016-12-16 22:00:00,25.509819,0,0
2016-12-16 23:00:00,25.343016,0,0
2016-12-17 00:00:00,25.221119,1,0
2016-12-17 01:00:00,25.091492,1,0
2016-12-17 02:00:00,25.098894,1,0
2016-12-17 03:00:00,25.084139,1,0
2016-12-17 04:00:00,25.10258,1,0
2016-12-17 05:00:00,25.164291,1,0
2016-12-17 06:00:00,25.132877,1,0
2016-12-17 07:00:00,25.084661,1,0
2016-12-17 08:00:00,25.652086,1,0
2016-12-17 09:00:00,26.67472,1,0
2016-12-17 10:00:00,27.727503,1,0
2016-12-17 11:00:00,28.576458,1,0
2016-12-17 12:00:00,29.219316,1,0
2016-12-17 13:00:00,29.515488,1,0
2016-12-17 14:00:00,29.124147,1,0
2016-12-17 15:00:00,29.096897,1,0
2016-12-17 16:00:00,28.647161,1,0
2016-12-17 17:00:00,28.184189,1,0
2016-12-17 18:00:00,27.268581,1,0
2016-12-17 19:00:00,26.706131,1,0
2016-12-17 20:00:00,26.23707,1,0
2016-12-17 21:00:00,25.894209,1,0
2016-12-17 22:00:00,25.683023,1,0
2016-12-17 23:00:00,25.425144,1,0
2016-12-18 00:00:00,25.221838,1,0
2016-12-18 01:00:00,25.021576,1,0
2016-12-18 02:00:00,24.8731,1,0
2016-12-18 03:00:00,24.797632,1,0
2016-12-18 04:00:00,24.734137,1,0
2016-12-18 05:00:00,24.649418,1,0
2016-12-18 06:00:00,24.601202,1,0
2016-12-18 07:00:00,24.666075,1,0
2016-12-18 08:00:00,25.50325,1,0
2016-12-18 09:00:00,26.628551,1,0
2016-12-18 10:00:00,27.76401,1,0
2016-12-18 11:00:00,28.66917,1,0
2016-12-18 12:00:00,29.206676,1,0
2016-12-18 13:00:00,29.197227,1,0
2016-12-18 14:00:00,29.454512,1,0
2016-12-18 15:00:00,29.33414,1,0
2016-12-18 16:00:00,29.11608,1,0
2016-12-18 17:00:00,28.310394,1,0
2016-12-18 18:00:00,27.517796,1,0
2016-12-18 19:00:00,26.89721,1,0
2016-12-18 20:00:00,26.494947,1,0
2016-12-18 21:00:00,26.140638,1,0
2016-12-18 22:00:00,25.829453,1,0
2016-12-18 23:00:00,25.641424,1,0
2016-12-19 00:00:00,25.491686,0,0
2016-12-19 01:00:00,25.290163,0,0
2016-12-19 02:00:00,25.236856,0,0
2016-12-19 03:00:00,25.200203,0,0
2016-12-19 04:00:00,25.100464,0,0
2016-12-19 05:00:00,25.13214,0,0
2016-12-19 06:00:00,25.252104,0,0
2016-12-19 07:00:00,25.44508,0,0
2016-12-19 08:00:00,26.281946,0,0
2016-12-19 09:00:00,27.487514,0,0
2016-12-19 10:00:00,28.358364,0,0
2016-12-19 11:00:00,29.162148,0,0
2016-12-19 12:00:00,29.53835,0,0
2016-12-19 13:00:00,29.941135,0,0
2016-12-19 14:00:00,29.885519,0,0
2016-12-19 15:00:00,29.637302,0,0
2016-12-19 16:00:00,29.045965,0,0
2016-12-19 17:00:00,28.365078,0,0
2016-12-19 18:00:00,27.577835,0,0
2016-12-19 19:00:00,26.93219,0,0
2016-12-19 20:00:00,26.594423,0,0
2016-12-19 21:00:00,26.25335,0,0
2016-12-19 22:00:00,26.045471,0,0
2016-12-19 23:00:00,25.8741,0,0
2016-12-20 00:00:00,25.772575,0,0
2016-12-20 01:00:00,25.532875,0,0
2016-12-20 02:00:00,25.632208,0,0
2016-12-20 03:00:00,25.647078,0,0
2016-12-20 04:00:00,25.52202,0,0
2016-12-20 05:00:00,25.410313,0,0
2016-12-20 06:00:00,25.310572,0,0
2016-12-20 07:00:00,25.409311,0,0
2016-12-20 08:00:00,25.961864,0,0
2016-12-20 09:00:00,26.830927,0,0
2016-12-20 10:00:00,27.821217,0,0
2016-12-20 11:00:00,28.340542,0,0
2016-12-20 12:00:00,28.84002,0,0
2016-12-20 13:00:00,28.899681,0,0
2016-12-20 14:00:00,29.141424,0,0
2016-12-20 15:00:00,28.869793,0,0
2016-12-20 16:00:00,28.49333,0,0
2016-12-20 17:00:00,27.878834,0,0
2016-12-20 18:00:00,27.039543,0,0
2016-12-20 19:00:00,26.385237,0,0
2016-12-20 20:00:00,25.920742,0,0
2016-12-20 21:00:00,25.656248,0,0
2016-12-20 22:00:00,25.606771,0,0
2016-12-20 23:00:00,25.37536,0,0
2016-12-21 00:00:00,25.174099,0,0
2016-12-21 01:00:00,24.965958,0,0
2016-12-21 02:00:00,24.821575,0,0
2016-12-21 03:00:00,24.773952,0,0
2016-12-21 04:00:00,24.685516,0,0
2016-12-21 05:00:00,24.62492,0,0
2016-12-21 06:00:00,24.428228,0,0
2016-12-21 07:00:00,24.423136,0,0
2016-12-21 08:00:00,25.077444,0,0
2016-12-21 09:00:00,26.161003,0,0
2016-12-21 10:00:00,27.27702,0,0
2016-12-21 11:00:00,28.069878,0,0
2016-12-21 12:00:00,28.32835,0,0
2016-12-21 13:00:00,28.207453,0,0
2016-12-21 14:00:00,27.839418,0,0
2016-12-21 15:00:00,26.596998,0,0
2016-12-21 16:00:00,26.442833,0,0
2016-12-21 17:00:00,26.03912,0,0
2016-12-21 18:00:00,25.250237,0,0
2016-12-21 19:00:00,24.749353,0,0
2016-12-21 20:00:00,24.552776,0,0
2016-12-21 21:00:00,24.360178,0,0
2016-12-21 22:00:00,24.231928,0,0
2016-12-21 23:00:00,24.12736,0,0
2016-12-22 00:00:00,24.117697,0,0
2016-12-22 01:00:00,23.999632,0,0
2016-12-22 02:00:00,23.905842,0,0
2016-12-22 03:00:00,23.809818,0,0
2016-12-22 04:00:00,23.78376,0,0
2016-12-22 05:00:00,23.809227,0,0
2016-12-22 06:00:00,23.80949,0,0
2016-12-22 07:00:00,23.892685,0,0
2016-12-22 08:00:00,24.606771,0,0
2016-12-22 09:00:00,25.531143,0,0
2016-12-22 10:00:00,26.146374,0,0
2016-12-22 11:00:00,26.645588,0,0
2016-12-22 12:00:00,27.100159,0,0
2016-12-22 13:00:00,27.284763,0,0
2016-12-22 14:00:00,27.397848,0,0
2016-12-22 15:00:00,27.236141,0,0
2016-12-22 16:00:00,25.949335,0,0
2016-12-22 17:00:00,25.649452,0,0
2016-12-22 18:00:00,24.863209,0,0
2016-12-22 19:00:00,24.44555,0,0
2016-12-22 20:00:00,24.11211,0,0
2016-12-22 21:00:00,24.03248,0,0
2016-12-22 22:00:00,24.034647,0,0
2016-12-22 23:00:00,24.139854,0,0
2016-12-23 00:00:00,24.08859,0,0
2016-12-23 01:00:00,23.965176,0,0
2016-12-23 02:00:00,23.938187,0,0
2016-12-23 03:00:00,23.819859,0,0
2016-12-23 04:00:00,23.711458,0,0
2016-12-23 05:00:00,23.649487,0,0
2016-12-23 06:00:00,23.639563,0,0
2016-12-23 07:00:00,23.712833,0,0
2016-12-23 08:00:00,24.062197,0,0
2016-12-23 09:00:00,24.672625,0,0
2016-12-23 10:00:00,25.662323,0,0
2016-12-23 11:00:00,26.835072,0,0
2016-12-23 12:00:00,27.621317,0,0
2016-12-23 13:00:00,28.224072,0,0
2016-12-23 14:00:00,27.422956,0,0
2016-12-23 15:00:00,26.950615,0,0
2016-12-23 16:00:00,26.774149,0,0
2016-12-23 17:00:00,26.387499,0,0
2016-12-23 18:00:00,25.73155,0,0
2016-12-23 19:00:00,25.192144,0,0
2016-12-23 20:00:00,24.861109,0,0
2016-12-23 21:00:00,24.5326,0,0
2016-12-23 22:00:00,24.396355,0,0
2016-12-23 23:00:00,24.234905,0,0
2016-12-24 00:00:00,24.088476,1,0
2016-12-24 01:00:00,23.916843,1,0
2016-12-24 02:00:00,24.025097,1,0
2016-12-24 03:00:00,23.95525,1,0
2016-12-24 04:00:00,23.943542,1,0
2016-12-24 05:00:00,23.945326,1,0
2016-12-24 06:00:00,23.925621,1,0
2016-12-24 07:00:00,23.917217,1,0
2016-12-24 08:00:00,24.691494,1,0
2016-12-24 09:00:00,25.833189,1,0
2016-12-24 10:00:00,26.780094,1,0
2016-12-24 11:00:00,27.709198,1,0
2016-12-24 12:00:00,28.153582,1,0
2016-12-24 13:00:00,28.704699,1,0
2016-12-24 14:00:00,27.169708,1,0
2016-12-24 15:00:00,26.914879,1,0
2016-12-24 16:00:00,26.719793,1,0
2016-12-24 17:00:00,26.100616,1,0
2016-12-24 18:00:00,25.253069,1,0
2016-12-24 19:00:00,24.881958,1,0
2016-12-24 20:00:00,24.72241,1,0
2016-12-24 21:00:00,24.673935,1,0
2016-12-24 22:00:00,24.557657,1,0
2016-12-24 23:00:00,24.448109,1,0
2016-12-25 00:00:00,24.274952,1,1
2016-12-25 01:00:00,24.26324,1,1
2016-12-25 02:00:00,24.611574,1,1
2016-12-25 03:00:00,24.56362,1,1
2016-12-25 04:00:00,24.53399,1,1
2016-12-25 05:00:00,24.302504,1,1
2016-12-25 06:00:00,24.215998,1,1
2016-12-25 07:00:00,24.260902,1,1
2016-12-25 08:00:00,25.057625,1,1
2016-12-25 09:00:00,26.07988,1,1
2016-12-25 10:00:00,27.183928,1,1
2016-12-25 11:00:00,28.183403,1,1
2016-12-25 12:00:00,28.808348,1,1
2016-12-25 13:00:00,27.489935,1,1
2016-12-25 14:00:00,27.471054,1,1
2016-12-25 15:00:00,27.251223,1,1
2016-12-25 16:00:00,26.586138,1,1
2016-12-25 17:00:00,26.194946,1,1
2016-12-25 18:00:00,25.93833,1,1
2016-12-25 19:00:00,25.465055,1,1
2016-12-25 20:00:00,25.21889,1,1
2016-12-25 21:00:00,25.005394,1,1
2016-12-25 22:00:00,24.931976,1,1
2016-12-25 23:00:00,24.747255,1,1
2016-12-26 00:00:00,24.623835,0,1
2016-12-26 01:00:00,24.47053,0,1
2016-12-26 02:00:00,24.576881,0,1
2016-12-26 03:00:00,24.263798,0,1
2016-12-26 04:00:00,24.212194,0,1
2016-12-26 05:00:00,24.18242,0,1
2016-12-26 06:00:00,24.277666,0,1
2016-12-26 07:00:00,24.309605,0,1
2016-12-26 08:00:00,24.927029,0,1
2016-12-26 09:00:00,25.87282,0,1
2016-12-26 10:00:00,26.714224,0,1
2016-12-26 11:00:00,27.590876,0,1
2016-12-26 12:00:00,27.300865,0,1
2016-12-26 13:00:00,27.455774,0,1
2016-12-26 14:00:00,27.970055,0,1
2016-12-26 15:00:00,27.302282,0,1
2016-12-26 16:00:00,27.237528,0,1
2016-12-26 17:00:00,27.062847,0,1
2016-12-26 18:00:00,26.44888,0,1
2016-12-26 19:00:00,25.909586,0,1
2016-12-26 20:00:00,25.595354,0,1
2016-12-26 21:00:00,25.397402,0,1
2016-12-26 22:00:00,25.252348,0,1
2016-12-26 23:00:00,25.203465,0,1
2016-12-27 00:00:00,24.746994,0,0
2016-12-27 01:00:00,24.796993,0,0
2016-12-27 02:00:00,24.758966,0,0
2016-12-27 03:00:00,24.753872,0,0
2016-12-27 04:00:00,24.775244,0,0
2016-12-27 05:00:00,24.750303,0,0
2016-12-27 06:00:00,24.72246,0,0
2016-12-27 07:00:00,24.797924,0,0
2016-12-27 08:00:00,25.298925,0,0
2016-12-27 09:00:00,26.058325,0,0
2016-12-27 10:00:00,26.934122,0,0
2016-12-27 11:00:00,27.624672,0,0
2016-12-27 12:00:00,28.487236,0,0
2016-12-27 13:00:00,28.798012,0,0
2016-12-27 14:00:00,28.67972,0,0
2016-12-27 15:00:00,28.466225,0,0
2016-12-27 16:00:00,28.046375,0,0
2016-12-27 17:00:00,27.448421,0,0
2016-12-27 18:00:00,26.762703,0,0
2016-12-27 19:00:00,26.25497,0,0
2016-12-27 20:00:00,26.007015,0,0
2016-12-27 21:00:00,25.714155,0,0
2016-12-27 22:00:00,25.466465,0,0
2016-12-27 23:00:00,25.177174,0,0
2016-12-28 00:00:00,24.876291,0,0
2016-12-28 01:00:00,24.804773,0,0
2016-12-28 02:00:00,24.942684,0,0
2016-12-28 03:00:00,24.931093,0,0
2016-12-28 04:00:00,24.837824,0,0
2016-12-28 05:00:00,24.83147,0,0
2016-12-28 06:00:00,24.78961,0,0
2016-12-28 07:00:00,24.891394,0,0
2016-12-28 08:00:00,25.51555,0,0
2016-12-28 09:00:00,26.602678,0,0
2016-12-28 10:00:00,27.386497,0,0
2016-12-28 11:00:00,28.140545,0,0
2016-12-28 12:00:00,28.876265,0,0
2016-12-28 13:00:00,29.232094,0,0
2016-12-28 14:00:00,29.14659,0,0
2016-12-28 15:00:00,29.226479,0,0
2016-12-28 16:00:00,28.651945,0,0
2016-12-28 17:00:00,27.70466,0,0
2016-12-28 18:00:00,26.774294,0,0
2016-12-28 19:00:00,26.328243,0,0
2016-12-28 20:00:00,26.069105,0,0
2016-12-28 21:00:00,25.791264,0,0
2016-12-28 22:00:00,25.603231,0,0
2016-12-28 23:00:00,25.488213,0,0
2016-12-29 00:00:00,25.351707,0,0
2016-12-29 01:00:00,25.143568,0,0
2016-12-29 02:00:00,25.030714,0,0
2016-12-29 03:00:00,24.869267,0,0
2016-12-29 04:00:00,24.734285,0,0
2016-12-29 05:00:00,24.714436,0,0
2016-12-29 06:00:00,24.612913,0,0
2016-12-29 07:00:00,24.631237,0,0
2016-12-29 08:00:00,25.355394,0,0
2016-12-29 09:00:00,26.410847,0,0
2016-12-29 10:00:00,27.529766,0,0
2016-12-29 11:00:00,28.265486,0,0
2016-12-29 12:00:00,28.7979,0,0
2016-12-29 13:00:00,28.984026,0,0
2016-12-29 14:00:00,28.55402,0,0
2016-12-29 15:00:00,27.896173,0,0
2016-12-29 16:00:00,27.50595,0,0
2016-12-29 17:00:00,26.946812,0,0
2016-12-29 18:00:00,26.278866,0,0
2016-12-29 19:00:00,25.801254,0,0
2016-12-29 20:00:00,25.463602,0,0
2016-12-29 21:00:00,25.193344,0,0
2016-12-29 22:00:00,25.028591,0,0
2016-12-29 23:00:00,24.765358,0,0
2016-12-30 00:00:00,24.56919,0,0
2016-12-30 01:00:00,24.45581,0,0
2016-12-30 02:00:00,24.482653,0,0
2016-12-30 03:00:00,24.166521,0,0
2016-12-30 04:00:00,24.07366,0,0
2016-12-30 05:00:00,24.037416,0,0
2016-12-30 06:00:00,24.155596,0,0
2016-12-30 07:00:00,24.253405,0,0
2016-12-30 08:00:00,24.725775,0,0
2016-12-30 09:00:00,25.494083,0,0
2016-12-30 10:00:00,25.972692,0,0
2016-12-30 11:00:00,26.593952,0,0
2016-12-30 12:00:00,27.180079,0,0
2016-12-30 13:00:00,27.331223,0,0
2016-12-30 14:00:00,27.980263,0,0
2016-12-30 15:00:00,27.320892,0,0
2016-12-30 16:00:00,26.927767,0,0
2016-12-30 17:00:00,26.465061,0,0
2016-12-30 18:00:00,25.762539,0,0
2016-12-30 19:00:00,25.291803,0,0
2016-12-30 20:00:00,24.99259,0,0
2016-12-30 21:00:00,24.886236,0,0
2016-12-30 22:00:00,24.82988,0,0
2016-12-30 23:00:00,24.811554,0,0
2016-12-31 00:00:00,24.790184,1,0
2016-12-31 01:00:00,24.667027,1,0
2016-12-31 02:00:00,24.75748,1,0
2016-12-31 03:00:00,24.640938,1,0
2016-12-31 04:00:00,24.517258,1,0
2016-12-31 05:00:00,24.515995,1,0
2016-12-31 06:00:00,24.604548,1,0
2016-12-31 07:00:00,24.594885,1,0
2016-12-31 08:00:00,25.118666,1,0
2016-12-31 09:00:00,26.119026,1,0
2016-12-31 10:00:00,27.076118,1,0
2016-12-31 11:00:00,27.916931,1,0
2016-12-31 12:00:00,28.679377,1,0
2016-12-31 13:00:00,29.04744,1,0
2016-12-31 14:00:00,28.305105,1,0
2016-12-31 15:00:00,27.805922,1,0
2016-12-31 16:00:00,27.547783,1,0
2016-12-31 17:00:00,27.46344,1,0
2016-12-31 18:00:00,26.86753,1,0
2016-12-31 19:00:00,25.95474,1,0
2016-12-31 20:00:00,26.05114,1,0
2016-12-31 21:00:00,25.708542,1,0
2016-12-31 22:00:00,25.675198,1,0
2016-12-31 23:00:00,24.954529,1,0
2017-01-01 00:00:00,24.931108,1,1
2017-01-01 01:00:00,24.417168,1,1
2017-01-01 02:00:00,24.944717,1,1
2017-01-01 03:00:00,25.029701,1,1
2017-01-01 04:00:00,24.655169,1,1
2017-01-01 05:00:00,24.648289,1,1
2017-01-01 06:00:00,24.513453,1,1
2017-01-01 07:00:00,25.200666,1,1
2017-01-01 08:00:00,26.246311,1,1
2017-01-01 09:00:00,26.989609,1,1
2017-01-01 10:00:00,28.200125,1,1
2017-01-01 11:00:00,29.109379,1,1
2017-01-01 12:00:00,30.038599,1,1
2017-01-01 13:00:00,28.272295,1,1
2017-01-01 14:00:00,28.602892,1,1
2017-01-01 15:00:00,29.09633,1,1
2017-01-01 16:00:00,28.685406,1,1
2017-01-01 17:00:00,28.275335,1,1
2017-01-01 18:00:00,27.069798,1,1
2017-01-01 19:00:00,26.30281,1,1
2017-01-01 20:00:00,25.892033,1,1
2017-01-01 21:00:00,25.301104,1,1
2017-01-01 22:00:00,24.838688,1,1
2017-01-01 23:00:00,24.920362,1,1
2017-01-02 00:00:00,24.891964,0,1
2017-01-02 01:00:00,24.873379,0,1
2017-01-02 02:00:00,24.68892,0,1
2017-01-02 03:00:00,24.380663,0,1
2017-01-02 04:00:00,24.375425,0,1
2017-01-02 05:00:00,24.074308,0,1
2017-01-02 06:00:00,24.375685,0,1
2017-01-02 07:00:00,24.757622,0,1
2017-01-02 08:00:00,26.119398,0,1
2017-01-02 09:00:00,27.555859,0,1
2017-01-02 10:00:00,29.220388,0,1
2017-01-02 11:00:00,30.204586,0,1
2017-01-02 12:00:00,31.085445,0,1
2017-01-02 13:00:00,31.567593,0,1
2017-01-02 14:00:00,31.50346,0,1
2017-01-02 15:00:00,31.327587,0,1
2017-01-02 16:00:00,30.124947,0,1
2017-01-02 17:00:00,28.742353,0,1
2017-01-02 18:00:00,27.11942,0,1
2017-01-02 19:00:00,26.339464,0,1
2017-01-02 20:00:00,25.82336,0,1
2017-01-02 21:00:00,25.535826,0,1
2017-01-02 22:00:00,25.6269,0,1
2017-01-02 23:00:00,25.271069,0,1
2017-01-03 00:00:00,25.054905,0,0
2017-01-03 01:00:00,24.879583,0,0
2017-01-03 02:00:00,24.76483,0,0
2017-01-03 03:00:00,24.523378,0,0
2017-01-03 04:00:00,24.23851,0,0
2017-01-03 05:00:00,24.030632,0,0
2017-01-03 06:00:00,23.945766,0,0
2017-01-03 07:00:00,24.273424,0,0
2017-01-03 08:00:00,25.791935,0,0
2017-01-03 09:00:00,27.32099,0,0
2017-01-03 10:00:00,28.942286,0,0
2017-01-03 11:00:00,29.92291,0,0
2017-01-03 12:00:00,30.42848,0,0
2017-01-03 13:00:00,30.822195,0,0
2017-01-03 14:00:00,30.362793,0,0
2017-01-03 15:00:00,29.954247,0,0
2017-01-03 16:00:00,29.219788,0,0
2017-01-03 17:00:00,27.593052,0,0
2017-01-03 18:00:00,26.166813,0,0
2017-01-03 19:00:00,25.7863,0,0
2017-01-03 20:00:00,25.671312,0,0
2017-01-03 21:00:00,25.215073,0,0
2017-01-03 22:00:00,24.877714,0,0
2017-01-03 23:00:00,24.653706,0,0
2017-01-04 00:00:00,24.719954,0,0
2017-01-04 01:00:00,24.500105,0,0
2017-01-04 02:00:00,24.34144,0,0
2017-01-04 03:00:00,24.006985,0,0
2017-01-04 04:00:00,23.784233,0,0
2017-01-04 05:00:00,23.675095,0,0
2017-01-04 06:00:00,23.609814,0,0
2017-01-04 07:00:00,23.838211,0,0
2017-01-04 08:00:00,25.20479,0,0
2017-01-04 09:00:00,26.788792,0,0
2017-01-04 10:00:00,28.223057,0,0
2017-01-04 11:00:00,29.083311,0,0
2017-01-04 12:00:00,29.607847,0,0
2017-01-04 13:00:00,29.867363,0,0
2017-01-04 14:00:00,29.377104,0,0
2017-01-04 15:00:00,28.951307,0,0
2017-01-04 16:00:00,28.290646,0,0
2017-01-04 17:00:00,27.622204,0,0
2017-01-04 18:00:00,26.484844,0,0
2017-01-04 19:00:00,26.214636,0,0
2017-01-04 20:00:00,25.536087,0,0
2017-01-04 21:00:00,24.903034,0,0
2017-01-04 22:00:00,24.736378,0,0
2017-01-04 23:00:00,24.463074,0,0
2017-01-05 00:00:00,24.046795,0,0
2017-01-05 01:00:00,24.135788,0,0
2017-01-05 02:00:00,24.101822,0,0
2017-01-05 03:00:00,23.984495,0,0
2017-01-05 04:00:00,23.550562,0,0
2017-01-05 05:00:00,23.054276,0,0
2017-01-05 06:00:00,23.581419,0,0
2017-01-05 07:00:00,23.769709,0,0
2017-01-05 08:00:00,25.38134,0,0
2017-01-05 09:00:00,26.754595,0,0
2017-01-05 10:00:00,28.104548,0,0
2017-01-05 11:00:00,29.206663,0,0
2017-01-05 12:00:00,29.823534,0,0
2017-01-05 13:00:00,30.319178,0,0
2017-01-05 14:00:00,30.227694,0,0
2017-01-05 15:00:00,30.022455,0,0
2017-01-05 16:00:00,29.28993,0,0
2017-01-05 17:00:00,28.297853,0,0
2017-01-05 18:00:00,26.61816,0,0
2017-01-05 19:00:00,26.002811,0,0
2017-01-05 20:00:00,25.276785,0,0
2017-01-05 21:00:00,24.661695,0,0
2017-01-05 22:00:00,24.25118,0,0
2017-01-05 23:00:00,24.019884,0,0
2017-01-06 00:00:00,23.782381,0,0
2017-01-06 01:00:00,23.545467,0,0
2017-01-06 02:00:00,23.51941,0,0
2017-01-06 03:00:00,23.602196,0,0
2017-01-06 04:00:00,23.436918,0,0
2017-01-06 05:00:00,23.340227,0,0
2017-01-06 06:00:00,23.22164,0,0
2017-01-06 07:00:00,23.580303,0,0
2017-01-06 08:00:00,25.32487,0,0
2017-01-06 09:00:00,27.057234,0,0
2017-01-06 10:00:00,28.511608,0,0
2017-01-06 11:00:00,29.531643,0,0
2017-01-06 12:00:00,30.007175,0,0
2017-01-06 13:00:00,29.976027,0,0
2017-01-06 14:00:00,29.82842,0,0
2017-01-06 15:00:00,29.645144,0,0
2017-01-06 16:00:00,29.021164,0,0
2017-01-06 17:00:00,28.359861,0,0
2017-01-06 18:00:00,27.062986,0,0
2017-01-06 19:00:00,26.177345,0,0
2017-01-06 20:00:00,25.747225,0,0
2017-01-06 21:00:00,25.089132,0,0
2017-01-06 22:00:00,24.717907,0,0
2017-01-06 23:00:00,24.538687,0,0
2017-01-07 00:00:00,24.295681,1,0
2017-01-07 01:00:00,24.19111,1,0
2017-01-07 02:00:00,24.202297,1,0
2017-01-07 03:00:00,24.287132,1,0
2017-01-07 04:00:00,24.32033,1,0
2017-01-07 05:00:00,24.379877,1,0
2017-01-07 06:00:00,24.159882,1,0
2017-01-07 07:00:00,24.331633,1,0
2017-01-07 08:00:00,25.677837,1,0
2017-01-07 09:00:00,27.1037,1,0
2017-01-07 10:00:00,27.980265,1,0
2017-01-07 11:00:00,28.805275,1,0
2017-01-07 12:00:00,29.069063,1,0
2017-01-07 13:00:00,29.134226,1,0
2017-01-07 14:00:00,28.397274,1,0
2017-01-07 15:00:00,28.01721,1,0
2017-01-07 16:00:00,27.865541,1,0
2017-01-07 17:00:00,27.322157,1,0
2017-01-07 18:00:00,26.340677,1,0
2017-01-07 19:00:00,25.509459,1,0
2017-01-07 20:00:00,25.264551,1,0
2017-01-07 21:00:00,25.058048,1,0
2017-01-07 22:00:00,25.006527,1,0
2017-01-07 23:00:00,24.83527,1,0
2017-01-08 00:00:00,24.771515,1,0
2017-01-08 01:00:00,24.565275,1,0
2017-01-08 02:00:00,24.468584,1,0
2017-01-08 03:00:00,24.500257,1,0
2017-01-08 04:00:00,24.74007,1,0
2017-01-08 05:00:00,24.691887,1,0
2017-01-08 06:00:00,24.30836,1,0
2017-01-08 07:00:00,24.673378,1,0
2017-01-08 08:00:00,25.813784,1,0
2017-01-08 09:00:00,27.280653,1,0
2017-01-08 10:00:00,28.711843,1,0
2017-01-08 11:00:00,29.377073,1,0
2017-01-08 12:00:00,29.634428,1,0
2017-01-08 13:00:00,30.045584,1,0
2017-01-08 14:00:00,29.812122,1,0
2017-01-08 15:00:00,28.531002,1,0
2017-01-08 16:00:00,28.138172,1,0
2017-01-08 17:00:00,27.44122,1,0
2017-01-08 18:00:00,26.58234,1,0
2017-01-08 19:00:00,25.517422,1,0
2017-01-08 20:00:00,25.4911,1,0
2017-01-08 21:00:00,24.928946,1,0
2017-01-08 22:00:00,25.693525,1,0
2017-01-08 23:00:00,24.898844,1,0
2017-01-09 00:00:00,24.455313,0,1
2017-01-09 01:00:00,25.05468,0,1
2017-01-09 02:00:00,24.651112,0,1
2017-01-09 03:00:00,24.990517,0,1
2017-01-09 04:00:00,24.795427,0,1
2017-01-09 05:00:00,24.807543,0,1
2017-01-09 06:00:00,24.754642,0,1
2017-01-09 07:00:00,24.689148,0,1
2017-01-09 08:00:00,25.982224,0,1
2017-01-09 09:00:00,27.456972,0,1
2017-01-09 10:00:00,28.38113,0,1
2017-01-09 11:00:00,29.046623,0,1
2017-01-09 12:00:00,29.438698,0,1
2017-01-09 13:00:00,30.117247,0,1
2017-01-09 14:00:00,29.948921,0,1
2017-01-09 15:00:00,29.079771,0,1
2017-01-09 16:00:00,28.233751,0,1
2017-01-09 17:00:00,27.26788,0,1
2017-01-09 18:00:00,25.919598,0,1
2017-01-09 19:00:00,25.46168,0,1
2017-01-09 20:00:00,25.20251,0,1
2017-01-09 21:00:00,25.311504,0,1
2017-01-09 22:00:00,24.885563,0,1
2017-01-09 23:00:00,24.63237,0,1
2017-01-10 00:00:00,25.045166,0,0
2017-01-10 01:00:00,24.80371,0,0
2017-01-10 02:00:00,24.55576,0,0
2017-01-10 03:00:00,24.628246,0,0
2017-01-10 04:00:00,24.379332,0,0
2017-01-10 05:00:00,24.163227,0,0
2017-01-10 06:00:00,23.939808,0,0
2017-01-10 07:00:00,24.170746,0,0
2017-01-10 08:00:00,25.01382,0,0
2017-01-10 09:00:00,26.451424,0,0
2017-01-10 10:00:00,27.65257,0,0
2017-01-10 11:00:00,28.407728,0,0
2017-01-10 12:00:00,29.484457,0,0
2017-01-10 13:00:00,30.15059,0,0
2017-01-10 14:00:00,29.958254,0,0
2017-01-10 15:00:00,29.579626,0,0
2017-01-10 16:00:00,28.97037,0,0
2017-01-10 17:00:00,28.08922,0,0
2017-01-10 18:00:00,26.611195,0,0
2017-01-10 19:00:00,25.683779,0,0
2017-01-10 20:00:00,25.119429,0,0
2017-01-10 21:00:00,24.893227,0,0
2017-01-10 22:00:00,24.723408,0,0
2017-01-10 23:00:00,24.500511,0,0
2017-01-11 00:00:00,24.21029,0,0
2017-01-11 01:00:00,24.309914,0,0
2017-01-11 02:00:00,24.480661,0,0
2017-01-11 03:00:00,24.570215,0,0
2017-01-11 04:00:00,24.901073,0,0
2017-01-11 05:00:00,22.824417,0,0
2017-01-11 06:00:00,23.489765,0,0
2017-01-11 07:00:00,23.59571,0,0
2017-01-11 08:00:00,24.904558,0,0
2017-01-11 09:00:00,26.64994,0,0
2017-01-11 10:00:00,28.68072,0,0
2017-01-11 11:00:00,29.591497,0,0
2017-01-11 12:00:00,29.89736,0,0
2017-01-11 13:00:00,30.260069,0,0
2017-01-11 14:00:00,30.180033,0,0
2017-01-11 15:00:00,29.83829,0,0
2017-01-11 16:00:00,29.106876,0,0
2017-01-11 17:00:00,27.87561,0,0
2017-01-11 18:00:00,26.131828,0,0
2017-01-11 19:00:00,25.248447,0,0
2017-01-11 20:00:00,24.638716,0,0
2017-01-11 21:00:00,24.336193,0,0
2017-01-11 22:00:00,23.622892,0,0
2017-01-11 23:00:00,23.343266,0,0
2017-01-12 00:00:00,23.0195,0,0
2017-01-12 01:00:00,23.307123,0,0
2017-01-12 02:00:00,23.0743,0,0
2017-01-12 03:00:00,22.601437,0,0
2017-01-12 04:00:00,22.478655,0,0
2017-01-12 05:00:00,23.567984,0,0
2017-01-12 06:00:00,24.156313,0,0
2017-01-12 07:00:00,23.184757,0,0
2017-01-12 08:00:00,24.91352,0,0
2017-01-12 09:00:00,27.085146,0,0
2017-01-12 10:00:00,28.419342,0,0
2017-01-12 11:00:00,29.508633,0,0
2017-01-12 12:00:00,30.026987,0,0
2017-01-12 13:00:00,29.747982,0,0
2017-01-12 14:00:00,29.587795,0,0
2017-01-12 15:00:00,29.451145,0,0
2017-01-12 16:00:00,28.843527,0,0
2017-01-12 17:00:00,28.041006,0,0
2017-01-12 18:00:00,26.439415,0,0
2017-01-12 19:00:00,25.255703,0,0
2017-01-12 20:00:00,24.22897,0,0
2017-01-12 21:00:00,24.450659,0,0
2017-01-12 22:00:00,25.291265,0,0
2017-01-12 23:00:00,24.575016,0,0
2017-01-13 00:00:00,23.953936,0,0
2017-01-13 01:00:00,23.617315,0,0
2017-01-13 02:00:00,23.912338,0,0
2017-01-13 03:00:00,24.872791,0,0
2017-01-13 04:00:00,24.178587,0,0
2017-01-13 05:00:00,23.873405,0,0
2017-01-13 06:00:00,23.502705,0,0
2017-01-13 07:00:00,23.78587,0,0
2017-01-13 08:00:00,25.903189,0,0
2017-01-13 09:00:00,27.552471,0,0
2017-01-13 10:00:00,28.275513,0,0
2017-01-13 11:00:00,28.868635,0,0
2017-01-13 12:00:00,29.056547,0,0
2017-01-13 13:00:00,29.163261,0,0
2017-01-13 14:00:00,29.148067,0,0
2017-01-13 15:00:00,28.560911,0,0
2017-01-13 16:00:00,28.186668,0,0
2017-01-13 17:00:00,27.352945,0,0
2017-01-13 18:00:00,26.215996,0,0
2017-01-13 19:00:00,25.500534,0,0
2017-01-13 20:00:00,24.592209,0,0
2017-01-13 21:00:00,25.720844,0,0
2017-01-13 22:00:00,25.136202,0,0
2017-01-13 23:00:00,24.37534,0,0
2017-01-14 00:00:00,23.503407,1,0
2017-01-14 01:00:00,22.970993,1,0
2017-01-14 02:00:00,23.03955,1,0
2017-01-14 03:00:00,22.44903,1,0
2017-01-14 04:00:00,22.544315,1,0
2017-01-14 05:00:00,22.613638,1,0
2017-01-14 06:00:00,22.815609,1,0
2017-01-14 07:00:00,23.278101,1,0
2017-01-14 08:00:00,25.131254,1,0
2017-01-14 09:00:00,26.73054,1,0
2017-01-14 10:00:00,27.953762,1,0
2017-01-14 11:00:00,28.528065,1,0
2017-01-14 12:00:00,29.128803,1,0
2017-01-14 13:00:00,29.415688,1,0
2017-01-14 14:00:00,29.668587,1,0
2017-01-14 15:00:00,28.564455,1,0
2017-01-14 16:00:00,28.342413,1,0
2017-01-14 17:00:00,27.331896,1,0
2017-01-14 18:00:00,26.003723,1,0
2017-01-14 19:00:00,25.060303,1,0
2017-01-14 20:00:00,24.513397,1,0
2017-01-14 21:00:00,24.121437,1,0
2017-01-14 22:00:00,23.877695,1,0
2017-01-14 23:00:00,23.772223,1,0
2017-01-15 00:00:00,23.656033,1,0
2017-01-15 01:00:00,23.647137,1,0
2017-01-15 02:00:00,23.56546,1,0
2017-01-15 03:00:00,23.378958,1,0
2017-01-15 04:00:00,23.18405,1,0
2017-01-15 05:00:00,22.990044,1,0
2017-01-15 06:00:00,22.961647,1,0
2017-01-15 07:00:00,23.047777,1,0
2017-01-15 08:00:00,24.765762,1,0
2017-01-15 09:00:00,26.741098,1,0
2017-01-15 10:00:00,28.11228,1,0
2017-01-15 11:00:00,29.154615,1,0
2017-01-15 12:00:00,29.925648,1,0
2017-01-15 13:00:00,30.180626,1,0
2017-01-15 14:00:00,30.121962,1,0
2017-01-15 15:00:00,29.903637,1,0
2017-01-15 16:00:00,29.034195,1,0
2017-01-15 17:00:00,27.802454,1,0
2017-01-15 18:00:00,26.099863,1,0
2017-01-15 19:00:00,25.19508,1,0
2017-01-15 20:00:00,24.497564,1,0
2017-01-15 21:00:00,24.057423,1,0
2017-01-15 22:00:00,23.769886,1,0
2017-01-15 23:00:00,23.556915,1,0
2017-01-16 00:00:00,23.391043,0,0
2017-01-16 01:00:00,23.200823,0,0
2017-01-16 02:00:00,23.192158,0,0
2017-01-16 03:00:00,22.968624,0,0
2017-01-16 04:00:00,22.61037,0,0
2017-01-16 05:00:00,22.34309,0,0
2017-01-16 06:00:00,22.293238,0,0
2017-01-16 07:00:00,22.677027,0,0
2017-01-16 08:00:00,24.375568,0,0
2017-01-16 09:00:00,26.370285,0,0
2017-01-16 10:00:00,28.149572,0,0
2017-01-16 11:00:00,29.64042,0,0
2017-01-16 12:00:00,30.266247,0,0
2017-01-16 13:00:00,30.283558,0,0
2017-01-16 14:00:00,30.18315,0,0
2017-01-16 15:00:00,29.537912,0,0
2017-01-16 16:00:00,29.365984,0,0
2017-01-16 17:00:00,28.467031,0,0
2017-01-16 18:00:00,26.614065,0,0
2017-01-16 19:00:00,25.355118,0,0
2017-01-16 20:00:00,24.80248,0,0
2017-01-16 21:00:00,24.179909,0,0
2017-01-16 22:00:00,23.361776,0,0
2017-01-16 23:00:00,22.970585,0,0
2017-01-17 00:00:00,22.801115,0,0
2017-01-17 01:00:00,22.679216,0,0
2017-01-17 02:00:00,22.291336,0,0
2017-01-17 03:00:00,22.117392,0,0
2017-01-17 04:00:00,21.960138,0,0
2017-01-17 05:00:00,21.94545,0,0
2017-01-17 06:00:00,22.00742,0,0
2017-01-17 07:00:00,22.168362,0,0
2017-01-17 08:00:00,24.395012,0,0
2017-01-17 09:00:00,26.459835,0,0
2017-01-17 10:00:00,28.258972,0,0
2017-01-17 11:00:00,29.552687,0,0
2017-01-17 12:00:00,30.539667,0,0
2017-01-17 13:00:00,31.063562,0,0
2017-01-17 14:00:00,30.818655,0,0
2017-01-17 15:00:00,30.049593,0,0
2017-01-17 16:00:00,29.632935,0,0
2017-01-17 17:00:00,28.84959,0,0
2017-01-17 18:00:00,26.910118,0,0
2017-01-17 19:00:00,25.685894,0,0
2017-01-17 20:00:00,24.96355,0,0
2017-01-17 21:00:00,24.138426,0,0
2017-01-17 22:00:00,23.411398,0,0
2017-01-17 23:00:00,23.343597,0,0
2017-01-18 00:00:00,23.33174,0,0
2017-01-18 01:00:00,23.156797,0,0
2017-01-18 02:00:00,22.92524,0,0
2017-01-18 03:00:00,22.801823,0,0
2017-01-18 04:00:00,22.671932,0,0
2017-01-18 05:00:00,22.698254,0,0
2017-01-18 06:00:00,22.901152,0,0
2017-01-18 07:00:00,23.496096,0,0
2017-01-18 08:00:00,24.807087,0,0
2017-01-18 09:00:00,26.313213,0,0
2017-01-18 10:00:00,28.05997,0,0
2017-01-18 11:00:00,29.097622,0,0
2017-01-18 12:00:00,29.550028,0,0
2017-01-18 13:00:00,29.802292,0,0
2017-01-18 14:00:00,30.057236,0,0
2017-01-18 15:00:00,29.740435,0,0
2017-01-18 16:00:00,29.270847,0,0
2017-01-18 17:00:00,28.419847,0,0
2017-01-18 18:00:00,26.620564,0,0
2017-01-18 19:00:00,25.633614,0,0
2017-01-18 20:00:00,24.610273,0,0
2017-01-18 21:00:00,23.840471,0,0
2017-01-18 22:00:00,23.501183,0,0
2017-01-18 23:00:00,23.282854,0,0
2017-01-19 00:00:00,23.167984,0,0
2017-01-19 01:00:00,22.964676,0,0
2017-01-19 02:00:00,22.695091,0,0
2017-01-19 03:00:00,22.496613,0,0
2017-01-19 04:00:00,22.430187,0,0
2017-01-19 05:00:00,22.42521,0,0
2017-01-19 06:00:00,22.287445,0,0
2017-01-19 07:00:00,23.024096,0,0
2017-01-19 08:00:00,24.70669,0,0
2017-01-19 09:00:00,26.504333,0,0
2017-01-19 10:00:00,28.36934,0,0
2017-01-19 11:00:00,29.45837,0,0
2017-01-19 12:00:00,30.093828,0,0
2017-01-19 13:00:00,30.411486,0,0
2017-01-19 14:00:00,30.100037,0,0
2017-01-19 15:00:00,29.817478,0,0
2017-01-19 16:00:00,29.345106,0,0
2017-01-19 17:00:00,28.651608,0,0
2017-01-19 18:00:00,27.031458,0,0
2017-01-19 19:00:00,26.274628,0,0
2017-01-19 20:00:00,25.545294,0,0
2017-01-19 21:00:00,24.651985,0,0
2017-01-19 22:00:00,24.19794,0,0
2017-01-19 23:00:00,23.948467,0,0
2017-01-20 00:00:00,23.69059,0,0
2017-01-20 01:00:00,23.375832,0,0
2017-01-20 02:00:00,23.097317,0,0
2017-01-20 03:00:00,22.80903,0,0
2017-01-20 04:00:00,22.726093,0,0
2017-01-20 05:00:00,22.638065,0,0
2017-01-20 06:00:00,22.852936,0,0
2017-01-20 07:00:00,22.762861,0,0
2017-01-20 08:00:00,24.591032,0,0
2017-01-20 09:00:00,26.70838,0,0
2017-01-20 10:00:00,28.424578,0,0
2017-01-20 11:00:00,29.182865,0,0
2017-01-20 12:00:00,29.399147,0,0
2017-01-20 13:00:00,28.992674,0,0
2017-01-20 14:00:00,28.16691,0,0
2017-01-20 15:00:00,28.502123,0,0
2017-01-20 16:00:00,28.734621,0,0
2017-01-20 17:00:00,28.109303,0,0
2017-01-20 18:00:00,27.070011,0,0
2017-01-20 19:00:00,26.330868,0,0
2017-01-20 20:00:00,24.913912,0,0
2017-01-20 21:00:00,23.863613,0,0
2017-01-20 22:00:00,23.221539,0,0
2017-01-20 23:00:00,23.29645,0,0
2017-01-21 00:00:00,23.135853,1,0
2017-01-21 01:00:00,23.040474,1,0
2017-01-21 02:00:00,22.967197,1,0
2017-01-21 03:00:00,22.966461,1,0
2017-01-21 04:00:00,22.913153,1,0
2017-01-21 05:00:00,22.734787,1,0
2017-01-21 06:00:00,22.353897,1,0
2017-01-21 07:00:00,22.691113,1,0
2017-01-21 08:00:00,24.452744,1,0
2017-01-21 09:00:00,25.979828,1,0
2017-01-21 10:00:00,27.337708,1,0
2017-01-21 11:00:00,28.449894,1,0
2017-01-21 12:00:00,28.728025,1,0
2017-01-21 13:00:00,28.495646,1,0
2017-01-21 14:00:00,28.387098,1,0
2017-01-21 15:00:00,28.335613,1,0
2017-01-21 16:00:00,27.970974,1,0
2017-01-21 17:00:00,27.47718,1,0
2017-01-21 18:00:00,26.271235,1,0
2017-01-21 19:00:00,25.656742,1,0
2017-01-21 20:00:00,24.82202,1,0
2017-01-21 21:00:00,24.174591,1,0
2017-01-21 22:00:00,23.639753,1,0
2017-01-21 23:00:00,23.286777,1,0
2017-01-22 00:00:00,23.1883,1,0
2017-01-22 01:00:00,22.427666,1,0
2017-01-22 02:00:00,21.959486,1,0
2017-01-22 03:00:00,21.84373,1,0
2017-01-22 04:00:00,21.747042,1,0
2017-01-22 05:00:00,21.652248,1,0
2017-01-22 06:00:00,21.578453,1,0
2017-01-22 07:00:00,21.866335,1,0
2017-01-22 08:00:00,23.955072,1,0
2017-01-22 09:00:00,25.955217,1,0
2017-01-22 10:00:00,27.135923,1,0
2017-01-22 11:00:00,28.020935,1,0
2017-01-22 12:00:00,28.523195,1,0
2017-01-22 13:00:00,28.57379,1,0
2017-01-22 14:00:00,28.151417,1,0
2017-01-22 15:00:00,27.869856,1,0
2017-01-22 16:00:00,27.467218,1,0
2017-01-22 17:00:00,26.93566,1,0
2017-01-22 18:00:00,25.934515,1,0
2017-01-22 19:00:00,25.43856,1,0
2017-01-22 20:00:00,24.8902,1,0
2017-01-22 21:00:00,24.343246,1,0
2017-01-22 22:00:00,24.232914,1,0
2017-01-22 23:00:00,23.416073,1,0
2017-01-23 00:00:00,23.981913,0,0
2017-01-23 01:00:00,24.041954,0,0
2017-01-23 02:00:00,23.837124,0,0
2017-01-23 03:00:00,22.597418,0,0
2017-01-23 04:00:00,22.848648,0,0
2017-01-23 05:00:00,22.733631,0,0
2017-01-23 06:00:00,22.839956,0,0
2017-01-23 07:00:00,22.842411,0,0
2017-01-23 08:00:00,24.570398,0,0
2017-01-23 09:00:00,26.190392,0,0
2017-01-23 10:00:00,27.62169,0,0
2017-01-23 11:00:00,28.335217,0,0
2017-01-23 12:00:00,28.554802,0,0
2017-01-23 13:00:00,28.4945,0,0
2017-01-23 14:00:00,27.985428,0,0
2017-01-23 15:00:00,27.70744,0,0
2017-01-23 16:00:00,27.336922,0,0
2017-01-23 17:00:00,27.00484,0,0
2017-01-23 18:00:00,26.249193,0,0
2017-01-23 19:00:00,26.449461,0,0
2017-01-23 20:00:00,24.921875,0,0
2017-01-23 21:00:00,25.58366,0,0
2017-01-23 22:00:00,23.660904,0,0
2017-01-23 23:00:00,23.617636,0,0
2017-01-24 00:00:00,23.514256,0,0
2017-01-24 01:00:00,23.176968,0,0
2017-01-24 02:00:00,22.705004,0,0
2017-01-24 03:00:00,22.350988,0,0
2017-01-24 04:00:00,22.024145,0,0
2017-01-24 05:00:00,22.283594,0,0
2017-01-24 06:00:00,22.053219,0,0
2017-01-24 07:00:00,22.830847,0,0
2017-01-24 08:00:00,24.006903,0,0
2017-01-24 09:00:00,25.73247,0,0
2017-01-24 10:00:00,27.11629,0,0
2017-01-24 11:00:00,28.131899,0,0
2017-01-24 12:00:00,28.572304,0,0
2017-01-24 13:00:00,29.418701,0,0
2017-01-24 14:00:00,29.682165,0,0
2017-01-24 15:00:00,29.130526,0,0
2017-01-24 16:00:00,28.652279,0,0
2017-01-24 17:00:00,28.591537,0,0
2017-01-24 18:00:00,26.996592,0,0
2017-01-24 19:00:00,26.060017,0,0
2017-01-24 20:00:00,25.051025,0,0
2017-01-24 21:00:00,24.210388,0,0
2017-01-24 22:00:00,23.816269,0,0
2017-01-24 23:00:00,23.463776,0,0
2017-01-25 00:00:00,23.13505,0,0
2017-01-25 01:00:00,22.820293,0,0
2017-01-25 02:00:00,22.669292,0,0
2017-01-25 03:00:00,22.584688,0,0
2017-01-25 04:00:00,22.572863,0,0
2017-01-25 05:00:00,22.782116,0,0
2017-01-25 06:00:00,22.822195,0,0
2017-01-25 07:00:00,22.929043,0,0
2017-01-25 08:00:00,24.46483,0,0
2017-01-25 09:00:00,26.19957,0,0
2017-01-25 10:00:00,28.124172,0,0
2017-01-25 11:00:00,29.08587,0,0
2017-01-25 12:00:00,30.18107,0,0
2017-01-25 13:00:00,30.344858,0,0
2017-01-25 14:00:00,30.391926,0,0
2017-01-25 15:00:00,29.964579,0,0
2017-01-25 16:00:00,29.195517,0,0
2017-01-25 17:00:00,27.93919,0,0
2017-01-25 18:00:00,26.182276,0,0
2017-01-25 19:00:00,25.1032,0,0
2017-01-25 20:00:00,24.05325,0,0
2017-01-25 21:00:00,23.34809,0,0
2017-01-25 22:00:00,23.206635,0,0
2017-01-25 23:00:00,22.967722,0,0
2017-01-26 00:00:00,22.80349,0,0
2017-01-26 01:00:00,22.842043,0,0
2017-01-26 02:00:00,22.88721,0,0
2017-01-26 03:00:00,22.95123,0,0
2017-01-26 04:00:00,22.93138,0,0
2017-01-26 05:00:00,23.107962,0,0
2017-01-26 06:00:00,23.33592,0,0
2017-01-26 07:00:00,23.830942,0,0
2017-01-26 08:00:00,25.531078,0,0
2017-01-26 09:00:00,27.418274,0,0
2017-01-26 10:00:00,28.350048,0,0
2017-01-26 11:00:00,29.37398,0,0
2017-01-26 12:00:00,30.031332,0,0
2017-01-26 13:00:00,29.69348,0,0
2017-01-26 14:00:00,29.04898,0,0
2017-01-26 15:00:00,28.83446,0,0
2017-01-26 16:00:00,28.652754,0,0
2017-01-26 17:00:00,27.750378,0,0
2017-01-26 18:00:00,26.880081,0,0
2017-01-26 19:00:00,26.307236,0,0
2017-01-26 20:00:00,25.870903,0,0
2017-01-26 21:00:00,25.593294,0,0
2017-01-26 22:00:00,25.255644,0,0
2017-01-26 23:00:00,24.992819,0,0
2017-01-27 00:00:00,24.866499,0,0
2017-01-27 01:00:00,24.834707,0,0
2017-01-27 02:00:00,24.834824,0,0
2017-01-27 03:00:00,24.58915,0,0
2017-01-27 04:00:00,24.285988,0,0
2017-01-27 05:00:00,23.78818,0,0
2017-01-27 06:00:00,23.864908,0,0
2017-01-27 07:00:00,24.482943,0,0
2017-01-27 08:00:00,26.20055,0,0
2017-01-27 09:00:00,28.089909,0,0
2017-01-27 10:00:00,29.584213,0,0
2017-01-27 11:00:00,30.435806,0,0
2017-01-27 12:00:00,31.386202,0,0
2017-01-27 13:00:00,31.499317,0,0
2017-01-27 14:00:00,31.231516,0,0
2017-01-27 15:00:00,31.50599,0,0
2017-01-27 16:00:00,29.958523,0,0
2017-01-27 17:00:00,28.51841,0,0
2017-01-27 18:00:00,27.294693,0,0
2017-01-27 19:00:00,26.116404,0,0
2017-01-27 20:00:00,25.535254,0,0
2017-01-27 21:00:00,25.279015,0,0
2017-01-27 22:00:00,25.124065,0,0
2017-01-27 23:00:00,25.171661,0,0
2017-01-28 00:00:00,25.295456,1,0
2017-01-28 01:00:00,24.744228,1,0
2017-01-28 02:00:00,24.296795,1,0
2017-01-28 03:00:00,23.799397,1,0
2017-01-28 04:00:00,23.596352,1,0
2017-01-28 05:00:00,23.306828,1,0
2017-01-28 06:00:00,23.35326,1,0
2017-01-28 07:00:00,24.224047,1,0
2017-01-28 08:00:00,25.953335,1,0
2017-01-28 09:00:00,27.656187,1,0
2017-01-28 10:00:00,28.950901,1,0
2017-01-28 11:00:00,29.944498,1,0
2017-01-28 12:00:00,30.52694,1,0
2017-01-28 13:00:00,30.73303,1,0
2017-01-28 14:00:00,30.810875,1,0
2017-01-28 15:00:00,30.758799,1,0
2017-01-28 16:00:00,29.679987,1,0
2017-01-28 17:00:00,28.454863,1,0
2017-01-28 18:00:00,27.08409,1,0
2017-01-28 19:00:00,26.503317,1,0
2017-01-28 20:00:00,25.830355,1,0
2017-01-28 21:00:00,25.659912,1,0
2017-01-28 22:00:00,25.476568,1,0
2017-01-28 23:00:00,25.319809,1,0
2017-01-29 00:00:00,25.275425,1,0
2017-01-29 01:00:00,25.0061,1,0
2017-01-29 02:00:00,24.795914,1,0
2017-01-29 03:00:00,24.675686,1,0
2017-01-29 04:00:00,24.53851,1,0
2017-01-29 05:00:00,24.451975,1,0
2017-01-29 06:00:00,24.227848,1,0
2017-01-29 07:00:00,24.57387,1,0
2017-01-29 08:00:00,25.941479,1,0
2017-01-29 09:00:00,27.487076,1,0
2017-01-29 10:00:00,29.114462,1,0
2017-01-29 11:00:00,29.621292,1,0
2017-01-29 12:00:00,30.068985,1,0
2017-01-29 13:00:00,29.972353,1,0
2017-01-29 14:00:00,30.122944,1,0
2017-01-29 15:00:00,29.450983,1,0
2017-01-29 16:00:00,28.973402,1,0
2017-01-29 17:00:00,28.15363,1,0
2017-01-29 18:00:00,27.103676,1,0
2017-01-29 19:00:00,26.487183,1,0
2017-01-29 20:00:00,25.796402,1,0
2017-01-29 21:00:00,25.505589,1,0
2017-01-29 22:00:00,25.386002,1,0
2017-01-29 23:00:00,25.324814,1,0
2017-01-30 00:00:00,25.166937,0,0
2017-01-30 01:00:00,24.909176,0,0
2017-01-30 02:00:00,24.77914,0,0
2017-01-30 03:00:00,24.641373,0,0
2017-01-30 04:00:00,24.444271,0,0
2017-01-30 05:00:00,24.262861,0,0
2017-01-30 06:00:00,24.18988,0,0
2017-01-30 07:00:00,24.634203,0,0
2017-01-30 08:00:00,25.781845,0,0
2017-01-30 09:00:00,27.415735,0,0
2017-01-30 10:00:00,28.876728,0,0
2017-01-30 11:00:00,29.559021,0,0
2017-01-30 12:00:00,30.109497,0,0
2017-01-30 13:00:00,30.246595,0,0
2017-01-30 14:00:00,29.902504,0,0
2017-01-30 15:00:00,29.899313,0,0
2017-01-30 16:00:00,29.024252,0,0
2017-01-30 17:00:00,27.856415,0,0
2017-01-30 18:00:00,26.783045,0,0
2017-01-30 19:00:00,26.355986,0,0
2017-01-30 20:00:00,25.72105,0,0
2017-01-30 21:00:00,25.244846,0,0
2017-01-30 22:00:00,24.972475,0,0
2017-01-30 23:00:00,24.83497,0,0
2017-01-31 00:00:00,24.677948,0,0
2017-01-31 01:00:00,24.805935,0,0
2017-01-31 02:00:00,24.446533,0,0
2017-01-31 03:00:00,24.318466,0,0
2017-01-31 04:00:00,24.077421,0,0
2017-01-31 05:00:00,24.213257,0,0
2017-01-31 06:00:00,24.324821,0,0
2017-01-31 07:00:00,24.718176,0,0
2017-01-31 08:00:00,25.829838,0,0
2017-01-31 09:00:00,27.622835,0,0
2017-01-31 10:00:00,28.589964,0,0
2017-01-31 11:00:00,29.206013,0,0
2017-01-31 12:00:00,30.343992,0,0
2017-01-31 13:00:00,29.863691,0,0
2017-01-31 14:00:00,29.810383,0,0
2017-01-31 15:00:00,28.888039,0,0
2017-01-31 16:00:00,28.421618,0,0
2017-01-31 17:00:00,27.765785,0,0
2017-01-31 18:00:00,26.55743,0,0
2017-01-31 19:00:00,25.905842,0,0
2017-01-31 20:00:00,25.618597,0,0
2017-01-31 21:00:00,25.553955,0,0
2017-01-31 22:00:00,25.440247,0,0
2017-01-31 23:00:00,25.316092,0,0
2017-02-01 00:00:00,25.382893,0,0
2017-02-01 01:00:00,25.126278,0,0
2017-02-01 02:00:00,24.918022,0,0
2017-02-01 03:00:00,24.988577,0,0
2017-02-01 04:00:00,25.060444,0,0
2017-02-01 05:00:00,25.208513,0,0
2017-02-01 06:00:00,25.191448,0,0
2017-02-01 07:00:00,25.548588,0,0
2017-02-01 08:00:00,26.259134,0,0
2017-02-01 09:00:00,27.711203,0,0
2017-02-01 10:00:00,28.779072,0,0
2017-02-01 11:00:00,29.941404,0,0
2017-02-01 12:00:00,30.160906,0,0
2017-02-01 13:00:00,29.984064,0,0
2017-02-01 14:00:00,30.526222,0,0
2017-02-01 15:00:00,30.432333,0,0
2017-02-01 16:00:00,29.616753,0,0
2017-02-01 17:00:00,28.487387,0,0
2017-02-01 18:00:00,27.038921,0,0
2017-02-01 19:00:00,26.636282,0,0
2017-02-01 20:00:00,26.108965,0,0
2017-02-01 21:00:00,25.783024,0,0
2017-02-01 22:00:00,25.440655,0,0
2017-02-01 23:00:00,25.06003,0,0
2017-02-02 00:00:00,25.11676,0,0
2017-02-02 01:00:00,24.725426,0,0
2017-02-02 02:00:00,24.659649,0,0
2017-02-02 03:00:00,24.549465,0,0
2017-02-02 04:00:00,24.430109,0,0
2017-02-02 05:00:00,24.412045,0,0
2017-02-02 06:00:00,24.526655,0,0
2017-02-02 07:00:00,24.34569,0,0
2017-02-02 08:00:00,25.611658,0,0
2017-02-02 09:00:00,27.091122,0,0
2017-02-02 10:00:00,28.473679,0,0
2017-02-02 11:00:00,29.758469,0,0
2017-02-02 12:00:00,30.44802,0,0
2017-02-02 13:00:00,31.068983,0,0
2017-02-02 14:00:00,30.847351,0,0
2017-02-02 15:00:00,30.15349,0,0
2017-02-02 16:00:00,29.457323,0,0
2017-02-02 17:00:00,28.496283,0,0
2017-02-02 18:00:00,26.818138,0,0
2017-02-02 19:00:00,26.109295,0,0
2017-02-02 20:00:00,25.349186,0,0
2017-02-02 21:00:00,24.905064,0,0
2017-02-02 22:00:00,24.740425,0,0
2017-02-02 23:00:00,24.589802,0,0
2017-02-03 00:00:00,24.43014,0,0
2017-02-03 01:00:00,24.291964,0,0
2017-02-03 02:00:00,24.213717,0,0
2017-02-03 03:00:00,23.960407,0,0
2017-02-03 04:00:00,23.911192,0,0
2017-02-03 05:00:00,23.83368,0,0
2017-02-03 06:00:00,24.114275,0,0
2017-02-03 07:00:00,23.961046,0,0
2017-02-03 08:00:00,25.34862,0,0
2017-02-03 09:00:00,27.657417,0,0
2017-02-03 10:00:00,28.95837,0,0
2017-02-03 11:00:00,29.897137,0,0
2017-02-03 12:00:00,30.380693,0,0
2017-02-03 13:00:00,30.620867,0,0
2017-02-03 14:00:00,30.106403,0,0
2017-02-03 15:00:00,29.45072,0,0
2017-02-03 16:00:00,28.957714,0,0
2017-02-03 17:00:00,28.253143,0,0
2017-02-03 18:00:00,27.33501,0,0
2017-02-03 19:00:00,26.376068,0,0
2017-02-03 20:00:00,25.675476,0,0
2017-02-03 21:00:00,25.267338,0,0
2017-02-03 22:00:00,25.141394,0,0
2017-02-03 23:00:00,25.044147,0,0
2017-02-04 00:00:00,24.751665,1,0
2017-02-04 01:00:00,24.562113,1,0
2017-02-04 02:00:00,24.330292,1,0
2017-02-04 03:00:00,24.614605,1,0
2017-02-04 04:00:00,24.774384,1,0
2017-02-04 05:00:00,24.499996,1,0
2017-02-04 06:00:00,24.690924,1,0
2017-02-04 07:00:00,24.852488,1,0
2017-02-04 08:00:00,25.807943,1,0
2017-02-04 09:00:00,27.321487,1,0
2017-02-04 10:00:00,28.443743,1,0
2017-02-04 11:00:00,30.167084,1,0
2017-02-04 12:00:00,30.488077,1,0
2017-02-04 13:00:00,30.747215,1,0
2017-02-04 14:00:00,30.400494,1,0
2017-02-04 15:00:00,29.965706,1,0
2017-02-04 16:00:00,29.153406,1,0
2017-02-04 17:00:00,28.933296,1,0
2017-02-04 18:00:00,27.66364,1,0
2017-02-04 19:00:00,27.051569,1,0
2017-02-04 20:00:00,26.334846,1,0
2017-02-04 21:00:00,26.07343,1,0
2017-02-04 22:00:00,25.844818,1,0
2017-02-04 23:00:00,25.537086,1,0
2017-02-05 00:00:00,25.247534,1,0
2017-02-05 01:00:00,24.938019,1,0
2017-02-05 02:00:00,24.77657,1,0
2017-02-05 03:00:00,24.75646,1,0
2017-02-05 04:00:00,24.64958,1,0
2017-02-05 05:00:00,24.694866,1,0
2017-02-05 06:00:00,24.92104,1,0
2017-02-05 07:00:00,24.832485,1,0
2017-02-05 08:00:00,26.609873,1,0
2017-02-05 09:00:00,28.320602,1,0
2017-02-05 10:00:00,29.795612,1,0
2017-02-05 11:00:00,30.449429,1,0
2017-02-05 12:00:00,31.821953,1,0
2017-02-05 13:00:00,31.861914,1,0
2017-02-05 14:00:00,31.86139,1,0
2017-02-05 15:00:00,31.08176,1,0
2017-02-05 16:00:00,30.376337,1,0
2017-02-05 17:00:00,28.911547,1,0
2017-02-05 18:00:00,27.63575,1,0
2017-02-05 19:00:00,26.418287,1,0
2017-02-05 20:00:00,25.927998,1,0
2017-02-05 21:00:00,25.925097,1,0
2017-02-05 22:00:00,25.735924,1,0
2017-02-05 23:00:00,25.601696,1,0
2017-02-06 00:00:00,25.47813,0,0
2017-02-06 01:00:00,25.218468,0,0
2017-02-06 02:00:00,24.998764,0,0
2017-02-06 03:00:00,25.010473,0,0
2017-02-06 04:00:00,24.855904,0,0
2017-02-06 05:00:00,25.122414,0,0
2017-02-06 06:00:00,25.390594,0,0
2017-02-06 07:00:00,25.858957,0,0
2017-02-06 08:00:00,26.612772,0,0
2017-02-06 09:00:00,28.05904,0,0
2017-02-06 10:00:00,29.786541,0,0
2017-02-06 11:00:00,30.874783,0,0
2017-02-06 12:00:00,31.365221,0,0
2017-02-06 13:00:00,31.450233,0,0
2017-02-06 14:00:00,31.174768,0,0
2017-02-06 15:00:00,30.745663,0,0
2017-02-06 16:00:00,29.829054,0,0
2017-02-06 17:00:00,29.211777,0,0
2017-02-06 18:00:00,27.97699,0,0
2017-02-06 19:00:00,26.707361,0,0
2017-02-06 20:00:00,26.058964,0,0
2017-02-06 21:00:00,26.01912,0,0
2017-02-06 22:00:00,25.94634,0,0
2017-02-06 23:00:00,25.796862,0,0
2017-02-07 00:00:00,25.539577,0,0
2017-02-07 01:00:00,25.450552,0,0
2017-02-07 02:00:00,25.303448,0,0
2017-02-07 03:00:00,24.94215,0,0
2017-02-07 04:00:00,24.801073,0,0
2017-02-07 05:00:00,24.947765,0,0
2017-02-07 06:00:00,24.855904,0,0
2017-02-07 07:00:00,25.310589,0,0
2017-02-07 08:00:00,26.635223,0,0
2017-02-07 09:00:00,28.4752,0,0
2017-02-07 10:00:00,29.99345,0,0
2017-02-07 11:00:00,30.818462,0,0
2017-02-07 12:00:00,30.679115,0,0
2017-02-07 13:00:00,31.290483,0,0
2017-02-07 14:00:00,30.546656,0,0
2017-02-07 15:00:00,30.711088,0,0
2017-02-07 16:00:00,29.936193,0,0
2017-02-07 17:00:00,28.821108,0,0
2017-02-07 18:00:00,27.663902,0,0
2017-02-07 19:00:00,26.795244,0,0
2017-02-07 20:00:00,26.069218,0,0
2017-02-07 21:00:00,25.853348,0,0
2017-02-07 22:00:00,25.819414,0,0
2017-02-07 23:00:00,25.736183,0,0
2017-02-08 00:00:00,25.403364,0,0
2017-02-08 01:00:00,25.30805,0,0
2017-02-08 02:00:00,25.090654,0,0
2017-02-08 03:00:00,25.070282,0,0
2017-02-08 04:00:00,24.859097,0,0
2017-02-08 05:00:00,24.929916,0,0
2017-02-08 06:00:00,24.928394,0,0
2017-02-08 07:00:00,25.078392,0,0
2017-02-08 08:00:00,26.531506,0,0
2017-02-08 09:00:00,28.497068,0,0
2017-02-08 10:00:00,29.988588,0,0
2017-02-08 11:00:00,30.797876,0,0
2017-02-08 12:00:00,31.420982,0,0
2017-02-08 13:00:00,30.185287,0,0
2017-02-08 14:00:00,31.051804,0,0
2017-02-08 15:00:00,31.153265,0,0
2017-02-08 16:00:00,30.274717,0,0
2017-02-08 17:00:00,29.339256,0,0
2017-02-08 18:00:00,28.048475,0,0
2017-02-08 19:00:00,27.079704,0,0
2017-02-08 20:00:00,26.099777,0,0
2017-02-08 21:00:00,25.61558,0,0
2017-02-08 22:00:00,25.480976,0,0
2017-02-08 23:00:00,25.325884,0,0
2017-02-09 00:00:00,25.095255,0,0
2017-02-09 01:00:00,24.995487,0,0
2017-02-09 02:00:00,24.953888,0,0
2017-02-09 03:00:00,24.720692,0,0
2017-02-09 04:00:00,24.595747,0,0
2017-02-09 05:00:00,24.555674,0,0
2017-02-09 06:00:00,24.48861,0,0
2017-02-09 07:00:00,24.59534,0,0
2017-02-09 08:00:00,26.270468,0,0
2017-02-09 09:00:00,28.181051,0,0
2017-02-09 10:00:00,30.15472,0,0
2017-02-09 11:00:00,30.897203,0,0
2017-02-09 12:00:00,31.296972,0,0
2017-02-09 13:00:00,31.175192,0,0
2017-02-09 14:00:00,30.39368,0,0
2017-02-09 15:00:00,30.332973,0,0
2017-02-09 16:00:00,30.02067,0,0
2017-02-09 17:00:00,28.939142,0,0
2017-02-09 18:00:00,27.767063,0,0
2017-02-09 19:00:00,27.03799,0,0
2017-02-09 20:00:00,26.24632,0,0
2017-02-09 21:00:00,25.835546,0,0
2017-02-09 22:00:00,25.72729,0,0
2017-02-09 23:00:00,25.517336,0,0
2017-02-10 00:00:00,25.361359,0,0
2017-02-10 01:00:00,25.334223,0,0
2017-02-10 02:00:00,25.328392,0,0
2017-02-10 03:00:00,25.389055,0,0
2017-02-10 04:00:00,24.917944,0,0
2017-02-10 05:00:00,24.70512,0,0
2017-02-10 06:00:00,24.76162,0,0
2017-02-10 07:00:00,25.23753,0,0
2017-02-10 08:00:00,26.71061,0,0
2017-02-10 09:00:00,28.486359,0,0
2017-02-10 10:00:00,29.941927,0,0
2017-02-10 11:00:00,30.634296,0,0
2017-02-10 12:00:00,31.022205,0,0
2017-02-10 13:00:00,31.311613,0,0
2017-02-10 14:00:00,31.018492,0,0
2017-02-10 15:00:00,30.836933,0,0
2017-02-10 16:00:00,30.022963,0,0
2017-02-10 17:00:00,28.920586,0,0
2017-02-10 18:00:00,27.375378,0,0
2017-02-10 19:00:00,26.655493,0,0
2017-02-10 20:00:00,25.849691,0,0
2017-02-10 21:00:00,25.418804,0,0
2017-02-10 22:00:00,25.124537,0,0
2017-02-10 23:00:00,24.82046,0,0
2017-02-11 00:00:00,24.469578,1,0
2017-02-11 01:00:00,24.386757,1,0
2017-02-11 02:00:00,24.234709,1,0
2017-02-11 03:00:00,24.093372,1,0
2017-02-11 04:00:00,24.018545,1,0
2017-02-11 05:00:00,24.10543,1,0
2017-02-11 06:00:00,24.04398,1,0
2017-02-11 07:00:00,24.314383,1,0
2017-02-11 08:00:00,26.05738,1,0
2017-02-11 09:00:00,28.07535,1,0
2017-02-11 10:00:00,29.411661,1,0
2017-02-11 11:00:00,30.273031,1,0
2017-02-11 12:00:00,30.30295,1,0
2017-02-11 13:00:00,30.549118,1,0
2017-02-11 14:00:00,30.444023,1,0
2017-02-11 15:00:00,29.90752,1,0
2017-02-11 16:00:00,29.342173,1,0
2017-02-11 17:00:00,28.228493,1,0
2017-02-11 18:00:00,26.90389,1,0
2017-02-11 19:00:00,25.768318,1,0
2017-02-11 20:00:00,24.92639,1,0
2017-02-11 21:00:00,24.619034,1,0
2017-02-11 22:00:00,24.820004,1,0
2017-02-11 23:00:00,24.730782,1,0
2017-02-12 00:00:00,25.023348,1,0
2017-02-12 01:00:00,24.688154,1,0
2017-02-12 02:00:00,24.385319,1,0
2017-02-12 03:00:00,24.20871,1,0
2017-02-12 04:00:00,24.161774,1,0
2017-02-12 05:00:00,24.560104,1,0
2017-02-12 06:00:00,24.772581,1,0
2017-02-12 07:00:00,24.14788,1,0
2017-02-12 08:00:00,25.509048,1,0
2017-02-12 09:00:00,27.848885,1,0
2017-02-12 10:00:00,29.456682,1,0
2017-02-12 11:00:00,30.014183,1,0
2017-02-12 12:00:00,30.62663,1,0
2017-02-12 13:00:00,30.608597,1,0
2017-02-12 14:00:00,30.253504,1,0
2017-02-12 15:00:00,30.260614,1,0
2017-02-12 16:00:00,29.793957,1,0
2017-02-12 17:00:00,28.613478,1,0
2017-02-12 18:00:00,27.172071,1,0
2017-02-12 19:00:00,26.04747,1,0
2017-02-12 20:00:00,25.375652,1,0
2017-02-12 21:00:00,24.983051,1,0
2017-02-12 22:00:00,24.774914,1,0
2017-02-12 23:00:00,24.54514,1,0
2017-02-13 00:00:00,24.183283,0,0
2017-02-13 01:00:00,23.867268,0,0
2017-02-13 02:00:00,23.957457,0,0
2017-02-13 03:00:00,23.715714,0,0
2017-02-13 04:00:00,23.550695,0,0
2017-02-13 05:00:00,23.335154,0,0
2017-02-13 06:00:00,23.882292,0,0
2017-02-13 07:00:00,24.682623,0,0
2017-02-13 08:00:00,25.460087,0,0
2017-02-13 09:00:00,26.526987,0,0
2017-02-13 10:00:00,27.91456,0,0
2017-02-13 11:00:00,29.206373,0,0
2017-02-13 12:00:00,29.637032,0,0
2017-02-13 13:00:00,29.34294,0,0
2017-02-13 14:00:00,29.771952,0,0
2017-02-13 15:00:00,28.735786,0,0
2017-02-13 16:00:00,28.375195,0,0
2017-02-13 17:00:00,27.724718,0,0
2017-02-13 18:00:00,26.829693,0,0
2017-02-13 19:00:00,25.512077,0,0
2017-02-13 20:00:00,24.732857,0,0
2017-02-13 21:00:00,24.436575,0,0
2017-02-13 22:00:00,24.163681,0,0
2017-02-13 23:00:00,24.101463,0,0
2017-02-14 00:00:00,23.910128,0,0
2017-02-14 01:00:00,23.739164,0,0
2017-02-14 02:00:00,23.619837,0,0
2017-02-14 03:00:00,23.650349,0,0
2017-02-14 04:00:00,23.793325,0,0
2017-02-14 05:00:00,23.475521,0,0
2017-02-14 06:00:00,23.143847,0,0
2017-02-14 07:00:00,23.86355,0,0
2017-02-14 08:00:00,25.198864,0,0
2017-02-14 09:00:00,26.535582,0,0
2017-02-14 10:00:00,28.21461,0,0
2017-02-14 11:00:00,29.516054,0,0
2017-02-14 12:00:00,30.037949,0,0
2017-02-14 13:00:00,29.964676,0,0
2017-02-14 14:00:00,29.052639,0,0
2017-02-14 15:00:00,29.445612,0,0
2017-02-14 16:00:00,29.44632,0,0
2017-02-14 17:00:00,28.989704,0,0
2017-02-14 18:00:00,27.47655,0,0
2017-02-14 19:00:00,26.49314,0,0
2017-02-14 20:00:00,25.693283,0,0
2017-02-14 21:00:00,25.045624,0,0
2017-02-14 22:00:00,24.330305,0,0
2017-02-14 23:00:00,23.954132,0,0
2017-02-15 00:00:00,23.609632,0,0
2017-02-15 01:00:00,23.45354,0,0
2017-02-15 02:00:00,23.212318,0,0
2017-02-15 03:00:00,23.099464,0,0
2017-02-15 04:00:00,23.107979,0,0
2017-02-15 05:00:00,22.921738,0,0
2017-02-15 06:00:00,22.7191,0,0
2017-02-15 07:00:00,23.322477,0,0
2017-02-15 08:00:00,25.212734,0,0
2017-02-15 09:00:00,27.109116,0,0
2017-02-15 10:00:00,28.733047,0,0
2017-02-15 11:00:00,29.580364,0,0
2017-02-15 12:00:00,30.078318,0,0
2017-02-15 13:00:00,30.654606,0,0
2017-02-15 14:00:00,30.253607,0,0
2017-02-15 15:00:00,29.738619,0,0
2017-02-15 16:00:00,29.860699,0,0
2017-02-15 17:00:00,29.317692,0,0
2017-02-15 18:00:00,28.000822,0,0
2017-02-15 19:00:00,26.69109,0,0
2017-02-15 20:00:00,25.77373,0,0
2017-02-15 21:00:00,24.959932,0,0
2017-02-15 22:00:00,24.299301,0,0
2017-02-15 23:00:00,23.993208,0,0
2017-02-16 00:00:00,23.776815,0,0
2017-02-16 01:00:00,23.553541,0,0
2017-02-16 02:00:00,23.258894,0,0
2017-02-16 03:00:00,23.101019,0,0
2017-02-16 04:00:00,22.956373,0,0
2017-02-16 05:00:00,22.841354,0,0
2017-02-16 06:00:00,22.685001,0,0
2017-02-16 07:00:00,23.093403,0,0
2017-02-16 08:00:00,25.036592,0,0
2017-02-16 09:00:00,26.747322,0,0
2017-02-16 10:00:00,28.311592,0,0
2017-02-16 11:00:00,29.334934,0,0
2017-02-16 12:00:00,29.87077,0,0
2017-02-16 13:00:00,30.069855,0,0
2017-02-16 14:00:00,30.510986,0,0
2017-02-16 15:00:00,29.893623,0,0
2017-02-16 16:00:00,29.513992,0,0
2017-02-16 17:00:00,28.833075,0,0
2017-02-16 18:00:00,27.70564,0,0
2017-02-16 19:00:00,26.727121,0,0
2017-02-16 20:00:00,25.582914,0,0
2017-02-16 21:00:00,24.818857,0,0
2017-02-16 22:00:00,24.323212,0,0
2017-02-16 23:00:00,23.98723,0,0
2017-02-17 00:00:00,23.790802,0,0
2017-02-17 01:00:00,23.523146,0,0
2017-02-17 02:00:00,23.320837,0,0
2017-02-17 03:00:00,23.275784,0,0
2017-02-17 04:00:00,23.053038,0,0
2017-02-17 05:00:00,22.925192,0,0
2017-02-17 06:00:00,22.83471,0,0
2017-02-17 07:00:00,23.05672,0,0
2017-02-17 08:00:00,24.778393,0,0
2017-02-17 09:00:00,26.706661,0,0
2017-02-17 10:00:00,28.15483,0,0
2017-02-17 11:00:00,29.072107,0,0
2017-02-17 12:00:00,29.305597,0,0
2017-02-17 13:00:00,29.277134,0,0
2017-02-17 14:00:00,29.965986,0,0
2017-02-17 15:00:00,29.950674,0,0
2017-02-17 16:00:00,29.204391,0,0
2017-02-17 17:00:00,28.611385,0,0
2017-02-17 18:00:00,27.41091,0,0
2017-02-17 19:00:00,26.620243,0,0
2017-02-17 20:00:00,25.784029,0,0
2017-02-17 21:00:00,24.950647,0,0
2017-02-17 22:00:00,24.18697,0,0
2017-02-17 23:00:00,23.918934,0,0
2017-02-18 00:00:00,23.647331,1,0
2017-02-18 01:00:00,23.296713,1,0
2017-02-18 02:00:00,23.163105,1,0
2017-02-18 03:00:00,23.017937,1,0
2017-02-18 04:00:00,22.7766,1,0
2017-02-18 05:00:00,22.621769,1,0
2017-02-18 06:00:00,22.489094,1,0
2017-02-18 07:00:00,22.945826,1,0
2017-02-18 08:00:00,24.912405,1,0
2017-02-18 09:00:00,26.976706,1,0
2017-02-18 10:00:00,28.641861,1,0
2017-02-18 11:00:00,29.885048,1,0
2017-02-18 12:00:00,30.306421,1,0
2017-02-18 13:00:00,30.320293,1,0
2017-02-18 14:00:00,30.374832,1,0
2017-02-18 15:00:00,30.562191,1,0
2017-02-18 16:00:00,30.22223,1,0
2017-02-18 17:00:00,29.78912,1,0
2017-02-18 18:00:00,28.374065,1,0
2017-02-18 19:00:00,27.133854,1,0
2017-02-18 20:00:00,25.902142,1,0
2017-02-18 21:00:00,25.029945,1,0
2017-02-18 22:00:00,24.454035,1,0
2017-02-18 23:00:00,24.137901,1,0
2017-02-19 00:00:00,23.969837,1,0
2017-02-19 01:00:00,23.852919,1,0
2017-02-19 02:00:00,23.660437,1,0
2017-02-19 03:00:00,23.61196,1,0
2017-02-19 04:00:00,23.535496,1,0
2017-02-19 05:00:00,23.47709,1,0
2017-02-19 06:00:00,23.482565,1,0
2017-02-19 07:00:00,23.934086,1,0
2017-02-19 08:00:00,25.521921,1,0
2017-02-19 09:00:00,27.40581,1,0
2017-02-19 10:00:00,29.374647,1,0
2017-02-19 11:00:00,30.4068,1,0
2017-02-19 12:00:00,30.684933,1,0
2017-02-19 13:00:00,31.21843,1,0
2017-02-19 14:00:00,31.032042,1,0
2017-02-19 15:00:00,30.724161,1,0
2017-02-19 16:00:00,30.370855,1,0
2017-02-19 17:00:00,29.371262,1,0
2017-02-19 18:00:00,27.505093,1,0
2017-02-19 19:00:00,26.665064,1,0
2017-02-19 20:00:00,25.495947,1,0
2017-02-19 21:00:00,24.677927,1,0
2017-02-19 22:00:00,24.175291,1,0
2017-02-19 23:00:00,23.739832,1,0
2017-02-20 00:00:00,23.631693,0,0
2017-02-20 01:00:00,23.455488,0,0
2017-02-20 02:00:00,23.239094,0,0
2017-02-20 03:00:00,22.927794,0,0
2017-02-20 04:00:00,22.878578,0,0
2017-02-20 05:00:00,22.85226,0,0
2017-02-20 06:00:00,22.875793,0,0
2017-02-20 07:00:00,22.967916,0,0
2017-02-20 08:00:00,25.164335,0,0
2017-02-20 09:00:00,27.49577,0,0
2017-02-20 10:00:00,29.096428,0,0
2017-02-20 11:00:00,30.417984,0,0
2017-02-20 12:00:00,31.238539,0,0
2017-02-20 13:00:00,31.55122,0,0
2017-02-20 14:00:00,31.717108,0,0
2017-02-20 15:00:00,31.418514,0,0
2017-02-20 16:00:00,31.234241,0,0
2017-02-20 17:00:00,29.767923,0,0
2017-02-20 18:00:00,28.099968,0,0
2017-02-20 19:00:00,26.617517,0,0
2017-02-20 20:00:00,25.433615,0,0
2017-02-20 21:00:00,24.97667,0,0
2017-02-20 22:00:00,24.6796,0,0
2017-02-20 23:00:00,24.263582,0,0
2017-02-21 00:00:00,24.008635,0,0
2017-02-21 01:00:00,23.647331,0,0
2017-02-21 02:00:00,23.43187,0,0
2017-02-21 03:00:00,23.329084,0,0
2017-02-21 04:00:00,23.106188,0,0
2017-02-21 05:00:00,23.078316,0,0
2017-02-21 06:00:00,23.014414,0,0
2017-02-21 07:00:00,23.673,0,0
2017-02-21 08:00:00,25.414928,0,0
2017-02-21 09:00:00,27.24893,0,0
2017-02-21 10:00:00,29.081264,0,0
2017-02-21 11:00:00,30.106276,0,0
2017-02-21 12:00:00,30.846088,0,0
2017-02-21 13:00:00,31.124426,0,0
2017-02-21 14:00:00,29.925203,0,0
2017-02-21 15:00:00,29.994352,0,0
2017-02-21 16:00:00,29.078596,0,0
2017-02-21 17:00:00,28.823357,0,0
2017-02-21 18:00:00,27.792324,0,0
2017-02-21 19:00:00,26.06742,0,0
2017-02-21 20:00:00,25.500502,0,0
2017-02-21 21:00:00,24.513697,0,0
2017-02-21 22:00:00,23.989046,0,0
2017-02-21 23:00:00,22.675808,0,0
2017-02-22 00:00:00,22.625546,0,0
2017-02-22 01:00:00,22.547295,0,0
2017-02-22 02:00:00,22.780348,0,0
2017-02-22 03:00:00,22.665588,0,0
2017-02-22 04:00:00,22.508858,0,0
2017-02-22 05:00:00,22.23254,0,0
2017-02-22 06:00:00,21.965736,0,0
2017-02-22 07:00:00,22.748428,0,0
2017-02-22 08:00:00,24.905083,0,0
2017-02-22 09:00:00,26.942394,0,0
2017-02-22 10:00:00,28.307217,0,0
2017-02-22 11:00:00,29.247505,0,0
2017-02-22 12:00:00,29.492561,0,0
2017-02-22 13:00:00,29.82204,0,0
2017-02-22 14:00:00,30.060415,0,0
2017-02-22 15:00:00,29.943699,0,0
2017-02-22 16:00:00,28.80637,0,0
2017-02-22 17:00:00,28.301277,0,0
2017-02-22 18:00:00,27.408241,0,0
2017-02-22 19:00:00,25.977821,0,0
2017-02-22 20:00:00,25.268896,0,0
2017-02-22 21:00:00,25.429974,0,0
2017-02-22 22:00:00,23.668995,0,0
2017-02-22 23:00:00,23.07792,0,0
2017-02-23 00:00:00,23.070633,0,0
2017-02-23 01:00:00,22.846062,0,0
2017-02-23 02:00:00,23.081158,0,0
2017-02-23 03:00:00,22.288591,0,0
2017-02-23 04:00:00,22.215055,0,0
2017-02-23 05:00:00,22.05235,0,0
2017-02-23 06:00:00,21.85454,0,0
2017-02-23 07:00:00,23.01745,0,0
2017-02-23 08:00:00,24.79898,0,0
2017-02-23 09:00:00,26.499796,0,0
2017-02-23 10:00:00,27.560797,0,0
2017-02-23 11:00:00,27.946741,0,0
2017-02-23 12:00:00,27.895395,0,0
2017-02-23 13:00:00,27.398293,0,0
2017-02-23 14:00:00,27.545286,0,0
2017-02-23 15:00:00,27.716482,0,0
2017-02-23 16:00:00,27.454529,0,0
2017-02-23 17:00:00,27.287086,0,0
2017-02-23 18:00:00,26.020575,0,0
2017-02-23 19:00:00,25.365482,0,0
2017-02-23 20:00:00,24.889753,0,0
2017-02-23 21:00:00,24.490017,0,0
2017-02-23 22:00:00,24.60574,0,0
2017-02-23 23:00:00,24.016779,0,0
2017-02-24 00:00:00,23.793653,0,0
2017-02-24 01:00:00,23.029308,0,0
2017-02-24 02:00:00,22.983469,0,0
2017-02-24 03:00:00,22.571312,0,0
2017-02-24 04:00:00,22.329714,0,0
2017-02-24 05:00:00,23.035814,0,0
2017-02-24 06:00:00,23.592993,0,0
2017-02-24 07:00:00,23.053812,0,0
2017-02-24 08:00:00,25.063444,0,0
2017-02-24 09:00:00,26.956856,0,0
2017-02-24 10:00:00,28.461573,0,0
2017-02-24 11:00:00,29.166288,0,0
2017-02-24 12:00:00,29.225428,0,0
2017-02-24 13:00:00,29.359884,0,0
2017-02-24 14:00:00,29.35291,0,0
2017-02-24 15:00:00,29.180569,0,0
2017-02-24 16:00:00,28.80815,0,0
2017-02-24 17:00:00,28.565996,0,0
2017-02-24 18:00:00,27.37489,0,0
2017-02-24 19:00:00,26.340279,0,0
2017-02-24 20:00:00,25.919876,0,0
2017-02-24 21:00:00,25.409428,0,0
2017-02-24 22:00:00,24.925444,0,0
2017-02-24 23:00:00,25.353586,0,0
2017-02-25 00:00:00,25.104555,1,0
2017-02-25 01:00:00,25.023325,1,0
2017-02-25 02:00:00,24.575373,1,0
2017-02-25 03:00:00,22.967632,1,0
2017-02-25 04:00:00,23.225218,1,0
2017-02-25 05:00:00,23.004848,1,0
2017-02-25 06:00:00,22.811464,1,0
2017-02-25 07:00:00,23.26742,1,0
2017-02-25 08:00:00,24.443962,1,0
2017-02-25 09:00:00,26.478569,1,0
2017-02-25 10:00:00,28.706333,1,0
2017-02-25 11:00:00,30.058449,1,0
2017-02-25 12:00:00,30.221973,1,0
2017-02-25 13:00:00,30.066696,1,0
2017-02-25 14:00:00,29.879568,1,0
2017-02-25 15:00:00,29.618744,1,0
2017-02-25 16:00:00,29.770174,1,0
2017-02-25 17:00:00,29.683098,1,0
2017-02-25 18:00:00,28.442762,1,0
2017-02-25 19:00:00,27.06775,1,0
2017-02-25 20:00:00,26.257565,1,0
2017-02-25 21:00:00,25.122282,1,0
2017-02-25 22:00:00,24.193878,1,0
2017-02-25 23:00:00,24.228975,1,0
2017-02-26 00:00:00,24.928015,1,0
2017-02-26 01:00:00,23.137602,1,0
2017-02-26 02:00:00,22.573254,1,0
2017-02-26 03:00:00,22.689125,1,0
2017-02-26 04:00:00,22.636263,1,0
2017-02-26 05:00:00,22.635447,1,0
2017-02-26 06:00:00,22.723475,1,0
2017-02-26 07:00:00,23.43597,1,0
2017-02-26 08:00:00,25.951813,1,0
2017-02-26 09:00:00,27.987123,1,0
2017-02-26 10:00:00,29.902655,1,0
2017-02-26 11:00:00,31.473948,1,0
2017-02-26 12:00:00,32.597286,1,0
2017-02-26 13:00:00,32.71676,1,0
2017-02-26 14:00:00,32.6306,1,0
2017-02-26 15:00:00,32.403957,1,0
2017-02-26 16:00:00,31.457823,1,0
2017-02-26 17:00:00,30.107525,1,0
2017-02-26 18:00:00,28.49206,1,0
2017-02-26 19:00:00,27.042809,1,0
2017-02-26 20:00:00,26.188793,1,0
2017-02-26 21:00:00,25.604362,1,0
2017-02-26 22:00:00,25.187086,1,0
2017-02-26 23:00:00,24.909128,1,0
2017-02-27 00:00:00,24.570707,0,0
2017-02-27 01:00:00,24.17911,0,0
2017-02-27 02:00:00,23.868593,0,0
2017-02-27 03:00:00,23.639229,0,0
2017-02-27 04:00:00,23.596104,0,0
2017-02-27 05:00:00,23.560308,0,0
2017-02-27 06:00:00,23.83484,0,0
2017-02-27 07:00:00,24.906038,0,0
2017-02-27 08:00:00,26.435093,0,0
2017-02-27 09:00:00,28.49214,0,0
2017-02-27 10:00:00,29.9483,0,0
2017-02-27 11:00:00,31.410667,0,0
2017-02-27 12:00:00,31.54876,0,0
2017-02-27 13:00:00,31.961843,0,0
2017-02-27 14:00:00,32.10189,0,0
2017-02-27 15:00:00,31.616022,0,0
2017-02-27 16:00:00,30.689997,0,0
2017-02-27 17:00:00,29.4623,0,0
2017-02-27 18:00:00,28.253452,0,0
2017-02-27 19:00:00,26.812212,0,0
2017-02-27 20:00:00,26.224854,0,0
2017-02-27 21:00:00,25.86583,0,0
2017-02-27 22:00:00,25.54118,0,0
2017-02-27 23:00:00,25.22423,0,0
2017-02-28 00:00:00,25.057096,0,1
2017-02-28 01:00:00,24.88063,0,1
2017-02-28 02:00:00,24.83584,0,1
2017-02-28 03:00:00,24.381224,0,1
2017-02-28 04:00:00,24.680079,0,1
2017-02-28 05:00:00,24.670008,0,1
2017-02-28 06:00:00,24.523987,0,1
2017-02-28 07:00:00,24.67484,0,1
2017-02-28 08:00:00,26.13817,0,1
2017-02-28 09:00:00,28.090237,0,1
2017-02-28 10:00:00,29.857439,0,1
2017-02-28 11:00:00,30.955488,0,1
2017-02-28 12:00:00,31.420868,0,1
2017-02-28 13:00:00,32.196896,0,1
2017-02-28 14:00:00,31.342878,0,1
2017-02-28 15:00:00,31.030647,0,1
2017-02-28 16:00:00,30.516678,0,1
2017-02-28 17:00:00,29.71494,0,1
2017-02-28 18:00:00,28.430004,0,1
2017-02-28 19:00:00,27.624844,0,1
2017-02-28 20:00:00,26.679897,0,1
2017-02-28 21:00:00,26.0928,0,1
2017-02-28 22:00:00,25.336231,0,1
2017-02-28 23:00:00,25.128355,0,1
2017-03-01 00:00:00,24.876831,0,0
2017-03-01 01:00:00,24.51196,0,0
2017-03-01 02:00:00,24.187279,0,0
2017-03-01 03:00:00,24.233593,0,0
2017-03-01 04:00:00,24.039066,0,0
2017-03-01 05:00:00,23.818954,0,0
2017-03-01 06:00:00,23.82457,0,0
2017-03-01 07:00:00,24.490034,0,0
2017-03-01 08:00:00,26.34567,0,0
2017-03-01 09:00:00,28.610086,0,0
2017-03-01 10:00:00,30.12491,0,0
2017-03-01 11:00:00,31.445087,0,0
2017-03-01 12:00:00,31.98043,0,0
2017-03-01 13:00:00,31.863136,0,0
2017-03-01 14:00:00,31.883808,0,0
2017-03-01 15:00:00,30.594812,0,0
2017-03-01 16:00:00,30.216036,0,0
2017-03-01 17:00:00,29.005636,0,0
2017-03-01 18:00:00,27.517162,0,0
2017-03-01 19:00:00,26.04554,0,0
2017-03-01 20:00:00,25.559166,0,0
2017-03-01 21:00:00,25.50679,0,0
2017-03-01 22:00:00,25.333893,0,0
2017-03-01 23:00:00,25.09244,0,0
2017-03-02 00:00:00,25.024492,0,0
2017-03-02 01:00:00,24.886435,0,0
2017-03-02 02:00:00,25.08781,0,0
2017-03-02 03:00:00,24.988926,0,0
2017-03-02 04:00:00,24.930525,0,0
2017-03-02 05:00:00,24.272085,0,0
2017-03-02 06:00:00,23.778519,0,0
2017-03-02 07:00:00,24.616732,0,0
2017-03-02 08:00:00,26.545118,0,0
2017-03-02 09:00:00,28.865366,0,0
2017-03-02 10:00:00,30.012417,0,0
2017-03-02 11:00:00,30.408829,0,0
2017-03-02 12:00:00,30.820423,0,0
2017-03-02 13:00:00,31.503801,0,0
2017-03-02 14:00:00,31.224844,0,0
2017-03-02 15:00:00,29.820599,0,0
2017-03-02 16:00:00,29.866589,0,0
2017-03-02 17:00:00,28.984701,0,0
2017-03-02 18:00:00,27.77828,0,0
2017-03-02 19:00:00,26.827358,0,0
2017-03-02 20:00:00,26.315027,0,0
2017-03-02 21:00:00,26.082207,0,0
2017-03-02 22:00:00,25.692772,0,0
2017-03-02 23:00:00,25.491362,0,0
2017-03-03 00:00:00,25.50448,0,0
2017-03-03 01:00:00,25.389984,0,0
2017-03-03 02:00:00,25.305973,0,0
2017-03-03 03:00:00,25.049736,0,0
2017-03-03 04:00:00,25.170351,0,0
2017-03-03 05:00:00,25.112703,0,0
2017-03-03 06:00:00,25.180147,0,0
2017-03-03 07:00:00,25.303188,0,0
2017-03-03 08:00:00,26.359312,0,0
2017-03-03 09:00:00,28.48365,0,0
2017-03-03 10:00:00,30.152899,0,0
2017-03-03 11:00:00,31.220392,0,0
2017-03-03 12:00:00,31.761272,0,0
2017-03-03 13:00:00,31.075962,0,0
2017-03-03 14:00:00,31.2889,0,0
2017-03-03 15:00:00,31.627522,0,0
2017-03-03 16:00:00,30.52503,0,0
2017-03-03 17:00:00,29.842995,0,0
2017-03-03 18:00:00,28.109022,0,0
2017-03-03 19:00:00,27.294083,0,0
2017-03-03 20:00:00,26.670334,0,0
2017-03-03 21:00:00,26.32012,0,0
2017-03-03 22:00:00,26.033108,0,0
2017-03-03 23:00:00,25.600842,0,0
2017-03-04 00:00:00,25.660213,1,0
2017-03-04 01:00:00,25.603043,1,0
2017-03-04 02:00:00,25.544905,1,0
2017-03-04 03:00:00,25.584717,1,0
2017-03-04 04:00:00,24.993526,1,0
2017-03-04 05:00:00,24.630846,1,0
2017-03-04 06:00:00,24.633186,1,0
2017-03-04 07:00:00,25.490625,1,0
2017-03-04 08:00:00,26.92225,1,0
2017-03-04 09:00:00,29.028103,1,0
2017-03-04 10:00:00,29.980316,1,0
2017-03-04 11:00:00,30.689386,1,0
2017-03-04 12:00:00,30.898788,1,0
2017-03-04 13:00:00,30.60165,1,0
2017-03-04 14:00:00,30.557304,1,0
2017-03-04 15:00:00,30.31615,1,0
2017-03-04 16:00:00,29.462397,1,0
2017-03-04 17:00:00,28.708828,1,0
2017-03-04 18:00:00,27.347197,1,0
2017-03-04 19:00:00,26.176048,1,0
2017-03-04 20:00:00,25.525982,1,0
2017-03-04 21:00:00,25.487545,1,0
2017-03-04 22:00:00,25.541967,1,0
2017-03-04 23:00:00,25.338367,1,0
2017-03-05 00:00:00,25.211494,1,0
2017-03-05 01:00:00,25.0951,1,0
2017-03-05 02:00:00,25.099262,1,0
2017-03-05 03:00:00,24.879936,1,0
2017-03-05 04:00:00,24.62622,1,0
2017-03-05 05:00:00,24.45154,1,0
2017-03-05 06:00:00,24.708893,1,0
2017-03-05 07:00:00,24.754564,1,0
2017-03-05 08:00:00,26.366034,1,0
2017-03-05 09:00:00,28.10932,1,0
2017-03-05 10:00:00,29.315742,1,0
2017-03-05 11:00:00,30.072313,1,0
2017-03-05 12:00:00,30.51242,1,0
2017-03-05 13:00:00,30.297354,1,0
2017-03-05 14:00:00,30.236904,1,0
2017-03-05 15:00:00,29.688835,1,0
2017-03-05 16:00:00,28.712975,1,0
2017-03-05 17:00:00,28.213871,1,0
2017-03-05 18:00:00,27.262283,1,0
2017-03-05 19:00:00,26.740105,1,0
2017-03-05 20:00:00,26.393723,1,0
2017-03-05 21:00:00,26.07659,1,0
2017-03-05 22:00:00,25.916338,1,0
2017-03-05 23:00:00,25.83173,1,0
2017-03-06 00:00:00,25.640133,0,0
2017-03-06 01:00:00,25.540016,0,0
2017-03-06 02:00:00,25.403742,0,0
2017-03-06 03:00:00,25.550026,0,0
2017-03-06 04:00:00,25.313929,0,0
2017-03-06 05:00:00,25.126162,0,0
2017-03-06 06:00:00,24.68497,0,0
2017-03-06 07:00:00,25.177307,0,0
2017-03-06 08:00:00,27.0431,0,0
2017-03-06 09:00:00,28.722649,0,0
2017-03-06 10:00:00,30.135952,0,0
2017-03-06 11:00:00,31.364676,0,0
2017-03-06 12:00:00,31.484001,0,0
2017-03-06 13:00:00,31.238338,0,0
2017-03-06 14:00:00,31.229008,0,0
2017-03-06 15:00:00,30.928268,0,0
2017-03-06 16:00:00,30.31038,0,0
2017-03-06 17:00:00,29.099125,0,0
2017-03-06 18:00:00,28.20003,0,0
2017-03-06 19:00:00,27.437107,0,0
2017-03-06 20:00:00,26.761457,0,0
2017-03-06 21:00:00,26.309082,0,0
2017-03-06 22:00:00,26.124853,0,0
2017-03-06 23:00:00,25.95612,0,0
2017-03-07 00:00:00,25.824446,0,0
2017-03-07 01:00:00,25.574966,0,0
2017-03-07 02:00:00,25.23478,0,0
2017-03-07 03:00:00,25.00705,0,0
2017-03-07 04:00:00,24.858837,0,0
2017-03-07 05:00:00,24.641918,0,0
2017-03-07 06:00:00,24.477684,0,0
2017-03-07 07:00:00,25.511066,0,0
2017-03-07 08:00:00,26.98046,0,0
2017-03-07 09:00:00,28.810516,0,0
2017-03-07 10:00:00,29.904259,0,0
2017-03-07 11:00:00,30.506813,0,0
2017-03-07 12:00:00,31.367588,0,0
2017-03-07 13:00:00,31.61309,0,0
2017-03-07 14:00:00,31.269936,0,0
2017-03-07 15:00:00,30.829676,0,0
2017-03-07 16:00:00,30.438454,0,0
2017-03-07 17:00:00,29.418015,0,0
2017-03-07 18:00:00,28.21564,0,0
2017-03-07 19:00:00,27.059477,0,0
2017-03-07 20:00:00,26.362717,0,0
2017-03-07 21:00:00,26.119713,0,0
2017-03-07 22:00:00,25.861456,0,0
2017-03-07 23:00:00,25.485397,0,0
2017-03-08 00:00:00,25.109604,0,0
2017-03-08 01:00:00,25.02207,0,0
2017-03-08 02:00:00,25.014782,0,0
2017-03-08 03:00:00,25.423744,0,0
2017-03-08 04:00:00,25.36839,0,0
2017-03-08 05:00:00,25.118797,0,0
2017-03-08 06:00:00,25.125937,0,0
2017-03-08 07:00:00,25.21449,0,0
2017-03-08 08:00:00,26.636784,0,0
2017-03-08 09:00:00,28.422865,0,0
2017-03-08 10:00:00,30.322262,0,0
2017-03-08 11:00:00,30.809013,0,0
2017-03-08 12:00:00,31.169556,0,0
2017-03-08 13:00:00,30.001633,0,0
2017-03-08 14:00:00,29.810888,0,0
2017-03-08 15:00:00,29.698673,0,0
2017-03-08 16:00:00,29.627707,0,0
2017-03-08 17:00:00,29.063473,0,0
2017-03-08 18:00:00,27.908052,0,0
2017-03-08 19:00:00,26.928095,0,0
2017-03-08 20:00:00,26.362488,0,0
2017-03-08 21:00:00,26.089592,0,0
2017-03-08 22:00:00,25.537739,0,0
2017-03-08 23:00:00,25.47005,0,0
2017-03-09 00:00:00,25.35831,0,0
2017-03-09 01:00:00,25.088345,0,0
2017-03-09 02:00:00,24.612959,0,0
2017-03-09 03:00:00,24.969398,0,0
2017-03-09 04:00:00,24.786203,0,0
2017-03-09 05:00:00,24.726686,0,0
2017-03-09 06:00:00,24.575571,0,0
2017-03-09 07:00:00,24.821737,0,0
2017-03-09 08:00:00,27.029015,0,0
2017-03-09 09:00:00,29.340305,0,0
2017-03-09 10:00:00,30.604607,0,0
2017-03-09 11:00:00,31.436115,0,0
2017-03-09 12:00:00,30.533684,0,0
2017-03-09 13:00:00,30.759335,0,0
2017-03-09 14:00:00,30.074644,0,0
2017-03-09 15:00:00,30.262691,0,0
2017-03-09 16:00:00,29.919685,0,0
2017-03-09 17:00:00,29.373371,0,0
2017-03-09 18:00:00,28.296196,0,0
2017-03-09 19:00:00,26.911407,0,0
2017-03-09 20:00:00,25.91825,0,0
2017-03-09 21:00:00,25.483053,0,0
2017-03-09 22:00:00,25.549942,0,0
2017-03-09 23:00:00,25.367266,0,0
2017-03-10 00:00:00,25.076193,0,0
2017-03-10 01:00:00,24.586523,0,0
2017-03-10 02:00:00,24.564743,0,0
2017-03-10 03:00:00,24.17493,0,0
2017-03-10 04:00:00,24.23764,0,0
2017-03-10 05:00:00,24.078093,0,0
2017-03-10 06:00:00,23.928646,0,0
2017-03-10 07:00:00,24.56296,0,0
2017-03-10 08:00:00,26.338821,0,0
2017-03-10 09:00:00,28.517063,0,0
2017-03-10 10:00:00,30.149544,0,0
2017-03-10 11:00:00,30.765327,0,0
2017-03-10 12:00:00,31.438816,0,0
2017-03-10 13:00:00,30.697655,0,0
2017-03-10 14:00:00,31.293648,0,0
2017-03-10 15:00:00,30.518753,0,0
2017-03-10 16:00:00,29.86459,0,0
2017-03-10 17:00:00,29.193481,0,0
2017-03-10 18:00:00,27.830917,0,0
2017-03-10 19:00:00,27.517471,0,0
2017-03-10 20:00:00,26.484352,0,0
2017-03-10 21:00:00,25.809704,0,0
2017-03-10 22:00:00,25.48212,0,0
2017-03-10 23:00:00,25.294472,0,0
2017-03-11 00:00:00,25.11165,1,0
2017-03-11 01:00:00,24.850725,1,0
2017-03-11 02:00:00,24.72043,1,0
2017-03-11 03:00:00,24.565598,1,0
2017-03-11 04:00:00,24.665453,1,0
2017-03-11 05:00:00,24.674116,1,0
2017-03-11 06:00:00,24.849026,1,0
2017-03-11 07:00:00,24.924969,1,0
2017-03-11 08:00:00,26.62299,1,0
2017-03-11 09:00:00,28.583052,1,0
2017-03-11 10:00:00,29.75382,1,0
2017-03-11 11:00:00,30.578384,1,0
2017-03-11 12:00:00,30.878416,1,0
2017-03-11 13:00:00,30.707535,1,0
2017-03-11 14:00:00,30.106178,1,0
2017-03-11 15:00:00,30.17138,1,0
2017-03-11 16:00:00,29.373426,1,0
2017-03-11 17:00:00,28.655275,1,0
2017-03-11 18:00:00,27.964085,1,0
2017-03-11 19:00:00,27.255762,1,0
2017-03-11 20:00:00,26.326801,1,0
2017-03-11 21:00:00,25.8799,1,0
2017-03-11 22:00:00,25.681423,1,0
2017-03-11 23:00:00,25.43827,1,0
2017-03-12 00:00:00,25.244032,1,0
2017-03-12 01:00:00,24.884516,1,0
2017-03-12 02:00:00,25.05024,1,0
2017-03-12 03:00:00,24.820728,1,0
2017-03-12 04:00:00,25.07322,1,0
2017-03-12 05:00:00,25.01813,1,0
2017-03-12 06:00:00,24.848202,1,0
2017-03-12 07:00:00,24.778538,1,0
2017-03-12 08:00:00,26.185814,1,0
2017-03-12 09:00:00,28.009254,1,0
2017-03-12 10:00:00,29.68274,1,0
2017-03-12 11:00:00,30.681314,1,0
2017-03-12 12:00:00,31.604654,1,0
2017-03-12 13:00:00,30.466967,1,0
2017-03-12 14:00:00,30.216984,1,0
2017-03-12 15:00:00,30.510784,1,0
2017-03-12 16:00:00,28.967722,1,0
2017-03-12 17:00:00,28.812744,1,0
2017-03-12 18:00:00,28.010893,1,0
2017-03-12 19:00:00,27.43272,1,0
2017-03-12 20:00:00,26.633652,1,0
2017-03-12 21:00:00,25.798223,1,0
2017-03-12 22:00:00,25.422167,1,0
2017-03-12 23:00:00,25.107672,1,0
2017-03-13 00:00:00,24.807558,0,0
2017-03-13 01:00:00,24.574852,0,0
2017-03-13 02:00:00,24.471542,0,0
2017-03-13 03:00:00,24.724037,0,0
2017-03-13 04:00:00,24.777348,0,0
2017-03-13 05:00:00,24.69136,0,0
2017-03-13 06:00:00,25.157467,0,0
2017-03-13 07:00:00,25.476385,0,0
2017-03-13 08:00:00,26.8463,0,0
2017-03-13 09:00:00,28.671263,0,0
2017-03-13 10:00:00,30.09244,0,0
2017-03-13 11:00:00,31.564997,0,0
2017-03-13 12:00:00,32.070496,0,0
2017-03-13 13:00:00,32.115044,0,0
2017-03-13 14:00:00,31.315355,0,0
2017-03-13 15:00:00,30.964237,0,0
2017-03-13 16:00:00,30.633942,0,0
2017-03-13 17:00:00,29.621262,0,0
2017-03-13 18:00:00,28.638735,0,0
2017-03-13 19:00:00,27.74376,0,0
2017-03-13 20:00:00,26.971418,0,0
2017-03-13 21:00:00,26.299223,0,0
2017-03-13 22:00:00,25.623314,0,0
2017-03-13 23:00:00,25.373837,0,0
2017-03-14 00:00:00,25.111095,0,0
2017-03-14 01:00:00,24.97392,0,0
2017-03-14 02:00:00,25.296524,0,0
2017-03-14 03:00:00,25.402847,0,0
2017-03-14 04:00:00,25.175152,0,0
2017-03-14 05:00:00,24.649164,0,0
2017-03-14 06:00:00,24.554518,0,0
2017-03-14 07:00:00,25.281292,0,0
2017-03-14 08:00:00,26.886045,0,0
2017-03-14 09:00:00,28.923164,0,0
2017-03-14 10:00:00,29.713076,0,0
2017-03-14 11:00:00,29.824291,0,0
2017-03-14 12:00:00,29.986555,0,0
2017-03-14 13:00:00,30.592634,0,0
2017-03-14 14:00:00,29.34319,0,0
2017-03-14 15:00:00,29.986311,0,0
2017-03-14 16:00:00,28.289959,0,0
2017-03-14 17:00:00,28.500414,0,0
2017-03-14 18:00:00,27.669933,0,0
2017-03-14 19:00:00,26.989744,0,0
2017-03-14 20:00:00,26.43049,0,0
2017-03-14 21:00:00,26.011194,0,0
2017-03-14 22:00:00,25.716957,0,0
2017-03-14 23:00:00,25.530714,0,0
2017-03-15 00:00:00,25.299156,0,0
2017-03-15 01:00:00,25.108196,0,0
2017-03-15 02:00:00,25.03923,0,0
2017-03-15 03:00:00,24.830208,0,0
2017-03-15 04:00:00,24.718906,0,0
2017-03-15 05:00:00,24.530615,0,0
2017-03-15 06:00:00,24.793034,0,0
2017-03-15 07:00:00,25.404858,0,0
2017-03-15 08:00:00,26.761541,0,0
2017-03-15 09:00:00,28.281054,0,0
2017-03-15 10:00:00,29.469963,0,0
2017-03-15 11:00:00,30.635195,0,0
2017-03-15 12:00:00,31.811583,0,0
2017-03-15 13:00:00,32.401985,0,0
2017-03-15 14:00:00,31.71296,0,0
2017-03-15 15:00:00,31.649843,0,0
2017-03-15 16:00:00,30.527794,0,0
2017-03-15 17:00:00,29.382002,0,0
2017-03-15 18:00:00,28.015392,0,0
2017-03-15 19:00:00,26.840675,0,0
2017-03-15 20:00:00,26.138561,0,0
2017-03-15 21:00:00,25.776114,0,0
2017-03-15 22:00:00,25.487087,0,0
2017-03-15 23:00:00,25.2759,0,0
2017-03-16 00:00:00,25.019285,0,0
2017-03-16 01:00:00,24.798912,0,0
2017-03-16 02:00:00,24.497978,0,0
2017-03-16 03:00:00,24.304857,0,0
2017-03-16 04:00:00,24.412666,0,0
2017-03-16 05:00:00,24.284971,0,0
2017-03-16 06:00:00,24.331139,0,0
2017-03-16 07:00:00,24.981699,0,0
2017-03-16 08:00:00,26.694216,0,0
2017-03-16 09:00:00,28.302162,0,0
2017-03-16 10:00:00,29.855865,0,0
2017-03-16 11:00:00,31.104559,0,0
2017-03-16 12:00:00,31.915892,0,0
2017-03-16 13:00:00,32.12988,0,0
2017-03-16 14:00:00,32.09334,0,0
2017-03-16 15:00:00,32.029064,0,0
2017-03-16 16:00:00,30.828993,0,0
2017-03-16 17:00:00,29.724834,0,0
2017-03-16 18:00:00,28.604013,0,0
2017-03-16 19:00:00,26.671858,0,0
2017-03-16 20:00:00,25.758703,0,0
2017-03-16 21:00:00,25.374914,0,0
2017-03-16 22:00:00,25.165512,0,0
2017-03-16 23:00:00,24.987377,0,0
2017-03-17 00:00:00,24.850103,0,0
2017-03-17 01:00:00,24.703035,0,0
2017-03-17 02:00:00,24.444897,0,0
2017-03-17 03:00:00,24.396942,0,0
2017-03-17 04:00:00,24.315384,0,0
2017-03-17 05:00:00,24.061222,0,0
2017-03-17 06:00:00,23.84011,0,0
2017-03-17 07:00:00,24.61383,0,0
2017-03-17 08:00:00,26.634224,0,0
2017-03-17 09:00:00,28.733574,0,0
2017-03-17 10:00:00,30.323929,0,0
2017-03-17 11:00:00,31.197973,0,0
2017-03-17 12:00:00,32.39711,0,0
2017-03-17 13:00:00,32.10572,0,0
2017-03-17 14:00:00,31.03446,0,0
2017-03-17 15:00:00,31.719528,0,0
2017-03-17 16:00:00,30.895517,0,0
2017-03-17 17:00:00,29.918722,0,0
2017-03-17 18:00:00,28.246168,0,0
2017-03-17 19:00:00,27.014717,0,0
2017-03-17 20:00:00,26.193392,0,0
2017-03-17 21:00:00,25.685284,0,0
2017-03-17 22:00:00,25.451872,0,0
2017-03-17 23:00:00,25.358227,0,0
2017-03-18 00:00:00,25.003033,1,0
2017-03-18 01:00:00,24.788017,1,0
2017-03-18 02:00:00,24.6343,1,0
2017-03-18 03:00:00,24.753595,1,0
2017-03-18 04:00:00,24.452744,1,0
2017-03-18 05:00:00,24.53404,1,0
2017-03-18 06:00:00,24.29727,1,0
2017-03-18 07:00:00,24.804264,1,0
2017-03-18 08:00:00,26.832914,1,0
2017-03-18 09:00:00,28.957518,1,0
2017-03-18 10:00:00,30.772932,1,0
2017-03-18 11:00:00,32.024143,1,0
2017-03-18 12:00:00,32.568527,1,0
2017-03-18 13:00:00,32.66484,1,0
2017-03-18 14:00:00,32.360535,1,0
2017-03-18 15:00:00,32.218643,1,0
2017-03-18 16:00:00,31.184593,1,0
2017-03-18 17:00:00,29.887718,1,0
2017-03-18 18:00:00,28.213263,1,0
2017-03-18 19:00:00,26.533352,1,0
2017-03-18 20:00:00,25.653164,1,0
2017-03-18 21:00:00,25.443647,1,0
2017-03-18 22:00:00,25.333984,1,0
2017-03-18 23:00:00,25.119753,1,0
2017-03-19 00:00:00,24.9821,1,0
2017-03-19 01:00:00,24.675486,1,0
2017-03-19 02:00:00,24.385527,1,0
2017-03-19 03:00:00,24.297642,1,0
2017-03-19 04:00:00,24.072815,1,0
2017-03-19 05:00:00,23.992403,1,0
2017-03-19 06:00:00,23.854229,1,0
2017-03-19 07:00:00,24.580286,1,0
2017-03-19 08:00:00,26.545177,1,0
2017-03-19 09:00:00,28.843122,1,0
2017-03-19 10:00:00,30.566345,1,0
2017-03-19 11:00:00,31.730907,1,0
2017-03-19 12:00:00,32.440044,1,0
2017-03-19 13:00:00,33.168594,1,0
2017-03-19 14:00:00,32.955772,1,0
2017-03-19 15:00:00,32.125027,1,0
2017-03-19 16:00:00,31.37886,1,0
2017-03-19 17:00:00,30.04024,1,0
2017-03-19 18:00:00,28.107906,1,0
2017-03-19 19:00:00,26.508656,1,0
2017-03-19 20:00:00,25.375912,1,0
2017-03-19 21:00:00,25.060188,1,0
2017-03-19 22:00:00,24.862234,1,0
2017-03-19 23:00:00,24.506994,1,0
2017-03-20 00:00:00,24.24581,0,0
2017-03-20 01:00:00,24.068085,0,0
2017-03-20 02:00:00,23.642548,0,0
2017-03-20 03:00:00,23.384819,0,0
2017-03-20 04:00:00,23.516415,0,0
2017-03-20 05:00:00,23.523554,0,0
2017-03-20 06:00:00,23.267677,0,0
2017-03-20 07:00:00,24.397419,0,0
2017-03-20 08:00:00,26.055365,0,0
2017-03-20 09:00:00,27.656055,0,0
2017-03-20 10:00:00,28.95745,0,0
2017-03-20 11:00:00,30.527815,0,0
2017-03-20 12:00:00,31.798252,0,0
2017-03-20 13:00:00,32.38011,0,0
2017-03-20 14:00:00,32.21804,0,0
2017-03-20 15:00:00,32.116486,0,0
2017-03-20 16:00:00,31.64623,0,0
2017-03-20 17:00:00,30.179394,0,0
2017-03-20 18:00:00,28.353151,0,0
2017-03-20 19:00:00,27.243761,0,0
2017-03-20 20:00:00,26.008886,0,0
2017-03-20 21:00:00,25.360373,0,0
2017-03-20 22:00:00,24.977959,0,0
2017-03-20 23:00:00,24.15462,0,0
2017-03-21 00:00:00,23.91035,0,0
2017-03-21 01:00:00,23.583624,0,0
2017-03-21 02:00:00,23.383623,0,0
2017-03-21 03:00:00,23.3737,0,0
2017-03-21 04:00:00,23.282099,0,0
2017-03-21 05:00:00,23.259829,0,0
2017-03-21 06:00:00,23.206898,0,0
2017-03-21 07:00:00,24.464075,0,0
2017-03-21 08:00:00,26.403353,0,0
2017-03-21 09:00:00,28.524717,0,0
2017-03-21 10:00:00,29.965416,0,0
2017-03-21 11:00:00,31.44016,0,0
2017-03-21 12:00:00,32.64444,0,0
2017-03-21 13:00:00,32.903305,0,0
2017-03-21 14:00:00,32.9855,0,0
2017-03-21 15:00:00,33.133568,0,0
2017-03-21 16:00:00,32.262867,0,0
2017-03-21 17:00:00,30.594244,0,0
2017-03-21 18:00:00,28.590929,0,0
2017-03-21 19:00:00,27.30517,0,0
2017-03-21 20:00:00,25.96168,0,0
2017-03-21 21:00:00,25.533985,0,0
2017-03-21 22:00:00,25.432055,0,0
2017-03-21 23:00:00,25.21399,0,0
2017-03-22 00:00:00,25.0389,0,0
2017-03-22 01:00:00,24.7444,0,0
2017-03-22 02:00:00,24.43957,0,0
2017-03-22 03:00:00,24.277122,0,0
2017-03-22 04:00:00,24.222029,0,0
2017-03-22 05:00:00,24.259651,0,0
2017-03-22 06:00:00,24.088165,0,0
2017-03-22 07:00:00,25.156229,0,0
2017-03-22 08:00:00,27.124321,0,0
2017-03-22 09:00:00,28.992712,0,0
2017-03-22 10:00:00,30.724524,0,0
2017-03-22 11:00:00,31.961058,0,0
2017-03-22 12:00:00,33.218117,0,0
2017-03-22 13:00:00,33.17842,0,0
2017-03-22 14:00:00,33.466274,0,0
2017-03-22 15:00:00,32.683483,0,0
2017-03-22 16:00:00,31.331778,0,0
2017-03-22 17:00:00,30.069622,0,0
2017-03-22 18:00:00,28.326464,0,0
2017-03-22 19:00:00,27.088514,0,0
2017-03-22 20:00:00,26.078289,0,0
2017-03-22 21:00:00,25.522867,0,0
2017-03-22 22:00:00,25.410044,0,0
2017-03-22 23:00:00,25.27046,0,0
2017-03-23 00:00:00,25.09578,0,0
2017-03-23 01:00:00,24.888165,0,0
2017-03-23 02:00:00,24.741472,0,0
2017-03-23 03:00:00,24.645042,0,0
2017-03-23 04:00:00,24.60649,0,0
2017-03-23 05:00:00,24.407011,0,0
2017-03-23 06:00:00,24.33538,0,0
2017-03-23 07:00:00,25.07716,0,0
2017-03-23 08:00:00,26.663618,0,0
2017-03-23 09:00:00,28.517588,0,0
2017-03-23 10:00:00,30.541372,0,0
2017-03-23 11:00:00,31.629616,0,0
2017-03-23 12:00:00,32.133038,0,0
2017-03-23 13:00:00,32.027916,0,0
2017-03-23 14:00:00,32.16339,0,0
2017-03-23 15:00:00,31.690495,0,0
2017-03-23 16:00:00,30.858345,0,0
2017-03-23 17:00:00,29.537706,0,0
2017-03-23 18:00:00,28.232052,0,0
2017-03-23 19:00:00,27.350718,0,0
2017-03-23 20:00:00,26.408525,0,0
2017-03-23 21:00:00,25.98897,0,0
2017-03-23 22:00:00,25.700203,0,0
2017-03-23 23:00:00,25.523476,0,0
2017-03-24 00:00:00,25.187756,0,0
2017-03-24 01:00:00,24.946157,0,0
2017-03-24 02:00:00,24.614628,0,0
2017-03-24 03:00:00,24.476715,0,0
2017-03-24 04:00:00,24.563221,0,0
2017-03-24 05:00:00,24.834448,0,0
2017-03-24 06:00:00,24.921593,0,0
2017-03-24 07:00:00,25.420137,0,0
2017-03-24 08:00:00,26.973135,0,0
2017-03-24 09:00:00,28.828629,0,0
2017-03-24 10:00:00,30.130741,0,0
2017-03-24 11:00:00,31.25768,0,0
2017-03-24 12:00:00,31.711874,0,0
2017-03-24 13:00:00,32.413418,0,0
2017-03-24 14:00:00,32.10805,0,0
2017-03-24 15:00:00,31.997227,0,0
2017-03-24 16:00:00,31.318125,0,0
2017-03-24 17:00:00,30.24069,0,0
2017-03-24 18:00:00,28.733513,0,0
2017-03-24 19:00:00,27.49697,0,0
2017-03-24 20:00:00,26.523514,0,0
2017-03-24 21:00:00,26.020874,0,0
2017-03-24 22:00:00,25.728275,0,0
2017-03-24 23:00:00,25.513288,0,0
2017-03-25 00:00:00,25.355148,1,0
2017-03-25 01:00:00,25.144604,1,0
2017-03-25 02:00:00,24.87133,1,0
2017-03-25 03:00:00,24.86609,1,0
2017-03-25 04:00:00,24.90081,1,0
2017-03-25 05:00:00,24.88234,1,0
2017-03-25 06:00:00,24.639364,1,0
2017-03-25 07:00:00,25.59405,1,0
2017-03-25 08:00:00,27.06652,1,0
2017-03-25 09:00:00,28.713493,1,0
2017-03-25 10:00:00,29.927725,1,0
2017-03-25 11:00:00,30.753736,1,0
2017-03-25 12:00:00,30.620829,1,0
2017-03-25 13:00:00,31.23957,1,0
2017-03-25 14:00:00,31.42777,1,0
2017-03-25 15:00:00,30.95019,1,0
2017-03-25 16:00:00,30.285727,1,0
2017-03-25 17:00:00,29.18338,1,0
2017-03-25 18:00:00,27.883457,1,0
2017-03-25 19:00:00,26.4477,1,0
2017-03-25 20:00:00,25.916956,1,0
2017-03-25 21:00:00,25.765814,1,0
2017-03-25 22:00:00,25.687183,1,0
2017-03-25 23:00:00,25.41455,1,0
2017-03-26 00:00:00,25.223476,1,0
2017-03-26 01:00:00,25.133778,1,0
2017-03-26 02:00:00,25.197128,1,0
2017-03-26 03:00:00,24.996717,1,0
2017-03-26 04:00:00,24.926346,1,0
2017-03-26 05:00:00,24.718613,1,0
2017-03-26 06:00:00,24.661736,1,0
2017-03-26 07:00:00,25.363522,1,0
2017-03-26 08:00:00,26.78886,1,0
2017-03-26 09:00:00,28.714724,1,0
2017-03-26 10:00:00,30.42788,1,0
2017-03-26 11:00:00,31.208176,1,0
2017-03-26 12:00:00,31.807768,1,0
2017-03-26 13:00:00,31.929342,1,0
2017-03-26 14:00:00,31.539265,1,0
2017-03-26 15:00:00,31.591,1,0
2017-03-26 16:00:00,30.58098,1,0
2017-03-26 17:00:00,29.637905,1,0
2017-03-26 18:00:00,28.839722,1,0
2017-03-26 19:00:00,26.897524,1,0
2017-03-26 20:00:00,26.546,1,0
2017-03-26 21:00:00,25.850792,1,0
2017-03-26 22:00:00,25.541279,1,0
2017-03-26 23:00:00,25.356556,1,0
2017-03-27 00:00:00,25.025406,0,0
2017-03-27 01:00:00,24.878714,0,0
2017-03-27 02:00:00,24.53407,0,0
2017-03-27 03:00:00,24.460915,0,0
2017-03-27 04:00:00,24.223146,0,0
2017-03-27 05:00:00,24.078615,0,0
2017-03-27 06:00:00,23.850773,0,0
2017-03-27 07:00:00,25.075752,0,0
2017-03-27 08:00:00,26.9837,0,0
2017-03-27 09:00:00,28.904469,0,0
2017-03-27 10:00:00,30.465317,0,0
2017-03-27 11:00:00,31.041258,0,0
2017-03-27 12:00:00,30.931887,0,0
2017-03-27 13:00:00,31.127289,0,0
2017-03-27 14:00:00,30.968626,0,0
2017-03-27 15:00:00,30.849104,0,0
2017-03-27 16:00:00,30.57937,0,0
2017-03-27 17:00:00,29.922901,0,0
2017-03-27 18:00:00,28.582758,0,0
2017-03-27 19:00:00,28.040157,0,0
2017-03-27 20:00:00,26.598667,0,0
2017-03-27 21:00:00,25.939821,0,0
2017-03-27 22:00:00,25.468744,0,0
2017-03-27 23:00:00,24.934284,0,0
2017-03-28 00:00:00,24.70644,0,0
2017-03-28 01:00:00,24.402018,0,0
2017-03-28 02:00:00,24.273912,0,0
2017-03-28 03:00:00,24.07213,0,0
2017-03-28 04:00:00,23.887407,0,0
2017-03-28 05:00:00,23.735886,0,0
2017-03-28 06:00:00,23.644665,0,0
2017-03-28 07:00:00,24.54961,0,0
2017-03-28 08:00:00,26.429947,0,0
2017-03-28 09:00:00,28.315733,0,0
2017-03-28 10:00:00,30.119963,0,0
2017-03-28 11:00:00,31.155016,0,0
2017-03-28 12:00:00,31.911257,0,0
2017-03-28 13:00:00,31.981749,0,0
2017-03-28 14:00:00,32.054756,0,0
2017-03-28 15:00:00,31.854382,0,0
2017-03-28 16:00:00,31.675692,0,0
2017-03-28 17:00:00,30.08789,0,0
2017-03-28 18:00:00,28.753983,0,0
2017-03-28 19:00:00,27.892204,0,0
2017-03-28 20:00:00,26.604023,0,0
2017-03-28 21:00:00,25.991608,0,0
2017-03-28 22:00:00,25.620644,0,0
2017-03-28 23:00:00,25.24968,0,0
2017-03-29 00:00:00,24.680386,0,0
2017-03-29 01:00:00,24.573128,0,0
2017-03-29 02:00:00,24.305325,0,0
2017-03-29 03:00:00,24.098856,0,0
2017-03-29 04:00:00,23.89581,0,0
2017-03-29 05:00:00,23.696596,0,0
2017-03-29 06:00:00,23.420391,0,0
2017-03-29 07:00:00,24.509012,0,0
2017-03-29 08:00:00,26.582874,0,0
2017-03-29 09:00:00,28.508001,0,0
2017-03-29 10:00:00,30.16911,0,0
2017-03-29 11:00:00,31.48926,0,0
2017-03-29 12:00:00,31.99725,0,0
2017-03-29 13:00:00,32.191864,0,0
2017-03-29 14:00:00,32.325768,0,0
2017-03-29 15:00:00,32.43131,0,0
2017-03-29 16:00:00,31.685402,0,0
2017-03-29 17:00:00,30.889236,0,0
2017-03-29 18:00:00,29.318972,0,0
2017-03-29 19:00:00,28.12426,0,0
2017-03-29 20:00:00,26.955519,0,0
2017-03-29 21:00:00,26.02849,0,0
2017-03-29 22:00:00,25.38923,0,0
2017-03-29 23:00:00,24.971167,0,0
2017-03-30 00:00:00,24.661911,0,0
2017-03-30 01:00:00,24.362436,0,0
2017-03-30 02:00:00,24.080645,0,0
2017-03-30 03:00:00,23.895664,0,0
2017-03-30 04:00:00,23.807898,0,0
2017-03-30 05:00:00,23.729382,0,0
2017-03-30 06:00:00,23.64771,0,0
2017-03-30 07:00:00,24.686232,0,0
2017-03-30 08:00:00,26.694557,0,0
2017-03-30 09:00:00,28.717226,0,0
2017-03-30 10:00:00,30.518148,0,0
2017-03-30 11:00:00,31.457146,0,0
2017-03-30 12:00:00,31.793419,0,0
2017-03-30 13:00:00,31.925177,0,0
2017-03-30 14:00:00,32.08868,0,0
2017-03-30 15:00:00,31.323103,0,0
2017-03-30 16:00:00,30.603807,0,0
2017-03-30 17:00:00,30.557055,0,0
2017-03-30 18:00:00,29.504795,0,0
2017-03-30 19:00:00,27.663742,0,0
2017-03-30 20:00:00,26.763035,0,0
2017-03-30 21:00:00,25.76935,0,0
2017-03-30 22:00:00,25.196749,0,0
2017-03-30 23:00:00,24.772884,0,0
2017-03-31 00:00:00,24.488493,0,0
2017-03-31 01:00:00,24.347416,0,0
2017-03-31 02:00:00,24.717304,0,0
2017-03-31 03:00:00,24.617828,0,0
2017-03-31 04:00:00,24.58846,0,0
2017-03-31 05:00:00,24.33237,0,0
2017-03-31 06:00:00,24.1937,0,0
2017-03-31 07:00:00,25.348242,0,0
2017-03-31 08:00:00,27.211775,0,0
2017-03-31 09:00:00,29.176191,0,0
2017-03-31 10:00:00,30.72837,0,0
2017-03-31 11:00:00,31.313646,0,0
2017-03-31 12:00:00,31.507,0,0
2017-03-31 13:00:00,31.344028,0,0
2017-03-31 14:00:00,30.418587,0,0
2017-03-31 15:00:00,29.736143,0,0
2017-03-31 16:00:00,30.16771,0,0
2017-03-31 17:00:00,29.971132,0,0
2017-03-31 18:00:00,29.117233,0,0
2017-03-31 19:00:00,27.873405,0,0
2017-03-31 20:00:00,27.063889,0,0
2017-03-31 21:00:00,26.671059,0,0
2017-03-31 22:00:00,26.173775,0,0
2017-03-31 23:00:00,25.826082,0,0
2017-04-01 00:00:00,25.615046,1,0
2017-04-01 01:00:00,25.364635,1,0
2017-04-01 02:00:00,25.193672,1,0
2017-04-01 03:00:00,24.826868,1,0
2017-04-01 04:00:00,24.74241,1,0
2017-04-01 05:00:00,24.825724,1,0
2017-04-01 06:00:00,24.808067,1,0
2017-04-01 07:00:00,25.200928,1,0
2017-04-01 08:00:00,26.374445,1,0
2017-04-01 09:00:00,27.860786,1,0
2017-04-01 10:00:00,29.062523,1,0
2017-04-01 11:00:00,30.202929,1,0
2017-04-01 12:00:00,30.382702,1,0
2017-04-01 13:00:00,27.539343,1,0
2017-04-01 14:00:00,27.424177,1,0
2017-04-01 15:00:00,28.106268,1,0
2017-04-01 16:00:00,28.983265,1,0
2017-04-01 17:00:00,28.817986,1,0
2017-04-01 18:00:00,28.154015,1,0
2017-04-01 19:00:00,26.514687,1,0
2017-04-01 20:00:00,26.15555,1,0
2017-04-01 21:00:00,26.08953,1,0
2017-04-01 22:00:00,25.809048,1,0
2017-04-01 23:00:00,25.589754,1,0
2017-04-02 00:00:00,25.410389,1,0
2017-04-02 01:00:00,25.298681,1,0
2017-04-02 02:00:00,25.18697,1,0
2017-04-02 03:00:00,25.112026,1,0
2017-04-02 04:00:00,25.05348,1,0
2017-04-02 05:00:00,24.984894,1,0
2017-04-02 06:00:00,24.864666,1,0
2017-04-02 07:00:00,25.582584,1,0
2017-04-02 08:00:00,27.417227,1,0
2017-04-02 09:00:00,28.753801,1,0
2017-04-02 10:00:00,29.484512,1,0
2017-04-02 11:00:00,29.140635,1,0
2017-04-02 12:00:00,28.9549,1,0
2017-04-02 13:00:00,29.161154,1,0
2017-04-02 14:00:00,30.18299,1,0
2017-04-02 15:00:00,30.817154,1,0
2017-04-02 16:00:00,30.792452,1,0
2017-04-02 17:00:00,28.446646,1,0
2017-04-02 18:00:00,27.218245,1,0
2017-04-02 19:00:00,27.01485,1,0
2017-04-02 20:00:00,26.418566,1,0
2017-04-02 21:00:00,26.17723,1,0
2017-04-02 22:00:00,25.843914,1,0
2017-04-02 23:00:00,25.517452,1,0
2017-04-03 00:00:00,25.37764,0,0
2017-04-03 01:00:00,25.244965,0,0
2017-04-03 02:00:00,25.107456,0,0
2017-04-03 03:00:00,25.262142,0,0
2017-04-03 04:00:00,25.311882,0,0
2017-04-03 05:00:00,25.472921,0,0
2017-04-03 06:00:00,25.46095,0,0
2017-04-03 07:00:00,25.778536,0,0
2017-04-03 08:00:00,27.357826,0,0
2017-04-03 09:00:00,29.031166,0,0
2017-04-03 10:00:00,30.50413,0,0
2017-04-03 11:00:00,31.10744,0,0
2017-04-03 12:00:00,31.301838,0,0
2017-04-03 13:00:00,29.652122,0,0
2017-04-03 14:00:00,30.8077,0,0
2017-04-03 15:00:00,30.649065,0,0
2017-04-03 16:00:00,30.689606,0,0
2017-04-03 17:00:00,29.362057,0,0
2017-04-03 18:00:00,28.940422,0,0
2017-04-03 19:00:00,28.30994,0,0
2017-04-03 20:00:00,27.634144,0,0
2017-04-03 21:00:00,26.978083,0,0
2017-04-03 22:00:00,26.43537,0,0
2017-04-03 23:00:00,26.012766,0,0
2017-04-04 00:00:00,25.705296,0,0
2017-04-04 01:00:00,25.403889,0,0
2017-04-04 02:00:00,25.214075,0,0
2017-04-04 03:00:00,25.12883,0,0
2017-04-04 04:00:00,25.351435,0,0
2017-04-04 05:00:00,25.02359,0,0
2017-04-04 06:00:00,24.855412,0,0
2017-04-04 07:00:00,25.829914,0,0
2017-04-04 08:00:00,27.492218,0,0
2017-04-04 09:00:00,29.248493,0,0
2017-04-04 10:00:00,30.090975,0,0
2017-04-04 11:00:00,30.531343,0,0
2017-04-04 12:00:00,30.902946,0,0
2017-04-04 13:00:00,31.106964,0,0
2017-04-04 14:00:00,30.994553,0,0
2017-04-04 15:00:00,29.726696,0,0
2017-04-04 16:00:00,30.43905,0,0
2017-04-04 17:00:00,29.964401,0,0
2017-04-04 18:00:00,28.67593,0,0
2017-04-04 19:00:00,27.465557,0,0
2017-04-04 20:00:00,27.348494,0,0
2017-04-04 21:00:00,27.006039,0,0
2017-04-04 22:00:00,26.62032,0,0
2017-04-04 23:00:00,26.35088,0,0
2017-04-05 00:00:00,25.95828,0,0
2017-04-05 01:00:00,25.645458,0,0
2017-04-05 02:00:00,25.543673,0,0
2017-04-05 03:00:00,25.28237,0,0
2017-04-05 04:00:00,25.092556,0,0
2017-04-05 05:00:00,25.020546,0,0
2017-04-05 06:00:00,24.962406,0,0
2017-04-05 07:00:00,26.030178,0,0
2017-04-05 08:00:00,27.615635,0,0
2017-04-05 09:00:00,29.336338,0,0
2017-04-05 10:00:00,29.92302,0,0
2017-04-05 11:00:00,30.326622,0,0
2017-04-05 12:00:00,30.94146,0,0
2017-04-05 13:00:00,30.668896,0,0
2017-04-05 14:00:00,30.37882,0,0
2017-04-05 15:00:00,30.680119,0,0
2017-04-05 16:00:00,29.904617,0,0
2017-04-05 17:00:00,30.043205,0,0
2017-04-05 18:00:00,29.532875,0,0
2017-04-05 19:00:00,28.896154,0,0
2017-04-05 20:00:00,27.81392,0,0
2017-04-05 21:00:00,27.103434,0,0
2017-04-05 22:00:00,26.7373,0,0
2017-04-05 23:00:00,26.514141,0,0
2017-04-06 00:00:00,26.31745,0,0
2017-04-06 01:00:00,26.08627,0,0
2017-04-06 02:00:00,25.835007,0,0
2017-04-06 03:00:00,25.53694,0,0
2017-04-06 04:00:00,25.564636,0,0
2017-04-06 05:00:00,25.709541,0,0
2017-04-06 06:00:00,25.672626,0,0
2017-04-06 07:00:00,26.408875,0,0
2017-04-06 08:00:00,27.846,0,0
2017-04-06 09:00:00,29.71718,0,0
2017-04-06 10:00:00,31.31353,0,0
2017-04-06 11:00:00,32.341442,0,0
2017-04-06 12:00:00,33.242886,0,0
2017-04-06 13:00:00,33.24654,0,0
2017-04-06 14:00:00,32.55535,0,0
2017-04-06 15:00:00,32.090527,0,0
2017-04-06 16:00:00,31.387774,0,0
2017-04-06 17:00:00,30.222311,0,0
2017-04-06 18:00:00,29.069555,0,0
2017-04-06 19:00:00,27.948263,0,0
2017-04-06 20:00:00,26.97633,0,0
2017-04-06 21:00:00,26.498632,0,0
2017-04-06 22:00:00,26.26072,0,0
2017-04-06 23:00:00,26.041393,0,0
2017-04-07 00:00:00,25.771805,0,0
2017-04-07 01:00:00,25.490395,0,0
2017-04-07 02:00:00,25.365335,0,0
2017-04-07 03:00:00,25.296896,0,0
2017-04-07 04:00:00,25.223621,0,0
2017-04-07 05:00:00,25.143585,0,0
2017-04-07 06:00:00,24.893848,0,0
2017-04-07 07:00:00,26.026346,0,0
2017-04-07 08:00:00,27.961464,0,0
2017-04-07 09:00:00,29.796104,0,0
2017-04-07 10:00:00,31.317806,0,0
2017-04-07 11:00:00,32.31067,0,0
2017-04-07 12:00:00,32.941063,0,0
2017-04-07 13:00:00,33.107933,0,0
2017-04-07 14:00:00,32.659355,0,0
2017-04-07 15:00:00,32.026917,0,0
2017-04-07 16:00:00,31.220823,0,0
2017-04-07 17:00:00,29.773832,0,0
2017-04-07 18:00:00,28.551754,0,0
2017-04-07 19:00:00,27.37109,0,0
2017-04-07 20:00:00,26.532469,0,0
2017-04-07 21:00:00,26.313765,0,0
2017-04-07 22:00:00,25.994701,0,0
2017-04-07 23:00:00,25.940771,0,0
2017-04-08 00:00:00,25.797647,1,0
2017-04-08 01:00:00,25.46419,1,0
2017-04-08 02:00:00,25.27947,1,0
2017-04-08 03:00:00,25.182777,1,0
2017-04-08 04:00:00,25.069805,1,0
2017-04-08 05:00:00,24.80479,1,0
2017-04-08 06:00:00,24.842703,1,0
2017-04-08 07:00:00,25.589655,1,0
2017-04-08 08:00:00,27.541693,1,0
2017-04-08 09:00:00,29.418818,1,0
2017-04-08 10:00:00,30.214348,1,0
2017-04-08 11:00:00,31.12624,1,0
2017-04-08 12:00:00,31.70675,1,0
2017-04-08 13:00:00,31.876074,1,0
2017-04-08 14:00:00,31.558636,1,0
2017-04-08 15:00:00,31.195518,1,0
2017-04-08 16:00:00,30.281694,1,0
2017-04-08 17:00:00,29.133934,1,0
2017-04-08 18:00:00,27.79964,1,0
2017-04-08 19:00:00,27.182798,1,0
2017-04-08 20:00:00,26.312618,1,0
2017-04-08 21:00:00,25.905413,1,0
2017-04-08 22:00:00,25.595749,1,0
2017-04-08 23:00:00,25.278063,1,0
2017-04-09 00:00:00,25.041441,1,0
2017-04-09 01:00:00,24.744751,1,0
2017-04-09 02:00:00,24.45546,1,0
2017-04-09 03:00:00,24.280254,1,0
2017-04-09 04:00:00,24.047321,1,0
2017-04-09 05:00:00,23.889063,1,0
2017-04-09 06:00:00,23.742258,1,0
2017-04-09 07:00:00,25.07323,1,0
2017-04-09 08:00:00,27.05214,1,0
2017-04-09 09:00:00,29.255587,1,0
2017-04-09 10:00:00,30.822454,1,0
2017-04-09 11:00:00,31.893896,1,0
2017-04-09 12:00:00,32.687084,1,0
2017-04-09 13:00:00,32.982075,1,0
2017-04-09 14:00:00,32.805843,1,0
2017-04-09 15:00:00,32.497032,1,0
2017-04-09 16:00:00,31.493397,1,0
2017-04-09 17:00:00,29.92849,1,0
2017-04-09 18:00:00,28.32362,1,0
2017-04-09 19:00:00,27.022087,1,0
2017-04-09 20:00:00,26.121527,1,0
2017-04-09 21:00:00,25.489407,1,0
2017-04-09 22:00:00,25.170345,1,0
2017-04-09 23:00:00,24.977482,1,0
2017-04-10 00:00:00,24.834953,0,0
2017-04-10 01:00:00,24.514105,0,0
2017-04-10 02:00:00,24.368675,0,0
2017-04-10 03:00:00,24.154703,0,0
2017-04-10 04:00:00,23.908535,0,0
2017-04-10 05:00:00,23.704082,0,0
2017-04-10 06:00:00,23.642372,0,0
2017-04-10 07:00:00,25.1353,0,0
2017-04-10 08:00:00,26.915848,0,0
2017-04-10 09:00:00,29.169147,0,0
2017-04-10 10:00:00,30.44966,0,0
2017-04-10 11:00:00,31.394257,0,0
2017-04-10 12:00:00,31.729269,0,0
2017-04-10 13:00:00,31.684216,0,0
2017-04-10 14:00:00,31.34378,0,0
2017-04-10 15:00:00,31.341558,0,0
2017-04-10 16:00:00,30.257654,0,0
2017-04-10 17:00:00,29.627878,0,0
2017-04-10 18:00:00,28.126057,0,0
2017-04-10 19:00:00,27.142723,0,0
2017-04-10 20:00:00,26.613209,0,0
2017-04-10 21:00:00,26.223545,0,0
2017-04-10 22:00:00,25.794178,0,0
2017-04-10 23:00:00,25.4353,0,0
2017-04-11 00:00:00,25.017414,0,0
2017-04-11 01:00:00,24.614511,0,0
2017-04-11 02:00:00,24.436262,0,0
2017-04-11 03:00:00,24.21132,0,0
2017-04-11 04:00:00,24.096043,0,0
2017-04-11 05:00:00,23.93207,0,0
2017-04-11 06:00:00,23.834263,0,0
2017-04-11 07:00:00,24.878763,0,0
2017-04-11 08:00:00,27.123657,0,0
2017-04-11 09:00:00,29.275318,0,0
2017-04-11 10:00:00,30.771439,0,0
2017-04-11 11:00:00,31.847973,0,0
2017-04-11 12:00:00,32.26815,0,0
2017-04-11 13:00:00,32.725258,0,0
2017-04-11 14:00:00,31.733448,0,0
2017-04-11 15:00:00,32.100956,0,0
2017-04-11 16:00:00,31.725492,0,0
2017-04-11 17:00:00,30.261192,0,0
2017-04-11 18:00:00,28.499968,0,0
2017-04-11 19:00:00,27.367401,0,0
2017-04-11 20:00:00,26.500532,0,0
2017-04-11 21:00:00,25.896254,0,0
2017-04-11 22:00:00,25.567383,0,0
2017-04-11 23:00:00,25.305935,0,0
2017-04-12 00:00:00,25.051918,0,0
2017-04-12 01:00:00,24.828384,0,0
2017-04-12 02:00:00,24.721243,0,0
2017-04-12 03:00:00,24.353588,0,0
2017-04-12 04:00:00,24.17036,0,0
2017-04-12 05:00:00,23.929024,0,0
2017-04-12 06:00:00,23.90282,0,0
2017-04-12 07:00:00,25.07531,0,0
2017-04-12 08:00:00,27.42366,0,0
2017-04-12 09:00:00,29.668701,0,0
2017-04-12 10:00:00,31.303226,0,0
2017-04-12 11:00:00,32.504704,0,0
2017-04-12 12:00:00,33.241276,0,0
2017-04-12 13:00:00,33.29274,0,0
2017-04-12 14:00:00,32.845196,0,0
2017-04-12 15:00:00,32.151104,0,0
2017-04-12 16:00:00,31.56129,0,0
2017-04-12 17:00:00,30.139357,0,0
2017-04-12 18:00:00,28.529772,0,0
2017-04-12 19:00:00,27.48175,0,0
2017-04-12 20:00:00,26.292131,0,0
2017-04-12 21:00:00,25.82629,0,0
2017-04-12 22:00:00,25.651756,0,0
2017-04-12 23:00:00,25.491833,0,0
2017-04-13 00:00:00,25.1786,0,0
2017-04-13 01:00:00,24.892355,0,0
2017-04-13 02:00:00,24.718935,0,0
2017-04-13 03:00:00,24.64768,0,0
2017-04-13 04:00:00,24.571068,0,0
2017-04-13 05:00:00,24.503006,0,0
2017-04-13 06:00:00,24.526833,0,0
2017-04-13 07:00:00,25.486464,0,0
2017-04-13 08:00:00,27.688532,0,0
2017-04-13 09:00:00,29.84078,0,0
2017-04-13 10:00:00,31.691294,0,0
2017-04-13 11:00:00,32.560837,0,0
2017-04-13 12:00:00,32.87726,0,0
2017-04-13 13:00:00,31.974176,0,0
2017-04-13 14:00:00,32.055817,0,0
2017-04-13 15:00:00,31.244041,0,0
2017-04-13 16:00:00,30.744946,0,0
2017-04-13 17:00:00,30.089851,0,0
2017-04-13 18:00:00,28.698067,0,0
2017-04-13 19:00:00,27.746622,0,0
2017-04-13 20:00:00,27.093132,0,0
2017-04-13 21:00:00,26.600677,0,0
2017-04-13 22:00:00,26.329159,0,0
2017-04-13 23:00:00,26.079683,0,0
2017-04-14 00:00:00,25.865715,0,1
2017-04-14 01:00:00,25.862288,0,1
2017-04-14 02:00:00,25.584545,0,1
2017-04-14 03:00:00,25.554657,0,1
2017-04-14 04:00:00,25.481731,0,1
2017-04-14 05:00:00,25.40746,0,1
2017-04-14 06:00:00,25.263453,0,1
2017-04-14 07:00:00,26.194342,0,1
2017-04-14 08:00:00,28.119942,0,1
2017-04-14 09:00:00,30.311531,0,1
2017-04-14 10:00:00,31.74568,0,1
2017-04-14 11:00:00,32.141502,0,1
2017-04-14 12:00:00,32.285378,0,1
2017-04-14 13:00:00,31.913155,0,1
2017-04-14 14:00:00,31.473309,0,1
2017-04-14 15:00:00,31.249514,0,1
2017-04-14 16:00:00,31.415648,0,1
2017-04-14 17:00:00,30.571655,0,1
2017-04-14 18:00:00,28.968685,0,1
2017-04-14 19:00:00,27.920895,0,1
2017-04-14 20:00:00,27.222857,0,1
2017-04-14 21:00:00,26.740705,0,1
2017-04-14 22:00:00,26.546585,0,1
2017-04-14 23:00:00,26.329306,0,1
2017-04-15 00:00:00,26.08147,1,0
2017-04-15 01:00:00,25.862144,1,0
2017-04-15 02:00:00,25.720139,1,0
2017-04-15 03:00:00,25.591248,1,0
2017-04-15 04:00:00,25.651665,1,0
2017-04-15 05:00:00,25.794903,1,0
2017-04-15 06:00:00,25.54405,1,0
2017-04-15 07:00:00,26.499619,1,0
2017-04-15 08:00:00,28.644283,1,0
2017-04-15 09:00:00,30.453344,1,0
2017-04-15 10:00:00,31.281546,1,0
2017-04-15 11:00:00,32.439636,1,0
2017-04-15 12:00:00,32.408253,1,0
2017-04-15 13:00:00,32.081905,1,0
2017-04-15 14:00:00,31.656605,1,0
2017-04-15 15:00:00,31.335854,1,0
2017-04-15 16:00:00,30.504114,1,0
2017-04-15 17:00:00,29.647903,1,0
2017-04-15 18:00:00,28.465525,1,0
2017-04-15 19:00:00,27.760363,1,0
2017-04-15 20:00:00,27.01981,1,0
2017-04-15 21:00:00,26.81881,1,0
2017-04-15 22:00:00,26.541084,1,0
2017-04-15 23:00:00,26.495884,1,0
2017-04-16 00:00:00,26.110163,1,0
2017-04-16 01:00:00,26.314703,1,0
2017-04-16 02:00:00,26.317604,1,0
2017-04-16 03:00:00,26.274221,1,0
2017-04-16 04:00:00,26.031244,1,0
2017-04-16 05:00:00,25.815372,1,0
2017-04-16 06:00:00,26.071846,1,0
2017-04-16 07:00:00,26.454779,1,0
2017-04-16 08:00:00,28.468933,1,0
2017-04-16 09:00:00,30.004723,1,0
2017-04-16 10:00:00,31.286201,1,0
2017-04-16 11:00:00,32.281845,1,0
2017-04-16 12:00:00,33.262474,1,0
2017-04-16 13:00:00,33.040478,1,0
2017-04-16 14:00:00,31.91442,1,0
2017-04-16 15:00:00,32.06049,1,0
2017-04-16 16:00:00,31.163568,1,0
2017-04-16 17:00:00,30.222378,1,0
2017-04-16 18:00:00,28.801968,1,0
2017-04-16 19:00:00,28.906963,1,0
2017-04-16 20:00:00,27.79343,1,0
2017-04-16 21:00:00,27.17299,1,0
2017-04-16 22:00:00,26.796932,1,0
2017-04-16 23:00:00,26.745262,1,0
2017-04-17 00:00:00,26.668274,0,0
2017-04-17 01:00:00,26.854895,0,0
2017-04-17 02:00:00,26.839092,0,0
2017-04-17 03:00:00,26.312695,0,0
2017-04-17 04:00:00,25.635927,0,0
2017-04-17 05:00:00,25.05771,0,0
2017-04-17 06:00:00,24.969643,0,0
2017-04-17 07:00:00,24.750795,0,0
2017-04-17 08:00:00,26.430521,0,0
2017-04-17 09:00:00,28.296915,0,0
2017-04-17 10:00:00,29.88369,0,0
2017-04-17 11:00:00,29.42178,0,0
2017-04-17 12:00:00,30.52621,0,0
2017-04-17 13:00:00,28.705055,0,0
2017-04-17 14:00:00,29.729858,0,0
2017-04-17 15:00:00,27.18887,0,0
2017-04-17 16:00:00,26.699764,0,0
2017-04-17 17:00:00,27.356554,0,0
2017-04-17 18:00:00,26.08432,0,0
2017-04-17 19:00:00,26.948917,0,0
2017-04-17 20:00:00,26.508842,0,0
2017-04-17 21:00:00,26.144823,0,0
2017-04-17 22:00:00,25.920622,0,0
2017-04-17 23:00:00,25.734783,0,0
2017-04-18 00:00:00,25.560251,0,0
2017-04-18 01:00:00,25.382555,0,0
2017-04-18 02:00:00,25.407759,0,0
2017-04-18 03:00:00,25.335455,0,0
2017-04-18 04:00:00,25.073746,0,0
2017-04-18 05:00:00,24.693186,0,0
2017-04-18 06:00:00,24.436531,0,0
2017-04-18 07:00:00,24.864481,0,0
2017-04-18 08:00:00,26.014027,0,0
2017-04-18 09:00:00,27.324757,0,0
2017-04-18 10:00:00,28.28635,0,0
2017-04-18 11:00:00,29.870514,0,0
2017-04-18 12:00:00,28.660156,0,0
2017-04-18 13:00:00,28.356878,0,0
2017-04-18 14:00:00,29.018576,0,0
2017-04-18 15:00:00,29.469465,0,0
2017-04-18 16:00:00,29.170105,0,0
2017-04-18 17:00:00,28.900732,0,0
2017-04-18 18:00:00,27.712957,0,0
2017-04-18 19:00:00,26.337297,0,0
2017-04-18 20:00:00,25.988232,0,0
2017-04-18 21:00:00,25.890015,0,0
2017-04-18 22:00:00,25.811766,0,0
2017-04-18 23:00:00,25.741655,0,0
2017-04-19 00:00:00,25.66883,0,0
2017-04-19 01:00:00,25.397194,0,0
2017-04-19 02:00:00,25.155071,0,0
2017-04-19 03:00:00,25.026966,0,0
2017-04-19 04:00:00,24.910686,0,0
2017-04-19 05:00:00,24.428082,0,0
2017-04-19 06:00:00,24.416042,0,0
2017-04-19 07:00:00,24.892885,0,0
2017-04-19 08:00:00,25.758263,0,0
2017-04-19 09:00:00,25.915386,0,0
2017-04-19 10:00:00,27.014378,0,0
2017-04-19 11:00:00,27.763754,0,0
2017-04-19 12:00:00,28.212318,0,0
2017-04-19 13:00:00,29.411179,0,0
2017-04-19 14:00:00,29.834682,0,0
2017-04-19 15:00:00,29.444687,0,0
2017-04-19 16:00:00,28.90554,0,0
2017-04-19 17:00:00,28.518398,0,0
2017-04-19 18:00:00,27.37126,0,0
2017-04-19 19:00:00,25.91709,0,0
2017-04-19 20:00:00,25.669691,0,0
2017-04-19 21:00:00,25.510174,0,0
2017-04-19 22:00:00,25.316452,0,0
2017-04-19 23:00:00,25.080992,0,0
2017-04-20 00:00:00,24.797533,0,0
2017-04-20 01:00:00,24.565598,0,0
2017-04-20 02:00:00,24.347273,0,0
2017-04-20 03:00:00,24.267828,0,0
2017-04-20 04:00:00,24.12972,0,0
2017-04-20 05:00:00,24.092625,0,0
2017-04-20 06:00:00,24.06969,0,0
2017-04-20 07:00:00,25.09051,0,0
2017-04-20 08:00:00,26.219584,0,0
2017-04-20 09:00:00,27.249357,0,0
2017-04-20 10:00:00,27.689316,0,0
2017-04-20 11:00:00,27.460814,0,0
2017-04-20 12:00:00,27.2221,0,0
2017-04-20 13:00:00,26.849096,0,0
2017-04-20 14:00:00,26.088232,0,0
2017-04-20 15:00:00,26.23203,0,0
2017-04-20 16:00:00,25.577015,0,0
2017-04-20 17:00:00,25.510359,0,0
2017-04-20 18:00:00,25.289986,0,0
2017-04-20 19:00:00,25.476568,0,0
2017-04-20 20:00:00,25.187347,0,0
2017-04-20 21:00:00,25.094818,0,0
2017-04-20 22:00:00,25.10445,0,0
2017-04-20 23:00:00,25.080915,0,0
2017-04-21 00:00:00,25.074154,0,0
2017-04-21 01:00:00,24.824821,0,0
2017-04-21 02:00:00,24.749619,0,0
2017-04-21 03:00:00,24.551403,0,0
2017-04-21 04:00:00,24.418468,0,0
2017-04-21 05:00:00,24.441479,0,0
2017-04-21 06:00:00,24.396572,0,0
2017-04-21 07:00:00,25.328247,0,0
2017-04-21 08:00:00,26.281845,0,0
2017-04-21 09:00:00,27.155294,0,0
2017-04-21 10:00:00,27.933168,0,0
2017-04-21 11:00:00,28.605354,0,0
2017-04-21 12:00:00,29.225323,0,0
2017-04-21 13:00:00,28.840418,0,0
2017-04-21 14:00:00,28.802996,0,0
2017-04-21 15:00:00,28.580433,0,0
2017-04-21 16:00:00,28.119253,0,0
2017-04-21 17:00:00,27.807573,0,0
2017-04-21 18:00:00,26.89218,0,0
2017-04-21 19:00:00,26.226337,0,0
2017-04-21 20:00:00,25.939161,0,0
2017-04-21 21:00:00,26.152103,0,0
2017-04-21 22:00:00,25.84865,0,0
2017-04-21 23:00:00,25.2156,0,0
2017-04-22 00:00:00,24.788494,1,0
2017-04-22 01:00:00,24.527046,1,0
2017-04-22 02:00:00,24.292326,1,0
2017-04-22 03:00:00,24.190538,1,0
2017-04-22 04:00:00,23.95708,1,0
2017-04-22 05:00:00,23.608604,1,0
2017-04-22 06:00:00,23.661911,1,0
2017-04-22 07:00:00,25.49991,1,0
2017-04-22 08:00:00,27.065928,1,0
2017-04-22 09:00:00,28.42726,1,0
2017-04-22 10:00:00,29.177814,1,0
2017-04-22 11:00:00,29.818743,1,0
2017-04-22 12:00:00,29.719528,1,0
2017-04-22 13:00:00,30.29346,1,0
2017-04-22 14:00:00,30.314016,1,0
2017-04-22 15:00:00,30.284653,1,0
2017-04-22 16:00:00,29.822058,1,0
2017-04-22 17:00:00,29.193954,1,0
2017-04-22 18:00:00,28.373842,1,0
2017-04-22 19:00:00,28.096642,1,0
2017-04-22 20:00:00,27.833998,1,0
2017-04-22 21:00:00,27.006039,1,0
2017-04-22 22:00:00,26.560612,1,0
2017-04-22 23:00:00,26.171913,1,0
2017-04-23 00:00:00,26.170834,1,0
2017-04-23 01:00:00,25.659756,1,0
2017-04-23 02:00:00,25.177006,1,0
2017-04-23 03:00:00,25.22522,1,0
2017-04-23 04:00:00,25.144215,1,0
2017-04-23 05:00:00,24.742956,1,0
2017-04-23 06:00:00,24.526152,1,0
2017-04-23 07:00:00,25.708313,1,0
2017-04-23 08:00:00,27.492624,1,0
2017-04-23 09:00:00,29.39474,1,0
2017-04-23 10:00:00,30.58113,1,0
2017-04-23 11:00:00,31.230082,1,0
2017-04-23 12:00:00,31.143234,1,0
2017-04-23 13:00:00,30.218142,1,0
2017-04-23 14:00:00,30.75517,1,0
2017-04-23 15:00:00,30.67976,1,0
2017-04-23 16:00:00,30.410793,1,0
2017-04-23 17:00:00,30.12195,1,0
2017-04-23 18:00:00,28.917671,1,0
2017-04-23 19:00:00,28.370506,1,0
2017-04-23 20:00:00,28.091993,1,0
2017-04-23 21:00:00,27.630953,1,0
2017-04-23 22:00:00,27.053516,1,0
2017-04-23 23:00:00,26.555973,1,0
2017-04-24 00:00:00,26.284748,0,0
2017-04-24 01:00:00,25.984894,0,0
2017-04-24 02:00:00,25.76062,0,0
2017-04-24 03:00:00,25.517498,0,0
2017-04-24 04:00:00,25.357574,0,0
2017-04-24 05:00:00,25.302742,0,0
2017-04-24 06:00:00,24.94118,0,0
2017-04-24 07:00:00,26.497097,0,0
2017-04-24 08:00:00,28.381739,0,0
2017-04-24 09:00:00,30.142584,0,0
2017-04-24 10:00:00,31.061386,0,0
2017-04-24 11:00:00,31.363201,0,0
2017-04-24 12:00:00,32.119003,0,0
2017-04-24 13:00:00,32.716747,0,0
2017-04-24 14:00:00,31.816301,0,0
2017-04-24 15:00:00,31.484629,0,0
2017-04-24 16:00:00,31.065302,0,0
2017-04-24 17:00:00,30.375345,0,0
2017-04-24 18:00:00,29.58096,0,0
2017-04-24 19:00:00,28.683083,0,0
2017-04-24 20:00:00,28.108435,0,0
2017-04-24 21:00:00,27.4894,0,0
2017-04-24 22:00:00,26.99007,0,0
2017-04-24 23:00:00,26.740595,0,0
2017-04-25 00:00:00,26.546803,0,0
2017-04-25 01:00:00,26.275314,0,0
2017-04-25 02:00:00,26.004944,0,0
2017-04-25 03:00:00,25.825577,0,0
2017-04-25 04:00:00,25.584911,0,0
2017-04-25 05:00:00,25.561232,0,0
2017-04-25 06:00:00,25.472939,0,0
2017-04-25 07:00:00,26.385763,0,0
2017-04-25 08:00:00,28.227613,0,0
2017-04-25 09:00:00,30.188198,0,0
2017-04-25 10:00:00,31.001053,0,0
2017-04-25 11:00:00,31.285212,0,0
2017-04-25 12:00:00,30.875319,0,0
2017-04-25 13:00:00,29.788366,0,0
2017-04-25 14:00:00,30.251278,0,0
2017-04-25 15:00:00,30.574762,0,0
2017-04-25 16:00:00,29.132769,0,0
2017-04-25 17:00:00,29.312479,0,0
2017-04-25 18:00:00,29.297909,0,0
2017-04-25 19:00:00,28.4284,0,0
2017-04-25 20:00:00,28.066952,0,0
2017-04-25 21:00:00,27.28814,0,0
2017-04-25 22:00:00,26.765274,0,0
2017-04-25 23:00:00,26.498617,0,0
2017-04-26 00:00:00,26.155905,0,0
2017-04-26 01:00:00,25.826279,0,0
2017-04-26 02:00:00,25.53137,0,0
2017-04-26 03:00:00,25.309883,0,0
2017-04-26 04:00:00,25.201483,0,0
2017-04-26 05:00:00,25.229439,0,0
2017-04-26 06:00:00,25.108807,0,0
2017-04-26 07:00:00,26.344574,0,0
2017-04-26 08:00:00,28.20111,0,0
2017-04-26 09:00:00,29.750656,0,0
2017-04-26 10:00:00,30.188046,0,0
2017-04-26 11:00:00,28.448463,0,0
2017-04-26 12:00:00,28.592623,0,0
2017-04-26 13:00:00,29.552189,0,0
2017-04-26 14:00:00,30.30893,0,0
2017-04-26 15:00:00,29.817482,0,0
2017-04-26 16:00:00,28.491863,0,0
2017-04-26 17:00:00,27.81153,0,0
2017-04-26 18:00:00,27.07227,0,0
2017-04-26 19:00:00,25.82259,0,0
2017-04-26 20:00:00,25.855642,0,0
2017-04-26 21:00:00,25.763638,0,0
2017-04-26 22:00:00,25.574678,0,0
2017-04-26 23:00:00,25.37746,0,0
2017-04-27 00:00:00,25.400812,0,0
2017-04-27 01:00:00,25.079247,0,0
2017-04-27 02:00:00,25.408512,0,0
2017-04-27 03:00:00,25.164276,0,0
2017-04-27 04:00:00,24.7213,0,0
2017-04-27 05:00:00,24.62944,0,0
2017-04-27 06:00:00,24.501072,0,0
2017-04-27 07:00:00,25.475868,0,0
2017-04-27 08:00:00,27.174414,0,0
2017-04-27 09:00:00,28.5808,0,0
2017-04-27 10:00:00,29.372574,0,0
2017-04-27 11:00:00,29.886953,0,0
2017-04-27 12:00:00,29.725456,0,0
2017-04-27 13:00:00,30.321827,0,0
2017-04-27 14:00:00,29.856401,0,0
2017-04-27 15:00:00,29.363657,0,0
2017-04-27 16:00:00,29.04037,0,0
2017-04-27 17:00:00,28.536802,0,0
2017-04-27 18:00:00,28.109552,0,0
2017-04-27 19:00:00,27.103188,0,0
2017-04-27 20:00:00,26.923746,0,0
2017-04-27 21:00:00,26.692854,0,0
2017-04-27 22:00:00,26.381815,0,0
2017-04-27 23:00:00,26.066128,0,0
2017-04-28 00:00:00,25.839401,0,0
2017-04-28 01:00:00,25.641003,0,0
2017-04-28 02:00:00,25.384794,0,0
2017-04-28 03:00:00,25.238249,0,0
2017-04-28 04:00:00,25.138248,0,0
2017-04-28 05:00:00,25.07323,0,0
2017-04-28 06:00:00,25.091557,0,0
2017-04-28 07:00:00,26.236317,0,0
2017-04-28 08:00:00,27.77839,0,0
2017-04-28 09:00:00,29.204332,0,0
2017-04-28 10:00:00,30.254549,0,0
2017-04-28 11:00:00,30.952831,0,0
2017-04-28 12:00:00,31.502132,0,0
2017-04-28 13:00:00,30.471418,0,0
2017-04-28 14:00:00,30.746592,0,0
2017-04-28 15:00:00,30.919836,0,0
2017-04-28 16:00:00,31.530174,0,0
2017-04-28 17:00:00,31.131844,0,0
2017-04-28 18:00:00,30.467203,0,0
2017-04-28 19:00:00,28.733116,0,0
2017-04-28 20:00:00,28.299393,0,0
2017-04-28 21:00:00,27.806417,0,0
2017-04-28 22:00:00,27.448689,0,0
2017-04-28 23:00:00,26.956089,0,0
2017-04-29 00:00:00,26.59962,1,0
2017-04-29 01:00:00,26.358166,1,0
2017-04-29 02:00:00,26.325937,1,0
2017-04-29 03:00:00,26.458464,1,0
2017-04-29 04:00:00,26.310774,1,0
2017-04-29 05:00:00,26.13431,1,0
2017-04-29 06:00:00,25.918175,1,0
2017-04-29 07:00:00,27.081,1,0
2017-04-29 08:00:00,28.33683,1,0
2017-04-29 09:00:00,29.761219,1,0
2017-04-29 10:00:00,30.990177,1,0
2017-04-29 11:00:00,31.117935,1,0
2017-04-29 12:00:00,31.034279,1,0
2017-04-29 13:00:00,31.852053,1,0
2017-04-29 14:00:00,28.729406,1,0
2017-04-29 15:00:00,29.042023,1,0
2017-04-29 16:00:00,28.977352,1,0
2017-04-29 17:00:00,29.112226,1,0
2017-04-29 18:00:00,27.918953,1,0
2017-04-29 19:00:00,25.831991,1,0
2017-04-29 20:00:00,25.759098,1,0
2017-04-29 21:00:00,25.968876,1,0
2017-04-29 22:00:00,25.840773,1,0
2017-04-29 23:00:00,25.720661,1,0
2017-04-30 00:00:00,25.760735,1,0
2017-04-30 01:00:00,25.5694,1,0
2017-04-30 02:00:00,25.499025,1,0
2017-04-30 03:00:00,25.405643,1,0
2017-04-30 04:00:00,25.339626,1,0
2017-04-30 05:00:00,25.264568,1,0
2017-04-30 06:00:00,25.150927,1,0
2017-04-30 07:00:00,26.151373,1,0
2017-04-30 08:00:00,27.727993,1,0
2017-04-30 09:00:00,28.736723,1,0
2017-04-30 10:00:00,28.651278,1,0
2017-04-30 11:00:00,28.97234,1,0
2017-04-30 12:00:00,28.970556,1,0
2017-04-30 13:00:00,29.793438,1,0
2017-04-30 14:00:00,30.356726,1,0
2017-04-30 15:00:00,29.549856,1,0
2017-04-30 16:00:00,28.375692,1,0
2017-04-30 17:00:00,28.163496,1,0
2017-04-30 18:00:00,27.627663,1,0
2017-04-30 19:00:00,26.10319,1,0
2017-04-30 20:00:00,26.021105,1,0
2017-04-30 21:00:00,25.696047,1,0
2017-04-30 22:00:00,25.411068,1,0
2017-04-30 23:00:00,24.982437,1,0
2017-05-01 00:00:00,24.914782,0,1
2017-05-01 01:00:00,24.800026,0,1
2017-05-01 02:00:00,24.60181,0,1
2017-05-01 03:00:00,24.45181,0,1
2017-05-01 04:00:00,24.473299,0,1
2017-05-01 05:00:00,24.766129,0,1
2017-05-01 06:00:00,24.815868,0,1
2017-05-01 07:00:00,25.70825,0,1
2017-05-01 08:00:00,27.043709,0,1
2017-05-01 09:00:00,27.957563,0,1
2017-05-01 10:00:00,27.29517,0,1
2017-05-01 11:00:00,28.566105,0,1
2017-05-01 12:00:00,28.281662,0,1
2017-05-01 13:00:00,28.016888,0,1
2017-05-01 14:00:00,28.328499,0,1
2017-05-01 15:00:00,27.512066,0,1
2017-05-01 16:00:00,27.171804,0,1
2017-05-01 17:00:00,26.923592,0,1
2017-05-01 18:00:00,26.536678,0,1
2017-05-01 19:00:00,26.947687,0,1
2017-05-01 20:00:00,26.395864,0,1
2017-05-01 21:00:00,26.122852,0,1
2017-05-01 22:00:00,25.677198,0,1
2017-05-01 23:00:00,25.48917,0,1
2017-05-02 00:00:00,25.112852,0,0
2017-05-02 01:00:00,25.186386,0,0
2017-05-02 02:00:00,25.004936,0,0
2017-05-02 03:00:00,24.851889,0,0
2017-05-02 04:00:00,24.781925,0,0
2017-05-02 05:00:00,24.651772,0,0
2017-05-02 06:00:00,24.548203,0,0
2017-05-02 07:00:00,25.848356,0,0
2017-05-02 08:00:00,27.473896,0,0
2017-05-02 09:00:00,28.353037,0,0
2017-05-02 10:00:00,29.332355,0,0
2017-05-02 11:00:00,27.479559,0,0
2017-05-02 12:00:00,28.132982,0,0
2017-05-02 13:00:00,28.313852,0,0
2017-05-02 14:00:00,28.72643,0,0
2017-05-02 15:00:00,28.416739,0,0
2017-05-02 16:00:00,28.49034,0,0
2017-05-02 17:00:00,27.606243,0,0
2017-05-02 18:00:00,26.07594,0,0
2017-05-02 19:00:00,25.892187,0,0
2017-05-02 20:00:00,25.178392,0,0
2017-05-02 21:00:00,24.957167,0,0
2017-05-02 22:00:00,24.889656,0,0
2017-05-02 23:00:00,24.87721,0,0
2017-05-03 00:00:00,24.868662,0,0
2017-05-03 01:00:00,24.830633,0,0
2017-05-03 02:00:00,24.72818,0,0
2017-05-03 03:00:00,24.64959,0,0
2017-05-03 04:00:00,24.786095,0,0
2017-05-03 05:00:00,24.98108,0,0
2017-05-03 06:00:00,24.908068,0,0
2017-05-03 07:00:00,25.925055,0,0
2017-05-03 08:00:00,26.901995,0,0
2017-05-03 09:00:00,27.65604,0,0
2017-05-03 10:00:00,27.323097,0,0
2017-05-03 11:00:00,28.37659,0,0
2017-05-03 12:00:00,29.68069,0,0
2017-05-03 13:00:00,28.787384,0,0
2017-05-03 14:00:00,27.002256,0,0
2017-05-03 15:00:00,26.007496,0,0
2017-05-03 16:00:00,25.883255,0,0
2017-05-03 17:00:00,26.10931,0,0
2017-05-03 18:00:00,25.956528,0,0
2017-05-03 19:00:00,26.2178,0,0
2017-05-03 20:00:00,25.728985,0,0
2017-05-03 21:00:00,25.435862,0,0
2017-05-03 22:00:00,25.442818,0,0
2017-05-03 23:00:00,25.283562,0,0
2017-05-04 00:00:00,25.243866,0,0
2017-05-04 01:00:00,25.274755,0,0
2017-05-04 02:00:00,25.099434,0,0
2017-05-04 03:00:00,24.880108,0,0
2017-05-04 04:00:00,24.909882,0,0
2017-05-04 05:00:00,24.958477,0,0
2017-05-04 06:00:00,24.852043,0,0
2017-05-04 07:00:00,25.928623,0,0
2017-05-04 08:00:00,27.344826,0,0
2017-05-04 09:00:00,28.688307,0,0
2017-05-04 10:00:00,29.88369,0,0
2017-05-04 11:00:00,30.74473,0,0
2017-05-04 12:00:00,30.792322,0,0
2017-05-04 13:00:00,28.210274,0,0
2017-05-04 14:00:00,29.625937,0,0
2017-05-04 15:00:00,29.731892,0,0
2017-05-04 16:00:00,29.61918,0,0
2017-05-04 17:00:00,28.006535,0,0
2017-05-04 18:00:00,27.447426,0,0
2017-05-04 19:00:00,26.925007,0,0
2017-05-04 20:00:00,26.287271,0,0
2017-05-04 21:00:00,25.895525,0,0
2017-05-04 22:00:00,25.853926,0,0
2017-05-04 23:00:00,25.729574,0,0
2017-05-05 00:00:00,25.618877,0,0
2017-05-05 01:00:00,25.242662,0,0
2017-05-05 02:00:00,25.140627,0,0
2017-05-05 03:00:00,24.992409,0,0
2017-05-05 04:00:00,24.831291,0,0
2017-05-05 05:00:00,24.678915,0,0
2017-05-05 06:00:00,24.558805,0,0
2017-05-05 07:00:00,25.972414,0,0
2017-05-05 08:00:00,27.17843,0,0
2017-05-05 09:00:00,27.827713,0,0
2017-05-05 10:00:00,28.586145,0,0
2017-05-05 11:00:00,29.27132,0,0
2017-05-05 12:00:00,30.037716,0,0
2017-05-05 13:00:00,30.455547,0,0
2017-05-05 14:00:00,28.719772,0,0
2017-05-05 15:00:00,28.872435,0,0
2017-05-05 16:00:00,27.015188,0,0
2017-05-05 17:00:00,26.300434,0,0
2017-05-05 18:00:00,26.03337,0,0
2017-05-05 19:00:00,25.430468,0,0
2017-05-05 20:00:00,25.435154,0,0
2017-05-05 21:00:00,25.255789,0,0
2017-05-05 22:00:00,25.335417,0,0
2017-05-05 23:00:00,25.338987,0,0
2017-05-06 00:00:00,24.974113,1,0
2017-05-06 01:00:00,24.738054,1,0
2017-05-06 02:00:00,24.581177,1,0
2017-05-06 03:00:00,24.4856,1,0
2017-05-06 04:00:00,24.724491,1,0
2017-05-06 05:00:00,24.41218,1,0
2017-05-06 06:00:00,24.927576,1,0
2017-05-06 07:00:00,25.45245,1,0
2017-05-06 08:00:00,26.571253,1,0
2017-05-06 09:00:00,26.994965,1,0
2017-05-06 10:00:00,27.342503,1,0
2017-05-06 11:00:00,27.849367,1,0
2017-05-06 12:00:00,27.187473,1,0
2017-05-06 13:00:00,27.231419,1,0
2017-05-06 14:00:00,27.691448,1,0
2017-05-06 15:00:00,27.375576,1,0
2017-05-06 16:00:00,27.232271,1,0
2017-05-06 17:00:00,26.31576,1,0
2017-05-06 18:00:00,25.823898,1,0
2017-05-06 19:00:00,25.261475,1,0
2017-05-06 20:00:00,25.146196,1,0
2017-05-06 21:00:00,25.214375,1,0
2017-05-06 22:00:00,25.004595,1,0
2017-05-06 23:00:00,25.10445,1,0
2017-05-07 00:00:00,25.29921,1,0
2017-05-07 01:00:00,25.281147,1,0
2017-05-07 02:00:00,25.059921,1,0
2017-05-07 03:00:00,24.065123,1,0
2017-05-07 04:00:00,24.354527,1,0
2017-05-07 05:00:00,24.195866,1,0
2017-05-07 06:00:00,24.23527,1,0
2017-05-07 07:00:00,24.783749,1,0
2017-05-07 08:00:00,25.698355,1,0
2017-05-07 09:00:00,26.178802,1,0
2017-05-07 10:00:00,27.044292,1,0
2017-05-07 11:00:00,28.327047,1,0
2017-05-07 12:00:00,29.303955,1,0
2017-05-07 13:00:00,28.008081,1,0
2017-05-07 14:00:00,28.419865,1,0
2017-05-07 15:00:00,26.88533,1,0
2017-05-07 16:00:00,27.139956,1,0
2017-05-07 17:00:00,26.710182,1,0
2017-05-07 18:00:00,26.353302,1,0
2017-05-07 19:00:00,25.943819,1,0
2017-05-07 20:00:00,25.469875,1,0
2017-05-07 21:00:00,25.220808,1,0
2017-05-07 22:00:00,25.146048,1,0
2017-05-07 23:00:00,24.963112,1,0
2017-05-08 00:00:00,24.611328,0,0
2017-05-08 01:00:00,24.643263,0,0
2017-05-08 02:00:00,24.604301,0,0
2017-05-08 03:00:00,24.760773,0,0
2017-05-08 04:00:00,24.610592,0,0
2017-05-08 05:00:00,24.339693,0,0
2017-05-08 06:00:00,24.067945,0,0
2017-05-08 07:00:00,24.825424,0,0
2017-05-08 08:00:00,25.551073,0,0
2017-05-08 09:00:00,26.11252,0,0
2017-05-08 10:00:00,26.562782,0,0
2017-05-08 11:00:00,27.422298,0,0
2017-05-08 12:00:00,28.154943,0,0
2017-05-08 13:00:00,28.425869,0,0
2017-05-08 14:00:00,28.701813,0,0
2017-05-08 15:00:00,28.729244,0,0
2017-05-08 16:00:00,27.628529,0,0
2017-05-08 17:00:00,27.142138,0,0
2017-05-08 18:00:00,26.453257,0,0
2017-05-08 19:00:00,26.859726,0,0
2017-05-08 20:00:00,25.973482,0,0
2017-05-08 21:00:00,26.189732,0,0
2017-05-08 22:00:00,25.722599,0,0
2017-05-08 23:00:00,25.20245,0,0
2017-05-09 00:00:00,24.79988,0,0
2017-05-09 01:00:00,24.74921,0,0
2017-05-09 02:00:00,24.474413,0,0
2017-05-09 03:00:00,24.602373,0,0
2017-05-09 04:00:00,24.502857,0,0
2017-05-09 05:00:00,24.685648,0,0
2017-05-09 06:00:00,24.134861,0,0
2017-05-09 07:00:00,24.821037,0,0
2017-05-09 08:00:00,25.887794,0,0
2017-05-09 09:00:00,26.614288,0,0
2017-05-09 10:00:00,26.570637,0,0
2017-05-09 11:00:00,26.85301,0,0
2017-05-09 12:00:00,27.393724,0,0
2017-05-09 13:00:00,26.988222,0,0
2017-05-09 14:00:00,26.250734,0,0
2017-05-09 15:00:00,26.25021,0,0
2017-05-09 16:00:00,26.388939,0,0
2017-05-09 17:00:00,25.858313,0,0
2017-05-09 18:00:00,25.488316,0,0
2017-05-09 19:00:00,25.646458,0,0
2017-05-09 20:00:00,26.221815,0,0
2017-05-09 21:00:00,25.567945,0,0
2017-05-09 22:00:00,25.596312,0,0
2017-05-09 23:00:00,25.544788,0,0
2017-05-10 00:00:00,25.119991,0,0
2017-05-10 01:00:00,24.569021,0,0
2017-05-10 02:00:00,24.7372,0,0
2017-05-10 03:00:00,24.683485,0,0
2017-05-10 04:00:00,24.51352,0,0
2017-05-10 05:00:00,24.559097,0,0
2017-05-10 06:00:00,24.344341,0,0
2017-05-10 07:00:00,24.989101,0,0
2017-05-10 08:00:00,25.85802,0,0
2017-05-10 09:00:00,26.766634,0,0
2017-05-10 10:00:00,27.347408,0,0
2017-05-10 11:00:00,27.088621,0,0
2017-05-10 12:00:00,26.604485,0,0
2017-05-10 13:00:00,26.730057,0,0
2017-05-10 14:00:00,27.065918,0,0
2017-05-10 15:00:00,27.503963,0,0
2017-05-10 16:00:00,26.293888,0,0
2017-05-10 17:00:00,25.932291,0,0
2017-05-10 18:00:00,25.57263,0,0
2017-05-10 19:00:00,25.426899,0,0
2017-05-10 20:00:00,25.216373,0,0
2017-05-10 21:00:00,24.908459,0,0
2017-05-10 22:00:00,25.209612,0,0
2017-05-10 23:00:00,25.23106,0,0
2017-05-11 00:00:00,24.932846,0,0
2017-05-11 01:00:00,24.738462,0,0
2017-05-11 02:00:00,24.884747,0,0
2017-05-11 03:00:00,24.478539,0,0
2017-05-11 04:00:00,24.239985,0,0
2017-05-11 05:00:00,24.507496,0,0
2017-05-11 06:00:00,24.715229,0,0
2017-05-11 07:00:00,25.19988,0,0
2017-05-11 08:00:00,25.317352,0,0
2017-05-11 09:00:00,25.65256,0,0
2017-05-11 10:00:00,26.217508,0,0
2017-05-11 11:00:00,27.017101,0,0
2017-05-11 12:00:00,27.601858,0,0
2017-05-11 13:00:00,25.921215,0,0
2017-05-11 14:00:00,26.667091,0,0
2017-05-11 15:00:00,25.521885,0,0
2017-05-11 16:00:00,25.610765,0,0
2017-05-11 17:00:00,25.327686,0,0
2017-05-11 18:00:00,25.09891,0,0
2017-05-11 19:00:00,25.399242,0,0
2017-05-11 20:00:00,24.999763,0,0
2017-05-11 21:00:00,25.00995,0,0
2017-05-11 22:00:00,25.016565,0,0
2017-05-11 23:00:00,25.484455,0,0
2017-05-12 00:00:00,25.439287,0,0
2017-05-12 01:00:00,24.948095,0,0
2017-05-12 02:00:00,25.054565,0,0
2017-05-12 03:00:00,25.012705,0,0
2017-05-12 04:00:00,24.816275,0,0
2017-05-12 05:00:00,24.721369,0,0
2017-05-12 06:00:00,24.619844,0,0
2017-05-12 07:00:00,25.682785,0,0
2017-05-12 08:00:00,25.5694,0,0
2017-05-12 09:00:00,25.601921,0,0
2017-05-12 10:00:00,26.282362,0,0
2017-05-12 11:00:00,26.5032,0,0
2017-05-12 12:00:00,27.14924,0,0
2017-05-12 13:00:00,26.895107,0,0
2017-05-12 14:00:00,27.061728,0,0
2017-05-12 15:00:00,27.210176,0,0
2017-05-12 16:00:00,27.108244,0,0
2017-05-12 17:00:00,26.763704,0,0
2017-05-12 18:00:00,26.48036,0,0
2017-05-12 19:00:00,25.731436,0,0
2017-05-12 20:00:00,25.940662,0,0
2017-05-12 21:00:00,25.956942,0,0
2017-05-12 22:00:00,25.907204,0,0
2017-05-12 23:00:00,26.004013,0,0
2017-05-13 00:00:00,25.785948,1,0
2017-05-13 01:00:00,25.81736,1,0
2017-05-13 02:00:00,25.597658,1,0
2017-05-13 03:00:00,25.256466,1,0
2017-05-13 04:00:00,24.603975,1,0
2017-05-13 05:00:00,25.07453,1,0
2017-05-13 06:00:00,25.142448,1,0
2017-05-13 07:00:00,25.981525,1,0
2017-05-13 08:00:00,26.619137,1,0
2017-05-13 09:00:00,27.123405,1,0
2017-05-13 10:00:00,28.00002,1,0
2017-05-13 11:00:00,28.17273,1,0
2017-05-13 12:00:00,28.581245,1,0
2017-05-13 13:00:00,29.109274,1,0
2017-05-13 14:00:00,29.199757,1,0
2017-05-13 15:00:00,28.617714,1,0
2017-05-13 16:00:00,28.293653,1,0
2017-05-13 17:00:00,27.987268,1,0
2017-05-13 18:00:00,27.338318,1,0
2017-05-13 19:00:00,26.51583,1,0
2017-05-13 20:00:00,26.315159,1,0
2017-05-13 21:00:00,26.322744,1,0
2017-05-13 22:00:00,26.325907,1,0
2017-05-13 23:00:00,26.179478,1,0
2017-05-14 00:00:00,25.992973,1,0
2017-05-14 01:00:00,25.903158,1,0
2017-05-14 02:00:00,25.966248,1,0
2017-05-14 03:00:00,25.670076,1,0
2017-05-14 04:00:00,25.4771,1,0
2017-05-14 05:00:00,25.054497,1,0
2017-05-14 06:00:00,24.867992,1,0
2017-05-14 07:00:00,26.167177,1,0
2017-05-14 08:00:00,25.8643,1,0
2017-05-14 09:00:00,25.625477,1,0
2017-05-14 10:00:00,26.673683,1,0
2017-05-14 11:00:00,28.470411,1,0
2017-05-14 12:00:00,29.337477,1,0
2017-05-14 13:00:00,29.771051,1,0
2017-05-14 14:00:00,28.748678,1,0
2017-05-14 15:00:00,28.628675,1,0
2017-05-14 16:00:00,29.018904,1,0
2017-05-14 17:00:00,28.63842,1,0
2017-05-14 18:00:00,27.866081,1,0
2017-05-14 19:00:00,27.155216,1,0
2017-05-14 20:00:00,27.399687,1,0
2017-05-14 21:00:00,27.101732,1,0
2017-05-14 22:00:00,26.028423,1,0
2017-05-14 23:00:00,25.810242,1,0
2017-05-15 00:00:00,25.581993,0,0
2017-05-15 01:00:00,25.531994,0,0
2017-05-15 02:00:00,25.535154,0,0
2017-05-15 03:00:00,25.483633,0,0
2017-05-15 04:00:00,25.441626,0,0
2017-05-15 05:00:00,25.161999,0,0
2017-05-15 06:00:00,25.102074,0,0
2017-05-15 07:00:00,26.39657,0,0
2017-05-15 08:00:00,27.478275,0,0
2017-05-15 09:00:00,28.608194,0,0
2017-05-15 10:00:00,29.418005,0,0
2017-05-15 11:00:00,29.81592,0,0
2017-05-15 12:00:00,30.027416,0,0
2017-05-15 13:00:00,30.311989,0,0
2017-05-15 14:00:00,29.738571,0,0
2017-05-15 15:00:00,29.379354,0,0
2017-05-15 16:00:00,28.895863,0,0
2017-05-15 17:00:00,28.138134,0,0
2017-05-15 18:00:00,27.69724,0,0
2017-05-15 19:00:00,27.601402,0,0
2017-05-15 20:00:00,27.37397,0,0
2017-05-15 21:00:00,27.112112,0,0
2017-05-15 22:00:00,27.030146,0,0
2017-05-15 23:00:00,26.99654,0,0
2017-05-16 00:00:00,26.833307,0,0
2017-05-16 01:00:00,26.55342,0,0
2017-05-16 02:00:00,26.131668,0,0
2017-05-16 03:00:00,26.141855,0,0
2017-05-16 04:00:00,25.984976,0,0
2017-05-16 05:00:00,25.74505,0,0
2017-05-16 06:00:00,25.563637,0,0
2017-05-16 07:00:00,26.496756,0,0
2017-05-16 08:00:00,27.229128,0,0
2017-05-16 09:00:00,27.642063,0,0
2017-05-16 10:00:00,28.379646,0,0
2017-05-16 11:00:00,29.414251,0,0
2017-05-16 12:00:00,29.78603,0,0
2017-05-16 13:00:00,27.174622,0,0
2017-05-16 14:00:00,28.733429,0,0
2017-05-16 15:00:00,28.74214,0,0
2017-05-16 16:00:00,28.62969,0,0
2017-05-16 17:00:00,27.42877,0,0
2017-05-16 18:00:00,26.6278,0,0
2017-05-16 19:00:00,26.743526,0,0
2017-05-16 20:00:00,26.508135,0,0
2017-05-16 21:00:00,26.409658,0,0
2017-05-16 22:00:00,26.284456,0,0
2017-05-16 23:00:00,25.84148,0,0
2017-05-17 00:00:00,25.79464,0,0
2017-05-17 01:00:00,25.611443,0,0
2017-05-17 02:00:00,25.545048,0,0
2017-05-17 03:00:00,25.586763,0,0
2017-05-17 04:00:00,25.307137,0,0
2017-05-17 05:00:00,25.142525,0,0
2017-05-17 06:00:00,24.776133,0,0
2017-05-17 07:00:00,25.329847,0,0
2017-05-17 08:00:00,26.35453,0,0
2017-05-17 09:00:00,26.963482,0,0
2017-05-17 10:00:00,27.877384,0,0
2017-05-17 11:00:00,27.146082,0,0
2017-05-17 12:00:00,26.551573,0,0
2017-05-17 13:00:00,26.834059,0,0
2017-05-17 14:00:00,27.038937,0,0
2017-05-17 15:00:00,27.608019,0,0
2017-05-17 16:00:00,27.81516,0,0
2017-05-17 17:00:00,27.588839,0,0
2017-05-17 18:00:00,27.003597,0,0
2017-05-17 19:00:00,26.810213,0,0
2017-05-17 20:00:00,26.207052,0,0
2017-05-17 21:00:00,26.156643,0,0
2017-05-17 22:00:00,25.85895,0,0
2017-05-17 23:00:00,25.53263,0,0
2017-05-18 00:00:00,25.685646,0,0
2017-05-18 01:00:00,25.49888,0,0
2017-05-18 02:00:00,24.924492,0,0
2017-05-18 03:00:00,24.864567,0,0
2017-05-18 04:00:00,25.049404,0,0
2017-05-18 05:00:00,25.15052,0,0
2017-05-18 06:00:00,24.950665,0,0
2017-05-18 07:00:00,26.418844,0,0
2017-05-18 08:00:00,27.516161,0,0
2017-05-18 09:00:00,28.19734,0,0
2017-05-18 10:00:00,28.74737,0,0
2017-05-18 11:00:00,28.967512,0,0
2017-05-18 12:00:00,29.461912,0,0
2017-05-18 13:00:00,29.682089,0,0
2017-05-18 14:00:00,29.781563,0,0
2017-05-18 15:00:00,29.208447,0,0
2017-05-18 16:00:00,28.557709,0,0
2017-05-18 17:00:00,27.85931,0,0
2017-05-18 18:00:00,27.559542,0,0
2017-05-18 19:00:00,27.356497,0,0
2017-05-18 20:00:00,26.893671,0,0
2017-05-18 21:00:00,26.482368,0,0
2017-05-18 22:00:00,26.091034,0,0
2017-05-18 23:00:00,25.749697,0,0
2017-05-19 00:00:00,25.3694,0,0
2017-05-19 01:00:00,25.154005,0,0
2017-05-19 02:00:00,25.002481,0,0
2017-05-19 03:00:00,24.933302,0,0
2017-05-19 04:00:00,25.010143,0,0
2017-05-19 05:00:00,25.06126,0,0
2017-05-19 06:00:00,25.433784,0,0
2017-05-19 07:00:00,26.217915,0,0
2017-05-19 08:00:00,27.309725,0,0
2017-05-19 09:00:00,28.346184,0,0
2017-05-19 10:00:00,28.57138,0,0
2017-05-19 11:00:00,29.446245,0,0
2017-05-19 12:00:00,30.227297,0,0
2017-05-19 13:00:00,30.412472,0,0
2017-05-19 14:00:00,28.379297,0,0
2017-05-19 15:00:00,27.345848,0,0
2017-05-19 16:00:00,27.831654,0,0
2017-05-19 17:00:00,28.065605,0,0
2017-05-19 18:00:00,27.840925,0,0
2017-05-19 19:00:00,26.629322,0,0
2017-05-19 20:00:00,26.45479,0,0
2017-05-19 21:00:00,26.369137,0,0
2017-05-19 22:00:00,25.974823,0,0
2017-05-19 23:00:00,25.56683,0,0
2017-05-20 00:00:00,25.249321,1,0
2017-05-20 01:00:00,25.04118,1,0
2017-05-20 02:00:00,25.16776,1,0
2017-05-20 03:00:00,25.08917,1,0
2017-05-20 04:00:00,25.201483,1,0
2017-05-20 05:00:00,25.171513,1,0
2017-05-20 06:00:00,25.00538,1,0
2017-05-20 07:00:00,25.974201,1,0
2017-05-20 08:00:00,27.309483,1,0
2017-05-20 09:00:00,28.643581,1,0
2017-05-20 10:00:00,29.297821,1,0
2017-05-20 11:00:00,29.961037,1,0
2017-05-20 12:00:00,30.482738,1,0
2017-05-20 13:00:00,30.30308,1,0
2017-05-20 14:00:00,28.558329,1,0
2017-05-20 15:00:00,28.804058,1,0
2017-05-20 16:00:00,28.007097,1,0
2017-05-20 17:00:00,26.996534,1,0
2017-05-20 18:00:00,26.03337,1,0
2017-05-20 19:00:00,26.75758,1,0
2017-05-20 20:00:00,26.296017,1,0
2017-05-20 21:00:00,25.88973,1,0
2017-05-20 22:00:00,25.29921,1,0
2017-05-20 23:00:00,25.281883,1,0
2017-05-21 00:00:00,25.16575,1,0
2017-05-21 01:00:00,25.183407,1,0
2017-05-21 02:00:00,25.002481,1,0
2017-05-21 03:00:00,24.81419,1,0
2017-05-21 04:00:00,24.731663,1,0
2017-05-21 05:00:00,24.803003,1,0
2017-05-21 06:00:00,24.432777,1,0
2017-05-21 07:00:00,25.191626,1,0
2017-05-21 08:00:00,26.328983,1,0
2017-05-21 09:00:00,26.909836,1,0
2017-05-21 10:00:00,27.693556,1,0
2017-05-21 11:00:00,27.912668,1,0
2017-05-21 12:00:00,28.499205,1,0
2017-05-21 13:00:00,28.8363,1,0
2017-05-21 14:00:00,28.70188,1,0
2017-05-21 15:00:00,28.620813,1,0
2017-05-21 16:00:00,28.24037,1,0
2017-05-21 17:00:00,27.544348,1,0
2017-05-21 18:00:00,27.11639,1,0
2017-05-21 19:00:00,26.14434,1,0
2017-05-21 20:00:00,25.88111,1,0
2017-05-21 21:00:00,25.701073,1,0
2017-05-21 22:00:00,25.55438,1,0
2017-05-21 23:00:00,25.373892,1,0
2017-05-22 00:00:00,25.238878,0,0
2017-05-22 01:00:00,25.200996,0,0
2017-05-22 02:00:00,25.355495,0,0
2017-05-22 03:00:00,25.021183,0,0
2017-05-22 04:00:00,24.623745,0,0
2017-05-22 05:00:00,24.360773,0,0
2017-05-22 06:00:00,24.335861,0,0
2017-05-22 07:00:00,25.523384,0,0
2017-05-22 08:00:00,26.664673,0,0
2017-05-22 09:00:00,27.859348,0,0
2017-05-22 10:00:00,28.713802,0,0
2017-05-22 11:00:00,29.382011,0,0
2017-05-22 12:00:00,28.788843,0,0
2017-05-22 13:00:00,27.881414,0,0
2017-05-22 14:00:00,27.302233,0,0
2017-05-22 15:00:00,28.080605,0,0
2017-05-22 16:00:00,27.845263,0,0
2017-05-22 17:00:00,27.351027,0,0
2017-05-22 18:00:00,27.065895,0,0
2017-05-22 19:00:00,26.089314,0,0
2017-05-22 20:00:00,25.843033,0,0
2017-05-22 21:00:00,25.550764,0,0
2017-05-22 22:00:00,25.487347,0,0
2017-05-22 23:00:00,25.080467,0,0
2017-05-23 00:00:00,24.862144,0,0
2017-05-23 01:00:00,24.703072,0,0
2017-05-23 02:00:00,24.714375,0,0
2017-05-23 03:00:00,24.913452,0,0
2017-05-23 04:00:00,24.812588,0,0
2017-05-23 05:00:00,24.875414,0,0
2017-05-23 06:00:00,24.934076,0,0
2017-05-23 07:00:00,25.742266,0,0
2017-05-23 08:00:00,26.713966,0,0
2017-05-23 09:00:00,27.835999,0,0
2017-05-23 10:00:00,28.210041,0,0
2017-05-23 11:00:00,28.568024,0,0
2017-05-23 12:00:00,28.758509,0,0
2017-05-23 13:00:00,29.1912,0,0
2017-05-23 14:00:00,28.860687,0,0
2017-05-23 15:00:00,28.642595,0,0
2017-05-23 16:00:00,28.210659,0,0
2017-05-23 17:00:00,27.825415,0,0
2017-05-23 18:00:00,27.38203,0,0
2017-05-23 19:00:00,27.01973,0,0
2017-05-23 20:00:00,26.816944,0,0
2017-05-23 21:00:00,26.712784,0,0
2017-05-23 22:00:00,26.539288,0,0
2017-05-23 23:00:00,26.486502,0,0
2017-05-24 00:00:00,26.471891,0,0
2017-05-24 01:00:00,26.300665,0,0
2017-05-24 02:00:00,25.963636,0,0
2017-05-24 03:00:00,25.754974,0,0
2017-05-24 04:00:00,25.65155,0,0
2017-05-24 05:00:00,25.514042,0,0
2017-05-24 06:00:00,25.125675,0,0
2017-05-24 07:00:00,26.28591,0,0
2017-05-24 08:00:00,27.806498,0,0
2017-05-24 09:00:00,29.078867,0,0
2017-05-24 10:00:00,30.014065,0,0
2017-05-24 11:00:00,30.282652,0,0
2017-05-24 12:00:00,30.43852,0,0
2017-05-24 13:00:00,28.07989,0,0
2017-05-24 14:00:00,28.101902,0,0
2017-05-24 15:00:00,29.104052,0,0
2017-05-24 16:00:00,29.39633,0,0
2017-05-24 17:00:00,29.333475,0,0
2017-05-24 18:00:00,28.58924,0,0
2017-05-24 19:00:00,27.887648,0,0
2017-05-24 20:00:00,27.461184,0,0
2017-05-24 21:00:00,27.034191,0,0
2017-05-24 22:00:00,26.812706,0,0
2017-05-24 23:00:00,26.721106,0,0
2017-05-25 00:00:00,26.7807,0,0
2017-05-25 01:00:00,26.396833,0,0
2017-05-25 02:00:00,26.173561,0,0
2017-05-25 03:00:00,26.040548,0,0
2017-05-25 04:00:00,25.3204,0,0
2017-05-25 05:00:00,24.739723,0,0
2017-05-25 06:00:00,24.718613,0,0
2017-05-25 07:00:00,25.38337,0,0
2017-05-25 08:00:00,26.325445,0,0
2017-05-25 09:00:00,27.559757,0,0
2017-05-25 10:00:00,27.708933,0,0
2017-05-25 11:00:00,28.85224,0,0
2017-05-25 12:00:00,30.142546,0,0
2017-05-25 13:00:00,30.185017,0,0
2017-05-25 14:00:00,29.314167,0,0
2017-05-25 15:00:00,27.879032,0,0
2017-05-25 16:00:00,25.975008,0,0
2017-05-25 17:00:00,25.525341,0,0
2017-05-25 18:00:00,25.371098,0,0
2017-05-25 19:00:00,26.54665,0,0
2017-05-25 20:00:00,26.45795,0,0
2017-05-25 21:00:00,25.896797,0,0
2017-05-25 22:00:00,25.684563,0,0
2017-05-25 23:00:00,25.802336,0,0
2017-05-26 00:00:00,25.281254,0,0
2017-05-26 01:00:00,25.142963,0,0
2017-05-26 02:00:00,25.738434,0,0
2017-05-26 03:00:00,24.924377,0,0
2017-05-26 04:00:00,24.862408,0,0
2017-05-26 05:00:00,24.958836,0,0
2017-05-26 06:00:00,24.910622,0,0
2017-05-26 07:00:00,25.707495,0,0
2017-05-26 08:00:00,25.917042,0,0
2017-05-26 09:00:00,26.321905,0,0
2017-05-26 10:00:00,27.22279,0,0
2017-05-26 11:00:00,27.417988,0,0
2017-05-26 12:00:00,28.23476,0,0
2017-05-26 13:00:00,27.718771,0,0
2017-05-26 14:00:00,27.094269,0,0
2017-05-26 15:00:00,26.83707,0,0
2017-05-26 16:00:00,26.624523,0,0
2017-05-26 17:00:00,26.794195,0,0
2017-05-26 18:00:00,25.899357,0,0
2017-05-26 19:00:00,25.81139,0,0
2017-05-26 20:00:00,25.604218,0,0
2017-05-26 21:00:00,25.309574,0,0
2017-05-26 22:00:00,25.474628,0,0
2017-05-26 23:00:00,25.261805,0,0
2017-05-27 00:00:00,25.373476,1,0
2017-05-27 01:00:00,25.521835,1,0
2017-05-27 02:00:00,25.227715,1,0
2017-05-27 03:00:00,25.07177,1,0
2017-05-27 04:00:00,25.155228,1,0
2017-05-27 05:00:00,25.062105,1,0
2017-05-27 06:00:00,25.092325,1,0
2017-05-27 07:00:00,25.904411,1,0
2017-05-27 08:00:00,26.013435,1,0
2017-05-27 09:00:00,27.81645,1,0
2017-05-27 10:00:00,28.56314,1,0
2017-05-27 11:00:00,28.22339,1,0
2017-05-27 12:00:00,28.863253,1,0
2017-05-27 13:00:00,26.497272,1,0
2017-05-27 14:00:00,27.208534,1,0
2017-05-27 15:00:00,27.913656,1,0
2017-05-27 16:00:00,28.0847,1,0
2017-05-27 17:00:00,27.800764,1,0
2017-05-27 18:00:00,27.284224,1,0
2017-05-27 19:00:00,26.49054,1,0
2017-05-27 20:00:00,26.32716,1,0
2017-05-27 21:00:00,26.060768,1,0
2017-05-27 22:00:00,25.950842,1,0
2017-05-27 23:00:00,25.906527,1,0
2017-05-28 00:00:00,25.748125,1,0
2017-05-28 01:00:00,25.378538,1,0
2017-05-28 02:00:00,25.330585,1,0
2017-05-28 03:00:00,25.107836,1,0
2017-05-28 04:00:00,24.815044,1,0
2017-05-28 05:00:00,24.735153,1,0
2017-05-28 06:00:00,24.680733,1,0
2017-05-28 07:00:00,25.801336,1,0
2017-05-28 08:00:00,27.079147,1,0
2017-05-28 09:00:00,28.463575,1,0
2017-05-28 10:00:00,28.512753,1,0
2017-05-28 11:00:00,28.366013,1,0
2017-05-28 12:00:00,29.559698,1,0
2017-05-28 13:00:00,28.41029,1,0
2017-05-28 14:00:00,28.729177,1,0
2017-05-28 15:00:00,29.418804,1,0
2017-05-28 16:00:00,28.568949,1,0
2017-05-28 17:00:00,27.044447,1,0
2017-05-28 18:00:00,26.50088,1,0
2017-05-28 19:00:00,26.09765,1,0
2017-05-28 20:00:00,25.88111,1,0
2017-05-28 21:00:00,25.571331,1,0
2017-05-28 22:00:00,25.447319,1,0
2017-05-28 23:00:00,25.31542,1,0
2017-05-29 00:00:00,25.192001,0,0
2017-05-29 01:00:00,25.133486,0,0
2017-05-29 02:00:00,24.824608,0,0
2017-05-29 03:00:00,24.597765,0,0
2017-05-29 04:00:00,24.237316,0,0
2017-05-29 05:00:00,24.247095,0,0
2017-05-29 06:00:00,24.156427,0,0
2017-05-29 07:00:00,24.946505,0,0
2017-05-29 08:00:00,26.374561,0,0
2017-05-29 09:00:00,27.341986,0,0
2017-05-29 10:00:00,28.055101,0,0
2017-05-29 11:00:00,28.361012,0,0
2017-05-29 12:00:00,27.949526,0,0
2017-05-29 13:00:00,27.74547,0,0
2017-05-29 14:00:00,28.168896,0,0
2017-05-29 15:00:00,28.165487,0,0
2017-05-29 16:00:00,27.621368,0,0
2017-05-29 17:00:00,27.512705,0,0
2017-05-29 18:00:00,27.307875,0,0
2017-05-29 19:00:00,26.519253,0,0
2017-05-29 20:00:00,26.206875,0,0
2017-05-29 21:00:00,26.138367,0,0
2017-05-29 22:00:00,26.005497,0,0
2017-05-29 23:00:00,25.788956,0,0
2017-05-30 00:00:00,25.037724,0,0
2017-05-30 01:00:00,24.433369,0,0
2017-05-30 02:00:00,24.238201,0,0
2017-05-30 03:00:00,24.247719,0,0
2017-05-30 04:00:00,23.975782,0,0
2017-05-30 05:00:00,23.744518,0,0
2017-05-30 06:00:00,23.694515,0,0
2017-05-30 07:00:00,24.503557,0,0
2017-05-30 08:00:00,24.64314,0,0
2017-05-30 09:00:00,25.26466,0,0
2017-05-30 10:00:00,26.204065,0,0
2017-05-30 11:00:00,26.473913,0,0
2017-05-30 12:00:00,26.706535,0,0
2017-05-30 13:00:00,27.325026,0,0
2017-05-30 14:00:00,28.004099,0,0
2017-05-30 15:00:00,28.324316,0,0
2017-05-30 16:00:00,28.301895,0,0
2017-05-30 17:00:00,27.913528,0,0
2017-05-30 18:00:00,27.360365,0,0
2017-05-30 19:00:00,26.319515,0,0
2017-05-30 20:00:00,25.697765,0,0
2017-05-30 21:00:00,25.493343,0,0
2017-05-30 22:00:00,25.440113,0,0
2017-05-30 23:00:00,25.267206,0,0
2017-05-31 00:00:00,25.331635,0,0
2017-05-31 01:00:00,25.212307,0,0
2017-05-31 02:00:00,25.250074,0,0
2017-05-31 03:00:00,24.968401,0,0
2017-05-31 04:00:00,24.868061,0,0
2017-05-31 05:00:00,25.146833,0,0
2017-05-31 06:00:00,25.022562,0,0
2017-05-31 07:00:00,25.72851,0,0
2017-05-31 08:00:00,26.966015,0,0
2017-05-31 09:00:00,28.337044,0,0
2017-05-31 10:00:00,28.567034,0,0
2017-05-31 11:00:00,28.137358,0,0
2017-05-31 12:00:00,27.13152,0,0
2017-05-31 13:00:00,27.57402,0,0
2017-05-31 14:00:00,28.20771,0,0
2017-05-31 15:00:00,28.615818,0,0
2017-05-31 16:00:00,28.30955,0,0
2017-05-31 17:00:00,27.788733,0,0
2017-05-31 18:00:00,25.872332,0,0
2017-05-31 19:00:00,26.149057,0,0
2017-05-31 20:00:00,25.521954,0,0
2017-05-31 21:00:00,25.852482,0,0
2017-05-31 22:00:00,25.621252,0,0
2017-05-31 23:00:00,25.423706,0,0
2017-06-01 00:00:00,25.210884,0,0
2017-06-01 01:00:00,25.097126,0,0
2017-06-01 02:00:00,25.006378,0,0
2017-06-01 03:00:00,25.156235,0,0
2017-06-01 04:00:00,24.753927,0,0
2017-06-01 05:00:00,24.731585,0,0
2017-06-01 06:00:00,24.369022,0,0
2017-06-01 07:00:00,24.974638,0,0
2017-06-01 08:00:00,25.641916,0,0
2017-06-01 09:00:00,26.724068,0,0
2017-06-01 10:00:00,27.438969,0,0
2017-06-01 11:00:00,27.744354,0,0
2017-06-01 12:00:00,28.162088,0,0
2017-06-01 13:00:00,28.595741,0,0
2017-06-01 14:00:00,28.909206,0,0
2017-06-01 15:00:00,28.833857,0,0
2017-06-01 16:00:00,28.12233,0,0
2017-06-01 17:00:00,27.57456,0,0
2017-06-01 18:00:00,27.03917,0,0
2017-06-01 19:00:00,26.236416,0,0
2017-06-01 20:00:00,25.991364,0,0
2017-06-01 21:00:00,25.653597,0,0
2017-06-01 22:00:00,25.33694,0,0
2017-06-01 23:00:00,25.156197,0,0
2017-06-02 00:00:00,24.78181,0,0
2017-06-02 01:00:00,24.864338,0,0
2017-06-02 02:00:00,24.94118,0,0
2017-06-02 03:00:00,24.893818,0,0
2017-06-02 04:00:00,24.835678,0,0
2017-06-02 05:00:00,24.906904,0,0
2017-06-02 06:00:00,24.93594,0,0
2017-06-02 07:00:00,26.066942,0,0
2017-06-02 08:00:00,27.47322,0,0
2017-06-02 09:00:00,28.424364,0,0
2017-06-02 10:00:00,29.64276,0,0
2017-06-02 11:00:00,30.11715,0,0
2017-06-02 12:00:00,28.025028,0,0
2017-06-02 13:00:00,28.25721,0,0
2017-06-02 14:00:00,30.080296,0,0
2017-06-02 15:00:00,30.070372,0,0
2017-06-02 16:00:00,28.944246,0,0
2017-06-02 17:00:00,28.910233,0,0
2017-06-02 18:00:00,28.232653,0,0
2017-06-02 19:00:00,26.624329,0,0
2017-06-02 20:00:00,26.146486,0,0
2017-06-02 21:00:00,25.983992,0,0
2017-06-02 22:00:00,25.890656,0,0
2017-06-02 23:00:00,25.708652,0,0
2017-06-03 00:00:00,25.58014,1,0
2017-06-03 01:00:00,25.435495,1,0
2017-06-03 02:00:00,25.351404,1,0
2017-06-03 03:00:00,25.338987,1,0
2017-06-03 04:00:00,25.266092,1,0
2017-06-03 05:00:00,25.264977,1,0
2017-06-03 06:00:00,25.204712,1,0
2017-06-03 07:00:00,26.409214,1,0
2017-06-03 08:00:00,27.855711,1,0
2017-06-03 09:00:00,28.802324,1,0
2017-06-03 10:00:00,29.569342,1,0
2017-06-03 11:00:00,29.16491,1,0
2017-06-03 12:00:00,28.420332,1,0
2017-06-03 13:00:00,30.190634,1,0
2017-06-03 14:00:00,29.931068,1,0
2017-06-03 15:00:00,30.059795,1,0
2017-06-03 16:00:00,29.564556,1,0
2017-06-03 17:00:00,28.202171,1,0
2017-06-03 18:00:00,28.087008,1,0
2017-06-03 19:00:00,27.137676,1,0
2017-06-03 20:00:00,26.726639,1,0
2017-06-03 21:00:00,26.510242,1,0
2017-06-03 22:00:00,26.13987,1,0
2017-06-03 23:00:00,26.018906,1,0
2017-06-04 00:00:00,25.628685,1,0
2017-06-04 01:00:00,25.413927,1,0
2017-06-04 02:00:00,25.048203,1,0
2017-06-04 03:00:00,25.015453,1,0
2017-06-04 04:00:00,24.79013,1,0
2017-06-04 05:00:00,25.038017,1,0
2017-06-04 06:00:00,24.705082,1,0
2017-06-04 07:00:00,26.077278,1,0
2017-06-04 08:00:00,27.433222,1,0
2017-06-04 09:00:00,28.747309,1,0
2017-06-04 10:00:00,29.422543,1,0
2017-06-04 11:00:00,29.840345,1,0
2017-06-04 12:00:00,29.45548,1,0
2017-06-04 13:00:00,29.326677,1,0
2017-06-04 14:00:00,29.910347,1,0
2017-06-04 15:00:00,30.000263,1,0
2017-06-04 16:00:00,29.387209,1,0
2017-06-04 17:00:00,28.41549,1,0
2017-06-04 18:00:00,27.749502,1,0
2017-06-04 19:00:00,27.136093,1,0
2017-06-04 20:00:00,26.473822,1,0
2017-06-04 21:00:00,26.052664,1,0
2017-06-04 22:00:00,25.991364,1,0
2017-06-04 23:00:00,25.947718,1,0
2017-06-05 00:00:00,25.938057,0,0
2017-06-05 01:00:00,25.46036,0,0
2017-06-05 02:00:00,25.15415,0,0
2017-06-05 03:00:00,25.34601,0,0
2017-06-05 04:00:00,25.2175,0,0
2017-06-05 05:00:00,24.954596,0,0
2017-06-05 06:00:00,24.891441,0,0
2017-06-05 07:00:00,26.252192,0,0
2017-06-05 08:00:00,27.290218,0,0
2017-06-05 09:00:00,27.95214,0,0
2017-06-05 10:00:00,28.402958,0,0
2017-06-05 11:00:00,28.859196,0,0
2017-06-05 12:00:00,29.488007,0,0
2017-06-05 13:00:00,29.25933,0,0
2017-06-05 14:00:00,29.486715,0,0
2017-06-05 15:00:00,29.154533,0,0
2017-06-05 16:00:00,29.000557,0,0
2017-06-05 17:00:00,28.625093,0,0
2017-06-05 18:00:00,27.628508,0,0
2017-06-05 19:00:00,27.131845,0,0
2017-06-05 20:00:00,26.766304,0,0
2017-06-05 21:00:00,26.543818,0,0
2017-06-05 22:00:00,26.948278,0,0
2017-06-05 23:00:00,26.994379,0,0
2017-06-06 00:00:00,26.225492,0,0
2017-06-06 01:00:00,25.765041,0,0
2017-06-06 02:00:00,25.537611,0,0
2017-06-06 03:00:00,25.897686,0,0
2017-06-06 04:00:00,25.401142,0,0
2017-06-06 05:00:00,25.390955,0,0
2017-06-06 06:00:00,24.979733,0,0
2017-06-06 07:00:00,26.190035,0,0
2017-06-06 08:00:00,27.691738,0,0
2017-06-06 09:00:00,28.98493,0,0
2017-06-06 10:00:00,29.76061,0,0
2017-06-06 11:00:00,30.41161,0,0
2017-06-06 12:00:00,28.14617,0,0
2017-06-06 13:00:00,27.963253,0,0
2017-06-06 14:00:00,28.73887,0,0
2017-06-06 15:00:00,28.409311,0,0
2017-06-06 16:00:00,27.813473,0,0
2017-06-06 17:00:00,27.708313,0,0
2017-06-06 18:00:00,27.165306,0,0
2017-06-06 19:00:00,27.467499,0,0
2017-06-06 20:00:00,26.863745,0,0
2017-06-06 21:00:00,26.290983,0,0
2017-06-06 22:00:00,26.956758,0,0
2017-06-06 23:00:00,25.956867,0,0
2017-06-07 00:00:00,25.601513,0,0
2017-06-07 01:00:00,25.410698,0,0
2017-06-07 02:00:00,25.384565,0,0
2017-06-07 03:00:00,25.30248,0,0
2017-06-07 04:00:00,25.504972,0,0
2017-06-07 05:00:00,25.223705,0,0
2017-06-07 06:00:00,25.158428,0,0
2017-06-07 07:00:00,26.239548,0,0
2017-06-07 08:00:00,26.891188,0,0
2017-06-07 09:00:00,27.371628,0,0
2017-06-07 10:00:00,27.951141,0,0
2017-06-07 11:00:00,27.05385,0,0
2017-06-07 12:00:00,27.324553,0,0
2017-06-07 13:00:00,27.668663,0,0
2017-06-07 14:00:00,27.130959,0,0
2017-06-07 15:00:00,26.773636,0,0
2017-06-07 16:00:00,26.622866,0,0
2017-06-07 17:00:00,26.73124,0,0
2017-06-07 18:00:00,26.559866,0,0
2017-06-07 19:00:00,26.21352,0,0
2017-06-07 20:00:00,25.517645,0,0
2017-06-07 21:00:00,25.339802,0,0
2017-06-07 22:00:00,25.286495,0,0
2017-06-07 23:00:00,25.10772,0,0
2017-06-08 00:00:00,26.077316,0,0
2017-06-08 01:00:00,25.482962,0,0
2017-06-08 02:00:00,25.631178,0,0
2017-06-08 03:00:00,25.275085,0,0
2017-06-08 04:00:00,25.389841,0,0
2017-06-08 05:00:00,25.466421,0,0
2017-06-08 06:00:00,25.153599,0,0
2017-06-08 07:00:00,24.817905,0,0
2017-06-08 08:00:00,25.311913,0,0
2017-06-08 09:00:00,26.532728,0,0
2017-06-08 10:00:00,26.887854,0,0
2017-06-08 11:00:00,26.95156,0,0
2017-06-08 12:00:00,27.64822,0,0
2017-06-08 13:00:00,27.70443,0,0
2017-06-08 14:00:00,26.240734,0,0
2017-06-08 15:00:00,26.229322,0,0
2017-06-08 16:00:00,25.718721,0,0
2017-06-08 17:00:00,25.929731,0,0
2017-06-08 18:00:00,26.24988,0,0
2017-06-08 19:00:00,25.59798,0,0
2017-06-08 20:00:00,25.675938,0,0
2017-06-08 21:00:00,25.722631,0,0
2017-06-08 22:00:00,25.787645,0,0
2017-06-08 23:00:00,25.847687,0,0
2017-06-09 00:00:00,25.49467,0,0
2017-06-09 01:00:00,24.847534,0,0
2017-06-09 02:00:00,24.684301,0,0
2017-06-09 03:00:00,25.131554,0,0
2017-06-09 04:00:00,25.29107,0,0
2017-06-09 05:00:00,24.543818,0,0
2017-06-09 06:00:00,25.073036,0,0
2017-06-09 07:00:00,25.98776,0,0
2017-06-09 08:00:00,26.888168,0,0
2017-06-09 09:00:00,27.333776,0,0
2017-06-09 10:00:00,27.138863,0,0
2017-06-09 11:00:00,27.128023,0,0
2017-06-09 12:00:00,26.492744,0,0
2017-06-09 13:00:00,27.229208,0,0
2017-06-09 14:00:00,26.353586,0,0
2017-06-09 15:00:00,26.615938,0,0
2017-06-09 16:00:00,26.18794,0,0
2017-06-09 17:00:00,25.911997,0,0
2017-06-09 18:00:00,25.632109,0,0
2017-06-09 19:00:00,25.115713,0,0
2017-06-09 20:00:00,25.329914,0,0
2017-06-09 21:00:00,24.960213,0,0
2017-06-09 22:00:00,24.770136,0,0
2017-06-09 23:00:00,24.68211,0,0
2017-06-10 00:00:00,24.538725,1,0
2017-06-10 01:00:00,24.551811,1,0
2017-06-10 02:00:00,24.619991,1,0
2017-06-10 03:00:00,25.180363,1,0
2017-06-10 04:00:00,24.909395,1,0
2017-06-10 05:00:00,24.734602,1,0
2017-06-10 06:00:00,24.61973,1,0
2017-06-10 07:00:00,25.212967,1,0
2017-06-10 08:00:00,26.337238,1,0
2017-06-10 09:00:00,27.18036,1,0
2017-06-10 10:00:00,28.088907,1,0
2017-06-10 11:00:00,29.19436,1,0
2017-06-10 12:00:00,29.437561,1,0
2017-06-10 13:00:00,29.70211,1,0
2017-06-10 14:00:00,29.218378,1,0
2017-06-10 15:00:00,27.47193,1,0
2017-06-10 16:00:00,27.123415,1,0
2017-06-10 17:00:00,27.220253,1,0
2017-06-10 18:00:00,26.944933,1,0
2017-06-10 19:00:00,26.669401,1,0
2017-06-10 20:00:00,26.566538,1,0
2017-06-10 21:00:00,26.252005,1,0
2017-06-10 22:00:00,26.071037,1,0
2017-06-10 23:00:00,25.774347,1,0
2017-06-11 00:00:00,25.4807,1,0
2017-06-11 01:00:00,25.34241,1,0
2017-06-11 02:00:00,25.461182,1,0
2017-06-11 03:00:00,25.312035,1,0
2017-06-11 04:00:00,25.059475,1,0
2017-06-11 05:00:00,24.87449,1,0
2017-06-11 06:00:00,24.909214,1,0
2017-06-11 07:00:00,25.13401,1,0
2017-06-11 08:00:00,25.961918,1,0
2017-06-11 09:00:00,26.65247,1,0
2017-06-11 10:00:00,27.401308,1,0
2017-06-11 11:00:00,28.525696,1,0
2017-06-11 12:00:00,29.117294,1,0
2017-06-11 13:00:00,28.810102,1,0
2017-06-11 14:00:00,27.3372,1,0
2017-06-11 15:00:00,25.949648,1,0
2017-06-11 16:00:00,25.724737,1,0
2017-06-11 17:00:00,25.832287,1,0
2017-06-11 18:00:00,25.699612,1,0
2017-06-11 19:00:00,25.721216,1,0
2017-06-11 20:00:00,25.544895,1,0
2017-06-11 21:00:00,25.409243,1,0
2017-06-11 22:00:00,25.187086,1,0
2017-06-11 23:00:00,25.09348,1,0
2017-06-12 00:00:00,24.96192,0,0
2017-06-12 01:00:00,24.85214,0,0
2017-06-12 02:00:00,24.948841,0,0
2017-06-12 03:00:00,24.75962,0,0
2017-06-12 04:00:00,24.508165,0,0
2017-06-12 05:00:00,23.743702,0,0
2017-06-12 06:00:00,23.768497,0,0
2017-06-12 07:00:00,25.067616,0,0
2017-06-12 08:00:00,25.958166,0,0
2017-06-12 09:00:00,27.093884,0,0
2017-06-12 10:00:00,27.91975,0,0
2017-06-12 11:00:00,27.182043,0,0
2017-06-12 12:00:00,25.96332,0,0
2017-06-12 13:00:00,26.880043,0,0
2017-06-12 14:00:00,27.722088,0,0
2017-06-12 15:00:00,27.486776,0,0
2017-06-12 16:00:00,27.360165,0,0
2017-06-12 17:00:00,27.177082,0,0
2017-06-12 18:00:00,26.830914,0,0
2017-06-12 19:00:00,25.7156,0,0
2017-06-12 20:00:00,25.162434,0,0
2017-06-12 21:00:00,24.98954,0,0
2017-06-12 22:00:00,24.837755,0,0
2017-06-12 23:00:00,24.63307,0,0
2017-06-13 00:00:00,24.692587,0,0
2017-06-13 01:00:00,24.809242,0,0
2017-06-13 02:00:00,24.609505,0,0
2017-06-13 03:00:00,24.101513,0,0
2017-06-13 04:00:00,24.463589,0,0
2017-06-13 05:00:00,24.337006,0,0
2017-06-13 06:00:00,24.512997,0,0
2017-06-13 07:00:00,24.439394,0,0
2017-06-13 08:00:00,25.05348,0,0
2017-06-13 09:00:00,25.443295,0,0
2017-06-13 10:00:00,26.112144,0,0
2017-06-13 11:00:00,26.276308,0,0
2017-06-13 12:00:00,27.059881,0,0
2017-06-13 13:00:00,27.209581,0,0
2017-06-13 14:00:00,27.383038,0,0
2017-06-13 15:00:00,27.638247,0,0
2017-06-13 16:00:00,27.30627,0,0
2017-06-13 17:00:00,26.97348,0,0
2017-06-13 18:00:00,26.738354,0,0
2017-06-13 19:00:00,25.976606,0,0
2017-06-13 20:00:00,25.326345,0,0
2017-06-13 21:00:00,25.176016,0,0
2017-06-13 22:00:00,24.948582,0,0
2017-06-13 23:00:00,24.6288,0,0
2017-06-14 00:00:00,24.398243,0,0
2017-06-14 01:00:00,24.352743,0,0
2017-06-14 02:00:00,24.207495,0,0
2017-06-14 03:00:00,24.141546,0,0
2017-06-14 04:00:00,24.173744,0,0
2017-06-14 05:00:00,24.095495,0,0
2017-06-14 06:00:00,24.174345,0,0
2017-06-14 07:00:00,25.079178,0,0
2017-06-14 08:00:00,26.421106,0,0
2017-06-14 09:00:00,27.497572,0,0
2017-06-14 10:00:00,28.55486,0,0
2017-06-14 11:00:00,28.842325,0,0
2017-06-14 12:00:00,28.922146,0,0
2017-06-14 13:00:00,29.139181,0,0
2017-06-14 14:00:00,29.13178,0,0
2017-06-14 15:00:00,28.884386,0,0
2017-06-14 16:00:00,28.315392,0,0
2017-06-14 17:00:00,28.018368,0,0
2017-06-14 18:00:00,27.315538,0,0
2017-06-14 19:00:00,26.204233,0,0
2017-06-14 20:00:00,27.11959,0,0
2017-06-14 21:00:00,26.77907,0,0
2017-06-14 22:00:00,25.780409,0,0
2017-06-14 23:00:00,25.26059,0,0
2017-06-15 00:00:00,25.541857,0,0
2017-06-15 01:00:00,25.322414,0,0
2017-06-15 02:00:00,25.610153,0,0
2017-06-15 03:00:00,25.021416,0,0
2017-06-15 04:00:00,25.285765,0,0
2017-06-15 05:00:00,25.430264,0,0
2017-06-15 06:00:00,24.687841,0,0
2017-06-15 07:00:00,25.889595,0,0
2017-06-15 08:00:00,26.862114,0,0
2017-06-15 09:00:00,26.526678,0,0
2017-06-15 10:00:00,26.994772,0,0
2017-06-15 11:00:00,28.005074,0,0
2017-06-15 12:00:00,28.304996,0,0
2017-06-15 13:00:00,28.549726,0,0
2017-06-15 14:00:00,28.59603,0,0
2017-06-15 15:00:00,28.419891,0,0
2017-06-15 16:00:00,28.50892,0,0
2017-06-15 17:00:00,27.835726,0,0
2017-06-15 18:00:00,27.042603,0,0
2017-06-15 19:00:00,26.837793,0,0
2017-06-15 20:00:00,26.49467,0,0
2017-06-15 21:00:00,26.439548,0,0
2017-06-15 22:00:00,25.985125,0,0
2017-06-15 23:00:00,25.845312,0,0
2017-06-16 00:00:00,25.675085,0,0
2017-06-16 01:00:00,25.463373,0,0
2017-06-16 02:00:00,25.212257,0,0
2017-06-16 03:00:00,25.01583,0,0
2017-06-16 04:00:00,24.732107,0,0
2017-06-16 05:00:00,24.913374,0,0
2017-06-16 06:00:00,25.008396,0,0
2017-06-16 07:00:00,25.616209,0,0
2017-06-16 08:00:00,25.72097,0,0
2017-06-16 09:00:00,26.015577,0,0
2017-06-16 10:00:00,26.943138,0,0
2017-06-16 11:00:00,27.18659,0,0
2017-06-16 12:00:00,27.165066,0,0
2017-06-16 13:00:00,27.212486,0,0
2017-06-16 14:00:00,27.595734,0,0
2017-06-16 15:00:00,27.858973,0,0
2017-06-16 16:00:00,26.113989,0,0
2017-06-16 17:00:00,25.914505,0,0
2017-06-16 18:00:00,25.865025,0,0
2017-06-16 19:00:00,25.569757,0,0
2017-06-16 20:00:00,25.01165,0,0
2017-06-16 21:00:00,24.766665,0,0
2017-06-16 22:00:00,25.478539,0,0
2017-06-16 23:00:00,24.671215,0,0
2017-06-17 00:00:00,24.457718,1,0
2017-06-17 01:00:00,24.30058,1,0
2017-06-17 02:00:00,24.461998,1,0
2017-06-17 03:00:00,24.493032,1,0
2017-06-17 04:00:00,24.584484,1,0
2017-06-17 05:00:00,24.476606,1,0
2017-06-17 06:00:00,24.390102,1,0
2017-06-17 07:00:00,24.98527,1,0
2017-06-17 08:00:00,26.331293,1,0
2017-06-17 09:00:00,27.19177,1,0
2017-06-17 10:00:00,28.065483,1,0
2017-06-17 11:00:00,28.470013,1,0
2017-06-17 12:00:00,26.779095,1,0
2017-06-17 13:00:00,27.059261,1,0
2017-06-17 14:00:00,27.342487,1,0
2017-06-17 15:00:00,27.690916,1,0
2017-06-17 16:00:00,27.705168,1,0
2017-06-17 17:00:00,27.553759,1,0
2017-06-17 18:00:00,27.013424,1,0
2017-06-17 19:00:00,26.340069,1,0
2017-06-17 20:00:00,26.229885,1,0
2017-06-17 21:00:00,26.21996,1,0
2017-06-17 22:00:00,26.080147,1,0
2017-06-17 23:00:00,26.010036,1,0
2017-06-18 00:00:00,25.842234,1,0
2017-06-18 01:00:00,25.738546,1,0
2017-06-18 02:00:00,25.526985,1,0
2017-06-18 03:00:00,25.32037,1,0
2017-06-18 04:00:00,25.190071,1,0
2017-06-18 05:00:00,25.155088,1,0
2017-06-18 06:00:00,25.24007,1,0
2017-06-18 07:00:00,25.842117,1,0
2017-06-18 08:00:00,26.677393,1,0
2017-06-18 09:00:00,27.152296,1,0
2017-06-18 10:00:00,27.231916,1,0
2017-06-18 11:00:00,27.48742,1,0
2017-06-18 12:00:00,28.293858,1,0
2017-06-18 13:00:00,28.702522,1,0
2017-06-18 14:00:00,28.828394,1,0
2017-06-18 15:00:00,28.296461,1,0
2017-06-18 16:00:00,28.160583,1,0
2017-06-18 17:00:00,27.698057,1,0
2017-06-18 18:00:00,27.241297,1,0
2017-06-18 19:00:00,26.621332,1,0
2017-06-18 20:00:00,25.985825,1,0
2017-06-18 21:00:00,25.830849,1,0
2017-06-18 22:00:00,25.657692,1,0
2017-06-18 23:00:00,25.599289,1,0
2017-06-19 00:00:00,26.053307,0,0
2017-06-19 01:00:00,25.983456,0,0
2017-06-19 02:00:00,25.477509,0,0
2017-06-19 03:00:00,25.379293,0,0
2017-06-19 04:00:00,24.945244,0,0
2017-06-19 05:00:00,24.913424,0,0
2017-06-19 06:00:00,24.914799,0,0
2017-06-19 07:00:00,25.83617,0,0
2017-06-19 08:00:00,26.034416,0,0
2017-06-19 09:00:00,26.08016,0,0
2017-06-19 10:00:00,25.892967,0,0
2017-06-19 11:00:00,26.359394,0,0
2017-06-19 12:00:00,26.82924,0,0
2017-06-19 13:00:00,27.6455,0,0
2017-06-19 14:00:00,27.54065,0,0
2017-06-19 15:00:00,27.38798,0,0
2017-06-19 16:00:00,27.376385,0,0
2017-06-19 17:00:00,27.142258,0,0
2017-06-19 18:00:00,27.002367,0,0
2017-06-19 19:00:00,26.574968,0,0
2017-06-19 20:00:00,25.870283,0,0
2017-06-19 21:00:00,25.583632,0,0
2017-06-19 22:00:00,25.554712,0,0
2017-06-19 23:00:00,25.26252,0,0
2017-06-20 00:00:00,25.070923,0,0
2017-06-20 01:00:00,24.941032,0,0
2017-06-20 02:00:00,24.791035,0,0
2017-06-20 03:00:00,25.184862,0,0
2017-06-20 04:00:00,24.480587,0,0
2017-06-20 05:00:00,23.87426,0,0
2017-06-20 06:00:00,23.940996,0,0
2017-06-20 07:00:00,25.499142,0,0
2017-06-20 08:00:00,26.935646,0,0
2017-06-20 09:00:00,27.85869,0,0
2017-06-20 10:00:00,28.70348,0,0
2017-06-20 11:00:00,29.136677,0,0
2017-06-20 12:00:00,29.78134,0,0
2017-06-20 13:00:00,29.643387,0,0
2017-06-20 14:00:00,28.845385,0,0
2017-06-20 15:00:00,28.710033,0,0
2017-06-20 16:00:00,28.162415,0,0
2017-06-20 17:00:00,27.327576,0,0
2017-06-20 18:00:00,26.703041,0,0
2017-06-20 19:00:00,27.081932,0,0
2017-06-20 20:00:00,26.588432,0,0
2017-06-20 21:00:00,26.177801,0,0
2017-06-20 22:00:00,25.9658,0,0
2017-06-20 23:00:00,24.805004,0,0
2017-06-21 00:00:00,24.611328,0,0
2017-06-21 01:00:00,24.388056,0,0
2017-06-21 02:00:00,24.295933,0,0
2017-06-21 03:00:00,24.414375,0,0
2017-06-21 04:00:00,24.419468,0,0
2017-06-21 05:00:00,24.505972,0,0
2017-06-21 06:00:00,24.605825,0,0
2017-06-21 07:00:00,24.86616,0,0
2017-06-21 08:00:00,25.681915,0,0
2017-06-21 09:00:00,26.103317,0,0
2017-06-21 10:00:00,26.708965,0,0
2017-06-21 11:00:00,27.1466,0,0
2017-06-21 12:00:00,27.455236,0,0
2017-06-21 13:00:00,26.950764,0,0
2017-06-21 14:00:00,27.03299,0,0
2017-06-21 15:00:00,27.318846,0,0
2017-06-21 16:00:00,27.255136,0,0
2017-06-21 17:00:00,27.3119,0,0
2017-06-21 18:00:00,26.724201,0,0
2017-06-21 19:00:00,26.86383,0,0
2017-06-21 20:00:00,26.423231,0,0
2017-06-21 21:00:00,26.132748,0,0
2017-06-21 22:00:00,26.109331,0,0
2017-06-21 23:00:00,24.842781,0,0
2017-06-22 00:00:00,24.238243,0,0
2017-06-22 01:00:00,24.28114,0,0
2017-06-22 02:00:00,24.144224,0,0
2017-06-22 03:00:00,24.067759,0,0
2017-06-22 04:00:00,23.97464,0,0
2017-06-22 05:00:00,24.2372,0,0
2017-06-22 06:00:00,24.153744,0,0
2017-06-22 07:00:00,25.153414,0,0
2017-06-22 08:00:00,26.139133,0,0
2017-06-22 09:00:00,27.081732,0,0
2017-06-22 10:00:00,28.06355,0,0
2017-06-22 11:00:00,28.012058,0,0
2017-06-22 12:00:00,28.252872,0,0
2017-06-22 13:00:00,28.342398,0,0
2017-06-22 14:00:00,28.536308,0,0
2017-06-22 15:00:00,28.674774,0,0
2017-06-22 16:00:00,28.868826,0,0
2017-06-22 17:00:00,27.573446,0,0
2017-06-22 18:00:00,26.16363,0,0
2017-06-22 19:00:00,26.427277,0,0
2017-06-22 20:00:00,26.24988,0,0
2017-06-22 21:00:00,25.939693,0,0
2017-06-22 22:00:00,25.434748,0,0
2017-06-22 23:00:00,25.256641,0,0
2017-06-23 00:00:00,25.192886,0,0
2017-06-23 01:00:00,24.762997,0,0
2017-06-23 02:00:00,24.384483,0,0
2017-06-23 03:00:00,24.150957,0,0
2017-06-23 04:00:00,24.258766,0,0
2017-06-23 05:00:00,23.851103,0,0
2017-06-23 06:00:00,24.35836,0,0
2017-06-23 07:00:00,25.271708,0,0
2017-06-23 08:00:00,26.378277,0,0
2017-06-23 09:00:00,27.05217,0,0
2017-06-23 10:00:00,27.762386,0,0
2017-06-23 11:00:00,28.527262,0,0
2017-06-23 12:00:00,29.025738,0,0
2017-06-23 13:00:00,29.146555,0,0
2017-06-23 14:00:00,28.629606,0,0
2017-06-23 15:00:00,28.694332,0,0
2017-06-23 16:00:00,28.298573,0,0
2017-06-23 17:00:00,28.49731,0,0
2017-06-23 18:00:00,28.030508,0,0
2017-06-23 19:00:00,26.551512,0,0
2017-06-23 20:00:00,26.36255,0,0
2017-06-23 21:00:00,25.961288,0,0
2017-06-23 22:00:00,25.843224,0,0
2017-06-23 23:00:00,25.656837,0,0
2017-06-24 00:00:00,25.56126,1,0
2017-06-24 01:00:00,25.639366,1,0
2017-06-24 02:00:00,25.526424,1,0
2017-06-24 03:00:00,25.241295,1,0
2017-06-24 04:00:00,25.06293,1,0
2017-06-24 05:00:00,25.068283,1,0
2017-06-24 06:00:00,25.000221,1,0
2017-06-24 07:00:00,26.026278,1,0
2017-06-24 08:00:00,27.349766,1,0
2017-06-24 09:00:00,28.355858,1,0
2017-06-24 10:00:00,29.321203,1,0
2017-06-24 11:00:00,30.29176,1,0
2017-06-24 12:00:00,29.057886,1,0
2017-06-24 13:00:00,29.737965,1,0
2017-06-24 14:00:00,29.023952,1,0
2017-06-24 15:00:00,29.165964,1,0
2017-06-24 16:00:00,28.76002,1,0
2017-06-24 17:00:00,28.07232,1,0
2017-06-24 18:00:00,27.336746,1,0
2017-06-24 19:00:00,26.806904,1,0
2017-06-24 20:00:00,26.474823,1,0
2017-06-24 21:00:00,26.191887,1,0
2017-06-24 22:00:00,25.89349,1,0
2017-06-24 23:00:00,25.744158,1,0
2017-06-25 00:00:00,25.261368,1,0
2017-06-25 01:00:00,25.343409,1,0
2017-06-25 02:00:00,25.195456,1,0
2017-06-25 03:00:00,24.827278,1,0
2017-06-25 04:00:00,24.524559,1,0
2017-06-25 05:00:00,24.325045,1,0
2017-06-25 06:00:00,24.25248,1,0
2017-06-25 07:00:00,25.49052,1,0
2017-06-25 08:00:00,26.55189,1,0
2017-06-25 09:00:00,27.305857,1,0
2017-06-25 10:00:00,28.336077,1,0
2017-06-25 11:00:00,29.287455,1,0
2017-06-25 12:00:00,29.938946,1,0
2017-06-25 13:00:00,30.358341,1,0
2017-06-25 14:00:00,27.113457,1,0
2017-06-25 15:00:00,27.45744,1,0
2017-06-25 16:00:00,28.098902,1,0
2017-06-25 17:00:00,26.248487,1,0
2017-06-25 18:00:00,25.58314,1,0
2017-06-25 19:00:00,26.394672,1,0
2017-06-25 20:00:00,26.181175,1,0
2017-06-25 21:00:00,26.05155,1,0
2017-06-25 22:00:00,25.638462,1,0
2017-06-25 23:00:00,25.305265,1,0
2017-06-26 00:00:00,25.229652,0,0
2017-06-26 01:00:00,25.223038,0,0
2017-06-26 02:00:00,25.061737,0,0
2017-06-26 03:00:00,24.84077,0,0
2017-06-26 04:00:00,24.826685,0,0
2017-06-26 05:00:00,24.6833,0,0
2017-06-26 06:00:00,24.719845,0,0
2017-06-26 07:00:00,25.942787,0,0
2017-06-26 08:00:00,26.602667,0,0
2017-06-26 09:00:00,27.11968,0,0
2017-06-26 10:00:00,27.649601,0,0
2017-06-26 11:00:00,27.423866,0,0
2017-06-26 12:00:00,27.91287,0,0
2017-06-26 13:00:00,27.433537,0,0
2017-06-26 14:00:00,26.512096,0,0
2017-06-26 15:00:00,26.407934,0,0
2017-06-26 16:00:00,26.746786,0,0
2017-06-26 17:00:00,26.473368,0,0
2017-06-26 18:00:00,25.877752,0,0
2017-06-26 19:00:00,26.055412,0,0
2017-06-26 20:00:00,25.825638,0,0
2017-06-26 21:00:00,25.584711,0,0
2017-06-26 22:00:00,25.278606,0,0
2017-06-26 23:00:00,25.162327,0,0
2017-06-27 00:00:00,25.165373,0,0
2017-06-27 01:00:00,25.042965,0,0
2017-06-27 02:00:00,24.857983,0,0
2017-06-27 03:00:00,24.69794,0,0
2017-06-27 04:00:00,24.323921,0,0
2017-06-27 05:00:00,24.306448,0,0
2017-06-27 06:00:00,24.323784,0,0
2017-06-27 07:00:00,24.899843,0,0
2017-06-27 08:00:00,25.602512,0,0
2017-06-27 09:00:00,26.379423,0,0
2017-06-27 10:00:00,26.91812,0,0
2017-06-27 11:00:00,27.681583,0,0
2017-06-27 12:00:00,28.400173,0,0
2017-06-27 13:00:00,28.47025,0,0
2017-06-27 14:00:00,28.379051,0,0
2017-06-27 15:00:00,27.279161,0,0
2017-06-27 16:00:00,27.042448,0,0
2017-06-27 17:00:00,26.341623,0,0
2017-06-27 18:00:00,26.063635,0,0
2017-06-27 19:00:00,26.088171,0,0
2017-06-27 20:00:00,25.769136,0,0
2017-06-27 21:00:00,25.592817,0,0
2017-06-27 22:00:00,25.446125,0,0
2017-06-27 23:00:00,24.810135,0,0
2017-06-28 00:00:00,25.19114,0,0
2017-06-28 01:00:00,24.984785,0,0
2017-06-28 02:00:00,24.56151,0,0
2017-06-28 03:00:00,24.462706,0,0
2017-06-28 04:00:00,24.476278,0,0
2017-06-28 05:00:00,24.136646,0,0
2017-06-28 06:00:00,23.978836,0,0
2017-06-28 07:00:00,25.142935,0,0
2017-06-28 08:00:00,26.39531,0,0
2017-06-28 09:00:00,27.547688,0,0
2017-06-28 10:00:00,28.439026,0,0
2017-06-28 11:00:00,28.415956,0,0
2017-06-28 12:00:00,27.263086,0,0
2017-06-28 13:00:00,27.720243,0,0
2017-06-28 14:00:00,27.474405,0,0
2017-06-28 15:00:00,27.353556,0,0
2017-06-28 16:00:00,26.739168,0,0
2017-06-28 17:00:00,26.965343,0,0
2017-06-28 18:00:00,26.151731,0,0
2017-06-28 19:00:00,25.669615,0,0
2017-06-28 20:00:00,25.27233,0,0
2017-06-28 21:00:00,25.143963,0,0
2017-06-28 22:00:00,24.90608,0,0
2017-06-28 23:00:00,24.88471,0,0
2017-06-29 00:00:00,24.81155,0,0
2017-06-29 01:00:00,24.523521,0,0
2017-06-29 02:00:00,24.397572,0,0
2017-06-29 03:00:00,24.573376,0,0
2017-06-29 04:00:00,24.379993,0,0
2017-06-29 05:00:00,24.370214,0,0
2017-06-29 06:00:00,24.201628,0,0
2017-06-29 07:00:00,24.274601,0,0
2017-06-29 08:00:00,25.067791,0,0
2017-06-29 09:00:00,26.382994,0,0
2017-06-29 10:00:00,27.357819,0,0
2017-06-29 11:00:00,28.092947,0,0
2017-06-29 12:00:00,28.479296,0,0
2017-06-29 13:00:00,28.471203,0,0
2017-06-29 14:00:00,28.944262,0,0
2017-06-29 15:00:00,28.602032,0,0
2017-06-29 16:00:00,26.07046,0,0
2017-06-29 17:00:00,26.357979,0,0
2017-06-29 18:00:00,26.233892,0,0
2017-06-29 19:00:00,26.430847,0,0
2017-06-29 20:00:00,25.957243,0,0
2017-06-29 21:00:00,25.666237,0,0
2017-06-29 22:00:00,25.297388,0,0
2017-06-29 23:00:00,25.302336,0,0
2017-06-30 00:00:00,25.012257,0,0
2017-06-30 01:00:00,24.843002,0,0
2017-06-30 02:00:00,24.589956,0,0
2017-06-30 03:00:00,24.374676,0,0
2017-06-30 04:00:00,24.202333,0,0
2017-06-30 05:00:00,24.210735,0,0
2017-06-30 06:00:00,24.040363,0,0
2017-06-30 07:00:00,24.721514,0,0
2017-06-30 08:00:00,25.679276,0,0
2017-06-30 09:00:00,26.708933,0,0
2017-06-30 10:00:00,27.888561,0,0
2017-06-30 11:00:00,28.508488,0,0
2017-06-30 12:00:00,28.465628,0,0
2017-06-30 13:00:00,27.71319,0,0
2017-06-30 14:00:00,27.646824,0,0
2017-06-30 15:00:00,27.926035,0,0
2017-06-30 16:00:00,28.223104,0,0
2017-06-30 17:00:00,28.027004,0,0
2017-06-30 18:00:00,27.397379,0,0
2017-06-30 19:00:00,26.540724,0,0
2017-06-30 20:00:00,26.178568,0,0
2017-06-30 21:00:00,26.09601,0,0
2017-06-30 22:00:00,25.934711,0,0
2017-06-30 23:00:00,25.637009,0,0
2017-07-01 00:00:00,25.466858,1,0
2017-07-01 01:00:00,25.299055,1,0
2017-07-01 02:00:00,24.916306,1,0
2017-07-01 03:00:00,24.797602,1,0
2017-07-01 04:00:00,24.665453,1,0
2017-07-01 05:00:00,24.559097,1,0
2017-07-01 06:00:00,24.505674,1,0
2017-07-01 07:00:00,25.227093,1,0
2017-07-01 08:00:00,26.734156,1,0
2017-07-01 09:00:00,28.172775,1,0
2017-07-01 10:00:00,29.459085,1,0
2017-07-01 11:00:00,30.527859,1,0
2017-07-01 12:00:00,30.854816,1,0
2017-07-01 13:00:00,30.32522,1,0
2017-07-01 14:00:00,29.66939,1,0
2017-07-01 15:00:00,30.624258,1,0
2017-07-01 16:00:00,29.690092,1,0
2017-07-01 17:00:00,28.56582,1,0
2017-07-01 18:00:00,27.846233,1,0
2017-07-01 19:00:00,27.93914,1,0
2017-07-01 20:00:00,27.367798,1,0
2017-07-01 21:00:00,26.762375,1,0
2017-07-01 22:00:00,26.231293,1,0
2017-07-01 23:00:00,25.91924,1,0
2017-07-02 00:00:00,24.920874,1,0
2017-07-02 01:00:00,25.227608,1,0
2017-07-02 02:00:00,24.905972,1,0
2017-07-02 03:00:00,24.445932,1,0
2017-07-02 04:00:00,24.33337,1,0
2017-07-02 05:00:00,24.600101,1,0
2017-07-02 06:00:00,24.949959,1,0
2017-07-02 07:00:00,25.337755,1,0
2017-07-02 08:00:00,26.267122,1,0
2017-07-02 09:00:00,27.198078,1,0
2017-07-02 10:00:00,28.439928,1,0
2017-07-02 11:00:00,28.793789,1,0
2017-07-02 12:00:00,30.300268,1,0
2017-07-02 13:00:00,29.092169,1,0
2017-07-02 14:00:00,29.520884,1,0
2017-07-02 15:00:00,27.96812,1,0
2017-07-02 16:00:00,28.111841,1,0
2017-07-02 17:00:00,26.937193,1,0
2017-07-02 18:00:00,26.328491,1,0
2017-07-02 19:00:00,25.792032,1,0
2017-07-02 20:00:00,25.42259,1,0
2017-07-02 21:00:00,25.277832,1,0
2017-07-02 22:00:00,25.15122,1,0
2017-07-02 23:00:00,25.091032,1,0
2017-07-03 00:00:00,24.844603,0,0
2017-07-03 01:00:00,24.788841,0,0
2017-07-03 02:00:00,24.801664,0,0
2017-07-03 03:00:00,25.03657,0,0
2017-07-03 04:00:00,24.382961,0,0
2017-07-03 05:00:00,24.016453,0,0
2017-07-03 06:00:00,24.095818,0,0
2017-07-03 07:00:00,25.771706,0,0
2017-07-03 08:00:00,26.222183,0,0
2017-07-03 09:00:00,27.30571,0,0
2017-07-03 10:00:00,28.013132,0,0
2017-07-03 11:00:00,28.069548,0,0
2017-07-03 12:00:00,27.65747,0,0
2017-07-03 13:00:00,28.4873,0,0
2017-07-03 14:00:00,26.50231,0,0
2017-07-03 15:00:00,26.303326,0,0
2017-07-03 16:00:00,26.56358,0,0
2017-07-03 17:00:00,26.868004,0,0
2017-07-03 18:00:00,26.617712,0,0
2017-07-03 19:00:00,26.562635,0,0
2017-07-03 20:00:00,26.68981,0,0
2017-07-03 21:00:00,25.53044,0,0
2017-07-03 22:00:00,25.297058,0,0
2017-07-03 23:00:00,25.197834,0,0
2017-07-04 00:00:00,25.2846,0,0
2017-07-04 01:00:00,25.224415,0,0
2017-07-04 02:00:00,24.745312,0,0
2017-07-04 03:00:00,24.616653,0,0
2017-07-04 04:00:00,24.757282,0,0
2017-07-04 05:00:00,24.642935,0,0
2017-07-04 06:00:00,24.55312,0,0
2017-07-04 07:00:00,25.31483,0,0
2017-07-04 08:00:00,26.271107,0,0
2017-07-04 09:00:00,27.193216,0,0
2017-07-04 10:00:00,27.864471,0,0
2017-07-04 11:00:00,28.494478,0,0
2017-07-04 12:00:00,28.9914,0,0
2017-07-04 13:00:00,28.382767,0,0
2017-07-04 14:00:00,28.338276,0,0
2017-07-04 15:00:00,27.586754,0,0
2017-07-04 16:00:00,27.912188,0,0
2017-07-04 17:00:00,27.66962,0,0
2017-07-04 18:00:00,27.054304,0,0
2017-07-04 19:00:00,26.263077,0,0
2017-07-04 20:00:00,26.10962,0,0
2017-07-04 21:00:00,26.033485,0,0
2017-07-04 22:00:00,26.072037,0,0
2017-07-04 23:00:00,25.765976,0,0
2017-07-05 00:00:00,25.437017,0,0
2017-07-05 01:00:00,25.115383,0,0
2017-07-05 02:00:00,24.962484,0,0
2017-07-05 03:00:00,24.726639,0,0
2017-07-05 04:00:00,24.57883,0,0
2017-07-05 05:00:00,24.217121,0,0
2017-07-05 06:00:00,24.129091,0,0
2017-07-05 07:00:00,25.768875,0,0
2017-07-05 08:00:00,26.8411,0,0
2017-07-05 09:00:00,27.845148,0,0
2017-07-05 10:00:00,26.328144,0,0
2017-07-05 11:00:00,27.596088,0,0
2017-07-05 12:00:00,28.987839,0,0
2017-07-05 13:00:00,29.590265,0,0
2017-07-05 14:00:00,28.750774,0,0
2017-07-05 15:00:00,28.172195,0,0
2017-07-05 16:00:00,28.410715,0,0
2017-07-05 17:00:00,27.843164,0,0
2017-07-05 18:00:00,27.420929,0,0
2017-07-05 19:00:00,25.655384,0,0
2017-07-05 20:00:00,25.504711,0,0
2017-07-05 21:00:00,25.272514,0,0
2017-07-05 22:00:00,25.183372,0,0
2017-07-05 23:00:00,24.917353,0,0
2017-07-06 00:00:00,24.718876,0,0
2017-07-06 01:00:00,24.415306,0,0
2017-07-06 02:00:00,24.47126,0,0
2017-07-06 03:00:00,24.30542,0,0
2017-07-06 04:00:00,24.580227,0,0
2017-07-06 05:00:00,24.728558,0,0
2017-07-06 06:00:00,24.346212,0,0
2017-07-06 07:00:00,25.521793,0,0
2017-07-06 08:00:00,26.997065,0,0
2017-07-06 09:00:00,28.23498,0,0
2017-07-06 10:00:00,28.133156,0,0
2017-07-06 11:00:00,27.859085,0,0
2017-07-06 12:00:00,27.45291,0,0
2017-07-06 13:00:00,26.427504,0,0
2017-07-06 14:00:00,26.020296,0,0
2017-07-06 15:00:00,26.21078,0,0
2017-07-06 16:00:00,26.03476,0,0
2017-07-06 17:00:00,26.313128,0,0
2017-07-06 18:00:00,26.044554,0,0
2017-07-06 19:00:00,26.027424,0,0
2017-07-06 20:00:00,25.684301,0,0
2017-07-06 21:00:00,25.448055,0,0
2017-07-06 22:00:00,25.313599,0,0
2017-07-06 23:00:00,25.14018,0,0
2017-07-07 00:00:00,24.876608,0,0
2017-07-07 01:00:00,24.84211,0,0
2017-07-07 02:00:00,24.558573,0,0
2017-07-07 03:00:00,24.785233,0,0
2017-07-07 04:00:00,24.734041,0,0
2017-07-07 05:00:00,24.600948,0,0
2017-07-07 06:00:00,24.753664,0,0
2017-07-07 07:00:00,24.978354,0,0
2017-07-07 08:00:00,25.825184,0,0
2017-07-07 09:00:00,26.329151,0,0
2017-07-07 10:00:00,26.471188,0,0
2017-07-07 11:00:00,26.722761,0,0
2017-07-07 12:00:00,26.507996,0,0
2017-07-07 13:00:00,26.510088,0,0
2017-07-07 14:00:00,26.938202,0,0
2017-07-07 15:00:00,26.380505,0,0
2017-07-07 16:00:00,26.157087,0,0
2017-07-07 17:00:00,26.296902,0,0
2017-07-07 18:00:00,26.20928,0,0
2017-07-07 19:00:00,25.70579,0,0
2017-07-07 20:00:00,25.518167,0,0
2017-07-07 21:00:00,25.308243,0,0
2017-07-07 22:00:00,25.325493,0,0
2017-07-07 23:00:00,25.261667,0,0
2017-07-08 00:00:00,25.119808,1,0
2017-07-08 01:00:00,25.06966,1,0
2017-07-08 02:00:00,25.056427,1,0
2017-07-08 03:00:00,24.974869,1,0
2017-07-08 04:00:00,25.134125,1,0
2017-07-08 05:00:00,25.13524,1,0
2017-07-08 06:00:00,25.055351,1,0
2017-07-08 07:00:00,24.467644,1,0
2017-07-08 08:00:00,25.120283,1,0
2017-07-08 09:00:00,26.380537,1,0
2017-07-08 10:00:00,27.338154,1,0
2017-07-08 11:00:00,28.82655,1,0
2017-07-08 12:00:00,28.577888,1,0
2017-07-08 13:00:00,28.41582,1,0
2017-07-08 14:00:00,27.33173,1,0
2017-07-08 15:00:00,27.680168,1,0
2017-07-08 16:00:00,27.293709,1,0
2017-07-08 17:00:00,27.164606,1,0
2017-07-08 18:00:00,27.066652,1,0
2017-07-08 19:00:00,26.163927,1,0
2017-07-08 20:00:00,26.20181,1,0
2017-07-08 21:00:00,26.190952,1,0
2017-07-08 22:00:00,26.039692,1,0
2017-07-08 23:00:00,25.472185,1,0
2017-07-09 00:00:00,25.611145,1,0
2017-07-09 01:00:00,25.644342,1,0
2017-07-09 02:00:00,25.577946,1,0
2017-07-09 03:00:00,25.609476,1,0
2017-07-09 04:00:00,25.71508,1,0
2017-07-09 05:00:00,25.470175,1,0
2017-07-09 06:00:00,25.343596,1,0
2017-07-09 07:00:00,25.336794,1,0
2017-07-09 08:00:00,26.38817,1,0
2017-07-09 09:00:00,27.706728,1,0
2017-07-09 10:00:00,28.487238,1,0
2017-07-09 11:00:00,29.365866,1,0
2017-07-09 12:00:00,30.21318,1,0
2017-07-09 13:00:00,30.841536,1,0
2017-07-09 14:00:00,30.596106,1,0
2017-07-09 15:00:00,28.207302,1,0
2017-07-09 16:00:00,26.977606,1,0
2017-07-09 17:00:00,26.852404,1,0
2017-07-09 18:00:00,26.481768,1,0
2017-07-09 19:00:00,26.120283,1,0
2017-07-09 20:00:00,25.741034,1,0
2017-07-09 21:00:00,25.589249,1,0
2017-07-09 22:00:00,25.467762,1,0
2017-07-09 23:00:00,25.268208,1,0
2017-07-10 00:00:00,25.166683,0,0
2017-07-10 01:00:00,25.008165,0,0
2017-07-10 02:00:00,24.99765,0,0
2017-07-10 03:00:00,24.550287,0,0
2017-07-10 04:00:00,24.593264,0,0
2017-07-10 05:00:00,24.767311,0,0
2017-07-10 06:00:00,24.607689,0,0
2017-07-10 07:00:00,24.73563,0,0
2017-07-10 08:00:00,25.328344,0,0
2017-07-10 09:00:00,25.961164,0,0
2017-07-10 10:00:00,26.337173,0,0
2017-07-10 11:00:00,26.601482,0,0
2017-07-10 12:00:00,27.296885,0,0
2017-07-10 13:00:00,28.03683,0,0
2017-07-10 14:00:00,28.278282,0,0
2017-07-10 15:00:00,28.756948,0,0
2017-07-10 16:00:00,28.329922,0,0
2017-07-10 17:00:00,27.340546,0,0
2017-07-10 18:00:00,26.83791,0,0
2017-07-10 19:00:00,25.201889,0,0
2017-07-10 20:00:00,25.243896,0,0
2017-07-10 21:00:00,25.131971,0,0
2017-07-10 22:00:00,25.1671,0,0
2017-07-10 23:00:00,25.281712,0,0
2017-07-11 00:00:00,25.236135,0,0
2017-07-11 01:00:00,25.092148,0,0
2017-07-11 02:00:00,25.125086,0,0
2017-07-11 03:00:00,25.048998,0,0
2017-07-11 04:00:00,24.827248,0,0
2017-07-11 05:00:00,24.720108,0,0
2017-07-11 06:00:00,24.88524,0,0
2017-07-11 07:00:00,24.37654,0,0
2017-07-11 08:00:00,24.80222,0,0
2017-07-11 09:00:00,25.333023,0,0
2017-07-11 10:00:00,26.845913,0,0
2017-07-11 11:00:00,26.48285,0,0
2017-07-11 12:00:00,25.99195,0,0
2017-07-11 13:00:00,26.23381,0,0
2017-07-11 14:00:00,27.454355,0,0
2017-07-11 15:00:00,27.102024,0,0
2017-07-11 16:00:00,27.118565,0,0
2017-07-11 17:00:00,26.792624,0,0
2017-07-11 18:00:00,26.456118,0,0
2017-07-11 19:00:00,25.19698,0,0
2017-07-11 20:00:00,24.762852,0,0
2017-07-11 21:00:00,24.902779,0,0
2017-07-11 22:00:00,24.676607,0,0
2017-07-11 23:00:00,24.525345,0,0
2017-07-12 00:00:00,24.552258,0,0
2017-07-12 01:00:00,24.39233,0,0
2017-07-12 02:00:00,24.314753,0,0
2017-07-12 03:00:00,24.150995,0,0
2017-07-12 04:00:00,24.693563,0,0
2017-07-12 05:00:00,24.020252,0,0
2017-07-12 06:00:00,23.978392,0,0
2017-07-12 07:00:00,24.756311,0,0
2017-07-12 08:00:00,25.68753,0,0
2017-07-12 09:00:00,26.422098,0,0
2017-07-12 10:00:00,27.543879,0,0
2017-07-12 11:00:00,28.488115,0,0
2017-07-12 12:00:00,28.56645,0,0
2017-07-12 13:00:00,29.206264,0,0
2017-07-12 14:00:00,29.27309,0,0
2017-07-12 15:00:00,29.708452,0,0
2017-07-12 16:00:00,29.37286,0,0
2017-07-12 17:00:00,28.71806,0,0
2017-07-12 18:00:00,27.76159,0,0
2017-07-12 19:00:00,27.349619,0,0
2017-07-12 20:00:00,26.730436,0,0
2017-07-12 21:00:00,26.329586,0,0
2017-07-12 22:00:00,26.034939,0,0
2017-07-12 23:00:00,25.709736,0,0
2017-07-13 00:00:00,25.421707,0,0
2017-07-13 01:00:00,25.23494,0,0
2017-07-13 02:00:00,25.048843,0,0
2017-07-13 03:00:00,25.178616,0,0
2017-07-13 04:00:00,25.012337,0,0
2017-07-13 05:00:00,24.971184,0,0
2017-07-13 06:00:00,24.924608,0,0
2017-07-13 07:00:00,26.00122,0,0
2017-07-13 08:00:00,27.00899,0,0
2017-07-13 09:00:00,27.666458,0,0
2017-07-13 10:00:00,27.73436,0,0
2017-07-13 11:00:00,28.160824,0,0
2017-07-13 12:00:00,28.7454,0,0
2017-07-13 13:00:00,26.586922,0,0
2017-07-13 14:00:00,26.920828,0,0
2017-07-13 15:00:00,26.870943,0,0
2017-07-13 16:00:00,26.263472,0,0
2017-07-13 17:00:00,26.491838,0,0
2017-07-13 18:00:00,26.44593,0,0
2017-07-13 19:00:00,26.004925,0,0
2017-07-13 20:00:00,25.470613,0,0
2017-07-13 21:00:00,25.305265,0,0
2017-07-13 22:00:00,25.132923,0,0
2017-07-13 23:00:00,25.091442,0,0
2017-07-14 00:00:00,24.820625,0,0
2017-07-14 01:00:00,24.742704,0,0
2017-07-14 02:00:00,24.723038,0,0
2017-07-14 03:00:00,24.76323,0,0
2017-07-14 04:00:00,24.28527,0,0
2017-07-14 05:00:00,24.134417,0,0
2017-07-14 06:00:00,23.989248,0,0
2017-07-14 07:00:00,25.08884,0,0
2017-07-14 08:00:00,25.859804,0,0
2017-07-14 09:00:00,26.784077,0,0
2017-07-14 10:00:00,28.021667,0,0
2017-07-14 11:00:00,28.736977,0,0
2017-07-14 12:00:00,29.238123,0,0
2017-07-14 13:00:00,29.280275,0,0
2017-07-14 14:00:00,28.503103,0,0
2017-07-14 15:00:00,28.765965,0,0
2017-07-14 16:00:00,27.861689,0,0
2017-07-14 17:00:00,27.450832,0,0
2017-07-14 18:00:00,26.830051,0,0
2017-07-14 19:00:00,25.768791,0,0
2017-07-14 20:00:00,25.54868,0,0
2017-07-14 21:00:00,25.387232,0,0
2017-07-14 22:00:00,25.265598,0,0
2017-07-14 23:00:00,25.185417,0,0
2017-07-15 00:00:00,25.092817,1,0
2017-07-15 01:00:00,24.857052,1,0
2017-07-15 02:00:00,24.685482,1,0
2017-07-15 03:00:00,24.202696,1,0
2017-07-15 04:00:00,23.582138,1,0
2017-07-15 05:00:00,23.51091,1,0
2017-07-15 06:00:00,23.298798,1,0
2017-07-15 07:00:00,24.172592,1,0
2017-07-15 08:00:00,24.672543,1,0
2017-07-15 09:00:00,25.484613,1,0
2017-07-15 10:00:00,26.84929,1,0
2017-07-15 11:00:00,27.91788,1,0
2017-07-15 12:00:00,27.869888,1,0
2017-07-15 13:00:00,27.374126,1,0
2017-07-15 14:00:00,27.456858,1,0
2017-07-15 15:00:00,27.462704,1,0
2017-07-15 16:00:00,27.157726,1,0
2017-07-15 17:00:00,26.743496,1,0
2017-07-15 18:00:00,26.308659,1,0
2017-07-15 19:00:00,26.281963,1,0
2017-07-15 20:00:00,25.797386,1,0
2017-07-15 21:00:00,25.789433,1,0
2017-07-15 22:00:00,25.671448,1,0
2017-07-15 23:00:00,25.523153,1,0
2017-07-16 00:00:00,25.236126,1,0
2017-07-16 01:00:00,24.961588,1,0
2017-07-16 02:00:00,24.775755,1,0
2017-07-16 03:00:00,24.402254,1,0
2017-07-16 04:00:00,24.318874,1,0
2017-07-16 05:00:00,24.140364,1,0
2017-07-16 06:00:00,23.899357,1,0
2017-07-16 07:00:00,24.80114,1,0
2017-07-16 08:00:00,25.452993,1,0
2017-07-16 09:00:00,25.664736,1,0
2017-07-16 10:00:00,26.723057,1,0
2017-07-16 11:00:00,27.948591,1,0
2017-07-16 12:00:00,28.106024,1,0
2017-07-16 13:00:00,28.690928,1,0
2017-07-16 14:00:00,26.343128,1,0
2017-07-16 15:00:00,26.120895,1,0
2017-07-16 16:00:00,25.193916,1,0
2017-07-16 17:00:00,25.654402,1,0
2017-07-16 18:00:00,25.531652,1,0
2017-07-16 19:00:00,25.858837,1,0
2017-07-16 20:00:00,25.652103,1,0
2017-07-16 21:00:00,25.506458,1,0
2017-07-16 22:00:00,25.263483,1,0
2017-07-16 23:00:00,24.90839,1,0
2017-07-17 00:00:00,24.60839,0,0
2017-07-17 01:00:00,24.557049,0,0
2017-07-17 02:00:00,24.48404,0,0
2017-07-17 03:00:00,24.274376,0,0
2017-07-17 04:00:00,24.313335,0,0
2017-07-17 05:00:00,24.309765,0,0
2017-07-17 06:00:00,24.15214,0,0
2017-07-17 07:00:00,25.051928,0,0
2017-07-17 08:00:00,26.119322,0,0
2017-07-17 09:00:00,27.053926,0,0
2017-07-17 10:00:00,27.7837,0,0
2017-07-17 11:00:00,28.414404,0,0
2017-07-17 12:00:00,28.444225,0,0
2017-07-17 13:00:00,28.529293,0,0
2017-07-17 14:00:00,28.469774,0,0
2017-07-17 15:00:00,28.556904,0,0
2017-07-17 16:00:00,28.183437,0,0
2017-07-17 17:00:00,27.780052,0,0
2017-07-17 18:00:00,26.833176,0,0
2017-07-17 19:00:00,26.50319,0,0
2017-07-17 20:00:00,26.4762,0,0
2017-07-17 21:00:00,26.220514,0,0
2017-07-17 22:00:00,26.020515,0,0
2017-07-17 23:00:00,25.55869,0,0
2017-07-18 00:00:00,25.276608,0,0
2017-07-18 01:00:00,25.086124,0,0
2017-07-18 02:00:00,24.731098,0,0
2017-07-18 03:00:00,24.388647,0,0
2017-07-18 04:00:00,24.186007,0,0
2017-07-18 05:00:00,24.258099,0,0
2017-07-18 06:00:00,24.168022,0,0
2017-07-18 07:00:00,25.020844,0,0
2017-07-18 08:00:00,25.13306,0,0
2017-07-18 09:00:00,25.592161,0,0
2017-07-18 10:00:00,27.632013,0,0
2017-07-18 11:00:00,27.56914,0,0
2017-07-18 12:00:00,27.283974,0,0
2017-07-18 13:00:00,27.11351,0,0
2017-07-18 14:00:00,27.405159,0,0
2017-07-18 15:00:00,27.72036,0,0
2017-07-18 16:00:00,27.579952,0,0
2017-07-18 17:00:00,27.285456,0,0
2017-07-18 18:00:00,26.787909,0,0
2017-07-18 19:00:00,26.44408,0,0
2017-07-18 20:00:00,26.056051,0,0
2017-07-18 21:00:00,25.891033,0,0
2017-07-18 22:00:00,25.737726,0,0
2017-07-18 23:00:00,25.388317,0,0
2017-07-19 00:00:00,25.369389,0,0
2017-07-19 01:00:00,25.082554,0,0
2017-07-19 02:00:00,24.697493,0,0
2017-07-19 03:00:00,24.708427,0,0
2017-07-19 04:00:00,24.514967,0,0
2017-07-19 05:00:00,24.360065,0,0
2017-07-19 06:00:00,24.258951,0,0
2017-07-19 07:00:00,25.81613,0,0
2017-07-19 08:00:00,26.318913,0,0
2017-07-19 09:00:00,26.894592,0,0
2017-07-19 10:00:00,27.507189,0,0
2017-07-19 11:00:00,28.342907,0,0
2017-07-19 12:00:00,29.039228,0,0
2017-07-19 13:00:00,26.942017,0,0
2017-07-19 14:00:00,26.198254,0,0
2017-07-19 15:00:00,25.780422,0,0
2017-07-19 16:00:00,25.681389,0,0
2017-07-19 17:00:00,25.673775,0,0
2017-07-19 18:00:00,25.550617,0,0
2017-07-19 19:00:00,25.478014,0,0
2017-07-19 20:00:00,25.078684,0,0
2017-07-19 21:00:00,24.731993,0,0
2017-07-19 22:00:00,24.564259,0,0
2017-07-19 23:00:00,24.38504,0,0
2017-07-20 00:00:00,24.018236,0,0
2017-07-20 01:00:00,23.915188,0,0
2017-07-20 02:00:00,23.741508,0,0
2017-07-20 03:00:00,23.942963,0,0
2017-07-20 04:00:00,23.864191,0,0
2017-07-20 05:00:00,23.70248,0,0
2017-07-20 06:00:00,23.652481,0,0
2017-07-20 07:00:00,24.471186,0,0
2017-07-20 08:00:00,26.009806,0,0
2017-07-20 09:00:00,27.564966,0,0
2017-07-20 10:00:00,28.720798,0,0
2017-07-20 11:00:00,29.390121,0,0
2017-07-20 12:00:00,28.776997,0,0
2017-07-20 13:00:00,28.49931,0,0
2017-07-20 14:00:00,29.560549,0,0
2017-07-20 15:00:00,29.181368,0,0
2017-07-20 16:00:00,27.77319,0,0
2017-07-20 17:00:00,26.886385,0,0
2017-07-20 18:00:00,26.353334,0,0
2017-07-20 19:00:00,28.05858,0,0
2017-07-20 20:00:00,26.747765,0,0
2017-07-20 21:00:00,26.727652,0,0
2017-07-20 22:00:00,26.393196,0,0
2017-07-20 23:00:00,26.078585,0,0
2017-07-21 00:00:00,25.807804,0,0
2017-07-21 01:00:00,25.579214,0,0
2017-07-21 02:00:00,25.435163,0,0
2017-07-21 03:00:00,24.988617,0,0
2017-07-21 04:00:00,24.686306,0,0
2017-07-21 05:00:00,24.515226,0,0
2017-07-21 06:00:00,23.971725,0,0
2017-07-21 07:00:00,24.901026,0,0
2017-07-21 08:00:00,25.958755,0,0
2017-07-21 09:00:00,26.783293,0,0
2017-07-21 10:00:00,27.634552,0,0
2017-07-21 11:00:00,28.420717,0,0
2017-07-21 12:00:00,26.62829,0,0
2017-07-21 13:00:00,27.280859,0,0
2017-07-21 14:00:00,27.397678,0,0
2017-07-21 15:00:00,27.369352,0,0
2017-07-21 16:00:00,27.480537,0,0
2017-07-21 17:00:00,26.945557,0,0
2017-07-21 18:00:00,26.6195,0,0
2017-07-21 19:00:00,26.264957,0,0
2017-07-21 20:00:00,26.1363,0,0
2017-07-21 21:00:00,25.813143,0,0
2017-07-21 22:00:00,25.406265,0,0
2017-07-21 23:00:00,25.078606,0,0
2017-07-22 00:00:00,24.87456,1,0
2017-07-22 01:00:00,24.513927,1,0
2017-07-22 02:00:00,24.301027,1,0
2017-07-22 03:00:00,24.508282,1,0
2017-07-22 04:00:00,24.391556,1,0
2017-07-22 05:00:00,24.529846,1,0
2017-07-22 06:00:00,24.606022,1,0
2017-07-22 07:00:00,25.194195,1,0
2017-07-22 08:00:00,26.66973,1,0
2017-07-22 09:00:00,27.97913,1,0
2017-07-22 10:00:00,28.67433,1,0
2017-07-22 11:00:00,29.146225,1,0
2017-07-22 12:00:00,29.339434,1,0
2017-07-22 13:00:00,29.682785,1,0
2017-07-22 14:00:00,28.426802,1,0
2017-07-22 15:00:00,28.508757,1,0
2017-07-22 16:00:00,27.402925,1,0
2017-07-22 17:00:00,27.12746,1,0
2017-07-22 18:00:00,26.00247,1,0
2017-07-22 19:00:00,25.453365,1,0
2017-07-22 20:00:00,25.208458,1,0
2017-07-22 21:00:00,25.051842,1,0
2017-07-22 22:00:00,25.089394,1,0
2017-07-22 23:00:00,25.006527,1,0
2017-07-23 00:00:00,24.969429,1,0
2017-07-23 01:00:00,24.832518,1,0
2017-07-23 02:00:00,24.69475,1,0
2017-07-23 03:00:00,24.580286,1,0
2017-07-23 04:00:00,24.4243,1,0
2017-07-23 05:00:00,24.49824,1,0
2017-07-23 06:00:00,24.510658,1,0
2017-07-23 07:00:00,25.172298,1,0
2017-07-23 08:00:00,26.284077,1,0
2017-07-23 09:00:00,27.1573,1,0
2017-07-23 10:00:00,27.849787,1,0
2017-07-23 11:00:00,28.718111,1,0
2017-07-23 12:00:00,29.725956,1,0
2017-07-23 13:00:00,29.448261,1,0
2017-07-23 14:00:00,29.191631,1,0
2017-07-23 15:00:00,28.243496,1,0
2017-07-23 16:00:00,26.475832,1,0
2017-07-23 17:00:00,26.661665,1,0
2017-07-23 18:00:00,26.453005,1,0
2017-07-23 19:00:00,25.530731,1,0
2017-07-23 20:00:00,25.491179,1,0
2017-07-23 21:00:00,25.188541,1,0
2017-07-23 22:00:00,25.05839,1,0
2017-07-23 23:00:00,25.098467,1,0
2017-07-24 00:00:00,25.178091,0,0
2017-07-24 01:00:00,25.03661,0,0
2017-07-24 02:00:00,24.854528,0,0
2017-07-24 03:00:00,24.897583,0,0
2017-07-24 04:00:00,24.872377,0,0
2017-07-24 05:00:00,24.843788,0,0
2017-07-24 06:00:00,24.94498,0,0
2017-07-24 07:00:00,25.514568,0,0
2017-07-24 08:00:00,26.84988,0,0
2017-07-24 09:00:00,28.04207,0,0
2017-07-24 10:00:00,28.645147,0,0
2017-07-24 11:00:00,29.313955,0,0
2017-07-24 12:00:00,29.049639,0,0
2017-07-24 13:00:00,28.878113,0,0
2017-07-24 14:00:00,30.563372,0,0
2017-07-24 15:00:00,27.013699,0,0
2017-07-24 16:00:00,27.987532,0,0
2017-07-24 17:00:00,28.35221,0,0
2017-07-24 18:00:00,27.844854,0,0
2017-07-24 19:00:00,27.212587,0,0
2017-07-24 20:00:00,26.767944,0,0
2017-07-24 21:00:00,26.403336,0,0
2017-07-24 22:00:00,25.980062,0,0
2017-07-24 23:00:00,25.874823,0,0
2017-07-25 00:00:00,25.806234,0,0
2017-07-25 01:00:00,25.615046,0,0
2017-07-25 02:00:00,25.572329,0,0
2017-07-25 03:00:00,25.703857,0,0
2017-07-25 04:00:00,25.244555,0,0
2017-07-25 05:00:00,24.830616,0,0
2017-07-25 06:00:00,24.891888,0,0
2017-07-25 07:00:00,24.642847,0,0
2017-07-25 08:00:00,25.983223,0,0
2017-07-25 09:00:00,27.473366,0,0
2017-07-25 10:00:00,28.529198,0,0
2017-07-25 11:00:00,29.440792,0,0
2017-07-25 12:00:00,29.893797,0,0
2017-07-25 13:00:00,26.991821,0,0
2017-07-25 14:00:00,27.078636,0,0
2017-07-25 15:00:00,27.192139,0,0
2017-07-25 16:00:00,27.911957,0,0
2017-07-25 17:00:00,27.585522,0,0
2017-07-25 18:00:00,26.89307,0,0
2017-07-25 19:00:00,25.833775,0,0
2017-07-25 20:00:00,25.758574,0,0
2017-07-25 21:00:00,25.378016,0,0
2017-07-25 22:00:00,25.15289,0,0
2017-07-25 23:00:00,25.357574,0,0
2017-07-26 00:00:00,25.419022,0,0
2017-07-26 01:00:00,25.495602,0,0
2017-07-26 02:00:00,25.351744,0,0
2017-07-26 03:00:00,25.099289,0,0
2017-07-26 04:00:00,24.837988,0,0
2017-07-26 05:00:00,24.58653,0,0
2017-07-26 06:00:00,24.723969,0,0
2017-07-26 07:00:00,24.638725,0,0
2017-07-26 08:00:00,25.622923,0,0
2017-07-26 09:00:00,26.70281,0,0
2017-07-26 10:00:00,28.566607,0,0
2017-07-26 11:00:00,28.783522,0,0
2017-07-26 12:00:00,29.612335,0,0
2017-07-26 13:00:00,29.09767,0,0
2017-07-26 14:00:00,27.82699,0,0
2017-07-26 15:00:00,28.092648,0,0
2017-07-26 16:00:00,28.050842,0,0
2017-07-26 17:00:00,28.06092,0,0
2017-07-26 18:00:00,27.20278,0,0
2017-07-26 19:00:00,26.544048,0,0
2017-07-26 20:00:00,26.336239,0,0
2017-07-26 21:00:00,26.19438,0,0
2017-07-26 22:00:00,25.878431,0,0
2017-07-26 23:00:00,25.422367,0,0
2017-07-27 00:00:00,25.17939,0,0
2017-07-27 01:00:00,24.990723,0,0
2017-07-27 02:00:00,24.672329,0,0
2017-07-27 03:00:00,24.626684,0,0
2017-07-27 04:00:00,24.403412,0,0
2017-07-27 05:00:00,24.383223,0,0
2017-07-27 06:00:00,24.472038,0,0
2017-07-27 07:00:00,25.562016,0,0
2017-07-27 08:00:00,26.863081,0,0
2017-07-27 09:00:00,28.174074,0,0
2017-07-27 10:00:00,29.223433,0,0
2017-07-27 11:00:00,30.327072,0,0
2017-07-27 12:00:00,31.07919,0,0
2017-07-27 13:00:00,31.336065,0,0
2017-07-27 14:00:00,30.333244,0,0
2017-07-27 15:00:00,29.736784,0,0
2017-07-27 16:00:00,29.144186,0,0
2017-07-27 17:00:00,28.685781,0,0
2017-07-27 18:00:00,27.823107,0,0
2017-07-27 19:00:00,27.104595,0,0
2017-07-27 20:00:00,26.731733,0,0
2017-07-27 21:00:00,26.506786,0,0
2017-07-27 22:00:00,26.207905,0,0
2017-07-27 23:00:00,25.923447,0,0
2017-07-28 00:00:00,25.712145,0,0
2017-07-28 01:00:00,25.583632,0,0
2017-07-28 02:00:00,25.192217,0,0
2017-07-28 03:00:00,25.289692,0,0
2017-07-28 04:00:00,24.862667,0,0
2017-07-28 05:00:00,24.758507,0,0
2017-07-28 06:00:00,25.012589,0,0
2017-07-28 07:00:00,25.581663,0,0
2017-07-28 08:00:00,26.271992,0,0
2017-07-28 09:00:00,27.073057,0,0
2017-07-28 10:00:00,27.238958,0,0
2017-07-28 11:00:00,28.392792,0,0
2017-07-28 12:00:00,28.967342,0,0
2017-07-28 13:00:00,29.16251,0,0
2017-07-28 14:00:00,27.898155,0,0
2017-07-28 15:00:00,27.832584,0,0
2017-07-28 16:00:00,26.817158,0,0
2017-07-28 17:00:00,25.808195,0,0
2017-07-28 18:00:00,25.823067,0,0
2017-07-28 19:00:00,25.96455,0,0
2017-07-28 20:00:00,25.643063,0,0
2017-07-28 21:00:00,25.558197,0,0
2017-07-28 22:00:00,25.500727,0,0
2017-07-28 23:00:00,25.416529,0,0
2017-07-29 00:00:00,25.36229,1,0
2017-07-29 01:00:00,25.36318,1,0
2017-07-29 02:00:00,25.219683,1,0
2017-07-29 03:00:00,25.173592,1,0
2017-07-29 04:00:00,24.957972,1,0
2017-07-29 05:00:00,24.724445,1,0
2017-07-29 06:00:00,24.697535,1,0
2017-07-29 07:00:00,24.404558,1,0
2017-07-29 08:00:00,25.704481,1,0
2017-07-29 09:00:00,26.92425,1,0
2017-07-29 10:00:00,27.424135,1,0
2017-07-29 11:00:00,27.648516,1,0
2017-07-29 12:00:00,28.297699,1,0
2017-07-29 13:00:00,28.77396,1,0
2017-07-29 14:00:00,28.541294,1,0
2017-07-29 15:00:00,26.570923,1,0
2017-07-29 16:00:00,26.748764,1,0
2017-07-29 17:00:00,26.773823,1,0
2017-07-29 18:00:00,26.48553,1,0
2017-07-29 19:00:00,26.477015,1,0
2017-07-29 20:00:00,26.256788,1,0
2017-07-29 21:00:00,26.116566,1,0
2017-07-29 22:00:00,26.059952,1,0
2017-07-29 23:00:00,25.962112,1,0
2017-07-30 00:00:00,25.174494,1,0
2017-07-30 01:00:00,24.82456,1,0
2017-07-30 02:00:00,24.63958,1,0
2017-07-30 03:00:00,24.420135,1,0
2017-07-30 04:00:00,24.21385,1,0
2017-07-30 05:00:00,24.43627,1,0
2017-07-30 06:00:00,24.242477,1,0
2017-07-30 07:00:00,24.9665,1,0
2017-07-30 08:00:00,25.477016,1,0
2017-07-30 09:00:00,25.921137,1,0
2017-07-30 10:00:00,27.029179,1,0
2017-07-30 11:00:00,28.18621,1,0
2017-07-30 12:00:00,28.32383,1,0
2017-07-30 13:00:00,29.015827,1,0
2017-07-30 14:00:00,27.773806,1,0
2017-07-30 15:00:00,26.846388,1,0
2017-07-30 16:00:00,25.955982,1,0
2017-07-30 17:00:00,25.951887,1,0
2017-07-30 18:00:00,25.944603,1,0
2017-07-30 19:00:00,25.331701,1,0
2017-07-30 20:00:00,25.090363,1,0
2017-07-30 21:00:00,24.976015,1,0
2017-07-30 22:00:00,24.90081,1,0
2017-07-30 23:00:00,24.852335,1,0
2017-07-31 00:00:00,24.692295,0,0
2017-07-31 01:00:00,24.432371,0,0
2017-07-31 02:00:00,24.136465,0,0
2017-07-31 03:00:00,24.179325,0,0
2017-07-31 04:00:00,24.19724,0,0
2017-07-31 05:00:00,23.93943,0,0
2017-07-31 06:00:00,24.061443,0,0
2017-07-31 07:00:00,24.40769,0,0
2017-07-31 08:00:00,25.654972,0,0
2017-07-31 09:00:00,26.526752,0,0
2017-07-31 10:00:00,26.57563,0,0
2017-07-31 11:00:00,26.653715,0,0
2017-07-31 12:00:00,26.23099,0,0
2017-07-31 13:00:00,26.01463,0,0
2017-07-31 14:00:00,25.606606,0,0
2017-07-31 15:00:00,25.78304,0,0
2017-07-31 16:00:00,25.645197,0,0
2017-07-31 17:00:00,25.611183,0,0
2017-07-31 18:00:00,25.3959,0,0
2017-07-31 19:00:00,25.93044,0,0
2017-07-31 20:00:00,25.323969,0,0
2017-07-31 21:00:00,25.589546,0,0
2017-07-31 22:00:00,25.2752,0,0
2017-07-31 23:00:00,25.082079,0,0
2017-08-01 00:00:00,24.590889,0,0
2017-08-01 01:00:00,24.713898,0,0
2017-08-01 02:00:00,24.456165,0,0
2017-08-01 03:00:00,24.094603,0,0
2017-08-01 04:00:00,23.961145,0,0
2017-08-01 05:00:00,23.85895,0,0
2017-08-01 06:00:00,23.482517,0,0
2017-08-01 07:00:00,24.843575,0,0
2017-08-01 08:00:00,26.029177,0,0
2017-08-01 09:00:00,26.337494,0,0
2017-08-01 10:00:00,25.991863,0,0
2017-08-01 11:00:00,27.396877,0,0
2017-08-01 12:00:00,27.24737,0,0
2017-08-01 13:00:00,27.429016,0,0
2017-08-01 14:00:00,27.847504,0,0
2017-08-01 15:00:00,28.255089,0,0
2017-08-01 16:00:00,27.80448,0,0
2017-08-01 17:00:00,27.094732,0,0
2017-08-01 18:00:00,26.526407,0,0
2017-08-01 19:00:00,26.099205,0,0
2017-08-01 20:00:00,25.61653,0,0
2017-08-01 21:00:00,25.230808,0,0
2017-08-01 22:00:00,25.134903,0,0
2017-08-01 23:00:00,24.993305,0,0
2017-08-02 00:00:00,24.903084,0,0
2017-08-02 01:00:00,24.871264,0,0
2017-08-02 02:00:00,24.856243,0,0
2017-08-02 03:00:00,24.86093,0,0
2017-08-02 04:00:00,24.701597,0,0
2017-08-02 05:00:00,24.598028,0,0
2017-08-02 06:00:00,24.615685,0,0
2017-08-02 07:00:00,24.832438,0,0
2017-08-02 08:00:00,26.10288,0,0
2017-08-02 09:00:00,27.451832,0,0
2017-08-02 10:00:00,28.595215,0,0
2017-08-02 11:00:00,29.702461,0,0
2017-08-02 12:00:00,29.185472,0,0
2017-08-02 13:00:00,29.125433,0,0
2017-08-02 14:00:00,29.670456,0,0
2017-08-02 15:00:00,29.994814,0,0
2017-08-02 16:00:00,29.45574,0,0
2017-08-02 17:00:00,28.386261,0,0
2017-08-02 18:00:00,27.690237,0,0
2017-08-02 19:00:00,26.96511,0,0
2017-08-02 20:00:00,26.161095,0,0
2017-08-02 21:00:00,25.807198,0,0
2017-08-02 22:00:00,25.654966,0,0
2017-08-02 23:00:00,25.316383,0,0
2017-08-03 00:00:00,25.118284,0,0
2017-08-03 01:00:00,24.931778,0,0
2017-08-03 02:00:00,25.058096,0,0
2017-08-03 03:00:00,25.042671,0,0
2017-08-03 04:00:00,24.96457,0,0
2017-08-03 05:00:00,24.751743,0,0
2017-08-03 06:00:00,24.479916,0,0
2017-08-03 07:00:00,25.630585,0,0
2017-08-03 08:00:00,27.180655,0,0
2017-08-03 09:00:00,28.455072,0,0
2017-08-03 10:00:00,29.664326,0,0
2017-08-03 11:00:00,30.197262,0,0
2017-08-03 12:00:00,30.613956,0,0
2017-08-03 13:00:00,30.832468,0,0
2017-08-03 14:00:00,28.35484,0,0
2017-08-03 15:00:00,28.708185,0,0
2017-08-03 16:00:00,28.659794,0,0
2017-08-03 17:00:00,28.206633,0,0
2017-08-03 18:00:00,27.492432,0,0
2017-08-03 19:00:00,27.132698,0,0
2017-08-03 20:00:00,26.704334,0,0
2017-08-03 21:00:00,26.567421,0,0
2017-08-03 22:00:00,26.408905,0,0
2017-08-03 23:00:00,26.00448,0,0
2017-08-04 00:00:00,25.780321,0,0
2017-08-04 01:00:00,25.45348,0,0
2017-08-04 02:00:00,25.423,0,0
2017-08-04 03:00:00,25.106934,0,0
2017-08-04 04:00:00,25.190132,0,0
2017-08-04 05:00:00,25.189249,0,0
2017-08-04 06:00:00,25.210735,0,0
2017-08-04 07:00:00,26.017208,0,0
2017-08-04 08:00:00,27.055826,0,0
2017-08-04 09:00:00,28.11351,0,0
2017-08-04 10:00:00,28.479198,0,0
2017-08-04 11:00:00,26.180016,0,0
2017-08-04 12:00:00,27.149038,0,0
2017-08-04 13:00:00,27.682062,0,0
2017-08-04 14:00:00,28.28567,0,0
2017-08-04 15:00:00,28.726303,0,0
2017-08-04 16:00:00,28.371853,0,0
2017-08-04 17:00:00,26.471436,0,0
2017-08-04 18:00:00,25.730652,0,0
2017-08-04 19:00:00,25.589607,0,0
2017-08-04 20:00:00,25.230276,0,0
2017-08-04 21:00:00,25.245226,0,0
2017-08-04 22:00:00,25.187347,0,0
2017-08-04 23:00:00,25.22649,0,0
2017-08-05 00:00:00,25.180914,1,0
2017-08-05 01:00:00,25.418652,1,0
2017-08-05 02:00:00,25.241138,1,0
2017-08-05 03:00:00,24.992777,1,0
2017-08-05 04:00:00,24.856089,1,0
2017-08-05 05:00:00,24.750732,1,0
2017-08-05 06:00:00,25.048882,1,0
2017-08-05 07:00:00,24.976604,1,0
2017-08-05 08:00:00,25.667158,1,0
2017-08-05 09:00:00,26.088821,1,0
2017-08-05 10:00:00,26.725359,1,0
2017-08-05 11:00:00,27.268364,1,0
2017-08-05 12:00:00,27.831585,1,0
2017-08-05 13:00:00,27.412172,1,0
2017-08-05 14:00:00,27.163488,1,0
2017-08-05 15:00:00,27.14828,1,0
2017-08-05 16:00:00,26.9989,1,0
2017-08-05 17:00:00,26.751354,1,0
2017-08-05 18:00:00,26.278608,1,0
2017-08-05 19:00:00,25.895079,1,0
2017-08-05 20:00:00,25.524704,1,0
2017-08-05 21:00:00,25.318499,1,0
2017-08-05 22:00:00,25.378538,1,0
2017-08-05 23:00:00,25.751257,1,0
2017-08-06 00:00:00,25.559658,1,0
2017-08-06 01:00:00,25.78557,1,0
2017-08-06 02:00:00,25.758844,1,0
2017-08-06 03:00:00,24.44434,1,0
2017-08-06 04:00:00,24.299171,1,0
2017-08-06 05:00:00,24.186087,1,0
2017-08-06 06:00:00,24.192556,1,0
2017-08-06 07:00:00,25.05538,1,0
2017-08-06 08:00:00,26.046602,1,0
2017-08-06 09:00:00,27.001842,1,0
2017-08-06 10:00:00,27.81489,1,0
2017-08-06 11:00:00,28.054258,1,0
2017-08-06 12:00:00,28.373848,1,0
2017-08-06 13:00:00,27.867565,1,0
2017-08-06 14:00:00,28.015337,1,0
2017-08-06 15:00:00,27.925686,1,0
2017-08-06 16:00:00,27.552994,1,0
2017-08-06 17:00:00,27.470388,1,0
2017-08-06 18:00:00,26.899426,1,0
2017-08-06 19:00:00,26.266161,1,0
2017-08-06 20:00:00,25.916899,1,0
2017-08-06 21:00:00,26.082438,1,0
2017-08-06 22:00:00,25.66385,1,0
2017-08-06 23:00:00,25.436272,1,0
2017-08-07 00:00:00,24.89567,0,0
2017-08-07 01:00:00,24.827606,0,0
2017-08-07 02:00:00,24.47166,0,0
2017-08-07 03:00:00,24.39408,0,0
2017-08-07 04:00:00,25.131292,0,0
2017-08-07 05:00:00,24.62397,0,0
2017-08-07 06:00:00,24.243227,0,0
2017-08-07 07:00:00,24.837727,0,0
2017-08-07 08:00:00,26.1269,0,0
2017-08-07 09:00:00,27.650648,0,0
2017-08-07 10:00:00,28.687891,0,0
2017-08-07 11:00:00,29.41585,0,0
2017-08-07 12:00:00,28.959604,0,0
2017-08-07 13:00:00,26.957226,0,0
2017-08-07 14:00:00,27.233517,0,0
2017-08-07 15:00:00,28.089909,0,0
2017-08-07 16:00:00,28.537502,0,0
2017-08-07 17:00:00,28.64587,0,0
2017-08-07 18:00:00,27.725792,0,0
2017-08-07 19:00:00,27.03928,0,0
2017-08-07 20:00:00,26.797832,0,0
2017-08-07 21:00:00,27.05308,0,0
2017-08-07 22:00:00,26.150993,0,0
2017-08-07 23:00:00,25.718874,0,0
2017-08-08 00:00:00,25.500696,0,0
2017-08-08 01:00:00,25.51293,0,0
2017-08-08 02:00:00,25.093672,0,0
2017-08-08 03:00:00,25.052742,0,0
2017-08-08 04:00:00,24.651365,0,0
2017-08-08 05:00:00,24.991035,0,0
2017-08-08 06:00:00,25.110329,0,0
2017-08-08 07:00:00,25.803526,0,0
2017-08-08 08:00:00,27.160442,0,0
2017-08-08 09:00:00,28.653517,0,0
2017-08-08 10:00:00,29.493954,0,0
2017-08-08 11:00:00,30.173203,0,0
2017-08-08 12:00:00,29.900454,0,0
2017-08-08 13:00:00,29.824629,0,0
2017-08-08 14:00:00,30.024498,0,0
2017-08-08 15:00:00,27.29052,0,0
2017-08-08 16:00:00,26.243145,0,0
2017-08-08 17:00:00,25.926676,0,0
2017-08-08 18:00:00,25.80835,0,0
2017-08-08 19:00:00,25.699093,0,0
2017-08-08 20:00:00,25.212145,0,0
2017-08-08 21:00:00,24.963667,0,0
2017-08-08 22:00:00,24.971886,0,0
2017-08-08 23:00:00,24.998465,0,0
2017-08-09 00:00:00,25.05315,0,0
2017-08-09 01:00:00,25.071068,0,0
2017-08-09 02:00:00,24.84601,0,0
2017-08-09 03:00:00,24.766645,0,0
2017-08-09 04:00:00,24.413076,0,0
2017-08-09 05:00:00,24.74605,0,0
2017-08-09 06:00:00,24.720253,0,0
2017-08-09 07:00:00,25.352451,0,0
2017-08-09 08:00:00,26.604225,0,0
2017-08-09 09:00:00,27.008154,0,0
2017-08-09 10:00:00,26.772236,0,0
2017-08-09 11:00:00,26.541151,0,0
2017-08-09 12:00:00,26.890055,0,0
2017-08-09 13:00:00,27.551697,0,0
2017-08-09 14:00:00,28.008545,0,0
2017-08-09 15:00:00,28.054005,0,0
2017-08-09 16:00:00,27.728567,0,0
2017-08-09 17:00:00,27.25377,0,0
2017-08-09 18:00:00,26.607264,0,0
2017-08-09 19:00:00,26.164045,0,0
2017-08-09 20:00:00,25.875084,0,0
2017-08-09 21:00:00,25.878393,0,0
2017-08-09 22:00:00,25.540363,0,0
2017-08-09 23:00:00,25.167614,0,0
2017-08-10 00:00:00,25.35345,0,0
2017-08-10 01:00:00,25.432076,0,0
2017-08-10 02:00:00,25.338694,0,0
2017-08-10 03:00:00,25.23427,0,0
2017-08-10 04:00:00,25.154905,0,0
2017-08-10 05:00:00,24.982264,0,0
2017-08-10 06:00:00,24.805681,0,0
2017-08-10 07:00:00,25.316614,0,0
2017-08-10 08:00:00,25.969059,0,0
2017-08-10 09:00:00,26.306858,0,0
2017-08-10 10:00:00,26.246061,0,0
2017-08-10 11:00:00,26.72302,0,0
2017-08-10 12:00:00,27.485058,0,0
2017-08-10 13:00:00,28.081585,0,0
2017-08-10 14:00:00,28.615421,0,0
2017-08-10 15:00:00,28.30344,0,0
2017-08-10 16:00:00,27.071796,0,0
2017-08-10 17:00:00,25.924067,0,0
2017-08-10 18:00:00,25.726376,0,0
2017-08-10 19:00:00,26.244526,0,0
2017-08-10 20:00:00,25.892887,0,0
2017-08-10 21:00:00,25.752071,0,0
2017-08-10 22:00:00,25.465975,0,0
2017-08-10 23:00:00,25.223263,0,0
2017-08-11 00:00:00,25.12557,0,0
2017-08-11 01:00:00,25.02007,0,0
2017-08-11 02:00:00,24.953663,0,0
2017-08-11 03:00:00,25.008018,0,0
2017-08-11 04:00:00,24.699997,0,0
2017-08-11 05:00:00,24.691479,0,0
2017-08-11 06:00:00,24.5317,0,0
2017-08-11 07:00:00,24.323183,0,0
2017-08-11 08:00:00,24.861687,0,0
2017-08-11 09:00:00,26.25674,0,0
2017-08-11 10:00:00,27.161116,0,0
2017-08-11 11:00:00,27.358248,0,0
2017-08-11 12:00:00,27.855907,0,0
2017-08-11 13:00:00,28.621126,0,0
2017-08-11 14:00:00,29.06972,0,0
2017-08-11 15:00:00,27.231981,0,0
2017-08-11 16:00:00,25.451202,0,0
2017-08-11 17:00:00,25.46745,0,0
2017-08-11 18:00:00,25.121689,0,0
2017-08-11 19:00:00,25.461145,0,0
2017-08-11 20:00:00,24.97107,0,0
2017-08-11 21:00:00,24.511211,0,0
2017-08-11 22:00:00,24.305859,0,0
2017-08-11 23:00:00,24.297533,0,0
2017-08-12 00:00:00,24.493818,1,0
2017-08-12 01:00:00,24.342558,1,0
2017-08-12 02:00:00,24.33111,1,0
2017-08-12 03:00:00,24.246126,1,0
2017-08-12 04:00:00,24.213192,1,0
2017-08-12 05:00:00,24.194262,1,0
2017-08-12 06:00:00,24.07813,1,0
2017-08-12 07:00:00,24.598503,1,0
2017-08-12 08:00:00,24.435038,1,0
2017-08-12 09:00:00,24.828045,1,0
2017-08-12 10:00:00,25.624575,1,0
2017-08-12 11:00:00,26.261948,1,0
2017-08-12 12:00:00,26.701025,1,0
2017-08-12 13:00:00,25.974707,1,0
2017-08-12 14:00:00,26.087494,1,0
2017-08-12 15:00:00,26.709099,1,0
2017-08-12 16:00:00,25.946785,1,0
2017-08-12 17:00:00,25.024998,1,0
2017-08-12 18:00:00,24.857197,1,0
2017-08-12 19:00:00,24.716238,1,0
2017-08-12 20:00:00,24.746124,1,0
2017-08-12 21:00:00,24.923822,1,0
2017-08-12 22:00:00,24.48925,1,0
2017-08-12 23:00:00,24.338055,1,0
2017-08-13 00:00:00,24.089985,1,0
2017-08-13 01:00:00,23.943558,1,0
2017-08-13 02:00:00,23.812666,1,0
2017-08-13 03:00:00,23.995571,1,0
2017-08-13 04:00:00,24.013636,1,0
2017-08-13 05:00:00,24.081293,1,0
2017-08-13 06:00:00,24.079884,1,0
2017-08-13 07:00:00,24.334793,1,0
2017-08-13 08:00:00,26.126724,1,0
2017-08-13 09:00:00,27.148766,1,0
2017-08-13 10:00:00,27.719578,1,0
2017-08-13 11:00:00,27.89671,1,0
2017-08-13 12:00:00,28.0876,1,0
2017-08-13 13:00:00,28.318014,1,0
2017-08-13 14:00:00,28.521885,1,0
2017-08-13 15:00:00,28.248192,1,0
2017-08-13 16:00:00,27.711395,1,0
2017-08-13 17:00:00,27.69597,1,0
2017-08-13 18:00:00,26.425558,1,0
2017-08-13 19:00:00,26.311737,1,0
2017-08-13 20:00:00,26.053186,1,0
2017-08-13 21:00:00,25.872824,1,0
2017-08-13 22:00:00,25.593012,1,0
2017-08-13 23:00:00,25.325356,1,0
2017-08-14 00:00:00,25.128664,0,0
2017-08-14 01:00:00,24.896503,0,0
2017-08-14 02:00:00,24.649141,0,0
2017-08-14 03:00:00,24.618923,0,0
2017-08-14 04:00:00,24.564829,0,0
2017-08-14 05:00:00,24.65312,0,0
2017-08-14 06:00:00,24.566128,0,0
2017-08-14 07:00:00,25.550783,0,0
2017-08-14 08:00:00,26.791216,0,0
2017-08-14 09:00:00,27.912066,0,0
2017-08-14 10:00:00,28.357264,0,0
2017-08-14 11:00:00,27.518888,0,0
2017-08-14 12:00:00,28.886814,0,0
2017-08-14 13:00:00,29.737043,0,0
2017-08-14 14:00:00,29.759941,0,0
2017-08-14 15:00:00,28.799688,0,0
2017-08-14 16:00:00,27.491772,0,0
2017-08-14 17:00:00,27.150095,0,0
2017-08-14 18:00:00,26.582438,0,0
2017-08-14 19:00:00,27.053005,0,0
2017-08-14 20:00:00,26.791294,0,0
2017-08-14 21:00:00,26.617876,0,0
2017-08-14 22:00:00,26.193605,0,0
2017-08-14 23:00:00,25.877472,0,0
2017-08-15 00:00:00,25.4778,0,0
2017-08-15 01:00:00,25.295422,0,0
2017-08-15 02:00:00,25.29475,0,0
2017-08-15 03:00:00,25.23468,0,0
2017-08-15 04:00:00,24.299318,0,0
2017-08-15 05:00:00,24.318314,0,0
2017-08-15 06:00:00,24.279537,0,0
2017-08-15 07:00:00,24.324669,0,0
2017-08-15 08:00:00,25.309391,0,0
2017-08-15 09:00:00,26.818121,0,0
2017-08-15 10:00:00,27.929277,0,0
2017-08-15 11:00:00,28.106789,0,0
2017-08-15 12:00:00,28.271437,0,0
2017-08-15 13:00:00,27.986452,0,0
2017-08-15 14:00:00,27.971884,0,0
2017-08-15 15:00:00,27.95765,0,0
2017-08-15 16:00:00,27.124105,0,0
2017-08-15 17:00:00,27.066965,0,0
2017-08-15 18:00:00,26.762802,0,0
2017-08-15 19:00:00,26.440393,0,0
2017-08-15 20:00:00,25.769955,0,0
2017-08-15 21:00:00,25.487017,0,0
2017-08-15 22:00:00,25.56843,0,0
2017-08-15 23:00:00,25.41702,0,0
2017-08-16 00:00:00,25.302006,0,0
2017-08-16 01:00:00,25.121853,0,0
2017-08-16 02:00:00,25.142673,0,0
2017-08-16 03:00:00,25.21773,0,0
2017-08-16 04:00:00,25.081818,0,0
2017-08-16 05:00:00,25.083864,0,0
2017-08-16 06:00:00,24.393934,0,0
2017-08-16 07:00:00,25.481224,0,0
2017-08-16 08:00:00,25.886202,0,0
2017-08-16 09:00:00,26.274967,0,0
2017-08-16 10:00:00,27.227081,0,0
2017-08-16 11:00:00,28.661463,0,0
2017-08-16 12:00:00,28.871958,0,0
2017-08-16 13:00:00,29.635609,0,0
2017-08-16 14:00:00,29.97282,0,0
2017-08-16 15:00:00,26.903852,0,0
2017-08-16 16:00:00,26.691055,0,0
2017-08-16 17:00:00,26.279308,0,0
2017-08-16 18:00:00,26.201317,0,0
2017-08-16 19:00:00,26.051512,0,0
2017-08-16 20:00:00,25.911291,0,0
2017-08-16 21:00:00,25.73371,0,0
2017-08-16 22:00:00,25.50215,0,0
2017-08-16 23:00:00,25.30189,0,0
2017-08-17 00:00:00,25.065237,0,0
2017-08-17 01:00:00,24.865238,0,0
2017-08-17 02:00:00,24.869923,0,0
2017-08-17 03:00:00,24.812637,0,0
2017-08-17 04:00:00,24.825869,0,0
2017-08-17 05:00:00,24.869766,0,0
2017-08-17 06:00:00,24.983261,0,0
2017-08-17 07:00:00,25.266422,0,0
2017-08-17 08:00:00,26.203138,0,0
2017-08-17 09:00:00,26.483389,0,0
2017-08-17 10:00:00,27.539335,0,0
2017-08-17 11:00:00,28.48729,0,0
2017-08-17 12:00:00,28.982067,0,0
2017-08-17 13:00:00,27.713348,0,0
2017-08-17 14:00:00,27.751162,0,0
2017-08-17 15:00:00,28.332806,0,0
2017-08-17 16:00:00,27.54667,0,0
2017-08-17 17:00:00,27.260834,0,0
2017-08-17 18:00:00,26.922398,0,0
2017-08-17 19:00:00,25.847418,0,0
2017-08-17 20:00:00,25.435972,0,0
2017-08-17 21:00:00,25.24642,0,0
2017-08-17 22:00:00,25.071215,0,0
2017-08-17 23:00:00,25.062618,0,0
2017-08-18 00:00:00,25.06229,0,0
2017-08-18 01:00:00,25.186087,0,0
2017-08-18 02:00:00,25.185484,0,0
2017-08-18 03:00:00,25.296457,0,0
2017-08-18 04:00:00,25.262114,0,0
2017-08-18 05:00:00,24.98237,0,0
2017-08-18 06:00:00,24.777538,0,0
2017-08-18 07:00:00,26.00542,0,0
2017-08-18 08:00:00,26.314444,0,0
2017-08-18 09:00:00,27.017702,0,0
2017-08-18 10:00:00,27.475582,0,0
2017-08-18 11:00:00,27.889221,0,0
2017-08-18 12:00:00,28.036467,0,0
2017-08-18 13:00:00,28.44667,0,0
2017-08-18 14:00:00,28.955156,0,0
2017-08-18 15:00:00,27.543179,0,0
2017-08-18 16:00:00,27.922398,0,0
2017-08-18 17:00:00,27.124153,0,0
2017-08-18 18:00:00,26.314783,0,0
2017-08-18 19:00:00,25.246233,0,0
2017-08-18 20:00:00,25.304228,0,0
2017-08-18 21:00:00,25.413483,0,0
2017-08-18 22:00:00,25.454935,0,0
2017-08-18 23:00:00,25.230247,0,0
2017-08-19 00:00:00,25.115488,1,0
2017-08-19 01:00:00,25.071514,1,0
2017-08-19 02:00:00,24.835531,1,0
2017-08-19 03:00:00,24.729061,1,0
2017-08-19 04:00:00,24.516762,1,0
2017-08-19 05:00:00,24.6739,1,0
2017-08-19 06:00:00,24.767282,1,0
2017-08-19 07:00:00,25.553236,1,0
2017-08-19 08:00:00,26.740334,1,0
2017-08-19 09:00:00,27.781593,1,0
2017-08-19 10:00:00,28.424599,1,0
2017-08-19 11:00:00,29.625273,1,0
2017-08-19 12:00:00,27.078123,1,0
2017-08-19 13:00:00,27.179682,1,0
2017-08-19 14:00:00,27.412035,1,0
2017-08-19 15:00:00,27.174076,1,0
2017-08-19 16:00:00,26.76578,1,0
2017-08-19 17:00:00,25.800205,1,0
2017-08-19 18:00:00,25.552628,1,0
2017-08-19 19:00:00,26.131107,1,0
2017-08-19 20:00:00,25.887909,1,0
2017-08-19 21:00:00,25.476082,1,0
2017-08-19 22:00:00,25.480177,1,0
2017-08-19 23:00:00,25.24672,1,0
2017-08-20 00:00:00,24.892294,1,0
2017-08-20 01:00:00,24.538984,1,0
2017-08-20 02:00:00,24.369284,1,0
2017-08-20 03:00:00,24.113073,1,0
2017-08-20 04:00:00,24.153149,1,0
2017-08-20 05:00:00,23.82367,1,0
2017-08-20 06:00:00,23.813667,1,0
2017-08-20 07:00:00,24.04534,1,0
2017-08-20 08:00:00,24.25931,1,0
2017-08-20 09:00:00,24.924543,1,0
2017-08-20 10:00:00,25.601526,1,0
2017-08-20 11:00:00,26.79192,1,0
2017-08-20 12:00:00,26.860508,1,0
2017-08-20 13:00:00,26.719986,1,0
2017-08-20 14:00:00,26.415075,1,0
2017-08-20 15:00:00,26.161213,1,0
2017-08-20 16:00:00,25.681898,1,0
2017-08-20 17:00:00,25.356625,1,0
2017-08-20 18:00:00,25.185516,1,0
2017-08-20 19:00:00,25.894293,1,0
2017-08-20 20:00:00,25.387045,1,0
2017-08-20 21:00:00,25.413376,1,0
2017-08-20 22:00:00,24.88337,1,0
2017-08-20 23:00:00,24.76352,1,0
2017-08-21 00:00:00,24.815422,0,0
2017-08-21 01:00:00,24.683746,0,0
2017-08-21 02:00:00,24.620253,0,0
2017-08-21 03:00:00,24.508804,0,0
2017-08-21 04:00:00,24.127802,0,0
2017-08-21 05:00:00,24.825315,0,0
2017-08-21 06:00:00,25.414314,0,0
2017-08-21 07:00:00,25.646133,0,0
2017-08-21 08:00:00,26.973452,0,0
2017-08-21 09:00:00,27.898571,0,0
2017-08-21 10:00:00,28.657526,0,0
2017-08-21 11:00:00,28.976784,0,0
2017-08-21 12:00:00,29.24894,0,0
2017-08-21 13:00:00,29.085117,0,0
2017-08-21 14:00:00,29.148582,0,0
2017-08-21 15:00:00,29.192558,0,0
2017-08-21 16:00:00,28.874529,0,0
2017-08-21 17:00:00,28.267538,0,0
2017-08-21 18:00:00,27.179916,0,0
2017-08-21 19:00:00,27.426607,0,0
2017-08-21 20:00:00,27.3168,0,0
2017-08-21 21:00:00,26.855381,0,0
2017-08-21 22:00:00,26.081253,0,0
2017-08-21 23:00:00,25.228094,0,0
2017-08-22 00:00:00,25.32133,0,0
2017-08-22 01:00:00,25.153791,0,0
2017-08-22 02:00:00,25.027472,0,0
2017-08-22 03:00:00,24.935608,0,0
2017-08-22 04:00:00,24.845535,0,0
2017-08-22 05:00:00,24.714977,0,0
2017-08-22 06:00:00,24.612259,0,0
2017-08-22 07:00:00,25.754051,0,0
2017-08-22 08:00:00,27.457283,0,0
2017-08-22 09:00:00,28.815636,0,0
2017-08-22 10:00:00,29.645739,0,0
2017-08-22 11:00:00,30.075249,0,0
2017-08-22 12:00:00,30.326511,0,0
2017-08-22 13:00:00,27.055832,0,0
2017-08-22 14:00:00,28.57068,0,0
2017-08-22 15:00:00,29.435705,0,0
2017-08-22 16:00:00,28.490255,0,0
2017-08-22 17:00:00,28.207174,0,0
2017-08-22 18:00:00,27.488878,0,0
2017-08-22 19:00:00,26.663374,0,0
2017-08-22 20:00:00,26.261473,0,0
2017-08-22 21:00:00,25.85553,0,0
2017-08-22 22:00:00,25.567091,0,0
2017-08-22 23:00:00,25.04374,0,0
2017-08-23 00:00:00,24.709688,0,0
2017-08-23 01:00:00,24.397272,0,0
2017-08-23 02:00:00,24.113483,0,0
2017-08-23 03:00:00,24.22393,0,0
2017-08-23 04:00:00,24.315643,0,0
2017-08-23 05:00:00,24.242373,0,0
2017-08-23 06:00:00,24.2372,0,0
2017-08-23 07:00:00,25.110998,0,0
2017-08-23 08:00:00,25.72325,0,0
2017-08-23 09:00:00,26.33994,0,0
2017-08-23 10:00:00,26.835024,0,0
2017-08-23 11:00:00,26.95813,0,0
2017-08-23 12:00:00,26.804115,0,0
2017-08-23 13:00:00,26.798779,0,0
2017-08-23 14:00:00,27.713703,0,0
2017-08-23 15:00:00,27.929924,0,0
2017-08-23 16:00:00,26.848803,0,0
2017-08-23 17:00:00,25.206528,0,0
2017-08-23 18:00:00,24.506266,0,0
2017-08-23 19:00:00,25.539919,0,0
2017-08-23 20:00:00,25.494865,0,0
2017-08-23 21:00:00,25.459738,0,0
2017-08-23 22:00:00,25.158215,0,0
2017-08-23 23:00:00,24.896648,0,0
2017-08-24 00:00:00,24.649696,0,0
2017-08-24 01:00:00,24.750551,0,0
2017-08-24 02:00:00,24.68304,0,0
2017-08-24 03:00:00,24.527946,0,0
2017-08-24 04:00:00,24.261553,0,0
2017-08-24 05:00:00,24.29765,0,0
2017-08-24 06:00:00,24.45371,0,0
2017-08-24 07:00:00,25.345427,0,0
2017-08-24 08:00:00,26.320515,0,0
2017-08-24 09:00:00,26.916237,0,0
2017-08-24 10:00:00,27.198843,0,0
2017-08-24 11:00:00,27.348396,0,0
2017-08-24 12:00:00,27.192995,0,0
2017-08-24 13:00:00,27.204643,0,0
2017-08-24 14:00:00,27.940002,0,0
2017-08-24 15:00:00,28.303236,0,0
2017-08-24 16:00:00,27.643826,0,0
2017-08-24 17:00:00,27.21505,0,0
2017-08-24 18:00:00,26.369814,0,0
2017-08-24 19:00:00,26.314014,0,0
2017-08-24 20:00:00,26.24335,0,0
2017-08-24 21:00:00,25.466915,0,0
2017-08-24 22:00:00,25.0401,0,0
2017-08-24 23:00:00,25.35152,0,0
2017-08-25 00:00:00,25.487995,0,0
2017-08-25 01:00:00,25.280117,0,0
2017-08-25 02:00:00,24.97391,0,0
2017-08-25 03:00:00,24.664654,0,0
2017-08-25 04:00:00,24.113686,0,0
2017-08-25 05:00:00,24.396473,0,0
2017-08-25 06:00:00,24.24978,0,0
2017-08-25 07:00:00,25.541466,0,0
2017-08-25 08:00:00,26.732573,0,0
2017-08-25 09:00:00,27.103937,0,0
2017-08-25 10:00:00,26.964067,0,0
2017-08-25 11:00:00,27.612417,0,0
2017-08-25 12:00:00,27.541937,0,0
2017-08-25 13:00:00,26.744799,0,0
2017-08-25 14:00:00,27.463814,0,0
2017-08-25 15:00:00,27.692495,0,0
2017-08-25 16:00:00,27.347248,0,0
2017-08-25 17:00:00,26.502636,0,0
2017-08-25 18:00:00,26.07163,0,0
2017-08-25 19:00:00,25.452888,0,0
2017-08-25 20:00:00,25.032108,0,0
2017-08-25 21:00:00,25.019136,0,0
2017-08-25 22:00:00,25.109737,0,0
2017-08-25 23:00:00,25.167206,0,0
2017-08-26 00:00:00,25.193672,1,0
2017-08-26 01:00:00,24.93167,1,0
2017-08-26 02:00:00,24.70111,1,0
2017-08-26 03:00:00,24.692265,1,0
2017-08-26 04:00:00,24.491526,1,0
2017-08-26 05:00:00,24.244835,1,0
2017-08-26 06:00:00,24.308659,1,0
2017-08-26 07:00:00,25.296688,1,0
2017-08-26 08:00:00,26.230215,1,0
2017-08-26 09:00:00,27.553062,1,0
2017-08-26 10:00:00,29.123764,1,0
2017-08-26 11:00:00,30.121458,1,0
2017-08-26 12:00:00,30.544174,1,0
2017-08-26 13:00:00,30.359455,1,0
2017-08-26 14:00:00,28.928228,1,0
2017-08-26 15:00:00,28.744331,1,0
2017-08-26 16:00:00,29.03977,1,0
2017-08-26 17:00:00,27.9294,1,0
2017-08-26 18:00:00,26.995087,1,0
2017-08-26 19:00:00,26.807726,1,0
2017-08-26 20:00:00,26.342854,1,0
2017-08-26 21:00:00,25.765423,1,0
2017-08-26 22:00:00,25.379585,1,0
2017-08-26 23:00:00,25.062191,1,0
2017-08-27 00:00:00,24.958622,1,0
2017-08-27 01:00:00,24.840296,1,0
2017-08-27 02:00:00,25.030226,1,0
2017-08-27 03:00:00,25.168514,1,0
2017-08-27 04:00:00,24.987364,1,0
2017-08-27 05:00:00,24.932978,1,0
2017-08-27 06:00:00,24.615913,1,0
2017-08-27 07:00:00,26.25365,1,0
2017-08-27 08:00:00,26.911444,1,0
2017-08-27 09:00:00,28.346788,1,0
2017-08-27 10:00:00,29.489977,1,0
2017-08-27 11:00:00,29.739267,1,0
2017-08-27 12:00:00,29.988092,1,0
2017-08-27 13:00:00,28.369596,1,0
2017-08-27 14:00:00,25.95264,1,0
2017-08-27 15:00:00,26.40187,1,0
2017-08-27 16:00:00,26.54572,1,0
2017-08-27 17:00:00,26.562635,1,0
2017-08-27 18:00:00,26.321484,1,0
2017-08-27 19:00:00,25.664454,1,0
2017-08-27 20:00:00,25.526014,1,0
2017-08-27 21:00:00,25.246387,1,0
2017-08-27 22:00:00,25.306313,1,0
2017-08-27 23:00:00,25.202597,1,0
2017-08-28 00:00:00,24.977459,0,0
2017-08-28 01:00:00,24.985832,0,0
2017-08-28 02:00:00,24.748472,0,0
2017-08-28 03:00:00,24.848175,0,0
2017-08-28 04:00:00,24.596687,0,0
2017-08-28 05:00:00,24.479885,0,0
2017-08-28 06:00:00,24.513752,0,0
2017-08-28 07:00:00,25.133192,0,0
2017-08-28 08:00:00,25.693739,0,0
2017-08-28 09:00:00,26.219828,0,0
2017-08-28 10:00:00,27.03532,0,0
2017-08-28 11:00:00,26.914288,0,0
2017-08-28 12:00:00,27.411018,0,0
2017-08-28 13:00:00,27.42332,0,0
2017-08-28 14:00:00,26.55741,0,0
2017-08-28 15:00:00,26.641468,0,0
2017-08-28 16:00:00,26.614033,0,0
2017-08-28 17:00:00,26.709204,0,0
2017-08-28 18:00:00,25.959396,0,0
2017-08-28 19:00:00,24.654528,0,0
2017-08-28 20:00:00,24.82423,0,0
2017-08-28 21:00:00,24.813784,0,0
2017-08-28 22:00:00,24.820251,0,0
2017-08-28 23:00:00,24.420399,0,0
2017-08-29 00:00:00,24.183893,0,0
2017-08-29 01:00:00,23.972593,0,0
2017-08-29 02:00:00,23.91902,0,0
2017-08-29 03:00:00,23.808834,0,0
2017-08-29 04:00:00,24.007427,0,0
2017-08-29 05:00:00,23.768023,0,0
2017-08-29 06:00:00,23.54501,0,0
2017-08-29 07:00:00,24.22297,0,0
2017-08-29 08:00:00,25.613638,0,0
2017-08-29 09:00:00,27.152405,0,0
2017-08-29 10:00:00,27.884846,0,0
2017-08-29 11:00:00,28.175755,0,0
2017-08-29 12:00:00,28.786057,0,0
2017-08-29 13:00:00,27.737072,0,0
2017-08-29 14:00:00,28.572163,0,0
2017-08-29 15:00:00,27.317945,0,0
2017-08-29 16:00:00,26.609125,0,0
2017-08-29 17:00:00,25.879614,0,0
2017-08-29 18:00:00,25.444225,0,0
2017-08-29 19:00:00,25.944525,0,0
2017-08-29 20:00:00,25.56616,0,0
2017-08-29 21:00:00,25.463112,0,0
2017-08-29 22:00:00,25.305235,0,0
2017-08-29 23:00:00,25.100027,0,0
2017-08-30 00:00:00,24.781702,0,0
2017-08-30 01:00:00,24.868876,0,0
2017-08-30 02:00:00,24.279245,0,0
2017-08-30 03:00:00,23.88144,0,0
2017-08-30 04:00:00,23.7759,0,0
2017-08-30 05:00:00,23.88691,0,0
2017-08-30 06:00:00,23.761852,0,0
2017-08-30 07:00:00,24.305904,0,0
2017-08-30 08:00:00,25.371807,0,0
2017-08-30 09:00:00,26.29942,0,0
2017-08-30 10:00:00,27.220411,0,0
2017-08-30 11:00:00,27.934168,0,0
2017-08-30 12:00:00,28.124376,0,0
2017-08-30 13:00:00,27.814268,0,0
2017-08-30 14:00:00,27.507273,0,0
2017-08-30 15:00:00,27.746416,0,0
2017-08-30 16:00:00,27.990255,0,0
2017-08-30 17:00:00,26.855234,0,0
2017-08-30 18:00:00,25.820805,0,0
2017-08-30 19:00:00,24.991035,0,0
2017-08-30 20:00:00,24.84698,0,0
2017-08-30 21:00:00,24.758804,0,0
2017-08-30 22:00:00,24.692265,0,0
2017-08-30 23:00:00,24.629768,0,0
2017-08-31 00:00:00,24.664976,0,0
2017-08-31 01:00:00,24.471512,0,0
2017-08-31 02:00:00,24.251404,0,0
2017-08-31 03:00:00,23.79244,0,0
2017-08-31 04:00:00,23.992147,0,0
2017-08-31 05:00:00,23.293896,0,0
2017-08-31 06:00:00,24.268845,0,0
2017-08-31 07:00:00,24.398958,0,0
2017-08-31 08:00:00,26.153122,0,0
2017-08-31 09:00:00,27.452482,0,0
2017-08-31 10:00:00,28.886532,0,0
2017-08-31 11:00:00,29.328413,0,0
2017-08-31 12:00:00,29.33696,0,0
2017-08-31 13:00:00,29.036253,0,0
2017-08-31 14:00:00,28.338223,0,0
2017-08-31 15:00:00,28.801916,0,0
2017-08-31 16:00:00,27.183846,0,0
2017-08-31 17:00:00,26.776676,0,0
2017-08-31 18:00:00,26.357496,0,0
2017-08-31 19:00:00,26.33787,0,0
2017-08-31 20:00:00,25.926832,0,0
2017-08-31 21:00:00,25.784485,0,0
2017-08-31 22:00:00,25.686123,0,0
2017-08-31 23:00:00,25.479914,0,0
2017-09-01 00:00:00,25.372854,0,0
2017-09-01 01:00:00,25.300774,0,0
2017-09-01 02:00:00,25.273407,0,0
2017-09-01 03:00:00,25.181992,0,0
2017-09-01 04:00:00,25.228764,0,0
2017-09-01 05:00:00,24.999435,0,0
2017-09-01 06:00:00,24.920137,0,0
2017-09-01 07:00:00,25.499289,0,0
2017-09-01 08:00:00,26.786455,0,0
2017-09-01 09:00:00,27.706108,0,0
2017-09-01 10:00:00,28.423988,0,0
2017-09-01 11:00:00,29.866817,0,0
2017-09-01 12:00:00,30.60344,0,0
2017-09-01 13:00:00,29.878498,0,0
2017-09-01 14:00:00,28.9876,0,0
2017-09-01 15:00:00,28.867508,0,0
2017-09-01 16:00:00,28.66672,0,0
2017-09-01 17:00:00,28.310398,0,0
2017-09-01 18:00:00,27.419205,0,0
2017-09-01 19:00:00,27.332079,0,0
2017-09-01 20:00:00,26.811066,0,0
2017-09-01 21:00:00,26.53943,0,0
2017-09-01 22:00:00,26.32985,0,0
2017-09-01 23:00:00,25.988249,0,0
2017-09-02 00:00:00,25.788984,1,0
2017-09-02 01:00:00,25.615713,1,0
2017-09-02 02:00:00,25.432516,1,0
2017-09-02 03:00:00,25.4259,1,0
2017-09-02 04:00:00,25.290916,1,0
2017-09-02 05:00:00,24.880798,1,0
2017-09-02 06:00:00,24.69824,1,0
2017-09-02 07:00:00,25.754118,1,0
2017-09-02 08:00:00,27.110659,1,0
2017-09-02 09:00:00,28.171844,1,0
2017-09-02 10:00:00,28.774445,1,0
2017-09-02 11:00:00,29.301317,1,0
2017-09-02 12:00:00,28.898893,1,0
2017-09-02 13:00:00,29.338863,1,0
2017-09-02 14:00:00,28.766226,1,0
2017-09-02 15:00:00,25.721458,1,0
2017-09-02 16:00:00,25.693394,1,0
2017-09-02 17:00:00,25.982944,1,0
2017-09-02 18:00:00,26.004955,1,0
2017-09-02 19:00:00,25.04247,1,0
2017-09-02 20:00:00,24.75582,1,0
2017-09-02 21:00:00,25.057459,1,0
2017-09-02 22:00:00,25.257982,1,0
2017-09-02 23:00:00,24.467869,1,0
2017-09-03 00:00:00,24.318392,1,0
2017-09-03 01:00:00,24.197758,1,0
2017-09-03 02:00:00,24.107605,1,0
2017-09-03 03:00:00,24.303297,1,0
2017-09-03 04:00:00,24.520544,1,0
2017-09-03 05:00:00,24.618944,1,0
2017-09-03 06:00:00,24.429062,1,0
2017-09-03 07:00:00,24.797504,1,0
2017-09-03 08:00:00,25.80117,1,0
2017-09-03 09:00:00,26.843246,1,0
2017-09-03 10:00:00,28.252092,1,0
2017-09-03 11:00:00,28.943838,1,0
2017-09-03 12:00:00,27.144169,1,0
2017-09-03 13:00:00,27.226889,1,0
2017-09-03 14:00:00,28.257832,1,0
2017-09-03 15:00:00,28.784037,1,0
2017-09-03 16:00:00,28.305748,1,0
2017-09-03 17:00:00,28.04304,1,0
2017-09-03 18:00:00,27.23393,1,0
2017-09-03 19:00:00,26.00322,1,0
2017-09-03 20:00:00,25.86452,1,0
2017-09-03 21:00:00,25.673855,1,0
2017-09-03 22:00:00,25.824114,1,0
2017-09-03 23:00:00,25.828539,1,0
2017-09-04 00:00:00,25.662405,0,0
2017-09-04 01:00:00,25.557165,0,0
2017-09-04 02:00:00,25.359282,0,0
2017-09-04 03:00:00,25.152401,0,0
2017-09-04 04:00:00,24.87363,0,0
2017-09-04 05:00:00,23.621624,0,0
2017-09-04 06:00:00,23.753742,0,0
2017-09-04 07:00:00,24.31036,0,0
2017-09-04 08:00:00,24.736446,0,0
2017-09-04 09:00:00,25.975473,0,0
2017-09-04 10:00:00,27.043491,0,0
2017-09-04 11:00:00,27.967356,0,0
2017-09-04 12:00:00,27.411148,0,0
2017-09-04 13:00:00,26.843452,0,0
2017-09-04 14:00:00,27.28309,0,0
2017-09-04 15:00:00,28.034523,0,0
2017-09-04 16:00:00,28.030067,0,0
2017-09-04 17:00:00,27.633783,0,0
2017-09-04 18:00:00,26.981031,0,0
2017-09-04 19:00:00,26.546455,0,0
2017-09-04 20:00:00,26.341887,0,0
2017-09-04 21:00:00,26.104267,0,0
2017-09-04 22:00:00,25.94984,0,0
2017-09-04 23:00:00,25.723522,0,0
2017-09-05 00:00:00,25.699173,0,0
2017-09-05 01:00:00,25.428947,0,0
2017-09-05 02:00:00,25.092625,0,0
2017-09-05 03:00:00,24.84441,0,0
2017-09-05 04:00:00,24.665453,0,0
2017-09-05 05:00:00,24.803072,0,0
2017-09-05 06:00:00,24.694489,0,0
2017-09-05 07:00:00,24.473852,0,0
2017-09-05 08:00:00,25.366714,0,0
2017-09-05 09:00:00,26.554625,0,0
2017-09-05 10:00:00,28.035484,0,0
2017-09-05 11:00:00,28.433962,0,0
2017-09-05 12:00:00,27.13889,0,0
2017-09-05 13:00:00,27.185652,0,0
2017-09-05 14:00:00,27.287466,0,0
2017-09-05 15:00:00,27.748184,0,0
2017-09-05 16:00:00,27.797968,0,0
2017-09-05 17:00:00,27.343138,0,0
2017-09-05 18:00:00,26.595856,0,0
2017-09-05 19:00:00,26.821037,0,0
2017-09-05 20:00:00,26.557543,0,0
2017-09-05 21:00:00,26.414158,0,0
2017-09-05 22:00:00,26.028063,0,0
2017-09-05 23:00:00,25.809738,0,0
2017-09-06 00:00:00,25.592525,0,0
2017-09-06 01:00:00,25.499142,0,0
2017-09-06 02:00:00,25.30178,0,0
2017-09-06 03:00:00,24.899994,0,0
2017-09-06 04:00:00,24.647911,0,0
2017-09-06 05:00:00,24.587841,0,0
2017-09-06 06:00:00,24.494194,0,0
2017-09-06 07:00:00,25.083155,0,0
2017-09-06 08:00:00,26.311737,0,0
2017-09-06 09:00:00,27.733175,0,0
2017-09-06 10:00:00,28.597147,0,0
2017-09-06 11:00:00,28.34509,0,0
2017-09-06 12:00:00,27.945023,0,0
2017-09-06 13:00:00,29.294886,0,0
2017-09-06 14:00:00,28.227423,0,0
2017-09-06 15:00:00,27.28987,0,0
2017-09-06 16:00:00,25.921137,0,0
2017-09-06 17:00:00,25.636272,0,0
2017-09-06 18:00:00,25.587793,0,0
2017-09-06 19:00:00,25.997717,0,0
2017-09-06 20:00:00,25.647863,0,0
2017-09-06 21:00:00,25.075443,0,0
2017-09-06 22:00:00,24.936892,0,0
2017-09-06 23:00:00,24.687155,0,0
2017-09-07 00:00:00,24.61069,0,0
2017-09-07 01:00:00,24.455002,0,0
2017-09-07 02:00:00,24.260689,0,0
2017-09-07 03:00:00,24.241703,0,0
2017-09-07 04:00:00,24.067055,0,0
2017-09-07 05:00:00,23.979025,0,0
2017-09-07 06:00:00,23.819874,0,0
2017-09-07 07:00:00,24.487202,0,0
2017-09-07 08:00:00,25.855118,0,0
2017-09-07 09:00:00,26.784105,0,0
2017-09-07 10:00:00,26.966251,0,0
2017-09-07 11:00:00,27.028658,0,0
2017-09-07 12:00:00,27.630354,0,0
2017-09-07 13:00:00,27.334476,0,0
2017-09-07 14:00:00,27.65805,0,0
2017-09-07 15:00:00,27.473892,0,0
2017-09-07 16:00:00,27.091286,0,0
2017-09-07 17:00:00,26.72125,0,0
2017-09-07 18:00:00,26.167093,0,0
2017-09-07 19:00:00,26.028917,0,0
2017-09-07 20:00:00,25.470661,0,0
2017-09-07 21:00:00,25.750143,0,0
2017-09-07 22:00:00,25.314045,0,0
2017-09-07 23:00:00,25.002481,0,0
2017-09-08 00:00:00,25.902374,0,0
2017-09-08 01:00:00,25.57096,0,0
2017-09-08 02:00:00,25.069584,0,0
2017-09-08 03:00:00,24.927984,0,0
2017-09-08 04:00:00,24.818321,0,0
2017-09-08 05:00:00,24.476753,0,0
2017-09-08 06:00:00,24.311998,0,0
2017-09-08 07:00:00,25.050812,0,0
2017-09-08 08:00:00,26.271154,0,0
2017-09-08 09:00:00,27.214684,0,0
2017-09-08 10:00:00,28.089432,0,0
2017-09-08 11:00:00,28.593962,0,0
2017-09-08 12:00:00,28.768984,0,0
2017-09-08 13:00:00,29.05772,0,0
2017-09-08 14:00:00,28.305351,0,0
2017-09-08 15:00:00,27.048765,0,0
2017-09-08 16:00:00,27.112558,0,0
2017-09-08 17:00:00,26.935387,0,0
2017-09-08 18:00:00,25.74475,0,0
2017-09-08 19:00:00,25.29501,0,0
2017-09-08 20:00:00,24.981255,0,0
2017-09-08 21:00:00,25.114044,0,0
2017-09-08 22:00:00,24.895601,0,0
2017-09-08 23:00:00,24.813784,0,0
2017-09-09 00:00:00,24.629917,1,0
2017-09-09 01:00:00,24.456905,1,0
2017-09-09 02:00:00,24.831148,1,0
2017-09-09 03:00:00,24.270515,1,0
2017-09-09 04:00:00,24.229177,1,0
2017-09-09 05:00:00,24.100956,1,0
2017-09-09 06:00:00,24.129322,1,0
2017-09-09 07:00:00,25.235764,1,0
2017-09-09 08:00:00,26.13732,1,0
2017-09-09 09:00:00,26.81702,1,0
2017-09-09 10:00:00,27.581448,1,0
2017-09-09 11:00:00,26.933779,1,0
2017-09-09 12:00:00,26.353035,1,0
2017-09-09 13:00:00,25.984022,1,0
2017-09-09 14:00:00,26.751171,1,0
2017-09-09 15:00:00,26.896301,1,0
2017-09-09 16:00:00,26.499796,1,0
2017-09-09 17:00:00,26.118826,1,0
2017-09-09 18:00:00,25.83244,1,0
2017-09-09 19:00:00,24.771807,1,0
2017-09-09 20:00:00,24.471806,1,0
2017-09-09 21:00:00,24.518353,1,0
2017-09-09 22:00:00,24.648094,1,0
2017-09-09 23:00:00,24.746162,1,0
2017-09-10 00:00:00,24.811298,1,0
2017-09-10 01:00:00,24.854681,1,0
2017-09-10 02:00:00,24.738285,1,0
2017-09-10 03:00:00,24.74364,1,0
2017-09-10 04:00:00,24.592117,1,0
2017-09-10 05:00:00,25.031378,1,0
2017-09-10 06:00:00,25.140516,1,0
2017-09-10 07:00:00,25.564053,1,0
2017-09-10 08:00:00,26.462711,1,0
2017-09-10 09:00:00,27.100393,1,0
2017-09-10 10:00:00,27.353287,1,0
2017-09-10 11:00:00,27.241762,1,0
2017-09-10 12:00:00,27.536894,1,0
2017-09-10 13:00:00,27.496458,1,0
2017-09-10 14:00:00,26.36651,1,0
2017-09-10 15:00:00,26.747095,1,0
2017-09-10 16:00:00,26.850208,1,0
2017-09-10 17:00:00,26.60021,1,0
2017-09-10 18:00:00,26.30252,1,0
2017-09-10 19:00:00,25.746164,1,0
2017-09-10 20:00:00,25.748802,1,0
2017-09-10 21:00:00,25.723862,1,0
2017-09-10 22:00:00,25.648657,1,0
2017-09-10 23:00:00,25.620144,1,0
2017-09-11 00:00:00,25.801931,0,0
2017-09-11 01:00:00,25.62093,0,0
2017-09-11 02:00:00,25.396397,0,0
2017-09-11 03:00:00,25.337994,0,0
2017-09-11 04:00:00,25.228184,0,0
2017-09-11 05:00:00,25.089893,0,0
2017-09-11 06:00:00,25.169523,0,0
2017-09-11 07:00:00,25.62383,0,0
2017-09-11 08:00:00,26.258842,0,0
2017-09-11 09:00:00,26.540249,0,0
2017-09-11 10:00:00,27.619051,0,0
2017-09-11 11:00:00,27.801981,0,0
2017-09-11 12:00:00,28.511497,0,0
2017-09-11 13:00:00,28.256489,0,0
2017-09-11 14:00:00,28.555573,0,0
2017-09-11 15:00:00,28.903074,0,0
2017-09-11 16:00:00,28.32332,0,0
2017-09-11 17:00:00,27.729197,0,0
2017-09-11 18:00:00,26.593884,0,0
2017-09-11 19:00:00,26.402372,0,0
2017-09-11 20:00:00,25.902664,0,0
2017-09-11 21:00:00,26.388617,0,0
2017-09-11 22:00:00,26.276905,0,0
2017-09-11 23:00:00,24.96583,0,0
2017-09-12 00:00:00,24.524376,0,0
2017-09-12 01:00:00,24.427685,0,0
2017-09-12 02:00:00,24.455788,0,0
2017-09-12 03:00:00,24.67014,0,0
2017-09-12 04:00:00,24.788694,0,0
2017-09-12 05:00:00,24.646833,0,0
2017-09-12 06:00:00,24.392527,0,0
2017-09-12 07:00:00,25.59238,0,0
2017-09-12 08:00:00,27.27186,0,0
2017-09-12 09:00:00,28.37122,0,0
2017-09-12 10:00:00,29.265635,0,0
2017-09-12 11:00:00,30.244884,0,0
2017-09-12 12:00:00,30.026997,0,0
2017-09-12 13:00:00,30.059855,0,0
2017-09-12 14:00:00,29.81187,0,0
2017-09-12 15:00:00,29.057526,0,0
2017-09-12 16:00:00,28.644424,0,0
2017-09-12 17:00:00,28.293903,0,0
2017-09-12 18:00:00,27.518845,0,0
2017-09-12 19:00:00,26.45936,0,0
2017-09-12 20:00:00,26.117498,0,0
2017-09-12 21:00:00,25.786154,0,0
2017-09-12 22:00:00,25.758312,0,0
2017-09-12 23:00:00,25.65728,0,0
2017-09-13 00:00:00,25.236088,0,0
2017-09-13 01:00:00,24.989918,0,0
2017-09-13 02:00:00,25.026016,0,0
2017-09-13 03:00:00,24.906088,0,0
2017-09-13 04:00:00,24.673233,0,0
2017-09-13 05:00:00,24.696503,0,0
2017-09-13 06:00:00,24.31026,0,0
2017-09-13 07:00:00,25.395765,0,0
2017-09-13 08:00:00,26.578062,0,0
2017-09-13 09:00:00,27.415335,0,0
2017-09-13 10:00:00,27.311262,0,0
2017-09-13 11:00:00,27.66884,0,0
2017-09-13 12:00:00,28.771759,0,0
2017-09-13 13:00:00,27.612106,0,0
2017-09-13 14:00:00,27.387424,0,0
2017-09-13 15:00:00,28.032516,0,0
2017-09-13 16:00:00,28.1771,0,0
2017-09-13 17:00:00,27.410328,0,0
2017-09-13 18:00:00,26.64115,0,0
2017-09-13 19:00:00,26.443487,0,0
2017-09-13 20:00:00,26.110212,0,0
2017-09-13 21:00:00,25.906721,0,0
2017-09-13 22:00:00,25.878393,0,0
2017-09-13 23:00:00,25.951075,0,0
2017-09-14 00:00:00,25.407759,0,0
2017-09-14 01:00:00,25.111473,0,0
2017-09-14 02:00:00,24.895527,0,0
2017-09-14 03:00:00,24.329536,0,0
2017-09-14 04:00:00,24.067945,0,0
2017-09-14 05:00:00,24.05571,0,0
2017-09-14 06:00:00,23.857496,0,0
2017-09-14 07:00:00,24.814451,0,0
2017-09-14 08:00:00,26.048386,0,0
2017-09-14 09:00:00,27.303549,0,0
2017-09-14 10:00:00,28.049677,0,0
2017-09-14 11:00:00,28.1129,0,0
2017-09-14 12:00:00,28.581738,0,0
2017-09-14 13:00:00,28.495787,0,0
2017-09-14 14:00:00,27.450472,0,0
2017-09-14 15:00:00,27.40378,0,0
2017-09-14 16:00:00,27.275938,0,0
2017-09-14 17:00:00,27.048832,0,0
2017-09-14 18:00:00,26.514376,0,0
2017-09-14 19:00:00,26.476015,0,0
2017-09-14 20:00:00,26.098503,0,0
2017-09-14 21:00:00,25.745865,0,0
2017-09-14 22:00:00,25.507574,0,0
2017-09-14 23:00:00,25.37549,0,0
2017-09-15 00:00:00,25.333633,0,0
2017-09-15 01:00:00,25.089394,0,0
2017-09-15 02:00:00,24.930992,0,0
2017-09-15 03:00:00,24.93594,0,0
2017-09-15 04:00:00,25.055235,0,0
2017-09-15 05:00:00,24.909988,0,0
2017-09-15 06:00:00,24.769058,0,0
2017-09-15 07:00:00,25.27163,0,0
2017-09-15 08:00:00,26.110212,0,0
2017-09-15 09:00:00,27.187416,0,0
2017-09-15 10:00:00,27.837893,0,0
2017-09-15 11:00:00,28.880749,0,0
2017-09-15 12:00:00,30.078415,0,0
2017-09-15 13:00:00,29.187305,0,0
2017-09-15 14:00:00,26.807297,0,0
2017-09-15 15:00:00,27.472843,0,0
2017-09-15 16:00:00,28.446493,0,0
2017-09-15 17:00:00,27.609018,0,0
2017-09-15 18:00:00,26.08147,0,0
2017-09-15 19:00:00,26.551073,0,0
2017-09-15 20:00:00,26.129768,0,0
2017-09-15 21:00:00,25.747572,0,0
2017-09-15 22:00:00,25.385601,0,0
2017-09-15 23:00:00,25.214453,0,0
2017-09-16 00:00:00,25.009766,1,0
2017-09-16 01:00:00,24.74865,1,0
2017-09-16 02:00:00,24.650105,1,0
2017-09-16 03:00:00,24.51675,1,0
2017-09-16 04:00:00,24.567944,1,0
2017-09-16 05:00:00,24.58653,1,0
2017-09-16 06:00:00,24.509989,1,0
2017-09-16 07:00:00,24.6749,1,0
2017-09-16 08:00:00,25.926231,1,0
2017-09-16 09:00:00,27.517897,1,0
2017-09-16 10:00:00,28.37856,1,0
2017-09-16 11:00:00,29.669226,1,0
2017-09-16 12:00:00,30.231806,1,0
2017-09-16 13:00:00,30.150772,1,0
2017-09-16 14:00:00,28.606497,1,0
2017-09-16 15:00:00,28.30401,1,0
2017-09-16 16:00:00,27.054335,1,0
2017-09-16 17:00:00,26.62972,1,0
2017-09-16 18:00:00,26.006187,1,0
2017-09-16 19:00:00,25.992886,1,0
2017-09-16 20:00:00,25.669207,1,0
2017-09-16 21:00:00,25.016975,1,0
2017-09-16 22:00:00,24.911959,1,0
2017-09-16 23:00:00,25.021477,1,0
2017-09-17 00:00:00,24.80679,1,0
2017-09-17 01:00:00,24.57367,1,0
2017-09-17 02:00:00,24.382332,1,0
2017-09-17 03:00:00,24.382187,1,0
2017-09-17 04:00:00,24.29542,1,0
2017-09-17 05:00:00,24.571852,1,0
2017-09-17 06:00:00,24.379246,1,0
2017-09-17 07:00:00,25.620777,1,0
2017-09-17 08:00:00,26.630178,1,0
2017-09-17 09:00:00,27.559166,1,0
2017-09-17 10:00:00,28.453432,1,0
2017-09-17 11:00:00,29.400599,1,0
2017-09-17 12:00:00,29.379305,1,0
2017-09-17 13:00:00,29.145603,1,0
2017-09-17 14:00:00,28.378477,1,0
2017-09-17 15:00:00,28.666166,1,0
2017-09-17 16:00:00,26.709837,1,0
2017-09-17 17:00:00,26.397272,1,0
2017-09-17 18:00:00,26.083515,1,0
2017-09-17 19:00:00,26.672153,1,0
2017-09-17 20:00:00,27.328661,1,0
2017-09-17 21:00:00,26.248735,1,0
2017-09-17 22:00:00,25.653301,1,0
2017-09-17 23:00:00,25.707136,1,0
2017-09-18 00:00:00,25.432602,0,0
2017-09-18 01:00:00,25.027916,0,0
2017-09-18 02:00:00,24.951336,0,0
2017-09-18 03:00:00,24.799812,0,0
2017-09-18 04:00:00,24.969368,0,0
2017-09-18 05:00:00,24.860968,0,0
2017-09-18 06:00:00,24.933716,0,0
2017-09-18 07:00:00,25.76963,0,0
2017-09-18 08:00:00,26.7778,0,0
2017-09-18 09:00:00,27.196825,0,0
2017-09-18 10:00:00,28.159273,0,0
2017-09-18 11:00:00,28.36067,0,0
2017-09-18 12:00:00,27.727316,0,0
2017-09-18 13:00:00,27.226162,0,0
2017-09-18 14:00:00,26.830467,0,0
2017-09-18 15:00:00,27.423328,0,0
2017-09-18 16:00:00,27.26999,0,0
2017-09-18 17:00:00,27.3271,0,0
2017-09-18 18:00:00,26.650402,0,0
2017-09-18 19:00:00,26.38401,0,0
2017-09-18 20:00:00,26.162928,0,0
2017-09-18 21:00:00,25.829588,0,0
2017-09-18 22:00:00,25.764305,0,0
2017-09-18 23:00:00,25.795048,0,0
2017-09-19 00:00:00,25.521776,0,0
2017-09-19 01:00:00,25.41709,0,0
2017-09-19 02:00:00,25.176462,0,0
2017-09-19 03:00:00,25.21449,0,0
2017-09-19 04:00:00,25.485386,0,0
2017-09-19 05:00:00,25.573006,0,0
2017-09-19 06:00:00,24.620659,0,0
2017-09-19 07:00:00,25.35959,0,0
2017-09-19 08:00:00,25.910213,0,0
2017-09-19 09:00:00,26.637562,0,0
2017-09-19 10:00:00,27.957819,0,0
2017-09-19 11:00:00,28.67235,0,0
2017-09-19 12:00:00,26.557003,0,0
2017-09-19 13:00:00,26.765928,0,0
2017-09-19 14:00:00,26.148417,0,0
2017-09-19 15:00:00,26.394487,0,0
2017-09-19 16:00:00,26.338726,0,0
2017-09-19 17:00:00,26.016567,0,0
2017-09-19 18:00:00,25.809952,0,0
2017-09-19 19:00:00,26.52323,0,0
2017-09-19 20:00:00,26.324493,0,0
2017-09-19 21:00:00,26.037987,0,0
2017-09-19 22:00:00,25.736725,0,0
2017-09-19 23:00:00,25.59955,0,0
2017-09-20 00:00:00,25.478178,0,0
2017-09-20 01:00:00,25.189548,0,0
2017-09-20 02:00:00,25.028324,0,0
2017-09-20 03:00:00,24.766537,0,0
2017-09-20 04:00:00,24.535717,0,0
2017-09-20 05:00:00,24.61475,0,0
2017-09-20 06:00:00,24.692081,0,0
2017-09-20 07:00:00,25.357805,0,0
2017-09-20 08:00:00,26.612114,0,0
2017-09-20 09:00:00,28.212036,0,0
2017-09-20 10:00:00,29.33303,0,0
2017-09-20 11:00:00,29.72302,0,0
2017-09-20 12:00:00,27.491007,0,0
2017-09-20 13:00:00,27.078978,0,0
2017-09-20 14:00:00,26.144848,0,0
2017-09-20 15:00:00,27.024103,0,0
2017-09-20 16:00:00,26.708755,0,0
2017-09-20 17:00:00,25.991772,0,0
2017-09-20 18:00:00,25.90969,0,0
2017-09-20 19:00:00,25.380846,0,0
2017-09-20 20:00:00,25.466238,0,0
2017-09-20 21:00:00,25.318285,0,0
2017-09-20 22:00:00,25.087463,0,0
2017-09-20 23:00:00,25.072968,0,0
2017-09-21 00:00:00,24.940477,0,0
2017-09-21 01:00:00,24.849026,0,0
2017-09-21 02:00:00,24.814976,0,0
2017-09-21 03:00:00,24.767351,0,0
2017-09-21 04:00:00,24.409542,0,0
2017-09-21 05:00:00,24.185156,0,0
2017-09-21 06:00:00,23.910736,0,0
2017-09-21 07:00:00,24.94557,0,0
2017-09-21 08:00:00,25.413668,0,0
2017-09-21 09:00:00,26.338558,0,0
2017-09-21 10:00:00,27.692867,0,0
2017-09-21 11:00:00,28.735138,0,0
2017-09-21 12:00:00,29.50771,0,0
2017-09-21 13:00:00,29.046457,0,0
2017-09-21 14:00:00,28.535448,0,0
2017-09-21 15:00:00,27.89464,0,0
2017-09-21 16:00:00,27.360106,0,0
2017-09-21 17:00:00,26.42846,0,0
2017-09-21 18:00:00,25.994148,0,0
2017-09-21 19:00:00,26.073708,0,0
2017-09-21 20:00:00,25.968206,0,0
2017-09-21 21:00:00,25.85055,0,0
2017-09-21 22:00:00,25.750286,0,0
2017-09-21 23:00:00,25.503595,0,0
2017-09-22 00:00:00,25.14434,0,0
2017-09-22 01:00:00,24.774525,0,0
2017-09-22 02:00:00,24.794226,0,0
2017-09-22 03:00:00,24.738724,0,0
2017-09-22 04:00:00,24.91025,0,0
2017-09-22 05:00:00,24.387463,0,0
2017-09-22 06:00:00,24.423824,0,0
2017-09-22 07:00:00,25.382486,0,0
2017-09-22 08:00:00,26.630178,0,0
2017-09-22 09:00:00,27.465929,0,0
2017-09-22 10:00:00,28.423399,0,0
2017-09-22 11:00:00,29.08054,0,0
2017-09-22 12:00:00,28.972845,0,0
2017-09-22 13:00:00,28.212688,0,0
2017-09-22 14:00:00,27.2785,0,0
2017-09-22 15:00:00,27.498508,0,0
2017-09-22 16:00:00,26.869583,0,0
2017-09-22 17:00:00,26.329655,0,0
2017-09-22 18:00:00,25.570543,0,0
2017-09-22 19:00:00,26.157167,0,0
2017-09-22 20:00:00,26.065159,0,0
2017-09-22 21:00:00,25.65055,0,0
2017-09-22 22:00:00,25.592148,0,0
2017-09-22 23:00:00,25.496979,0,0
2017-09-23 00:00:00,25.370136,1,0
2017-09-23 01:00:00,25.233747,1,0
2017-09-23 02:00:00,25.027393,1,0
2017-09-23 03:00:00,24.345272,1,0
2017-09-23 04:00:00,24.37423,1,0
2017-09-23 05:00:00,24.196455,1,0
2017-09-23 06:00:00,23.96809,1,0
2017-09-23 07:00:00,25.399994,1,0
2017-09-23 08:00:00,26.120516,1,0
2017-09-23 09:00:00,26.027239,1,0
2017-09-23 10:00:00,26.091433,1,0
2017-09-23 11:00:00,26.713923,1,0
2017-09-23 12:00:00,27.268723,1,0
2017-09-23 13:00:00,27.71977,1,0
2017-09-23 14:00:00,27.831562,1,0
2017-09-23 15:00:00,28.061453,1,0
2017-09-23 16:00:00,27.843388,1,0
2017-09-23 17:00:00,27.310928,1,0
2017-09-23 18:00:00,26.771708,1,0
2017-09-23 19:00:00,26.788288,1,0
2017-09-23 20:00:00,26.739664,1,0
2017-09-23 21:00:00,26.678215,1,0
2017-09-23 22:00:00,26.584831,1,0
2017-09-23 23:00:00,26.15535,1,0
2017-09-24 00:00:00,25.934124,1,0
2017-09-24 01:00:00,26.223385,1,0
2017-09-24 02:00:00,26.035093,1,0
2017-09-24 03:00:00,25.485647,1,0
2017-09-24 04:00:00,24.70546,1,0
2017-09-24 05:00:00,24.96457,1,0
2017-09-24 06:00:00,25.166798,1,0
2017-09-24 07:00:00,26.025198,1,0
2017-09-24 08:00:00,26.38992,1,0
2017-09-24 09:00:00,27.420475,1,0
2017-09-24 10:00:00,27.85326,1,0
2017-09-24 11:00:00,28.222517,1,0
2017-09-24 12:00:00,28.118423,1,0
2017-09-24 13:00:00,26.66943,1,0
2017-09-24 14:00:00,26.92727,1,0
2017-09-24 15:00:00,27.48898,1,0
2017-09-24 16:00:00,27.635136,1,0
2017-09-24 17:00:00,27.473164,1,0
2017-09-24 18:00:00,26.6823,1,0
2017-09-24 19:00:00,26.807842,1,0
2017-09-24 20:00:00,26.436356,1,0
2017-09-24 21:00:00,25.65728,1,0
2017-09-24 22:00:00,25.859804,1,0
2017-09-24 23:00:00,25.716682,1,0
2017-09-25 00:00:00,25.06966,0,0
2017-09-25 01:00:00,25.443525,0,0
2017-09-25 02:00:00,25.962675,0,0
2017-09-25 03:00:00,25.280554,0,0
2017-09-25 04:00:00,24.867468,0,0
2017-09-25 05:00:00,24.87063,0,0
2017-09-25 06:00:00,24.839073,0,0
2017-09-25 07:00:00,25.023415,0,0
2017-09-25 08:00:00,26.138433,0,0
2017-09-25 09:00:00,27.323706,0,0
2017-09-25 10:00:00,28.272215,0,0
2017-09-25 11:00:00,28.133984,0,0
2017-09-25 12:00:00,26.908928,0,0
2017-09-25 13:00:00,27.207216,0,0
2017-09-25 14:00:00,26.964851,0,0
2017-09-25 15:00:00,27.233145,0,0
2017-09-25 16:00:00,26.628798,0,0
2017-09-25 17:00:00,25.934301,0,0
2017-09-25 18:00:00,25.475376,0,0
2017-09-25 19:00:00,25.575161,0,0
2017-09-25 20:00:00,25.231846,0,0
2017-09-25 21:00:00,25.132109,0,0
2017-09-25 22:00:00,25.353596,0,0
2017-09-25 23:00:00,24.614597,0,0
2017-09-26 00:00:00,25.083487,0,0
2017-09-26 01:00:00,24.946571,0,0
2017-09-26 02:00:00,24.507164,0,0
2017-09-26 03:00:00,24.457167,0,0
2017-09-26 04:00:00,24.495455,0,0
2017-09-26 05:00:00,24.502188,0,0
2017-09-26 06:00:00,24.369253,0,0
2017-09-26 07:00:00,25.129847,0,0
2017-09-26 08:00:00,26.14434,0,0
2017-09-26 09:00:00,27.14311,0,0
2017-09-26 10:00:00,27.267607,0,0
2017-09-26 11:00:00,27.923485,0,0
2017-09-26 12:00:00,28.571585,0,0
2017-09-26 13:00:00,28.39705,0,0
2017-09-26 14:00:00,28.444334,0,0
2017-09-26 15:00:00,28.363222,0,0
2017-09-26 16:00:00,27.808737,0,0
2017-09-26 17:00:00,27.213306,0,0
2017-09-26 18:00:00,26.765274,0,0
2017-09-26 19:00:00,26.644312,0,0
2017-09-26 20:00:00,26.189217,0,0
2017-09-26 21:00:00,25.867468,0,0
2017-09-26 22:00:00,25.837172,0,0
2017-09-26 23:00:00,25.572563,0,0
2017-09-27 00:00:00,25.64557,0,0
2017-09-27 01:00:00,25.884977,0,0
2017-09-27 02:00:00,25.760036,0,0
2017-09-27 03:00:00,25.362228,0,0
2017-09-27 04:00:00,25.337288,0,0
2017-09-27 05:00:00,25.328886,0,0
2017-09-27 06:00:00,25.267439,0,0
2017-09-27 07:00:00,26.186995,0,0
2017-09-27 08:00:00,26.456837,0,0
2017-09-27 09:00:00,27.317314,0,0
2017-09-27 10:00:00,27.809206,0,0
2017-09-27 11:00:00,28.760466,0,0
2017-09-27 12:00:00,28.89255,0,0
2017-09-27 13:00:00,28.166039,0,0
2017-09-27 14:00:00,28.402208,0,0
2017-09-27 15:00:00,26.707586,0,0
2017-09-27 16:00:00,26.269646,0,0
2017-09-27 17:00:00,26.38404,0,0
2017-09-27 18:00:00,26.282106,0,0
2017-09-27 19:00:00,26.413374,0,0
2017-09-27 20:00:00,26.036385,0,0
2017-09-27 21:00:00,25.790365,0,0
2017-09-27 22:00:00,25.4704,0,0
2017-09-27 23:00:00,25.2278,0,0
2017-09-28 00:00:00,25.060144,0,0
2017-09-28 01:00:00,24.496273,0,0
2017-09-28 02:00:00,25.758957,0,0
2017-09-28 03:00:00,23.970215,0,0
2017-09-28 04:00:00,23.890509,0,0
2017-09-28 05:00:00,23.651548,0,0
2017-09-28 06:00:00,24.081108,0,0
2017-09-28 07:00:00,25.364422,0,0
2017-09-28 08:00:00,26.683338,0,0
2017-09-28 09:00:00,27.830915,0,0
2017-09-28 10:00:00,28.870613,0,0
2017-09-28 11:00:00,28.380354,0,0
2017-09-28 12:00:00,27.82693,0,0
2017-09-28 13:00:00,27.457058,0,0
2017-09-28 14:00:00,26.824375,0,0
2017-09-28 15:00:00,26.599987,0,0
2017-09-28 16:00:00,26.70178,0,0
2017-09-28 17:00:00,26.955273,0,0
2017-09-28 18:00:00,26.430214,0,0
2017-09-28 19:00:00,26.604643,0,0
2017-09-28 20:00:00,26.502712,0,0
2017-09-28 21:00:00,26.467913,0,0
2017-09-28 22:00:00,26.195496,0,0
2017-09-28 23:00:00,25.654972,0,0
2017-09-29 00:00:00,25.237316,0,0
2017-09-29 01:00:00,24.691557,0,0
2017-09-29 02:00:00,24.561405,0,0
2017-09-29 03:00:00,24.595604,0,0
2017-09-29 04:00:00,24.345602,0,0
2017-09-29 05:00:00,24.147387,0,0
2017-09-29 06:00:00,24.310474,0,0
2017-09-29 07:00:00,25.49022,0,0
2017-09-29 08:00:00,26.615421,0,0
2017-09-29 09:00:00,26.769836,0,0
2017-09-29 10:00:00,27.743324,0,0
2017-09-29 11:00:00,26.224276,0,0
2017-09-29 12:00:00,27.445,0,0
2017-09-29 13:00:00,27.458427,0,0
2017-09-29 14:00:00,27.826393,0,0
2017-09-29 15:00:00,27.57683,0,0
2017-09-29 16:00:00,27.565235,0,0
2017-09-29 17:00:00,26.428246,0,0
2017-09-29 18:00:00,25.549171,0,0
2017-09-29 19:00:00,25.993343,0,0
2017-09-29 20:00:00,25.96416,0,0
2017-09-29 21:00:00,25.405643,0,0
2017-09-29 22:00:00,25.688286,0,0
2017-09-29 23:00:00,25.929737,0,0
2017-09-30 00:00:00,25.733572,1,0
2017-09-30 01:00:00,25.756582,1,0
2017-09-30 02:00:00,25.566765,1,0
2017-09-30 03:00:00,25.570337,1,0
2017-09-30 04:00:00,25.350372,1,0
2017-09-30 05:00:00,25.268322,1,0
2017-09-30 06:00:00,25.138664,1,0
2017-09-30 07:00:00,25.77353,1,0
2017-09-30 08:00:00,26.254936,1,0
2017-09-30 09:00:00,26.223778,1,0
2017-09-30 10:00:00,26.82548,1,0
2017-09-30 11:00:00,27.346848,1,0
2017-09-30 12:00:00,27.959236,1,0
2017-09-30 13:00:00,28.60233,1,0
2017-09-30 14:00:00,28.156012,1,0
2017-09-30 15:00:00,27.782854,1,0
2017-09-30 16:00:00,26.608759,1,0
2017-09-30 17:00:00,26.699093,1,0
2017-09-30 18:00:00,26.129246,1,0
2017-09-30 19:00:00,25.419138,1,0
2017-09-30 20:00:00,25.516682,1,0
2017-09-30 21:00:00,25.669582,1,0
2017-09-30 22:00:00,25.098503,1,0
2017-09-30 23:00:00,25.025084,1,0
2017-10-01 00:00:00,24.936909,1,0
2017-10-01 01:00:00,24.582485,1,0
2017-10-01 02:00:00,24.451073,1,0
2017-10-01 03:00:00,25.116392,1,0
2017-10-01 04:00:00,25.119436,1,0
2017-10-01 05:00:00,25.062557,1,0
2017-10-01 06:00:00,24.227276,1,0
2017-10-01 07:00:00,25.269253,1,0
2017-10-01 08:00:00,25.738657,1,0
2017-10-01 09:00:00,26.771002,1,0
2017-10-01 10:00:00,27.528694,1,0
2017-10-01 11:00:00,27.925648,1,0
2017-10-01 12:00:00,28.069555,1,0
2017-10-01 13:00:00,28.219032,1,0
2017-10-01 14:00:00,27.241371,1,0
2017-10-01 15:00:00,26.055449,1,0
2017-10-01 16:00:00,26.498978,1,0
2017-10-01 17:00:00,25.691587,1,0
2017-10-01 18:00:00,25.11129,1,0
2017-10-01 19:00:00,25.332548,1,0
2017-10-01 20:00:00,25.417973,1,0
2017-10-01 21:00:00,25.35612,1,0
2017-10-01 22:00:00,25.739141,1,0
2017-10-01 23:00:00,25.457874,1,0
2017-10-02 00:00:00,25.805681,0,0
2017-10-02 01:00:00,25.393003,0,0
2017-10-02 02:00:00,24.991362,0,0
2017-10-02 03:00:00,25.241219,0,0
2017-10-02 04:00:00,24.620136,0,0
2017-10-02 05:00:00,25.136646,0,0
2017-10-02 06:00:00,24.616236,0,0
2017-10-02 07:00:00,25.653564,0,0
2017-10-02 08:00:00,26.548618,0,0
2017-10-02 09:00:00,27.293146,0,0
2017-10-02 10:00:00,28.142624,0,0
2017-10-02 11:00:00,27.229155,0,0
2017-10-02 12:00:00,27.28963,0,0
2017-10-02 13:00:00,26.893648,0,0
2017-10-02 14:00:00,27.06815,0,0
2017-10-02 15:00:00,26.588968,0,0
2017-10-02 16:00:00,26.178946,0,0
2017-10-02 17:00:00,26.175493,0,0
2017-10-02 18:00:00,25.702744,0,0
2017-10-02 19:00:00,25.069983,0,0
2017-10-02 20:00:00,24.969315,0,0
2017-10-02 21:00:00,24.658798,0,0
2017-10-02 22:00:00,24.523407,0,0
2017-10-02 23:00:00,24.439804,0,0
2017-10-03 00:00:00,24.780584,0,0
2017-10-03 01:00:00,24.696716,0,0
2017-10-03 02:00:00,24.19084,0,0
2017-10-03 03:00:00,23.234331,0,0
2017-10-03 04:00:00,23.350319,0,0
2017-10-03 05:00:00,23.786678,0,0
2017-10-03 06:00:00,23.525639,0,0
2017-10-03 07:00:00,24.54858,0,0
2017-10-03 08:00:00,25.703482,0,0
2017-10-03 09:00:00,26.187708,0,0
2017-10-03 10:00:00,26.331007,0,0
2017-10-03 11:00:00,27.662601,0,0
2017-10-03 12:00:00,28.348661,0,0
2017-10-03 13:00:00,26.932245,0,0
2017-10-03 14:00:00,26.79972,0,0
2017-10-03 15:00:00,26.918013,0,0
2017-10-03 16:00:00,27.112892,0,0
2017-10-03 17:00:00,27.017431,0,0
2017-10-03 18:00:00,26.145271,0,0
2017-10-03 19:00:00,25.258245,0,0
2017-10-03 20:00:00,25.602335,0,0
2017-10-03 21:00:00,25.63401,0,0
2017-10-03 22:00:00,24.614006,0,0
2017-10-03 23:00:00,24.370884,0,0
2017-10-04 00:00:00,24.322,0,0
2017-10-04 01:00:00,24.64241,0,0
2017-10-04 02:00:00,24.853304,0,0
2017-10-04 03:00:00,24.635124,0,0
2017-10-04 04:00:00,24.595049,0,0
2017-10-04 05:00:00,24.026161,0,0
2017-10-04 06:00:00,24.133894,0,0
2017-10-04 07:00:00,24.394602,0,0
2017-10-04 08:00:00,24.698437,0,0
2017-10-04 09:00:00,25.636171,0,0
2017-10-04 10:00:00,25.53528,0,0
2017-10-04 11:00:00,25.738066,0,0
2017-10-04 12:00:00,26.284395,0,0
2017-10-04 13:00:00,26.741789,0,0
2017-10-04 14:00:00,27.149519,0,0
2017-10-04 15:00:00,25.684156,0,0
2017-10-04 16:00:00,25.617798,0,0
2017-10-04 17:00:00,24.393555,0,0
2017-10-04 18:00:00,24.679731,0,0
2017-10-04 19:00:00,24.531107,0,0
2017-10-04 20:00:00,24.492332,0,0
2017-10-04 21:00:00,24.270582,0,0
2017-10-04 22:00:00,24.343857,0,0
2017-10-04 23:00:00,24.34895,0,0
2017-10-05 00:00:00,24.324007,0,0
2017-10-05 01:00:00,24.820486,0,0
2017-10-05 02:00:00,24.828886,0,0
2017-10-05 03:00:00,24.65144,0,0
2017-10-05 04:00:00,24.680147,0,0
2017-10-05 05:00:00,24.771484,0,0
2017-10-05 06:00:00,24.723385,0,0
2017-10-05 07:00:00,24.97186,0,0
2017-10-05 08:00:00,25.606434,0,0
2017-10-05 09:00:00,26.228186,0,0
2017-10-05 10:00:00,26.99551,0,0
2017-10-05 11:00:00,27.383755,0,0
2017-10-05 12:00:00,27.07941,0,0
2017-10-05 13:00:00,26.701973,0,0
2017-10-05 14:00:00,26.2645,0,0
2017-10-05 15:00:00,25.93762,0,0
2017-10-05 16:00:00,26.201935,0,0
2017-10-05 17:00:00,26.069447,0,0
2017-10-05 18:00:00,25.600452,0,0
2017-10-05 19:00:00,25.797113,0,0
2017-10-05 20:00:00,25.811052,0,0
2017-10-05 21:00:00,25.653913,0,0
2017-10-05 22:00:00,25.555962,0,0
2017-10-05 23:00:00,25.579523,0,0
2017-10-06 00:00:00,25.692612,0,0
2017-10-06 01:00:00,25.913168,0,0
2017-10-06 02:00:00,25.987703,0,0
2017-10-06 03:00:00,25.942795,0,0
2017-10-06 04:00:00,25.821568,0,0
2017-10-06 05:00:00,26.0115,0,0
2017-10-06 06:00:00,25.986443,0,0
2017-10-06 07:00:00,26.19194,0,0
2017-10-06 08:00:00,26.545542,0,0
2017-10-06 09:00:00,27.140219,0,0
2017-10-06 10:00:00,27.72359,0,0
2017-10-06 11:00:00,28.084595,0,0
2017-10-06 12:00:00,28.080286,0,0
2017-10-06 13:00:00,27.975784,0,0
2017-10-06 14:00:00,27.864336,0,0
2017-10-06 15:00:00,27.803627,0,0
2017-10-06 16:00:00,27.540771,0,0
2017-10-06 17:00:00,26.917616,0,0
2017-10-06 18:00:00,26.4742,0,0
2017-10-06 19:00:00,26.508514,0,0
2017-10-06 20:00:00,25.952042,0,0
2017-10-06 21:00:00,26.00342,0,0
2017-10-06 22:00:00,25.859774,0,0
2017-10-06 23:00:00,25.320515,0,0
2017-10-07 00:00:00,24.999697,1,0
2017-10-07 01:00:00,25.482338,1,0
2017-10-07 02:00:00,25.66487,1,0
2017-10-07 03:00:00,25.157137,1,0
2017-10-07 04:00:00,24.1749,1,0
2017-10-07 05:00:00,24.615944,1,0
2017-10-07 06:00:00,24.670105,1,0
2017-10-07 07:00:00,25.884945,1,0
2017-10-07 08:00:00,27.244757,1,0
2017-10-07 09:00:00,28.119022,1,0
2017-10-07 10:00:00,28.829647,1,0
2017-10-07 11:00:00,29.446857,1,0
2017-10-07 12:00:00,29.89054,1,0
2017-10-07 13:00:00,29.68858,1,0
2017-10-07 14:00:00,29.761473,1,0
2017-10-07 15:00:00,29.346457,1,0
2017-10-07 16:00:00,29.023443,1,0
2017-10-07 17:00:00,28.522182,1,0
2017-10-07 18:00:00,27.048204,1,0
2017-10-07 19:00:00,27.665684,1,0
2017-10-07 20:00:00,26.321737,1,0
2017-10-07 21:00:00,26.169167,1,0
2017-10-07 22:00:00,25.534971,1,0
2017-10-07 23:00:00,25.413483,1,0
2017-10-08 00:00:00,25.147612,1,0
2017-10-08 01:00:00,24.686834,1,0
2017-10-08 02:00:00,24.641287,1,0
2017-10-08 03:00:00,24.34348,1,0
2017-10-08 04:00:00,23.977757,1,0
2017-10-08 05:00:00,24.731363,1,0
2017-10-08 06:00:00,24.556011,1,0
2017-10-08 07:00:00,25.713453,1,0
2017-10-08 08:00:00,27.448765,1,0
2017-10-08 09:00:00,28.383108,1,0
2017-10-08 10:00:00,29.191986,1,0
2017-10-08 11:00:00,30.055864,1,0
2017-10-08 12:00:00,28.882652,1,0
2017-10-08 13:00:00,28.699602,1,0
2017-10-08 14:00:00,29.251965,1,0
2017-10-08 15:00:00,29.641893,1,0
2017-10-08 16:00:00,28.786192,1,0
2017-10-08 17:00:00,28.16028,1,0
2017-10-08 18:00:00,27.259426,1,0
2017-10-08 19:00:00,26.738726,1,0
2017-10-08 20:00:00,26.484602,1,0
2017-10-08 21:00:00,26.239363,1,0
2017-10-08 22:00:00,25.940954,1,0
2017-10-08 23:00:00,25.614422,1,0
2017-10-09 00:00:00,25.132895,0,0
2017-10-09 01:00:00,24.934416,0,0
2017-10-09 02:00:00,24.675163,0,0
2017-10-09 03:00:00,24.7129,0,0
2017-10-09 04:00:00,24.576277,0,0
2017-10-09 05:00:00,24.743788,0,0
2017-10-09 06:00:00,24.159134,0,0
2017-10-09 07:00:00,25.240742,0,0
2017-10-09 08:00:00,26.520136,0,0
2017-10-09 09:00:00,27.798862,0,0
2017-10-09 10:00:00,28.637182,0,0
2017-10-09 11:00:00,28.79945,0,0
2017-10-09 12:00:00,27.159035,0,0
2017-10-09 13:00:00,27.219858,0,0
2017-10-09 14:00:00,28.277697,0,0
2017-10-09 15:00:00,27.027422,0,0
2017-10-09 16:00:00,26.4146,0,0
2017-10-09 17:00:00,26.55679,0,0
2017-10-09 18:00:00,25.95281,0,0
2017-10-09 19:00:00,26.713821,0,0
2017-10-09 20:00:00,26.42096,0,0
2017-10-09 21:00:00,25.452742,0,0
2017-10-09 22:00:00,25.259212,0,0
2017-10-09 23:00:00,25.476986,0,0
2017-10-10 00:00:00,25.032747,0,0
2017-10-10 01:00:00,24.970776,0,0
2017-10-10 02:00:00,24.895573,0,0
2017-10-10 03:00:00,24.870369,0,0
2017-10-10 04:00:00,24.693789,0,0
2017-10-10 05:00:00,24.702188,0,0
2017-10-10 06:00:00,24.432486,0,0
2017-10-10 07:00:00,25.260181,0,0
2017-10-10 08:00:00,26.223036,0,0
2017-10-10 09:00:00,27.309572,0,0
2017-10-10 10:00:00,28.244846,0,0
2017-10-10 11:00:00,28.821312,0,0
2017-10-10 12:00:00,28.89599,0,0
2017-10-10 13:00:00,28.14276,0,0
2017-10-10 14:00:00,26.933062,0,0
2017-10-10 15:00:00,27.226557,0,0
2017-10-10 16:00:00,27.552877,0,0
2017-10-10 17:00:00,27.224773,0,0
2017-10-10 18:00:00,26.234106,0,0
2017-10-10 19:00:00,26.378538,0,0
2017-10-10 20:00:00,25.842508,0,0
2017-10-10 21:00:00,25.621292,0,0
2017-10-10 22:00:00,25.48988,0,0
2017-10-10 23:00:00,25.504751,0,0
2017-10-11 00:00:00,25.287687,0,0
2017-10-11 01:00:00,25.00407,0,0
2017-10-11 02:00:00,24.78047,0,0
2017-10-11 03:00:00,24.423328,0,0
2017-10-11 04:00:00,24.436348,0,0
2017-10-11 05:00:00,24.319021,0,0
2017-10-11 06:00:00,24.274492,0,0
2017-10-11 07:00:00,25.1239,0,0
2017-10-11 08:00:00,26.672628,0,0
2017-10-11 09:00:00,28.028906,0,0
2017-10-11 10:00:00,29.272356,0,0
2017-10-11 11:00:00,29.570272,0,0
2017-10-11 12:00:00,29.602764,0,0
2017-10-11 13:00:00,29.560318,0,0
2017-10-11 14:00:00,26.577972,0,0
2017-10-11 15:00:00,27.406519,0,0
2017-10-11 16:00:00,28.105642,0,0
2017-10-11 17:00:00,27.744526,0,0
2017-10-11 18:00:00,26.668991,0,0
2017-10-11 19:00:00,26.443003,0,0
2017-10-11 20:00:00,26.247763,0,0
2017-10-11 21:00:00,25.928837,0,0
2017-10-11 22:00:00,25.77646,0,0
2017-10-11 23:00:00,25.488577,0,0
2017-10-12 00:00:00,25.19762,0,0
2017-10-12 01:00:00,25.039705,0,0
2017-10-12 02:00:00,24.775948,0,0
2017-10-12 03:00:00,24.578993,0,0
2017-10-12 04:00:00,24.500298,0,0
2017-10-12 05:00:00,24.428925,0,0
2017-10-12 06:00:00,24.081224,0,0
2017-10-12 07:00:00,25.686028,0,0
2017-10-12 08:00:00,27.267653,0,0
2017-10-12 09:00:00,28.364965,0,0
2017-10-12 10:00:00,28.393131,0,0
2017-10-12 11:00:00,26.912003,0,0
2017-10-12 12:00:00,27.63446,0,0
2017-10-12 13:00:00,28.873087,0,0
2017-10-12 14:00:00,28.755373,0,0
2017-10-12 15:00:00,28.747116,0,0
2017-10-12 16:00:00,28.59234,0,0
2017-10-12 17:00:00,28.108028,0,0
2017-10-12 18:00:00,26.74107,0,0
2017-10-12 19:00:00,27.023151,0,0
2017-10-12 20:00:00,26.660067,0,0
2017-10-12 21:00:00,26.280846,0,0
2017-10-12 22:00:00,25.983156,0,0
2017-10-12 23:00:00,25.759996,0,0
2017-10-13 00:00:00,25.753937,0,0
2017-10-13 01:00:00,25.519331,0,0
2017-10-13 02:00:00,25.39141,0,0
2017-10-13 03:00:00,25.287762,0,0
2017-10-13 04:00:00,25.166798,0,0
2017-10-13 05:00:00,25.008806,0,0
2017-10-13 06:00:00,24.79955,0,0
2017-10-13 07:00:00,25.928923,0,0
2017-10-13 08:00:00,26.941254,0,0
2017-10-13 09:00:00,27.473251,0,0
2017-10-13 10:00:00,28.349787,0,0
2017-10-13 11:00:00,29.29607,0,0
2017-10-13 12:00:00,30.197155,0,0
2017-10-13 13:00:00,29.581514,0,0
2017-10-13 14:00:00,29.151625,0,0
2017-10-13 15:00:00,27.684492,0,0
2017-10-13 16:00:00,26.981,0,0
2017-10-13 17:00:00,26.501703,0,0
2017-10-13 18:00:00,25.733078,0,0
2017-10-13 19:00:00,25.166006,0,0
2017-10-13 20:00:00,25.124931,0,0
2017-10-13 21:00:00,25.090326,0,0
2017-10-13 22:00:00,25.05839,0,0
2017-10-13 23:00:00,24.925833,0,0
2017-10-14 00:00:00,24.880663,1,0
2017-10-14 01:00:00,24.844011,1,0
2017-10-14 02:00:00,24.879847,1,0
2017-10-14 03:00:00,25.141413,1,0
2017-10-14 04:00:00,25.139626,1,0
2017-10-14 05:00:00,24.999733,1,0
2017-10-14 06:00:00,25.074415,1,0
2017-10-14 07:00:00,25.529654,1,0
2017-10-14 08:00:00,26.240314,1,0
2017-10-14 09:00:00,27.521204,1,0
2017-10-14 10:00:00,28.62879,1,0
2017-10-14 11:00:00,29.86184,1,0
2017-10-14 12:00:00,28.497274,1,0
2017-10-14 13:00:00,28.049435,1,0
2017-10-14 14:00:00,28.534977,1,0
2017-10-14 15:00:00,28.425907,1,0
2017-10-14 16:00:00,26.95482,1,0
2017-10-14 17:00:00,26.634039,1,0
2017-10-14 18:00:00,26.4288,1,0
2017-10-14 19:00:00,26.063814,1,0
2017-10-14 20:00:00,25.887754,1,0
2017-10-14 21:00:00,25.869576,1,0
2017-10-14 22:00:00,25.779615,1,0
2017-10-14 23:00:00,25.618315,1,0
2017-10-15 00:00:00,25.605196,1,0
2017-10-15 01:00:00,25.634825,1,0
2017-10-15 02:00:00,25.642818,1,0
2017-10-15 03:00:00,25.459885,1,0
2017-10-15 04:00:00,25.369953,1,0
2017-10-15 05:00:00,25.189133,1,0
2017-10-15 06:00:00,24.690994,1,0
2017-10-15 07:00:00,25.81486,1,0
2017-10-15 08:00:00,27.252218,1,0
2017-10-15 09:00:00,28.416714,1,0
2017-10-15 10:00:00,29.958755,1,0
2017-10-15 11:00:00,28.579086,1,0
2017-10-15 12:00:00,29.430023,1,0
2017-10-15 13:00:00,30.319466,1,0
2017-10-15 14:00:00,30.708727,1,0
2017-10-15 15:00:00,29.70281,1,0
2017-10-15 16:00:00,29.35802,1,0
2017-10-15 17:00:00,28.860806,1,0
2017-10-15 18:00:00,27.779915,1,0
2017-10-15 19:00:00,27.640509,1,0
2017-10-15 20:00:00,27.064306,1,0
2017-10-15 21:00:00,26.65962,1,0
2017-10-15 22:00:00,26.148056,1,0
2017-10-15 23:00:00,25.676685,1,0
2017-10-16 00:00:00,25.475754,0,0
2017-10-16 01:00:00,25.577618,0,0
2017-10-16 02:00:00,25.63661,0,0
2017-10-16 03:00:00,25.751072,0,0
2017-10-16 04:00:00,25.770515,0,0
2017-10-16 05:00:00,25.757023,0,0
2017-10-16 06:00:00,25.943378,0,0
2017-10-16 07:00:00,26.59993,0,0
2017-10-16 08:00:00,27.57007,0,0
2017-10-16 09:00:00,29.028536,0,0
2017-10-16 10:00:00,30.142809,0,0
2017-10-16 11:00:00,30.252762,0,0
2017-10-16 12:00:00,29.492424,0,0
2017-10-16 13:00:00,27.852865,0,0
2017-10-16 14:00:00,28.444733,0,0
2017-10-16 15:00:00,28.669043,0,0
2017-10-16 16:00:00,28.611134,0,0
2017-10-16 17:00:00,28.171728,0,0
2017-10-16 18:00:00,27.30764,0,0
2017-10-16 19:00:00,27.488579,0,0
2017-10-16 20:00:00,27.315683,0,0
2017-10-16 21:00:00,27.084269,0,0
2017-10-16 22:00:00,26.78241,0,0
2017-10-16 23:00:00,26.16839,0,0
2017-10-17 00:00:00,25.74248,0,0
2017-10-17 01:00:00,25.178017,0,0
2017-10-17 02:00:00,24.947456,0,0
2017-10-17 03:00:00,24.841656,0,0
2017-10-17 04:00:00,24.65998,0,0
2017-10-17 05:00:00,24.538347,0,0
2017-10-17 06:00:00,24.462843,0,0
2017-10-17 07:00:00,25.605673,0,0
2017-10-17 08:00:00,26.845816,0,0
2017-10-17 09:00:00,28.164656,0,0
2017-10-17 10:00:00,28.53432,0,0
2017-10-17 11:00:00,29.205994,0,0
2017-10-17 12:00:00,29.940306,0,0
2017-10-17 13:00:00,29.646101,0,0
2017-10-17 14:00:00,29.273203,0,0
2017-10-17 15:00:00,28.640793,0,0
2017-10-17 16:00:00,28.36218,0,0
2017-10-17 17:00:00,27.631556,0,0
2017-10-17 18:00:00,27.05702,0,0
2017-10-17 19:00:00,26.794079,0,0
2017-10-17 20:00:00,26.779915,0,0
2017-10-17 21:00:00,26.577276,0,0
2017-10-17 22:00:00,26.397242,0,0
2017-10-17 23:00:00,26.257427,0,0
2017-10-18 00:00:00,26.287317,0,0
2017-10-18 01:00:00,26.108284,0,0
2017-10-18 02:00:00,25.918205,0,0
2017-10-18 03:00:00,25.680325,0,0
2017-10-18 04:00:00,25.441032,0,0
2017-10-18 05:00:00,25.484009,0,0
2017-10-18 06:00:00,25.3694,0,0
2017-10-18 07:00:00,25.912405,0,0
2017-10-18 08:00:00,26.401648,0,0
2017-10-18 09:00:00,27.094538,0,0
2017-10-18 10:00:00,27.8929,0,0
2017-10-18 11:00:00,28.650225,0,0
2017-10-18 12:00:00,29.063978,0,0
2017-10-18 13:00:00,28.359234,0,0
2017-10-18 14:00:00,27.588793,0,0
2017-10-18 15:00:00,27.936792,0,0
2017-10-18 16:00:00,27.937386,0,0
2017-10-18 17:00:00,27.768915,0,0
2017-10-18 18:00:00,26.909395,0,0
2017-10-18 19:00:00,26.575344,0,0
2017-10-18 20:00:00,26.185942,0,0
2017-10-18 21:00:00,25.884563,0,0
2017-10-18 22:00:00,25.710884,0,0
2017-10-18 23:00:00,25.69765,0,0
2017-10-19 00:00:00,25.544342,0,0
2017-10-19 01:00:00,25.391033,0,0
2017-10-19 02:00:00,25.27821,0,0
2017-10-19 03:00:00,25.235008,0,0
2017-10-19 04:00:00,24.970137,0,0
2017-10-19 05:00:00,24.894604,0,0
2017-10-19 06:00:00,24.501366,0,0
2017-10-19 07:00:00,25.635532,0,0
2017-10-19 08:00:00,26.182766,0,0
2017-10-19 09:00:00,25.82562,0,0
2017-10-19 10:00:00,26.936691,0,0
2017-10-19 11:00:00,28.383467,0,0
2017-10-19 12:00:00,28.451464,0,0
2017-10-19 13:00:00,27.857344,0,0
2017-10-19 14:00:00,28.23013,0,0
2017-10-19 15:00:00,28.189938,0,0
2017-10-19 16:00:00,27.68414,0,0
2017-10-19 17:00:00,27.253103,0,0
2017-10-19 18:00:00,26.672215,0,0
2017-10-19 19:00:00,26.410097,0,0
2017-10-19 20:00:00,26.13132,0,0
2017-10-19 21:00:00,25.786232,0,0
2017-10-19 22:00:00,26.058836,0,0
2017-10-19 23:00:00,25.695604,0,0
2017-10-20 00:00:00,25.537348,0,0
2017-10-20 01:00:00,25.249765,0,0
2017-10-20 02:00:00,24.869614,0,0
2017-10-20 03:00:00,24.661621,0,0
2017-10-20 04:00:00,24.518236,0,0
2017-10-20 05:00:00,24.560766,0,0
2017-10-20 06:00:00,24.410437,0,0
2017-10-20 07:00:00,25.383041,0,0
2017-10-20 08:00:00,26.771135,0,0
2017-10-20 09:00:00,27.906597,0,0
2017-10-20 10:00:00,29.078936,0,0
2017-10-20 11:00:00,30.06875,0,0
2017-10-20 12:00:00,30.563658,0,0
2017-10-20 13:00:00,29.579035,0,0
2017-10-20 14:00:00,28.183323,0,0
2017-10-20 15:00:00,28.417118,0,0
2017-10-20 16:00:00,26.701174,0,0
2017-10-20 17:00:00,26.603333,0,0
2017-10-20 18:00:00,26.121397,0,0
2017-10-20 19:00:00,27.148424,0,0
2017-10-20 20:00:00,26.748688,0,0
2017-10-20 21:00:00,26.570923,0,0
2017-10-20 22:00:00,26.046942,0,0
2017-10-20 23:00:00,25.791365,0,0
2017-10-21 00:00:00,25.632187,1,0
2017-10-21 01:00:00,25.255936,1,0
2017-10-21 02:00:00,25.086716,1,0
2017-10-21 03:00:00,25.299356,1,0
2017-10-21 04:00:00,25.173185,1,0
2017-10-21 05:00:00,24.935299,1,0
2017-10-21 06:00:00,25.329914,1,0
2017-10-21 07:00:00,25.845865,1,0
2017-10-21 08:00:00,27.051926,1,0
2017-10-21 09:00:00,28.438877,1,0
2017-10-21 10:00:00,29.311365,1,0
2017-10-21 11:00:00,30.098232,1,0
2017-10-21 12:00:00,30.266888,1,0
2017-10-21 13:00:00,28.295292,1,0
2017-10-21 14:00:00,26.907965,1,0
2017-10-21 15:00:00,27.060688,1,0
2017-10-21 16:00:00,27.160805,1,0
2017-10-21 17:00:00,26.848833,1,0
2017-10-21 18:00:00,26.173365,1,0
2017-10-21 19:00:00,26.285677,1,0
2017-10-21 20:00:00,25.72921,1,0
2017-10-21 21:00:00,25.615452,1,0
2017-10-21 22:00:00,25.25289,1,0
2017-10-21 23:00:00,25.345419,1,0
2017-10-22 00:00:00,25.321999,1,0
2017-10-22 01:00:00,25.01709,1,0
2017-10-22 02:00:00,25.06226,1,0
2017-10-22 03:00:00,24.7788,1,0
2017-10-22 04:00:00,24.888132,1,0
2017-10-22 05:00:00,24.813442,1,0
2017-10-22 06:00:00,24.983223,1,0
2017-10-22 07:00:00,25.409212,1,0
2017-10-22 08:00:00,26.20181,1,0
2017-10-22 09:00:00,27.30188,1,0
2017-10-22 10:00:00,28.052025,1,0
2017-10-22 11:00:00,28.325884,1,0
2017-10-22 12:00:00,26.990126,1,0
2017-10-22 13:00:00,27.257256,1,0
2017-10-22 14:00:00,27.966751,1,0
2017-10-22 15:00:00,27.424774,1,0
2017-10-22 16:00:00,27.10247,1,0
2017-10-22 17:00:00,26.259348,1,0
2017-10-22 18:00:00,25.861212,1,0
2017-10-22 19:00:00,26.139841,1,0
2017-10-22 20:00:00,26.05114,1,0
2017-10-22 21:00:00,25.613258,1,0
2017-10-22 22:00:00,25.711327,1,0
2017-10-22 23:00:00,25.37523,1,0
2017-10-23 00:00:00,25.743004,0,0
2017-10-23 01:00:00,24.870953,0,0
2017-10-23 02:00:00,25.023853,0,0
2017-10-23 03:00:00,25.204975,0,0
2017-10-23 04:00:00,25.088434,0,0
2017-10-23 05:00:00,24.908428,0,0
2017-10-23 06:00:00,24.770136,0,0
2017-10-23 07:00:00,25.799618,0,0
2017-10-23 08:00:00,26.544786,0,0
2017-10-23 09:00:00,26.797682,0,0
2017-10-23 10:00:00,27.211205,0,0
2017-10-23 11:00:00,27.336525,0,0
2017-10-23 12:00:00,26.978346,0,0
2017-10-23 13:00:00,26.795795,0,0
2017-10-23 14:00:00,26.902336,0,0
2017-10-23 15:00:00,27.135649,0,0
2017-10-23 16:00:00,26.202219,0,0
2017-10-23 17:00:00,25.934893,0,0
2017-10-23 18:00:00,25.689579,0,0
2017-10-23 19:00:00,25.862705,0,0
2017-10-23 20:00:00,25.499619,0,0
2017-10-23 21:00:00,25.910511,0,0
2017-10-23 22:00:00,26.075382,0,0
2017-10-23 23:00:00,26.07055,0,0
2017-10-24 00:00:00,25.152075,0,0
2017-10-24 01:00:00,25.218468,0,0
2017-10-24 02:00:00,25.557726,0,0
2017-10-24 03:00:00,25.24464,0,0
2017-10-24 04:00:00,25.012966,0,0
2017-10-24 05:00:00,25.331146,0,0
2017-10-24 06:00:00,25.504158,0,0
2017-10-24 07:00:00,25.537354,0,0
2017-10-24 08:00:00,26.668884,0,0
2017-10-24 09:00:00,27.249441,0,0
2017-10-24 10:00:00,27.896019,0,0
2017-10-24 11:00:00,27.954237,0,0
2017-10-24 12:00:00,28.103498,0,0
2017-10-24 13:00:00,27.964867,0,0
2017-10-24 14:00:00,27.011852,0,0
2017-10-24 15:00:00,26.432484,0,0
2017-10-24 16:00:00,25.33761,0,0
2017-10-24 17:00:00,25.13694,0,0
2017-10-24 18:00:00,24.60612,0,0
2017-10-24 19:00:00,25.669842,0,0
2017-10-24 20:00:00,25.975647,0,0
2017-10-24 21:00:00,26.0339,0,0
2017-10-24 22:00:00,25.586763,0,0
2017-10-24 23:00:00,25.743496,0,0
2017-10-25 00:00:00,25.666916,0,0
2017-10-25 01:00:00,25.537025,0,0
2017-10-25 02:00:00,25.536764,0,0
2017-10-25 03:00:00,25.468437,0,0
2017-10-25 04:00:00,25.33524,0,0
2017-10-25 05:00:00,25.338812,0,0
2017-10-25 06:00:00,25.521599,0,0
2017-10-25 07:00:00,25.64502,0,0
2017-10-25 08:00:00,26.598772,0,0
2017-10-25 09:00:00,27.050226,0,0
2017-10-25 10:00:00,27.308447,0,0
2017-10-25 11:00:00,27.078962,0,0
2017-10-25 12:00:00,27.340082,0,0
2017-10-25 13:00:00,27.746746,0,0
2017-10-25 14:00:00,27.309153,0,0
2017-10-25 15:00:00,26.981194,0,0
2017-10-25 16:00:00,26.607512,0,0
2017-10-25 17:00:00,26.514275,0,0
2017-10-25 18:00:00,25.996723,0,0
2017-10-25 19:00:00,25.995949,0,0
2017-10-25 20:00:00,25.927362,0,0
2017-10-25 21:00:00,25.848589,0,0
2017-10-25 22:00:00,25.849703,0,0
2017-10-25 23:00:00,25.608368,0,0
2017-10-26 00:00:00,25.33,0,0
2017-10-26 01:00:00,25.186356,0,0
2017-10-26 02:00:00,25.049706,0,0
2017-10-26 03:00:00,25.071192,0,0
2017-10-26 04:00:00,25.042942,0,0
2017-10-26 05:00:00,25.08454,0,0
2017-10-26 06:00:00,25.30272,0,0
2017-10-26 07:00:00,26.164284,0,0
2017-10-26 08:00:00,27.13454,0,0
2017-10-26 09:00:00,27.723055,0,0
2017-10-26 10:00:00,27.941835,0,0
2017-10-26 11:00:00,27.499529,0,0
2017-10-26 12:00:00,27.797743,0,0
2017-10-26 13:00:00,26.863579,0,0
2017-10-26 14:00:00,27.199268,0,0
2017-10-26 15:00:00,26.352198,0,0
2017-10-26 16:00:00,25.844574,0,0
2017-10-26 17:00:00,25.907513,0,0
2017-10-26 18:00:00,25.815245,0,0
2017-10-26 19:00:00,25.487694,0,0
2017-10-26 20:00:00,25.670223,0,0
2017-10-26 21:00:00,25.502422,0,0
2017-10-26 22:00:00,25.166178,0,0
2017-10-26 23:00:00,25.638372,0,0
2017-10-27 00:00:00,25.749672,0,0
2017-10-27 01:00:00,25.68618,0,0
2017-10-27 02:00:00,24.494688,0,0
2017-10-27 03:00:00,25.015623,0,0
2017-10-27 04:00:00,24.952013,0,0
2017-10-27 05:00:00,24.829,0,0
2017-10-27 06:00:00,24.582977,0,0
2017-10-27 07:00:00,25.491348,0,0
2017-10-27 08:00:00,26.659153,0,0
2017-10-27 09:00:00,27.446474,0,0
2017-10-27 10:00:00,28.581818,0,0
2017-10-27 11:00:00,29.266487,0,0
2017-10-27 12:00:00,28.37859,0,0
2017-10-27 13:00:00,26.927399,0,0
2017-10-27 14:00:00,27.27849,0,0
2017-10-27 15:00:00,26.291023,0,0
2017-10-27 16:00:00,26.214586,0,0
2017-10-27 17:00:00,26.008467,0,0
2017-10-27 18:00:00,25.354448,0,0
2017-10-27 19:00:00,25.016123,0,0
2017-10-27 20:00:00,25.007458,0,0
2017-10-27 21:00:00,24.965858,0,0
2017-10-27 22:00:00,24.72783,0,0
2017-10-27 23:00:00,24.456789,0,0
2017-10-28 00:00:00,24.207903,1,0
2017-10-28 01:00:00,24.05995,1,0
2017-10-28 02:00:00,23.968876,1,0
2017-10-28 03:00:00,23.99631,1,0
2017-10-28 04:00:00,23.444487,1,0
2017-10-28 05:00:00,23.782701,1,0
2017-10-28 06:00:00,23.832294,1,0
2017-10-28 07:00:00,24.297356,1,0
2017-10-28 08:00:00,25.009775,1,0
2017-10-28 09:00:00,24.78787,1,0
2017-10-28 10:00:00,24.83994,1,0
2017-10-28 11:00:00,24.800156,1,0
2017-10-28 12:00:00,25.057423,1,0
2017-10-28 13:00:00,25.888002,1,0
2017-10-28 14:00:00,26.20644,1,0
2017-10-28 15:00:00,26.097942,1,0
2017-10-28 16:00:00,26.084154,1,0
2017-10-28 17:00:00,25.85181,1,0
2017-10-28 18:00:00,25.173117,1,0
2017-10-28 19:00:00,25.444605,1,0
2017-10-28 20:00:00,25.365238,1,0
2017-10-28 21:00:00,25.170069,1,0
2017-10-28 22:00:00,24.949842,1,0
2017-10-28 23:00:00,24.781517,1,0
2017-10-29 00:00:00,24.606575,1,0
2017-10-29 01:00:00,24.464975,1,0
2017-10-29 02:00:00,24.36167,1,0
2017-10-29 03:00:00,24.439625,1,0
2017-10-29 04:00:00,23.96966,1,0
2017-10-29 05:00:00,23.508507,1,0
2017-10-29 06:00:00,23.616762,1,0
2017-10-29 07:00:00,24.305313,1,0
2017-10-29 08:00:00,25.483484,1,0
2017-10-29 09:00:00,26.442953,1,0
2017-10-29 10:00:00,27.400269,1,0
2017-10-29 11:00:00,28.16915,1,0
2017-10-29 12:00:00,27.77145,1,0
2017-10-29 13:00:00,26.439621,1,0
2017-10-29 14:00:00,25.48293,1,0
2017-10-29 15:00:00,26.253048,1,0
2017-10-29 16:00:00,26.277075,1,0
2017-10-29 17:00:00,25.987494,1,0
2017-10-29 18:00:00,25.165596,1,0
2017-10-29 19:00:00,26.189169,1,0
2017-10-29 20:00:00,25.833553,1,0
2017-10-29 21:00:00,24.595371,1,0
2017-10-29 22:00:00,24.092474,1,0
2017-10-29 23:00:00,24.110502,1,0
2017-10-30 00:00:00,23.774523,0,0
2017-10-30 01:00:00,23.804672,0,0
2017-10-30 02:00:00,23.503153,0,0
2017-10-30 03:00:00,23.375229,0,0
2017-10-30 04:00:00,23.39077,0,0
2017-10-30 05:00:00,23.604458,0,0
2017-10-30 06:00:00,23.548386,0,0
2017-10-30 07:00:00,24.063532,0,0
2017-10-30 08:00:00,25.64694,0,0
2017-10-30 09:00:00,27.217382,0,0
2017-10-30 10:00:00,28.402435,0,0
2017-10-30 11:00:00,28.805363,0,0
2017-10-30 12:00:00,25.959589,0,0
2017-10-30 13:00:00,27.289085,0,0
2017-10-30 14:00:00,26.758032,0,0
2017-10-30 15:00:00,26.46935,0,0
2017-10-30 16:00:00,26.905157,0,0
2017-10-30 17:00:00,26.110687,0,0
2017-10-30 18:00:00,25.441101,0,0
2017-10-30 19:00:00,25.643887,0,0
2017-10-30 20:00:00,25.401287,0,0
2017-10-30 21:00:00,25.041286,0,0
2017-10-30 22:00:00,24.950956,0,0
2017-10-30 23:00:00,24.541693,0,0
2017-10-31 00:00:00,24.453924,0,0
2017-10-31 01:00:00,24.329325,0,0
2017-10-31 02:00:00,24.153187,0,0
2017-10-31 03:00:00,23.896126,0,0
2017-10-31 04:00:00,23.75345,0,0
2017-10-31 05:00:00,23.67553,0,0
2017-10-31 06:00:00,23.63724,0,0
2017-10-31 07:00:00,24.830372,0,0
2017-10-31 08:00:00,26.255236,0,0
2017-10-31 09:00:00,27.628723,0,0
2017-10-31 10:00:00,28.241575,0,0
2017-10-31 11:00:00,27.708227,0,0
2017-10-31 12:00:00,26.394693,0,0
2017-10-31 13:00:00,27.15374,0,0
2017-10-31 14:00:00,27.192022,0,0
2017-10-31 15:00:00,27.13396,0,0
2017-10-31 16:00:00,26.65481,0,0
2017-10-31 17:00:00,26.493885,0,0
2017-10-31 18:00:00,25.674707,0,0
2017-10-31 19:00:00,26.002481,0,0
2017-10-31 20:00:00,25.789394,0,0
2017-10-31 21:00:00,25.595419,0,0
2017-10-31 22:00:00,25.323309,0,0
2017-10-31 23:00:00,25.154865,0,0
2017-11-01 00:00:00,25.045467,0,0
2017-11-01 01:00:00,24.958961,0,0
2017-11-01 02:00:00,24.90446,0,0
2017-11-01 03:00:00,24.85115,0,0
2017-11-01 04:00:00,24.878063,0,0
2017-11-01 05:00:00,24.828062,0,0
2017-11-01 06:00:00,24.867207,0,0
2017-11-01 07:00:00,25.841148,0,0
2017-11-01 08:00:00,26.93884,0,0
2017-11-01 09:00:00,28.540693,0,0
2017-11-01 10:00:00,29.496784,0,0
2017-11-01 11:00:00,29.484255,0,0
2017-11-01 12:00:00,27.801233,0,0
2017-11-01 13:00:00,28.9866,0,0
2017-11-01 14:00:00,29.683521,0,0
2017-11-01 15:00:00,28.867487,0,0
2017-11-01 16:00:00,28.369274,0,0
2017-11-01 17:00:00,27.725298,0,0
2017-11-01 18:00:00,26.75307,0,0
2017-11-01 19:00:00,26.950434,0,0
2017-11-01 20:00:00,26.679916,0,0
2017-11-01 21:00:00,26.4317,0,0
2017-11-01 22:00:00,26.293934,0,0
2017-11-01 23:00:00,26.003595,0,0
2017-11-02 00:00:00,25.730585,0,0
2017-11-02 01:00:00,25.47564,0,0
2017-11-02 02:00:00,25.333187,0,0
2017-11-02 03:00:00,25.232632,0,0
2017-11-02 04:00:00,25.16059,0,0
2017-11-02 05:00:00,25.129244,0,0
2017-11-02 06:00:00,25.112703,0,0
2017-11-02 07:00:00,25.717798,0,0
2017-11-02 08:00:00,26.817158,0,0
2017-11-02 09:00:00,28.002357,0,0
2017-11-02 10:00:00,29.172764,0,0
2017-11-02 11:00:00,27.671543,0,0
2017-11-02 12:00:00,28.743301,0,0
2017-11-02 13:00:00,27.895126,0,0
2017-11-02 14:00:00,26.958567,0,0
2017-11-02 15:00:00,26.765318,0,0
2017-11-02 16:00:00,26.990316,0,0
2017-11-02 17:00:00,26.906088,0,0
2017-11-02 18:00:00,25.89341,0,0
2017-11-02 19:00:00,25.826899,0,0
2017-11-02 20:00:00,25.613667,0,0
2017-11-02 21:00:00,25.451958,0,0
2017-11-02 22:00:00,25.381731,0,0
2017-11-02 23:00:00,25.134039,0,0
2017-11-03 00:00:00,24.828129,0,1
2017-11-03 01:00:00,24.656757,0,1
2017-11-03 02:00:00,24.556498,0,1
2017-11-03 03:00:00,24.424969,0,1
2017-11-03 04:00:00,24.283485,0,1
2017-11-03 05:00:00,24.446157,0,1
2017-11-03 06:00:00,24.159243,0,1
2017-11-03 07:00:00,25.309504,0,1
2017-11-03 08:00:00,26.391626,0,1
2017-11-03 09:00:00,27.775822,0,1
2017-11-03 10:00:00,28.69315,0,1
2017-11-03 11:00:00,27.715744,0,1
2017-11-03 12:00:00,26.37766,0,1
2017-11-03 13:00:00,27.479416,0,1
2017-11-03 14:00:00,27.645304,0,1
2017-11-03 15:00:00,27.81285,0,1
2017-11-03 16:00:00,28.020174,0,1
2017-11-03 17:00:00,26.875706,0,1
2017-11-03 18:00:00,25.996603,0,1
2017-11-03 19:00:00,25.869022,0,1
2017-11-03 20:00:00,25.59244,0,1
2017-11-03 21:00:00,25.515715,0,1
2017-11-03 22:00:00,25.329208,0,1
2017-11-03 23:00:00,25.169954,0,1
2017-11-04 00:00:00,24.81028,1,0
2017-11-04 01:00:00,24.447716,1,0
2017-11-04 02:00:00,23.978014,1,0
2017-11-04 03:00:00,24.005527,1,0
2017-11-04 04:00:00,23.903255,1,0
2017-11-04 05:00:00,23.96869,1,0
2017-11-04 06:00:00,23.668058,1,0
2017-11-04 07:00:00,24.816353,1,0
2017-11-04 08:00:00,25.994118,1,0
2017-11-04 09:00:00,26.97263,1,0
2017-11-04 10:00:00,27.96865,1,0
2017-11-04 11:00:00,27.895573,1,0
2017-11-04 12:00:00,27.176413,1,0
2017-11-04 13:00:00,26.876036,1,0
2017-11-04 14:00:00,27.31905,1,0
2017-11-04 15:00:00,25.826635,1,0
2017-11-04 16:00:00,25.767422,1,0
2017-11-04 17:00:00,25.70609,1,0
2017-11-04 18:00:00,25.113113,1,0
2017-11-04 19:00:00,25.018837,1,0
2017-11-04 20:00:00,25.294342,1,0
2017-11-04 21:00:00,25.045012,1,0
2017-11-04 22:00:00,25.054789,1,0
2017-11-04 23:00:00,24.619953,1,0
2017-11-05 00:00:00,24.065008,1,1
2017-11-05 01:00:00,24.127422,1,1
2017-11-05 02:00:00,23.88787,1,1
2017-11-05 03:00:00,23.849842,1,1
2017-11-05 04:00:00,23.789917,1,1
2017-11-05 05:00:00,23.351286,1,1
2017-11-05 06:00:00,23.582747,1,1
2017-11-05 07:00:00,24.499025,1,1
2017-11-05 08:00:00,25.340248,1,1
2017-11-05 09:00:00,26.169758,1,1
2017-11-05 10:00:00,26.747892,1,1
2017-11-05 11:00:00,27.190939,1,1
2017-11-05 12:00:00,26.92629,1,1
2017-11-05 13:00:00,27.27019,1,1
2017-11-05 14:00:00,28.159193,1,1
2017-11-05 15:00:00,26.284178,1,1
2017-11-05 16:00:00,25.653248,1,1
2017-11-05 17:00:00,25.847864,1,1
2017-11-05 18:00:00,24.79734,1,1
2017-11-05 19:00:00,25.15679,1,1
2017-11-05 20:00:00,24.881323,1,1
2017-11-05 21:00:00,24.746864,1,1
2017-11-05 22:00:00,24.43304,1,1
2017-11-05 23:00:00,24.317091,1,1
2017-11-06 00:00:00,24.24077,0,1
2017-11-06 01:00:00,24.146273,0,1
2017-11-06 02:00:00,23.946009,0,1
2017-11-06 03:00:00,23.72292,0,1
2017-11-06 04:00:00,23.873,0,1
2017-11-06 05:00:00,23.726229,0,1
2017-11-06 06:00:00,23.789986,0,1
2017-11-06 07:00:00,24.445011,0,1
2017-11-06 08:00:00,25.893147,0,1
2017-11-06 09:00:00,27.165226,0,1
2017-11-06 10:00:00,28.126415,0,1
2017-11-06 11:00:00,28.727528,0,1
2017-11-06 12:00:00,29.247337,0,1
2017-11-06 13:00:00,26.509895,0,1
2017-11-06 14:00:00,26.489492,0,1
2017-11-06 15:00:00,27.518682,0,1
2017-11-06 16:00:00,27.886309,0,1
2017-11-06 17:00:00,27.02073,0,1
2017-11-06 18:00:00,26.211475,0,1
2017-11-06 19:00:00,26.369923,0,1
2017-11-06 20:00:00,26.125015,0,1
2017-11-06 21:00:00,25.924494,0,1
2017-11-06 22:00:00,25.62847,0,1
2017-11-06 23:00:00,25.332895,0,1
2017-11-07 00:00:00,25.077538,0,0
2017-11-07 01:00:00,24.708282,0,0
2017-11-07 02:00:00,24.560396,0,0
2017-11-07 03:00:00,24.488792,0,0
2017-11-07 04:00:00,24.071136,0,0
2017-11-07 05:00:00,24.102364,0,0
2017-11-07 06:00:00,24.093962,0,0
2017-11-07 07:00:00,25.039246,0,0
2017-11-07 08:00:00,26.500208,0,0
2017-11-07 09:00:00,27.915005,0,0
2017-11-07 10:00:00,28.75641,0,0
2017-11-07 11:00:00,27.934914,0,0
2017-11-07 12:00:00,26.996323,0,0
2017-11-07 13:00:00,27.329227,0,0
2017-11-07 14:00:00,27.74017,0,0
2017-11-07 15:00:00,27.758242,0,0
2017-11-07 16:00:00,28.073229,0,0
2017-11-07 17:00:00,26.917574,0,0
2017-11-07 18:00:00,25.659466,0,0
2017-11-07 19:00:00,25.436533,0,0
2017-11-07 20:00:00,25.040955,0,0
2017-11-07 21:00:00,24.729652,0,0
2017-11-07 22:00:00,24.684631,0,0
2017-11-07 23:00:00,24.767614,0,0
2017-11-08 00:00:00,24.74479,0,0
2017-11-08 01:00:00,24.683931,0,0
2017-11-08 02:00:00,24.609394,0,0
2017-11-08 03:00:00,24.260212,0,0
2017-11-08 04:00:00,24.139103,0,0
2017-11-08 05:00:00,24.05828,0,0
2017-11-08 06:00:00,24.109951,0,0
2017-11-08 07:00:00,24.796242,0,0
2017-11-08 08:00:00,26.152256,0,0
2017-11-08 09:00:00,27.268013,0,0
2017-11-08 10:00:00,28.13719,0,0
2017-11-08 11:00:00,28.372833,0,0
2017-11-08 12:00:00,28.127367,0,0
2017-11-08 13:00:00,27.753386,0,0
2017-11-08 14:00:00,27.231276,0,0
2017-11-08 15:00:00,26.759087,0,0
2017-11-08 16:00:00,26.045147,0,0
2017-11-08 17:00:00,25.793333,0,0
2017-11-08 18:00:00,24.611359,0,0
2017-11-08 19:00:00,24.797533,0,0
2017-11-08 20:00:00,24.55117,0,0
2017-11-08 21:00:00,24.361473,0,0
2017-11-08 22:00:00,24.232845,0,0
2017-11-08 23:00:00,24.289133,0,0
2017-11-09 00:00:00,24.178276,0,0
2017-11-09 01:00:00,23.995079,0,0
2017-11-09 02:00:00,24.026346,0,0
2017-11-09 03:00:00,24.087385,0,0
2017-11-09 04:00:00,23.944523,0,0
2017-11-09 05:00:00,23.792149,0,0
2017-11-09 06:00:00,23.552479,0,0
2017-11-09 07:00:00,24.364452,0,0
2017-11-09 08:00:00,25.326082,0,0
2017-11-09 09:00:00,26.059725,0,0
2017-11-09 10:00:00,26.803635,0,0
2017-11-09 11:00:00,27.385422,0,0
2017-11-09 12:00:00,27.486538,0,0
2017-11-09 13:00:00,25.885826,0,0
2017-11-09 14:00:00,25.883146,0,0
2017-11-09 15:00:00,25.499357,0,0
2017-11-09 16:00:00,25.534485,0,0
2017-11-09 17:00:00,25.443264,0,0
2017-11-09 18:00:00,24.835678,0,0
2017-11-09 19:00:00,24.958836,0,0
2017-11-09 20:00:00,24.697796,0,0
2017-11-09 21:00:00,24.603672,0,0
2017-11-09 22:00:00,24.56936,0,0
2017-11-09 23:00:00,24.364792,0,0
2017-11-10 00:00:00,24.423298,0,1
2017-11-10 01:00:00,24.221659,0,1
2017-11-10 02:00:00,23.583109,0,1
2017-11-10 03:00:00,23.517498,0,1
2017-11-10 04:00:00,23.570923,0,1
2017-11-10 05:00:00,23.668613,0,1
2017-11-10 06:00:00,23.26943,0,1
2017-11-10 07:00:00,24.487726,0,1
2017-11-10 08:00:00,25.647686,0,1
2017-11-10 09:00:00,26.81739,0,1
2017-11-10 10:00:00,27.597084,0,1
2017-11-10 11:00:00,27.612202,0,1
2017-11-10 12:00:00,25.834053,0,1
2017-11-10 13:00:00,26.562717,0,1
2017-11-10 14:00:00,27.306042,0,1
2017-11-10 15:00:00,27.43467,0,1
2017-11-10 16:00:00,27.295116,0,1
2017-11-10 17:00:00,26.46549,0,1
2017-11-10 18:00:00,25.721512,0,1
2017-11-10 19:00:00,25.190063,0,1
2017-11-10 20:00:00,25.060844,0,1
2017-11-10 21:00:00,24.892927,0,1
2017-11-10 22:00:00,24.752966,0,1
2017-11-10 23:00:00,24.401287,0,1
2017-11-11 00:00:00,24.358164,1,0
2017-11-11 01:00:00,24.209282,1,0
2017-11-11 02:00:00,24.28073,1,0
2017-11-11 03:00:00,24.168877,1,0
2017-11-11 04:00:00,24.12973,1,0
2017-11-11 05:00:00,24.063599,1,0
2017-11-11 06:00:00,23.879917,1,0
2017-11-11 07:00:00,24.536463,1,0
2017-11-11 08:00:00,25.738909,1,0
2017-11-11 09:00:00,26.973957,1,0
2017-11-11 10:00:00,28.005108,1,0
2017-11-11 11:00:00,28.681099,1,0
2017-11-11 12:00:00,29.086454,1,0
2017-11-11 13:00:00,29.377235,1,0
2017-11-11 14:00:00,26.773554,1,0
2017-11-11 15:00:00,26.523113,1,0
2017-11-11 16:00:00,26.17783,1,0
2017-11-11 17:00:00,26.051956,1,0
2017-11-11 18:00:00,25.268759,1,0
2017-11-11 19:00:00,25.491442,1,0
2017-11-11 20:00:00,25.212997,1,0
2017-11-11 21:00:00,25.026491,1,0
2017-11-11 22:00:00,24.68887,1,0
2017-11-11 23:00:00,24.487085,1,0
2017-11-12 00:00:00,24.292177,1,0
2017-11-12 01:00:00,24.197796,1,0
2017-11-12 02:00:00,24.086084,1,0
2017-11-12 03:00:00,24.03987,1,0
2017-11-12 04:00:00,23.883701,1,0
2017-11-12 05:00:00,23.82199,1,0
2017-11-12 06:00:00,23.778538,1,0
2017-11-12 07:00:00,24.919136,1,0
2017-11-12 08:00:00,26.563112,1,0
2017-11-12 09:00:00,27.768536,1,0
2017-11-12 10:00:00,28.449425,1,0
2017-11-12 11:00:00,28.699831,1,0
2017-11-12 12:00:00,29.250355,1,0
2017-11-12 13:00:00,28.414307,1,0
2017-11-12 14:00:00,27.338793,1,0
2017-11-12 15:00:00,27.898087,1,0
2017-11-12 16:00:00,26.58693,1,0
2017-11-12 17:00:00,25.765226,1,0
2017-11-12 18:00:00,25.262852,1,0
2017-11-12 19:00:00,26.16999,1,0
2017-11-12 20:00:00,26.06642,1,0
2017-11-12 21:00:00,25.638317,1,0
2017-11-12 22:00:00,25.339315,1,0
2017-11-12 23:00:00,25.326162,1,0
2017-11-13 00:00:00,25.277277,0,0
2017-11-13 01:00:00,25.06003,0,0
2017-11-13 02:00:00,24.798162,0,0
2017-11-13 03:00:00,24.214743,0,0
2017-11-13 04:00:00,23.913813,0,0
2017-11-13 05:00:00,24.133184,0,0
2017-11-13 06:00:00,24.055346,0,0
2017-11-13 07:00:00,24.936949,0,0
2017-11-13 08:00:00,25.890663,0,0
2017-11-13 09:00:00,26.427761,0,0
2017-11-13 10:00:00,26.414772,0,0
2017-11-13 11:00:00,26.328182,0,0
2017-11-13 12:00:00,27.520372,0,0
2017-11-13 13:00:00,27.108593,0,0
2017-11-13 14:00:00,26.413795,0,0
2017-11-13 15:00:00,25.653019,0,0
2017-11-13 16:00:00,25.451317,0,0
2017-11-13 17:00:00,25.340723,0,0
2017-11-13 18:00:00,24.709719,0,0
2017-11-13 19:00:00,25.023706,0,0
2017-11-13 20:00:00,24.850697,0,0
2017-11-13 21:00:00,25.069136,0,0
2017-11-13 22:00:00,24.912521,0,0
2017-11-13 23:00:00,24.687988,0,0
2017-11-14 00:00:00,24.49639,0,0
2017-11-14 01:00:00,24.664307,0,0
2017-11-14 02:00:00,24.456312,0,0
2017-11-14 03:00:00,24.32847,0,0
2017-11-14 04:00:00,24.231438,0,0
2017-11-14 05:00:00,24.372444,0,0
2017-11-14 06:00:00,24.265976,0,0
2017-11-14 07:00:00,24.870108,0,0
2017-11-14 08:00:00,25.235125,0,0
2017-11-14 09:00:00,25.911966,0,0
2017-11-14 10:00:00,26.300404,0,0
2017-11-14 11:00:00,27.681446,0,0
2017-11-14 12:00:00,27.441137,0,0
2017-11-14 13:00:00,27.731777,0,0
2017-11-14 14:00:00,26.78267,0,0
2017-11-14 15:00:00,25.867643,0,0
2017-11-14 16:00:00,26.375122,0,0
2017-11-14 17:00:00,25.341478,0,0
2017-11-14 18:00:00,24.72066,0,0
2017-11-14 19:00:00,25.00348,0,0
2017-11-14 20:00:00,25.193003,0,0
2017-11-14 21:00:00,25.172892,0,0
2017-11-14 22:00:00,25.252518,0,0
2017-11-14 23:00:00,25.285978,0,0
2017-11-15 00:00:00,25.141333,0,0
2017-11-15 01:00:00,24.965014,0,0
2017-11-15 02:00:00,24.953041,0,0
2017-11-15 03:00:00,24.25605,0,0
2017-11-15 04:00:00,24.250696,0,0
2017-11-15 05:00:00,24.050026,0,0
2017-11-15 06:00:00,23.855118,0,0
2017-11-15 07:00:00,24.892002,0,0
2017-11-15 08:00:00,25.833717,0,0
2017-11-15 09:00:00,26.356396,0,0
2017-11-15 10:00:00,27.001305,0,0
2017-11-15 11:00:00,27.383638,0,0
2017-11-15 12:00:00,26.344233,0,0
2017-11-15 13:00:00,25.83104,0,0
2017-11-15 14:00:00,25.24936,0,0
2017-11-15 15:00:00,25.696756,0,0
2017-11-15 16:00:00,25.976053,0,0
2017-11-15 17:00:00,25.605759,0,0
2017-11-15 18:00:00,25.155758,0,0
2017-11-15 19:00:00,25.089771,0,0
2017-11-15 20:00:00,24.755236,0,0
2017-11-15 21:00:00,24.721445,0,0
2017-11-15 22:00:00,25.173597,0,0
2017-11-15 23:00:00,25.149326,0,0
2017-11-16 00:00:00,24.897135,0,0
2017-11-16 01:00:00,24.61572,0,0
2017-11-16 02:00:00,24.602715,0,0
2017-11-16 03:00:00,24.450588,0,0
2017-11-16 04:00:00,24.250587,0,0
2017-11-16 05:00:00,23.994379,0,0
2017-11-16 06:00:00,23.535534,0,0
2017-11-16 07:00:00,24.876577,0,0
2017-11-16 08:00:00,25.451372,0,0
2017-11-16 09:00:00,25.607986,0,0
2017-11-16 10:00:00,25.521551,0,0
2017-11-16 11:00:00,25.047165,0,0
2017-11-16 12:00:00,25.68947,0,0
2017-11-16 13:00:00,25.118536,0,0
2017-11-16 14:00:00,24.51221,0,0
2017-11-16 15:00:00,24.704285,0,0
2017-11-16 16:00:00,24.743479,0,0
2017-11-16 17:00:00,24.429392,0,0
2017-11-16 18:00:00,24.106642,0,0
2017-11-16 19:00:00,24.102444,0,0
2017-11-16 20:00:00,24.025375,0,0
2017-11-16 21:00:00,24.10638,0,0
2017-11-16 22:00:00,23.49218,0,0
2017-11-16 23:00:00,23.485825,0,0
2017-11-17 00:00:00,23.415045,0,0
2017-11-17 01:00:00,23.728392,0,0
2017-11-17 02:00:00,23.516827,0,0
2017-11-17 03:00:00,23.713192,0,0
2017-11-17 04:00:00,23.742855,0,0
2017-11-17 05:00:00,23.851072,0,0
2017-11-17 06:00:00,23.866945,0,0
2017-11-17 07:00:00,24.233418,0,0
2017-11-17 08:00:00,24.808243,0,0
2017-11-17 09:00:00,25.580847,0,0
2017-11-17 10:00:00,26.169092,0,0
2017-11-17 11:00:00,27.673697,0,0
2017-11-17 12:00:00,25.1474,0,0
2017-11-17 13:00:00,25.824272,0,0
2017-11-17 14:00:00,25.804232,0,0
2017-11-17 15:00:00,25.734829,0,0
2017-11-17 16:00:00,24.995323,0,0
2017-11-17 17:00:00,24.46879,0,0
2017-11-17 18:00:00,24.165073,0,0
2017-11-17 19:00:00,24.397602,0,0
2017-11-17 20:00:00,24.121874,0,0
2017-11-17 21:00:00,24.17976,0,0
2017-11-17 22:00:00,23.785194,0,0
2017-11-17 23:00:00,23.753897,0,0
2017-11-18 00:00:00,23.600851,1,0
2017-11-18 01:00:00,23.485834,1,0
2017-11-18 02:00:00,23.307322,1,0
2017-11-18 03:00:00,23.098068,1,0
2017-11-18 04:00:00,23.087883,1,0
2017-11-18 05:00:00,23.243567,1,0
2017-11-18 06:00:00,23.338736,1,0
2017-11-18 07:00:00,23.685282,1,0
2017-11-18 08:00:00,24.805565,1,0
2017-11-18 09:00:00,25.501581,1,0
2017-11-18 10:00:00,26.808525,1,0
2017-11-18 11:00:00,28.100454,1,0
2017-11-18 12:00:00,28.585552,1,0
2017-11-18 13:00:00,28.733244,1,0
2017-11-18 14:00:00,28.730312,1,0
2017-11-18 15:00:00,28.333214,1,0
2017-11-18 16:00:00,27.568535,1,0
2017-11-18 17:00:00,26.597717,1,0
2017-11-18 18:00:00,25.733368,1,0
2017-11-18 19:00:00,25.631254,1,0
2017-11-18 20:00:00,25.261143,1,0
2017-11-18 21:00:00,24.895275,1,0
2017-11-18 22:00:00,24.588655,1,0
2017-11-18 23:00:00,24.510145,1,0
2017-11-19 00:00:00,24.01319,1,0
2017-11-19 01:00:00,23.711329,1,0
2017-11-19 02:00:00,23.568205,1,0
2017-11-19 03:00:00,23.545788,1,0
2017-11-19 04:00:00,23.319874,1,0
2017-11-19 05:00:00,23.182962,1,0
2017-11-19 06:00:00,23.491034,1,0
2017-11-19 07:00:00,24.14665,1,0
2017-11-19 08:00:00,25.564373,1,0
2017-11-19 09:00:00,26.84307,1,0
2017-11-19 10:00:00,27.610203,1,0
2017-11-19 11:00:00,28.129675,1,0
2017-11-19 12:00:00,28.850346,1,0
2017-11-19 13:00:00,27.153055,1,0
2017-11-19 14:00:00,26.951715,1,0
2017-11-19 15:00:00,25.91942,1,0
2017-11-19 16:00:00,25.592247,1,0
2017-11-19 17:00:00,24.96124,1,0
2017-11-19 18:00:00,24.477045,1,0
2017-11-19 19:00:00,24.489016,1,0
2017-11-19 20:00:00,24.310835,1,0
2017-11-19 21:00:00,24.289202,1,0
2017-11-19 22:00:00,24.231808,1,0
2017-11-19 23:00:00,24.120613,1,0
2017-11-20 00:00:00,23.992508,0,0
2017-11-20 01:00:00,23.847456,0,0
2017-11-20 02:00:00,23.771399,0,0
2017-11-20 03:00:00,23.80512,0,0
2017-11-20 04:00:00,23.569876,0,0
2017-11-20 05:00:00,23.456118,0,0
2017-11-20 06:00:00,23.47497,0,0
2017-11-20 07:00:00,24.270739,0,0
2017-11-20 08:00:00,25.872677,0,0
2017-11-20 09:00:00,27.204535,0,0
2017-11-20 10:00:00,28.168362,0,0
2017-11-20 11:00:00,28.804224,0,0
2017-11-20 12:00:00,29.298084,0,0
2017-11-20 13:00:00,29.058416,0,0
2017-11-20 14:00:00,28.868864,0,0
2017-11-20 15:00:00,28.715673,0,0
2017-11-20 16:00:00,27.499472,0,0
2017-11-20 17:00:00,27.117651,0,0
2017-11-20 18:00:00,26.227724,0,0
2017-11-20 19:00:00,25.79103,0,0
2017-11-20 20:00:00,25.62066,0,0
2017-11-20 21:00:00,25.387056,0,0
2017-11-20 22:00:00,25.079062,0,0
2017-11-20 23:00:00,24.868284,0,0
2017-11-21 00:00:00,24.550104,0,0
2017-11-21 01:00:00,24.31512,0,0
2017-11-21 02:00:00,24.036346,0,0
2017-11-21 03:00:00,23.891441,0,0
2017-11-21 04:00:00,23.781662,0,0
2017-11-21 05:00:00,23.608767,0,0
2017-11-21 06:00:00,23.500368,0,0
2017-11-21 07:00:00,24.43951,0,0
2017-11-21 08:00:00,25.764637,0,0
2017-11-21 09:00:00,26.908089,0,0
2017-11-21 10:00:00,27.40712,0,0
2017-11-21 11:00:00,28.280914,0,0
2017-11-21 12:00:00,28.562473,0,0
2017-11-21 13:00:00,29.077267,0,0
2017-11-21 14:00:00,27.96865,0,0
2017-11-21 15:00:00,27.311213,0,0
2017-11-21 16:00:00,25.69601,0,0
2017-11-21 17:00:00,25.440987,0,0
2017-11-21 18:00:00,24.835155,0,0
2017-11-21 19:00:00,25.304005,0,0
2017-11-21 20:00:00,24.890432,0,0
2017-11-21 21:00:00,24.989511,0,0
2017-11-21 22:00:00,24.516907,0,0
2017-11-21 23:00:00,24.180063,0,0
2017-11-22 00:00:00,24.137794,0,0
2017-11-22 01:00:00,23.942623,0,0
2017-11-22 02:00:00,23.831175,0,0
2017-11-22 03:00:00,23.782776,0,0
2017-11-22 04:00:00,23.997387,0,0
2017-11-22 05:00:00,23.77456,0,0
2017-11-22 06:00:00,23.589317,0,0
2017-11-22 07:00:00,24.125162,0,0
2017-11-22 08:00:00,25.188316,0,0
2017-11-22 09:00:00,26.523106,0,0
2017-11-22 10:00:00,27.312922,0,0
2017-11-22 11:00:00,26.73209,0,0
2017-11-22 12:00:00,26.975212,0,0
2017-11-22 13:00:00,27.814034,0,0
2017-11-22 14:00:00,27.044556,0,0
2017-11-22 15:00:00,26.959541,0,0
2017-11-22 16:00:00,27.147425,0,0
2017-11-22 17:00:00,26.04374,0,0
2017-11-22 18:00:00,25.187716,0,0
2017-11-22 19:00:00,25.30017,0,0
2017-11-22 20:00:00,25.114521,0,0
2017-11-22 21:00:00,24.8876,0,0
2017-11-22 22:00:00,24.732517,0,0
2017-11-22 23:00:00,24.436493,0,0
2017-11-23 00:00:00,24.227867,0,0
2017-11-23 01:00:00,24.16285,0,0
2017-11-23 02:00:00,24.049093,0,0
2017-11-23 03:00:00,24.144342,0,0
2017-11-23 04:00:00,24.151218,0,0
2017-11-23 05:00:00,23.893148,0,0
2017-11-23 06:00:00,24.034155,0,0
2017-11-23 07:00:00,24.558544,0,0
2017-11-23 08:00:00,25.284748,0,0
2017-11-23 09:00:00,26.317305,0,0
2017-11-23 10:00:00,27.046408,0,0
2017-11-23 11:00:00,27.73853,0,0
2017-11-23 12:00:00,28.010387,0,0
2017-11-23 13:00:00,25.960224,0,0
2017-11-23 14:00:00,26.638746,0,0
2017-11-23 15:00:00,26.599834,0,0
2017-11-23 16:00:00,26.522223,0,0
2017-11-23 17:00:00,25.879246,0,0
2017-11-23 18:00:00,25.136124,0,0
2017-11-23 19:00:00,25.020138,0,0
2017-11-23 20:00:00,25.016684,0,0
2017-11-23 21:00:00,24.64858,0,0
2017-11-23 22:00:00,24.658167,0,0
2017-11-23 23:00:00,24.414307,0,0
2017-11-24 00:00:00,24.151402,0,0
2017-11-24 01:00:00,24.018808,0,0
2017-11-24 02:00:00,23.990444,0,0
2017-11-24 03:00:00,23.887543,0,0
2017-11-24 04:00:00,23.831846,0,0
2017-11-24 05:00:00,23.969614,0,0
2017-11-24 06:00:00,24.06326,0,0
2017-11-24 07:00:00,24.128916,0,0
2017-11-24 08:00:00,25.238762,0,0
2017-11-24 09:00:00,26.672813,0,0
2017-11-24 10:00:00,27.744595,0,0
2017-11-24 11:00:00,26.331198,0,0
2017-11-24 12:00:00,26.587149,0,0
2017-11-24 13:00:00,28.03166,0,0
2017-11-24 14:00:00,27.385784,0,0
2017-11-24 15:00:00,26.283663,0,0
2017-11-24 16:00:00,26.206709,0,0
2017-11-24 17:00:00,25.557903,0,0
2017-11-24 18:00:00,25.20545,0,0
2017-11-24 19:00:00,24.768497,0,0
2017-11-24 20:00:00,24.532846,0,0
2017-11-24 21:00:00,24.553888,0,0
2017-11-24 22:00:00,24.225376,0,0
2017-11-24 23:00:00,24.201103,0,0
2017-11-25 00:00:00,24.022331,1,0
2017-11-25 01:00:00,23.78794,1,0
2017-11-25 02:00:00,23.96809,1,0
2017-11-25 03:00:00,23.91426,1,0
2017-11-25 04:00:00,23.73114,1,0
2017-11-25 05:00:00,23.60898,1,0
2017-11-25 06:00:00,23.666386,1,0
2017-11-25 07:00:00,24.092964,1,0
2017-11-25 08:00:00,25.40676,1,0
2017-11-25 09:00:00,26.501404,1,0
2017-11-25 10:00:00,27.428576,1,0
2017-11-25 11:00:00,28.374521,1,0
2017-11-25 12:00:00,27.416403,1,0
2017-11-25 13:00:00,27.420498,1,0
2017-11-25 14:00:00,28.445301,1,0
2017-11-25 15:00:00,28.445417,1,0
2017-11-25 16:00:00,26.485008,1,0
2017-11-25 17:00:00,25.872368,1,0
2017-11-25 18:00:00,25.324299,1,0
2017-11-25 19:00:00,25.544079,1,0
2017-11-25 20:00:00,25.34932,1,0
2017-11-25 21:00:00,25.09932,1,0
2017-11-25 22:00:00,24.99932,1,0
2017-11-25 23:00:00,24.816383,1,0
2017-11-26 00:00:00,24.64084,1,0
2017-11-26 01:00:00,24.374443,1,0
2017-11-26 02:00:00,24.398125,1,0
2017-11-26 03:00:00,24.157051,1,0
2017-11-26 04:00:00,24.146864,1,0
2017-11-26 05:00:00,24.189919,1,0
2017-11-26 06:00:00,24.12783,1,0
2017-11-26 07:00:00,24.878916,1,0
2017-11-26 08:00:00,26.008871,1,0
2017-11-26 09:00:00,27.229313,1,0
2017-11-26 10:00:00,27.576445,1,0
2017-11-26 11:00:00,27.601648,1,0
2017-11-26 12:00:00,26.605803,1,0
2017-11-26 13:00:00,27.308214,1,0
2017-11-26 14:00:00,28.142054,1,0
2017-11-26 15:00:00,28.14173,1,0
2017-11-26 16:00:00,28.078352,1,0
2017-11-26 17:00:00,26.549093,1,0
2017-11-26 18:00:00,25.779392,1,0
2017-11-26 19:00:00,25.591917,1,0
2017-11-26 20:00:00,25.318905,1,0
2017-11-26 21:00:00,25.134302,1,0
2017-11-26 22:00:00,24.754559,1,0
2017-11-26 23:00:00,24.55017,1,0
2017-11-27 00:00:00,24.282438,0,0
2017-11-27 01:00:00,24.327606,0,0
2017-11-27 02:00:00,24.433369,0,0
2017-11-27 03:00:00,24.28761,0,0
2017-11-27 04:00:00,24.126228,0,0
2017-11-27 05:00:00,24.229616,0,0
2017-11-27 06:00:00,24.334301,0,0
2017-11-27 07:00:00,24.711735,0,0
2017-11-27 08:00:00,25.663326,0,0
2017-11-27 09:00:00,26.829788,0,0
2017-11-27 10:00:00,27.85023,0,0
2017-11-27 11:00:00,27.784126,0,0
2017-11-27 12:00:00,27.963348,0,0
2017-11-27 13:00:00,26.659672,0,0
2017-11-27 14:00:00,25.855444,0,0
2017-11-27 15:00:00,26.190083,0,0
2017-11-27 16:00:00,26.534815,0,0
2017-11-27 17:00:00,25.650318,0,0
2017-11-27 18:00:00,25.061357,0,0
2017-11-27 19:00:00,24.4908,0,0
2017-11-27 20:00:00,24.620728,0,0
2017-11-27 21:00:00,24.630915,0,0
2017-11-27 22:00:00,24.45931,0,0
2017-11-27 23:00:00,24.466305,0,0
2017-11-28 00:00:00,24.263588,0,1
2017-11-28 01:00:00,24.24991,0,1
2017-11-28 02:00:00,24.125084,0,1
2017-11-28 03:00:00,24.102928,0,1
2017-11-28 04:00:00,24.350618,0,1
2017-11-28 05:00:00,24.36675,0,1
2017-11-28 06:00:00,24.427868,0,1
2017-11-28 07:00:00,24.628092,0,1
2017-11-28 08:00:00,25.816973,0,1
2017-11-28 09:00:00,26.915258,0,1
2017-11-28 10:00:00,27.841314,0,1
2017-11-28 11:00:00,28.39477,0,1
2017-11-28 12:00:00,29.079052,0,1
2017-11-28 13:00:00,29.060287,0,1
2017-11-28 14:00:00,26.822542,0,1
2017-11-28 15:00:00,26.721844,0,1
2017-11-28 16:00:00,26.090462,0,1
2017-11-28 17:00:00,25.33994,0,1
2017-11-28 18:00:00,25.026785,0,1
2017-11-28 19:00:00,25.723738,0,1
2017-11-28 20:00:00,25.573853,0,1
2017-11-28 21:00:00,25.497126,0,1
2017-11-28 22:00:00,25.234222,0,1
2017-11-28 23:00:00,24.961065,0,1
2017-11-29 00:00:00,24.80486,0,0
2017-11-29 01:00:00,24.681847,0,0
2017-11-29 02:00:00,24.831438,0,0
2017-11-29 03:00:00,24.763113,0,0
2017-11-29 04:00:00,24.73144,0,0
2017-11-29 05:00:00,24.544672,0,0
2017-11-29 06:00:00,24.403336,0,0
2017-11-29 07:00:00,24.909357,0,0
2017-11-29 08:00:00,26.131964,0,0
2017-11-29 09:00:00,27.545378,0,0
2017-11-29 10:00:00,28.732292,0,0
2017-11-29 11:00:00,28.35771,0,0
2017-11-29 12:00:00,27.372206,0,0
2017-11-29 13:00:00,26.100756,0,0
2017-11-29 14:00:00,26.261505,0,0
2017-11-29 15:00:00,26.631508,0,0
2017-11-29 16:00:00,26.444117,0,0
2017-11-29 17:00:00,26.222893,0,0
2017-11-29 18:00:00,25.58858,0,0
2017-11-29 19:00:00,25.979507,0,0
2017-11-29 20:00:00,25.76092,0,0
2017-11-29 21:00:00,25.359465,0,0
2017-11-29 22:00:00,25.100433,0,0
2017-11-29 23:00:00,24.912666,0,0
2017-11-30 00:00:00,24.696127,0,0
2017-11-30 01:00:00,24.54631,0,0
2017-11-30 02:00:00,24.125046,0,0
2017-11-30 03:00:00,23.718498,0,0
2017-11-30 04:00:00,23.798532,0,0
2017-11-30 05:00:00,24.014599,0,0
2017-11-30 06:00:00,24.244226,0,0
2017-11-30 07:00:00,24.766237,0,0
2017-11-30 08:00:00,25.544456,0,0
2017-11-30 09:00:00,26.138956,0,0
2017-11-30 10:00:00,26.370106,0,0
2017-11-30 11:00:00,27.086277,0,0
2017-11-30 12:00:00,28.311857,0,0
2017-11-30 13:00:00,28.718592,0,0
2017-11-30 14:00:00,27.036762,0,0
2017-11-30 15:00:00,26.123037,0,0
2017-11-30 16:00:00,26.031624,0,0
2017-11-30 17:00:00,26.011513,0,0
2017-11-30 18:00:00,25.204187,0,0
2017-11-30 19:00:00,24.821253,0,0
2017-11-30 20:00:00,24.724823,0,0
2017-11-30 21:00:00,24.401104,0,0
2017-11-30 22:00:00,24.333826,0,0
2017-11-30 23:00:00,24.087986,0,0
2017-12-01 00:00:00,24.004972,0,0
2017-12-01 01:00:00,23.590511,0,0
2017-12-01 02:00:00,23.618351,0,0
2017-12-01 03:00:00,23.39994,0,0
2017-12-01 04:00:00,23.02043,0,0
2017-12-01 05:00:00,23.42014,0,0
2017-12-01 06:00:00,23.737541,0,0
2017-12-01 07:00:00,24.294418,0,0
2017-12-01 08:00:00,25.34182,0,0
2017-12-01 09:00:00,26.25676,0,0
2017-12-01 10:00:00,27.404816,0,0
2017-12-01 11:00:00,27.698872,0,0
2017-12-01 12:00:00,27.247707,0,0
2017-12-01 13:00:00,26.675726,0,0
2017-12-01 14:00:00,26.715734,0,0
2017-12-01 15:00:00,26.933361,0,0
2017-12-01 16:00:00,26.393692,0,0
2017-12-01 17:00:00,26.070679,0,0
2017-12-01 18:00:00,25.415783,0,0
2017-12-01 19:00:00,25.584368,0,0
2017-12-01 20:00:00,25.15998,0,0
2017-12-01 21:00:00,25.008837,0,0
2017-12-01 22:00:00,24.994226,0,0
2017-12-01 23:00:00,24.928917,0,0
2017-12-02 00:00:00,24.843147,1,0
2017-12-02 01:00:00,24.663374,1,0
2017-12-02 02:00:00,24.532223,1,0
2017-12-02 03:00:00,24.28624,1,0
2017-12-02 04:00:00,24.196018,1,0
2017-12-02 05:00:00,24.358873,1,0
2017-12-02 06:00:00,24.441923,1,0
2017-12-02 07:00:00,24.638548,1,0
2017-12-02 08:00:00,25.652372,1,0
2017-12-02 09:00:00,26.799425,1,0
2017-12-02 10:00:00,27.86161,1,0
2017-12-02 11:00:00,29.004063,1,0
2017-12-02 12:00:00,29.071194,1,0
2017-12-02 13:00:00,29.044167,1,0
2017-12-02 14:00:00,29.269001,1,0
2017-12-02 15:00:00,28.588783,1,0
2017-12-02 16:00:00,27.43046,1,0
2017-12-02 17:00:00,27.089975,1,0
2017-12-02 18:00:00,26.108677,1,0
2017-12-02 19:00:00,25.809166,1,0
2017-12-02 20:00:00,25.088608,1,0
2017-12-02 21:00:00,24.74054,1,0
2017-12-02 22:00:00,24.669167,1,0
2017-12-02 23:00:00,24.513588,1,0
2017-12-03 00:00:00,24.539103,1,0
2017-12-03 01:00:00,24.430622,1,0
2017-12-03 02:00:00,24.428167,1,0
2017-12-03 03:00:00,24.329178,1,0
2017-12-03 04:00:00,24.122221,1,0
2017-12-03 05:00:00,24.12196,1,0
2017-12-03 06:00:00,24.037123,1,0
2017-12-03 07:00:00,24.89698,1,0
2017-12-03 08:00:00,25.9827,1,0
2017-12-03 09:00:00,27.267672,1,0
2017-12-03 10:00:00,28.268934,1,0
2017-12-03 11:00:00,29.090158,1,0
2017-12-03 12:00:00,29.522999,1,0
2017-12-03 13:00:00,29.648579,1,0
2017-12-03 14:00:00,29.670475,1,0
2017-12-03 15:00:00,29.146233,1,0
2017-12-03 16:00:00,27.713142,1,0
2017-12-03 17:00:00,27.43727,1,0
2017-12-03 18:00:00,26.270731,1,0
2017-12-03 19:00:00,26.530848,1,0
2017-12-03 20:00:00,26.188578,1,0
2017-12-03 21:00:00,25.673561,1,0
2017-12-03 22:00:00,25.430702,1,0
2017-12-03 23:00:00,25.20438,1,0
2017-12-04 00:00:00,24.93401,0,0
2017-12-04 01:00:00,24.757166,0,0
2017-12-04 02:00:00,24.765162,0,0
2017-12-04 03:00:00,24.446718,0,0
2017-12-04 04:00:00,24.583292,0,0
2017-12-04 05:00:00,24.47158,0,0
2017-12-04 06:00:00,24.696049,0,0
2017-12-04 07:00:00,25.210327,0,0
2017-12-04 08:00:00,26.202663,0,0
2017-12-04 09:00:00,27.53329,0,0
2017-12-04 10:00:00,28.840946,0,0
2017-12-04 11:00:00,29.532282,0,0
2017-12-04 12:00:00,28.849424,0,0
2017-12-04 13:00:00,28.281363,0,0
2017-12-04 14:00:00,28.457127,0,0
2017-12-04 15:00:00,26.77099,0,0
2017-12-04 16:00:00,27.297379,0,0
2017-12-04 17:00:00,26.752209,0,0
2017-12-04 18:00:00,26.135077,0,0
2017-12-04 19:00:00,25.647602,0,0
2017-12-04 20:00:00,25.458311,0,0
2017-12-04 21:00:00,25.143963,0,0
2017-12-04 22:00:00,25.06129,0,0
2017-12-04 23:00:00,24.873262,0,0
2017-12-05 00:00:00,24.684301,0,0
2017-12-05 01:00:00,24.845196,0,0
2017-12-05 02:00:00,24.767498,0,0
2017-12-05 03:00:00,24.792818,0,0
2017-12-05 04:00:00,24.734978,0,0
2017-12-05 05:00:00,24.548618,0,0
2017-12-05 06:00:00,24.407873,0,0
2017-12-05 07:00:00,24.777685,0,0
2017-12-05 08:00:00,25.345379,0,0
2017-12-05 09:00:00,25.776037,0,0
2017-12-05 10:00:00,26.659264,0,0
2017-12-05 11:00:00,28.06454,0,0
2017-12-05 12:00:00,28.835571,0,0
2017-12-05 13:00:00,28.237873,0,0
2017-12-05 14:00:00,27.879028,0,0
2017-12-05 15:00:00,28.104025,0,0
2017-12-05 16:00:00,27.45514,0,0
2017-12-05 17:00:00,26.781605,0,0
2017-12-05 18:00:00,25.844099,0,0
2017-12-05 19:00:00,25.7334,0,0
2017-12-05 20:00:00,25.373213,0,0
2017-12-05 21:00:00,25.155558,0,0
2017-12-05 22:00:00,25.105556,0,0
2017-12-05 23:00:00,24.924114,0,0
2017-12-06 00:00:00,25.048832,0,0
2017-12-06 01:00:00,25.016527,0,0
2017-12-06 02:00:00,24.341576,0,0
2017-12-06 03:00:00,24.039646,0,0
2017-12-06 04:00:00,23.712996,0,0
2017-12-06 05:00:00,23.497715,0,0
2017-12-06 06:00:00,23.37675,0,0
2017-12-06 07:00:00,24.54404,0,0
2017-12-06 08:00:00,25.22775,0,0
2017-12-06 09:00:00,25.916733,0,0
2017-12-06 10:00:00,27.418402,0,0
2017-12-06 11:00:00,28.639551,0,0
2017-12-06 12:00:00,28.08992,0,0
2017-12-06 13:00:00,28.53429,0,0
2017-12-06 14:00:00,28.996485,0,0
2017-12-06 15:00:00,27.508087,0,0
2017-12-06 16:00:00,27.068796,0,0
2017-12-06 17:00:00,26.432816,0,0
2017-12-06 18:00:00,25.879246,0,0
2017-12-06 19:00:00,24.917973,0,0
2017-12-06 20:00:00,24.88147,0,0
2017-12-06 21:00:00,24.698534,0,0
2017-12-06 22:00:00,24.69273,0,0
2017-12-06 23:00:00,24.562105,0,0
2017-12-07 00:00:00,24.521507,0,0
2017-12-07 01:00:00,24.445011,0,0
2017-12-07 02:00:00,24.419807,0,0
2017-12-07 03:00:00,24.339693,0,0
2017-12-07 04:00:00,24.164045,0,0
2017-12-07 05:00:00,24.032368,0,0
2017-12-07 06:00:00,23.921661,0,0
2017-12-07 07:00:00,24.746387,0,0
2017-12-07 08:00:00,25.58144,0,0
2017-12-07 09:00:00,26.207117,0,0
2017-12-07 10:00:00,27.19998,0,0
2017-12-07 11:00:00,28.005926,0,0
2017-12-07 12:00:00,28.034777,0,0
2017-12-07 13:00:00,28.31939,0,0
2017-12-07 14:00:00,28.501247,0,0
2017-12-07 15:00:00,28.492437,0,0
2017-12-07 16:00:00,25.472904,0,0
2017-12-07 17:00:00,25.357265,0,0
2017-12-07 18:00:00,25.178017,0,0
2017-12-07 19:00:00,25.13787,0,0
2017-12-07 20:00:00,25.0759,0,0
2017-12-07 21:00:00,24.98211,0,0
2017-12-07 22:00:00,24.863781,0,0
2017-12-07 23:00:00,24.546862,0,0
2017-12-08 00:00:00,24.000172,0,1
2017-12-08 01:00:00,23.966566,0,1
2017-12-08 02:00:00,23.736675,0,1
2017-12-08 03:00:00,23.736416,0,1
2017-12-08 04:00:00,23.704596,0,1
2017-12-08 05:00:00,23.58337,0,1
2017-12-08 06:00:00,23.386677,0,1
2017-12-08 07:00:00,24.235939,0,1
2017-12-08 08:00:00,25.736387,0,1
2017-12-08 09:00:00,26.35512,0,1
2017-12-08 10:00:00,27.245,0,1
2017-12-08 11:00:00,27.66287,0,1
2017-12-08 12:00:00,26.210913,0,1
2017-12-08 13:00:00,26.669905,0,1
2017-12-08 14:00:00,26.16491,0,1
2017-12-08 15:00:00,26.816605,0,1
2017-12-08 16:00:00,25.853373,0,1
2017-12-08 17:00:00,25.81292,0,1
2017-12-08 18:00:00,25.334076,0,1
2017-12-08 19:00:00,24.62816,0,1
2017-12-08 20:00:00,24.508049,0,1
2017-12-08 21:00:00,24.59441,0,1
2017-12-08 22:00:00,24.461475,0,1
2017-12-08 23:00:00,24.19177,0,1
2017-12-09 00:00:00,24.254856,1,0
2017-12-09 01:00:00,24.464373,1,0
2017-12-09 02:00:00,24.429768,1,0
2017-12-09 03:00:00,24.343525,1,0
2017-12-09 04:00:00,24.24341,1,0
2017-12-09 05:00:00,24.038462,1,0
2017-12-09 06:00:00,23.905264,1,0
2017-12-09 07:00:00,24.90661,1,0
2017-12-09 08:00:00,25.798357,1,0
2017-12-09 09:00:00,26.442179,1,0
2017-12-09 10:00:00,26.475552,1,0
2017-12-09 11:00:00,26.935364,1,0
2017-12-09 12:00:00,27.425816,1,0
2017-12-09 13:00:00,27.667683,1,0
2017-12-09 14:00:00,28.017344,1,0
2017-12-09 15:00:00,27.686192,1,0
2017-12-09 16:00:00,25.918074,1,0
2017-12-09 17:00:00,25.45908,1,0
2017-12-09 18:00:00,24.826931,1,0
2017-12-09 19:00:00,25.102364,1,0
2017-12-09 20:00:00,24.964073,1,0
2017-12-09 21:00:00,24.767384,1,0
2017-12-09 22:00:00,24.56129,1,0
2017-12-09 23:00:00,24.665712,1,0
2017-12-10 00:00:00,24.377424,1,0
2017-12-10 01:00:00,23.993965,1,0
2017-12-10 02:00:00,24.056786,1,0
2017-12-10 03:00:00,23.781322,1,0
2017-12-10 04:00:00,23.930992,1,0
2017-12-10 05:00:00,23.986267,1,0
2017-12-10 06:00:00,24.101141,1,0
2017-12-10 07:00:00,24.291588,1,0
2017-12-10 08:00:00,25.379585,1,0
2017-12-10 09:00:00,26.509628,1,0
2017-12-10 10:00:00,27.442795,1,0
2017-12-10 11:00:00,28.175848,1,0
2017-12-10 12:00:00,27.860373,1,0
2017-12-10 13:00:00,27.512974,1,0
2017-12-10 14:00:00,26.476675,1,0
2017-12-10 15:00:00,26.673513,1,0
2017-12-10 16:00:00,26.29374,1,0
2017-12-10 17:00:00,25.908203,1,0
2017-12-10 18:00:00,25.362589,1,0
2017-12-10 19:00:00,25.575607,1,0
2017-12-10 20:00:00,25.3875,1,0
2017-12-10 21:00:00,25.104713,1,0
2017-12-10 22:00:00,24.67746,1,0
2017-12-10 23:00:00,24.295197,1,0
2017-12-11 00:00:00,23.926018,0,0
2017-12-11 01:00:00,24.037317,0,0
2017-12-11 02:00:00,23.993341,0,0
2017-12-11 03:00:00,23.85022,0,0
2017-12-11 04:00:00,23.749289,0,0
2017-12-11 05:00:00,23.764975,0,0
2017-12-11 06:00:00,23.807951,0,0
2017-12-11 07:00:00,24.195389,0,0
2017-12-11 08:00:00,25.276245,0,0
2017-12-11 09:00:00,25.96051,0,0
2017-12-11 10:00:00,26.114113,0,0
2017-12-11 11:00:00,27.233328,0,0
2017-12-11 12:00:00,27.163025,0,0
2017-12-11 13:00:00,27.513218,0,0
2017-12-11 14:00:00,27.072357,0,0
2017-12-11 15:00:00,26.61901,0,0
2017-12-11 16:00:00,26.299194,0,0
2017-12-11 17:00:00,25.698078,0,0
2017-12-11 18:00:00,24.727821,0,0
2017-12-11 19:00:00,24.518236,0,0
2017-12-11 20:00:00,24.3843,0,0
2017-12-11 21:00:00,24.362406,0,0
2017-12-11 22:00:00,24.095863,0,0
2017-12-11 23:00:00,24.062927,0,0
2017-12-12 00:00:00,24.016344,0,0
2017-12-12 01:00:00,23.896378,0,0
2017-12-12 02:00:00,23.866423,0,0
2017-12-12 03:00:00,23.872969,0,0
2017-12-12 04:00:00,23.935944,0,0
2017-12-12 05:00:00,23.765974,0,0
2017-12-12 06:00:00,23.731518,0,0
2017-12-12 07:00:00,23.622213,0,0
2017-12-12 08:00:00,24.636715,0,0
2017-12-12 09:00:00,25.084736,0,0
2017-12-12 10:00:00,25.909725,0,0
2017-12-12 11:00:00,27.059696,0,0
2017-12-12 12:00:00,27.579174,0,0
2017-12-12 13:00:00,27.497055,0,0
2017-12-12 14:00:00,26.839539,0,0
2017-12-12 15:00:00,27.07344,0,0
2017-12-12 16:00:00,25.913559,0,0
2017-12-12 17:00:00,25.259281,0,0
2017-12-12 18:00:00,24.898504,0,0
2017-12-12 19:00:00,24.688725,0,0
2017-12-12 20:00:00,24.584154,0,0
2017-12-12 21:00:00,24.387386,0,0
2017-12-12 22:00:00,24.505894,0,0
2017-12-12 23:00:00,24.37869,0,0
2017-12-13 00:00:00,24.152712,0,0
2017-12-13 01:00:00,24.028101,0,0
2017-12-13 02:00:00,23.64795,0,0
2017-12-13 03:00:00,23.69081,0,0
2017-12-13 04:00:00,23.807875,0,0
2017-12-13 05:00:00,23.670485,0,0
2017-12-13 06:00:00,23.687288,0,0
2017-12-13 07:00:00,24.352158,0,0
2017-12-13 08:00:00,25.329214,0,0
2017-12-13 09:00:00,26.307941,0,0
2017-12-13 10:00:00,27.461317,0,0
2017-12-13 11:00:00,27.84473,0,0
2017-12-13 12:00:00,28.04309,0,0
2017-12-13 13:00:00,27.68955,0,0
2017-12-13 14:00:00,27.734863,0,0
2017-12-13 15:00:00,27.282488,0,0
2017-12-13 16:00:00,26.709854,0,0
2017-12-13 17:00:00,26.128637,0,0
2017-12-13 18:00:00,25.314404,0,0
2017-12-13 19:00:00,25.213259,0,0
2017-12-13 20:00:00,24.829538,0,0
2017-12-13 21:00:00,24.41935,0,0
2017-12-13 22:00:00,24.014713,0,0
2017-12-13 23:00:00,23.768023,0,0
2017-12-14 00:00:00,23.491585,0,0
2017-12-14 01:00:00,23.414007,0,0
2017-12-14 02:00:00,23.441916,0,0
2017-12-14 03:00:00,23.553217,0,0
2017-12-14 04:00:00,23.63106,0,0
2017-12-14 05:00:00,23.538055,0,0
2017-12-14 06:00:00,23.671513,0,0
2017-12-14 07:00:00,24.135532,0,0
2017-12-14 08:00:00,25.345116,0,0
2017-12-14 09:00:00,26.385145,0,0
2017-12-14 10:00:00,27.55313,0,0
2017-12-14 11:00:00,27.427183,0,0
2017-12-14 12:00:00,28.811754,0,0
2017-12-14 13:00:00,29.982544,0,0
2017-12-14 14:00:00,30.397793,0,0
2017-12-14 15:00:00,30.25657,0,0
2017-12-14 16:00:00,29.510027,0,0
2017-12-14 17:00:00,28.104225,0,0
2017-12-14 18:00:00,26.285484,0,0
2017-12-14 19:00:00,25.73668,0,0
2017-12-14 20:00:00,24.97233,0,0
2017-12-14 21:00:00,24.704268,0,0
2017-12-14 22:00:00,24.499172,0,0
2017-12-14 23:00:00,24.283447,0,0
2017-12-15 00:00:00,24.068954,0,0
2017-12-15 01:00:00,23.964794,0,0
2017-12-15 02:00:00,23.83297,0,0
2017-12-15 03:00:00,23.726616,0,0
2017-12-15 04:00:00,23.63171,0,0
2017-12-15 05:00:00,23.566956,0,0
2017-12-15 06:00:00,23.593681,0,0
2017-12-15 07:00:00,23.945467,0,0
2017-12-15 08:00:00,25.625685,0,0
2017-12-15 09:00:00,27.307165,0,0
2017-12-15 10:00:00,28.876528,0,0
2017-12-15 11:00:00,29.971357,0,0
2017-12-15 12:00:00,30.473734,0,0
2017-12-15 13:00:00,30.162317,0,0
2017-12-15 14:00:00,29.261347,0,0
2017-12-15 15:00:00,28.704323,0,0
2017-12-15 16:00:00,28.098116,0,0
2017-12-15 17:00:00,27.388597,0,0
2017-12-15 18:00:00,26.611725,0,0
2017-12-15 19:00:00,25.965782,0,0
2017-12-15 20:00:00,25.52816,0,0
2017-12-15 21:00:00,25.257574,0,0
2017-12-15 22:00:00,25.06483,0,0
2017-12-15 23:00:00,25.047028,0,0
2017-12-16 00:00:00,24.940935,1,0
2017-12-16 01:00:00,24.744503,1,0
2017-12-16 02:00:00,24.493242,1,0
2017-12-16 03:00:00,24.396551,1,0
2017-12-16 04:00:00,24.37454,1,0
2017-12-16 05:00:00,24.310045,1,0
2017-12-16 06:00:00,24.419825,1,0
2017-12-16 07:00:00,24.977962,1,0
2017-12-16 08:00:00,26.70918,1,0
2017-12-16 09:00:00,28.297165,1,0
2017-12-16 10:00:00,29.490616,1,0
2017-12-16 11:00:00,30.271503,1,0
2017-12-16 12:00:00,30.67745,1,0
2017-12-16 13:00:00,30.795252,1,0
2017-12-16 14:00:00,30.708078,1,0
2017-12-16 15:00:00,30.223995,1,0
2017-12-16 16:00:00,29.52452,1,0
2017-12-16 17:00:00,28.44861,1,0
2017-12-16 18:00:00,26.767159,1,0
2017-12-16 19:00:00,26.383633,1,0
2017-12-16 20:00:00,26.031256,1,0
2017-12-16 21:00:00,25.961374,1,0
2017-12-16 22:00:00,25.53918,1,0
2017-12-16 23:00:00,24.830448,1,0
2017-12-17 00:00:00,25.12811,1,0
2017-12-17 01:00:00,24.271194,1,0
2017-12-17 02:00:00,24.372309,1,0
2017-12-17 03:00:00,24.101345,1,0
2017-12-17 04:00:00,24.136919,1,0
2017-12-17 05:00:00,24.64105,1,0
2017-12-17 06:00:00,24.910639,1,0
2017-12-17 07:00:00,25.084911,1,0
2017-12-17 08:00:00,25.975609,1,0
2017-12-17 09:00:00,28.111511,1,0
2017-12-17 10:00:00,29.573551,1,0
2017-12-17 11:00:00,30.432215,1,0
2017-12-17 12:00:00,30.888569,1,0
2017-12-17 13:00:00,31.139307,1,0
2017-12-17 14:00:00,31.14042,1,0
2017-12-17 15:00:00,30.903885,1,0
2017-12-17 16:00:00,30.268429,1,0
2017-12-17 17:00:00,29.040993,1,0
2017-12-17 18:00:00,26.899502,1,0
2017-12-17 19:00:00,26.438578,1,0
2017-12-17 20:00:00,25.851103,1,0
2017-12-17 21:00:00,25.352676,1,0
2017-12-17 22:00:00,24.931856,1,0
2017-12-17 23:00:00,24.357615,1,0
2017-12-18 00:00:00,23.825058,0,0
2017-12-18 01:00:00,23.576056,0,0
2017-12-18 02:00:00,24.485611,0,0
2017-12-18 03:00:00,25.308184,0,0
2017-12-18 04:00:00,23.585865,0,0
2017-12-18 05:00:00,25.394573,0,0
2017-12-18 06:00:00,25.659937,0,0
2017-12-18 07:00:00,25.35733,0,0
2017-12-18 08:00:00,26.767061,0,0
2017-12-18 09:00:00,28.34921,0,0
2017-12-18 10:00:00,29.238237,0,0
2017-12-18 11:00:00,30.02422,0,0
2017-12-18 12:00:00,30.5999,0,0
2017-12-18 13:00:00,30.757778,0,0
2017-12-18 14:00:00,31.029005,0,0
2017-12-18 15:00:00,30.742876,0,0
2017-12-18 16:00:00,29.998493,0,0
2017-12-18 17:00:00,28.969389,0,0
2017-12-18 18:00:00,26.853073,0,0
2017-12-18 19:00:00,26.425232,0,0
2017-12-18 20:00:00,25.830992,0,0
2017-12-18 21:00:00,25.43561,0,0
2017-12-18 22:00:00,25.209291,0,0
2017-12-18 23:00:00,25.190586,0,0
2017-12-19 00:00:00,24.969854,0,0
2017-12-19 01:00:00,24.761715,0,0
2017-12-19 02:00:00,24.62811,0,0
2017-12-19 03:00:00,24.571232,0,0
2017-12-19 04:00:00,24.338444,0,0
2017-12-19 05:00:00,23.852722,0,0
2017-12-19 06:00:00,23.885542,0,0
2017-12-19 07:00:00,24.821087,0,0
2017-12-19 08:00:00,26.302711,0,0
2017-12-19 09:00:00,28.085453,0,0
2017-12-19 10:00:00,29.277382,0,0
2017-12-19 11:00:00,30.139421,0,0
2017-12-19 12:00:00,30.612581,0,0
2017-12-19 13:00:00,30.709534,0,0
2017-12-19 14:00:00,30.729876,0,0
2017-12-19 15:00:00,30.653002,0,0
2017-12-19 16:00:00,30.388245,0,0
2017-12-19 17:00:00,29.305456,0,0
2017-12-19 18:00:00,27.556944,0,0
2017-12-19 19:00:00,26.929768,0,0
2017-12-19 20:00:00,26.310997,0,0
2017-12-19 21:00:00,25.612453,0,0
2017-12-19 22:00:00,25.409143,0,0
2017-12-19 23:00:00,26.240595,0,0
2017-12-20 00:00:00,24.781187,0,0
2017-12-20 01:00:00,24.52331,0,0
2017-12-20 02:00:00,24.710669,0,0
2017-12-20 03:00:00,24.06327,0,0
2017-12-20 04:00:00,23.868622,0,0
2017-12-20 05:00:00,23.482643,0,0
2017-12-20 06:00:00,23.424387,0,0
2017-12-20 07:00:00,24.66807,0,0
2017-12-20 08:00:00,26.536057,0,0
2017-12-20 09:00:00,27.961735,0,0
2017-12-20 10:00:00,29.353256,0,0
2017-12-20 11:00:00,30.175074,0,0
2017-12-20 12:00:00,30.415411,0,0
2017-12-20 13:00:00,30.565119,0,0
2017-12-20 14:00:00,30.463856,0,0
2017-12-20 15:00:00,30.0388,0,0
2017-12-20 16:00:00,29.587423,0,0
2017-12-20 17:00:00,28.824333,0,0
2017-12-20 18:00:00,26.902813,0,0
2017-12-20 19:00:00,25.947796,0,0
2017-12-20 20:00:00,25.718023,0,0
2017-12-20 21:00:00,25.539772,0,0
2017-12-20 22:00:00,24.791374,0,0
2017-12-20 23:00:00,24.439997,0,0
2017-12-21 00:00:00,24.479664,0,0
2017-12-21 01:00:00,24.524717,0,0
2017-12-21 02:00:00,24.34699,0,0
2017-12-21 03:00:00,24.237919,0,0
2017-12-21 04:00:00,24.354052,0,0
2017-12-21 05:00:00,24.73784,0,0
2017-12-21 06:00:00,24.293982,0,0
2017-12-21 07:00:00,24.730488,0,0
2017-12-21 08:00:00,26.110067,0,0
2017-12-21 09:00:00,27.868011,0,0
2017-12-21 10:00:00,29.173172,0,0
2017-12-21 11:00:00,29.880789,0,0
2017-12-21 12:00:00,30.393383,0,0
2017-12-21 13:00:00,30.526203,0,0
2017-12-21 14:00:00,30.541714,0,0
2017-12-21 15:00:00,30.240685,0,0
2017-12-21 16:00:00,29.420097,0,0
2017-12-21 17:00:00,28.365673,0,0
2017-12-21 18:00:00,26.980246,0,0
2017-12-21 19:00:00,26.325346,0,0
2017-12-21 20:00:00,25.695341,0,0
2017-12-21 21:00:00,25.17754,0,0
2017-12-21 22:00:00,24.863455,0,0
2017-12-21 23:00:00,24.41096,0,0
2017-12-22 00:00:00,24.150558,0,0
2017-12-22 01:00:00,24.133755,0,0
2017-12-22 02:00:00,24.046728,0,0
2017-12-22 03:00:00,24.025095,0,0
2017-12-22 04:00:00,23.786541,0,0
2017-12-22 05:00:00,23.415985,0,0
2017-12-22 06:00:00,23.584543,0,0
2017-12-22 07:00:00,23.937328,0,0
2017-12-22 08:00:00,25.725164,0,0
2017-12-22 09:00:00,27.116714,0,0
2017-12-22 10:00:00,28.67173,0,0
2017-12-22 11:00:00,29.653732,0,0
2017-12-22 12:00:00,30.249638,0,0
2017-12-22 13:00:00,30.437899,0,0
2017-12-22 14:00:00,30.417902,0,0
2017-12-22 15:00:00,30.344484,0,0
2017-12-22 16:00:00,29.77935,0,0
2017-12-22 17:00:00,28.885115,0,0
2017-12-22 18:00:00,26.95545,0,0
2017-12-22 19:00:00,26.47356,0,0
2017-12-22 20:00:00,25.411814,0,0
2017-12-22 21:00:00,25.038803,0,0
2017-12-22 22:00:00,24.560844,0,0
2017-12-22 23:00:00,24.170033,0,0
2017-12-23 00:00:00,24.005276,1,0
2017-12-23 01:00:00,23.870554,1,0
2017-12-23 02:00:00,23.950329,1,0
2017-12-23 03:00:00,23.908844,1,0
2017-12-23 04:00:00,23.751968,1,0
2017-12-23 05:00:00,23.761631,1,0
2017-12-23 06:00:00,23.388649,1,0
2017-12-23 07:00:00,24.382088,1,0
2017-12-23 08:00:00,25.966616,1,0
2017-12-23 09:00:00,27.688055,1,0
2017-12-23 10:00:00,28.949165,1,0
2017-12-23 11:00:00,29.797709,1,0
2017-12-23 12:00:00,30.21908,1,0
2017-12-23 13:00:00,30.222387,1,0
2017-12-23 14:00:00,29.965626,1,0
2017-12-23 15:00:00,29.672882,1,0
2017-12-23 16:00:00,29.10701,1,0
2017-12-23 17:00:00,28.347492,1,0
2017-12-23 18:00:00,26.456266,1,0
2017-12-23 19:00:00,26.19025,1,0
2017-12-23 20:00:00,25.514454,1,0
2017-12-23 21:00:00,25.419924,1,0
2017-12-23 22:00:00,25.205578,1,0
2017-12-23 23:00:00,24.631447,1,0
2017-12-24 00:00:00,24.32357,1,0
2017-12-24 01:00:00,24.000559,1,0
2017-12-24 02:00:00,24.095467,1,0
2017-12-24 03:00:00,24.592865,1,0
2017-12-24 04:00:00,24.583126,1,0
2017-12-24 05:00:00,24.59431,1,0
2017-12-24 06:00:00,24.775085,1,0
2017-12-24 07:00:00,25.066322,1,0
2017-12-24 08:00:00,25.956905,1,0
2017-12-24 09:00:00,27.631245,1,0
2017-12-24 10:00:00,28.939568,1,0
2017-12-24 11:00:00,29.528528,1,0
2017-12-24 12:00:00,30.172766,1,0
2017-12-24 13:00:00,30.28626,1,0
2017-12-24 14:00:00,29.96325,1,0
2017-12-24 15:00:00,30.003178,1,0
2017-12-24 16:00:00,29.28043,1,0
2017-12-24 17:00:00,28.211134,1,0
2017-12-24 18:00:00,26.620874,1,0
2017-12-24 19:00:00,26.449095,1,0
2017-12-24 20:00:00,25.78984,1,0
2017-12-24 21:00:00,25.491362,1,0
2017-12-24 22:00:00,25.293411,1,0
2017-12-24 23:00:00,25.075752,1,0
2017-12-25 00:00:00,24.130661,0,1
2017-12-25 01:00:00,24.446386,0,1
2017-12-25 02:00:00,24.725752,0,1
2017-12-25 03:00:00,24.40315,0,1
2017-12-25 04:00:00,25.108921,0,1
2017-12-25 05:00:00,25.139072,0,1
2017-12-25 06:00:00,24.629963,0,1
2017-12-25 07:00:00,24.254313,0,1
2017-12-25 08:00:00,25.705904,0,1
2017-12-25 09:00:00,27.082848,0,1
2017-12-25 10:00:00,28.38827,0,1
2017-12-25 11:00:00,28.9989,0,1
2017-12-25 12:00:00,29.22525,0,1
2017-12-25 13:00:00,30.108402,0,1
2017-12-25 14:00:00,29.689697,0,1
2017-12-25 15:00:00,28.832895,0,1
2017-12-25 16:00:00,28.34015,0,1
2017-12-25 17:00:00,27.66942,0,1
2017-12-25 18:00:00,26.520205,0,1
2017-12-25 19:00:00,26.044817,0,1
2017-12-25 20:00:00,25.5937,0,1
2017-12-25 21:00:00,25.41062,0,1
2017-12-25 22:00:00,25.362782,0,1
2017-12-25 23:00:00,24.764238,0,1
2017-12-26 00:00:00,24.820038,0,0
2017-12-26 01:00:00,24.886696,0,0
2017-12-26 02:00:00,24.55476,0,0
2017-12-26 03:00:00,24.32528,0,0
2017-12-26 04:00:00,24.333418,0,0
2017-12-26 05:00:00,24.110435,0,0
2017-12-26 06:00:00,24.242111,0,0
2017-12-26 07:00:00,24.56157,0,0
2017-12-26 08:00:00,25.778322,0,0
2017-12-26 09:00:00,27.239986,0,0
2017-12-26 10:00:00,28.436337,0,0
2017-12-26 11:00:00,28.952091,0,0
2017-12-26 12:00:00,29.641975,0,0
2017-12-26 13:00:00,29.152813,0,0
2017-12-26 14:00:00,29.542336,0,0
2017-12-26 15:00:00,28.226496,0,0
2017-12-26 16:00:00,28.06092,0,0
2017-12-26 17:00:00,26.98439,0,0
2017-12-26 18:00:00,25.762947,0,0
2017-12-26 19:00:00,25.24318,0,0
2017-12-26 20:00:00,25.048388,0,0
2017-12-26 21:00:00,24.458652,0,0
2017-12-26 22:00:00,24.59408,0,0
2017-12-26 23:00:00,23.909582,0,0
2017-12-27 00:00:00,24.169476,0,0
2017-12-27 01:00:00,24.450218,0,0
2017-12-27 02:00:00,24.409882,0,0
2017-12-27 03:00:00,24.115498,0,0
2017-12-27 04:00:00,23.880138,0,0
2017-12-27 05:00:00,23.513481,0,0
2017-12-27 06:00:00,24.050957,0,0
2017-12-27 07:00:00,24.0807,0,0
2017-12-27 08:00:00,25.395525,0,0
2017-12-27 09:00:00,26.95637,0,0
2017-12-27 10:00:00,27.848038,0,0
2017-12-27 11:00:00,28.709667,0,0
2017-12-27 12:00:00,28.463268,0,0
2017-12-27 13:00:00,28.592337,0,0
2017-12-27 14:00:00,28.779577,0,0
2017-12-27 15:00:00,28.273155,0,0
2017-12-27 16:00:00,27.844759,0,0
2017-12-27 17:00:00,27.084766,0,0
2017-12-27 18:00:00,26.061018,0,0
2017-12-27 19:00:00,25.748125,0,0
2017-12-27 20:00:00,25.280468,0,0
2017-12-27 21:00:00,25.089655,0,0
2017-12-27 22:00:00,24.895864,0,0
2017-12-27 23:00:00,24.695719,0,0
2017-12-28 00:00:00,24.536385,0,0
2017-12-28 01:00:00,24.46542,0,0
2017-12-28 02:00:00,24.476984,0,0
2017-12-28 03:00:00,24.55383,0,0
2017-12-28 04:00:00,24.22903,0,0
2017-12-28 05:00:00,24.403158,0,0
2017-12-28 06:00:00,24.214159,0,0
2017-12-28 07:00:00,23.976276,0,0
2017-12-28 08:00:00,25.486008,0,0
2017-12-28 09:00:00,27.104847,0,0
2017-12-28 10:00:00,28.526848,0,0
2017-12-28 11:00:00,28.626997,0,0
2017-12-28 12:00:00,28.974802,0,0
2017-12-28 13:00:00,28.144352,0,0
2017-12-28 14:00:00,28.1151,0,0
2017-12-28 15:00:00,26.7545,0,0
2017-12-28 16:00:00,26.941305,0,0
2017-12-28 17:00:00,26.623241,0,0
2017-12-28 18:00:00,25.748377,0,0
2017-12-28 19:00:00,25.718895,0,0
2017-12-28 20:00:00,25.036629,0,0
2017-12-28 21:00:00,24.818829,0,0
2017-12-28 22:00:00,24.560688,0,0
2017-12-28 23:00:00,24.386154,0,0
2017-12-29 00:00:00,24.164783,0,0
2017-12-29 01:00:00,24.092886,0,0
2017-12-29 02:00:00,23.824154,0,0
2017-12-29 03:00:00,23.725937,0,0
2017-12-29 04:00:00,23.692295,0,0
2017-12-29 05:00:00,23.651958,0,0
2017-12-29 06:00:00,23.442295,0,0
2017-12-29 07:00:00,23.907574,0,0
2017-12-29 08:00:00,25.149765,0,0
2017-12-29 09:00:00,26.211687,0,0
2017-12-29 10:00:00,27.138077,0,0
2017-12-29 11:00:00,27.349329,0,0
2017-12-29 12:00:00,26.176243,0,0
2017-12-29 13:00:00,26.082615,0,0
2017-12-29 14:00:00,26.731457,0,0
2017-12-29 15:00:00,27.180283,0,0
2017-12-29 16:00:00,25.261913,0,0
2017-12-29 17:00:00,24.536331,0,0
2017-12-29 18:00:00,24.318306,0,0
2017-12-29 19:00:00,24.908722,0,0
2017-12-29 20:00:00,24.673737,0,0
2017-12-29 21:00:00,24.457195,0,0
2017-12-29 22:00:00,24.096746,0,0
2017-12-29 23:00:00,23.950054,0,0
2017-12-30 00:00:00,23.818642,1,0
2017-12-30 01:00:00,23.674183,1,0
2017-12-30 02:00:00,23.615519,1,0
2017-12-30 03:00:00,23.534105,1,0
2017-12-30 04:00:00,23.395672,1,0
2017-12-30 05:00:00,23.488201,1,0
2017-12-30 06:00:00,23.64341,1,0
2017-12-30 07:00:00,23.393848,1,0
2017-12-30 08:00:00,24.115713,1,0
2017-12-30 09:00:00,25.158167,1,0
2017-12-30 10:00:00,26.045671,1,0
2017-12-30 11:00:00,27.050879,1,0
2017-12-30 12:00:00,27.659843,1,0
2017-12-30 13:00:00,27.05861,1,0
2017-12-30 14:00:00,25.245857,1,0
2017-12-30 15:00:00,25.084148,1,0
2017-12-30 16:00:00,25.65029,1,0
2017-12-30 17:00:00,25.112928,1,0
2017-12-30 18:00:00,24.435232,1,0
2017-12-30 19:00:00,24.387348,1,0
2017-12-30 20:00:00,24.06527,1,0
2017-12-30 21:00:00,23.821476,1,0
2017-12-30 22:00:00,24.09831,1,0
2017-12-30 23:00:00,23.483517,1,0
2017-12-31 00:00:00,23.363142,1,0
2017-12-31 01:00:00,23.201958,1,0
2017-12-31 02:00:00,23.42423,1,0
2017-12-31 03:00:00,23.417355,1,0
2017-12-31 04:00:00,23.323376,1,0
2017-12-31 05:00:00,23.511667,1,0
2017-12-31 06:00:00,23.50635,1,0
2017-12-31 07:00:00,24.129292,1,0
2017-12-31 08:00:00,25.007135,1,0
2017-12-31 09:00:00,26.114605,1,0
2017-12-31 10:00:00,27.119436,1,0
2017-12-31 11:00:00,28.176714,1,0
2017-12-31 12:00:00,27.52885,1,0
2017-12-31 13:00:00,27.180702,1,0
2017-12-31 14:00:00,26.812494,1,0
2017-12-31 15:00:00,26.81937,1,0
2017-12-31 16:00:00,26.579966,1,0
2017-12-31 17:00:00,26.584507,1,0
2017-12-31 18:00:00,25.492313,1,0
2017-12-31 19:00:00,25.236269,1,0
2017-12-31 20:00:00,24.941364,1,0
2017-12-31 21:00:00,24.549171,1,0
2017-12-31 22:00:00,24.401627,1,0
2017-12-31 23:00:00,24.274899,1,0
2018-01-01 00:00:00,24.29572,0,1
2018-01-01 01:00:00,24.160852,0,1
2018-01-01 02:00:00,23.997211,0,1
2018-01-01 03:00:00,24.021746,0,1
2018-01-01 04:00:00,24.008512,0,1
2018-01-01 05:00:00,23.90825,0,1
2018-01-01 06:00:00,23.866798,0,1
2018-01-01 07:00:00,23.88881,0,1
2018-01-01 08:00:00,25.052782,0,1
2018-01-01 09:00:00,26.487637,0,1
2018-01-01 10:00:00,27.621311,0,1
2018-01-01 11:00:00,28.366955,0,1
2018-01-01 12:00:00,28.541227,0,1
2018-01-01 13:00:00,27.812677,0,1
2018-01-01 14:00:00,27.242569,0,1
2018-01-01 15:00:00,26.886765,0,1
2018-01-01 16:00:00,26.492384,0,1
2018-01-01 17:00:00,25.59472,0,1
2018-01-01 18:00:00,24.999853,0,1
2018-01-01 19:00:00,24.98537,0,1
2018-01-01 20:00:00,24.622398,0,1
2018-01-01 21:00:00,24.44968,0,1
2018-01-01 22:00:00,24.497602,0,1
2018-01-01 23:00:00,24.34924,0,1
2018-01-02 00:00:00,24.256157,0,0
2018-01-02 01:00:00,23.78237,0,0
2018-01-02 02:00:00,23.723515,0,0
2018-01-02 03:00:00,23.710018,0,0
2018-01-02 04:00:00,23.724443,0,0
2018-01-02 05:00:00,23.735039,0,0
2018-01-02 06:00:00,23.379395,0,0
2018-01-02 07:00:00,23.758213,0,0
2018-01-02 08:00:00,24.34508,0,0
2018-01-02 09:00:00,25.32492,0,0
2018-01-02 10:00:00,26.847921,0,0
2018-01-02 11:00:00,26.809546,0,0
2018-01-02 12:00:00,26.646082,0,0
2018-01-02 13:00:00,27.25776,0,0
2018-01-02 14:00:00,26.466684,0,0
2018-01-02 15:00:00,26.174757,0,0
2018-01-02 16:00:00,25.808739,0,0
2018-01-02 17:00:00,25.6799,0,0
2018-01-02 18:00:00,25.212358,0,0
2018-01-02 19:00:00,24.671545,0,0
2018-01-02 20:00:00,24.6298,0,0
2018-01-02 21:00:00,24.300093,0,0
2018-01-02 22:00:00,24.12199,0,0
2018-01-02 23:00:00,24.05545,0,0
2018-01-03 00:00:00,23.872776,0,0
2018-01-03 01:00:00,23.66809,0,0
2018-01-03 02:00:00,23.630138,0,0
2018-01-03 03:00:00,23.376228,0,0
2018-01-03 04:00:00,23.344894,0,0
2018-01-03 05:00:00,23.218092,0,0
2018-01-03 06:00:00,23.35181,0,0
2018-01-03 07:00:00,23.896387,0,0
2018-01-03 08:00:00,24.735008,0,0
2018-01-03 09:00:00,25.993216,0,0
2018-01-03 10:00:00,26.808826,0,0
2018-01-03 11:00:00,27.143955,0,0
2018-01-03 12:00:00,27.742907,0,0
2018-01-03 13:00:00,27.94399,0,0
2018-01-03 14:00:00,27.633543,0,0
2018-01-03 15:00:00,26.884668,0,0
2018-01-03 16:00:00,26.870438,0,0
2018-01-03 17:00:00,26.60984,0,0
2018-01-03 18:00:00,25.827314,0,0
2018-01-03 19:00:00,25.098425,0,0
2018-01-03 20:00:00,24.768206,0,0
2018-01-03 21:00:00,24.418613,0,0
2018-01-03 22:00:00,24.22754,0,0
2018-01-03 23:00:00,24.339249,0,0
2018-01-04 00:00:00,24.50345,0,0
2018-01-04 01:00:00,23.877275,0,0
2018-01-04 02:00:00,24.049212,0,0
2018-01-04 03:00:00,24.171892,0,0
2018-01-04 04:00:00,23.975792,0,0
2018-01-04 05:00:00,24.029886,0,0
2018-01-04 06:00:00,23.940256,0,0
2018-01-04 07:00:00,24.145048,0,0
2018-01-04 08:00:00,24.39048,0,0
2018-01-04 09:00:00,24.887173,0,0
2018-01-04 10:00:00,25.183338,0,0
2018-01-04 11:00:00,25.865635,0,0
2018-01-04 12:00:00,26.557894,0,0
2018-01-04 13:00:00,24.891346,0,0
2018-01-04 14:00:00,25.207594,0,0
2018-01-04 15:00:00,25.96842,0,0
2018-01-04 16:00:00,25.36493,0,0
2018-01-04 17:00:00,25.128424,0,0
2018-01-04 18:00:00,24.74634,0,0
2018-01-04 19:00:00,23.891655,0,0
2018-01-04 20:00:00,23.669613,0,0
2018-01-04 21:00:00,23.611736,0,0
2018-01-04 22:00:00,23.696308,0,0
2018-01-04 23:00:00,23.691216,0,0
2018-01-05 00:00:00,23.482584,0,0
2018-01-05 01:00:00,22.864334,0,0
2018-01-05 02:00:00,22.866974,0,0
2018-01-05 03:00:00,23.016827,0,0
2018-01-05 04:00:00,23.273298,0,0
2018-01-05 05:00:00,22.79932,0,0
2018-01-05 06:00:00,22.646418,0,0
2018-01-05 07:00:00,23.702744,0,0
2018-01-05 08:00:00,23.937008,0,0
2018-01-05 09:00:00,24.42273,0,0
2018-01-05 10:00:00,24.387398,0,0
2018-01-05 11:00:00,24.824379,0,0
2018-01-05 12:00:00,24.898552,0,0
2018-01-05 13:00:00,24.746916,0,0
2018-01-05 14:00:00,24.840181,0,0
2018-01-05 15:00:00,25.099293,0,0
2018-01-05 16:00:00,25.270897,0,0
2018-01-05 17:00:00,25.082983,0,0
2018-01-05 18:00:00,24.552355,0,0
2018-01-05 19:00:00,24.383778,0,0
2018-01-05 20:00:00,24.157574,0,0
2018-01-05 21:00:00,24.155788,0,0
2018-01-05 22:00:00,23.870592,0,0
2018-01-05 23:00:00,24.11386,0,0
2018-01-06 00:00:00,24.010292,1,0
2018-01-06 01:00:00,24.014635,1,0
2018-01-06 02:00:00,23.915535,1,0
2018-01-06 03:00:00,23.700958,1,0
2018-01-06 04:00:00,23.674377,1,0
2018-01-06 05:00:00,23.76316,1,0
2018-01-06 06:00:00,23.784647,1,0
2018-01-06 07:00:00,23.988693,1,0
2018-01-06 08:00:00,24.910656,1,0
2018-01-06 09:00:00,25.870651,1,0
2018-01-06 10:00:00,26.685143,1,0
2018-01-06 11:00:00,27.107368,1,0
2018-01-06 12:00:00,27.291615,1,0
2018-01-06 13:00:00,27.481098,1,0
2018-01-06 14:00:00,28.298464,1,0
2018-01-06 15:00:00,25.995295,1,0
2018-01-06 16:00:00,25.95455,1,0
2018-01-06 17:00:00,26.138597,1,0
2018-01-06 18:00:00,25.489792,1,0
2018-01-06 19:00:00,25.244148,1,0
2018-01-06 20:00:00,24.872252,1,0
2018-01-06 21:00:00,24.521545,1,0
2018-01-06 22:00:00,24.34991,1,0
2018-01-06 23:00:00,24.290102,1,0
2018-01-07 00:00:00,24.050695,1,0
2018-01-07 01:00:00,23.954268,1,0
2018-01-07 02:00:00,23.848581,1,0
2018-01-07 03:00:00,23.910814,1,0
2018-01-07 04:00:00,23.74799,1,0
2018-01-07 05:00:00,23.95115,1,0
2018-01-07 06:00:00,24.10762,1,0
2018-01-07 07:00:00,24.140179,1,0
2018-01-07 08:00:00,25.517178,1,0
2018-01-07 09:00:00,26.767216,1,0
2018-01-07 10:00:00,27.885723,1,0
2018-01-07 11:00:00,28.435415,1,0
2018-01-07 12:00:00,29.160355,1,0
2018-01-07 13:00:00,29.344337,1,0
2018-01-07 14:00:00,29.312157,1,0
2018-01-07 15:00:00,29.246878,1,0
2018-01-07 16:00:00,28.589031,1,0
2018-01-07 17:00:00,27.503078,1,0
2018-01-07 18:00:00,25.917797,1,0
2018-01-07 19:00:00,25.502596,1,0
2018-01-07 20:00:00,24.811144,1,0
2018-01-07 21:00:00,24.39832,1,0
2018-01-07 22:00:00,24.187279,1,0
2018-01-07 23:00:00,23.8859,1,0
2018-01-08 00:00:00,23.393963,0,0
2018-01-08 01:00:00,23.340996,0,0
2018-01-08 02:00:00,23.293896,0,0
2018-01-08 03:00:00,23.576422,0,0
2018-01-08 04:00:00,23.801334,0,0
2018-01-08 05:00:00,23.526722,0,0
2018-01-08 06:00:00,23.2336,0,0
2018-01-08 07:00:00,23.690035,0,0
2018-01-08 08:00:00,24.95178,0,0
2018-01-08 09:00:00,26.182407,0,0
2018-01-08 10:00:00,27.265297,0,0
2018-01-08 11:00:00,27.94733,0,0
2018-01-08 12:00:00,28.137667,0,0
2018-01-08 13:00:00,28.253963,0,0
2018-01-08 14:00:00,28.09661,0,0
2018-01-08 15:00:00,27.528168,0,0
2018-01-08 16:00:00,27.12229,0,0
2018-01-08 17:00:00,26.55868,0,0
2018-01-08 18:00:00,25.588385,0,0
2018-01-08 19:00:00,25.462997,0,0
2018-01-08 20:00:00,25.315897,0,0
2018-01-08 21:00:00,24.813665,0,0
2018-01-08 22:00:00,24.34508,0,0
2018-01-08 23:00:00,24.09534,0,0
2018-01-09 00:00:00,23.77259,0,1
2018-01-09 01:00:00,23.563337,0,1
2018-01-09 02:00:00,23.283564,0,1
2018-01-09 03:00:00,23.297173,0,1
2018-01-09 04:00:00,23.149733,0,1
2018-01-09 05:00:00,23.246948,0,1
2018-01-09 06:00:00,23.27453,0,1
2018-01-09 07:00:00,23.569069,0,1
2018-01-09 08:00:00,24.81457,0,1
2018-01-09 09:00:00,26.377838,0,1
2018-01-09 10:00:00,27.371357,0,1
2018-01-09 11:00:00,27.857895,0,1
2018-01-09 12:00:00,27.177917,0,1
2018-01-09 13:00:00,27.36205,0,1
2018-01-09 14:00:00,27.77358,0,1
2018-01-09 15:00:00,28.229906,0,1
2018-01-09 16:00:00,27.054401,0,1
2018-01-09 17:00:00,26.220058,0,1
2018-01-09 18:00:00,25.155598,0,1
2018-01-09 19:00:00,24.986155,0,1
2018-01-09 20:00:00,24.74344,0,1
2018-01-09 21:00:00,24.434448,0,1
2018-01-09 22:00:00,24.2146,0,1
2018-01-09 23:00:00,24.063076,0,1
2018-01-10 00:00:00,23.97947,0,0
2018-01-10 01:00:00,23.687725,0,0
2018-01-10 02:00:00,23.574232,0,0
2018-01-10 03:00:00,23.357426,0,0
2018-01-10 04:00:00,23.249699,0,0
2018-01-10 05:00:00,23.18851,0,0
2018-01-10 06:00:00,23.15836,0,0
2018-01-10 07:00:00,23.566877,0,0
2018-01-10 08:00:00,24.77713,0,0
2018-01-10 09:00:00,26.005188,0,0
2018-01-10 10:00:00,27.311611,0,0
2018-01-10 11:00:00,28.142498,0,0
2018-01-10 12:00:00,28.617033,0,0
2018-01-10 13:00:00,27.63699,0,0
2018-01-10 14:00:00,27.40517,0,0
2018-01-10 15:00:00,27.61975,0,0
2018-01-10 16:00:00,26.809612,0,0
2018-01-10 17:00:00,26.322369,0,0
2018-01-10 18:00:00,25.436272,0,0
