stage,model,configuration,selected_covariates,cumulative_covariates,mean_mape,mean_rmse,num_covariates
Calendar + Oracle Weather Search,M512,h0_w0_none_ws_temperature_2m,"('temperature_2m',)","('temperature_2m',)",3.1555517889817217,29.87186398992659,1
Calendar + Oracle Weather Search,M513,h0_w0_integer_ws_temperature_2m,"('dow', 'temperature_2m')","('dow', 'temperature_2m')",3.4367779850247895,31.668958235003956,2
Calendar + Oracle Weather Search,M514,h0_w0_one_hot_ws_temperature_2m,"('dow_0', 'dow_1', 'dow_2', 'dow_3', 'dow_4', 'dow_5', 'dow_6', 'temperature_2m')","('dow_0', 'dow_1', 'dow_2', 'dow_3', 'dow_4', 'dow_5', 'dow_6', 'temperature_2m')",2.9547615906582543,27.833210189231878,8
Calendar + Oracle Weather Search,M515,h0_w0_cyclic_ws_temperature_2m,"('dow_sin', 'dow_cos', 'temperature_2m')","('dow_sin', 'dow_cos', 'temperature_2m')",2.9988353965030923,28.627479078631968,3
Calendar + Oracle Weather Search,M516,h0_w1_none_ws_temperature_2m,"('weekend', 'temperature_2m')","('weekend', 'temperature_2m')",2.7623754586609097,25.87372944244537,2
Calendar + Oracle Weather Search,M517,h0_w1_integer_ws_temperature_2m,"('weekend', 'dow', 'temperature_2m')","('weekend', 'dow', 'temperature_2m')",2.9747210217436084,27.669580212085364,3
Calendar + Oracle Weather Search,M518,h0_w1_one_hot_ws_temperature_2m,"('weekend', 'dow_0', 'dow_1', 'dow_2', 'dow_3', 'dow_4', 'dow_5', 'dow_6', 'temperature_2m')","('weekend', 'dow_0', 'dow_1', 'dow_2', 'dow_3', 'dow_4', 'dow_5', 'dow_6', 'temperature_2m')",2.87760477769433,27.028982884721852,9
Calendar + Oracle Weather Search,M519,h0_w1_cyclic_ws_temperature_2m,"('weekend', 'dow_sin', 'dow_cos', 'temperature_2m')","('weekend', 'dow_sin', 'dow_cos', 'temperature_2m')",2.868947318005433,26.938772651126108,4
Calendar + Oracle Weather Search,M520,h1_w0_none_ws_temperature_2m,"('holiday', 'temperature_2m')","('holiday', 'temperature_2m')",2.9088916633404223,27.398408355801667,2
Calendar + Oracle Weather Search,M521,h1_w0_integer_ws_temperature_2m,"('holiday', 'dow', 'temperature_2m')","('holiday', 'dow', 'temperature_2m')",3.083396529217992,28.621667636146537,3
Calendar + Oracle Weather Search,M522,h1_w0_one_hot_ws_temperature_2m,"('holiday', 'dow_0', 'dow_1', 'dow_2', 'dow_3', 'dow_4', 'dow_5', 'dow_6', 'temperature_2m')","('holiday', 'dow_0', 'dow_1', 'dow_2', 'dow_3', 'dow_4', 'dow_5', 'dow_6', 'temperature_2m')",2.9235192293778147,27.561288257006673,9
Calendar + Oracle Weather Search,M523,h1_w0_cyclic_ws_temperature_2m,"('holiday', 'dow_sin', 'dow_cos', 'temperature_2m')","('holiday', 'dow_sin', 'dow_cos', 'temperature_2m')",2.852062661323995,27.02136660500382,4
Calendar + Oracle Weather Search,M524,h1_w1_none_ws_temperature_2m,"('holiday', 'weekend', 'temperature_2m')","('holiday', 'weekend', 'temperature_2m')",2.6511345629151966,24.83340013289197,3
Calendar + Oracle Weather Search,M525,h1_w1_integer_ws_temperature_2m,"('holiday', 'weekend', 'dow', 'temperature_2m')","('holiday', 'weekend', 'dow', 'temperature_2m')",2.8040621590668087,26.119583280061217,4
Calendar + Oracle Weather Search,M526,h1_w1_one_hot_ws_temperature_2m,"('holiday', 'weekend', 'dow_0', 'dow_1', 'dow_2', 'dow_3', 'dow_4', 'dow_5', 'dow_6', 'temperature_2m')","('holiday', 'weekend', 'dow_0', 'dow_1', 'dow_2', 'dow_3', 'dow_4', 'dow_5', 'dow_6', 'temperature_2m')",2.845829037450142,26.756885473065925,10
Calendar + Oracle Weather Search,M527,h1_w1_cyclic_ws_temperature_2m,"('holiday', 'weekend', 'dow_sin', 'dow_cos', 'temperature_2m')","('holiday', 'weekend', 'dow_sin', 'dow_cos', 'temperature_2m')",2.7377717174786143,25.64339131498811,5
Calendar + Oracle Weather Search,M528,h0_w0_none_ws_dew_point_2m,"('dew_point_2m',)","('dew_point_2m',)",3.2412221373178163,30.692847805187338,1
Calendar + Oracle Weather Search,M529,h0_w0_integer_ws_dew_point_2m,"('dow', 'dew_point_2m')","('dow', 'dew_point_2m')",3.5283988827461004,32.44120481697592,2
Calendar + Oracle Weather Search,M530,h0_w0_one_hot_ws_dew_point_2m,"('dow_0', 'dow_1', 'dow_2', 'dow_3', 'dow_4', 'dow_5', 'dow_6', 'dew_point_2m')","('dow_0', 'dow_1', 'dow_2', 'dow_3', 'dow_4', 'dow_5', 'dow_6', 'dew_point_2m')",2.972415103895708,27.993508315248828,8
Calendar + Oracle Weather Search,M531,h0_w0_cyclic_ws_dew_point_2m,"('dow_sin', 'dow_cos', 'dew_point_2m')","('dow_sin', 'dow_cos', 'dew_point_2m')",3.004626196532978,28.713286363383876,3
Calendar + Oracle Weather Search,M532,h0_w1_none_ws_dew_point_2m,"('weekend', 'dew_point_2m')","('weekend', 'dew_point_2m')",2.79436310611532,26.117881455685993,2
Calendar + Oracle Weather Search,M533,h0_w1_integer_ws_dew_point_2m,"('weekend', 'dow', 'dew_point_2m')","('weekend', 'dow', 'dew_point_2m')",3.016001280865914,27.935784070466013,3
Calendar + Oracle Weather Search,M534,h0_w1_one_hot_ws_dew_point_2m,"('weekend', 'dow_0', 'dow_1', 'dow_2', 'dow_3', 'dow_4', 'dow_5', 'dow_6', 'dew_point_2m')","('weekend', 'dow_0', 'dow_1', 'dow_2', 'dow_3', 'dow_4', 'dow_5', 'dow_6', 'dew_point_2m')",2.902953589463146,27.21109086447924,9
Calendar + Oracle Weather Search,M535,h0_w1_cyclic_ws_dew_point_2m,"('weekend', 'dow_sin', 'dow_cos', 'dew_point_2m')","('weekend', 'dow_sin', 'dow_cos', 'dew_point_2m')",2.883381245733352,27.016113278086113,4
Calendar + Oracle Weather Search,M536,h1_w0_none_ws_dew_point_2m,"('holiday', 'dew_point_2m')","('holiday', 'dew_point_2m')",2.9545287732828265,27.83321620748795,2
Calendar + Oracle Weather Search,M537,h1_w0_integer_ws_dew_point_2m,"('holiday', 'dow', 'dew_point_2m')","('holiday', 'dow', 'dew_point_2m')",3.110287791027259,28.855560480353468,3
Calendar + Oracle Weather Search,M538,h1_w0_one_hot_ws_dew_point_2m,"('holiday', 'dow_0', 'dow_1', 'dow_2', 'dow_3', 'dow_4', 'dow_5', 'dow_6', 'dew_point_2m')","('holiday', 'dow_0', 'dow_1', 'dow_2', 'dow_3', 'dow_4', 'dow_5', 'dow_6', 'dew_point_2m')",2.9392215690032195,27.69940773806922,9
Calendar + Oracle Weather Search,M539,h1_w0_cyclic_ws_dew_point_2m,"('holiday', 'dow_sin', 'dow_cos', 'dew_point_2m')","('holiday', 'dow_sin', 'dow_cos', 'dew_point_2m')",2.8653838287961872,27.148315223265943,4
Calendar + Oracle Weather Search,M540,h1_w1_none_ws_dew_point_2m,"('holiday', 'weekend', 'dew_point_2m')","('holiday', 'weekend', 'dew_point_2m')",2.684139464004878,25.093811981196236,3
Calendar + Oracle Weather Search,M541,h1_w1_integer_ws_dew_point_2m,"('holiday', 'weekend', 'dow', 'dew_point_2m')","('holiday', 'weekend', 'dow', 'dew_point_2m')",2.821903106978783,26.20661615308982,4
Calendar + Oracle Weather Search,M542,h1_w1_one_hot_ws_dew_point_2m,"('holiday', 'weekend', 'dow_0', 'dow_1', 'dow_2', 'dow_3', 'dow_4', 'dow_5', 'dow_6', 'dew_point_2m')","('holiday', 'weekend', 'dow_0', 'dow_1', 'dow_2', 'dow_3', 'dow_4', 'dow_5', 'dow_6', 'dew_point_2m')",2.873157839228237,26.95249432419209,10
Calendar + Oracle Weather Search,M543,h1_w1_cyclic_ws_dew_point_2m,"('holiday', 'weekend', 'dow_sin', 'dow_cos', 'dew_point_2m')","('holiday', 'weekend', 'dow_sin', 'dow_cos', 'dew_point_2m')",2.77344347488586,25.906760927384617,5
Calendar + Oracle Weather Search,M544,h0_w0_none_ws_pressure_msl,"('pressure_msl',)","('pressure_msl',)",3.2530986471320915,30.723154752217944,1
Calendar + Oracle Weather Search,M545,h0_w0_integer_ws_pressure_msl,"('dow', 'pressure_msl')","('dow', 'pressure_msl')",3.68657738988145,33.620495361979835,2
Calendar + Oracle Weather Search,M546,h0_w0_one_hot_ws_pressure_msl,"('dow_0', 'dow_1', 'dow_2', 'dow_3', 'dow_4', 'dow_5', 'dow_6', 'pressure_msl')","('dow_0', 'dow_1', 'dow_2', 'dow_3', 'dow_4', 'dow_5', 'dow_6', 'pressure_msl')",3.04361678713435,28.645787625116352,8
Calendar + Oracle Weather Search,M547,h0_w0_cyclic_ws_pressure_msl,"('dow_sin', 'dow_cos', 'pressure_msl')","('dow_sin', 'dow_cos', 'pressure_msl')",3.1610758236607985,30.08059083808486,3
Calendar + Oracle Weather Search,M548,h0_w1_none_ws_pressure_msl,"('weekend', 'pressure_msl')","('weekend', 'pressure_msl')",2.890625438676891,26.98725537614488,2
Calendar + Oracle Weather Search,M549,h0_w1_integer_ws_pressure_msl,"('weekend', 'dow', 'pressure_msl')","('weekend', 'dow', 'pressure_msl')",3.1292213642425715,28.772755122175894,3
Calendar + Oracle Weather Search,M550,h0_w1_one_hot_ws_pressure_msl,"('weekend', 'dow_0', 'dow_1', 'dow_2', 'dow_3', 'dow_4', 'dow_5', 'dow_6', 'pressure_msl')","('weekend', 'dow_0', 'dow_1', 'dow_2', 'dow_3', 'dow_4', 'dow_5', 'dow_6', 'pressure_msl')",2.94884977150085,27.61681985990737,9
Calendar + Oracle Weather Search,M551,h0_w1_cyclic_ws_pressure_msl,"('weekend', 'dow_sin', 'dow_cos', 'pressure_msl')","('weekend', 'dow_sin', 'dow_cos', 'pressure_msl')",3.0102630708699225,28.08377582828441,4
Calendar + Oracle Weather Search,M552,h1_w0_none_ws_pressure_msl,"('holiday', 'pressure_msl')","('holiday', 'pressure_msl')",3.0260979089051316,28.46211137711961,2
Calendar + Oracle Weather Search,M553,h1_w0_integer_ws_pressure_msl,"('holiday', 'dow', 'pressure_msl')","('holiday', 'dow', 'pressure_msl')",3.2188802125263014,29.792673183576362,3
Calendar + Oracle Weather Search,M554,h1_w0_one_hot_ws_pressure_msl,"('holiday', 'dow_0', 'dow_1', 'dow_2', 'dow_3', 'dow_4', 'dow_5', 'dow_6', 'pressure_msl')","('holiday', 'dow_0', 'dow_1', 'dow_2', 'dow_3', 'dow_4', 'dow_5', 'dow_6', 'pressure_msl')",3.0032460847553377,28.273424145347384,9
Calendar + Oracle Weather Search,M555,h1_w0_cyclic_ws_pressure_msl,"('holiday', 'dow_sin', 'dow_cos', 'pressure_msl')","('holiday', 'dow_sin', 'dow_cos', 'pressure_msl')",3.003585105383765,28.33948891463824,4
Calendar + Oracle Weather Search,M556,h1_w1_none_ws_pressure_msl,"('holiday', 'weekend', 'pressure_msl')","('holiday', 'weekend', 'pressure_msl')",2.7583451326974218,25.773039030481424,3
Calendar + Oracle Weather Search,M557,h1_w1_integer_ws_pressure_msl,"('holiday', 'weekend', 'dow', 'pressure_msl')","('holiday', 'weekend', 'dow', 'pressure_msl')",2.9073053652921788,26.914203071259436,4
Calendar + Oracle Weather Search,M558,h1_w1_one_hot_ws_pressure_msl,"('holiday', 'weekend', 'dow_0', 'dow_1', 'dow_2', 'dow_3', 'dow_4', 'dow_5', 'dow_6', 'pressure_msl')","('holiday', 'weekend', 'dow_0', 'dow_1', 'dow_2', 'dow_3', 'dow_4', 'dow_5', 'dow_6', 'pressure_msl')",2.9145105540660654,27.322609670877576,10
Calendar + Oracle Weather Search,M559,h1_w1_cyclic_ws_pressure_msl,"('holiday', 'weekend', 'dow_sin', 'dow_cos', 'pressure_msl')","('holiday', 'weekend', 'dow_sin', 'dow_cos', 'pressure_msl')",2.8758677066671523,26.763742703625766,5
Calendar + Oracle Weather Search,M560,h0_w0_none_ws_wind_speed_10m,"('wind_speed_10m',)","('wind_speed_10m',)",3.208109052550178,30.24848496035802,1
Calendar + Oracle Weather Search,M561,h0_w0_integer_ws_wind_speed_10m,"('dow', 'wind_speed_10m')","('dow', 'wind_speed_10m')",3.4449174364347215,31.76833589493527,2
Calendar + Oracle Weather Search,M562,h0_w0_one_hot_ws_wind_speed_10m,"('dow_0', 'dow_1', 'dow_2', 'dow_3', 'dow_4', 'dow_5', 'dow_6', 'wind_speed_10m')","('dow_0', 'dow_1', 'dow_2', 'dow_3', 'dow_4', 'dow_5', 'dow_6', 'wind_speed_10m')",2.984282286204122,28.12373432616169,8
Calendar + Oracle Weather Search,M563,h0_w0_cyclic_ws_wind_speed_10m,"('dow_sin', 'dow_cos', 'wind_speed_10m')","('dow_sin', 'dow_cos', 'wind_speed_10m')",3.005488808700538,28.492936918238005,3
Calendar + Oracle Weather Search,M564,h0_w1_none_ws_wind_speed_10m,"('weekend', 'wind_speed_10m')","('weekend', 'wind_speed_10m')",2.8480058442066816,26.585969066951066,2
Calendar + Oracle Weather Search,M565,h0_w1_integer_ws_wind_speed_10m,"('weekend', 'dow', 'wind_speed_10m')","('weekend', 'dow', 'wind_speed_10m')",3.021172098766135,27.999711025980222,3
Calendar + Oracle Weather Search,M566,h0_w1_one_hot_ws_wind_speed_10m,"('weekend', 'dow_0', 'dow_1', 'dow_2', 'dow_3', 'dow_4', 'dow_5', 'dow_6', 'wind_speed_10m')","('weekend', 'dow_0', 'dow_1', 'dow_2', 'dow_3', 'dow_4', 'dow_5', 'dow_6', 'wind_speed_10m')",2.9256786503961423,27.463758900052277,9
Calendar + Oracle Weather Search,M567,h0_w1_cyclic_ws_wind_speed_10m,"('weekend', 'dow_sin', 'dow_cos', 'wind_speed_10m')","('weekend', 'dow_sin', 'dow_cos', 'wind_speed_10m')",2.9385631217571206,27.508171198788187,4
Calendar + Oracle Weather Search,M568,h1_w0_none_ws_wind_speed_10m,"('holiday', 'wind_speed_10m')","('holiday', 'wind_speed_10m')",2.975089407960455,28.041962094667408,2
Calendar + Oracle Weather Search,M569,h1_w0_integer_ws_wind_speed_10m,"('holiday', 'dow', 'wind_speed_10m')","('holiday', 'dow', 'wind_speed_10m')",3.108186657924433,28.968349135668742,3
Calendar + Oracle Weather Search,M570,h1_w0_one_hot_ws_wind_speed_10m,"('holiday', 'dow_0', 'dow_1', 'dow_2', 'dow_3', 'dow_4', 'dow_5', 'dow_6', 'wind_speed_10m')","('holiday', 'dow_0', 'dow_1', 'dow_2', 'dow_3', 'dow_4', 'dow_5', 'dow_6', 'wind_speed_10m')",2.959991247542892,27.903418025811188,9
Calendar + Oracle Weather Search,M571,h1_w0_cyclic_ws_wind_speed_10m,"('holiday', 'dow_sin', 'dow_cos', 'wind_speed_10m')","('holiday', 'dow_sin', 'dow_cos', 'wind_speed_10m')",2.882672045328943,27.269598453869346,4
Calendar + Oracle Weather Search,M572,h1_w1_none_ws_wind_speed_10m,"('holiday', 'weekend', 'wind_speed_10m')","('holiday', 'weekend', 'wind_speed_10m')",2.7482442176812945,25.739908085640348,3
Calendar + Oracle Weather Search,M573,h1_w1_integer_ws_wind_speed_10m,"('holiday', 'weekend', 'dow', 'wind_speed_10m')","('holiday', 'weekend', 'dow', 'wind_speed_10m')",2.857645826314411,26.618070154878353,4
Calendar + Oracle Weather Search,M574,h1_w1_one_hot_ws_wind_speed_10m,"('holiday', 'weekend', 'dow_0', 'dow_1', 'dow_2', 'dow_3', 'dow_4', 'dow_5', 'dow_6', 'wind_speed_10m')","('holiday', 'weekend', 'dow_0', 'dow_1', 'dow_2', 'dow_3', 'dow_4', 'dow_5', 'dow_6', 'wind_speed_10m')",2.8961721963272424,27.219179624037473,10
Calendar + Oracle Weather Search,M575,h1_w1_cyclic_ws_wind_speed_10m,"('holiday', 'weekend', 'dow_sin', 'dow_cos', 'wind_speed_10m')","('holiday', 'weekend', 'dow_sin', 'dow_cos', 'wind_speed_10m')",2.818890614812895,26.375777967890485,5
Calendar + Oracle Weather Search,M576,h0_w0_none_ws_cloud_cover_low,"('cloud_cover_low',)","('cloud_cover_low',)",3.236491012937706,30.725931655045958,1
Calendar + Oracle Weather Search,M577,h0_w0_integer_ws_cloud_cover_low,"('dow', 'cloud_cover_low')","('dow', 'cloud_cover_low')",3.419948083180331,31.74748751927034,2
Calendar + Oracle Weather Search,M578,h0_w0_one_hot_ws_cloud_cover_low,"('dow_0', 'dow_1', 'dow_2', 'dow_3', 'dow_4', 'dow_5', 'dow_6', 'cloud_cover_low')","('dow_0', 'dow_1', 'dow_2', 'dow_3', 'dow_4', 'dow_5', 'dow_6', 'cloud_cover_low')",3.0167315147706164,28.501595608893105,8
Calendar + Oracle Weather Search,M579,h0_w0_cyclic_ws_cloud_cover_low,"('dow_sin', 'dow_cos', 'cloud_cover_low')","('dow_sin', 'dow_cos', 'cloud_cover_low')",3.02386081384009,28.669599452772626,3
Calendar + Oracle Weather Search,M580,h0_w1_none_ws_cloud_cover_low,"('weekend', 'cloud_cover_low')","('weekend', 'cloud_cover_low')",2.8477239412834057,26.595049935732437,2
Calendar + Oracle Weather Search,M581,h0_w1_integer_ws_cloud_cover_low,"('weekend', 'dow', 'cloud_cover_low')","('weekend', 'dow', 'cloud_cover_low')",2.9816421982672736,27.6974335411211,3
Calendar + Oracle Weather Search,M582,h0_w1_one_hot_ws_cloud_cover_low,"('weekend', 'dow_0', 'dow_1', 'dow_2', 'dow_3', 'dow_4', 'dow_5', 'dow_6', 'cloud_cover_low')","('weekend', 'dow_0', 'dow_1', 'dow_2', 'dow_3', 'dow_4', 'dow_5', 'dow_6', 'cloud_cover_low')",2.9269366657861733,27.506742523916987,9
Calendar + Oracle Weather Search,M583,h0_w1_cyclic_ws_cloud_cover_low,"('weekend', 'dow_sin', 'dow_cos', 'cloud_cover_low')","('weekend', 'dow_sin', 'dow_cos', 'cloud_cover_low')",2.942669836880965,27.38479271044542,4
Calendar + Oracle Weather Search,M584,h1_w0_none_ws_cloud_cover_low,"('holiday', 'cloud_cover_low')","('holiday', 'cloud_cover_low')",2.9720952429942225,28.101636434013876,2
Calendar + Oracle Weather Search,M585,h1_w0_integer_ws_cloud_cover_low,"('holiday', 'dow', 'cloud_cover_low')","('holiday', 'dow', 'cloud_cover_low')",3.0990845264763998,28.951924720442886,3
Calendar + Oracle Weather Search,M586,h1_w0_one_hot_ws_cloud_cover_low,"('holiday', 'dow_0', 'dow_1', 'dow_2', 'dow_3', 'dow_4', 'dow_5', 'dow_6', 'cloud_cover_low')","('holiday', 'dow_0', 'dow_1', 'dow_2', 'dow_3', 'dow_4', 'dow_5', 'dow_6', 'cloud_cover_low')",2.9963874090783524,28.28931012501865,9
Calendar + Oracle Weather Search,M587,h1_w0_cyclic_ws_cloud_cover_low,"('holiday', 'dow_sin', 'dow_cos', 'cloud_cover_low')","('holiday', 'dow_sin', 'dow_cos', 'cloud_cover_low')",2.8919475796469682,27.273900541295244,4
Calendar + Oracle Weather Search,M588,h1_w1_none_ws_cloud_cover_low,"('holiday', 'weekend', 'cloud_cover_low')","('holiday', 'weekend', 'cloud_cover_low')",2.7383576529563007,25.622290805441384,3
Calendar + Oracle Weather Search,M589,h1_w1_integer_ws_cloud_cover_low,"('holiday', 'weekend', 'dow', 'cloud_cover_low')","('holiday', 'weekend', 'dow', 'cloud_cover_low')",2.8305042690683333,26.386078480437863,4
Calendar + Oracle Weather Search,M590,h1_w1_one_hot_ws_cloud_cover_low,"('holiday', 'weekend', 'dow_0', 'dow_1', 'dow_2', 'dow_3', 'dow_4', 'dow_5', 'dow_6', 'cloud_cover_low')","('holiday', 'weekend', 'dow_0', 'dow_1', 'dow_2', 'dow_3', 'dow_4', 'dow_5', 'dow_6', 'cloud_cover_low')",2.908538227871577,27.363225440543125,10
Calendar + Oracle Weather Search,M591,h1_w1_cyclic_ws_cloud_cover_low,"('holiday', 'weekend', 'dow_sin', 'dow_cos', 'cloud_cover_low')","('holiday', 'weekend', 'dow_sin', 'dow_cos', 'cloud_cover_low')",2.83792549080362,26.364528788364982,5
Calendar + Oracle Weather Search,M592,h0_w0_none_ws_temperature_2m_dew_point_2m,"('temperature_2m', 'dew_point_2m')","('temperature_2m', 'dew_point_2m')",3.4266491775901122,32.57598344078937,2
Calendar + Oracle Weather Search,M593,h0_w0_integer_ws_temperature_2m_dew_point_2m,"('dow', 'temperature_2m', 'dew_point_2m')","('dow', 'temperature_2m', 'dew_point_2m')",3.4327316799957175,31.761868938864446,3
Calendar + Oracle Weather Search,M594,h0_w0_one_hot_ws_temperature_2m_dew_point_2m,"('dow_0', 'dow_1', 'dow_2', 'dow_3', 'dow_4', 'dow_5', 'dow_6', 'temperature_2m', 'dew_point_2m')","('dow_0', 'dow_1', 'dow_2', 'dow_3', 'dow_4', 'dow_5', 'dow_6', 'temperature_2m', 'dew_point_2m')",2.9634942283420957,27.94426382860804,9
Calendar + Oracle Weather Search,M595,h0_w0_cyclic_ws_temperature_2m_dew_point_2m,"('dow_sin', 'dow_cos', 'temperature_2m', 'dew_point_2m')","('dow_sin', 'dow_cos', 'temperature_2m', 'dew_point_2m')",3.0567064191198803,29.25754896729467,4
Calendar + Oracle Weather Search,M596,h0_w1_none_ws_temperature_2m_dew_point_2m,"('weekend', 'temperature_2m', 'dew_point_2m')","('weekend', 'temperature_2m', 'dew_point_2m')",2.7886242868387145,26.169829829692965,3
Calendar + Oracle Weather Search,M597,h0_w1_integer_ws_temperature_2m_dew_point_2m,"('weekend', 'dow', 'temperature_2m', 'dew_point_2m')","('weekend', 'dow', 'temperature_2m', 'dew_point_2m')",2.990479020715965,27.802230234220215,4
Calendar + Oracle Weather Search,M598,h0_w1_one_hot_ws_temperature_2m_dew_point_2m,"('weekend', 'dow_0', 'dow_1', 'dow_2', 'dow_3', 'dow_4', 'dow_5', 'dow_6', 'temperature_2m', 'dew_point_2m')","('weekend', 'dow_0', 'dow_1', 'dow_2', 'dow_3', 'dow_4', 'dow_5', 'dow_6', 'temperature_2m', 'dew_point_2m')",2.8798390375866525,27.083930002436237,10
Calendar + Oracle Weather Search,M599,h0_w1_cyclic_ws_temperature_2m_dew_point_2m,"('weekend', 'dow_sin', 'dow_cos', 'temperature_2m', 'dew_point_2m')","('weekend', 'dow_sin', 'dow_cos', 'temperature_2m', 'dew_point_2m')",2.863034116642603,26.94692991101805,5
Calendar + Oracle Weather Search,M600,h1_w0_none_ws_temperature_2m_dew_point_2m,"('holiday', 'temperature_2m', 'dew_point_2m')","('holiday', 'temperature_2m', 'dew_point_2m')",3.0688898560088442,28.992882487845474,3
Calendar + Oracle Weather Search,M601,h1_w0_integer_ws_temperature_2m_dew_point_2m,"('holiday', 'dow', 'temperature_2m', 'dew_point_2m')","('holiday', 'dow', 'temperature_2m', 'dew_point_2m')",3.0948104540286874,28.859030216862052,4
Calendar + Oracle Weather Search,M602,h1_w0_one_hot_ws_temperature_2m_dew_point_2m,"('holiday', 'dow_0', 'dow_1', 'dow_2', 'dow_3', 'dow_4', 'dow_5', 'dow_6', 'temperature_2m', 'dew_point_2m')","('holiday', 'dow_0', 'dow_1', 'dow_2', 'dow_3', 'dow_4', 'dow_5', 'dow_6', 'temperature_2m', 'dew_point_2m')",2.9193176260330977,27.562662432849134,10
Calendar + Oracle Weather Search,M603,h1_w0_cyclic_ws_temperature_2m_dew_point_2m,"('holiday', 'dow_sin', 'dow_cos', 'temperature_2m', 'dew_point_2m')","('holiday', 'dow_sin', 'dow_cos', 'temperature_2m', 'dew_point_2m')",2.9159154467471238,27.69850097862323,5
Calendar + Oracle Weather Search,M604,h1_w1_none_ws_temperature_2m_dew_point_2m,"('holiday', 'weekend', 'temperature_2m', 'dew_point_2m')","('holiday', 'weekend', 'temperature_2m', 'dew_point_2m')",2.693118140689867,25.283548691040703,4
Calendar + Oracle Weather Search,M605,h1_w1_integer_ws_temperature_2m_dew_point_2m,"('holiday', 'weekend', 'dow', 'temperature_2m', 'dew_point_2m')","('holiday', 'weekend', 'dow', 'temperature_2m', 'dew_point_2m')",2.8165511461522303,26.262979170214404,5
Calendar + Oracle Weather Search,M606,h1_w1_one_hot_ws_temperature_2m_dew_point_2m,"('holiday', 'weekend', 'dow_0', 'dow_1', 'dow_2', 'dow_3', 'dow_4', 'dow_5', 'dow_6', 'temperature_2m', 'dew_point_2m')","('holiday', 'weekend', 'dow_0', 'dow_1', 'dow_2', 'dow_3', 'dow_4', 'dow_5', 'dow_6', 'temperature_2m', 'dew_point_2m')",2.8377319603940654,26.729816930075717,11
Calendar + Oracle Weather Search,M607,h1_w1_cyclic_ws_temperature_2m_dew_point_2m,"('holiday', 'weekend', 'dow_sin', 'dow_cos', 'temperature_2m', 'dew_point_2m')","('holiday', 'weekend', 'dow_sin', 'dow_cos', 'temperature_2m', 'dew_point_2m')",2.7564169901161106,25.936688776720775,6
Calendar + Oracle Weather Search,M608,h0_w0_none_ws_temperature_2m_pressure_msl,"('temperature_2m', 'pressure_msl')","('temperature_2m', 'pressure_msl')",3.355750184087308,31.974026967292147,2
Calendar + Oracle Weather Search,M609,h0_w0_integer_ws_temperature_2m_pressure_msl,"('dow', 'temperature_2m', 'pressure_msl')","('dow', 'temperature_2m', 'pressure_msl')",3.5129516195780845,32.45337149339889,3
Calendar + Oracle Weather Search,M610,h0_w0_one_hot_ws_temperature_2m_pressure_msl,"('dow_0', 'dow_1', 'dow_2', 'dow_3', 'dow_4', 'dow_5', 'dow_6', 'temperature_2m', 'pressure_msl')","('dow_0', 'dow_1', 'dow_2', 'dow_3', 'dow_4', 'dow_5', 'dow_6', 'temperature_2m', 'pressure_msl')",3.0035321164894677,28.314772635378247,9
Calendar + Oracle Weather Search,M611,h0_w0_cyclic_ws_temperature_2m_pressure_msl,"('dow_sin', 'dow_cos', 'temperature_2m', 'pressure_msl')","('dow_sin', 'dow_cos', 'temperature_2m', 'pressure_msl')",3.1100704763169156,29.742999298182838,4
Calendar + Oracle Weather Search,M612,h0_w1_none_ws_temperature_2m_pressure_msl,"('weekend', 'temperature_2m', 'pressure_msl')","('weekend', 'temperature_2m', 'pressure_msl')",2.8382424603359726,26.643057909043165,3
Calendar + Oracle Weather Search,M613,h0_w1_integer_ws_temperature_2m_pressure_msl,"('weekend', 'dow', 'temperature_2m', 'pressure_msl')","('weekend', 'dow', 'temperature_2m', 'pressure_msl')",3.0659808849735497,28.415152542735285,4
Calendar + Oracle Weather Search,M614,h0_w1_one_hot_ws_temperature_2m_pressure_msl,"('weekend', 'dow_0', 'dow_1', 'dow_2', 'dow_3', 'dow_4', 'dow_5', 'dow_6', 'temperature_2m', 'pressure_msl')","('weekend', 'dow_0', 'dow_1', 'dow_2', 'dow_3', 'dow_4', 'dow_5', 'dow_6', 'temperature_2m', 'pressure_msl')",2.9066153773628667,27.309589200650993,10
Calendar + Oracle Weather Search,M615,h0_w1_cyclic_ws_temperature_2m_pressure_msl,"('weekend', 'dow_sin', 'dow_cos', 'temperature_2m', 'pressure_msl')","('weekend', 'dow_sin', 'dow_cos', 'temperature_2m', 'pressure_msl')",2.9086303736017776,27.41741469115649,5
Calendar + Oracle Weather Search,M616,h1_w0_none_ws_temperature_2m_pressure_msl,"('holiday', 'temperature_2m', 'pressure_msl')","('holiday', 'temperature_2m', 'pressure_msl')",3.012873027349972,28.44783178060832,3
Calendar + Oracle Weather Search,M617,h1_w0_integer_ws_temperature_2m_pressure_msl,"('holiday', 'dow', 'temperature_2m', 'pressure_msl')","('holiday', 'dow', 'temperature_2m', 'pressure_msl')",3.149199037506459,29.276016114006932,4
Calendar + Oracle Weather Search,M618,h1_w0_one_hot_ws_temperature_2m_pressure_msl,"('holiday', 'dow_0', 'dow_1', 'dow_2', 'dow_3', 'dow_4', 'dow_5', 'dow_6', 'temperature_2m', 'pressure_msl')","('holiday', 'dow_0', 'dow_1', 'dow_2', 'dow_3', 'dow_4', 'dow_5', 'dow_6', 'temperature_2m', 'pressure_msl')",2.954452989871948,27.852175020831126,10
Calendar + Oracle Weather Search,M619,h1_w0_cyclic_ws_temperature_2m_pressure_msl,"('holiday', 'dow_sin', 'dow_cos', 'temperature_2m', 'pressure_msl')","('holiday', 'dow_sin', 'dow_cos', 'temperature_2m', 'pressure_msl')",2.9540578503521546,28.05157098873218,5
Calendar + Oracle Weather Search,M620,h1_w1_none_ws_temperature_2m_pressure_msl,"('holiday', 'weekend', 'temperature_2m', 'pressure_msl')","('holiday', 'weekend', 'temperature_2m', 'pressure_msl')",2.7406445720802792,25.705766143803938,4
Calendar + Oracle Weather Search,M621,h1_w1_integer_ws_temperature_2m_pressure_msl,"('holiday', 'weekend', 'dow', 'temperature_2m', 'pressure_msl')","('holiday', 'weekend', 'dow', 'temperature_2m', 'pressure_msl')",2.8827639288114835,26.766194193747985,5
Calendar + Oracle Weather Search,M622,h1_w1_one_hot_ws_temperature_2m_pressure_msl,"('holiday', 'weekend', 'dow_0', 'dow_1', 'dow_2', 'dow_3', 'dow_4', 'dow_5', 'dow_6', 'temperature_2m', 'pressure_msl')","('holiday', 'weekend', 'dow_0', 'dow_1', 'dow_2', 'dow_3', 'dow_4', 'dow_5', 'dow_6', 'temperature_2m', 'pressure_msl')",2.860506926659872,26.89366974047457,11
Calendar + Oracle Weather Search,M623,h1_w1_cyclic_ws_temperature_2m_pressure_msl,"('holiday', 'weekend', 'dow_sin', 'dow_cos', 'temperature_2m', 'pressure_msl')","('holiday', 'weekend', 'dow_sin', 'dow_cos', 'temperature_2m', 'pressure_msl')",2.7907336722720273,26.24297089533924,6
Calendar + Oracle Weather Search,M624,h0_w0_none_ws_temperature_2m_wind_speed_10m,"('temperature_2m', 'wind_speed_10m')","('temperature_2m', 'wind_speed_10m')",3.407710120932691,32.36221195132766,2
Calendar + Oracle Weather Search,M625,h0_w0_integer_ws_temperature_2m_wind_speed_10m,"('dow', 'temperature_2m', 'wind_speed_10m')","('dow', 'temperature_2m', 'wind_speed_10m')",3.34006246806701,30.871096737336572,3
Calendar + Oracle Weather Search,M626,h0_w0_one_hot_ws_temperature_2m_wind_speed_10m,"('dow_0', 'dow_1', 'dow_2', 'dow_3', 'dow_4', 'dow_5', 'dow_6', 'temperature_2m', 'wind_speed_10m')","('dow_0', 'dow_1', 'dow_2', 'dow_3', 'dow_4', 'dow_5', 'dow_6', 'temperature_2m', 'wind_speed_10m')",2.9661560514020042,27.95428437225889,9
Calendar + Oracle Weather Search,M627,h0_w0_cyclic_ws_temperature_2m_wind_speed_10m,"('dow_sin', 'dow_cos', 'temperature_2m', 'wind_speed_10m')","('dow_sin', 'dow_cos', 'temperature_2m', 'wind_speed_10m')",2.9965150004211667,28.601620943624674,4
Calendar + Oracle Weather Search,M628,h0_w1_none_ws_temperature_2m_wind_speed_10m,"('weekend', 'temperature_2m', 'wind_speed_10m')","('weekend', 'temperature_2m', 'wind_speed_10m')",2.79826270836318,26.261274413631643,3
Calendar + Oracle Weather Search,M629,h0_w1_integer_ws_temperature_2m_wind_speed_10m,"('weekend', 'dow', 'temperature_2m', 'wind_speed_10m')","('weekend', 'dow', 'temperature_2m', 'wind_speed_10m')",2.9608260449556356,27.53000504798142,4
Calendar + Oracle Weather Search,M630,h0_w1_one_hot_ws_temperature_2m_wind_speed_10m,"('weekend', 'dow_0', 'dow_1', 'dow_2', 'dow_3', 'dow_4', 'dow_5', 'dow_6', 'temperature_2m', 'wind_speed_10m')","('weekend', 'dow_0', 'dow_1', 'dow_2', 'dow_3', 'dow_4', 'dow_5', 'dow_6', 'temperature_2m', 'wind_speed_10m')",2.893239243370938,27.221407722453726,10
Calendar + Oracle Weather Search,M631,h0_w1_cyclic_ws_temperature_2m_wind_speed_10m,"('weekend', 'dow_sin', 'dow_cos', 'temperature_2m', 'wind_speed_10m')","('weekend', 'dow_sin', 'dow_cos', 'temperature_2m', 'wind_speed_10m')",2.867544841896866,27.02557667516474,5
Calendar + Oracle Weather Search,M632,h1_w0_none_ws_temperature_2m_wind_speed_10m,"('holiday', 'temperature_2m', 'wind_speed_10m')","('holiday', 'temperature_2m', 'wind_speed_10m')",3.044765002761154,28.727426126521106,3
Calendar + Oracle Weather Search,M633,h1_w0_integer_ws_temperature_2m_wind_speed_10m,"('holiday', 'dow', 'temperature_2m', 'wind_speed_10m')","('holiday', 'dow', 'temperature_2m', 'wind_speed_10m')",3.0499934997195535,28.469128688790423,4
Calendar + Oracle Weather Search,M634,h1_w0_one_hot_ws_temperature_2m_wind_speed_10m,"('holiday', 'dow_0', 'dow_1', 'dow_2', 'dow_3', 'dow_4', 'dow_5', 'dow_6', 'temperature_2m', 'wind_speed_10m')","('holiday', 'dow_0', 'dow_1', 'dow_2', 'dow_3', 'dow_4', 'dow_5', 'dow_6', 'temperature_2m', 'wind_speed_10m')",2.9335452605668553,27.656586625715036,10
Calendar + Oracle Weather Search,M635,h1_w0_cyclic_ws_temperature_2m_wind_speed_10m,"('holiday', 'dow_sin', 'dow_cos', 'temperature_2m', 'wind_speed_10m')","('holiday', 'dow_sin', 'dow_cos', 'temperature_2m', 'wind_speed_10m')",2.8834089274609433,27.37356350029169,5
Calendar + Oracle Weather Search,M636,h1_w1_none_ws_temperature_2m_wind_speed_10m,"('holiday', 'weekend', 'temperature_2m', 'wind_speed_10m')","('holiday', 'weekend', 'temperature_2m', 'wind_speed_10m')",2.7270027255202085,25.628773244642638,4
Calendar + Oracle Weather Search,M637,h1_w1_integer_ws_temperature_2m_wind_speed_10m,"('holiday', 'weekend', 'dow', 'temperature_2m', 'wind_speed_10m')","('holiday', 'weekend', 'dow', 'temperature_2m', 'wind_speed_10m')",2.8172723485910165,26.313580225388748,5
Calendar + Oracle Weather Search,M638,h1_w1_one_hot_ws_temperature_2m_wind_speed_10m,"('holiday', 'weekend', 'dow_0', 'dow_1', 'dow_2', 'dow_3', 'dow_4', 'dow_5', 'dow_6', 'temperature_2m', 'wind_speed_10m')","('holiday', 'weekend', 'dow_0', 'dow_1', 'dow_2', 'dow_3', 'dow_4', 'dow_5', 'dow_6', 'temperature_2m', 'wind_speed_10m')",2.8563475929350766,26.88100899184753,11
Calendar + Oracle Weather Search,M639,h1_w1_cyclic_ws_temperature_2m_wind_speed_10m,"('holiday', 'weekend', 'dow_sin', 'dow_cos', 'temperature_2m', 'wind_speed_10m')","('holiday', 'weekend', 'dow_sin', 'dow_cos', 'temperature_2m', 'wind_speed_10m')",2.766296421006932,26.044311064638332,6
Calendar + Oracle Weather Search,M640,h0_w0_none_ws_temperature_2m_cloud_cover_low,"('temperature_2m', 'cloud_cover_low')","('temperature_2m', 'cloud_cover_low')",3.4060575394934403,32.49108185470096,2
Calendar + Oracle Weather Search,M641,h0_w0_integer_ws_temperature_2m_cloud_cover_low,"('dow', 'temperature_2m', 'cloud_cover_low')","('dow', 'temperature_2m', 'cloud_cover_low')",3.342031115235014,31.050221826346405,3
Calendar + Oracle Weather Search,M642,h0_w0_one_hot_ws_temperature_2m_cloud_cover_low,"('dow_0', 'dow_1', 'dow_2', 'dow_3', 'dow_4', 'dow_5', 'dow_6', 'temperature_2m', 'cloud_cover_low')","('dow_0', 'dow_1', 'dow_2', 'dow_3', 'dow_4', 'dow_5', 'dow_6', 'temperature_2m', 'cloud_cover_low')",2.979385670320116,28.143621104884435,9
Calendar + Oracle Weather Search,M643,h0_w0_cyclic_ws_temperature_2m_cloud_cover_low,"('dow_sin', 'dow_cos', 'temperature_2m', 'cloud_cover_low')","('dow_sin', 'dow_cos', 'temperature_2m', 'cloud_cover_low')",2.9979938305971006,28.62308057741313,4
Calendar + Oracle Weather Search,M644,h0_w1_none_ws_temperature_2m_cloud_cover_low,"('weekend', 'temperature_2m', 'cloud_cover_low')","('weekend', 'temperature_2m', 'cloud_cover_low')",2.7778314670728994,26.046696288548798,3
Calendar + Oracle Weather Search,M645,h0_w1_integer_ws_temperature_2m_cloud_cover_low,"('weekend', 'dow', 'temperature_2m', 'cloud_cover_low')","('weekend', 'dow', 'temperature_2m', 'cloud_cover_low')",2.9312613765070257,27.27936072479505,4
Calendar + Oracle Weather Search,M646,h0_w1_one_hot_ws_temperature_2m_cloud_cover_low,"('weekend', 'dow_0', 'dow_1', 'dow_2', 'dow_3', 'dow_4', 'dow_5', 'dow_6', 'temperature_2m', 'cloud_cover_low')","('weekend', 'dow_0', 'dow_1', 'dow_2', 'dow_3', 'dow_4', 'dow_5', 'dow_6', 'temperature_2m', 'cloud_cover_low')",2.884052894813673,27.159830447387456,10
Calendar + Oracle Weather Search,M647,h0_w1_cyclic_ws_temperature_2m_cloud_cover_low,"('weekend', 'dow_sin', 'dow_cos', 'temperature_2m', 'cloud_cover_low')","('weekend', 'dow_sin', 'dow_cos', 'temperature_2m', 'cloud_cover_low')",2.8499920436530455,26.706198844185778,5
Calendar + Oracle Weather Search,M648,h1_w0_none_ws_temperature_2m_cloud_cover_low,"('holiday', 'temperature_2m', 'cloud_cover_low')","('holiday', 'temperature_2m', 'cloud_cover_low')",3.027758324645611,28.6212947812208,3
Calendar + Oracle Weather Search,M649,h1_w0_integer_ws_temperature_2m_cloud_cover_low,"('holiday', 'dow', 'temperature_2m', 'cloud_cover_low')","('holiday', 'dow', 'temperature_2m', 'cloud_cover_low')",3.0458320155475507,28.458032777082252,4
Calendar + Oracle Weather Search,M650,h1_w0_one_hot_ws_temperature_2m_cloud_cover_low,"('holiday', 'dow_0', 'dow_1', 'dow_2', 'dow_3', 'dow_4', 'dow_5', 'dow_6', 'temperature_2m', 'cloud_cover_low')","('holiday', 'dow_0', 'dow_1', 'dow_2', 'dow_3', 'dow_4', 'dow_5', 'dow_6', 'temperature_2m', 'cloud_cover_low')",2.9523406546520614,27.893762396967034,10
Calendar + Oracle Weather Search,M651,h1_w0_cyclic_ws_temperature_2m_cloud_cover_low,"('holiday', 'dow_sin', 'dow_cos', 'temperature_2m', 'cloud_cover_low')","('holiday', 'dow_sin', 'dow_cos', 'temperature_2m', 'cloud_cover_low')",2.8696083312105283,27.210929662146533,5
Calendar + Oracle Weather Search,M652,h1_w1_none_ws_temperature_2m_cloud_cover_low,"('holiday', 'weekend', 'temperature_2m', 'cloud_cover_low')","('holiday', 'weekend', 'temperature_2m', 'cloud_cover_low')",2.6879035316416164,25.22818850811764,4
Calendar + Oracle Weather Search,M653,h1_w1_integer_ws_temperature_2m_cloud_cover_low,"('holiday', 'weekend', 'dow', 'temperature_2m', 'cloud_cover_low')","('holiday', 'weekend', 'dow', 'temperature_2m', 'cloud_cover_low')",2.784417008635973,26.0138617659506,5
Calendar + Oracle Weather Search,M654,h1_w1_one_hot_ws_temperature_2m_cloud_cover_low,"('holiday', 'weekend', 'dow_0', 'dow_1', 'dow_2', 'dow_3', 'dow_4', 'dow_5', 'dow_6', 'temperature_2m', 'cloud_cover_low')","('holiday', 'weekend', 'dow_0', 'dow_1', 'dow_2', 'dow_3', 'dow_4', 'dow_5', 'dow_6', 'temperature_2m', 'cloud_cover_low')",2.8569862813726057,26.91832048423746,11
Calendar + Oracle Weather Search,M655,h1_w1_cyclic_ws_temperature_2m_cloud_cover_low,"('holiday', 'weekend', 'dow_sin', 'dow_cos', 'temperature_2m', 'cloud_cover_low')","('holiday', 'weekend', 'dow_sin', 'dow_cos', 'temperature_2m', 'cloud_cover_low')",2.7548639529329315,25.816609357959866,6
Calendar + Oracle Weather Search,M656,h0_w0_none_ws_dew_point_2m_pressure_msl,"('dew_point_2m', 'pressure_msl')","('dew_point_2m', 'pressure_msl')",3.448959765890386,32.88340829591358,2
Calendar + Oracle Weather Search,M657,h0_w0_integer_ws_dew_point_2m_pressure_msl,"('dow', 'dew_point_2m', 'pressure_msl')","('dow', 'dew_point_2m', 'pressure_msl')",3.605778341948918,33.24467479083851,3
Calendar + Oracle Weather Search,M658,h0_w0_one_hot_ws_dew_point_2m_pressure_msl,"('dow_0', 'dow_1', 'dow_2', 'dow_3', 'dow_4', 'dow_5', 'dow_6', 'dew_point_2m', 'pressure_msl')","('dow_0', 'dow_1', 'dow_2', 'dow_3', 'dow_4', 'dow_5', 'dow_6', 'dew_point_2m', 'pressure_msl')",3.0208867392291414,28.465214622502458,9
Calendar + Oracle Weather Search,M659,h0_w0_cyclic_ws_dew_point_2m_pressure_msl,"('dow_sin', 'dow_cos', 'dew_point_2m', 'pressure_msl')","('dow_sin', 'dow_cos', 'dew_point_2m', 'pressure_msl')",3.176783157987723,30.391746061620974,4
Calendar + Oracle Weather Search,M660,h0_w1_none_ws_dew_point_2m_pressure_msl,"('weekend', 'dew_point_2m', 'pressure_msl')","('weekend', 'dew_point_2m', 'pressure_msl')",2.868349637756043,26.87466836099529,3
Calendar + Oracle Weather Search,M661,h0_w1_integer_ws_dew_point_2m_pressure_msl,"('weekend', 'dow', 'dew_point_2m', 'pressure_msl')","('weekend', 'dow', 'dew_point_2m', 'pressure_msl')",3.106946426054605,28.708940064436582,4
Calendar + Oracle Weather Search,M662,h0_w1_one_hot_ws_dew_point_2m_pressure_msl,"('weekend', 'dow_0', 'dow_1', 'dow_2', 'dow_3', 'dow_4', 'dow_5', 'dow_6', 'dew_point_2m', 'pressure_msl')","('weekend', 'dow_0', 'dow_1', 'dow_2', 'dow_3', 'dow_4', 'dow_5', 'dow_6', 'dew_point_2m', 'pressure_msl')",2.9218608058027233,27.40568023671907,10
Calendar + Oracle Weather Search,M663,h0_w1_cyclic_ws_dew_point_2m_pressure_msl,"('weekend', 'dow_sin', 'dow_cos', 'dew_point_2m', 'pressure_msl')","('weekend', 'dow_sin', 'dow_cos', 'dew_point_2m', 'pressure_msl')",2.943668951368809,27.64704619336026,5
Calendar + Oracle Weather Search,M664,h1_w0_none_ws_dew_point_2m_pressure_msl,"('holiday', 'dew_point_2m', 'pressure_msl')","('holiday', 'dew_point_2m', 'pressure_msl')",3.0687657002077593,29.002250980354955,3
Calendar + Oracle Weather Search,M665,h1_w0_integer_ws_dew_point_2m_pressure_msl,"('holiday', 'dow', 'dew_point_2m', 'pressure_msl')","('holiday', 'dow', 'dew_point_2m', 'pressure_msl')",3.1895317330945296,29.60992815248547,4
Calendar + Oracle Weather Search,M666,h1_w0_one_hot_ws_dew_point_2m_pressure_msl,"('holiday', 'dow_0', 'dow_1', 'dow_2', 'dow_3', 'dow_4', 'dow_5', 'dow_6', 'dew_point_2m', 'pressure_msl')","('holiday', 'dow_0', 'dow_1', 'dow_2', 'dow_3', 'dow_4', 'dow_5', 'dow_6', 'dew_point_2m', 'pressure_msl')",2.9740395342428436,28.02534233509828,10
Calendar + Oracle Weather Search,M667,h1_w0_cyclic_ws_dew_point_2m_pressure_msl,"('holiday', 'dow_sin', 'dow_cos', 'dew_point_2m', 'pressure_msl')","('holiday', 'dow_sin', 'dow_cos', 'dew_point_2m', 'pressure_msl')",2.9986468795173304,28.4866198382493,5
Calendar + Oracle Weather Search,M668,h1_w1_none_ws_dew_point_2m_pressure_msl,"('holiday', 'weekend', 'dew_point_2m', 'pressure_msl')","('holiday', 'weekend', 'dew_point_2m', 'pressure_msl')",2.7612419494523155,25.84765946915591,4
Calendar + Oracle Weather Search,M669,h1_w1_integer_ws_dew_point_2m_pressure_msl,"('holiday', 'weekend', 'dow', 'dew_point_2m', 'pressure_msl')","('holiday', 'weekend', 'dow', 'dew_point_2m', 'pressure_msl')",2.897136100546606,26.847051127629218,5
Calendar + Oracle Weather Search,M670,h1_w1_one_hot_ws_dew_point_2m_pressure_msl,"('holiday', 'weekend', 'dow_0', 'dow_1', 'dow_2', 'dow_3', 'dow_4', 'dow_5', 'dow_6', 'dew_point_2m', 'pressure_msl')","('holiday', 'weekend', 'dow_0', 'dow_1', 'dow_2', 'dow_3', 'dow_4', 'dow_5', 'dow_6', 'dew_point_2m', 'pressure_msl')",2.883443331773202,27.05305076995521,11
Calendar + Oracle Weather Search,M671,h1_w1_cyclic_ws_dew_point_2m_pressure_msl,"('holiday', 'weekend', 'dow_sin', 'dow_cos', 'dew_point_2m', 'pressure_msl')","('holiday', 'weekend', 'dow_sin', 'dow_cos', 'dew_point_2m', 'pressure_msl')",2.8289334474290904,26.50973448241519,6
Calendar + Oracle Weather Search,M672,h0_w0_none_ws_dew_point_2m_wind_speed_10m,"('dew_point_2m', 'wind_speed_10m')","('dew_point_2m', 'wind_speed_10m')",3.4726175473611476,32.944347017696295,2
Calendar + Oracle Weather Search,M673,h0_w0_integer_ws_dew_point_2m_wind_speed_10m,"('dow', 'dew_point_2m', 'wind_speed_10m')","('dow', 'dew_point_2m', 'wind_speed_10m')",3.4004612070524356,31.429091147175697,3
Calendar + Oracle Weather Search,M674,h0_w0_one_hot_ws_dew_point_2m_wind_speed_10m,"('dow_0', 'dow_1', 'dow_2', 'dow_3', 'dow_4', 'dow_5', 'dow_6', 'dew_point_2m', 'wind_speed_10m')","('dow_0', 'dow_1', 'dow_2', 'dow_3', 'dow_4', 'dow_5', 'dow_6', 'dew_point_2m', 'wind_speed_10m')",2.9671885142769923,27.993108818140417,9
Calendar + Oracle Weather Search,M675,h0_w0_cyclic_ws_dew_point_2m_wind_speed_10m,"('dow_sin', 'dow_cos', 'dew_point_2m', 'wind_speed_10m')","('dow_sin', 'dow_cos', 'dew_point_2m', 'wind_speed_10m')",3.0074320044553002,28.72224250025084,4
Calendar + Oracle Weather Search,M676,h0_w1_none_ws_dew_point_2m_wind_speed_10m,"('weekend', 'dew_point_2m', 'wind_speed_10m')","('weekend', 'dew_point_2m', 'wind_speed_10m')",2.823398342798314,26.459006919279062,3
Calendar + Oracle Weather Search,M677,h0_w1_integer_ws_dew_point_2m_wind_speed_10m,"('weekend', 'dow', 'dew_point_2m', 'wind_speed_10m')","('weekend', 'dow', 'dew_point_2m', 'wind_speed_10m')",2.9895786101045796,27.76070907301129,4
Calendar + Oracle Weather Search,M678,h0_w1_one_hot_ws_dew_point_2m_wind_speed_10m,"('weekend', 'dow_0', 'dow_1', 'dow_2', 'dow_3', 'dow_4', 'dow_5', 'dow_6', 'dew_point_2m', 'wind_speed_10m')","('weekend', 'dow_0', 'dow_1', 'dow_2', 'dow_3', 'dow_4', 'dow_5', 'dow_6', 'dew_point_2m', 'wind_speed_10m')",2.90176692313582,27.27613561620244,10
Calendar + Oracle Weather Search,M679,h0_w1_cyclic_ws_dew_point_2m_wind_speed_10m,"('weekend', 'dow_sin', 'dow_cos', 'dew_point_2m', 'wind_speed_10m')","('weekend', 'dow_sin', 'dow_cos', 'dew_point_2m', 'wind_speed_10m')",2.8709460886913045,27.02957598588805,5
Calendar + Oracle Weather Search,M680,h1_w0_none_ws_dew_point_2m_wind_speed_10m,"('holiday', 'dew_point_2m', 'wind_speed_10m')","('holiday', 'dew_point_2m', 'wind_speed_10m')",3.0609377258813373,28.85433651444484,3
Calendar + Oracle Weather Search,M681,h1_w0_integer_ws_dew_point_2m_wind_speed_10m,"('holiday', 'dow', 'dew_point_2m', 'wind_speed_10m')","('holiday', 'dow', 'dew_point_2m', 'wind_speed_10m')",3.086847378784239,28.77508542781344,4
Calendar + Oracle Weather Search,M682,h1_w0_one_hot_ws_dew_point_2m_wind_speed_10m,"('holiday', 'dow_0', 'dow_1', 'dow_2', 'dow_3', 'dow_4', 'dow_5', 'dow_6', 'dew_point_2m', 'wind_speed_10m')","('holiday', 'dow_0', 'dow_1', 'dow_2', 'dow_3', 'dow_4', 'dow_5', 'dow_6', 'dew_point_2m', 'wind_speed_10m')",2.93357559854877,27.676822473964343,10
Calendar + Oracle Weather Search,M683,h1_w0_cyclic_ws_dew_point_2m_wind_speed_10m,"('holiday', 'dow_sin', 'dow_cos', 'dew_point_2m', 'wind_speed_10m')","('holiday', 'dow_sin', 'dow_cos', 'dew_point_2m', 'wind_speed_10m')",2.8963802587882546,27.490611705436404,5
Calendar + Oracle Weather Search,M684,h1_w1_none_ws_dew_point_2m_wind_speed_10m,"('holiday', 'weekend', 'dew_point_2m', 'wind_speed_10m')","('holiday', 'weekend', 'dew_point_2m', 'wind_speed_10m')",2.741432109536301,25.72462950902999,4
Calendar + Oracle Weather Search,M685,h1_w1_integer_ws_dew_point_2m_wind_speed_10m,"('holiday', 'weekend', 'dow', 'dew_point_2m', 'wind_speed_10m')","('holiday', 'weekend', 'dow', 'dew_point_2m', 'wind_speed_10m')",2.8301547305736627,26.38041931615876,5
Calendar + Oracle Weather Search,M686,h1_w1_one_hot_ws_dew_point_2m_wind_speed_10m,"('holiday', 'weekend', 'dow_0', 'dow_1', 'dow_2', 'dow_3', 'dow_4', 'dow_5', 'dow_6', 'dew_point_2m', 'wind_speed_10m')","('holiday', 'weekend', 'dow_0', 'dow_1', 'dow_2', 'dow_3', 'dow_4', 'dow_5', 'dow_6', 'dew_point_2m', 'wind_speed_10m')",2.8672491507125732,26.97486753342983,11
Calendar + Oracle Weather Search,M687,h1_w1_cyclic_ws_dew_point_2m_wind_speed_10m,"('holiday', 'weekend', 'dow_sin', 'dow_cos', 'dew_point_2m', 'wind_speed_10m')","('holiday', 'weekend', 'dow_sin', 'dow_cos', 'dew_point_2m', 'wind_speed_10m')",2.786098696292559,26.16073268449111,6
Calendar + Oracle Weather Search,M688,h0_w0_none_ws_dew_point_2m_cloud_cover_low,"('dew_point_2m', 'cloud_cover_low')","('dew_point_2m', 'cloud_cover_low')",3.441550558385625,32.887450532664495,2
Calendar + Oracle Weather Search,M689,h0_w0_integer_ws_dew_point_2m_cloud_cover_low,"('dow', 'dew_point_2m', 'cloud_cover_low')","('dow', 'dew_point_2m', 'cloud_cover_low')",3.386623640688537,31.4727708824086,3
Calendar + Oracle Weather Search,M690,h0_w0_one_hot_ws_dew_point_2m_cloud_cover_low,"('dow_0', 'dow_1', 'dow_2', 'dow_3', 'dow_4', 'dow_5', 'dow_6', 'dew_point_2m', 'cloud_cover_low')","('dow_0', 'dow_1', 'dow_2', 'dow_3', 'dow_4', 'dow_5', 'dow_6', 'dew_point_2m', 'cloud_cover_low')",2.9972578471302644,28.289711149271728,9
Calendar + Oracle Weather Search,M691,h0_w0_cyclic_ws_dew_point_2m_cloud_cover_low,"('dow_sin', 'dow_cos', 'dew_point_2m', 'cloud_cover_low')","('dow_sin', 'dow_cos', 'dew_point_2m', 'cloud_cover_low')",3.017079402888371,28.855328118975642,4
Calendar + Oracle Weather Search,M692,h0_w1_none_ws_dew_point_2m_cloud_cover_low,"('weekend', 'dew_point_2m', 'cloud_cover_low')","('weekend', 'dew_point_2m', 'cloud_cover_low')",2.8052833588267703,26.263668965971146,3
Calendar + Oracle Weather Search,M693,h0_w1_integer_ws_dew_point_2m_cloud_cover_low,"('weekend', 'dow', 'dew_point_2m', 'cloud_cover_low')","('weekend', 'dow', 'dew_point_2m', 'cloud_cover_low')",2.958125894183818,27.488463006744343,4
Calendar + Oracle Weather Search,M694,h0_w1_one_hot_ws_dew_point_2m_cloud_cover_low,"('weekend', 'dow_0', 'dow_1', 'dow_2', 'dow_3', 'dow_4', 'dow_5', 'dow_6', 'dew_point_2m', 'cloud_cover_low')","('weekend', 'dow_0', 'dow_1', 'dow_2', 'dow_3', 'dow_4', 'dow_5', 'dow_6', 'dew_point_2m', 'cloud_cover_low')",2.9068895323605264,27.314861790667358,10
Calendar + Oracle Weather Search,M695,h0_w1_cyclic_ws_dew_point_2m_cloud_cover_low,"('weekend', 'dow_sin', 'dow_cos', 'dew_point_2m', 'cloud_cover_low')","('weekend', 'dow_sin', 'dow_cos', 'dew_point_2m', 'cloud_cover_low')",2.8688493615938135,26.864545773728345,5
Calendar + Oracle Weather Search,M696,h1_w0_none_ws_dew_point_2m_cloud_cover_low,"('holiday', 'dew_point_2m', 'cloud_cover_low')","('holiday', 'dew_point_2m', 'cloud_cover_low')",3.0636107316170182,28.977236753391644,3
Calendar + Oracle Weather Search,M697,h1_w0_integer_ws_dew_point_2m_cloud_cover_low,"('holiday', 'dow', 'dew_point_2m', 'cloud_cover_low')","('holiday', 'dow', 'dew_point_2m', 'cloud_cover_low')",3.0689337095274483,28.677416239693486,4
Calendar + Oracle Weather Search,M698,h1_w0_one_hot_ws_dew_point_2m_cloud_cover_low,"('holiday', 'dow_0', 'dow_1', 'dow_2', 'dow_3', 'dow_4', 'dow_5', 'dow_6', 'dew_point_2m', 'cloud_cover_low')","('holiday', 'dow_0', 'dow_1', 'dow_2', 'dow_3', 'dow_4', 'dow_5', 'dow_6', 'dew_point_2m', 'cloud_cover_low')",2.968591644678664,28.034895585460454,10
Calendar + Oracle Weather Search,M699,h1_w0_cyclic_ws_dew_point_2m_cloud_cover_low,"('holiday', 'dow_sin', 'dow_cos', 'dew_point_2m', 'cloud_cover_low')","('holiday', 'dow_sin', 'dow_cos', 'dew_point_2m', 'cloud_cover_low')",2.891647308985991,27.432770146366728,5
Calendar + Oracle Weather Search,M700,h1_w1_none_ws_dew_point_2m_cloud_cover_low,"('holiday', 'weekend', 'dew_point_2m', 'cloud_cover_low')","('holiday', 'weekend', 'dew_point_2m', 'cloud_cover_low')",2.716324792373724,25.4618146907902,4
Calendar + Oracle Weather Search,M701,h1_w1_integer_ws_dew_point_2m_cloud_cover_low,"('holiday', 'weekend', 'dow', 'dew_point_2m', 'cloud_cover_low')","('holiday', 'weekend', 'dow', 'dew_point_2m', 'cloud_cover_low')",2.804574510094583,26.149099938286952,5
Calendar + Oracle Weather Search,M702,h1_w1_one_hot_ws_dew_point_2m_cloud_cover_low,"('holiday', 'weekend', 'dow_0', 'dow_1', 'dow_2', 'dow_3', 'dow_4', 'dow_5', 'dow_6', 'dew_point_2m', 'cloud_cover_low')","('holiday', 'weekend', 'dow_0', 'dow_1', 'dow_2', 'dow_3', 'dow_4', 'dow_5', 'dow_6', 'dew_point_2m', 'cloud_cover_low')",2.8834574529647394,27.097271802289804,11
Calendar + Oracle Weather Search,M703,h1_w1_cyclic_ws_dew_point_2m_cloud_cover_low,"('holiday', 'weekend', 'dow_sin', 'dow_cos', 'dew_point_2m', 'cloud_cover_low')","('holiday', 'weekend', 'dow_sin', 'dow_cos', 'dew_point_2m', 'cloud_cover_low')",2.7792085574454535,25.996388818502673,6
Calendar + Oracle Weather Search,M704,h0_w0_none_ws_pressure_msl_wind_speed_10m,"('pressure_msl', 'wind_speed_10m')","('pressure_msl', 'wind_speed_10m')",3.2971376975809634,31.20148139956706,2
Calendar + Oracle Weather Search,M705,h0_w0_integer_ws_pressure_msl_wind_speed_10m,"('dow', 'pressure_msl', 'wind_speed_10m')","('dow', 'pressure_msl', 'wind_speed_10m')",3.421191579533581,31.60015626285959,3
Calendar + Oracle Weather Search,M706,h0_w0_one_hot_ws_pressure_msl_wind_speed_10m,"('dow_0', 'dow_1', 'dow_2', 'dow_3', 'dow_4', 'dow_5', 'dow_6', 'pressure_msl', 'wind_speed_10m')","('dow_0', 'dow_1', 'dow_2', 'dow_3', 'dow_4', 'dow_5', 'dow_6', 'pressure_msl', 'wind_speed_10m')",3.020099931207617,28.445371285385228,9
Calendar + Oracle Weather Search,M707,h0_w0_cyclic_ws_pressure_msl_wind_speed_10m,"('dow_sin', 'dow_cos', 'pressure_msl', 'wind_speed_10m')","('dow_sin', 'dow_cos', 'pressure_msl', 'wind_speed_10m')",3.1118894273645856,29.6154980344411,4
Calendar + Oracle Weather Search,M708,h0_w1_none_ws_pressure_msl_wind_speed_10m,"('weekend', 'pressure_msl', 'wind_speed_10m')","('weekend', 'pressure_msl', 'wind_speed_10m')",2.8827697125505023,26.969828168234894,3
Calendar + Oracle Weather Search,M709,h0_w1_integer_ws_pressure_msl_wind_speed_10m,"('weekend', 'dow', 'pressure_msl', 'wind_speed_10m')","('weekend', 'dow', 'pressure_msl', 'wind_speed_10m')",3.060085020697835,28.27016552142698,4
Calendar + Oracle Weather Search,M710,h0_w1_one_hot_ws_pressure_msl_wind_speed_10m,"('weekend', 'dow_0', 'dow_1', 'dow_2', 'dow_3', 'dow_4', 'dow_5', 'dow_6', 'pressure_msl', 'wind_speed_10m')","('weekend', 'dow_0', 'dow_1', 'dow_2', 'dow_3', 'dow_4', 'dow_5', 'dow_6', 'pressure_msl', 'wind_speed_10m')",2.9334302936436587,27.537581994220723,10
Calendar + Oracle Weather Search,M711,h0_w1_cyclic_ws_pressure_msl_wind_speed_10m,"('weekend', 'dow_sin', 'dow_cos', 'pressure_msl', 'wind_speed_10m')","('weekend', 'dow_sin', 'dow_cos', 'pressure_msl', 'wind_speed_10m')",2.9756773032906825,27.916975578025667,5
Calendar + Oracle Weather Search,M712,h1_w0_none_ws_pressure_msl_wind_speed_10m,"('holiday', 'pressure_msl', 'wind_speed_10m')","('holiday', 'pressure_msl', 'wind_speed_10m')",3.0454347156833217,28.71819649856861,3
Calendar + Oracle Weather Search,M713,h1_w0_integer_ws_pressure_msl_wind_speed_10m,"('holiday', 'dow', 'pressure_msl', 'wind_speed_10m')","('holiday', 'dow', 'pressure_msl', 'wind_speed_10m')",3.106748403021283,28.964581448399233,4
Calendar + Oracle Weather Search,M714,h1_w0_one_hot_ws_pressure_msl_wind_speed_10m,"('holiday', 'dow_0', 'dow_1', 'dow_2', 'dow_3', 'dow_4', 'dow_5', 'dow_6', 'pressure_msl', 'wind_speed_10m')","('holiday', 'dow_0', 'dow_1', 'dow_2', 'dow_3', 'dow_4', 'dow_5', 'dow_6', 'pressure_msl', 'wind_speed_10m')",2.980666231796261,28.099327727961683,10
Calendar + Oracle Weather Search,M715,h1_w0_cyclic_ws_pressure_msl_wind_speed_10m,"('holiday', 'dow_sin', 'dow_cos', 'pressure_msl', 'wind_speed_10m')","('holiday', 'dow_sin', 'dow_cos', 'pressure_msl', 'wind_speed_10m')",2.972301289151914,28.14477235481724,5
Calendar + Oracle Weather Search,M716,h1_w1_none_ws_pressure_msl_wind_speed_10m,"('holiday', 'weekend', 'pressure_msl', 'wind_speed_10m')","('holiday', 'weekend', 'pressure_msl', 'wind_speed_10m')",2.798608697747241,26.25668434593155,4
Calendar + Oracle Weather Search,M717,h1_w1_integer_ws_pressure_msl_wind_speed_10m,"('holiday', 'weekend', 'dow', 'pressure_msl', 'wind_speed_10m')","('holiday', 'weekend', 'dow', 'pressure_msl', 'wind_speed_10m')",2.8905789461051814,26.880389777428995,5
Calendar + Oracle Weather Search,M718,h1_w1_one_hot_ws_pressure_msl_wind_speed_10m,"('holiday', 'weekend', 'dow_0', 'dow_1', 'dow_2', 'dow_3', 'dow_4', 'dow_5', 'dow_6', 'pressure_msl', 'wind_speed_10m')","('holiday', 'weekend', 'dow_0', 'dow_1', 'dow_2', 'dow_3', 'dow_4', 'dow_5', 'dow_6', 'pressure_msl', 'wind_speed_10m')",2.9004444252620867,27.237069740643495,11
Calendar + Oracle Weather Search,M719,h1_w1_cyclic_ws_pressure_msl_wind_speed_10m,"('holiday', 'weekend', 'dow_sin', 'dow_cos', 'pressure_msl', 'wind_speed_10m')","('holiday', 'weekend', 'dow_sin', 'dow_cos', 'pressure_msl', 'wind_speed_10m')",2.8553238540095234,26.770467846608803,6
Calendar + Oracle Weather Search,M720,h0_w0_none_ws_pressure_msl_cloud_cover_low,"('pressure_msl', 'cloud_cover_low')","('pressure_msl', 'cloud_cover_low')",3.329813370875587,31.689604991143497,2
Calendar + Oracle Weather Search,M721,h0_w0_integer_ws_pressure_msl_cloud_cover_low,"('dow', 'pressure_msl', 'cloud_cover_low')","('dow', 'pressure_msl', 'cloud_cover_low')",3.45694914016323,32.03949581276488,3
Calendar + Oracle Weather Search,M722,h0_w0_one_hot_ws_pressure_msl_cloud_cover_low,"('dow_0', 'dow_1', 'dow_2', 'dow_3', 'dow_4', 'dow_5', 'dow_6', 'pressure_msl', 'cloud_cover_low')","('dow_0', 'dow_1', 'dow_2', 'dow_3', 'dow_4', 'dow_5', 'dow_6', 'pressure_msl', 'cloud_cover_low')",3.040516578159498,28.722579251388073,9
Calendar + Oracle Weather Search,M723,h0_w0_cyclic_ws_pressure_msl_cloud_cover_low,"('dow_sin', 'dow_cos', 'pressure_msl', 'cloud_cover_low')","('dow_sin', 'dow_cos', 'pressure_msl', 'cloud_cover_low')",3.1176100980654975,29.721766122150136,4
Calendar + Oracle Weather Search,M724,h0_w1_none_ws_pressure_msl_cloud_cover_low,"('weekend', 'pressure_msl', 'cloud_cover_low')","('weekend', 'pressure_msl', 'cloud_cover_low')",2.874456696202326,26.910731322356973,3
Calendar + Oracle Weather Search,M725,h0_w1_integer_ws_pressure_msl_cloud_cover_low,"('weekend', 'dow', 'pressure_msl', 'cloud_cover_low')","('weekend', 'dow', 'pressure_msl', 'cloud_cover_low')",3.0378800491365854,28.144931478731763,4
Calendar + Oracle Weather Search,M726,h0_w1_one_hot_ws_pressure_msl_cloud_cover_low,"('weekend', 'dow_0', 'dow_1', 'dow_2', 'dow_3', 'dow_4', 'dow_5', 'dow_6', 'pressure_msl', 'cloud_cover_low')","('weekend', 'dow_0', 'dow_1', 'dow_2', 'dow_3', 'dow_4', 'dow_5', 'dow_6', 'pressure_msl', 'cloud_cover_low')",2.941258149803493,27.633514389858572,10
Calendar + Oracle Weather Search,M727,h0_w1_cyclic_ws_pressure_msl_cloud_cover_low,"('weekend', 'dow_sin', 'dow_cos', 'pressure_msl', 'cloud_cover_low')","('weekend', 'dow_sin', 'dow_cos', 'pressure_msl', 'cloud_cover_low')",2.9558378865498867,27.619084229993994,5
Calendar + Oracle Weather Search,M728,h1_w0_none_ws_pressure_msl_cloud_cover_low,"('holiday', 'pressure_msl', 'cloud_cover_low')","('holiday', 'pressure_msl', 'cloud_cover_low')",3.040222454393458,28.764251616966476,3
Calendar + Oracle Weather Search,M729,h1_w0_integer_ws_pressure_msl_cloud_cover_low,"('holiday', 'dow', 'pressure_msl', 'cloud_cover_low')","('holiday', 'dow', 'pressure_msl', 'cloud_cover_low')",3.1201357103250347,29.142186834720036,4
Calendar + Oracle Weather Search,M730,h1_w0_one_hot_ws_pressure_msl_cloud_cover_low,"('holiday', 'dow_0', 'dow_1', 'dow_2', 'dow_3', 'dow_4', 'dow_5', 'dow_6', 'pressure_msl', 'cloud_cover_low')","('holiday', 'dow_0', 'dow_1', 'dow_2', 'dow_3', 'dow_4', 'dow_5', 'dow_6', 'pressure_msl', 'cloud_cover_low')",3.0139344724505546,28.45320364053742,10
Calendar + Oracle Weather Search,M731,h1_w0_cyclic_ws_pressure_msl_cloud_cover_low,"('holiday', 'dow_sin', 'dow_cos', 'pressure_msl', 'cloud_cover_low')","('holiday', 'dow_sin', 'dow_cos', 'pressure_msl', 'cloud_cover_low')",2.974664883596089,28.162517893787882,5
Calendar + Oracle Weather Search,M732,h1_w1_none_ws_pressure_msl_cloud_cover_low,"('holiday', 'weekend', 'pressure_msl', 'cloud_cover_low')","('holiday', 'weekend', 'pressure_msl', 'cloud_cover_low')",2.780413567665857,26.063932931927653,4
Calendar + Oracle Weather Search,M733,h1_w1_integer_ws_pressure_msl_cloud_cover_low,"('holiday', 'weekend', 'dow', 'pressure_msl', 'cloud_cover_low')","('holiday', 'weekend', 'dow', 'pressure_msl', 'cloud_cover_low')",2.872977034755331,26.7121815347776,5
Calendar + Oracle Weather Search,M734,h1_w1_one_hot_ws_pressure_msl_cloud_cover_low,"('holiday', 'weekend', 'dow_0', 'dow_1', 'dow_2', 'dow_3', 'dow_4', 'dow_5', 'dow_6', 'pressure_msl', 'cloud_cover_low')","('holiday', 'weekend', 'dow_0', 'dow_1', 'dow_2', 'dow_3', 'dow_4', 'dow_5', 'dow_6', 'pressure_msl', 'cloud_cover_low')",2.9172421981721177,27.41647368452746,11
Calendar + Oracle Weather Search,M735,h1_w1_cyclic_ws_pressure_msl_cloud_cover_low,"('holiday', 'weekend', 'dow_sin', 'dow_cos', 'pressure_msl', 'cloud_cover_low')","('holiday', 'weekend', 'dow_sin', 'dow_cos', 'pressure_msl', 'cloud_cover_low')",2.854414374418638,26.653331858191002,6
Calendar + Oracle Weather Search,M736,h0_w0_none_ws_wind_speed_10m_cloud_cover_low,"('wind_speed_10m', 'cloud_cover_low')","('wind_speed_10m', 'cloud_cover_low')",3.47057014266981,33.14783641367436,2
Calendar + Oracle Weather Search,M737,h0_w0_integer_ws_wind_speed_10m_cloud_cover_low,"('dow', 'wind_speed_10m', 'cloud_cover_low')","('dow', 'wind_speed_10m', 'cloud_cover_low')",3.3704116662445065,31.366188337466316,3
Calendar + Oracle Weather Search,M738,h0_w0_one_hot_ws_wind_speed_10m_cloud_cover_low,"('dow_0', 'dow_1', 'dow_2', 'dow_3', 'dow_4', 'dow_5', 'dow_6', 'wind_speed_10m', 'cloud_cover_low')","('dow_0', 'dow_1', 'dow_2', 'dow_3', 'dow_4', 'dow_5', 'dow_6', 'wind_speed_10m', 'cloud_cover_low')",3.0064869994585828,28.409302136509808,9
Calendar + Oracle Weather Search,M739,h0_w0_cyclic_ws_wind_speed_10m_cloud_cover_low,"('dow_sin', 'dow_cos', 'wind_speed_10m', 'cloud_cover_low')","('dow_sin', 'dow_cos', 'wind_speed_10m', 'cloud_cover_low')",3.0442972848281222,28.99374647803047,4
Calendar + Oracle Weather Search,M740,h0_w1_none_ws_wind_speed_10m_cloud_cover_low,"('weekend', 'wind_speed_10m', 'cloud_cover_low')","('weekend', 'wind_speed_10m', 'cloud_cover_low')",2.872857294234532,26.88179254530221,3
Calendar + Oracle Weather Search,M741,h0_w1_integer_ws_wind_speed_10m_cloud_cover_low,"('weekend', 'dow', 'wind_speed_10m', 'cloud_cover_low')","('weekend', 'dow', 'wind_speed_10m', 'cloud_cover_low')",2.993716533014789,27.847408382235006,4
Calendar + Oracle Weather Search,M742,h0_w1_one_hot_ws_wind_speed_10m_cloud_cover_low,"('weekend', 'dow_0', 'dow_1', 'dow_2', 'dow_3', 'dow_4', 'dow_5', 'dow_6', 'wind_speed_10m', 'cloud_cover_low')","('weekend', 'dow_0', 'dow_1', 'dow_2', 'dow_3', 'dow_4', 'dow_5', 'dow_6', 'wind_speed_10m', 'cloud_cover_low')",2.9252006367002568,27.527498346468512,10
Calendar + Oracle Weather Search,M743,h0_w1_cyclic_ws_wind_speed_10m_cloud_cover_low,"('weekend', 'dow_sin', 'dow_cos', 'wind_speed_10m', 'cloud_cover_low')","('weekend', 'dow_sin', 'dow_cos', 'wind_speed_10m', 'cloud_cover_low')",2.923261111095302,27.410704158831567,5
Calendar + Oracle Weather Search,M744,h1_w0_none_ws_wind_speed_10m_cloud_cover_low,"('holiday', 'wind_speed_10m', 'cloud_cover_low')","('holiday', 'wind_speed_10m', 'cloud_cover_low')",3.087249342662974,29.269772519189257,3
Calendar + Oracle Weather Search,M745,h1_w0_integer_ws_wind_speed_10m_cloud_cover_low,"('holiday', 'dow', 'wind_speed_10m', 'cloud_cover_low')","('holiday', 'dow', 'wind_speed_10m', 'cloud_cover_low')",3.1025392308310407,29.084318306467978,4
Calendar + Oracle Weather Search,M746,h1_w0_one_hot_ws_wind_speed_10m_cloud_cover_low,"('holiday', 'dow_0', 'dow_1', 'dow_2', 'dow_3', 'dow_4', 'dow_5', 'dow_6', 'wind_speed_10m', 'cloud_cover_low')","('holiday', 'dow_0', 'dow_1', 'dow_2', 'dow_3', 'dow_4', 'dow_5', 'dow_6', 'wind_speed_10m', 'cloud_cover_low')",2.9772607901126795,28.137070635888335,10
Calendar + Oracle Weather Search,M747,h1_w0_cyclic_ws_wind_speed_10m_cloud_cover_low,"('holiday', 'dow_sin', 'dow_cos', 'wind_speed_10m', 'cloud_cover_low')","('holiday', 'dow_sin', 'dow_cos', 'wind_speed_10m', 'cloud_cover_low')",2.916858637160392,27.677074408168675,5
Calendar + Oracle Weather Search,M748,h1_w1_none_ws_wind_speed_10m_cloud_cover_low,"('holiday', 'weekend', 'wind_speed_10m', 'cloud_cover_low')","('holiday', 'weekend', 'wind_speed_10m', 'cloud_cover_low')",2.7831621081025975,26.138620611911385,4
Calendar + Oracle Weather Search,M749,h1_w1_integer_ws_wind_speed_10m_cloud_cover_low,"('holiday', 'weekend', 'dow', 'wind_speed_10m', 'cloud_cover_low')","('holiday', 'weekend', 'dow', 'wind_speed_10m', 'cloud_cover_low')",2.8647759882640833,26.758640935228833,5
Calendar + Oracle Weather Search,M750,h1_w1_one_hot_ws_wind_speed_10m_cloud_cover_low,"('holiday', 'weekend', 'dow_0', 'dow_1', 'dow_2', 'dow_3', 'dow_4', 'dow_5', 'dow_6', 'wind_speed_10m', 'cloud_cover_low')","('holiday', 'weekend', 'dow_0', 'dow_1', 'dow_2', 'dow_3', 'dow_4', 'dow_5', 'dow_6', 'wind_speed_10m', 'cloud_cover_low')",2.898064319672611,27.2844416368755,11
Calendar + Oracle Weather Search,M751,h1_w1_cyclic_ws_wind_speed_10m_cloud_cover_low,"('holiday', 'weekend', 'dow_sin', 'dow_cos', 'wind_speed_10m', 'cloud_cover_low')","('holiday', 'weekend', 'dow_sin', 'dow_cos', 'wind_speed_10m', 'cloud_cover_low')",2.8335626270478675,26.577219138487262,6
Calendar + Oracle Weather Search,M752,h0_w0_none_ws_temperature_2m_dew_point_2m_pressure_msl,"('temperature_2m', 'dew_point_2m', 'pressure_msl')","('temperature_2m', 'dew_point_2m', 'pressure_msl')",3.538837913140946,33.8540953535269,3
Calendar + Oracle Weather Search,M753,h0_w0_integer_ws_temperature_2m_dew_point_2m_pressure_msl,"('dow', 'temperature_2m', 'dew_point_2m', 'pressure_msl')","('dow', 'temperature_2m', 'dew_point_2m', 'pressure_msl')",3.5101022909717425,32.60782749933139,4
Calendar + Oracle Weather Search,M754,h0_w0_one_hot_ws_temperature_2m_dew_point_2m_pressure_msl,"('dow_0', 'dow_1', 'dow_2', 'dow_3', 'dow_4', 'dow_5', 'dow_6', 'temperature_2m', 'dew_point_2m', 'pressure_msl')","('dow_0', 'dow_1', 'dow_2', 'dow_3', 'dow_4', 'dow_5', 'dow_6', 'temperature_2m', 'dew_point_2m', 'pressure_msl')",3.0070073042547385,28.39488255424459,10
Calendar + Oracle Weather Search,M755,h0_w0_cyclic_ws_temperature_2m_dew_point_2m_pressure_msl,"('dow_sin', 'dow_cos', 'temperature_2m', 'dew_point_2m', 'pressure_msl')","('dow_sin', 'dow_cos', 'temperature_2m', 'dew_point_2m', 'pressure_msl')",3.1679727980321166,30.33428405641131,5
Calendar + Oracle Weather Search,M756,h0_w1_none_ws_temperature_2m_dew_point_2m_pressure_msl,"('weekend', 'temperature_2m', 'dew_point_2m', 'pressure_msl')","('weekend', 'temperature_2m', 'dew_point_2m', 'pressure_msl')",2.859172957039003,26.895899216052868,4
Calendar + Oracle Weather Search,M757,h0_w1_integer_ws_temperature_2m_dew_point_2m_pressure_msl,"('weekend', 'dow', 'temperature_2m', 'dew_point_2m', 'pressure_msl')","('weekend', 'dow', 'temperature_2m', 'dew_point_2m', 'pressure_msl')",3.062393412462488,28.441920151998726,5
Calendar + Oracle Weather Search,M758,h0_w1_one_hot_ws_temperature_2m_dew_point_2m_pressure_msl,"('weekend', 'dow_0', 'dow_1', 'dow_2', 'dow_3', 'dow_4', 'dow_5', 'dow_6', 'temperature_2m', 'dew_point_2m', 'pressure_msl')","('weekend', 'dow_0', 'dow_1', 'dow_2', 'dow_3', 'dow_4', 'dow_5', 'dow_6', 'temperature_2m', 'dew_point_2m', 'pressure_msl')",2.90745439033575,27.37312343997864,11
Calendar + Oracle Weather Search,M759,h0_w1_cyclic_ws_temperature_2m_dew_point_2m_pressure_msl,"('weekend', 'dow_sin', 'dow_cos', 'temperature_2m', 'dew_point_2m', 'pressure_msl')","('weekend', 'dow_sin', 'dow_cos', 'temperature_2m', 'dew_point_2m', 'pressure_msl')",2.9175070002229497,27.503728537103143,6
Calendar + Oracle Weather Search,M760,h1_w0_none_ws_temperature_2m_dew_point_2m_pressure_msl,"('holiday', 'temperature_2m', 'dew_point_2m', 'pressure_msl')","('holiday', 'temperature_2m', 'dew_point_2m', 'pressure_msl')",3.120528299816832,29.603065857430003,4
Calendar + Oracle Weather Search,M761,h1_w0_integer_ws_temperature_2m_dew_point_2m_pressure_msl,"('holiday', 'dow', 'temperature_2m', 'dew_point_2m', 'pressure_msl')","('holiday', 'dow', 'temperature_2m', 'dew_point_2m', 'pressure_msl')",3.173047425693845,29.635745669538093,5
Calendar + Oracle Weather Search,M762,h1_w0_one_hot_ws_temperature_2m_dew_point_2m_pressure_msl,"('holiday', 'dow_0', 'dow_1', 'dow_2', 'dow_3', 'dow_4', 'dow_5', 'dow_6', 'temperature_2m', 'dew_point_2m', 'pressure_msl')","('holiday', 'dow_0', 'dow_1', 'dow_2', 'dow_3', 'dow_4', 'dow_5', 'dow_6', 'temperature_2m', 'dew_point_2m', 'pressure_msl')",2.9528315766618083,27.88274756368545,11
Calendar + Oracle Weather Search,M763,h1_w0_cyclic_ws_temperature_2m_dew_point_2m_pressure_msl,"('holiday', 'dow_sin', 'dow_cos', 'temperature_2m', 'dew_point_2m', 'pressure_msl')","('holiday', 'dow_sin', 'dow_cos', 'temperature_2m', 'dew_point_2m', 'pressure_msl')",3.01052875431578,28.64903435567008,6
Calendar + Oracle Weather Search,M764,h1_w1_none_ws_temperature_2m_dew_point_2m_pressure_msl,"('holiday', 'weekend', 'temperature_2m', 'dew_point_2m', 'pressure_msl')","('holiday', 'weekend', 'temperature_2m', 'dew_point_2m', 'pressure_msl')",2.761935430649075,25.97421049383348,5
Calendar + Oracle Weather Search,M765,h1_w1_integer_ws_temperature_2m_dew_point_2m_pressure_msl,"('holiday', 'weekend', 'dow', 'temperature_2m', 'dew_point_2m', 'pressure_msl')","('holiday', 'weekend', 'dow', 'temperature_2m', 'dew_point_2m', 'pressure_msl')",2.889400897177607,26.903842052255712,6
Calendar + Oracle Weather Search,M766,h1_w1_one_hot_ws_temperature_2m_dew_point_2m_pressure_msl,"('holiday', 'weekend', 'dow_0', 'dow_1', 'dow_2', 'dow_3', 'dow_4', 'dow_5', 'dow_6', 'temperature_2m', 'dew_point_2m', 'pressure_msl')","('holiday', 'weekend', 'dow_0', 'dow_1', 'dow_2', 'dow_3', 'dow_4', 'dow_5', 'dow_6', 'temperature_2m', 'dew_point_2m', 'pressure_msl')",2.857942730192794,26.923201400729372,12
Calendar + Oracle Weather Search,M767,h1_w1_cyclic_ws_temperature_2m_dew_point_2m_pressure_msl,"('holiday', 'weekend', 'dow_sin', 'dow_cos', 'temperature_2m', 'dew_point_2m', 'pressure_msl')","('holiday', 'weekend', 'dow_sin', 'dow_cos', 'temperature_2m', 'dew_point_2m', 'pressure_msl')",2.812430547133901,26.488530886732082,7
Calendar + Oracle Weather Search,M768,h0_w0_none_ws_temperature_2m_dew_point_2m_wind_speed_10m,"('temperature_2m', 'dew_point_2m', 'wind_speed_10m')","('temperature_2m', 'dew_point_2m', 'wind_speed_10m')",3.5972322466590345,34.29359998091682,3
Calendar + Oracle Weather Search,M769,h0_w0_integer_ws_temperature_2m_dew_point_2m_wind_speed_10m,"('dow', 'temperature_2m', 'dew_point_2m', 'wind_speed_10m')","('dow', 'temperature_2m', 'dew_point_2m', 'wind_speed_10m')",3.383945413829509,31.436077034568612,4
Calendar + Oracle Weather Search,M770,h0_w0_one_hot_ws_temperature_2m_dew_point_2m_wind_speed_10m,"('dow_0', 'dow_1', 'dow_2', 'dow_3', 'dow_4', 'dow_5', 'dow_6', 'temperature_2m', 'dew_point_2m', 'wind_speed_10m')","('dow_0', 'dow_1', 'dow_2', 'dow_3', 'dow_4', 'dow_5', 'dow_6', 'temperature_2m', 'dew_point_2m', 'wind_speed_10m')",2.982162218225179,28.141627426799314,10
Calendar + Oracle Weather Search,M771,h0_w0_cyclic_ws_temperature_2m_dew_point_2m_wind_speed_10m,"('dow_sin', 'dow_cos', 'temperature_2m', 'dew_point_2m', 'wind_speed_10m')","('dow_sin', 'dow_cos', 'temperature_2m', 'dew_point_2m', 'wind_speed_10m')",3.051863080335516,29.18291135890025,5
Calendar + Oracle Weather Search,M772,h0_w1_none_ws_temperature_2m_dew_point_2m_wind_speed_10m,"('weekend', 'temperature_2m', 'dew_point_2m', 'wind_speed_10m')","('weekend', 'temperature_2m', 'dew_point_2m', 'wind_speed_10m')",2.8308848070452117,26.610261529192183,4
Calendar + Oracle Weather Search,M773,h0_w1_integer_ws_temperature_2m_dew_point_2m_wind_speed_10m,"('weekend', 'dow', 'temperature_2m', 'dew_point_2m', 'wind_speed_10m')","('weekend', 'dow', 'temperature_2m', 'dew_point_2m', 'wind_speed_10m')",2.9785120293108536,27.75039138329617,5
Calendar + Oracle Weather Search,M774,h0_w1_one_hot_ws_temperature_2m_dew_point_2m_wind_speed_10m,"('weekend', 'dow_0', 'dow_1', 'dow_2', 'dow_3', 'dow_4', 'dow_5', 'dow_6', 'temperature_2m', 'dew_point_2m', 'wind_speed_10m')","('weekend', 'dow_0', 'dow_1', 'dow_2', 'dow_3', 'dow_4', 'dow_5', 'dow_6', 'temperature_2m', 'dew_point_2m', 'wind_speed_10m')",2.8968042005407413,27.294239384479358,11
Calendar + Oracle Weather Search,M775,h0_w1_cyclic_ws_temperature_2m_dew_point_2m_wind_speed_10m,"('weekend', 'dow_sin', 'dow_cos', 'temperature_2m', 'dew_point_2m', 'wind_speed_10m')","('weekend', 'dow_sin', 'dow_cos', 'temperature_2m', 'dew_point_2m', 'wind_speed_10m')",2.8689175903901853,27.054494675034743,6
Calendar + Oracle Weather Search,M776,h1_w0_none_ws_temperature_2m_dew_point_2m_wind_speed_10m,"('holiday', 'temperature_2m', 'dew_point_2m', 'wind_speed_10m')","('holiday', 'temperature_2m', 'dew_point_2m', 'wind_speed_10m')",3.149594706740066,29.828359600007936,4
Calendar + Oracle Weather Search,M777,h1_w0_integer_ws_temperature_2m_dew_point_2m_wind_speed_10m,"('holiday', 'dow', 'temperature_2m', 'dew_point_2m', 'wind_speed_10m')","('holiday', 'dow', 'temperature_2m', 'dew_point_2m', 'wind_speed_10m')",3.1053597796968613,29.051755441322612,5
Calendar + Oracle Weather Search,M778,h1_w0_one_hot_ws_temperature_2m_dew_point_2m_wind_speed_10m,"('holiday', 'dow_0', 'dow_1', 'dow_2', 'dow_3', 'dow_4', 'dow_5', 'dow_6', 'temperature_2m', 'dew_point_2m', 'wind_speed_10m')","('holiday', 'dow_0', 'dow_1', 'dow_2', 'dow_3', 'dow_4', 'dow_5', 'dow_6', 'temperature_2m', 'dew_point_2m', 'wind_speed_10m')",2.9356850058347614,27.729324471317053,11
Calendar + Oracle Weather Search,M779,h1_w0_cyclic_ws_temperature_2m_dew_point_2m_wind_speed_10m,"('holiday', 'dow_sin', 'dow_cos', 'temperature_2m', 'dew_point_2m', 'wind_speed_10m')","('holiday', 'dow_sin', 'dow_cos', 'temperature_2m', 'dew_point_2m', 'wind_speed_10m')",2.9387423445443437,27.967084561872955,6
Calendar + Oracle Weather Search,M780,h1_w1_none_ws_temperature_2m_dew_point_2m_wind_speed_10m,"('holiday', 'weekend', 'temperature_2m', 'dew_point_2m', 'wind_speed_10m')","('holiday', 'weekend', 'temperature_2m', 'dew_point_2m', 'wind_speed_10m')",2.7518093627184537,25.91930714123729,5
Calendar + Oracle Weather Search,M781,h1_w1_integer_ws_temperature_2m_dew_point_2m_wind_speed_10m,"('holiday', 'weekend', 'dow', 'temperature_2m', 'dew_point_2m', 'wind_speed_10m')","('holiday', 'weekend', 'dow', 'temperature_2m', 'dew_point_2m', 'wind_speed_10m')",2.8372949613733573,26.525750366151613,6
Calendar + Oracle Weather Search,M782,h1_w1_one_hot_ws_temperature_2m_dew_point_2m_wind_speed_10m,"('holiday', 'weekend', 'dow_0', 'dow_1', 'dow_2', 'dow_3', 'dow_4', 'dow_5', 'dow_6', 'temperature_2m', 'dew_point_2m', 'wind_speed_10m')","('holiday', 'weekend', 'dow_0', 'dow_1', 'dow_2', 'dow_3', 'dow_4', 'dow_5', 'dow_6', 'temperature_2m', 'dew_point_2m', 'wind_speed_10m')",2.854810449473438,26.917952774573124,12
Calendar + Oracle Weather Search,M783,h1_w1_cyclic_ws_temperature_2m_dew_point_2m_wind_speed_10m,"('holiday', 'weekend', 'dow_sin', 'dow_cos', 'temperature_2m', 'dew_point_2m', 'wind_speed_10m')","('holiday', 'weekend', 'dow_sin', 'dow_cos', 'temperature_2m', 'dew_point_2m', 'wind_speed_10m')",2.7881433880571977,26.303093400943922,7
Calendar + Oracle Weather Search,M784,h0_w0_none_ws_temperature_2m_dew_point_2m_cloud_cover_low,"('temperature_2m', 'dew_point_2m', 'cloud_cover_low')","('temperature_2m', 'dew_point_2m', 'cloud_cover_low')",3.5430856033068308,33.88583759037913,3
Calendar + Oracle Weather Search,M785,h0_w0_integer_ws_temperature_2m_dew_point_2m_cloud_cover_low,"('dow', 'temperature_2m', 'dew_point_2m', 'cloud_cover_low')","('dow', 'temperature_2m', 'dew_point_2m', 'cloud_cover_low')",3.355168409808472,31.285177862773953,4
Calendar + Oracle Weather Search,M786,h0_w0_one_hot_ws_temperature_2m_dew_point_2m_cloud_cover_low,"('dow_0', 'dow_1', 'dow_2', 'dow_3', 'dow_4', 'dow_5', 'dow_6', 'temperature_2m', 'dew_point_2m', 'cloud_cover_low')","('dow_0', 'dow_1', 'dow_2', 'dow_3', 'dow_4', 'dow_5', 'dow_6', 'temperature_2m', 'dew_point_2m', 'cloud_cover_low')",2.9832631469891324,28.207501818896514,10
Calendar + Oracle Weather Search,M787,h0_w0_cyclic_ws_temperature_2m_dew_point_2m_cloud_cover_low,"('dow_sin', 'dow_cos', 'temperature_2m', 'dew_point_2m', 'cloud_cover_low')","('dow_sin', 'dow_cos', 'temperature_2m', 'dew_point_2m', 'cloud_cover_low')",3.066170035827769,29.33993961711421,5
Calendar + Oracle Weather Search,M788,h0_w1_none_ws_temperature_2m_dew_point_2m_cloud_cover_low,"('weekend', 'temperature_2m', 'dew_point_2m', 'cloud_cover_low')","('weekend', 'temperature_2m', 'dew_point_2m', 'cloud_cover_low')",2.808081503836711,26.408421568033546,4
Calendar + Oracle Weather Search,M789,h0_w1_integer_ws_temperature_2m_dew_point_2m_cloud_cover_low,"('weekend', 'dow', 'temperature_2m', 'dew_point_2m', 'cloud_cover_low')","('weekend', 'dow', 'temperature_2m', 'dew_point_2m', 'cloud_cover_low')",2.9535435412267126,27.50627971578464,5
Calendar + Oracle Weather Search,M790,h0_w1_one_hot_ws_temperature_2m_dew_point_2m_cloud_cover_low,"('weekend', 'dow_0', 'dow_1', 'dow_2', 'dow_3', 'dow_4', 'dow_5', 'dow_6', 'temperature_2m', 'dew_point_2m', 'cloud_cover_low')","('weekend', 'dow_0', 'dow_1', 'dow_2', 'dow_3', 'dow_4', 'dow_5', 'dow_6', 'temperature_2m', 'dew_point_2m', 'cloud_cover_low')",2.8864928823580396,27.198906545611756,11
Calendar + Oracle Weather Search,M791,h0_w1_cyclic_ws_temperature_2m_dew_point_2m_cloud_cover_low,"('weekend', 'dow_sin', 'dow_cos', 'temperature_2m', 'dew_point_2m', 'cloud_cover_low')","('weekend', 'dow_sin', 'dow_cos', 'temperature_2m', 'dew_point_2m', 'cloud_cover_low')",2.8493926241402967,26.81182153234106,6
Calendar + Oracle Weather Search,M792,h1_w0_none_ws_temperature_2m_dew_point_2m_cloud_cover_low,"('holiday', 'temperature_2m', 'dew_point_2m', 'cloud_cover_low')","('holiday', 'temperature_2m', 'dew_point_2m', 'cloud_cover_low')",3.140752862003973,29.8130770810101,4
Calendar + Oracle Weather Search,M793,h1_w0_integer_ws_temperature_2m_dew_point_2m_cloud_cover_low,"('holiday', 'dow', 'temperature_2m', 'dew_point_2m', 'cloud_cover_low')","('holiday', 'dow', 'temperature_2m', 'dew_point_2m', 'cloud_cover_low')",3.067539590489138,28.782255029581982,5
Calendar + Oracle Weather Search,M794,h1_w0_one_hot_ws_temperature_2m_dew_point_2m_cloud_cover_low,"('holiday', 'dow_0', 'dow_1', 'dow_2', 'dow_3', 'dow_4', 'dow_5', 'dow_6', 'temperature_2m', 'dew_point_2m', 'cloud_cover_low')","('holiday', 'dow_0', 'dow_1', 'dow_2', 'dow_3', 'dow_4', 'dow_5', 'dow_6', 'temperature_2m', 'dew_point_2m', 'cloud_cover_low')",2.9448850601274907,27.862925026645087,11
Calendar + Oracle Weather Search,M795,h1_w0_cyclic_ws_temperature_2m_dew_point_2m_cloud_cover_low,"('holiday', 'dow_sin', 'dow_cos', 'temperature_2m', 'dew_point_2m', 'cloud_cover_low')","('holiday', 'dow_sin', 'dow_cos', 'temperature_2m', 'dew_point_2m', 'cloud_cover_low')",2.934541727858436,27.90149776306697,6
Calendar + Oracle Weather Search,M796,h1_w1_none_ws_temperature_2m_dew_point_2m_cloud_cover_low,"('holiday', 'weekend', 'temperature_2m', 'dew_point_2m', 'cloud_cover_low')","('holiday', 'weekend', 'temperature_2m', 'dew_point_2m', 'cloud_cover_low')",2.7155658491700447,25.588827007122973,5
Calendar + Oracle Weather Search,M797,h1_w1_integer_ws_temperature_2m_dew_point_2m_cloud_cover_low,"('holiday', 'weekend', 'dow', 'temperature_2m', 'dew_point_2m', 'cloud_cover_low')","('holiday', 'weekend', 'dow', 'temperature_2m', 'dew_point_2m', 'cloud_cover_low')",2.8001008419489204,26.170238000272825,6
Calendar + Oracle Weather Search,M798,h1_w1_one_hot_ws_temperature_2m_dew_point_2m_cloud_cover_low,"('holiday', 'weekend', 'dow_0', 'dow_1', 'dow_2', 'dow_3', 'dow_4', 'dow_5', 'dow_6', 'temperature_2m', 'dew_point_2m', 'cloud_cover_low')","('holiday', 'weekend', 'dow_0', 'dow_1', 'dow_2', 'dow_3', 'dow_4', 'dow_5', 'dow_6', 'temperature_2m', 'dew_point_2m', 'cloud_cover_low')",2.850424933679186,26.893869153946344,12
Calendar + Oracle Weather Search,M799,h1_w1_cyclic_ws_temperature_2m_dew_point_2m_cloud_cover_low,"('holiday', 'weekend', 'dow_sin', 'dow_cos', 'temperature_2m', 'dew_point_2m', 'cloud_cover_low')","('holiday', 'weekend', 'dow_sin', 'dow_cos', 'temperature_2m', 'dew_point_2m', 'cloud_cover_low')",2.7616343542336725,25.967620463003765,7
Calendar + Oracle Weather Search,M800,h0_w0_none_ws_temperature_2m_pressure_msl_wind_speed_10m,"('temperature_2m', 'pressure_msl', 'wind_speed_10m')","('temperature_2m', 'pressure_msl', 'wind_speed_10m')",3.384831605696013,32.21038230121966,3
Calendar + Oracle Weather Search,M801,h0_w0_integer_ws_temperature_2m_pressure_msl_wind_speed_10m,"('dow', 'temperature_2m', 'pressure_msl', 'wind_speed_10m')","('dow', 'temperature_2m', 'pressure_msl', 'wind_speed_10m')",3.363878685147481,31.223330930137323,4
Calendar + Oracle Weather Search,M802,h0_w0_one_hot_ws_temperature_2m_pressure_msl_wind_speed_10m,"('dow_0', 'dow_1', 'dow_2', 'dow_3', 'dow_4', 'dow_5', 'dow_6', 'temperature_2m', 'pressure_msl', 'wind_speed_10m')","('dow_0', 'dow_1', 'dow_2', 'dow_3', 'dow_4', 'dow_5', 'dow_6', 'temperature_2m', 'pressure_msl', 'wind_speed_10m')",3.0044706216760244,28.316067005457597,10
Calendar + Oracle Weather Search,M803,h0_w0_cyclic_ws_temperature_2m_pressure_msl_wind_speed_10m,"('dow_sin', 'dow_cos', 'temperature_2m', 'pressure_msl', 'wind_speed_10m')","('dow_sin', 'dow_cos', 'temperature_2m', 'pressure_msl', 'wind_speed_10m')",3.0883911722013875,29.457884511400994,5
Calendar + Oracle Weather Search,M804,h0_w1_none_ws_temperature_2m_pressure_msl_wind_speed_10m,"('weekend', 'temperature_2m', 'pressure_msl', 'wind_speed_10m')","('weekend', 'temperature_2m', 'pressure_msl', 'wind_speed_10m')",2.8445230333831613,26.734401914737614,4
Calendar + Oracle Weather Search,M805,h0_w1_integer_ws_temperature_2m_pressure_msl_wind_speed_10m,"('weekend', 'dow', 'temperature_2m', 'pressure_msl', 'wind_speed_10m')","('weekend', 'dow', 'temperature_2m', 'pressure_msl', 'wind_speed_10m')",3.0147961119858064,27.981560575920756,5
Calendar + Oracle Weather Search,M806,h0_w1_one_hot_ws_temperature_2m_pressure_msl_wind_speed_10m,"('weekend', 'dow_0', 'dow_1', 'dow_2', 'dow_3', 'dow_4', 'dow_5', 'dow_6', 'temperature_2m', 'pressure_msl', 'wind_speed_10m')","('weekend', 'dow_0', 'dow_1', 'dow_2', 'dow_3', 'dow_4', 'dow_5', 'dow_6', 'temperature_2m', 'pressure_msl', 'wind_speed_10m')",2.912674150990558,27.407626020786836,11
Calendar + Oracle Weather Search,M807,h0_w1_cyclic_ws_temperature_2m_pressure_msl_wind_speed_10m,"('weekend', 'dow_sin', 'dow_cos', 'temperature_2m', 'pressure_msl', 'wind_speed_10m')","('weekend', 'dow_sin', 'dow_cos', 'temperature_2m', 'pressure_msl', 'wind_speed_10m')",2.920838910636009,27.530978047079333,6
Calendar + Oracle Weather Search,M808,h1_w0_none_ws_temperature_2m_pressure_msl_wind_speed_10m,"('holiday', 'temperature_2m', 'pressure_msl', 'wind_speed_10m')","('holiday', 'temperature_2m', 'pressure_msl', 'wind_speed_10m')",3.0603157269754235,28.920284671608222,4
Calendar + Oracle Weather Search,M809,h1_w0_integer_ws_temperature_2m_pressure_msl_wind_speed_10m,"('holiday', 'dow', 'temperature_2m', 'pressure_msl', 'wind_speed_10m')","('holiday', 'dow', 'temperature_2m', 'pressure_msl', 'wind_speed_10m')",3.0861593556087135,28.836727798989852,5
Calendar + Oracle Weather Search,M810,h1_w0_one_hot_ws_temperature_2m_pressure_msl_wind_speed_10m,"('holiday', 'dow_0', 'dow_1', 'dow_2', 'dow_3', 'dow_4', 'dow_5', 'dow_6', 'temperature_2m', 'pressure_msl', 'wind_speed_10m')","('holiday', 'dow_0', 'dow_1', 'dow_2', 'dow_3', 'dow_4', 'dow_5', 'dow_6', 'temperature_2m', 'pressure_msl', 'wind_speed_10m')",2.9583279498587682,27.892369844142337,11
Calendar + Oracle Weather Search,M811,h1_w0_cyclic_ws_temperature_2m_pressure_msl_wind_speed_10m,"('holiday', 'dow_sin', 'dow_cos', 'temperature_2m', 'pressure_msl', 'wind_speed_10m')","('holiday', 'dow_sin', 'dow_cos', 'temperature_2m', 'pressure_msl', 'wind_speed_10m')",2.9632996142654564,28.1481421561258,6
Calendar + Oracle Weather Search,M812,h1_w1_none_ws_temperature_2m_pressure_msl_wind_speed_10m,"('holiday', 'weekend', 'temperature_2m', 'pressure_msl', 'wind_speed_10m')","('holiday', 'weekend', 'temperature_2m', 'pressure_msl', 'wind_speed_10m')",2.777544414432866,26.13705761084837,5
Calendar + Oracle Weather Search,M813,h1_w1_integer_ws_temperature_2m_pressure_msl_wind_speed_10m,"('holiday', 'weekend', 'dow', 'temperature_2m', 'pressure_msl', 'wind_speed_10m')","('holiday', 'weekend', 'dow', 'temperature_2m', 'pressure_msl', 'wind_speed_10m')",2.8687701592619126,26.752900340001208,6
Calendar + Oracle Weather Search,M814,h1_w1_one_hot_ws_temperature_2m_pressure_msl_wind_speed_10m,"('holiday', 'weekend', 'dow_0', 'dow_1', 'dow_2', 'dow_3', 'dow_4', 'dow_5', 'dow_6', 'temperature_2m', 'pressure_msl', 'wind_speed_10m')","('holiday', 'weekend', 'dow_0', 'dow_1', 'dow_2', 'dow_3', 'dow_4', 'dow_5', 'dow_6', 'temperature_2m', 'pressure_msl', 'wind_speed_10m')",2.869807802404409,27.01815262824147,12
Calendar + Oracle Weather Search,M815,h1_w1_cyclic_ws_temperature_2m_pressure_msl_wind_speed_10m,"('holiday', 'weekend', 'dow_sin', 'dow_cos', 'temperature_2m', 'pressure_msl', 'wind_speed_10m')","('holiday', 'weekend', 'dow_sin', 'dow_cos', 'temperature_2m', 'pressure_msl', 'wind_speed_10m')",2.8182082292931816,26.576792069699287,7
Calendar + Oracle Weather Search,M816,h0_w0_none_ws_temperature_2m_pressure_msl_cloud_cover_low,"('temperature_2m', 'pressure_msl', 'cloud_cover_low')","('temperature_2m', 'pressure_msl', 'cloud_cover_low')",3.370645808569115,32.24038339550444,3
Calendar + Oracle Weather Search,M817,h0_w0_integer_ws_temperature_2m_pressure_msl_cloud_cover_low,"('dow', 'temperature_2m', 'pressure_msl', 'cloud_cover_low')","('dow', 'temperature_2m', 'pressure_msl', 'cloud_cover_low')",3.3751579672264325,31.46382172730242,4
Calendar + Oracle Weather Search,M818,h0_w0_one_hot_ws_temperature_2m_pressure_msl_cloud_cover_low,"('dow_0', 'dow_1', 'dow_2', 'dow_3', 'dow_4', 'dow_5', 'dow_6', 'temperature_2m', 'pressure_msl', 'cloud_cover_low')","('dow_0', 'dow_1', 'dow_2', 'dow_3', 'dow_4', 'dow_5', 'dow_6', 'temperature_2m', 'pressure_msl', 'cloud_cover_low')",3.0011023993516432,28.362765397502177,10
Calendar + Oracle Weather Search,M819,h0_w0_cyclic_ws_temperature_2m_pressure_msl_cloud_cover_low,"('dow_sin', 'dow_cos', 'temperature_2m', 'pressure_msl', 'cloud_cover_low')","('dow_sin', 'dow_cos', 'temperature_2m', 'pressure_msl', 'cloud_cover_low')",3.0810500544612927,29.463043214384513,5
Calendar + Oracle Weather Search,M820,h0_w1_none_ws_temperature_2m_pressure_msl_cloud_cover_low,"('weekend', 'temperature_2m', 'pressure_msl', 'cloud_cover_low')","('weekend', 'temperature_2m', 'pressure_msl', 'cloud_cover_low')",2.8281447635141626,26.584912325813196,4
Calendar + Oracle Weather Search,M821,h0_w1_integer_ws_temperature_2m_pressure_msl_cloud_cover_low,"('weekend', 'dow', 'temperature_2m', 'pressure_msl', 'cloud_cover_low')","('weekend', 'dow', 'temperature_2m', 'pressure_msl', 'cloud_cover_low')",2.9983462825563083,27.855304326532462,5
Calendar + Oracle Weather Search,M822,h0_w1_one_hot_ws_temperature_2m_pressure_msl_cloud_cover_low,"('weekend', 'dow_0', 'dow_1', 'dow_2', 'dow_3', 'dow_4', 'dow_5', 'dow_6', 'temperature_2m', 'pressure_msl', 'cloud_cover_low')","('weekend', 'dow_0', 'dow_1', 'dow_2', 'dow_3', 'dow_4', 'dow_5', 'dow_6', 'temperature_2m', 'pressure_msl', 'cloud_cover_low')",2.896638524977529,27.290311834466813,11
Calendar + Oracle Weather Search,M823,h0_w1_cyclic_ws_temperature_2m_pressure_msl_cloud_cover_low,"('weekend', 'dow_sin', 'dow_cos', 'temperature_2m', 'pressure_msl', 'cloud_cover_low')","('weekend', 'dow_sin', 'dow_cos', 'temperature_2m', 'pressure_msl', 'cloud_cover_low')",2.886263908780575,27.113923456411374,6
Calendar + Oracle Weather Search,M824,h1_w0_none_ws_temperature_2m_pressure_msl_cloud_cover_low,"('holiday', 'temperature_2m', 'pressure_msl', 'cloud_cover_low')","('holiday', 'temperature_2m', 'pressure_msl', 'cloud_cover_low')",3.0362671154444776,28.774878085922715,4
Calendar + Oracle Weather Search,M825,h1_w0_integer_ws_temperature_2m_pressure_msl_cloud_cover_low,"('holiday', 'dow', 'temperature_2m', 'pressure_msl', 'cloud_cover_low')","('holiday', 'dow', 'temperature_2m', 'pressure_msl', 'cloud_cover_low')",3.073858953561671,28.790426044226862,5
Calendar + Oracle Weather Search,M826,h1_w0_one_hot_ws_temperature_2m_pressure_msl_cloud_cover_low,"('holiday', 'dow_0', 'dow_1', 'dow_2', 'dow_3', 'dow_4', 'dow_5', 'dow_6', 'temperature_2m', 'pressure_msl', 'cloud_cover_low')","('holiday', 'dow_0', 'dow_1', 'dow_2', 'dow_3', 'dow_4', 'dow_5', 'dow_6', 'temperature_2m', 'pressure_msl', 'cloud_cover_low')",2.967759349818867,28.03922614401201,11
Calendar + Oracle Weather Search,M827,h1_w0_cyclic_ws_temperature_2m_pressure_msl_cloud_cover_low,"('holiday', 'dow_sin', 'dow_cos', 'temperature_2m', 'pressure_msl', 'cloud_cover_low')","('holiday', 'dow_sin', 'dow_cos', 'temperature_2m', 'pressure_msl', 'cloud_cover_low')",2.9454747293531556,27.977414607276643,6
Calendar + Oracle Weather Search,M828,h1_w1_none_ws_temperature_2m_pressure_msl_cloud_cover_low,"('holiday', 'weekend', 'temperature_2m', 'pressure_msl', 'cloud_cover_low')","('holiday', 'weekend', 'temperature_2m', 'pressure_msl', 'cloud_cover_low')",2.7474919811582557,25.857269327483962,5
Calendar + Oracle Weather Search,M829,h1_w1_integer_ws_temperature_2m_pressure_msl_cloud_cover_low,"('holiday', 'weekend', 'dow', 'temperature_2m', 'pressure_msl', 'cloud_cover_low')","('holiday', 'weekend', 'dow', 'temperature_2m', 'pressure_msl', 'cloud_cover_low')",2.8451338448016825,26.51043551709326,6
Calendar + Oracle Weather Search,M830,h1_w1_one_hot_ws_temperature_2m_pressure_msl_cloud_cover_low,"('holiday', 'weekend', 'dow_0', 'dow_1', 'dow_2', 'dow_3', 'dow_4', 'dow_5', 'dow_6', 'temperature_2m', 'pressure_msl', 'cloud_cover_low')","('holiday', 'weekend', 'dow_0', 'dow_1', 'dow_2', 'dow_3', 'dow_4', 'dow_5', 'dow_6', 'temperature_2m', 'pressure_msl', 'cloud_cover_low')",2.8679930019102726,27.02589148482379,12
Calendar + Oracle Weather Search,M831,h1_w1_cyclic_ws_temperature_2m_pressure_msl_cloud_cover_low,"('holiday', 'weekend', 'dow_sin', 'dow_cos', 'temperature_2m', 'pressure_msl', 'cloud_cover_low')","('holiday', 'weekend', 'dow_sin', 'dow_cos', 'temperature_2m', 'pressure_msl', 'cloud_cover_low')",2.790086070442418,26.22325752429085,7
Calendar + Oracle Weather Search,M832,h0_w0_none_ws_temperature_2m_wind_speed_10m_cloud_cover_low,"('temperature_2m', 'wind_speed_10m', 'cloud_cover_low')","('temperature_2m', 'wind_speed_10m', 'cloud_cover_low')",3.535085121122716,33.81435638161205,3
Calendar + Oracle Weather Search,M833,h0_w0_integer_ws_temperature_2m_wind_speed_10m_cloud_cover_low,"('dow', 'temperature_2m', 'wind_speed_10m', 'cloud_cover_low')","('dow', 'temperature_2m', 'wind_speed_10m', 'cloud_cover_low')",3.3050765646864733,30.785283003325905,4
Calendar + Oracle Weather Search,M834,h0_w0_one_hot_ws_temperature_2m_wind_speed_10m_cloud_cover_low,"('dow_0', 'dow_1', 'dow_2', 'dow_3', 'dow_4', 'dow_5', 'dow_6', 'temperature_2m', 'wind_speed_10m', 'cloud_cover_low')","('dow_0', 'dow_1', 'dow_2', 'dow_3', 'dow_4', 'dow_5', 'dow_6', 'temperature_2m', 'wind_speed_10m', 'cloud_cover_low')",2.993014661174759,28.27092012414018,10
Calendar + Oracle Weather Search,M835,h0_w0_cyclic_ws_temperature_2m_wind_speed_10m_cloud_cover_low,"('dow_sin', 'dow_cos', 'temperature_2m', 'wind_speed_10m', 'cloud_cover_low')","('dow_sin', 'dow_cos', 'temperature_2m', 'wind_speed_10m', 'cloud_cover_low')",3.030657687398099,28.95301290777839,5
Calendar + Oracle Weather Search,M836,h0_w1_none_ws_temperature_2m_wind_speed_10m_cloud_cover_low,"('weekend', 'temperature_2m', 'wind_speed_10m', 'cloud_cover_low')","('weekend', 'temperature_2m', 'wind_speed_10m', 'cloud_cover_low')",2.8126878131913253,26.47027044009916,4
Calendar + Oracle Weather Search,M837,h0_w1_integer_ws_temperature_2m_wind_speed_10m_cloud_cover_low,"('weekend', 'dow', 'temperature_2m', 'wind_speed_10m', 'cloud_cover_low')","('weekend', 'dow', 'temperature_2m', 'wind_speed_10m', 'cloud_cover_low')",2.9379090318950793,27.392419028549323,5
Calendar + Oracle Weather Search,M838,h0_w1_one_hot_ws_temperature_2m_wind_speed_10m_cloud_cover_low,"('weekend', 'dow_0', 'dow_1', 'dow_2', 'dow_3', 'dow_4', 'dow_5', 'dow_6', 'temperature_2m', 'wind_speed_10m', 'cloud_cover_low')","('weekend', 'dow_0', 'dow_1', 'dow_2', 'dow_3', 'dow_4', 'dow_5', 'dow_6', 'temperature_2m', 'wind_speed_10m', 'cloud_cover_low')",2.9024406239063936,27.359003823604475,11
Calendar + Oracle Weather Search,M839,h0_w1_cyclic_ws_temperature_2m_wind_speed_10m_cloud_cover_low,"('weekend', 'dow_sin', 'dow_cos', 'temperature_2m', 'wind_speed_10m', 'cloud_cover_low')","('weekend', 'dow_sin', 'dow_cos', 'temperature_2m', 'wind_speed_10m', 'cloud_cover_low')",2.8604099132936605,26.921639041043736,6
Calendar + Oracle Weather Search,M840,h1_w0_none_ws_temperature_2m_wind_speed_10m_cloud_cover_low,"('holiday', 'temperature_2m', 'wind_speed_10m', 'cloud_cover_low')","('holiday', 'temperature_2m', 'wind_speed_10m', 'cloud_cover_low')",3.1082883652857443,29.44910552593562,4
Calendar + Oracle Weather Search,M841,h1_w0_integer_ws_temperature_2m_wind_speed_10m_cloud_cover_low,"('holiday', 'dow', 'temperature_2m', 'wind_speed_10m', 'cloud_cover_low')","('holiday', 'dow', 'temperature_2m', 'wind_speed_10m', 'cloud_cover_low')",3.047277862155796,28.603002746390235,5
Calendar + Oracle Weather Search,M842,h1_w0_one_hot_ws_temperature_2m_wind_speed_10m_cloud_cover_low,"('holiday', 'dow_0', 'dow_1', 'dow_2', 'dow_3', 'dow_4', 'dow_5', 'dow_6', 'temperature_2m', 'wind_speed_10m', 'cloud_cover_low')","('holiday', 'dow_0', 'dow_1', 'dow_2', 'dow_3', 'dow_4', 'dow_5', 'dow_6', 'temperature_2m', 'wind_speed_10m', 'cloud_cover_low')",2.9575381436675228,27.94319258661221,11
Calendar + Oracle Weather Search,M843,h1_w0_cyclic_ws_temperature_2m_wind_speed_10m_cloud_cover_low,"('holiday', 'dow_sin', 'dow_cos', 'temperature_2m', 'wind_speed_10m', 'cloud_cover_low')","('holiday', 'dow_sin', 'dow_cos', 'temperature_2m', 'wind_speed_10m', 'cloud_cover_low')",2.905491261819361,27.623055095009708,6
Calendar + Oracle Weather Search,M844,h1_w1_none_ws_temperature_2m_wind_speed_10m_cloud_cover_low,"('holiday', 'weekend', 'temperature_2m', 'wind_speed_10m', 'cloud_cover_low')","('holiday', 'weekend', 'temperature_2m', 'wind_speed_10m', 'cloud_cover_low')",2.7408393977607277,25.83386285556637,5
Calendar + Oracle Weather Search,M845,h1_w1_integer_ws_temperature_2m_wind_speed_10m_cloud_cover_low,"('holiday', 'weekend', 'dow', 'temperature_2m', 'wind_speed_10m', 'cloud_cover_low')","('holiday', 'weekend', 'dow', 'temperature_2m', 'wind_speed_10m', 'cloud_cover_low')",2.811507236566368,26.315457719719074,6
Calendar + Oracle Weather Search,M846,h1_w1_one_hot_ws_temperature_2m_wind_speed_10m_cloud_cover_low,"('holiday', 'weekend', 'dow_0', 'dow_1', 'dow_2', 'dow_3', 'dow_4', 'dow_5', 'dow_6', 'temperature_2m', 'wind_speed_10m', 'cloud_cover_low')","('holiday', 'weekend', 'dow_0', 'dow_1', 'dow_2', 'dow_3', 'dow_4', 'dow_5', 'dow_6', 'temperature_2m', 'wind_speed_10m', 'cloud_cover_low')",2.868598399342731,27.04826813031099,12
Calendar + Oracle Weather Search,M847,h1_w1_cyclic_ws_temperature_2m_wind_speed_10m_cloud_cover_low,"('holiday', 'weekend', 'dow_sin', 'dow_cos', 'temperature_2m', 'wind_speed_10m', 'cloud_cover_low')","('holiday', 'weekend', 'dow_sin', 'dow_cos', 'temperature_2m', 'wind_speed_10m', 'cloud_cover_low')",2.7793077020534307,26.172364921617824,7
Calendar + Oracle Weather Search,M848,h0_w0_none_ws_dew_point_2m_pressure_msl_wind_speed_10m,"('dew_point_2m', 'pressure_msl', 'wind_speed_10m')","('dew_point_2m', 'pressure_msl', 'wind_speed_10m')",3.4872697394648657,33.18195844126534,3
Calendar + Oracle Weather Search,M849,h0_w0_integer_ws_dew_point_2m_pressure_msl_wind_speed_10m,"('dow', 'dew_point_2m', 'pressure_msl', 'wind_speed_10m')","('dow', 'dew_point_2m', 'pressure_msl', 'wind_speed_10m')",3.441321854949561,31.93373003263715,4
Calendar + Oracle Weather Search,M850,h0_w0_one_hot_ws_dew_point_2m_pressure_msl_wind_speed_10m,"('dow_0', 'dow_1', 'dow_2', 'dow_3', 'dow_4', 'dow_5', 'dow_6', 'dew_point_2m', 'pressure_msl', 'wind_speed_10m')","('dow_0', 'dow_1', 'dow_2', 'dow_3', 'dow_4', 'dow_5', 'dow_6', 'dew_point_2m', 'pressure_msl', 'wind_speed_10m')",3.015475050183449,28.43075424660352,10
Calendar + Oracle Weather Search,M851,h0_w0_cyclic_ws_dew_point_2m_pressure_msl_wind_speed_10m,"('dow_sin', 'dow_cos', 'dew_point_2m', 'pressure_msl', 'wind_speed_10m')","('dow_sin', 'dow_cos', 'dew_point_2m', 'pressure_msl', 'wind_speed_10m')",3.139889506779719,29.99054666733159,5
Calendar + Oracle Weather Search,M852,h0_w1_none_ws_dew_point_2m_pressure_msl_wind_speed_10m,"('weekend', 'dew_point_2m', 'pressure_msl', 'wind_speed_10m')","('weekend', 'dew_point_2m', 'pressure_msl', 'wind_speed_10m')",2.8883056200614834,27.066428707925915,4
Calendar + Oracle Weather Search,M853,h0_w1_integer_ws_dew_point_2m_pressure_msl_wind_speed_10m,"('weekend', 'dow', 'dew_point_2m', 'pressure_msl', 'wind_speed_10m')","('weekend', 'dow', 'dew_point_2m', 'pressure_msl', 'wind_speed_10m')",3.0625698511416415,28.340726106329832,5
Calendar + Oracle Weather Search,M854,h0_w1_one_hot_ws_dew_point_2m_pressure_msl_wind_speed_10m,"('weekend', 'dow_0', 'dow_1', 'dow_2', 'dow_3', 'dow_4', 'dow_5', 'dow_6', 'dew_point_2m', 'pressure_msl', 'wind_speed_10m')","('weekend', 'dow_0', 'dow_1', 'dow_2', 'dow_3', 'dow_4', 'dow_5', 'dow_6', 'dew_point_2m', 'pressure_msl', 'wind_speed_10m')",2.922590263050525,27.486939502711,11
Calendar + Oracle Weather Search,M855,h0_w1_cyclic_ws_dew_point_2m_pressure_msl_wind_speed_10m,"('weekend', 'dow_sin', 'dow_cos', 'dew_point_2m', 'pressure_msl', 'wind_speed_10m')","('weekend', 'dow_sin', 'dow_cos', 'dew_point_2m', 'pressure_msl', 'wind_speed_10m')",2.9426270221912882,27.6931127943302,6
Calendar + Oracle Weather Search,M856,h1_w0_none_ws_dew_point_2m_pressure_msl_wind_speed_10m,"('holiday', 'dew_point_2m', 'pressure_msl', 'wind_speed_10m')","('holiday', 'dew_point_2m', 'pressure_msl', 'wind_speed_10m')",3.1071523121048963,29.345224348087704,4
Calendar + Oracle Weather Search,M857,h1_w0_integer_ws_dew_point_2m_pressure_msl_wind_speed_10m,"('holiday', 'dow', 'dew_point_2m', 'pressure_msl', 'wind_speed_10m')","('holiday', 'dow', 'dew_point_2m', 'pressure_msl', 'wind_speed_10m')",3.128329846440902,29.190557675081294,5
Calendar + Oracle Weather Search,M858,h1_w0_one_hot_ws_dew_point_2m_pressure_msl_wind_speed_10m,"('holiday', 'dow_0', 'dow_1', 'dow_2', 'dow_3', 'dow_4', 'dow_5', 'dow_6', 'dew_point_2m', 'pressure_msl', 'wind_speed_10m')","('holiday', 'dow_0', 'dow_1', 'dow_2', 'dow_3', 'dow_4', 'dow_5', 'dow_6', 'dew_point_2m', 'pressure_msl', 'wind_speed_10m')",2.9715984306165732,28.026552317689994,11
Calendar + Oracle Weather Search,M859,h1_w0_cyclic_ws_dew_point_2m_pressure_msl_wind_speed_10m,"('holiday', 'dow_sin', 'dow_cos', 'dew_point_2m', 'pressure_msl', 'wind_speed_10m')","('holiday', 'dow_sin', 'dow_cos', 'dew_point_2m', 'pressure_msl', 'wind_speed_10m')",2.9897409385770786,28.415299017834858,6
Calendar + Oracle Weather Search,M860,h1_w1_none_ws_dew_point_2m_pressure_msl_wind_speed_10m,"('holiday', 'weekend', 'dew_point_2m', 'pressure_msl', 'wind_speed_10m')","('holiday', 'weekend', 'dew_point_2m', 'pressure_msl', 'wind_speed_10m')",2.8010074028900207,26.29143762982182,5
Calendar + Oracle Weather Search,M861,h1_w1_integer_ws_dew_point_2m_pressure_msl_wind_speed_10m,"('holiday', 'weekend', 'dow', 'dew_point_2m', 'pressure_msl', 'wind_speed_10m')","('holiday', 'weekend', 'dow', 'dew_point_2m', 'pressure_msl', 'wind_speed_10m')",2.894925504504291,26.89990843682536,6
Calendar + Oracle Weather Search,M862,h1_w1_one_hot_ws_dew_point_2m_pressure_msl_wind_speed_10m,"('holiday', 'weekend', 'dow_0', 'dow_1', 'dow_2', 'dow_3', 'dow_4', 'dow_5', 'dow_6', 'dew_point_2m', 'pressure_msl', 'wind_speed_10m')","('holiday', 'weekend', 'dow_0', 'dow_1', 'dow_2', 'dow_3', 'dow_4', 'dow_5', 'dow_6', 'dew_point_2m', 'pressure_msl', 'wind_speed_10m')",2.8838330001533876,27.11257143046909,12
Calendar + Oracle Weather Search,M863,h1_w1_cyclic_ws_dew_point_2m_pressure_msl_wind_speed_10m,"('holiday', 'weekend', 'dow_sin', 'dow_cos', 'dew_point_2m', 'pressure_msl', 'wind_speed_10m')","('holiday', 'weekend', 'dow_sin', 'dow_cos', 'dew_point_2m', 'pressure_msl', 'wind_speed_10m')",2.840981276141654,26.717261884413134,7
Calendar + Oracle Weather Search,M864,h0_w0_none_ws_dew_point_2m_pressure_msl_cloud_cover_low,"('dew_point_2m', 'pressure_msl', 'cloud_cover_low')","('dew_point_2m', 'pressure_msl', 'cloud_cover_low')",3.4595564040704674,33.050787720581006,3
Calendar + Oracle Weather Search,M865,h0_w0_integer_ws_dew_point_2m_pressure_msl_cloud_cover_low,"('dow', 'dew_point_2m', 'pressure_msl', 'cloud_cover_low')","('dow', 'dew_point_2m', 'pressure_msl', 'cloud_cover_low')",3.4459542160454775,32.100459339231946,4
Calendar + Oracle Weather Search,M866,h0_w0_one_hot_ws_dew_point_2m_pressure_msl_cloud_cover_low,"('dow_0', 'dow_1', 'dow_2', 'dow_3', 'dow_4', 'dow_5', 'dow_6', 'dew_point_2m', 'pressure_msl', 'cloud_cover_low')","('dow_0', 'dow_1', 'dow_2', 'dow_3', 'dow_4', 'dow_5', 'dow_6', 'dew_point_2m', 'pressure_msl', 'cloud_cover_low')",3.0242833446201414,28.560695996804437,10
Calendar + Oracle Weather Search,M867,h0_w0_cyclic_ws_dew_point_2m_pressure_msl_cloud_cover_low,"('dow_sin', 'dow_cos', 'dew_point_2m', 'pressure_msl', 'cloud_cover_low')","('dow_sin', 'dow_cos', 'dew_point_2m', 'pressure_msl', 'cloud_cover_low')",3.132024165217797,29.99649610702401,5
Calendar + Oracle Weather Search,M868,h0_w1_none_ws_dew_point_2m_pressure_msl_cloud_cover_low,"('weekend', 'dew_point_2m', 'pressure_msl', 'cloud_cover_low')","('weekend', 'dew_point_2m', 'pressure_msl', 'cloud_cover_low')",2.861897667575614,26.852557080261413,4
Calendar + Oracle Weather Search,M869,h0_w1_integer_ws_dew_point_2m_pressure_msl_cloud_cover_low,"('weekend', 'dow', 'dew_point_2m', 'pressure_msl', 'cloud_cover_low')","('weekend', 'dow', 'dew_point_2m', 'pressure_msl', 'cloud_cover_low')",3.029624898932435,28.112644122298786,5
Calendar + Oracle Weather Search,M870,h0_w1_one_hot_ws_dew_point_2m_pressure_msl_cloud_cover_low,"('weekend', 'dow_0', 'dow_1', 'dow_2', 'dow_3', 'dow_4', 'dow_5', 'dow_6', 'dew_point_2m', 'pressure_msl', 'cloud_cover_low')","('weekend', 'dow_0', 'dow_1', 'dow_2', 'dow_3', 'dow_4', 'dow_5', 'dow_6', 'dew_point_2m', 'pressure_msl', 'cloud_cover_low')",2.9214396802353058,27.47414287205227,11
Calendar + Oracle Weather Search,M871,h0_w1_cyclic_ws_dew_point_2m_pressure_msl_cloud_cover_low,"('weekend', 'dow_sin', 'dow_cos', 'dew_point_2m', 'pressure_msl', 'cloud_cover_low')","('weekend', 'dow_sin', 'dow_cos', 'dew_point_2m', 'pressure_msl', 'cloud_cover_low')",2.914843757427917,27.34576900746086,6
Calendar + Oracle Weather Search,M872,h1_w0_none_ws_dew_point_2m_pressure_msl_cloud_cover_low,"('holiday', 'dew_point_2m', 'pressure_msl', 'cloud_cover_low')","('holiday', 'dew_point_2m', 'pressure_msl', 'cloud_cover_low')",3.096232345008444,29.34576681936738,4
Calendar + Oracle Weather Search,M873,h1_w0_integer_ws_dew_point_2m_pressure_msl_cloud_cover_low,"('holiday', 'dow', 'dew_point_2m', 'pressure_msl', 'cloud_cover_low')","('holiday', 'dow', 'dew_point_2m', 'pressure_msl', 'cloud_cover_low')",3.1162235361335187,29.148072389576303,5
Calendar + Oracle Weather Search,M874,h1_w0_one_hot_ws_dew_point_2m_pressure_msl_cloud_cover_low,"('holiday', 'dow_0', 'dow_1', 'dow_2', 'dow_3', 'dow_4', 'dow_5', 'dow_6', 'dew_point_2m', 'pressure_msl', 'cloud_cover_low')","('holiday', 'dow_0', 'dow_1', 'dow_2', 'dow_3', 'dow_4', 'dow_5', 'dow_6', 'dew_point_2m', 'pressure_msl', 'cloud_cover_low')",2.990681115546513,28.241797859248642,11
Calendar + Oracle Weather Search,M875,h1_w0_cyclic_ws_dew_point_2m_pressure_msl_cloud_cover_low,"('holiday', 'dow_sin', 'dow_cos', 'dew_point_2m', 'pressure_msl', 'cloud_cover_low')","('holiday', 'dow_sin', 'dow_cos', 'dew_point_2m', 'pressure_msl', 'cloud_cover_low')",2.983157563558755,28.346668601695928,6
Calendar + Oracle Weather Search,M876,h1_w1_none_ws_dew_point_2m_pressure_msl_cloud_cover_low,"('holiday', 'weekend', 'dew_point_2m', 'pressure_msl', 'cloud_cover_low')","('holiday', 'weekend', 'dew_point_2m', 'pressure_msl', 'cloud_cover_low')",2.7752169876845736,26.059221468072433,5
Calendar + Oracle Weather Search,M877,h1_w1_integer_ws_dew_point_2m_pressure_msl_cloud_cover_low,"('holiday', 'weekend', 'dow', 'dew_point_2m', 'pressure_msl', 'cloud_cover_low')","('holiday', 'weekend', 'dow', 'dew_point_2m', 'pressure_msl', 'cloud_cover_low')",2.8643702046350765,26.66057970652537,6
Calendar + Oracle Weather Search,M878,h1_w1_one_hot_ws_dew_point_2m_pressure_msl_cloud_cover_low,"('holiday', 'weekend', 'dow_0', 'dow_1', 'dow_2', 'dow_3', 'dow_4', 'dow_5', 'dow_6', 'dew_point_2m', 'pressure_msl', 'cloud_cover_low')","('holiday', 'weekend', 'dow_0', 'dow_1', 'dow_2', 'dow_3', 'dow_4', 'dow_5', 'dow_6', 'dew_point_2m', 'pressure_msl', 'cloud_cover_low')",2.8903583249323277,27.18048283203961,12
Calendar + Oracle Weather Search,M879,h1_w1_cyclic_ws_dew_point_2m_pressure_msl_cloud_cover_low,"('holiday', 'weekend', 'dow_sin', 'dow_cos', 'dew_point_2m', 'pressure_msl', 'cloud_cover_low')","('holiday', 'weekend', 'dow_sin', 'dow_cos', 'dew_point_2m', 'pressure_msl', 'cloud_cover_low')",2.8225151481886948,26.47341788252882,7
Calendar + Oracle Weather Search,M880,h0_w0_none_ws_dew_point_2m_wind_speed_10m_cloud_cover_low,"('dew_point_2m', 'wind_speed_10m', 'cloud_cover_low')","('dew_point_2m', 'wind_speed_10m', 'cloud_cover_low')",3.5559865562819173,34.008340441398595,3
Calendar + Oracle Weather Search,M881,h0_w0_integer_ws_dew_point_2m_wind_speed_10m_cloud_cover_low,"('dow', 'dew_point_2m', 'wind_speed_10m', 'cloud_cover_low')","('dow', 'dew_point_2m', 'wind_speed_10m', 'cloud_cover_low')",3.3440841215421644,31.16406541130761,4
Calendar + Oracle Weather Search,M882,h0_w0_one_hot_ws_dew_point_2m_wind_speed_10m_cloud_cover_low,"('dow_0', 'dow_1', 'dow_2', 'dow_3', 'dow_4', 'dow_5', 'dow_6', 'dew_point_2m', 'wind_speed_10m', 'cloud_cover_low')","('dow_0', 'dow_1', 'dow_2', 'dow_3', 'dow_4', 'dow_5', 'dow_6', 'dew_point_2m', 'wind_speed_10m', 'cloud_cover_low')",2.998247474296598,28.34120765673429,10
Calendar + Oracle Weather Search,M883,h0_w0_cyclic_ws_dew_point_2m_wind_speed_10m_cloud_cover_low,"('dow_sin', 'dow_cos', 'dew_point_2m', 'wind_speed_10m', 'cloud_cover_low')","('dow_sin', 'dow_cos', 'dew_point_2m', 'wind_speed_10m', 'cloud_cover_low')",3.0497211937098783,29.1814592114907,5
Calendar + Oracle Weather Search,M884,h0_w1_none_ws_dew_point_2m_wind_speed_10m_cloud_cover_low,"('weekend', 'dew_point_2m', 'wind_speed_10m', 'cloud_cover_low')","('weekend', 'dew_point_2m', 'wind_speed_10m', 'cloud_cover_low')",2.8356134187129673,26.68334332101849,4
Calendar + Oracle Weather Search,M885,h0_w1_integer_ws_dew_point_2m_wind_speed_10m_cloud_cover_low,"('weekend', 'dow', 'dew_point_2m', 'wind_speed_10m', 'cloud_cover_low')","('weekend', 'dow', 'dew_point_2m', 'wind_speed_10m', 'cloud_cover_low')",2.9662749057046787,27.628193138870195,5
Calendar + Oracle Weather Search,M886,h0_w1_one_hot_ws_dew_point_2m_wind_speed_10m_cloud_cover_low,"('weekend', 'dow_0', 'dow_1', 'dow_2', 'dow_3', 'dow_4', 'dow_5', 'dow_6', 'dew_point_2m', 'wind_speed_10m', 'cloud_cover_low')","('weekend', 'dow_0', 'dow_1', 'dow_2', 'dow_3', 'dow_4', 'dow_5', 'dow_6', 'dew_point_2m', 'wind_speed_10m', 'cloud_cover_low')",2.913966205858826,27.449082211521752,11
Calendar + Oracle Weather Search,M887,h0_w1_cyclic_ws_dew_point_2m_wind_speed_10m_cloud_cover_low,"('weekend', 'dow_sin', 'dow_cos', 'dew_point_2m', 'wind_speed_10m', 'cloud_cover_low')","('weekend', 'dow_sin', 'dow_cos', 'dew_point_2m', 'wind_speed_10m', 'cloud_cover_low')",2.871091979906482,27.050146391301237,6
Calendar + Oracle Weather Search,M888,h1_w0_none_ws_dew_point_2m_wind_speed_10m_cloud_cover_low,"('holiday', 'dew_point_2m', 'wind_speed_10m', 'cloud_cover_low')","('holiday', 'dew_point_2m', 'wind_speed_10m', 'cloud_cover_low')",3.1143376598233514,29.540597715766538,4
Calendar + Oracle Weather Search,M889,h1_w0_integer_ws_dew_point_2m_wind_speed_10m_cloud_cover_low,"('holiday', 'dow', 'dew_point_2m', 'wind_speed_10m', 'cloud_cover_low')","('holiday', 'dow', 'dew_point_2m', 'wind_speed_10m', 'cloud_cover_low')",3.077894789844091,28.8850831052924,5
Calendar + Oracle Weather Search,M890,h1_w0_one_hot_ws_dew_point_2m_wind_speed_10m_cloud_cover_low,"('holiday', 'dow_0', 'dow_1', 'dow_2', 'dow_3', 'dow_4', 'dow_5', 'dow_6', 'dew_point_2m', 'wind_speed_10m', 'cloud_cover_low')","('holiday', 'dow_0', 'dow_1', 'dow_2', 'dow_3', 'dow_4', 'dow_5', 'dow_6', 'dew_point_2m', 'wind_speed_10m', 'cloud_cover_low')",2.964475721524008,28.004122460175843,11
Calendar + Oracle Weather Search,M891,h1_w0_cyclic_ws_dew_point_2m_wind_speed_10m_cloud_cover_low,"('holiday', 'dow_sin', 'dow_cos', 'dew_point_2m', 'wind_speed_10m', 'cloud_cover_low')","('holiday', 'dow_sin', 'dow_cos', 'dew_point_2m', 'wind_speed_10m', 'cloud_cover_low')",2.922286027843538,27.80919089189677,6
Calendar + Oracle Weather Search,M892,h1_w1_none_ws_dew_point_2m_wind_speed_10m_cloud_cover_low,"('holiday', 'weekend', 'dew_point_2m', 'wind_speed_10m', 'cloud_cover_low')","('holiday', 'weekend', 'dew_point_2m', 'wind_speed_10m', 'cloud_cover_low')",2.7571881350651113,25.966810821220417,5
Calendar + Oracle Weather Search,M893,h1_w1_integer_ws_dew_point_2m_wind_speed_10m_cloud_cover_low,"('holiday', 'weekend', 'dow', 'dew_point_2m', 'wind_speed_10m', 'cloud_cover_low')","('holiday', 'weekend', 'dow', 'dew_point_2m', 'wind_speed_10m', 'cloud_cover_low')",2.8241529135827066,26.42251843822339,6
Calendar + Oracle Weather Search,M894,h1_w1_one_hot_ws_dew_point_2m_wind_speed_10m_cloud_cover_low,"('holiday', 'weekend', 'dow_0', 'dow_1', 'dow_2', 'dow_3', 'dow_4', 'dow_5', 'dow_6', 'dew_point_2m', 'wind_speed_10m', 'cloud_cover_low')","('holiday', 'weekend', 'dow_0', 'dow_1', 'dow_2', 'dow_3', 'dow_4', 'dow_5', 'dow_6', 'dew_point_2m', 'wind_speed_10m', 'cloud_cover_low')",2.8788620721493388,27.122858277290426,12
Calendar + Oracle Weather Search,M895,h1_w1_cyclic_ws_dew_point_2m_wind_speed_10m_cloud_cover_low,"('holiday', 'weekend', 'dow_sin', 'dow_cos', 'dew_point_2m', 'wind_speed_10m', 'cloud_cover_low')","('holiday', 'weekend', 'dow_sin', 'dow_cos', 'dew_point_2m', 'wind_speed_10m', 'cloud_cover_low')",2.7954050204463865,26.298166570747178,7
Calendar + Oracle Weather Search,M896,h0_w0_none_ws_pressure_msl_wind_speed_10m_cloud_cover_low,"('pressure_msl', 'wind_speed_10m', 'cloud_cover_low')","('pressure_msl', 'wind_speed_10m', 'cloud_cover_low')",3.381751072564462,32.267084807262584,3
Calendar + Oracle Weather Search,M897,h0_w0_integer_ws_pressure_msl_wind_speed_10m_cloud_cover_low,"('dow', 'pressure_msl', 'wind_speed_10m', 'cloud_cover_low')","('dow', 'pressure_msl', 'wind_speed_10m', 'cloud_cover_low')",3.3307880418918288,31.08512839621739,4
Calendar + Oracle Weather Search,M898,h0_w0_one_hot_ws_pressure_msl_wind_speed_10m_cloud_cover_low,"('dow_0', 'dow_1', 'dow_2', 'dow_3', 'dow_4', 'dow_5', 'dow_6', 'pressure_msl', 'wind_speed_10m', 'cloud_cover_low')","('dow_0', 'dow_1', 'dow_2', 'dow_3', 'dow_4', 'dow_5', 'dow_6', 'pressure_msl', 'wind_speed_10m', 'cloud_cover_low')",3.0257285881061082,28.576470930168952,10
Calendar + Oracle Weather Search,M899,h0_w0_cyclic_ws_pressure_msl_wind_speed_10m_cloud_cover_low,"('dow_sin', 'dow_cos', 'pressure_msl', 'wind_speed_10m', 'cloud_cover_low')","('dow_sin', 'dow_cos', 'pressure_msl', 'wind_speed_10m', 'cloud_cover_low')",3.114299242969188,29.751169186993273,5
Calendar + Oracle Weather Search,M900,h0_w1_none_ws_pressure_msl_wind_speed_10m_cloud_cover_low,"('weekend', 'pressure_msl', 'wind_speed_10m', 'cloud_cover_low')","('weekend', 'pressure_msl', 'wind_speed_10m', 'cloud_cover_low')",2.8804262275782353,27.05018529680888,4
Calendar + Oracle Weather Search,M901,h0_w1_integer_ws_pressure_msl_wind_speed_10m_cloud_cover_low,"('weekend', 'dow', 'pressure_msl', 'wind_speed_10m', 'cloud_cover_low')","('weekend', 'dow', 'pressure_msl', 'wind_speed_10m', 'cloud_cover_low')",3.0135240595107518,27.989753728101164,5
Calendar + Oracle Weather Search,M902,h0_w1_one_hot_ws_pressure_msl_wind_speed_10m_cloud_cover_low,"('weekend', 'dow_0', 'dow_1', 'dow_2', 'dow_3', 'dow_4', 'dow_5', 'dow_6', 'pressure_msl', 'wind_speed_10m', 'cloud_cover_low')","('weekend', 'dow_0', 'dow_1', 'dow_2', 'dow_3', 'dow_4', 'dow_5', 'dow_6', 'pressure_msl', 'wind_speed_10m', 'cloud_cover_low')",2.9317771164912116,27.572471123352155,11
Calendar + Oracle Weather Search,M903,h0_w1_cyclic_ws_pressure_msl_wind_speed_10m_cloud_cover_low,"('weekend', 'dow_sin', 'dow_cos', 'pressure_msl', 'wind_speed_10m', 'cloud_cover_low')","('weekend', 'dow_sin', 'dow_cos', 'pressure_msl', 'wind_speed_10m', 'cloud_cover_low')",2.9451545471292095,27.660960514784584,6
Calendar + Oracle Weather Search,M904,h1_w0_none_ws_pressure_msl_wind_speed_10m_cloud_cover_low,"('holiday', 'pressure_msl', 'wind_speed_10m', 'cloud_cover_low')","('holiday', 'pressure_msl', 'wind_speed_10m', 'cloud_cover_low')",3.064304050246076,29.055153520197425,4
Calendar + Oracle Weather Search,M905,h1_w0_integer_ws_pressure_msl_wind_speed_10m_cloud_cover_low,"('holiday', 'dow', 'pressure_msl', 'wind_speed_10m', 'cloud_cover_low')","('holiday', 'dow', 'pressure_msl', 'wind_speed_10m', 'cloud_cover_low')",3.0819007051078326,28.94151495446691,5
Calendar + Oracle Weather Search,M906,h1_w0_one_hot_ws_pressure_msl_wind_speed_10m_cloud_cover_low,"('holiday', 'dow_0', 'dow_1', 'dow_2', 'dow_3', 'dow_4', 'dow_5', 'dow_6', 'pressure_msl', 'wind_speed_10m', 'cloud_cover_low')","('holiday', 'dow_0', 'dow_1', 'dow_2', 'dow_3', 'dow_4', 'dow_5', 'dow_6', 'pressure_msl', 'wind_speed_10m', 'cloud_cover_low')",2.995672781829072,28.287919381286763,11
Calendar + Oracle Weather Search,M907,h1_w0_cyclic_ws_pressure_msl_wind_speed_10m_cloud_cover_low,"('holiday', 'dow_sin', 'dow_cos', 'pressure_msl', 'wind_speed_10m', 'cloud_cover_low')","('holiday', 'dow_sin', 'dow_cos', 'pressure_msl', 'wind_speed_10m', 'cloud_cover_low')",2.975259130462645,28.270591627992232,6
Calendar + Oracle Weather Search,M908,h1_w1_none_ws_pressure_msl_wind_speed_10m_cloud_cover_low,"('holiday', 'weekend', 'pressure_msl', 'wind_speed_10m', 'cloud_cover_low')","('holiday', 'weekend', 'pressure_msl', 'wind_speed_10m', 'cloud_cover_low')",2.8008877729071133,26.363566832227857,5
Calendar + Oracle Weather Search,M909,h1_w1_integer_ws_pressure_msl_wind_speed_10m_cloud_cover_low,"('holiday', 'weekend', 'dow', 'pressure_msl', 'wind_speed_10m', 'cloud_cover_low')","('holiday', 'weekend', 'dow', 'pressure_msl', 'wind_speed_10m', 'cloud_cover_low')",2.8734357893526323,26.81619409180952,6
Calendar + Oracle Weather Search,M910,h1_w1_one_hot_ws_pressure_msl_wind_speed_10m_cloud_cover_low,"('holiday', 'weekend', 'dow_0', 'dow_1', 'dow_2', 'dow_3', 'dow_4', 'dow_5', 'dow_6', 'pressure_msl', 'wind_speed_10m', 'cloud_cover_low')","('holiday', 'weekend', 'dow_0', 'dow_1', 'dow_2', 'dow_3', 'dow_4', 'dow_5', 'dow_6', 'pressure_msl', 'wind_speed_10m', 'cloud_cover_low')",2.903929087465277,27.328754446302142,12
Calendar + Oracle Weather Search,M911,h1_w1_cyclic_ws_pressure_msl_wind_speed_10m_cloud_cover_low,"('holiday', 'weekend', 'dow_sin', 'dow_cos', 'pressure_msl', 'wind_speed_10m', 'cloud_cover_low')","('holiday', 'weekend', 'dow_sin', 'dow_cos', 'pressure_msl', 'wind_speed_10m', 'cloud_cover_low')",2.8507048796783456,26.780166418979743,7
Calendar + Oracle Weather Search,M912,h0_w0_none_ws_temperature_2m_dew_point_2m_pressure_msl_wind_speed_10m,"('temperature_2m', 'dew_point_2m', 'pressure_msl', 'wind_speed_10m')","('temperature_2m', 'dew_point_2m', 'pressure_msl', 'wind_speed_10m')",3.5729017554531977,34.11478548678144,4
Calendar + Oracle Weather Search,M913,h0_w0_integer_ws_temperature_2m_dew_point_2m_pressure_msl_wind_speed_10m,"('dow', 'temperature_2m', 'dew_point_2m', 'pressure_msl', 'wind_speed_10m')","('dow', 'temperature_2m', 'dew_point_2m', 'pressure_msl', 'wind_speed_10m')",3.42577775543707,31.95267816705355,5
Calendar + Oracle Weather Search,M914,h0_w0_one_hot_ws_temperature_2m_dew_point_2m_pressure_msl_wind_speed_10m,"('dow_0', 'dow_1', 'dow_2', 'dow_3', 'dow_4', 'dow_5', 'dow_6', 'temperature_2m', 'dew_point_2m', 'pressure_msl', 'wind_speed_10m')","('dow_0', 'dow_1', 'dow_2', 'dow_3', 'dow_4', 'dow_5', 'dow_6', 'temperature_2m', 'dew_point_2m', 'pressure_msl', 'wind_speed_10m')",3.02001961522113,28.497990265231472,11
Calendar + Oracle Weather Search,M915,h0_w0_cyclic_ws_temperature_2m_dew_point_2m_pressure_msl_wind_speed_10m,"('dow_sin', 'dow_cos', 'temperature_2m', 'dew_point_2m', 'pressure_msl', 'wind_speed_10m')","('dow_sin', 'dow_cos', 'temperature_2m', 'dew_point_2m', 'pressure_msl', 'wind_speed_10m')",3.154411308948028,30.14174452950615,6
Calendar + Oracle Weather Search,M916,h0_w1_none_ws_temperature_2m_dew_point_2m_pressure_msl_wind_speed_10m,"('weekend', 'temperature_2m', 'dew_point_2m', 'pressure_msl', 'wind_speed_10m')","('weekend', 'temperature_2m', 'dew_point_2m', 'pressure_msl', 'wind_speed_10m')",2.8855128134874213,27.151652349249993,5
Calendar + Oracle Weather Search,M917,h0_w1_integer_ws_temperature_2m_dew_point_2m_pressure_msl_wind_speed_10m,"('weekend', 'dow', 'temperature_2m', 'dew_point_2m', 'pressure_msl', 'wind_speed_10m')","('weekend', 'dow', 'temperature_2m', 'dew_point_2m', 'pressure_msl', 'wind_speed_10m')",3.0312204060420607,28.181711108593642,6
Calendar + Oracle Weather Search,M918,h0_w1_one_hot_ws_temperature_2m_dew_point_2m_pressure_msl_wind_speed_10m,"('weekend', 'dow_0', 'dow_1', 'dow_2', 'dow_3', 'dow_4', 'dow_5', 'dow_6', 'temperature_2m', 'dew_point_2m', 'pressure_msl', 'wind_speed_10m')","('weekend', 'dow_0', 'dow_1', 'dow_2', 'dow_3', 'dow_4', 'dow_5', 'dow_6', 'temperature_2m', 'dew_point_2m', 'pressure_msl', 'wind_speed_10m')",2.9217485087394643,27.541330376874807,12
Calendar + Oracle Weather Search,M919,h0_w1_cyclic_ws_temperature_2m_dew_point_2m_pressure_msl_wind_speed_10m,"('weekend', 'dow_sin', 'dow_cos', 'temperature_2m', 'dew_point_2m', 'pressure_msl', 'wind_speed_10m')","('weekend', 'dow_sin', 'dow_cos', 'temperature_2m', 'dew_point_2m', 'pressure_msl', 'wind_speed_10m')",2.922534796655148,27.60376688519147,7
Calendar + Oracle Weather Search,M920,h1_w0_none_ws_temperature_2m_dew_point_2m_pressure_msl_wind_speed_10m,"('holiday', 'temperature_2m', 'dew_point_2m', 'pressure_msl', 'wind_speed_10m')","('holiday', 'temperature_2m', 'dew_point_2m', 'pressure_msl', 'wind_speed_10m')",3.1532915096099177,29.917914330631337,5
Calendar + Oracle Weather Search,M921,h1_w0_integer_ws_temperature_2m_dew_point_2m_pressure_msl_wind_speed_10m,"('holiday', 'dow', 'temperature_2m', 'dew_point_2m', 'pressure_msl', 'wind_speed_10m')","('holiday', 'dow', 'temperature_2m', 'dew_point_2m', 'pressure_msl', 'wind_speed_10m')",3.140739893842657,29.42762258491383,6
Calendar + Oracle Weather Search,M922,h1_w0_one_hot_ws_temperature_2m_dew_point_2m_pressure_msl_wind_speed_10m,"('holiday', 'dow_0', 'dow_1', 'dow_2', 'dow_3', 'dow_4', 'dow_5', 'dow_6', 'temperature_2m', 'dew_point_2m', 'pressure_msl', 'wind_speed_10m')","('holiday', 'dow_0', 'dow_1', 'dow_2', 'dow_3', 'dow_4', 'dow_5', 'dow_6', 'temperature_2m', 'dew_point_2m', 'pressure_msl', 'wind_speed_10m')",2.9674425525119505,28.0158824936523,12
Calendar + Oracle Weather Search,M923,h1_w0_cyclic_ws_temperature_2m_dew_point_2m_pressure_msl_wind_speed_10m,"('holiday', 'dow_sin', 'dow_cos', 'temperature_2m', 'dew_point_2m', 'pressure_msl', 'wind_speed_10m')","('holiday', 'dow_sin', 'dow_cos', 'temperature_2m', 'dew_point_2m', 'pressure_msl', 'wind_speed_10m')",3.013993650053286,28.689014758170767,7
Calendar + Oracle Weather Search,M924,h1_w1_none_ws_temperature_2m_dew_point_2m_pressure_msl_wind_speed_10m,"('holiday', 'weekend', 'temperature_2m', 'dew_point_2m', 'pressure_msl', 'wind_speed_10m')","('holiday', 'weekend', 'temperature_2m', 'dew_point_2m', 'pressure_msl', 'wind_speed_10m')",2.8017337063110817,26.404960913196643,6
Calendar + Oracle Weather Search,M925,h1_w1_integer_ws_temperature_2m_dew_point_2m_pressure_msl_wind_speed_10m,"('holiday', 'weekend', 'dow', 'temperature_2m', 'dew_point_2m', 'pressure_msl', 'wind_speed_10m')","('holiday', 'weekend', 'dow', 'temperature_2m', 'dew_point_2m', 'pressure_msl', 'wind_speed_10m')",2.88886077709494,26.97487486169374,7
Calendar + Oracle Weather Search,M926,h1_w1_one_hot_ws_temperature_2m_dew_point_2m_pressure_msl_wind_speed_10m,"('holiday', 'weekend', 'dow_0', 'dow_1', 'dow_2', 'dow_3', 'dow_4', 'dow_5', 'dow_6', 'temperature_2m', 'dew_point_2m', 'pressure_msl', 'wind_speed_10m')","('holiday', 'weekend', 'dow_0', 'dow_1', 'dow_2', 'dow_3', 'dow_4', 'dow_5', 'dow_6', 'temperature_2m', 'dew_point_2m', 'pressure_msl', 'wind_speed_10m')",2.872625416410666,27.097434043187203,13
Calendar + Oracle Weather Search,M927,h1_w1_cyclic_ws_temperature_2m_dew_point_2m_pressure_msl_wind_speed_10m,"('holiday', 'weekend', 'dow_sin', 'dow_cos', 'temperature_2m', 'dew_point_2m', 'pressure_msl', 'wind_speed_10m')","('holiday', 'weekend', 'dow_sin', 'dow_cos', 'temperature_2m', 'dew_point_2m', 'pressure_msl', 'wind_speed_10m')",2.8323359039585703,26.75720327747528,8
Calendar + Oracle Weather Search,M928,h0_w0_none_ws_temperature_2m_dew_point_2m_pressure_msl_cloud_cover_low,"('temperature_2m', 'dew_point_2m', 'pressure_msl', 'cloud_cover_low')","('temperature_2m', 'dew_point_2m', 'pressure_msl', 'cloud_cover_low')",3.51480236277144,33.67388128601593,4
Calendar + Oracle Weather Search,M929,h0_w0_integer_ws_temperature_2m_dew_point_2m_pressure_msl_cloud_cover_low,"('dow', 'temperature_2m', 'dew_point_2m', 'pressure_msl', 'cloud_cover_low')","('dow', 'temperature_2m', 'dew_point_2m', 'pressure_msl', 'cloud_cover_low')",3.4098593707354405,31.912279395951163,5
Calendar + Oracle Weather Search,M930,h0_w0_one_hot_ws_temperature_2m_dew_point_2m_pressure_msl_cloud_cover_low,"('dow_0', 'dow_1', 'dow_2', 'dow_3', 'dow_4', 'dow_5', 'dow_6', 'temperature_2m', 'dew_point_2m', 'pressure_msl', 'cloud_cover_low')","('dow_0', 'dow_1', 'dow_2', 'dow_3', 'dow_4', 'dow_5', 'dow_6', 'temperature_2m', 'dew_point_2m', 'pressure_msl', 'cloud_cover_low')",3.007477449882128,28.45630991078736,11
Calendar + Oracle Weather Search,M931,h0_w0_cyclic_ws_temperature_2m_dew_point_2m_pressure_msl_cloud_cover_low,"('dow_sin', 'dow_cos', 'temperature_2m', 'dew_point_2m', 'pressure_msl', 'cloud_cover_low')","('dow_sin', 'dow_cos', 'temperature_2m', 'dew_point_2m', 'pressure_msl', 'cloud_cover_low')",3.1468269360280456,30.135452517943822,6
Calendar + Oracle Weather Search,M932,h0_w1_none_ws_temperature_2m_dew_point_2m_pressure_msl_cloud_cover_low,"('weekend', 'temperature_2m', 'dew_point_2m', 'pressure_msl', 'cloud_cover_low')","('weekend', 'temperature_2m', 'dew_point_2m', 'pressure_msl', 'cloud_cover_low')",2.863879992671061,26.99504000613296,5
Calendar + Oracle Weather Search,M933,h0_w1_integer_ws_temperature_2m_dew_point_2m_pressure_msl_cloud_cover_low,"('weekend', 'dow', 'temperature_2m', 'dew_point_2m', 'pressure_msl', 'cloud_cover_low')","('weekend', 'dow', 'temperature_2m', 'dew_point_2m', 'pressure_msl', 'cloud_cover_low')",3.0029490551996463,27.95997530329518,6
Calendar + Oracle Weather Search,M934,h0_w1_one_hot_ws_temperature_2m_dew_point_2m_pressure_msl_cloud_cover_low,"('weekend', 'dow_0', 'dow_1', 'dow_2', 'dow_3', 'dow_4', 'dow_5', 'dow_6', 'temperature_2m', 'dew_point_2m', 'pressure_msl', 'cloud_cover_low')","('weekend', 'dow_0', 'dow_1', 'dow_2', 'dow_3', 'dow_4', 'dow_5', 'dow_6', 'temperature_2m', 'dew_point_2m', 'pressure_msl', 'cloud_cover_low')",2.9008826309413602,27.37524653945243,12
Calendar + Oracle Weather Search,M935,h0_w1_cyclic_ws_temperature_2m_dew_point_2m_pressure_msl_cloud_cover_low,"('weekend', 'dow_sin', 'dow_cos', 'temperature_2m', 'dew_point_2m', 'pressure_msl', 'cloud_cover_low')","('weekend', 'dow_sin', 'dow_cos', 'temperature_2m', 'dew_point_2m', 'pressure_msl', 'cloud_cover_low')",2.898471157116625,27.312157508016654,7
Calendar + Oracle Weather Search,M936,h1_w0_none_ws_temperature_2m_dew_point_2m_pressure_msl_cloud_cover_low,"('holiday', 'temperature_2m', 'dew_point_2m', 'pressure_msl', 'cloud_cover_low')","('holiday', 'temperature_2m', 'dew_point_2m', 'pressure_msl', 'cloud_cover_low')",3.1293894934828503,29.80883980127949,5
Calendar + Oracle Weather Search,M937,h1_w0_integer_ws_temperature_2m_dew_point_2m_pressure_msl_cloud_cover_low,"('holiday', 'dow', 'temperature_2m', 'dew_point_2m', 'pressure_msl', 'cloud_cover_low')","('holiday', 'dow', 'temperature_2m', 'dew_point_2m', 'pressure_msl', 'cloud_cover_low')",3.121287480693093,29.345710388018656,6
Calendar + Oracle Weather Search,M938,h1_w0_one_hot_ws_temperature_2m_dew_point_2m_pressure_msl_cloud_cover_low,"('holiday', 'dow_0', 'dow_1', 'dow_2', 'dow_3', 'dow_4', 'dow_5', 'dow_6', 'temperature_2m', 'dew_point_2m', 'pressure_msl', 'cloud_cover_low')","('holiday', 'dow_0', 'dow_1', 'dow_2', 'dow_3', 'dow_4', 'dow_5', 'dow_6', 'temperature_2m', 'dew_point_2m', 'pressure_msl', 'cloud_cover_low')",2.9665443448687085,28.06235257466831,12
Calendar + Oracle Weather Search,M939,h1_w0_cyclic_ws_temperature_2m_dew_point_2m_pressure_msl_cloud_cover_low,"('holiday', 'dow_sin', 'dow_cos', 'temperature_2m', 'dew_point_2m', 'pressure_msl', 'cloud_cover_low')","('holiday', 'dow_sin', 'dow_cos', 'temperature_2m', 'dew_point_2m', 'pressure_msl', 'cloud_cover_low')",3.0031764914506076,28.59608278902718,7
Calendar + Oracle Weather Search,M940,h1_w1_none_ws_temperature_2m_dew_point_2m_pressure_msl_cloud_cover_low,"('holiday', 'weekend', 'temperature_2m', 'dew_point_2m', 'pressure_msl', 'cloud_cover_low')","('holiday', 'weekend', 'temperature_2m', 'dew_point_2m', 'pressure_msl', 'cloud_cover_low')",2.770261839819203,26.158274827630265,6
Calendar + Oracle Weather Search,M941,h1_w1_integer_ws_temperature_2m_dew_point_2m_pressure_msl_cloud_cover_low,"('holiday', 'weekend', 'dow', 'temperature_2m', 'dew_point_2m', 'pressure_msl', 'cloud_cover_low')","('holiday', 'weekend', 'dow', 'temperature_2m', 'dew_point_2m', 'pressure_msl', 'cloud_cover_low')",2.857297077825578,26.686413322801442,7
Calendar + Oracle Weather Search,M942,h1_w1_one_hot_ws_temperature_2m_dew_point_2m_pressure_msl_cloud_cover_low,"('holiday', 'weekend', 'dow_0', 'dow_1', 'dow_2', 'dow_3', 'dow_4', 'dow_5', 'dow_6', 'temperature_2m', 'dew_point_2m', 'pressure_msl', 'cloud_cover_low')","('holiday', 'weekend', 'dow_0', 'dow_1', 'dow_2', 'dow_3', 'dow_4', 'dow_5', 'dow_6', 'temperature_2m', 'dew_point_2m', 'pressure_msl', 'cloud_cover_low')",2.8614088405299207,27.020334501030437,13
Calendar + Oracle Weather Search,M943,h1_w1_cyclic_ws_temperature_2m_dew_point_2m_pressure_msl_cloud_cover_low,"('holiday', 'weekend', 'dow_sin', 'dow_cos', 'temperature_2m', 'dew_point_2m', 'pressure_msl', 'cloud_cover_low')","('holiday', 'weekend', 'dow_sin', 'dow_cos', 'temperature_2m', 'dew_point_2m', 'pressure_msl', 'cloud_cover_low')",2.805911815779176,26.437392225052026,8
Calendar + Oracle Weather Search,M944,h0_w0_none_ws_temperature_2m_dew_point_2m_wind_speed_10m_cloud_cover_low,"('temperature_2m', 'dew_point_2m', 'wind_speed_10m', 'cloud_cover_low')","('temperature_2m', 'dew_point_2m', 'wind_speed_10m', 'cloud_cover_low')",3.6426376413062913,34.87881084962273,4
Calendar + Oracle Weather Search,M945,h0_w0_integer_ws_temperature_2m_dew_point_2m_wind_speed_10m_cloud_cover_low,"('dow', 'temperature_2m', 'dew_point_2m', 'wind_speed_10m', 'cloud_cover_low')","('dow', 'temperature_2m', 'dew_point_2m', 'wind_speed_10m', 'cloud_cover_low')",3.3498424465065453,31.369682791119814,5
Calendar + Oracle Weather Search,M946,h0_w0_one_hot_ws_temperature_2m_dew_point_2m_wind_speed_10m_cloud_cover_low,"('dow_0', 'dow_1', 'dow_2', 'dow_3', 'dow_4', 'dow_5', 'dow_6', 'temperature_2m', 'dew_point_2m', 'wind_speed_10m', 'cloud_cover_low')","('dow_0', 'dow_1', 'dow_2', 'dow_3', 'dow_4', 'dow_5', 'dow_6', 'temperature_2m', 'dew_point_2m', 'wind_speed_10m', 'cloud_cover_low')",3.004815379418198,28.416492105189736,11
Calendar + Oracle Weather Search,M947,h0_w0_cyclic_ws_temperature_2m_dew_point_2m_wind_speed_10m_cloud_cover_low,"('dow_sin', 'dow_cos', 'temperature_2m', 'dew_point_2m', 'wind_speed_10m', 'cloud_cover_low')","('dow_sin', 'dow_cos', 'temperature_2m', 'dew_point_2m', 'wind_speed_10m', 'cloud_cover_low')",3.0961636464280953,29.618068288452218,6
Calendar + Oracle Weather Search,M948,h0_w1_none_ws_temperature_2m_dew_point_2m_wind_speed_10m_cloud_cover_low,"('weekend', 'temperature_2m', 'dew_point_2m', 'wind_speed_10m', 'cloud_cover_low')","('weekend', 'temperature_2m', 'dew_point_2m', 'wind_speed_10m', 'cloud_cover_low')",2.8481264278837015,26.87628648125772,5
Calendar + Oracle Weather Search,M949,h0_w1_integer_ws_temperature_2m_dew_point_2m_wind_speed_10m_cloud_cover_low,"('weekend', 'dow', 'temperature_2m', 'dew_point_2m', 'wind_speed_10m', 'cloud_cover_low')","('weekend', 'dow', 'temperature_2m', 'dew_point_2m', 'wind_speed_10m', 'cloud_cover_low')",2.9629593648824026,27.660285778655343,6
Calendar + Oracle Weather Search,M950,h0_w1_one_hot_ws_temperature_2m_dew_point_2m_wind_speed_10m_cloud_cover_low,"('weekend', 'dow_0', 'dow_1', 'dow_2', 'dow_3', 'dow_4', 'dow_5', 'dow_6', 'temperature_2m', 'dew_point_2m', 'wind_speed_10m', 'cloud_cover_low')","('weekend', 'dow_0', 'dow_1', 'dow_2', 'dow_3', 'dow_4', 'dow_5', 'dow_6', 'temperature_2m', 'dew_point_2m', 'wind_speed_10m', 'cloud_cover_low')",2.904896169735487,27.418505921682243,12
Calendar + Oracle Weather Search,M951,h0_w1_cyclic_ws_temperature_2m_dew_point_2m_wind_speed_10m_cloud_cover_low,"('weekend', 'dow_sin', 'dow_cos', 'temperature_2m', 'dew_point_2m', 'wind_speed_10m', 'cloud_cover_low')","('weekend', 'dow_sin', 'dow_cos', 'temperature_2m', 'dew_point_2m', 'wind_speed_10m', 'cloud_cover_low')",2.8685601223824344,27.076114510867466,7
Calendar + Oracle Weather Search,M952,h1_w0_none_ws_temperature_2m_dew_point_2m_wind_speed_10m_cloud_cover_low,"('holiday', 'temperature_2m', 'dew_point_2m', 'wind_speed_10m', 'cloud_cover_low')","('holiday', 'temperature_2m', 'dew_point_2m', 'wind_speed_10m', 'cloud_cover_low')",3.191774659072493,30.364000506287965,5
Calendar + Oracle Weather Search,M953,h1_w0_integer_ws_temperature_2m_dew_point_2m_wind_speed_10m_cloud_cover_low,"('holiday', 'dow', 'temperature_2m', 'dew_point_2m', 'wind_speed_10m', 'cloud_cover_low')","('holiday', 'dow', 'temperature_2m', 'dew_point_2m', 'wind_speed_10m', 'cloud_cover_low')",3.090533079516886,29.08013873164737,6
Calendar + Oracle Weather Search,M954,h1_w0_one_hot_ws_temperature_2m_dew_point_2m_wind_speed_10m_cloud_cover_low,"('holiday', 'dow_0', 'dow_1', 'dow_2', 'dow_3', 'dow_4', 'dow_5', 'dow_6', 'temperature_2m', 'dew_point_2m', 'wind_speed_10m', 'cloud_cover_low')","('holiday', 'dow_0', 'dow_1', 'dow_2', 'dow_3', 'dow_4', 'dow_5', 'dow_6', 'temperature_2m', 'dew_point_2m', 'wind_speed_10m', 'cloud_cover_low')",2.961860276415163,28.0187616871903,12
Calendar + Oracle Weather Search,M955,h1_w0_cyclic_ws_temperature_2m_dew_point_2m_wind_speed_10m_cloud_cover_low,"('holiday', 'dow_sin', 'dow_cos', 'temperature_2m', 'dew_point_2m', 'wind_speed_10m', 'cloud_cover_low')","('holiday', 'dow_sin', 'dow_cos', 'temperature_2m', 'dew_point_2m', 'wind_speed_10m', 'cloud_cover_low')",2.9604371408871235,28.213841379889903,7
Calendar + Oracle Weather Search,M956,h1_w1_none_ws_temperature_2m_dew_point_2m_wind_speed_10m_cloud_cover_low,"('holiday', 'weekend', 'temperature_2m', 'dew_point_2m', 'wind_speed_10m', 'cloud_cover_low')","('holiday', 'weekend', 'temperature_2m', 'dew_point_2m', 'wind_speed_10m', 'cloud_cover_low')",2.7677716950101177,26.141000442230535,6
Calendar + Oracle Weather Search,M957,h1_w1_integer_ws_temperature_2m_dew_point_2m_wind_speed_10m_cloud_cover_low,"('holiday', 'weekend', 'dow', 'temperature_2m', 'dew_point_2m', 'wind_speed_10m', 'cloud_cover_low')","('holiday', 'weekend', 'dow', 'temperature_2m', 'dew_point_2m', 'wind_speed_10m', 'cloud_cover_low')",2.828842827552812,26.517676862658693,7
Calendar + Oracle Weather Search,M958,h1_w1_one_hot_ws_temperature_2m_dew_point_2m_wind_speed_10m_cloud_cover_low,"('holiday', 'weekend', 'dow_0', 'dow_1', 'dow_2', 'dow_3', 'dow_4', 'dow_5', 'dow_6', 'temperature_2m', 'dew_point_2m', 'wind_speed_10m', 'cloud_cover_low')","('holiday', 'weekend', 'dow_0', 'dow_1', 'dow_2', 'dow_3', 'dow_4', 'dow_5', 'dow_6', 'temperature_2m', 'dew_point_2m', 'wind_speed_10m', 'cloud_cover_low')",2.8654242354577106,27.070441699051642,13
Calendar + Oracle Weather Search,M959,h1_w1_cyclic_ws_temperature_2m_dew_point_2m_wind_speed_10m_cloud_cover_low,"('holiday', 'weekend', 'dow_sin', 'dow_cos', 'temperature_2m', 'dew_point_2m', 'wind_speed_10m', 'cloud_cover_low')","('holiday', 'weekend', 'dow_sin', 'dow_cos', 'temperature_2m', 'dew_point_2m', 'wind_speed_10m', 'cloud_cover_low')",2.7904582411925767,26.350404622559665,8
Calendar + Oracle Weather Search,M960,h0_w0_none_ws_temperature_2m_pressure_msl_wind_speed_10m_cloud_cover_low,"('temperature_2m', 'pressure_msl', 'wind_speed_10m', 'cloud_cover_low')","('temperature_2m', 'pressure_msl', 'wind_speed_10m', 'cloud_cover_low')",3.409770798988952,32.5917704583568,4
Calendar + Oracle Weather Search,M961,h0_w0_integer_ws_temperature_2m_pressure_msl_wind_speed_10m_cloud_cover_low,"('dow', 'temperature_2m', 'pressure_msl', 'wind_speed_10m', 'cloud_cover_low')","('dow', 'temperature_2m', 'pressure_msl', 'wind_speed_10m', 'cloud_cover_low')",3.2976175297457777,30.874387785349526,5
Calendar + Oracle Weather Search,M962,h0_w0_one_hot_ws_temperature_2m_pressure_msl_wind_speed_10m_cloud_cover_low,"('dow_0', 'dow_1', 'dow_2', 'dow_3', 'dow_4', 'dow_5', 'dow_6', 'temperature_2m', 'pressure_msl', 'wind_speed_10m', 'cloud_cover_low')","('dow_0', 'dow_1', 'dow_2', 'dow_3', 'dow_4', 'dow_5', 'dow_6', 'temperature_2m', 'pressure_msl', 'wind_speed_10m', 'cloud_cover_low')",3.009073347792335,28.41957043986032,11
Calendar + Oracle Weather Search,M963,h0_w0_cyclic_ws_temperature_2m_pressure_msl_wind_speed_10m_cloud_cover_low,"('dow_sin', 'dow_cos', 'temperature_2m', 'pressure_msl', 'wind_speed_10m', 'cloud_cover_low')","('dow_sin', 'dow_cos', 'temperature_2m', 'pressure_msl', 'wind_speed_10m', 'cloud_cover_low')",3.0944293396059575,29.569137768921152,6
Calendar + Oracle Weather Search,M964,h0_w1_none_ws_temperature_2m_pressure_msl_wind_speed_10m_cloud_cover_low,"('weekend', 'temperature_2m', 'pressure_msl', 'wind_speed_10m', 'cloud_cover_low')","('weekend', 'temperature_2m', 'pressure_msl', 'wind_speed_10m', 'cloud_cover_low')",2.846867579247571,26.823919023956886,5
Calendar + Oracle Weather Search,M965,h0_w1_integer_ws_temperature_2m_pressure_msl_wind_speed_10m_cloud_cover_low,"('weekend', 'dow', 'temperature_2m', 'pressure_msl', 'wind_speed_10m', 'cloud_cover_low')","('weekend', 'dow', 'temperature_2m', 'pressure_msl', 'wind_speed_10m', 'cloud_cover_low')",2.976580522172077,27.7181309274168,6
Calendar + Oracle Weather Search,M966,h0_w1_one_hot_ws_temperature_2m_pressure_msl_wind_speed_10m_cloud_cover_low,"('weekend', 'dow_0', 'dow_1', 'dow_2', 'dow_3', 'dow_4', 'dow_5', 'dow_6', 'temperature_2m', 'pressure_msl', 'wind_speed_10m', 'cloud_cover_low')","('weekend', 'dow_0', 'dow_1', 'dow_2', 'dow_3', 'dow_4', 'dow_5', 'dow_6', 'temperature_2m', 'pressure_msl', 'wind_speed_10m', 'cloud_cover_low')",2.908273557997525,27.41713821303241,12
Calendar + Oracle Weather Search,M967,h0_w1_cyclic_ws_temperature_2m_pressure_msl_wind_speed_10m_cloud_cover_low,"('weekend', 'dow_sin', 'dow_cos', 'temperature_2m', 'pressure_msl', 'wind_speed_10m', 'cloud_cover_low')","('weekend', 'dow_sin', 'dow_cos', 'temperature_2m', 'pressure_msl', 'wind_speed_10m', 'cloud_cover_low')",2.8995670649504066,27.344023895388915,7
Calendar + Oracle Weather Search,M968,h1_w0_none_ws_temperature_2m_pressure_msl_wind_speed_10m_cloud_cover_low,"('holiday', 'temperature_2m', 'pressure_msl', 'wind_speed_10m', 'cloud_cover_low')","('holiday', 'temperature_2m', 'pressure_msl', 'wind_speed_10m', 'cloud_cover_low')",3.063359007100057,29.09243180013958,5
Calendar + Oracle Weather Search,M969,h1_w0_integer_ws_temperature_2m_pressure_msl_wind_speed_10m_cloud_cover_low,"('holiday', 'dow', 'temperature_2m', 'pressure_msl', 'wind_speed_10m', 'cloud_cover_low')","('holiday', 'dow', 'temperature_2m', 'pressure_msl', 'wind_speed_10m', 'cloud_cover_low')",3.0548465061461063,28.709128627707756,6
Calendar + Oracle Weather Search,M970,h1_w0_one_hot_ws_temperature_2m_pressure_msl_wind_speed_10m_cloud_cover_low,"('holiday', 'dow_0', 'dow_1', 'dow_2', 'dow_3', 'dow_4', 'dow_5', 'dow_6', 'temperature_2m', 'pressure_msl', 'wind_speed_10m', 'cloud_cover_low')","('holiday', 'dow_0', 'dow_1', 'dow_2', 'dow_3', 'dow_4', 'dow_5', 'dow_6', 'temperature_2m', 'pressure_msl', 'wind_speed_10m', 'cloud_cover_low')",2.9737740939354578,28.096520267585113,12
Calendar + Oracle Weather Search,M971,h1_w0_cyclic_ws_temperature_2m_pressure_msl_wind_speed_10m_cloud_cover_low,"('holiday', 'dow_sin', 'dow_cos', 'temperature_2m', 'pressure_msl', 'wind_speed_10m', 'cloud_cover_low')","('holiday', 'dow_sin', 'dow_cos', 'temperature_2m', 'pressure_msl', 'wind_speed_10m', 'cloud_cover_low')",2.9627683242178833,28.193709652142513,7
Calendar + Oracle Weather Search,M972,h1_w1_none_ws_temperature_2m_pressure_msl_wind_speed_10m_cloud_cover_low,"('holiday', 'weekend', 'temperature_2m', 'pressure_msl', 'wind_speed_10m', 'cloud_cover_low')","('holiday', 'weekend', 'temperature_2m', 'pressure_msl', 'wind_speed_10m', 'cloud_cover_low')",2.7774997204649785,26.216315602571967,6
Calendar + Oracle Weather Search,M973,h1_w1_integer_ws_temperature_2m_pressure_msl_wind_speed_10m_cloud_cover_low,"('holiday', 'weekend', 'dow', 'temperature_2m', 'pressure_msl', 'wind_speed_10m', 'cloud_cover_low')","('holiday', 'weekend', 'dow', 'temperature_2m', 'pressure_msl', 'wind_speed_10m', 'cloud_cover_low')",2.8530855120960927,26.650712294413093,7
Calendar + Oracle Weather Search,M974,h1_w1_one_hot_ws_temperature_2m_pressure_msl_wind_speed_10m_cloud_cover_low,"('holiday', 'weekend', 'dow_0', 'dow_1', 'dow_2', 'dow_3', 'dow_4', 'dow_5', 'dow_6', 'temperature_2m', 'pressure_msl', 'wind_speed_10m', 'cloud_cover_low')","('holiday', 'weekend', 'dow_0', 'dow_1', 'dow_2', 'dow_3', 'dow_4', 'dow_5', 'dow_6', 'temperature_2m', 'pressure_msl', 'wind_speed_10m', 'cloud_cover_low')",2.8733174495326903,27.10581026922304,13
Calendar + Oracle Weather Search,M975,h1_w1_cyclic_ws_temperature_2m_pressure_msl_wind_speed_10m_cloud_cover_low,"('holiday', 'weekend', 'dow_sin', 'dow_cos', 'temperature_2m', 'pressure_msl', 'wind_speed_10m', 'cloud_cover_low')","('holiday', 'weekend', 'dow_sin', 'dow_cos', 'temperature_2m', 'pressure_msl', 'wind_speed_10m', 'cloud_cover_low')",2.8140534998522364,26.534458306555283,8
Calendar + Oracle Weather Search,M976,h0_w0_none_ws_dew_point_2m_pressure_msl_wind_speed_10m_cloud_cover_low,"('dew_point_2m', 'pressure_msl', 'wind_speed_10m', 'cloud_cover_low')","('dew_point_2m', 'pressure_msl', 'wind_speed_10m', 'cloud_cover_low')",3.4910944397579002,33.35943500080942,4
Calendar + Oracle Weather Search,M977,h0_w0_integer_ws_dew_point_2m_pressure_msl_wind_speed_10m_cloud_cover_low,"('dow', 'dew_point_2m', 'pressure_msl', 'wind_speed_10m', 'cloud_cover_low')","('dow', 'dew_point_2m', 'pressure_msl', 'wind_speed_10m', 'cloud_cover_low')",3.357683025929647,31.39005834032011,5
Calendar + Oracle Weather Search,M978,h0_w0_one_hot_ws_dew_point_2m_pressure_msl_wind_speed_10m_cloud_cover_low,"('dow_0', 'dow_1', 'dow_2', 'dow_3', 'dow_4', 'dow_5', 'dow_6', 'dew_point_2m', 'pressure_msl', 'wind_speed_10m', 'cloud_cover_low')","('dow_0', 'dow_1', 'dow_2', 'dow_3', 'dow_4', 'dow_5', 'dow_6', 'dew_point_2m', 'pressure_msl', 'wind_speed_10m', 'cloud_cover_low')",3.0254354168220288,28.57472005141129,11
Calendar + Oracle Weather Search,M979,h0_w0_cyclic_ws_dew_point_2m_pressure_msl_wind_speed_10m_cloud_cover_low,"('dow_sin', 'dow_cos', 'dew_point_2m', 'pressure_msl', 'wind_speed_10m', 'cloud_cover_low')","('dow_sin', 'dow_cos', 'dew_point_2m', 'pressure_msl', 'wind_speed_10m', 'cloud_cover_low')",3.1370762925139233,30.023637403172796,6
Calendar + Oracle Weather Search,M980,h0_w1_none_ws_dew_point_2m_pressure_msl_wind_speed_10m_cloud_cover_low,"('weekend', 'dew_point_2m', 'pressure_msl', 'wind_speed_10m', 'cloud_cover_low')","('weekend', 'dew_point_2m', 'pressure_msl', 'wind_speed_10m', 'cloud_cover_low')",2.8846196600954364,27.11721246643753,5
Calendar + Oracle Weather Search,M981,h0_w1_integer_ws_dew_point_2m_pressure_msl_wind_speed_10m_cloud_cover_low,"('weekend', 'dow', 'dew_point_2m', 'pressure_msl', 'wind_speed_10m', 'cloud_cover_low')","('weekend', 'dow', 'dew_point_2m', 'pressure_msl', 'wind_speed_10m', 'cloud_cover_low')",3.0168334728629556,28.02745807416089,6
Calendar + Oracle Weather Search,M982,h0_w1_one_hot_ws_dew_point_2m_pressure_msl_wind_speed_10m_cloud_cover_low,"('weekend', 'dow_0', 'dow_1', 'dow_2', 'dow_3', 'dow_4', 'dow_5', 'dow_6', 'dew_point_2m', 'pressure_msl', 'wind_speed_10m', 'cloud_cover_low')","('weekend', 'dow_0', 'dow_1', 'dow_2', 'dow_3', 'dow_4', 'dow_5', 'dow_6', 'dew_point_2m', 'pressure_msl', 'wind_speed_10m', 'cloud_cover_low')",2.924529690075151,27.555563677411364,12
Calendar + Oracle Weather Search,M983,h0_w1_cyclic_ws_dew_point_2m_pressure_msl_wind_speed_10m_cloud_cover_low,"('weekend', 'dow_sin', 'dow_cos', 'dew_point_2m', 'pressure_msl', 'wind_speed_10m', 'cloud_cover_low')","('weekend', 'dow_sin', 'dow_cos', 'dew_point_2m', 'pressure_msl', 'wind_speed_10m', 'cloud_cover_low')",2.9206264928305696,27.51258043229806,7
Calendar + Oracle Weather Search,M984,h1_w0_none_ws_dew_point_2m_pressure_msl_wind_speed_10m_cloud_cover_low,"('holiday', 'dew_point_2m', 'pressure_msl', 'wind_speed_10m', 'cloud_cover_low')","('holiday', 'dew_point_2m', 'pressure_msl', 'wind_speed_10m', 'cloud_cover_low')",3.1106393464892306,29.50511592183284,5
Calendar + Oracle Weather Search,M985,h1_w0_integer_ws_dew_point_2m_pressure_msl_wind_speed_10m_cloud_cover_low,"('holiday', 'dow', 'dew_point_2m', 'pressure_msl', 'wind_speed_10m', 'cloud_cover_low')","('holiday', 'dow', 'dew_point_2m', 'pressure_msl', 'wind_speed_10m', 'cloud_cover_low')",3.0910286309625197,29.02376130631341,6
Calendar + Oracle Weather Search,M986,h1_w0_one_hot_ws_dew_point_2m_pressure_msl_wind_speed_10m_cloud_cover_low,"('holiday', 'dow_0', 'dow_1', 'dow_2', 'dow_3', 'dow_4', 'dow_5', 'dow_6', 'dew_point_2m', 'pressure_msl', 'wind_speed_10m', 'cloud_cover_low')","('holiday', 'dow_0', 'dow_1', 'dow_2', 'dow_3', 'dow_4', 'dow_5', 'dow_6', 'dew_point_2m', 'pressure_msl', 'wind_speed_10m', 'cloud_cover_low')",2.988739831087891,28.23091264119494,12
Calendar + Oracle Weather Search,M987,h1_w0_cyclic_ws_dew_point_2m_pressure_msl_wind_speed_10m_cloud_cover_low,"('holiday', 'dow_sin', 'dow_cos', 'dew_point_2m', 'pressure_msl', 'wind_speed_10m', 'cloud_cover_low')","('holiday', 'dow_sin', 'dow_cos', 'dew_point_2m', 'pressure_msl', 'wind_speed_10m', 'cloud_cover_low')",2.9880758463899424,28.43820771181001,7
Calendar + Oracle Weather Search,M988,h1_w1_none_ws_dew_point_2m_pressure_msl_wind_speed_10m_cloud_cover_low,"('holiday', 'weekend', 'dew_point_2m', 'pressure_msl', 'wind_speed_10m', 'cloud_cover_low')","('holiday', 'weekend', 'dew_point_2m', 'pressure_msl', 'wind_speed_10m', 'cloud_cover_low')",2.8019480810919677,26.386197909041343,6
Calendar + Oracle Weather Search,M989,h1_w1_integer_ws_dew_point_2m_pressure_msl_wind_speed_10m_cloud_cover_low,"('holiday', 'weekend', 'dow', 'dew_point_2m', 'pressure_msl', 'wind_speed_10m', 'cloud_cover_low')","('holiday', 'weekend', 'dow', 'dew_point_2m', 'pressure_msl', 'wind_speed_10m', 'cloud_cover_low')",2.87222367839838,26.79484212000956,7
Calendar + Oracle Weather Search,M990,h1_w1_one_hot_ws_dew_point_2m_pressure_msl_wind_speed_10m_cloud_cover_low,"('holiday', 'weekend', 'dow_0', 'dow_1', 'dow_2', 'dow_3', 'dow_4', 'dow_5', 'dow_6', 'dew_point_2m', 'pressure_msl', 'wind_speed_10m', 'cloud_cover_low')","('holiday', 'weekend', 'dow_0', 'dow_1', 'dow_2', 'dow_3', 'dow_4', 'dow_5', 'dow_6', 'dew_point_2m', 'pressure_msl', 'wind_speed_10m', 'cloud_cover_low')",2.8898743475003945,27.216372990857113,13
Calendar + Oracle Weather Search,M991,h1_w1_cyclic_ws_dew_point_2m_pressure_msl_wind_speed_10m_cloud_cover_low,"('holiday', 'weekend', 'dow_sin', 'dow_cos', 'dew_point_2m', 'pressure_msl', 'wind_speed_10m', 'cloud_cover_low')","('holiday', 'weekend', 'dow_sin', 'dow_cos', 'dew_point_2m', 'pressure_msl', 'wind_speed_10m', 'cloud_cover_low')",2.8361437726975325,26.692584590442475,8
Calendar + Oracle Weather Search,M992,h0_w0_none_ws_temperature_2m_dew_point_2m_pressure_msl_wind_speed_10m_cloud_cover_low,"('temperature_2m', 'dew_point_2m', 'pressure_msl', 'wind_speed_10m', 'cloud_cover_low')","('temperature_2m', 'dew_point_2m', 'pressure_msl', 'wind_speed_10m', 'cloud_cover_low')",3.552425820116513,34.01461396158293,5
Calendar + Oracle Weather Search,M993,h0_w0_integer_ws_temperature_2m_dew_point_2m_pressure_msl_wind_speed_10m_cloud_cover_low,"('dow', 'temperature_2m', 'dew_point_2m', 'pressure_msl', 'wind_speed_10m', 'cloud_cover_low')","('dow', 'temperature_2m', 'dew_point_2m', 'pressure_msl', 'wind_speed_10m', 'cloud_cover_low')",3.3662169371202446,31.606338919837317,6
Calendar + Oracle Weather Search,M994,h0_w0_one_hot_ws_temperature_2m_dew_point_2m_pressure_msl_wind_speed_10m_cloud_cover_low,"('dow_0', 'dow_1', 'dow_2', 'dow_3', 'dow_4', 'dow_5', 'dow_6', 'temperature_2m', 'dew_point_2m', 'pressure_msl', 'wind_speed_10m', 'cloud_cover_low')","('dow_0', 'dow_1', 'dow_2', 'dow_3', 'dow_4', 'dow_5', 'dow_6', 'temperature_2m', 'dew_point_2m', 'pressure_msl', 'wind_speed_10m', 'cloud_cover_low')",3.0224160351546963,28.58359639354949,12
Calendar + Oracle Weather Search,M995,h0_w0_cyclic_ws_temperature_2m_dew_point_2m_pressure_msl_wind_speed_10m_cloud_cover_low,"('dow_sin', 'dow_cos', 'temperature_2m', 'dew_point_2m', 'pressure_msl', 'wind_speed_10m', 'cloud_cover_low')","('dow_sin', 'dow_cos', 'temperature_2m', 'dew_point_2m', 'pressure_msl', 'wind_speed_10m', 'cloud_cover_low')",3.162441908185131,30.252698146577377,7
Calendar + Oracle Weather Search,M996,h0_w1_none_ws_temperature_2m_dew_point_2m_pressure_msl_wind_speed_10m_cloud_cover_low,"('weekend', 'temperature_2m', 'dew_point_2m', 'pressure_msl', 'wind_speed_10m', 'cloud_cover_low')","('weekend', 'temperature_2m', 'dew_point_2m', 'pressure_msl', 'wind_speed_10m', 'cloud_cover_low')",2.8874409232416993,27.278277793077166,6
Calendar + Oracle Weather Search,M997,h0_w1_integer_ws_temperature_2m_dew_point_2m_pressure_msl_wind_speed_10m_cloud_cover_low,"('weekend', 'dow', 'temperature_2m', 'dew_point_2m', 'pressure_msl', 'wind_speed_10m', 'cloud_cover_low')","('weekend', 'dow', 'temperature_2m', 'dew_point_2m', 'pressure_msl', 'wind_speed_10m', 'cloud_cover_low')",2.9992904219447936,27.988142316095946,7
Calendar + Oracle Weather Search,M998,h0_w1_one_hot_ws_temperature_2m_dew_point_2m_pressure_msl_wind_speed_10m_cloud_cover_low,"('weekend', 'dow_0', 'dow_1', 'dow_2', 'dow_3', 'dow_4', 'dow_5', 'dow_6', 'temperature_2m', 'dew_point_2m', 'pressure_msl', 'wind_speed_10m', 'cloud_cover_low')","('weekend', 'dow_0', 'dow_1', 'dow_2', 'dow_3', 'dow_4', 'dow_5', 'dow_6', 'temperature_2m', 'dew_point_2m', 'pressure_msl', 'wind_speed_10m', 'cloud_cover_low')",2.9173507436362054,27.550974011188824,13
Calendar + Oracle Weather Search,M999,h0_w1_cyclic_ws_temperature_2m_dew_point_2m_pressure_msl_wind_speed_10m_cloud_cover_low,"('weekend', 'dow_sin', 'dow_cos', 'temperature_2m', 'dew_point_2m', 'pressure_msl', 'wind_speed_10m', 'cloud_cover_low')","('weekend', 'dow_sin', 'dow_cos', 'temperature_2m', 'dew_point_2m', 'pressure_msl', 'wind_speed_10m', 'cloud_cover_low')",2.91196185941759,27.527091142513626,8
Calendar + Oracle Weather Search,M1000,h1_w0_none_ws_temperature_2m_dew_point_2m_pressure_msl_wind_speed_10m_cloud_cover_low,"('holiday', 'temperature_2m', 'dew_point_2m', 'pressure_msl', 'wind_speed_10m', 'cloud_cover_low')","('holiday', 'temperature_2m', 'dew_point_2m', 'pressure_msl', 'wind_speed_10m', 'cloud_cover_low')",3.1550011763519947,30.024452945538734,6
Calendar + Oracle Weather Search,M1001,h1_w0_integer_ws_temperature_2m_dew_point_2m_pressure_msl_wind_speed_10m_cloud_cover_low,"('holiday', 'dow', 'temperature_2m', 'dew_point_2m', 'pressure_msl', 'wind_speed_10m', 'cloud_cover_low')","('holiday', 'dow', 'temperature_2m', 'dew_point_2m', 'pressure_msl', 'wind_speed_10m', 'cloud_cover_low')",3.10654128092752,29.271168815990904,7
Calendar + Oracle Weather Search,M1002,h1_w0_one_hot_ws_temperature_2m_dew_point_2m_pressure_msl_wind_speed_10m_cloud_cover_low,"('holiday', 'dow_0', 'dow_1', 'dow_2', 'dow_3', 'dow_4', 'dow_5', 'dow_6', 'temperature_2m', 'dew_point_2m', 'pressure_msl', 'wind_speed_10m', 'cloud_cover_low')","('holiday', 'dow_0', 'dow_1', 'dow_2', 'dow_3', 'dow_4', 'dow_5', 'dow_6', 'temperature_2m', 'dew_point_2m', 'pressure_msl', 'wind_speed_10m', 'cloud_cover_low')",2.978102745066103,28.18448918048069,13
Calendar + Oracle Weather Search,M1003,h1_w0_cyclic_ws_temperature_2m_dew_point_2m_pressure_msl_wind_speed_10m_cloud_cover_low,"('holiday', 'dow_sin', 'dow_cos', 'temperature_2m', 'dew_point_2m', 'pressure_msl', 'wind_speed_10m', 'cloud_cover_low')","('holiday', 'dow_sin', 'dow_cos', 'temperature_2m', 'dew_point_2m', 'pressure_msl', 'wind_speed_10m', 'cloud_cover_low')",3.0165440705552418,28.74866602463653,8
Calendar + Oracle Weather Search,M1004,h1_w1_none_ws_temperature_2m_dew_point_2m_pressure_msl_wind_speed_10m_cloud_cover_low,"('holiday', 'weekend', 'temperature_2m', 'dew_point_2m', 'pressure_msl', 'wind_speed_10m', 'cloud_cover_low')","('holiday', 'weekend', 'temperature_2m', 'dew_point_2m', 'pressure_msl', 'wind_speed_10m', 'cloud_cover_low')",2.8057100515081794,26.53202309493696,7
Calendar + Oracle Weather Search,M1005,h1_w1_integer_ws_temperature_2m_dew_point_2m_pressure_msl_wind_speed_10m_cloud_cover_low,"('holiday', 'weekend', 'dow', 'temperature_2m', 'dew_point_2m', 'pressure_msl', 'wind_speed_10m', 'cloud_cover_low')","('holiday', 'weekend', 'dow', 'temperature_2m', 'dew_point_2m', 'pressure_msl', 'wind_speed_10m', 'cloud_cover_low')",2.8696605790864287,26.86738214965169,8
Calendar + Oracle Weather Search,M1006,h1_w1_one_hot_ws_temperature_2m_dew_point_2m_pressure_msl_wind_speed_10m_cloud_cover_low,"('holiday', 'weekend', 'dow_0', 'dow_1', 'dow_2', 'dow_3', 'dow_4', 'dow_5', 'dow_6', 'temperature_2m', 'dew_point_2m', 'pressure_msl', 'wind_speed_10m', 'cloud_cover_low')","('holiday', 'weekend', 'dow_0', 'dow_1', 'dow_2', 'dow_3', 'dow_4', 'dow_5', 'dow_6', 'temperature_2m', 'dew_point_2m', 'pressure_msl', 'wind_speed_10m', 'cloud_cover_low')",2.8762482080868423,27.18171314572965,14
Calendar + Oracle Weather Search,M1007,h1_w1_cyclic_ws_temperature_2m_dew_point_2m_pressure_msl_wind_speed_10m_cloud_cover_low,"('holiday', 'weekend', 'dow_sin', 'dow_cos', 'temperature_2m', 'dew_point_2m', 'pressure_msl', 'wind_speed_10m', 'cloud_cover_low')","('holiday', 'weekend', 'dow_sin', 'dow_cos', 'temperature_2m', 'dew_point_2m', 'pressure_msl', 'wind_speed_10m', 'cloud_cover_low')",2.82618419067732,26.72614332751748,9
