stage,model,configuration,selected_covariates,cumulative_covariates,mean_mape,mean_rmse,num_covariates
Calendar + Context only Weather Search,M0,h0_w0_none_ws_none,(),(),3.5475188770548316,51.23218428712968,0
Calendar + Context only Weather Search,M1,h0_w0_integer_ws_none,"('dow',)","('dow',)",3.98867210707618,56.318842257660876,1
Calendar + Context only Weather Search,M2,h0_w0_one_hot_ws_none,"('dow_0', 'dow_1', 'dow_2', 'dow_3', 'dow_4', 'dow_5', 'dow_6')","('dow_0', 'dow_1', 'dow_2', 'dow_3', 'dow_4', 'dow_5', 'dow_6')",3.848007190853019,55.400546531170356,7
Calendar + Context only Weather Search,M3,h0_w0_cyclic_ws_none,"('dow_sin', 'dow_cos')","('dow_sin', 'dow_cos')",3.8679241617455657,56.31092619656162,2
Calendar + Context only Weather Search,M4,h0_w1_none_ws_none,"('weekend',)","('weekend',)",3.7184455967135834,53.45884645482695,1
Calendar + Context only Weather Search,M5,h0_w1_integer_ws_none,"('weekend', 'dow')","('weekend', 'dow')",3.8204847147956533,54.78943979389528,2
Calendar + Context only Weather Search,M6,h0_w1_one_hot_ws_none,"('weekend', 'dow_0', 'dow_1', 'dow_2', 'dow_3', 'dow_4', 'dow_5', 'dow_6')","('weekend', 'dow_0', 'dow_1', 'dow_2', 'dow_3', 'dow_4', 'dow_5', 'dow_6')",3.8099915766743724,54.59302261303902,8
Calendar + Context only Weather Search,M7,h0_w1_cyclic_ws_none,"('weekend', 'dow_sin', 'dow_cos')","('weekend', 'dow_sin', 'dow_cos')",3.8720775090427586,56.01240179302017,3
Calendar + Context only Weather Search,M8,h1_w0_none_ws_none,"('holiday',)","('holiday',)",3.5305715597482448,51.013661841182895,1
Calendar + Context only Weather Search,M9,h1_w0_integer_ws_none,"('holiday', 'dow')","('holiday', 'dow')",3.7065112120547616,53.047777226612666,2
Calendar + Context only Weather Search,M10,h1_w0_one_hot_ws_none,"('holiday', 'dow_0', 'dow_1', 'dow_2', 'dow_3', 'dow_4', 'dow_5', 'dow_6')","('holiday', 'dow_0', 'dow_1', 'dow_2', 'dow_3', 'dow_4', 'dow_5', 'dow_6')",3.836485120932521,55.27992891930589,8
Calendar + Context only Weather Search,M11,h1_w0_cyclic_ws_none,"('holiday', 'dow_sin', 'dow_cos')","('holiday', 'dow_sin', 'dow_cos')",3.7353529969552923,54.09991796974548,3
Calendar + Context only Weather Search,M12,h1_w1_none_ws_none,"('holiday', 'weekend')","('holiday', 'weekend')",3.5649911391717977,51.14851582516708,2
Calendar + Context only Weather Search,M13,h1_w1_integer_ws_none,"('holiday', 'weekend', 'dow')","('holiday', 'weekend', 'dow')",3.6517270078546926,52.209100435634426,3
Calendar + Context only Weather Search,M14,h1_w1_one_hot_ws_none,"('holiday', 'weekend', 'dow_0', 'dow_1', 'dow_2', 'dow_3', 'dow_4', 'dow_5', 'dow_6')","('holiday', 'weekend', 'dow_0', 'dow_1', 'dow_2', 'dow_3', 'dow_4', 'dow_5', 'dow_6')",3.8033224408524666,54.53117778361954,9
Calendar + Context only Weather Search,M15,h1_w1_cyclic_ws_none,"('holiday', 'weekend', 'dow_sin', 'dow_cos')","('holiday', 'weekend', 'dow_sin', 'dow_cos')",3.7097872107612138,53.29908752579846,4
Calendar + Context only Weather Search,M16,h0_w0_none_ws_temperature_2m,"('temperature_2m',)","('temperature_2m',)",3.5752069752017896,51.80813076164879,1
Calendar + Context only Weather Search,M17,h0_w0_integer_ws_temperature_2m,"('dow', 'temperature_2m')","('dow', 'temperature_2m')",3.802995131712524,54.33612955276735,2
Calendar + Context only Weather Search,M18,h0_w0_one_hot_ws_temperature_2m,"('dow_0', 'dow_1', 'dow_2', 'dow_3', 'dow_4', 'dow_5', 'dow_6', 'temperature_2m')","('dow_0', 'dow_1', 'dow_2', 'dow_3', 'dow_4', 'dow_5', 'dow_6', 'temperature_2m')",3.820358022060658,54.98487678071157,8
Calendar + Context only Weather Search,M19,h0_w0_cyclic_ws_temperature_2m,"('dow_sin', 'dow_cos', 'temperature_2m')","('dow_sin', 'dow_cos', 'temperature_2m')",3.8660256609066996,56.39589302506103,3
Calendar + Context only Weather Search,M20,h0_w1_none_ws_temperature_2m,"('weekend', 'temperature_2m')","('weekend', 'temperature_2m')",3.7159236243663067,53.74210556029111,2
Calendar + Context only Weather Search,M21,h0_w1_integer_ws_temperature_2m,"('weekend', 'dow', 'temperature_2m')","('weekend', 'dow', 'temperature_2m')",3.7820602115349806,54.6542534260469,3
Calendar + Context only Weather Search,M22,h0_w1_one_hot_ws_temperature_2m,"('weekend', 'dow_0', 'dow_1', 'dow_2', 'dow_3', 'dow_4', 'dow_5', 'dow_6', 'temperature_2m')","('weekend', 'dow_0', 'dow_1', 'dow_2', 'dow_3', 'dow_4', 'dow_5', 'dow_6', 'temperature_2m')",3.788628090254458,54.332134650780816,9
Calendar + Context only Weather Search,M23,h0_w1_cyclic_ws_temperature_2m,"('weekend', 'dow_sin', 'dow_cos', 'temperature_2m')","('weekend', 'dow_sin', 'dow_cos', 'temperature_2m')",3.880982926698645,56.59432913070053,4
Calendar + Context only Weather Search,M24,h1_w0_none_ws_temperature_2m,"('holiday', 'temperature_2m')","('holiday', 'temperature_2m')",3.5900577672023957,51.95038567379299,2
Calendar + Context only Weather Search,M25,h1_w0_integer_ws_temperature_2m,"('holiday', 'dow', 'temperature_2m')","('holiday', 'dow', 'temperature_2m')",3.6755569779718775,52.816225652872745,3
Calendar + Context only Weather Search,M26,h1_w0_one_hot_ws_temperature_2m,"('holiday', 'dow_0', 'dow_1', 'dow_2', 'dow_3', 'dow_4', 'dow_5', 'dow_6', 'temperature_2m')","('holiday', 'dow_0', 'dow_1', 'dow_2', 'dow_3', 'dow_4', 'dow_5', 'dow_6', 'temperature_2m')",3.7880367301885403,54.5389698116718,9
Calendar + Context only Weather Search,M27,h1_w0_cyclic_ws_temperature_2m,"('holiday', 'dow_sin', 'dow_cos', 'temperature_2m')","('holiday', 'dow_sin', 'dow_cos', 'temperature_2m')",3.7731135336305903,54.920404700575,4
Calendar + Context only Weather Search,M28,h1_w1_none_ws_temperature_2m,"('holiday', 'weekend', 'temperature_2m')","('holiday', 'weekend', 'temperature_2m')",3.5985333276463467,51.95209717794164,3
Calendar + Context only Weather Search,M29,h1_w1_integer_ws_temperature_2m,"('holiday', 'weekend', 'dow', 'temperature_2m')","('holiday', 'weekend', 'dow', 'temperature_2m')",3.6474370973413706,52.564412191158006,4
Calendar + Context only Weather Search,M30,h1_w1_one_hot_ws_temperature_2m,"('holiday', 'weekend', 'dow_0', 'dow_1', 'dow_2', 'dow_3', 'dow_4', 'dow_5', 'dow_6', 'temperature_2m')","('holiday', 'weekend', 'dow_0', 'dow_1', 'dow_2', 'dow_3', 'dow_4', 'dow_5', 'dow_6', 'temperature_2m')",3.7540471904231687,53.79780601528165,10
Calendar + Context only Weather Search,M31,h1_w1_cyclic_ws_temperature_2m,"('holiday', 'weekend', 'dow_sin', 'dow_cos', 'temperature_2m')","('holiday', 'weekend', 'dow_sin', 'dow_cos', 'temperature_2m')",3.738183397106615,54.21269191545983,5
Calendar + Context only Weather Search,M32,h0_w0_none_ws_dew_point_2m,"('dew_point_2m',)","('dew_point_2m',)",3.6669451664081096,53.16746211463341,1
Calendar + Context only Weather Search,M33,h0_w0_integer_ws_dew_point_2m,"('dow', 'dew_point_2m')","('dow', 'dew_point_2m')",3.918934178035249,55.967448405394876,2
Calendar + Context only Weather Search,M34,h0_w0_one_hot_ws_dew_point_2m,"('dow_0', 'dow_1', 'dow_2', 'dow_3', 'dow_4', 'dow_5', 'dow_6', 'dew_point_2m')","('dow_0', 'dow_1', 'dow_2', 'dow_3', 'dow_4', 'dow_5', 'dow_6', 'dew_point_2m')",3.9184647359967246,56.4761822720733,8
Calendar + Context only Weather Search,M35,h0_w0_cyclic_ws_dew_point_2m,"('dow_sin', 'dow_cos', 'dew_point_2m')","('dow_sin', 'dow_cos', 'dew_point_2m')",3.9514773828979517,57.84755531143564,3
Calendar + Context only Weather Search,M36,h0_w1_none_ws_dew_point_2m,"('weekend', 'dew_point_2m')","('weekend', 'dew_point_2m')",3.8203404420883587,55.27094929822286,2
Calendar + Context only Weather Search,M37,h0_w1_integer_ws_dew_point_2m,"('weekend', 'dow', 'dew_point_2m')","('weekend', 'dow', 'dew_point_2m')",3.886850747276184,56.173306472467885,3
Calendar + Context only Weather Search,M38,h0_w1_one_hot_ws_dew_point_2m,"('weekend', 'dow_0', 'dow_1', 'dow_2', 'dow_3', 'dow_4', 'dow_5', 'dow_6', 'dew_point_2m')","('weekend', 'dow_0', 'dow_1', 'dow_2', 'dow_3', 'dow_4', 'dow_5', 'dow_6', 'dew_point_2m')",3.8762808004660645,55.74478263612787,9
Calendar + Context only Weather Search,M39,h0_w1_cyclic_ws_dew_point_2m,"('weekend', 'dow_sin', 'dow_cos', 'dew_point_2m')","('weekend', 'dow_sin', 'dow_cos', 'dew_point_2m')",3.988687869142219,58.30952807059231,4
Calendar + Context only Weather Search,M40,h1_w0_none_ws_dew_point_2m,"('holiday', 'dew_point_2m')","('holiday', 'dew_point_2m')",3.686109793852465,53.424581085487894,2
Calendar + Context only Weather Search,M41,h1_w0_integer_ws_dew_point_2m,"('holiday', 'dow', 'dew_point_2m')","('holiday', 'dow', 'dew_point_2m')",3.7781973263507025,54.39182269176613,3
Calendar + Context only Weather Search,M42,h1_w0_one_hot_ws_dew_point_2m,"('holiday', 'dow_0', 'dow_1', 'dow_2', 'dow_3', 'dow_4', 'dow_5', 'dow_6', 'dew_point_2m')","('holiday', 'dow_0', 'dow_1', 'dow_2', 'dow_3', 'dow_4', 'dow_5', 'dow_6', 'dew_point_2m')",3.8798113260760463,55.90221991539627,9
Calendar + Context only Weather Search,M43,h1_w0_cyclic_ws_dew_point_2m,"('holiday', 'dow_sin', 'dow_cos', 'dew_point_2m')","('holiday', 'dow_sin', 'dow_cos', 'dew_point_2m')",3.850837184649424,56.257064917206634,4
Calendar + Context only Weather Search,M44,h1_w1_none_ws_dew_point_2m,"('holiday', 'weekend', 'dew_point_2m')","('holiday', 'weekend', 'dew_point_2m')",3.6964077295393922,53.47337265275237,3
Calendar + Context only Weather Search,M45,h1_w1_integer_ws_dew_point_2m,"('holiday', 'weekend', 'dow', 'dew_point_2m')","('holiday', 'weekend', 'dow', 'dew_point_2m')",3.74958835005634,54.169356333993186,4
Calendar + Context only Weather Search,M46,h1_w1_one_hot_ws_dew_point_2m,"('holiday', 'weekend', 'dow_0', 'dow_1', 'dow_2', 'dow_3', 'dow_4', 'dow_5', 'dow_6', 'dew_point_2m')","('holiday', 'weekend', 'dow_0', 'dow_1', 'dow_2', 'dow_3', 'dow_4', 'dow_5', 'dow_6', 'dew_point_2m')",3.8356092765009624,55.103171675165285,10
Calendar + Context only Weather Search,M47,h1_w1_cyclic_ws_dew_point_2m,"('holiday', 'weekend', 'dow_sin', 'dow_cos', 'dew_point_2m')","('holiday', 'weekend', 'dow_sin', 'dow_cos', 'dew_point_2m')",3.83684330807056,55.82576507929998,5
Calendar + Context only Weather Search,M48,h0_w0_none_ws_pressure_msl,"('pressure_msl',)","('pressure_msl',)",3.6804252021174477,53.579876478956564,1
Calendar + Context only Weather Search,M49,h0_w0_integer_ws_pressure_msl,"('dow', 'pressure_msl')","('dow', 'pressure_msl')",3.933623586072734,56.5823405324831,2
Calendar + Context only Weather Search,M50,h0_w0_one_hot_ws_pressure_msl,"('dow_0', 'dow_1', 'dow_2', 'dow_3', 'dow_4', 'dow_5', 'dow_6', 'pressure_msl')","('dow_0', 'dow_1', 'dow_2', 'dow_3', 'dow_4', 'dow_5', 'dow_6', 'pressure_msl')",3.8769501512623257,55.93990669539953,8
Calendar + Context only Weather Search,M51,h0_w0_cyclic_ws_pressure_msl,"('dow_sin', 'dow_cos', 'pressure_msl')","('dow_sin', 'dow_cos', 'pressure_msl')",4.039571017091369,59.357752319019006,3
Calendar + Context only Weather Search,M52,h0_w1_none_ws_pressure_msl,"('weekend', 'pressure_msl')","('weekend', 'pressure_msl')",3.8813513448472188,56.55851377416223,2
Calendar + Context only Weather Search,M53,h0_w1_integer_ws_pressure_msl,"('weekend', 'dow', 'pressure_msl')","('weekend', 'dow', 'pressure_msl')",3.960310462004775,57.54740789223653,3
Calendar + Context only Weather Search,M54,h0_w1_one_hot_ws_pressure_msl,"('weekend', 'dow_0', 'dow_1', 'dow_2', 'dow_3', 'dow_4', 'dow_5', 'dow_6', 'pressure_msl')","('weekend', 'dow_0', 'dow_1', 'dow_2', 'dow_3', 'dow_4', 'dow_5', 'dow_6', 'pressure_msl')",3.836478962531314,55.124449767819904,9
Calendar + Context only Weather Search,M55,h0_w1_cyclic_ws_pressure_msl,"('weekend', 'dow_sin', 'dow_cos', 'pressure_msl')","('weekend', 'dow_sin', 'dow_cos', 'pressure_msl')",4.044529537214843,59.2180193738571,4
Calendar + Context only Weather Search,M56,h1_w0_none_ws_pressure_msl,"('holiday', 'pressure_msl')","('holiday', 'pressure_msl')",3.691814353752465,53.63964136993647,2
Calendar + Context only Weather Search,M57,h1_w0_integer_ws_pressure_msl,"('holiday', 'dow', 'pressure_msl')","('holiday', 'dow', 'pressure_msl')",3.7927191583446733,54.78092815374767,3
Calendar + Context only Weather Search,M58,h1_w0_one_hot_ws_pressure_msl,"('holiday', 'dow_0', 'dow_1', 'dow_2', 'dow_3', 'dow_4', 'dow_5', 'dow_6', 'pressure_msl')","('holiday', 'dow_0', 'dow_1', 'dow_2', 'dow_3', 'dow_4', 'dow_5', 'dow_6', 'pressure_msl')",3.837578561680508,55.333573454403115,9
Calendar + Context only Weather Search,M59,h1_w0_cyclic_ws_pressure_msl,"('holiday', 'dow_sin', 'dow_cos', 'pressure_msl')","('holiday', 'dow_sin', 'dow_cos', 'pressure_msl')",3.9192318120177987,57.384447817251456,4
Calendar + Context only Weather Search,M60,h1_w1_none_ws_pressure_msl,"('holiday', 'weekend', 'pressure_msl')","('holiday', 'weekend', 'pressure_msl')",3.7250594231478336,54.08387210193589,3
Calendar + Context only Weather Search,M61,h1_w1_integer_ws_pressure_msl,"('holiday', 'weekend', 'dow', 'pressure_msl')","('holiday', 'weekend', 'dow', 'pressure_msl')",3.7839495593151535,54.766146097119105,4
Calendar + Context only Weather Search,M62,h1_w1_one_hot_ws_pressure_msl,"('holiday', 'weekend', 'dow_0', 'dow_1', 'dow_2', 'dow_3', 'dow_4', 'dow_5', 'dow_6', 'pressure_msl')","('holiday', 'weekend', 'dow_0', 'dow_1', 'dow_2', 'dow_3', 'dow_4', 'dow_5', 'dow_6', 'pressure_msl')",3.7975822355703412,54.50466332947479,10
Calendar + Context only Weather Search,M63,h1_w1_cyclic_ws_pressure_msl,"('holiday', 'weekend', 'dow_sin', 'dow_cos', 'pressure_msl')","('holiday', 'weekend', 'dow_sin', 'dow_cos', 'pressure_msl')",3.8728791435822556,56.42502606875792,5
Calendar + Context only Weather Search,M64,h0_w0_none_ws_wind_speed_10m,"('wind_speed_10m',)","('wind_speed_10m',)",3.6996782126272727,53.612193552978866,1
Calendar + Context only Weather Search,M65,h0_w0_integer_ws_wind_speed_10m,"('dow', 'wind_speed_10m')","('dow', 'wind_speed_10m')",3.8672070779015666,55.405446534999776,2
Calendar + Context only Weather Search,M66,h0_w0_one_hot_ws_wind_speed_10m,"('dow_0', 'dow_1', 'dow_2', 'dow_3', 'dow_4', 'dow_5', 'dow_6', 'wind_speed_10m')","('dow_0', 'dow_1', 'dow_2', 'dow_3', 'dow_4', 'dow_5', 'dow_6', 'wind_speed_10m')",3.9161706115603407,56.53328179176581,8
Calendar + Context only Weather Search,M67,h0_w0_cyclic_ws_wind_speed_10m,"('dow_sin', 'dow_cos', 'wind_speed_10m')","('dow_sin', 'dow_cos', 'wind_speed_10m')",3.9742193337662095,58.15199719779924,3
Calendar + Context only Weather Search,M68,h0_w1_none_ws_wind_speed_10m,"('weekend', 'wind_speed_10m')","('weekend', 'wind_speed_10m')",3.796770122684117,54.84056640191705,2
Calendar + Context only Weather Search,M69,h0_w1_integer_ws_wind_speed_10m,"('weekend', 'dow', 'wind_speed_10m')","('weekend', 'dow', 'wind_speed_10m')",3.8566832885687568,55.71750237460208,3
Calendar + Context only Weather Search,M70,h0_w1_one_hot_ws_wind_speed_10m,"('weekend', 'dow_0', 'dow_1', 'dow_2', 'dow_3', 'dow_4', 'dow_5', 'dow_6', 'wind_speed_10m')","('weekend', 'dow_0', 'dow_1', 'dow_2', 'dow_3', 'dow_4', 'dow_5', 'dow_6', 'wind_speed_10m')",3.8686776184711245,55.67901681827147,9
Calendar + Context only Weather Search,M71,h0_w1_cyclic_ws_wind_speed_10m,"('weekend', 'dow_sin', 'dow_cos', 'wind_speed_10m')","('weekend', 'dow_sin', 'dow_cos', 'wind_speed_10m')",3.9805212688612426,58.16513349831312,4
Calendar + Context only Weather Search,M72,h1_w0_none_ws_wind_speed_10m,"('holiday', 'wind_speed_10m')","('holiday', 'wind_speed_10m')",3.716513164158273,53.852759660402384,2
Calendar + Context only Weather Search,M73,h1_w0_integer_ws_wind_speed_10m,"('holiday', 'dow', 'wind_speed_10m')","('holiday', 'dow', 'wind_speed_10m')",3.7624222793827142,54.20966116149604,3
Calendar + Context only Weather Search,M74,h1_w0_one_hot_ws_wind_speed_10m,"('holiday', 'dow_0', 'dow_1', 'dow_2', 'dow_3', 'dow_4', 'dow_5', 'dow_6', 'wind_speed_10m')","('holiday', 'dow_0', 'dow_1', 'dow_2', 'dow_3', 'dow_4', 'dow_5', 'dow_6', 'wind_speed_10m')",3.8765619076627185,55.91828013323159,9
Calendar + Context only Weather Search,M75,h1_w0_cyclic_ws_wind_speed_10m,"('holiday', 'dow_sin', 'dow_cos', 'wind_speed_10m')","('holiday', 'dow_sin', 'dow_cos', 'wind_speed_10m')",3.863077185312933,56.369282569660825,4
Calendar + Context only Weather Search,M76,h1_w1_none_ws_wind_speed_10m,"('holiday', 'weekend', 'wind_speed_10m')","('holiday', 'weekend', 'wind_speed_10m')",3.6898810657433962,53.27814209239544,3
Calendar + Context only Weather Search,M77,h1_w1_integer_ws_wind_speed_10m,"('holiday', 'weekend', 'dow', 'wind_speed_10m')","('holiday', 'weekend', 'dow', 'wind_speed_10m')",3.7464385837045224,54.038484242509355,4
Calendar + Context only Weather Search,M78,h1_w1_one_hot_ws_wind_speed_10m,"('holiday', 'weekend', 'dow_0', 'dow_1', 'dow_2', 'dow_3', 'dow_4', 'dow_5', 'dow_6', 'wind_speed_10m')","('holiday', 'weekend', 'dow_0', 'dow_1', 'dow_2', 'dow_3', 'dow_4', 'dow_5', 'dow_6', 'wind_speed_10m')",3.8305453536376293,55.03968166598449,10
Calendar + Context only Weather Search,M79,h1_w1_cyclic_ws_wind_speed_10m,"('holiday', 'weekend', 'dow_sin', 'dow_cos', 'wind_speed_10m')","('holiday', 'weekend', 'dow_sin', 'dow_cos', 'wind_speed_10m')",3.817786969318718,55.57679795735794,5
Calendar + Context only Weather Search,M80,h0_w0_none_ws_cloud_cover_low,"('cloud_cover_low',)","('cloud_cover_low',)",3.6634401927898654,53.010671533605304,1
Calendar + Context only Weather Search,M81,h0_w0_integer_ws_cloud_cover_low,"('dow', 'cloud_cover_low')","('dow', 'cloud_cover_low')",3.885548458859225,55.87269671227148,2
Calendar + Context only Weather Search,M82,h0_w0_one_hot_ws_cloud_cover_low,"('dow_0', 'dow_1', 'dow_2', 'dow_3', 'dow_4', 'dow_5', 'dow_6', 'cloud_cover_low')","('dow_0', 'dow_1', 'dow_2', 'dow_3', 'dow_4', 'dow_5', 'dow_6', 'cloud_cover_low')",3.917328601339984,56.54743745891068,8
Calendar + Context only Weather Search,M83,h0_w0_cyclic_ws_cloud_cover_low,"('dow_sin', 'dow_cos', 'cloud_cover_low')","('dow_sin', 'dow_cos', 'cloud_cover_low')",3.9201569624489334,57.166002785753314,3
Calendar + Context only Weather Search,M84,h0_w1_none_ws_cloud_cover_low,"('weekend', 'cloud_cover_low')","('weekend', 'cloud_cover_low')",3.7835242592519873,54.5436091223075,2
Calendar + Context only Weather Search,M85,h0_w1_integer_ws_cloud_cover_low,"('weekend', 'dow', 'cloud_cover_low')","('weekend', 'dow', 'cloud_cover_low')",3.864566959041155,55.861551071732755,3
Calendar + Context only Weather Search,M86,h0_w1_one_hot_ws_cloud_cover_low,"('weekend', 'dow_0', 'dow_1', 'dow_2', 'dow_3', 'dow_4', 'dow_5', 'dow_6', 'cloud_cover_low')","('weekend', 'dow_0', 'dow_1', 'dow_2', 'dow_3', 'dow_4', 'dow_5', 'dow_6', 'cloud_cover_low')",3.8716536913279334,55.667375030012956,9
Calendar + Context only Weather Search,M87,h0_w1_cyclic_ws_cloud_cover_low,"('weekend', 'dow_sin', 'dow_cos', 'cloud_cover_low')","('weekend', 'dow_sin', 'dow_cos', 'cloud_cover_low')",3.9020575827561137,56.57805524189724,4
Calendar + Context only Weather Search,M88,h1_w0_none_ws_cloud_cover_low,"('holiday', 'cloud_cover_low')","('holiday', 'cloud_cover_low')",3.665468887116525,53.07394268640879,2
Calendar + Context only Weather Search,M89,h1_w0_integer_ws_cloud_cover_low,"('holiday', 'dow', 'cloud_cover_low')","('holiday', 'dow', 'cloud_cover_low')",3.7588760189309163,54.22049034979303,3
Calendar + Context only Weather Search,M90,h1_w0_one_hot_ws_cloud_cover_low,"('holiday', 'dow_0', 'dow_1', 'dow_2', 'dow_3', 'dow_4', 'dow_5', 'dow_6', 'cloud_cover_low')","('holiday', 'dow_0', 'dow_1', 'dow_2', 'dow_3', 'dow_4', 'dow_5', 'dow_6', 'cloud_cover_low')",3.898431516143538,56.31544013166809,9
Calendar + Context only Weather Search,M91,h1_w0_cyclic_ws_cloud_cover_low,"('holiday', 'dow_sin', 'dow_cos', 'cloud_cover_low')","('holiday', 'dow_sin', 'dow_cos', 'cloud_cover_low')",3.820919408969194,55.55494864965732,4
Calendar + Context only Weather Search,M92,h1_w1_none_ws_cloud_cover_low,"('holiday', 'weekend', 'cloud_cover_low')","('holiday', 'weekend', 'cloud_cover_low')",3.672666265081274,52.99040889767713,3
Calendar + Context only Weather Search,M93,h1_w1_integer_ws_cloud_cover_low,"('holiday', 'weekend', 'dow', 'cloud_cover_low')","('holiday', 'weekend', 'dow', 'cloud_cover_low')",3.754015534390997,54.18303417146545,4
Calendar + Context only Weather Search,M94,h1_w1_one_hot_ws_cloud_cover_low,"('holiday', 'weekend', 'dow_0', 'dow_1', 'dow_2', 'dow_3', 'dow_4', 'dow_5', 'dow_6', 'cloud_cover_low')","('holiday', 'weekend', 'dow_0', 'dow_1', 'dow_2', 'dow_3', 'dow_4', 'dow_5', 'dow_6', 'cloud_cover_low')",3.8534583462073346,55.380370860560696,10
Calendar + Context only Weather Search,M95,h1_w1_cyclic_ws_cloud_cover_low,"('holiday', 'weekend', 'dow_sin', 'dow_cos', 'cloud_cover_low')","('holiday', 'weekend', 'dow_sin', 'dow_cos', 'cloud_cover_low')",3.7960939431415235,54.869592952094315,5
Calendar + Context only Weather Search,M96,h0_w0_none_ws_temperature_2m_dew_point_2m,"('temperature_2m', 'dew_point_2m')","('temperature_2m', 'dew_point_2m')",3.691111343900676,53.667465007528364,2
Calendar + Context only Weather Search,M97,h0_w0_integer_ws_temperature_2m_dew_point_2m,"('dow', 'temperature_2m', 'dew_point_2m')","('dow', 'temperature_2m', 'dew_point_2m')",3.8340371811242386,55.0574246020498,3
Calendar + Context only Weather Search,M98,h0_w0_one_hot_ws_temperature_2m_dew_point_2m,"('dow_0', 'dow_1', 'dow_2', 'dow_3', 'dow_4', 'dow_5', 'dow_6', 'temperature_2m', 'dew_point_2m')","('dow_0', 'dow_1', 'dow_2', 'dow_3', 'dow_4', 'dow_5', 'dow_6', 'temperature_2m', 'dew_point_2m')",3.901925448983218,56.32300325779507,9
Calendar + Context only Weather Search,M99,h0_w0_cyclic_ws_temperature_2m_dew_point_2m,"('dow_sin', 'dow_cos', 'temperature_2m', 'dew_point_2m')","('dow_sin', 'dow_cos', 'temperature_2m', 'dew_point_2m')",3.914374385765506,57.24485360152129,4
Calendar + Context only Weather Search,M100,h0_w1_none_ws_temperature_2m_dew_point_2m,"('weekend', 'temperature_2m', 'dew_point_2m')","('weekend', 'temperature_2m', 'dew_point_2m')",3.772898748756603,54.68836063729889,3
Calendar + Context only Weather Search,M101,h0_w1_integer_ws_temperature_2m_dew_point_2m,"('weekend', 'dow', 'temperature_2m', 'dew_point_2m')","('weekend', 'dow', 'temperature_2m', 'dew_point_2m')",3.8283887865237514,55.43986101490169,4
Calendar + Context only Weather Search,M102,h0_w1_one_hot_ws_temperature_2m_dew_point_2m,"('weekend', 'dow_0', 'dow_1', 'dow_2', 'dow_3', 'dow_4', 'dow_5', 'dow_6', 'temperature_2m', 'dew_point_2m')","('weekend', 'dow_0', 'dow_1', 'dow_2', 'dow_3', 'dow_4', 'dow_5', 'dow_6', 'temperature_2m', 'dew_point_2m')",3.8563467148604786,55.57740540958095,10
Calendar + Context only Weather Search,M103,h0_w1_cyclic_ws_temperature_2m_dew_point_2m,"('weekend', 'dow_sin', 'dow_cos', 'temperature_2m', 'dew_point_2m')","('weekend', 'dow_sin', 'dow_cos', 'temperature_2m', 'dew_point_2m')",3.9397219527407845,57.600397963589785,5
Calendar + Context only Weather Search,M104,h1_w0_none_ws_temperature_2m_dew_point_2m,"('holiday', 'temperature_2m', 'dew_point_2m')","('holiday', 'temperature_2m', 'dew_point_2m')",3.6969611758725143,53.647396643919954,3
Calendar + Context only Weather Search,M105,h1_w0_integer_ws_temperature_2m_dew_point_2m,"('holiday', 'dow', 'temperature_2m', 'dew_point_2m')","('holiday', 'dow', 'temperature_2m', 'dew_point_2m')",3.7519130135576364,54.11450094924407,4
Calendar + Context only Weather Search,M106,h1_w0_one_hot_ws_temperature_2m_dew_point_2m,"('holiday', 'dow_0', 'dow_1', 'dow_2', 'dow_3', 'dow_4', 'dow_5', 'dow_6', 'temperature_2m', 'dew_point_2m')","('holiday', 'dow_0', 'dow_1', 'dow_2', 'dow_3', 'dow_4', 'dow_5', 'dow_6', 'temperature_2m', 'dew_point_2m')",3.858635383323563,55.68179204608873,10
Calendar + Context only Weather Search,M107,h1_w0_cyclic_ws_temperature_2m_dew_point_2m,"('holiday', 'dow_sin', 'dow_cos', 'temperature_2m', 'dew_point_2m')","('holiday', 'dow_sin', 'dow_cos', 'temperature_2m', 'dew_point_2m')",3.8380065868966486,56.04050876182436,5
Calendar + Context only Weather Search,M108,h1_w1_none_ws_temperature_2m_dew_point_2m,"('holiday', 'weekend', 'temperature_2m', 'dew_point_2m')","('holiday', 'weekend', 'temperature_2m', 'dew_point_2m')",3.6783823050416267,53.29037561211915,4
Calendar + Context only Weather Search,M109,h1_w1_integer_ws_temperature_2m_dew_point_2m,"('holiday', 'weekend', 'dow', 'temperature_2m', 'dew_point_2m')","('holiday', 'weekend', 'dow', 'temperature_2m', 'dew_point_2m')",3.7217269512633853,53.886275204865015,5
Calendar + Context only Weather Search,M110,h1_w1_one_hot_ws_temperature_2m_dew_point_2m,"('holiday', 'weekend', 'dow_0', 'dow_1', 'dow_2', 'dow_3', 'dow_4', 'dow_5', 'dow_6', 'temperature_2m', 'dew_point_2m')","('holiday', 'weekend', 'dow_0', 'dow_1', 'dow_2', 'dow_3', 'dow_4', 'dow_5', 'dow_6', 'temperature_2m', 'dew_point_2m')",3.8140902183920513,54.90689100926172,11
Calendar + Context only Weather Search,M111,h1_w1_cyclic_ws_temperature_2m_dew_point_2m,"('holiday', 'weekend', 'dow_sin', 'dow_cos', 'temperature_2m', 'dew_point_2m')","('holiday', 'weekend', 'dow_sin', 'dow_cos', 'temperature_2m', 'dew_point_2m')",3.8124242116676217,55.58863472560218,6
Calendar + Context only Weather Search,M112,h0_w0_none_ws_temperature_2m_pressure_msl,"('temperature_2m', 'pressure_msl')","('temperature_2m', 'pressure_msl')",3.7597646360746855,54.793247531211314,2
Calendar + Context only Weather Search,M113,h0_w0_integer_ws_temperature_2m_pressure_msl,"('dow', 'temperature_2m', 'pressure_msl')","('dow', 'temperature_2m', 'pressure_msl')",3.8814342466905405,55.99779766334812,3
Calendar + Context only Weather Search,M114,h0_w0_one_hot_ws_temperature_2m_pressure_msl,"('dow_0', 'dow_1', 'dow_2', 'dow_3', 'dow_4', 'dow_5', 'dow_6', 'temperature_2m', 'pressure_msl')","('dow_0', 'dow_1', 'dow_2', 'dow_3', 'dow_4', 'dow_5', 'dow_6', 'temperature_2m', 'pressure_msl')",3.8834742060602725,56.09806033267062,9
Calendar + Context only Weather Search,M115,h0_w0_cyclic_ws_temperature_2m_pressure_msl,"('dow_sin', 'dow_cos', 'temperature_2m', 'pressure_msl')","('dow_sin', 'dow_cos', 'temperature_2m', 'pressure_msl')",4.009194493533301,58.8566165485605,4
Calendar + Context only Weather Search,M116,h0_w1_none_ws_temperature_2m_pressure_msl,"('weekend', 'temperature_2m', 'pressure_msl')","('weekend', 'temperature_2m', 'pressure_msl')",3.858706486856992,56.23010855163991,3
Calendar + Context only Weather Search,M117,h0_w1_integer_ws_temperature_2m_pressure_msl,"('weekend', 'dow', 'temperature_2m', 'pressure_msl')","('weekend', 'dow', 'temperature_2m', 'pressure_msl')",3.9110000507117566,56.868505025479394,4
Calendar + Context only Weather Search,M118,h0_w1_one_hot_ws_temperature_2m_pressure_msl,"('weekend', 'dow_0', 'dow_1', 'dow_2', 'dow_3', 'dow_4', 'dow_5', 'dow_6', 'temperature_2m', 'pressure_msl')","('weekend', 'dow_0', 'dow_1', 'dow_2', 'dow_3', 'dow_4', 'dow_5', 'dow_6', 'temperature_2m', 'pressure_msl')",3.8398903833551614,55.32982591846878,10
Calendar + Context only Weather Search,M119,h0_w1_cyclic_ws_temperature_2m_pressure_msl,"('weekend', 'dow_sin', 'dow_cos', 'temperature_2m', 'pressure_msl')","('weekend', 'dow_sin', 'dow_cos', 'temperature_2m', 'pressure_msl')",4.006007421936992,58.770807605148384,5
Calendar + Context only Weather Search,M120,h1_w0_none_ws_temperature_2m_pressure_msl,"('holiday', 'temperature_2m', 'pressure_msl')","('holiday', 'temperature_2m', 'pressure_msl')",3.737063601043601,54.32017189434948,3
Calendar + Context only Weather Search,M121,h1_w0_integer_ws_temperature_2m_pressure_msl,"('holiday', 'dow', 'temperature_2m', 'pressure_msl')","('holiday', 'dow', 'temperature_2m', 'pressure_msl')",3.778884878712926,54.702120009888546,4
Calendar + Context only Weather Search,M122,h1_w0_one_hot_ws_temperature_2m_pressure_msl,"('holiday', 'dow_0', 'dow_1', 'dow_2', 'dow_3', 'dow_4', 'dow_5', 'dow_6', 'temperature_2m', 'pressure_msl')","('holiday', 'dow_0', 'dow_1', 'dow_2', 'dow_3', 'dow_4', 'dow_5', 'dow_6', 'temperature_2m', 'pressure_msl')",3.8458798381297172,55.52822756685982,10
Calendar + Context only Weather Search,M123,h1_w0_cyclic_ws_temperature_2m_pressure_msl,"('holiday', 'dow_sin', 'dow_cos', 'temperature_2m', 'pressure_msl')","('holiday', 'dow_sin', 'dow_cos', 'temperature_2m', 'pressure_msl')",3.9198262813777514,57.419748814894206,5
Calendar + Context only Weather Search,M124,h1_w1_none_ws_temperature_2m_pressure_msl,"('holiday', 'weekend', 'temperature_2m', 'pressure_msl')","('holiday', 'weekend', 'temperature_2m', 'pressure_msl')",3.728627868497957,54.21730052817005,4
Calendar + Context only Weather Search,M125,h1_w1_integer_ws_temperature_2m_pressure_msl,"('holiday', 'weekend', 'dow', 'temperature_2m', 'pressure_msl')","('holiday', 'weekend', 'dow', 'temperature_2m', 'pressure_msl')",3.7715801426581606,54.725298394749565,5
Calendar + Context only Weather Search,M126,h1_w1_one_hot_ws_temperature_2m_pressure_msl,"('holiday', 'weekend', 'dow_0', 'dow_1', 'dow_2', 'dow_3', 'dow_4', 'dow_5', 'dow_6', 'temperature_2m', 'pressure_msl')","('holiday', 'weekend', 'dow_0', 'dow_1', 'dow_2', 'dow_3', 'dow_4', 'dow_5', 'dow_6', 'temperature_2m', 'pressure_msl')",3.7977037314996793,54.64216717414323,11
Calendar + Context only Weather Search,M127,h1_w1_cyclic_ws_temperature_2m_pressure_msl,"('holiday', 'weekend', 'dow_sin', 'dow_cos', 'temperature_2m', 'pressure_msl')","('holiday', 'weekend', 'dow_sin', 'dow_cos', 'temperature_2m', 'pressure_msl')",3.8727320719675187,56.563673689766695,6
Calendar + Context only Weather Search,M128,h0_w0_none_ws_temperature_2m_wind_speed_10m,"('temperature_2m', 'wind_speed_10m')","('temperature_2m', 'wind_speed_10m')",3.7666755773590364,54.731824246122855,2
Calendar + Context only Weather Search,M129,h0_w0_integer_ws_temperature_2m_wind_speed_10m,"('dow', 'temperature_2m', 'wind_speed_10m')","('dow', 'temperature_2m', 'wind_speed_10m')",3.8339830238825723,55.189818273817295,3
Calendar + Context only Weather Search,M130,h0_w0_one_hot_ws_temperature_2m_wind_speed_10m,"('dow_0', 'dow_1', 'dow_2', 'dow_3', 'dow_4', 'dow_5', 'dow_6', 'temperature_2m', 'wind_speed_10m')","('dow_0', 'dow_1', 'dow_2', 'dow_3', 'dow_4', 'dow_5', 'dow_6', 'temperature_2m', 'wind_speed_10m')",3.909574325769897,56.48437557954516,9
Calendar + Context only Weather Search,M131,h0_w0_cyclic_ws_temperature_2m_wind_speed_10m,"('dow_sin', 'dow_cos', 'temperature_2m', 'wind_speed_10m')","('dow_sin', 'dow_cos', 'temperature_2m', 'wind_speed_10m')",3.9409338599809813,57.63006088912012,4
Calendar + Context only Weather Search,M132,h0_w1_none_ws_temperature_2m_wind_speed_10m,"('weekend', 'temperature_2m', 'wind_speed_10m')","('weekend', 'temperature_2m', 'wind_speed_10m')",3.784486727394377,54.850138472853644,3
Calendar + Context only Weather Search,M133,h0_w1_integer_ws_temperature_2m_wind_speed_10m,"('weekend', 'dow', 'temperature_2m', 'wind_speed_10m')","('weekend', 'dow', 'temperature_2m', 'wind_speed_10m')",3.831372430151055,55.48892257802169,4
Calendar + Context only Weather Search,M134,h0_w1_one_hot_ws_temperature_2m_wind_speed_10m,"('weekend', 'dow_0', 'dow_1', 'dow_2', 'dow_3', 'dow_4', 'dow_5', 'dow_6', 'temperature_2m', 'wind_speed_10m')","('weekend', 'dow_0', 'dow_1', 'dow_2', 'dow_3', 'dow_4', 'dow_5', 'dow_6', 'temperature_2m', 'wind_speed_10m')",3.8620961398107827,55.6601219657339,10
Calendar + Context only Weather Search,M135,h0_w1_cyclic_ws_temperature_2m_wind_speed_10m,"('weekend', 'dow_sin', 'dow_cos', 'temperature_2m', 'wind_speed_10m')","('weekend', 'dow_sin', 'dow_cos', 'temperature_2m', 'wind_speed_10m')",3.928117992469579,57.48176854131852,5
Calendar + Context only Weather Search,M136,h1_w0_none_ws_temperature_2m_wind_speed_10m,"('holiday', 'temperature_2m', 'wind_speed_10m')","('holiday', 'temperature_2m', 'wind_speed_10m')",3.738958708301978,54.234926407220485,3
Calendar + Context only Weather Search,M137,h1_w0_integer_ws_temperature_2m_wind_speed_10m,"('holiday', 'dow', 'temperature_2m', 'wind_speed_10m')","('holiday', 'dow', 'temperature_2m', 'wind_speed_10m')",3.76050858678781,54.27280364240725,4
Calendar + Context only Weather Search,M138,h1_w0_one_hot_ws_temperature_2m_wind_speed_10m,"('holiday', 'dow_0', 'dow_1', 'dow_2', 'dow_3', 'dow_4', 'dow_5', 'dow_6', 'temperature_2m', 'wind_speed_10m')","('holiday', 'dow_0', 'dow_1', 'dow_2', 'dow_3', 'dow_4', 'dow_5', 'dow_6', 'temperature_2m', 'wind_speed_10m')",3.8634111733740126,55.80613986253067,10
Calendar + Context only Weather Search,M139,h1_w0_cyclic_ws_temperature_2m_wind_speed_10m,"('holiday', 'dow_sin', 'dow_cos', 'temperature_2m', 'wind_speed_10m')","('holiday', 'dow_sin', 'dow_cos', 'temperature_2m', 'wind_speed_10m')",3.859976920004117,56.36275869886693,5
Calendar + Context only Weather Search,M140,h1_w1_none_ws_temperature_2m_wind_speed_10m,"('holiday', 'weekend', 'temperature_2m', 'wind_speed_10m')","('holiday', 'weekend', 'temperature_2m', 'wind_speed_10m')",3.6885959436149314,53.41488696375475,4
Calendar + Context only Weather Search,M141,h1_w1_integer_ws_temperature_2m_wind_speed_10m,"('holiday', 'weekend', 'dow', 'temperature_2m', 'wind_speed_10m')","('holiday', 'weekend', 'dow', 'temperature_2m', 'wind_speed_10m')",3.731734327790601,53.98178911253318,5
Calendar + Context only Weather Search,M142,h1_w1_one_hot_ws_temperature_2m_wind_speed_10m,"('holiday', 'weekend', 'dow_0', 'dow_1', 'dow_2', 'dow_3', 'dow_4', 'dow_5', 'dow_6', 'temperature_2m', 'wind_speed_10m')","('holiday', 'weekend', 'dow_0', 'dow_1', 'dow_2', 'dow_3', 'dow_4', 'dow_5', 'dow_6', 'temperature_2m', 'wind_speed_10m')",3.817506426927471,54.949969512539816,11
Calendar + Context only Weather Search,M143,h1_w1_cyclic_ws_temperature_2m_wind_speed_10m,"('holiday', 'weekend', 'dow_sin', 'dow_cos', 'temperature_2m', 'wind_speed_10m')","('holiday', 'weekend', 'dow_sin', 'dow_cos', 'temperature_2m', 'wind_speed_10m')",3.8044764546040026,55.48990064547359,6
Calendar + Context only Weather Search,M144,h0_w0_none_ws_temperature_2m_cloud_cover_low,"('temperature_2m', 'cloud_cover_low')","('temperature_2m', 'cloud_cover_low')",3.718819679481678,54.00354729251148,2
Calendar + Context only Weather Search,M145,h0_w0_integer_ws_temperature_2m_cloud_cover_low,"('dow', 'temperature_2m', 'cloud_cover_low')","('dow', 'temperature_2m', 'cloud_cover_low')",3.820132190572664,55.010105458266885,3
Calendar + Context only Weather Search,M146,h0_w0_one_hot_ws_temperature_2m_cloud_cover_low,"('dow_0', 'dow_1', 'dow_2', 'dow_3', 'dow_4', 'dow_5', 'dow_6', 'temperature_2m', 'cloud_cover_low')","('dow_0', 'dow_1', 'dow_2', 'dow_3', 'dow_4', 'dow_5', 'dow_6', 'temperature_2m', 'cloud_cover_low')",3.8727628153159084,55.89068133649863,9
Calendar + Context only Weather Search,M147,h0_w0_cyclic_ws_temperature_2m_cloud_cover_low,"('dow_sin', 'dow_cos', 'temperature_2m', 'cloud_cover_low')","('dow_sin', 'dow_cos', 'temperature_2m', 'cloud_cover_low')",3.8820648843201595,56.592959947503836,4
Calendar + Context only Weather Search,M148,h0_w1_none_ws_temperature_2m_cloud_cover_low,"('weekend', 'temperature_2m', 'cloud_cover_low')","('weekend', 'temperature_2m', 'cloud_cover_low')",3.768984687424657,54.51499410949191,3
Calendar + Context only Weather Search,M149,h0_w1_integer_ws_temperature_2m_cloud_cover_low,"('weekend', 'dow', 'temperature_2m', 'cloud_cover_low')","('weekend', 'dow', 'temperature_2m', 'cloud_cover_low')",3.822144130931467,55.316021476073416,4
Calendar + Context only Weather Search,M150,h0_w1_one_hot_ws_temperature_2m_cloud_cover_low,"('weekend', 'dow_0', 'dow_1', 'dow_2', 'dow_3', 'dow_4', 'dow_5', 'dow_6', 'temperature_2m', 'cloud_cover_low')","('weekend', 'dow_0', 'dow_1', 'dow_2', 'dow_3', 'dow_4', 'dow_5', 'dow_6', 'temperature_2m', 'cloud_cover_low')",3.8262019802926375,55.056345560012716,10
Calendar + Context only Weather Search,M151,h0_w1_cyclic_ws_temperature_2m_cloud_cover_low,"('weekend', 'dow_sin', 'dow_cos', 'temperature_2m', 'cloud_cover_low')","('weekend', 'dow_sin', 'dow_cos', 'temperature_2m', 'cloud_cover_low')",3.8724139076647144,56.322621555873596,5
Calendar + Context only Weather Search,M152,h1_w0_none_ws_temperature_2m_cloud_cover_low,"('holiday', 'temperature_2m', 'cloud_cover_low')","('holiday', 'temperature_2m', 'cloud_cover_low')",3.6856313891408377,53.441354778435965,3
Calendar + Context only Weather Search,M153,h1_w0_integer_ws_temperature_2m_cloud_cover_low,"('holiday', 'dow', 'temperature_2m', 'cloud_cover_low')","('holiday', 'dow', 'temperature_2m', 'cloud_cover_low')",3.729302236401621,53.85506041296772,4
Calendar + Context only Weather Search,M154,h1_w0_one_hot_ws_temperature_2m_cloud_cover_low,"('holiday', 'dow_0', 'dow_1', 'dow_2', 'dow_3', 'dow_4', 'dow_5', 'dow_6', 'temperature_2m', 'cloud_cover_low')","('holiday', 'dow_0', 'dow_1', 'dow_2', 'dow_3', 'dow_4', 'dow_5', 'dow_6', 'temperature_2m', 'cloud_cover_low')",3.848300115349352,55.52868589698613,10
Calendar + Context only Weather Search,M155,h1_w0_cyclic_ws_temperature_2m_cloud_cover_low,"('holiday', 'dow_sin', 'dow_cos', 'temperature_2m', 'cloud_cover_low')","('holiday', 'dow_sin', 'dow_cos', 'temperature_2m', 'cloud_cover_low')",3.809026524634232,55.44372478507364,5
Calendar + Context only Weather Search,M156,h1_w1_none_ws_temperature_2m_cloud_cover_low,"('holiday', 'weekend', 'temperature_2m', 'cloud_cover_low')","('holiday', 'weekend', 'temperature_2m', 'cloud_cover_low')",3.6705906949948433,53.04865894272146,4
Calendar + Context only Weather Search,M157,h1_w1_integer_ws_temperature_2m_cloud_cover_low,"('holiday', 'weekend', 'dow', 'temperature_2m', 'cloud_cover_low')","('holiday', 'weekend', 'dow', 'temperature_2m', 'cloud_cover_low')",3.722526914110861,53.77612811849831,5
Calendar + Context only Weather Search,M158,h1_w1_one_hot_ws_temperature_2m_cloud_cover_low,"('holiday', 'weekend', 'dow_0', 'dow_1', 'dow_2', 'dow_3', 'dow_4', 'dow_5', 'dow_6', 'temperature_2m', 'cloud_cover_low')","('holiday', 'weekend', 'dow_0', 'dow_1', 'dow_2', 'dow_3', 'dow_4', 'dow_5', 'dow_6', 'temperature_2m', 'cloud_cover_low')",3.799590007274204,54.61857706381109,11
Calendar + Context only Weather Search,M159,h1_w1_cyclic_ws_temperature_2m_cloud_cover_low,"('holiday', 'weekend', 'dow_sin', 'dow_cos', 'temperature_2m', 'cloud_cover_low')","('holiday', 'weekend', 'dow_sin', 'dow_cos', 'temperature_2m', 'cloud_cover_low')",3.774617765740942,54.74413505880403,6
Calendar + Context only Weather Search,M160,h0_w0_none_ws_dew_point_2m_pressure_msl,"('dew_point_2m', 'pressure_msl')","('dew_point_2m', 'pressure_msl')",3.8438862377396306,56.112060447621054,2
Calendar + Context only Weather Search,M161,h0_w0_integer_ws_dew_point_2m_pressure_msl,"('dow', 'dew_point_2m', 'pressure_msl')","('dow', 'dew_point_2m', 'pressure_msl')",3.9443816773266773,56.92966467429125,3
Calendar + Context only Weather Search,M162,h0_w0_one_hot_ws_dew_point_2m_pressure_msl,"('dow_0', 'dow_1', 'dow_2', 'dow_3', 'dow_4', 'dow_5', 'dow_6', 'dew_point_2m', 'pressure_msl')","('dow_0', 'dow_1', 'dow_2', 'dow_3', 'dow_4', 'dow_5', 'dow_6', 'dew_point_2m', 'pressure_msl')",3.961619413626565,57.328401187621495,9
Calendar + Context only Weather Search,M163,h0_w0_cyclic_ws_dew_point_2m_pressure_msl,"('dow_sin', 'dow_cos', 'dew_point_2m', 'pressure_msl')","('dow_sin', 'dow_cos', 'dew_point_2m', 'pressure_msl')",4.067003046978114,59.824929980299416,4
Calendar + Context only Weather Search,M164,h0_w1_none_ws_dew_point_2m_pressure_msl,"('weekend', 'dew_point_2m', 'pressure_msl')","('weekend', 'dew_point_2m', 'pressure_msl')",3.920209257951031,57.16206870076984,3
Calendar + Context only Weather Search,M165,h0_w1_integer_ws_dew_point_2m_pressure_msl,"('weekend', 'dow', 'dew_point_2m', 'pressure_msl')","('weekend', 'dow', 'dew_point_2m', 'pressure_msl')",3.9565063792061976,57.57153096642082,4
Calendar + Context only Weather Search,M166,h0_w1_one_hot_ws_dew_point_2m_pressure_msl,"('weekend', 'dow_0', 'dow_1', 'dow_2', 'dow_3', 'dow_4', 'dow_5', 'dow_6', 'dew_point_2m', 'pressure_msl')","('weekend', 'dow_0', 'dow_1', 'dow_2', 'dow_3', 'dow_4', 'dow_5', 'dow_6', 'dew_point_2m', 'pressure_msl')",3.9189934859854905,56.561647268030455,10
Calendar + Context only Weather Search,M167,h0_w1_cyclic_ws_dew_point_2m_pressure_msl,"('weekend', 'dow_sin', 'dow_cos', 'dew_point_2m', 'pressure_msl')","('weekend', 'dow_sin', 'dow_cos', 'dew_point_2m', 'pressure_msl')",4.07969438297615,59.90997892393344,5
Calendar + Context only Weather Search,M168,h1_w0_none_ws_dew_point_2m_pressure_msl,"('holiday', 'dew_point_2m', 'pressure_msl')","('holiday', 'dew_point_2m', 'pressure_msl')",3.8093800142688887,55.45890520297542,3
Calendar + Context only Weather Search,M169,h1_w0_integer_ws_dew_point_2m_pressure_msl,"('holiday', 'dow', 'dew_point_2m', 'pressure_msl')","('holiday', 'dow', 'dew_point_2m', 'pressure_msl')",3.8579477187036684,55.93694109505774,4
Calendar + Context only Weather Search,M170,h1_w0_one_hot_ws_dew_point_2m_pressure_msl,"('holiday', 'dow_0', 'dow_1', 'dow_2', 'dow_3', 'dow_4', 'dow_5', 'dow_6', 'dew_point_2m', 'pressure_msl')","('holiday', 'dow_0', 'dow_1', 'dow_2', 'dow_3', 'dow_4', 'dow_5', 'dow_6', 'dew_point_2m', 'pressure_msl')",3.9240203726065324,56.73903186447588,10
Calendar + Context only Weather Search,M171,h1_w0_cyclic_ws_dew_point_2m_pressure_msl,"('holiday', 'dow_sin', 'dow_cos', 'dew_point_2m', 'pressure_msl')","('holiday', 'dow_sin', 'dow_cos', 'dew_point_2m', 'pressure_msl')",3.978096173813455,58.37864694662342,5
Calendar + Context only Weather Search,M172,h1_w1_none_ws_dew_point_2m_pressure_msl,"('holiday', 'weekend', 'dew_point_2m', 'pressure_msl')","('holiday', 'weekend', 'dew_point_2m', 'pressure_msl')",3.8046009194773376,55.427184878962244,4
Calendar + Context only Weather Search,M173,h1_w1_integer_ws_dew_point_2m_pressure_msl,"('holiday', 'weekend', 'dow', 'dew_point_2m', 'pressure_msl')","('holiday', 'weekend', 'dow', 'dew_point_2m', 'pressure_msl')",3.83489274967744,55.7308646019625,5
Calendar + Context only Weather Search,M174,h1_w1_one_hot_ws_dew_point_2m_pressure_msl,"('holiday', 'weekend', 'dow_0', 'dow_1', 'dow_2', 'dow_3', 'dow_4', 'dow_5', 'dow_6', 'dew_point_2m', 'pressure_msl')","('holiday', 'weekend', 'dow_0', 'dow_1', 'dow_2', 'dow_3', 'dow_4', 'dow_5', 'dow_6', 'dew_point_2m', 'pressure_msl')",3.875120583298729,55.85104154529635,11
Calendar + Context only Weather Search,M175,h1_w1_cyclic_ws_dew_point_2m_pressure_msl,"('holiday', 'weekend', 'dow_sin', 'dow_cos', 'dew_point_2m', 'pressure_msl')","('holiday', 'weekend', 'dow_sin', 'dow_cos', 'dew_point_2m', 'pressure_msl')",3.9458764121141447,57.73068236114104,6
Calendar + Context only Weather Search,M176,h0_w0_none_ws_dew_point_2m_wind_speed_10m,"('dew_point_2m', 'wind_speed_10m')","('dew_point_2m', 'wind_speed_10m')",3.9088729134642137,56.955672572203596,2
Calendar + Context only Weather Search,M177,h0_w0_integer_ws_dew_point_2m_wind_speed_10m,"('dow', 'dew_point_2m', 'wind_speed_10m')","('dow', 'dew_point_2m', 'wind_speed_10m')",3.9347493234163866,56.63982510122531,3
Calendar + Context only Weather Search,M178,h0_w0_one_hot_ws_dew_point_2m_wind_speed_10m,"('dow_0', 'dow_1', 'dow_2', 'dow_3', 'dow_4', 'dow_5', 'dow_6', 'dew_point_2m', 'wind_speed_10m')","('dow_0', 'dow_1', 'dow_2', 'dow_3', 'dow_4', 'dow_5', 'dow_6', 'dew_point_2m', 'wind_speed_10m')",3.98702644993492,57.702397573700736,9
Calendar + Context only Weather Search,M179,h0_w0_cyclic_ws_dew_point_2m_wind_speed_10m,"('dow_sin', 'dow_cos', 'dew_point_2m', 'wind_speed_10m')","('dow_sin', 'dow_cos', 'dew_point_2m', 'wind_speed_10m')",4.048089194686816,59.381796400642976,4
Calendar + Context only Weather Search,M180,h0_w1_none_ws_dew_point_2m_wind_speed_10m,"('weekend', 'dew_point_2m', 'wind_speed_10m')","('weekend', 'dew_point_2m', 'wind_speed_10m')",3.883478946327578,56.36368085451053,3
Calendar + Context only Weather Search,M181,h0_w1_integer_ws_dew_point_2m_wind_speed_10m,"('weekend', 'dow', 'dew_point_2m', 'wind_speed_10m')","('weekend', 'dow', 'dew_point_2m', 'wind_speed_10m')",3.9168904950130083,56.765412674543825,4
Calendar + Context only Weather Search,M182,h0_w1_one_hot_ws_dew_point_2m_wind_speed_10m,"('weekend', 'dow_0', 'dow_1', 'dow_2', 'dow_3', 'dow_4', 'dow_5', 'dow_6', 'dew_point_2m', 'wind_speed_10m')","('weekend', 'dow_0', 'dow_1', 'dow_2', 'dow_3', 'dow_4', 'dow_5', 'dow_6', 'dew_point_2m', 'wind_speed_10m')",3.949837383385999,57.02432845712028,10
Calendar + Context only Weather Search,M183,h0_w1_cyclic_ws_dew_point_2m_wind_speed_10m,"('weekend', 'dow_sin', 'dow_cos', 'dew_point_2m', 'wind_speed_10m')","('weekend', 'dow_sin', 'dow_cos', 'dew_point_2m', 'wind_speed_10m')",4.047225053758964,59.34919134623759,5
Calendar + Context only Weather Search,M184,h1_w0_none_ws_dew_point_2m_wind_speed_10m,"('holiday', 'dew_point_2m', 'wind_speed_10m')","('holiday', 'dew_point_2m', 'wind_speed_10m')",3.8161277016031185,55.4626405876193,3
Calendar + Context only Weather Search,M185,h1_w0_integer_ws_dew_point_2m_wind_speed_10m,"('holiday', 'dow', 'dew_point_2m', 'wind_speed_10m')","('holiday', 'dow', 'dew_point_2m', 'wind_speed_10m')",3.838784951497582,55.50497719152395,4
Calendar + Context only Weather Search,M186,h1_w0_one_hot_ws_dew_point_2m_wind_speed_10m,"('holiday', 'dow_0', 'dow_1', 'dow_2', 'dow_3', 'dow_4', 'dow_5', 'dow_6', 'dew_point_2m', 'wind_speed_10m')","('holiday', 'dow_0', 'dow_1', 'dow_2', 'dow_3', 'dow_4', 'dow_5', 'dow_6', 'dew_point_2m', 'wind_speed_10m')",3.9452426034880954,57.060606616239596,10
Calendar + Context only Weather Search,M187,h1_w0_cyclic_ws_dew_point_2m_wind_speed_10m,"('holiday', 'dow_sin', 'dow_cos', 'dew_point_2m', 'wind_speed_10m')","('holiday', 'dow_sin', 'dow_cos', 'dew_point_2m', 'wind_speed_10m')",3.949328390052503,57.80860658895899,5
Calendar + Context only Weather Search,M188,h1_w1_none_ws_dew_point_2m_wind_speed_10m,"('holiday', 'weekend', 'dew_point_2m', 'wind_speed_10m')","('holiday', 'weekend', 'dew_point_2m', 'wind_speed_10m')",3.782235378800487,54.86250987888546,4
Calendar + Context only Weather Search,M189,h1_w1_integer_ws_dew_point_2m_wind_speed_10m,"('holiday', 'weekend', 'dow', 'dew_point_2m', 'wind_speed_10m')","('holiday', 'weekend', 'dow', 'dew_point_2m', 'wind_speed_10m')",3.8138093858935154,55.23515604355514,5
Calendar + Context only Weather Search,M190,h1_w1_one_hot_ws_dew_point_2m_wind_speed_10m,"('holiday', 'weekend', 'dow_0', 'dow_1', 'dow_2', 'dow_3', 'dow_4', 'dow_5', 'dow_6', 'dew_point_2m', 'wind_speed_10m')","('holiday', 'weekend', 'dow_0', 'dow_1', 'dow_2', 'dow_3', 'dow_4', 'dow_5', 'dow_6', 'dew_point_2m', 'wind_speed_10m')",3.9015582168916865,56.27792687609752,11
Calendar + Context only Weather Search,M191,h1_w1_cyclic_ws_dew_point_2m_wind_speed_10m,"('holiday', 'weekend', 'dow_sin', 'dow_cos', 'dew_point_2m', 'wind_speed_10m')","('holiday', 'weekend', 'dow_sin', 'dow_cos', 'dew_point_2m', 'wind_speed_10m')",3.909879863148993,57.17134181952559,6
Calendar + Context only Weather Search,M192,h0_w0_none_ws_dew_point_2m_cloud_cover_low,"('dew_point_2m', 'cloud_cover_low')","('dew_point_2m', 'cloud_cover_low')",3.865377321990111,56.34093617255977,2
Calendar + Context only Weather Search,M193,h0_w0_integer_ws_dew_point_2m_cloud_cover_low,"('dow', 'dew_point_2m', 'cloud_cover_low')","('dow', 'dew_point_2m', 'cloud_cover_low')",3.92564665360308,56.63161576733848,3
Calendar + Context only Weather Search,M194,h0_w0_one_hot_ws_dew_point_2m_cloud_cover_low,"('dow_0', 'dow_1', 'dow_2', 'dow_3', 'dow_4', 'dow_5', 'dow_6', 'dew_point_2m', 'cloud_cover_low')","('dow_0', 'dow_1', 'dow_2', 'dow_3', 'dow_4', 'dow_5', 'dow_6', 'dew_point_2m', 'cloud_cover_low')",3.9449980066022716,57.04395875424853,9
Calendar + Context only Weather Search,M195,h0_w0_cyclic_ws_dew_point_2m_cloud_cover_low,"('dow_sin', 'dow_cos', 'dew_point_2m', 'cloud_cover_low')","('dow_sin', 'dow_cos', 'dew_point_2m', 'cloud_cover_low')",3.977631160284343,58.10109152244133,4
Calendar + Context only Weather Search,M196,h0_w1_none_ws_dew_point_2m_cloud_cover_low,"('weekend', 'dew_point_2m', 'cloud_cover_low')","('weekend', 'dew_point_2m', 'cloud_cover_low')",3.8504988508906974,55.78813563147139,3
Calendar + Context only Weather Search,M197,h0_w1_integer_ws_dew_point_2m_cloud_cover_low,"('weekend', 'dow', 'dew_point_2m', 'cloud_cover_low')","('weekend', 'dow', 'dew_point_2m', 'cloud_cover_low')",3.8949640515648003,56.464923295795735,4
Calendar + Context only Weather Search,M198,h0_w1_one_hot_ws_dew_point_2m_cloud_cover_low,"('weekend', 'dow_0', 'dow_1', 'dow_2', 'dow_3', 'dow_4', 'dow_5', 'dow_6', 'dew_point_2m', 'cloud_cover_low')","('weekend', 'dow_0', 'dow_1', 'dow_2', 'dow_3', 'dow_4', 'dow_5', 'dow_6', 'dew_point_2m', 'cloud_cover_low')",3.907879810248494,56.326737950870026,10
Calendar + Context only Weather Search,M199,h0_w1_cyclic_ws_dew_point_2m_cloud_cover_low,"('weekend', 'dow_sin', 'dow_cos', 'dew_point_2m', 'cloud_cover_low')","('weekend', 'dow_sin', 'dow_cos', 'dew_point_2m', 'cloud_cover_low')",3.9584392280720473,57.74954788304123,5
Calendar + Context only Weather Search,M200,h1_w0_none_ws_dew_point_2m_cloud_cover_low,"('holiday', 'dew_point_2m', 'cloud_cover_low')","('holiday', 'dew_point_2m', 'cloud_cover_low')",3.778500065234123,54.9017684230584,3
Calendar + Context only Weather Search,M201,h1_w0_integer_ws_dew_point_2m_cloud_cover_low,"('holiday', 'dow', 'dew_point_2m', 'cloud_cover_low')","('holiday', 'dow', 'dew_point_2m', 'cloud_cover_low')",3.832014580510236,55.45657619710792,4
Calendar + Context only Weather Search,M202,h1_w0_one_hot_ws_dew_point_2m_cloud_cover_low,"('holiday', 'dow_0', 'dow_1', 'dow_2', 'dow_3', 'dow_4', 'dow_5', 'dow_6', 'dew_point_2m', 'cloud_cover_low')","('holiday', 'dow_0', 'dow_1', 'dow_2', 'dow_3', 'dow_4', 'dow_5', 'dow_6', 'dew_point_2m', 'cloud_cover_low')",3.923580314873962,56.703139715214824,10
Calendar + Context only Weather Search,M203,h1_w0_cyclic_ws_dew_point_2m_cloud_cover_low,"('holiday', 'dow_sin', 'dow_cos', 'dew_point_2m', 'cloud_cover_low')","('holiday', 'dow_sin', 'dow_cos', 'dew_point_2m', 'cloud_cover_low')",3.8864761278485713,56.72260070611692,5
Calendar + Context only Weather Search,M204,h1_w1_none_ws_dew_point_2m_cloud_cover_low,"('holiday', 'weekend', 'dew_point_2m', 'cloud_cover_low')","('holiday', 'weekend', 'dew_point_2m', 'cloud_cover_low')",3.7546261423819236,54.40930748355856,4
Calendar + Context only Weather Search,M205,h1_w1_integer_ws_dew_point_2m_cloud_cover_low,"('holiday', 'weekend', 'dow', 'dew_point_2m', 'cloud_cover_low')","('holiday', 'weekend', 'dow', 'dew_point_2m', 'cloud_cover_low')",3.7995519748273394,55.053515742473955,5
Calendar + Context only Weather Search,M206,h1_w1_one_hot_ws_dew_point_2m_cloud_cover_low,"('holiday', 'weekend', 'dow_0', 'dow_1', 'dow_2', 'dow_3', 'dow_4', 'dow_5', 'dow_6', 'dew_point_2m', 'cloud_cover_low')","('holiday', 'weekend', 'dow_0', 'dow_1', 'dow_2', 'dow_3', 'dow_4', 'dow_5', 'dow_6', 'dew_point_2m', 'cloud_cover_low')",3.8782537961624657,55.85616056392548,11
Calendar + Context only Weather Search,M207,h1_w1_cyclic_ws_dew_point_2m_cloud_cover_low,"('holiday', 'weekend', 'dow_sin', 'dow_cos', 'dew_point_2m', 'cloud_cover_low')","('holiday', 'weekend', 'dow_sin', 'dow_cos', 'dew_point_2m', 'cloud_cover_low')",3.848978203583677,56.02054081356724,6
Calendar + Context only Weather Search,M208,h0_w0_none_ws_pressure_msl_wind_speed_10m,"('pressure_msl', 'wind_speed_10m')","('pressure_msl', 'wind_speed_10m')",3.873589837742609,56.52113868128604,2
Calendar + Context only Weather Search,M209,h0_w0_integer_ws_pressure_msl_wind_speed_10m,"('dow', 'pressure_msl', 'wind_speed_10m')","('dow', 'pressure_msl', 'wind_speed_10m')",3.9474037740804526,57.07353936067381,3
Calendar + Context only Weather Search,M210,h0_w0_one_hot_ws_pressure_msl_wind_speed_10m,"('dow_0', 'dow_1', 'dow_2', 'dow_3', 'dow_4', 'dow_5', 'dow_6', 'pressure_msl', 'wind_speed_10m')","('dow_0', 'dow_1', 'dow_2', 'dow_3', 'dow_4', 'dow_5', 'dow_6', 'pressure_msl', 'wind_speed_10m')",3.977919659461649,57.646452960770375,9
Calendar + Context only Weather Search,M211,h0_w0_cyclic_ws_pressure_msl_wind_speed_10m,"('dow_sin', 'dow_cos', 'pressure_msl', 'wind_speed_10m')","('dow_sin', 'dow_cos', 'pressure_msl', 'wind_speed_10m')",4.090107619622925,60.03551096802953,4
Calendar + Context only Weather Search,M212,h0_w1_none_ws_pressure_msl_wind_speed_10m,"('weekend', 'pressure_msl', 'wind_speed_10m')","('weekend', 'pressure_msl', 'wind_speed_10m')",3.913867370576009,56.977071301500125,3
Calendar + Context only Weather Search,M213,h0_w1_integer_ws_pressure_msl_wind_speed_10m,"('weekend', 'dow', 'pressure_msl', 'wind_speed_10m')","('weekend', 'dow', 'pressure_msl', 'wind_speed_10m')",3.9600014740473886,57.57602309117501,4
Calendar + Context only Weather Search,M214,h0_w1_one_hot_ws_pressure_msl_wind_speed_10m,"('weekend', 'dow_0', 'dow_1', 'dow_2', 'dow_3', 'dow_4', 'dow_5', 'dow_6', 'pressure_msl', 'wind_speed_10m')","('weekend', 'dow_0', 'dow_1', 'dow_2', 'dow_3', 'dow_4', 'dow_5', 'dow_6', 'pressure_msl', 'wind_speed_10m')",3.934108474223687,56.848043013684595,10
Calendar + Context only Weather Search,M215,h0_w1_cyclic_ws_pressure_msl_wind_speed_10m,"('weekend', 'dow_sin', 'dow_cos', 'pressure_msl', 'wind_speed_10m')","('weekend', 'dow_sin', 'dow_cos', 'pressure_msl', 'wind_speed_10m')",4.073919193681374,59.729265018719566,5
Calendar + Context only Weather Search,M216,h1_w0_none_ws_pressure_msl_wind_speed_10m,"('holiday', 'pressure_msl', 'wind_speed_10m')","('holiday', 'pressure_msl', 'wind_speed_10m')",3.824024407208743,55.666860397431705,3
Calendar + Context only Weather Search,M217,h1_w0_integer_ws_pressure_msl_wind_speed_10m,"('holiday', 'dow', 'pressure_msl', 'wind_speed_10m')","('holiday', 'dow', 'pressure_msl', 'wind_speed_10m')",3.871442597694972,56.126389603767535,4
Calendar + Context only Weather Search,M218,h1_w0_one_hot_ws_pressure_msl_wind_speed_10m,"('holiday', 'dow_0', 'dow_1', 'dow_2', 'dow_3', 'dow_4', 'dow_5', 'dow_6', 'pressure_msl', 'wind_speed_10m')","('holiday', 'dow_0', 'dow_1', 'dow_2', 'dow_3', 'dow_4', 'dow_5', 'dow_6', 'pressure_msl', 'wind_speed_10m')",3.9311170216074953,56.89527043199234,10
Calendar + Context only Weather Search,M219,h1_w0_cyclic_ws_pressure_msl_wind_speed_10m,"('holiday', 'dow_sin', 'dow_cos', 'pressure_msl', 'wind_speed_10m')","('holiday', 'dow_sin', 'dow_cos', 'pressure_msl', 'wind_speed_10m')",3.985415289278218,58.36851527346315,5
Calendar + Context only Weather Search,M220,h1_w1_none_ws_pressure_msl_wind_speed_10m,"('holiday', 'weekend', 'pressure_msl', 'wind_speed_10m')","('holiday', 'weekend', 'pressure_msl', 'wind_speed_10m')",3.804147845709973,55.2927967194944,4
Calendar + Context only Weather Search,M221,h1_w1_integer_ws_pressure_msl_wind_speed_10m,"('holiday', 'weekend', 'dow', 'pressure_msl', 'wind_speed_10m')","('holiday', 'weekend', 'dow', 'pressure_msl', 'wind_speed_10m')",3.8532852264262143,55.9184925971603,5
Calendar + Context only Weather Search,M222,h1_w1_one_hot_ws_pressure_msl_wind_speed_10m,"('holiday', 'weekend', 'dow_0', 'dow_1', 'dow_2', 'dow_3', 'dow_4', 'dow_5', 'dow_6', 'pressure_msl', 'wind_speed_10m')","('holiday', 'weekend', 'dow_0', 'dow_1', 'dow_2', 'dow_3', 'dow_4', 'dow_5', 'dow_6', 'pressure_msl', 'wind_speed_10m')",3.883849591291239,56.01031462414193,11
Calendar + Context only Weather Search,M223,h1_w1_cyclic_ws_pressure_msl_wind_speed_10m,"('holiday', 'weekend', 'dow_sin', 'dow_cos', 'pressure_msl', 'wind_speed_10m')","('holiday', 'weekend', 'dow_sin', 'dow_cos', 'pressure_msl', 'wind_speed_10m')",3.931671931635331,57.43388491169233,6
Calendar + Context only Weather Search,M224,h0_w0_none_ws_pressure_msl_cloud_cover_low,"('pressure_msl', 'cloud_cover_low')","('pressure_msl', 'cloud_cover_low')",3.8084421337416234,55.49134874009707,2
Calendar + Context only Weather Search,M225,h0_w0_integer_ws_pressure_msl_cloud_cover_low,"('dow', 'pressure_msl', 'cloud_cover_low')","('dow', 'pressure_msl', 'cloud_cover_low')",3.905333172912186,56.40918666984129,3
Calendar + Context only Weather Search,M226,h0_w0_one_hot_ws_pressure_msl_cloud_cover_low,"('dow_0', 'dow_1', 'dow_2', 'dow_3', 'dow_4', 'dow_5', 'dow_6', 'pressure_msl', 'cloud_cover_low')","('dow_0', 'dow_1', 'dow_2', 'dow_3', 'dow_4', 'dow_5', 'dow_6', 'pressure_msl', 'cloud_cover_low')",3.929845678295388,56.85627656510382,9
Calendar + Context only Weather Search,M227,h0_w0_cyclic_ws_pressure_msl_cloud_cover_low,"('dow_sin', 'dow_cos', 'pressure_msl', 'cloud_cover_low')","('dow_sin', 'dow_cos', 'pressure_msl', 'cloud_cover_low')",3.994692026699865,58.5507877279234,4
Calendar + Context only Weather Search,M228,h0_w1_none_ws_pressure_msl_cloud_cover_low,"('weekend', 'pressure_msl', 'cloud_cover_low')","('weekend', 'pressure_msl', 'cloud_cover_low')",3.85298170531395,55.948099607432084,3
Calendar + Context only Weather Search,M229,h0_w1_integer_ws_pressure_msl_cloud_cover_low,"('weekend', 'dow', 'pressure_msl', 'cloud_cover_low')","('weekend', 'dow', 'pressure_msl', 'cloud_cover_low')",3.908425686175583,56.669773966868235,4
Calendar + Context only Weather Search,M230,h0_w1_one_hot_ws_pressure_msl_cloud_cover_low,"('weekend', 'dow_0', 'dow_1', 'dow_2', 'dow_3', 'dow_4', 'dow_5', 'dow_6', 'pressure_msl', 'cloud_cover_low')","('weekend', 'dow_0', 'dow_1', 'dow_2', 'dow_3', 'dow_4', 'dow_5', 'dow_6', 'pressure_msl', 'cloud_cover_low')",3.888424377638929,56.00985222713626,10
Calendar + Context only Weather Search,M231,h0_w1_cyclic_ws_pressure_msl_cloud_cover_low,"('weekend', 'dow_sin', 'dow_cos', 'pressure_msl', 'cloud_cover_low')","('weekend', 'dow_sin', 'dow_cos', 'pressure_msl', 'cloud_cover_low')",3.977726701595325,58.06468483045486,5
Calendar + Context only Weather Search,M232,h1_w0_none_ws_pressure_msl_cloud_cover_low,"('holiday', 'pressure_msl', 'cloud_cover_low')","('holiday', 'pressure_msl', 'cloud_cover_low')",3.776886935106021,54.94343845731481,3
Calendar + Context only Weather Search,M233,h1_w0_integer_ws_pressure_msl_cloud_cover_low,"('holiday', 'dow', 'pressure_msl', 'cloud_cover_low')","('holiday', 'dow', 'pressure_msl', 'cloud_cover_low')",3.809218114699775,55.15300708572952,4
Calendar + Context only Weather Search,M234,h1_w0_one_hot_ws_pressure_msl_cloud_cover_low,"('holiday', 'dow_0', 'dow_1', 'dow_2', 'dow_3', 'dow_4', 'dow_5', 'dow_6', 'pressure_msl', 'cloud_cover_low')","('holiday', 'dow_0', 'dow_1', 'dow_2', 'dow_3', 'dow_4', 'dow_5', 'dow_6', 'pressure_msl', 'cloud_cover_low')",3.8971193027105526,56.36617329196483,10
Calendar + Context only Weather Search,M235,h1_w0_cyclic_ws_pressure_msl_cloud_cover_low,"('holiday', 'dow_sin', 'dow_cos', 'pressure_msl', 'cloud_cover_low')","('holiday', 'dow_sin', 'dow_cos', 'pressure_msl', 'cloud_cover_low')",3.903406727318075,57.100946916883004,5
Calendar + Context only Weather Search,M236,h1_w1_none_ws_pressure_msl_cloud_cover_low,"('holiday', 'weekend', 'pressure_msl', 'cloud_cover_low')","('holiday', 'weekend', 'pressure_msl', 'cloud_cover_low')",3.745907766555014,54.344062294025846,4
Calendar + Context only Weather Search,M237,h1_w1_integer_ws_pressure_msl_cloud_cover_low,"('holiday', 'weekend', 'dow', 'pressure_msl', 'cloud_cover_low')","('holiday', 'weekend', 'dow', 'pressure_msl', 'cloud_cover_low')",3.7951942064916646,54.93052516571434,5
Calendar + Context only Weather Search,M238,h1_w1_one_hot_ws_pressure_msl_cloud_cover_low,"('holiday', 'weekend', 'dow_0', 'dow_1', 'dow_2', 'dow_3', 'dow_4', 'dow_5', 'dow_6', 'pressure_msl', 'cloud_cover_low')","('holiday', 'weekend', 'dow_0', 'dow_1', 'dow_2', 'dow_3', 'dow_4', 'dow_5', 'dow_6', 'pressure_msl', 'cloud_cover_low')",3.852922373403239,55.44045543990286,11
Calendar + Context only Weather Search,M239,h1_w1_cyclic_ws_pressure_msl_cloud_cover_low,"('holiday', 'weekend', 'dow_sin', 'dow_cos', 'pressure_msl', 'cloud_cover_low')","('holiday', 'weekend', 'dow_sin', 'dow_cos', 'pressure_msl', 'cloud_cover_low')",3.8584771308112993,56.16500581055687,6
Calendar + Context only Weather Search,M240,h0_w0_none_ws_wind_speed_10m_cloud_cover_low,"('wind_speed_10m', 'cloud_cover_low')","('wind_speed_10m', 'cloud_cover_low')",3.920393514586768,57.06988487173385,2
Calendar + Context only Weather Search,M241,h0_w0_integer_ws_wind_speed_10m_cloud_cover_low,"('dow', 'wind_speed_10m', 'cloud_cover_low')","('dow', 'wind_speed_10m', 'cloud_cover_low')",3.9107491697364214,56.50682637447285,3
Calendar + Context only Weather Search,M242,h0_w0_one_hot_ws_wind_speed_10m_cloud_cover_low,"('dow_0', 'dow_1', 'dow_2', 'dow_3', 'dow_4', 'dow_5', 'dow_6', 'wind_speed_10m', 'cloud_cover_low')","('dow_0', 'dow_1', 'dow_2', 'dow_3', 'dow_4', 'dow_5', 'dow_6', 'wind_speed_10m', 'cloud_cover_low')",3.9596086947598486,57.26399172888388,9
Calendar + Context only Weather Search,M243,h0_w0_cyclic_ws_wind_speed_10m_cloud_cover_low,"('dow_sin', 'dow_cos', 'wind_speed_10m', 'cloud_cover_low')","('dow_sin', 'dow_cos', 'wind_speed_10m', 'cloud_cover_low')",3.9863528851419505,58.26335515171486,4
Calendar + Context only Weather Search,M244,h0_w1_none_ws_wind_speed_10m_cloud_cover_low,"('weekend', 'wind_speed_10m', 'cloud_cover_low')","('weekend', 'wind_speed_10m', 'cloud_cover_low')",3.8568560626470156,55.852101052813175,3
Calendar + Context only Weather Search,M245,h0_w1_integer_ws_wind_speed_10m_cloud_cover_low,"('weekend', 'dow', 'wind_speed_10m', 'cloud_cover_low')","('weekend', 'dow', 'wind_speed_10m', 'cloud_cover_low')",3.892636265913212,56.39003420932141,4
Calendar + Context only Weather Search,M246,h0_w1_one_hot_ws_wind_speed_10m_cloud_cover_low,"('weekend', 'dow_0', 'dow_1', 'dow_2', 'dow_3', 'dow_4', 'dow_5', 'dow_6', 'wind_speed_10m', 'cloud_cover_low')","('weekend', 'dow_0', 'dow_1', 'dow_2', 'dow_3', 'dow_4', 'dow_5', 'dow_6', 'wind_speed_10m', 'cloud_cover_low')",3.9227172188297783,56.54924578973128,10
Calendar + Context only Weather Search,M247,h0_w1_cyclic_ws_wind_speed_10m_cloud_cover_low,"('weekend', 'dow_sin', 'dow_cos', 'wind_speed_10m', 'cloud_cover_low')","('weekend', 'dow_sin', 'dow_cos', 'wind_speed_10m', 'cloud_cover_low')",3.9635436147227954,57.830938950942695,5
Calendar + Context only Weather Search,M248,h1_w0_none_ws_wind_speed_10m_cloud_cover_low,"('holiday', 'wind_speed_10m', 'cloud_cover_low')","('holiday', 'wind_speed_10m', 'cloud_cover_low')",3.804162467751695,55.26020502229171,3
Calendar + Context only Weather Search,M249,h1_w0_integer_ws_wind_speed_10m_cloud_cover_low,"('holiday', 'dow', 'wind_speed_10m', 'cloud_cover_low')","('holiday', 'dow', 'wind_speed_10m', 'cloud_cover_low')",3.826110789275265,55.4093760032201,4
Calendar + Context only Weather Search,M250,h1_w0_one_hot_ws_wind_speed_10m_cloud_cover_low,"('holiday', 'dow_0', 'dow_1', 'dow_2', 'dow_3', 'dow_4', 'dow_5', 'dow_6', 'wind_speed_10m', 'cloud_cover_low')","('holiday', 'dow_0', 'dow_1', 'dow_2', 'dow_3', 'dow_4', 'dow_5', 'dow_6', 'wind_speed_10m', 'cloud_cover_low')",3.925762001052888,56.763275869077205,10
Calendar + Context only Weather Search,M251,h1_w0_cyclic_ws_wind_speed_10m_cloud_cover_low,"('holiday', 'dow_sin', 'dow_cos', 'wind_speed_10m', 'cloud_cover_low')","('holiday', 'dow_sin', 'dow_cos', 'wind_speed_10m', 'cloud_cover_low')",3.8963010359818013,56.82796253744828,5
Calendar + Context only Weather Search,M252,h1_w1_none_ws_wind_speed_10m_cloud_cover_low,"('holiday', 'weekend', 'wind_speed_10m', 'cloud_cover_low')","('holiday', 'weekend', 'wind_speed_10m', 'cloud_cover_low')",3.7616624331095494,54.47787599283307,4
Calendar + Context only Weather Search,M253,h1_w1_integer_ws_wind_speed_10m_cloud_cover_low,"('holiday', 'weekend', 'dow', 'wind_speed_10m', 'cloud_cover_low')","('holiday', 'weekend', 'dow', 'wind_speed_10m', 'cloud_cover_low')",3.80403235252822,55.044205091122514,5
Calendar + Context only Weather Search,M254,h1_w1_one_hot_ws_wind_speed_10m_cloud_cover_low,"('holiday', 'weekend', 'dow_0', 'dow_1', 'dow_2', 'dow_3', 'dow_4', 'dow_5', 'dow_6', 'wind_speed_10m', 'cloud_cover_low')","('holiday', 'weekend', 'dow_0', 'dow_1', 'dow_2', 'dow_3', 'dow_4', 'dow_5', 'dow_6', 'wind_speed_10m', 'cloud_cover_low')",3.8873641061742226,55.97643399980064,11
Calendar + Context only Weather Search,M255,h1_w1_cyclic_ws_wind_speed_10m_cloud_cover_low,"('holiday', 'weekend', 'dow_sin', 'dow_cos', 'wind_speed_10m', 'cloud_cover_low')","('holiday', 'weekend', 'dow_sin', 'dow_cos', 'wind_speed_10m', 'cloud_cover_low')",3.8485070593766793,56.01425240545357,6
Calendar + Context only Weather Search,M256,h0_w0_none_ws_temperature_2m_dew_point_2m_pressure_msl,"('temperature_2m', 'dew_point_2m', 'pressure_msl')","('temperature_2m', 'dew_point_2m', 'pressure_msl')",3.853221210085845,56.27341662793143,3
Calendar + Context only Weather Search,M257,h0_w0_integer_ws_temperature_2m_dew_point_2m_pressure_msl,"('dow', 'temperature_2m', 'dew_point_2m', 'pressure_msl')","('dow', 'temperature_2m', 'dew_point_2m', 'pressure_msl')",3.9068481011645493,56.512519977951634,4
Calendar + Context only Weather Search,M258,h0_w0_one_hot_ws_temperature_2m_dew_point_2m_pressure_msl,"('dow_0', 'dow_1', 'dow_2', 'dow_3', 'dow_4', 'dow_5', 'dow_6', 'temperature_2m', 'dew_point_2m', 'pressure_msl')","('dow_0', 'dow_1', 'dow_2', 'dow_3', 'dow_4', 'dow_5', 'dow_6', 'temperature_2m', 'dew_point_2m', 'pressure_msl')",3.9532640621441892,57.24816903735132,10
Calendar + Context only Weather Search,M259,h0_w0_cyclic_ws_temperature_2m_dew_point_2m_pressure_msl,"('dow_sin', 'dow_cos', 'temperature_2m', 'dew_point_2m', 'pressure_msl')","('dow_sin', 'dow_cos', 'temperature_2m', 'dew_point_2m', 'pressure_msl')",4.030417858348894,59.184640389747294,5
Calendar + Context only Weather Search,M260,h0_w1_none_ws_temperature_2m_dew_point_2m_pressure_msl,"('weekend', 'temperature_2m', 'dew_point_2m', 'pressure_msl')","('weekend', 'temperature_2m', 'dew_point_2m', 'pressure_msl')",3.8825972883353175,56.61689899092528,4
Calendar + Context only Weather Search,M261,h0_w1_integer_ws_temperature_2m_dew_point_2m_pressure_msl,"('weekend', 'dow', 'temperature_2m', 'dew_point_2m', 'pressure_msl')","('weekend', 'dow', 'temperature_2m', 'dew_point_2m', 'pressure_msl')",3.909615266053022,56.89911955594311,5
Calendar + Context only Weather Search,M262,h0_w1_one_hot_ws_temperature_2m_dew_point_2m_pressure_msl,"('weekend', 'dow_0', 'dow_1', 'dow_2', 'dow_3', 'dow_4', 'dow_5', 'dow_6', 'temperature_2m', 'dew_point_2m', 'pressure_msl')","('weekend', 'dow_0', 'dow_1', 'dow_2', 'dow_3', 'dow_4', 'dow_5', 'dow_6', 'temperature_2m', 'dew_point_2m', 'pressure_msl')",3.907261972266236,56.473553016165845,11
Calendar + Context only Weather Search,M263,h0_w1_cyclic_ws_temperature_2m_dew_point_2m_pressure_msl,"('weekend', 'dow_sin', 'dow_cos', 'temperature_2m', 'dew_point_2m', 'pressure_msl')","('weekend', 'dow_sin', 'dow_cos', 'temperature_2m', 'dew_point_2m', 'pressure_msl')",4.028353675650685,59.15430614736123,6
Calendar + Context only Weather Search,M264,h1_w0_none_ws_temperature_2m_dew_point_2m_pressure_msl,"('holiday', 'temperature_2m', 'dew_point_2m', 'pressure_msl')","('holiday', 'temperature_2m', 'dew_point_2m', 'pressure_msl')",3.8108837060659706,55.50828145800135,4
Calendar + Context only Weather Search,M265,h1_w0_integer_ws_temperature_2m_dew_point_2m_pressure_msl,"('holiday', 'dow', 'temperature_2m', 'dew_point_2m', 'pressure_msl')","('holiday', 'dow', 'temperature_2m', 'dew_point_2m', 'pressure_msl')",3.832720809420947,55.609900276093626,5
Calendar + Context only Weather Search,M266,h1_w0_one_hot_ws_temperature_2m_dew_point_2m_pressure_msl,"('holiday', 'dow_0', 'dow_1', 'dow_2', 'dow_3', 'dow_4', 'dow_5', 'dow_6', 'temperature_2m', 'dew_point_2m', 'pressure_msl')","('holiday', 'dow_0', 'dow_1', 'dow_2', 'dow_3', 'dow_4', 'dow_5', 'dow_6', 'temperature_2m', 'dew_point_2m', 'pressure_msl')",3.916958466549923,56.70139851645286,11
Calendar + Context only Weather Search,M267,h1_w0_cyclic_ws_temperature_2m_dew_point_2m_pressure_msl,"('holiday', 'dow_sin', 'dow_cos', 'temperature_2m', 'dew_point_2m', 'pressure_msl')","('holiday', 'dow_sin', 'dow_cos', 'temperature_2m', 'dew_point_2m', 'pressure_msl')",3.958663377428159,58.03141902902315,6
Calendar + Context only Weather Search,M268,h1_w1_none_ws_temperature_2m_dew_point_2m_pressure_msl,"('holiday', 'weekend', 'temperature_2m', 'dew_point_2m', 'pressure_msl')","('holiday', 'weekend', 'temperature_2m', 'dew_point_2m', 'pressure_msl')",3.7776339940683186,55.04375866640847,5
Calendar + Context only Weather Search,M269,h1_w1_integer_ws_temperature_2m_dew_point_2m_pressure_msl,"('holiday', 'weekend', 'dow', 'temperature_2m', 'dew_point_2m', 'pressure_msl')","('holiday', 'weekend', 'dow', 'temperature_2m', 'dew_point_2m', 'pressure_msl')",3.798715350392603,55.22650482560575,6
Calendar + Context only Weather Search,M270,h1_w1_one_hot_ws_temperature_2m_dew_point_2m_pressure_msl,"('holiday', 'weekend', 'dow_0', 'dow_1', 'dow_2', 'dow_3', 'dow_4', 'dow_5', 'dow_6', 'temperature_2m', 'dew_point_2m', 'pressure_msl')","('holiday', 'weekend', 'dow_0', 'dow_1', 'dow_2', 'dow_3', 'dow_4', 'dow_5', 'dow_6', 'temperature_2m', 'dew_point_2m', 'pressure_msl')",3.8663856341742058,55.814795023268886,12
Calendar + Context only Weather Search,M271,h1_w1_cyclic_ws_temperature_2m_dew_point_2m_pressure_msl,"('holiday', 'weekend', 'dow_sin', 'dow_cos', 'temperature_2m', 'dew_point_2m', 'pressure_msl')","('holiday', 'weekend', 'dow_sin', 'dow_cos', 'temperature_2m', 'dew_point_2m', 'pressure_msl')",3.913327592599887,57.29420749502902,7
Calendar + Context only Weather Search,M272,h0_w0_none_ws_temperature_2m_dew_point_2m_wind_speed_10m,"('temperature_2m', 'dew_point_2m', 'wind_speed_10m')","('temperature_2m', 'dew_point_2m', 'wind_speed_10m')",3.8836805953541274,56.619392685035116,3
Calendar + Context only Weather Search,M273,h0_w0_integer_ws_temperature_2m_dew_point_2m_wind_speed_10m,"('dow', 'temperature_2m', 'dew_point_2m', 'wind_speed_10m')","('dow', 'temperature_2m', 'dew_point_2m', 'wind_speed_10m')",3.896829785359354,56.22968770441825,4
Calendar + Context only Weather Search,M274,h0_w0_one_hot_ws_temperature_2m_dew_point_2m_wind_speed_10m,"('dow_0', 'dow_1', 'dow_2', 'dow_3', 'dow_4', 'dow_5', 'dow_6', 'temperature_2m', 'dew_point_2m', 'wind_speed_10m')","('dow_0', 'dow_1', 'dow_2', 'dow_3', 'dow_4', 'dow_5', 'dow_6', 'temperature_2m', 'dew_point_2m', 'wind_speed_10m')",3.9750547194214763,57.50494095631642,10
Calendar + Context only Weather Search,M275,h0_w0_cyclic_ws_temperature_2m_dew_point_2m_wind_speed_10m,"('dow_sin', 'dow_cos', 'temperature_2m', 'dew_point_2m', 'wind_speed_10m')","('dow_sin', 'dow_cos', 'temperature_2m', 'dew_point_2m', 'wind_speed_10m')",3.9984535249984083,58.544080763138204,5
Calendar + Context only Weather Search,M276,h0_w1_none_ws_temperature_2m_dew_point_2m_wind_speed_10m,"('weekend', 'temperature_2m', 'dew_point_2m', 'wind_speed_10m')","('weekend', 'temperature_2m', 'dew_point_2m', 'wind_speed_10m')",3.8426258200085384,55.84506252198318,4
Calendar + Context only Weather Search,M277,h0_w1_integer_ws_temperature_2m_dew_point_2m_wind_speed_10m,"('weekend', 'dow', 'temperature_2m', 'dew_point_2m', 'wind_speed_10m')","('weekend', 'dow', 'temperature_2m', 'dew_point_2m', 'wind_speed_10m')",3.8813701441022452,56.279924695081434,5
Calendar + Context only Weather Search,M278,h0_w1_one_hot_ws_temperature_2m_dew_point_2m_wind_speed_10m,"('weekend', 'dow_0', 'dow_1', 'dow_2', 'dow_3', 'dow_4', 'dow_5', 'dow_6', 'temperature_2m', 'dew_point_2m', 'wind_speed_10m')","('weekend', 'dow_0', 'dow_1', 'dow_2', 'dow_3', 'dow_4', 'dow_5', 'dow_6', 'temperature_2m', 'dew_point_2m', 'wind_speed_10m')",3.9296076341638884,56.76739933952252,11
Calendar + Context only Weather Search,M279,h0_w1_cyclic_ws_temperature_2m_dew_point_2m_wind_speed_10m,"('weekend', 'dow_sin', 'dow_cos', 'temperature_2m', 'dew_point_2m', 'wind_speed_10m')","('weekend', 'dow_sin', 'dow_cos', 'temperature_2m', 'dew_point_2m', 'wind_speed_10m')",3.98366209540568,58.363490312818485,6
Calendar + Context only Weather Search,M280,h1_w0_none_ws_temperature_2m_dew_point_2m_wind_speed_10m,"('holiday', 'temperature_2m', 'dew_point_2m', 'wind_speed_10m')","('holiday', 'temperature_2m', 'dew_point_2m', 'wind_speed_10m')",3.8121756219224516,55.4281919094694,4
Calendar + Context only Weather Search,M281,h1_w0_integer_ws_temperature_2m_dew_point_2m_wind_speed_10m,"('holiday', 'dow', 'temperature_2m', 'dew_point_2m', 'wind_speed_10m')","('holiday', 'dow', 'temperature_2m', 'dew_point_2m', 'wind_speed_10m')",3.8224159988388866,55.30836152675811,5
Calendar + Context only Weather Search,M282,h1_w0_one_hot_ws_temperature_2m_dew_point_2m_wind_speed_10m,"('holiday', 'dow_0', 'dow_1', 'dow_2', 'dow_3', 'dow_4', 'dow_5', 'dow_6', 'temperature_2m', 'dew_point_2m', 'wind_speed_10m')","('holiday', 'dow_0', 'dow_1', 'dow_2', 'dow_3', 'dow_4', 'dow_5', 'dow_6', 'temperature_2m', 'dew_point_2m', 'wind_speed_10m')",3.9288119722537114,56.81676597147696,11
Calendar + Context only Weather Search,M283,h1_w0_cyclic_ws_temperature_2m_dew_point_2m_wind_speed_10m,"('holiday', 'dow_sin', 'dow_cos', 'temperature_2m', 'dew_point_2m', 'wind_speed_10m')","('holiday', 'dow_sin', 'dow_cos', 'temperature_2m', 'dew_point_2m', 'wind_speed_10m')",3.9159250245252926,57.284858032135254,6
Calendar + Context only Weather Search,M284,h1_w1_none_ws_temperature_2m_dew_point_2m_wind_speed_10m,"('holiday', 'weekend', 'temperature_2m', 'dew_point_2m', 'wind_speed_10m')","('holiday', 'weekend', 'temperature_2m', 'dew_point_2m', 'wind_speed_10m')",3.7540420745319745,54.49477145896416,5
Calendar + Context only Weather Search,M285,h1_w1_integer_ws_temperature_2m_dew_point_2m_wind_speed_10m,"('holiday', 'weekend', 'dow', 'temperature_2m', 'dew_point_2m', 'wind_speed_10m')","('holiday', 'weekend', 'dow', 'temperature_2m', 'dew_point_2m', 'wind_speed_10m')",3.784502530434467,54.88168928345125,6
Calendar + Context only Weather Search,M286,h1_w1_one_hot_ws_temperature_2m_dew_point_2m_wind_speed_10m,"('holiday', 'weekend', 'dow_0', 'dow_1', 'dow_2', 'dow_3', 'dow_4', 'dow_5', 'dow_6', 'temperature_2m', 'dew_point_2m', 'wind_speed_10m')","('holiday', 'weekend', 'dow_0', 'dow_1', 'dow_2', 'dow_3', 'dow_4', 'dow_5', 'dow_6', 'temperature_2m', 'dew_point_2m', 'wind_speed_10m')",3.8840886647708883,56.06671395615932,12
Calendar + Context only Weather Search,M287,h1_w1_cyclic_ws_temperature_2m_dew_point_2m_wind_speed_10m,"('holiday', 'weekend', 'dow_sin', 'dow_cos', 'temperature_2m', 'dew_point_2m', 'wind_speed_10m')","('holiday', 'weekend', 'dow_sin', 'dow_cos', 'temperature_2m', 'dew_point_2m', 'wind_speed_10m')",3.870520446909568,56.57313782505607,7
Calendar + Context only Weather Search,M288,h0_w0_none_ws_temperature_2m_dew_point_2m_cloud_cover_low,"('temperature_2m', 'dew_point_2m', 'cloud_cover_low')","('temperature_2m', 'dew_point_2m', 'cloud_cover_low')",3.8459317680433176,56.08465178877788,3
Calendar + Context only Weather Search,M289,h0_w0_integer_ws_temperature_2m_dew_point_2m_cloud_cover_low,"('dow', 'temperature_2m', 'dew_point_2m', 'cloud_cover_low')","('dow', 'temperature_2m', 'dew_point_2m', 'cloud_cover_low')",3.875863686321107,56.03423108235228,4
Calendar + Context only Weather Search,M290,h0_w0_one_hot_ws_temperature_2m_dew_point_2m_cloud_cover_low,"('dow_0', 'dow_1', 'dow_2', 'dow_3', 'dow_4', 'dow_5', 'dow_6', 'temperature_2m', 'dew_point_2m', 'cloud_cover_low')","('dow_0', 'dow_1', 'dow_2', 'dow_3', 'dow_4', 'dow_5', 'dow_6', 'temperature_2m', 'dew_point_2m', 'cloud_cover_low')",3.92261008101706,56.739487198984854,10
Calendar + Context only Weather Search,M291,h0_w0_cyclic_ws_temperature_2m_dew_point_2m_cloud_cover_low,"('dow_sin', 'dow_cos', 'temperature_2m', 'dew_point_2m', 'cloud_cover_low')","('dow_sin', 'dow_cos', 'temperature_2m', 'dew_point_2m', 'cloud_cover_low')",3.9383358066355254,57.51458477046737,5
Calendar + Context only Weather Search,M292,h0_w1_none_ws_temperature_2m_dew_point_2m_cloud_cover_low,"('weekend', 'temperature_2m', 'dew_point_2m', 'cloud_cover_low')","('weekend', 'temperature_2m', 'dew_point_2m', 'cloud_cover_low')",3.8227827019100347,55.442732314689266,4
Calendar + Context only Weather Search,M293,h0_w1_integer_ws_temperature_2m_dew_point_2m_cloud_cover_low,"('weekend', 'dow', 'temperature_2m', 'dew_point_2m', 'cloud_cover_low')","('weekend', 'dow', 'temperature_2m', 'dew_point_2m', 'cloud_cover_low')",3.852973191356972,55.85619510951283,5
Calendar + Context only Weather Search,M294,h0_w1_one_hot_ws_temperature_2m_dew_point_2m_cloud_cover_low,"('weekend', 'dow_0', 'dow_1', 'dow_2', 'dow_3', 'dow_4', 'dow_5', 'dow_6', 'temperature_2m', 'dew_point_2m', 'cloud_cover_low')","('weekend', 'dow_0', 'dow_1', 'dow_2', 'dow_3', 'dow_4', 'dow_5', 'dow_6', 'temperature_2m', 'dew_point_2m', 'cloud_cover_low')",3.875340411001698,55.94655738940265,11
Calendar + Context only Weather Search,M295,h0_w1_cyclic_ws_temperature_2m_dew_point_2m_cloud_cover_low,"('weekend', 'dow_sin', 'dow_cos', 'temperature_2m', 'dew_point_2m', 'cloud_cover_low')","('weekend', 'dow_sin', 'dow_cos', 'temperature_2m', 'dew_point_2m', 'cloud_cover_low')",3.9219420534643166,57.20942144939719,6
Calendar + Context only Weather Search,M296,h1_w0_none_ws_temperature_2m_dew_point_2m_cloud_cover_low,"('holiday', 'temperature_2m', 'dew_point_2m', 'cloud_cover_low')","('holiday', 'temperature_2m', 'dew_point_2m', 'cloud_cover_low')",3.7736125619077177,54.85038993457109,4
Calendar + Context only Weather Search,M297,h1_w0_integer_ws_temperature_2m_dew_point_2m_cloud_cover_low,"('holiday', 'dow', 'temperature_2m', 'dew_point_2m', 'cloud_cover_low')","('holiday', 'dow', 'temperature_2m', 'dew_point_2m', 'cloud_cover_low')",3.807627251426394,55.1343768657963,5
Calendar + Context only Weather Search,M298,h1_w0_one_hot_ws_temperature_2m_dew_point_2m_cloud_cover_low,"('holiday', 'dow_0', 'dow_1', 'dow_2', 'dow_3', 'dow_4', 'dow_5', 'dow_6', 'temperature_2m', 'dew_point_2m', 'cloud_cover_low')","('holiday', 'dow_0', 'dow_1', 'dow_2', 'dow_3', 'dow_4', 'dow_5', 'dow_6', 'temperature_2m', 'dew_point_2m', 'cloud_cover_low')",3.8922725859502094,56.271795795348034,11
Calendar + Context only Weather Search,M299,h1_w0_cyclic_ws_temperature_2m_dew_point_2m_cloud_cover_low,"('holiday', 'dow_sin', 'dow_cos', 'temperature_2m', 'dew_point_2m', 'cloud_cover_low')","('holiday', 'dow_sin', 'dow_cos', 'temperature_2m', 'dew_point_2m', 'cloud_cover_low')",3.8662720915392113,56.40228865711335,6
Calendar + Context only Weather Search,M300,h1_w1_none_ws_temperature_2m_dew_point_2m_cloud_cover_low,"('holiday', 'weekend', 'temperature_2m', 'dew_point_2m', 'cloud_cover_low')","('holiday', 'weekend', 'temperature_2m', 'dew_point_2m', 'cloud_cover_low')",3.733228740426393,54.115707641452545,5
Calendar + Context only Weather Search,M301,h1_w1_integer_ws_temperature_2m_dew_point_2m_cloud_cover_low,"('holiday', 'weekend', 'dow', 'temperature_2m', 'dew_point_2m', 'cloud_cover_low')","('holiday', 'weekend', 'dow', 'temperature_2m', 'dew_point_2m', 'cloud_cover_low')",3.7634086266991322,54.54125406568175,6
Calendar + Context only Weather Search,M302,h1_w1_one_hot_ws_temperature_2m_dew_point_2m_cloud_cover_low,"('holiday', 'weekend', 'dow_0', 'dow_1', 'dow_2', 'dow_3', 'dow_4', 'dow_5', 'dow_6', 'temperature_2m', 'dew_point_2m', 'cloud_cover_low')","('holiday', 'weekend', 'dow_0', 'dow_1', 'dow_2', 'dow_3', 'dow_4', 'dow_5', 'dow_6', 'temperature_2m', 'dew_point_2m', 'cloud_cover_low')",3.843583974166847,55.42197334805322,12
Calendar + Context only Weather Search,M303,h1_w1_cyclic_ws_temperature_2m_dew_point_2m_cloud_cover_low,"('holiday', 'weekend', 'dow_sin', 'dow_cos', 'temperature_2m', 'dew_point_2m', 'cloud_cover_low')","('holiday', 'weekend', 'dow_sin', 'dow_cos', 'temperature_2m', 'dew_point_2m', 'cloud_cover_low')",3.824222187890006,55.676857198211785,7
Calendar + Context only Weather Search,M304,h0_w0_none_ws_temperature_2m_pressure_msl_wind_speed_10m,"('temperature_2m', 'pressure_msl', 'wind_speed_10m')","('temperature_2m', 'pressure_msl', 'wind_speed_10m')",3.913364905136241,57.14149616893363,3
Calendar + Context only Weather Search,M305,h0_w0_integer_ws_temperature_2m_pressure_msl_wind_speed_10m,"('dow', 'temperature_2m', 'pressure_msl', 'wind_speed_10m')","('dow', 'temperature_2m', 'pressure_msl', 'wind_speed_10m')",3.935195409607925,57.03337650956268,4
Calendar + Context only Weather Search,M306,h0_w0_one_hot_ws_temperature_2m_pressure_msl_wind_speed_10m,"('dow_0', 'dow_1', 'dow_2', 'dow_3', 'dow_4', 'dow_5', 'dow_6', 'temperature_2m', 'pressure_msl', 'wind_speed_10m')","('dow_0', 'dow_1', 'dow_2', 'dow_3', 'dow_4', 'dow_5', 'dow_6', 'temperature_2m', 'pressure_msl', 'wind_speed_10m')",3.972015306007773,57.567410263478166,10
Calendar + Context only Weather Search,M307,h0_w0_cyclic_ws_temperature_2m_pressure_msl_wind_speed_10m,"('dow_sin', 'dow_cos', 'temperature_2m', 'pressure_msl', 'wind_speed_10m')","('dow_sin', 'dow_cos', 'temperature_2m', 'pressure_msl', 'wind_speed_10m')",4.063834960632802,59.6105236058619,5
Calendar + Context only Weather Search,M308,h0_w1_none_ws_temperature_2m_pressure_msl_wind_speed_10m,"('weekend', 'temperature_2m', 'pressure_msl', 'wind_speed_10m')","('weekend', 'temperature_2m', 'pressure_msl', 'wind_speed_10m')",3.898108003095682,56.8224767980033,4
Calendar + Context only Weather Search,M309,h0_w1_integer_ws_temperature_2m_pressure_msl_wind_speed_10m,"('weekend', 'dow', 'temperature_2m', 'pressure_msl', 'wind_speed_10m')","('weekend', 'dow', 'temperature_2m', 'pressure_msl', 'wind_speed_10m')",3.935963533570702,57.26287527948867,5
Calendar + Context only Weather Search,M310,h0_w1_one_hot_ws_temperature_2m_pressure_msl_wind_speed_10m,"('weekend', 'dow_0', 'dow_1', 'dow_2', 'dow_3', 'dow_4', 'dow_5', 'dow_6', 'temperature_2m', 'pressure_msl', 'wind_speed_10m')","('weekend', 'dow_0', 'dow_1', 'dow_2', 'dow_3', 'dow_4', 'dow_5', 'dow_6', 'temperature_2m', 'pressure_msl', 'wind_speed_10m')",3.9232335946549064,56.72234071192488,11
Calendar + Context only Weather Search,M311,h0_w1_cyclic_ws_temperature_2m_pressure_msl_wind_speed_10m,"('weekend', 'dow_sin', 'dow_cos', 'temperature_2m', 'pressure_msl', 'wind_speed_10m')","('weekend', 'dow_sin', 'dow_cos', 'temperature_2m', 'pressure_msl', 'wind_speed_10m')",4.028960991624245,59.12957294400341,6
Calendar + Context only Weather Search,M312,h1_w0_none_ws_temperature_2m_pressure_msl_wind_speed_10m,"('holiday', 'temperature_2m', 'pressure_msl', 'wind_speed_10m')","('holiday', 'temperature_2m', 'pressure_msl', 'wind_speed_10m')",3.848320078195976,56.0375668578368,4
Calendar + Context only Weather Search,M313,h1_w0_integer_ws_temperature_2m_pressure_msl_wind_speed_10m,"('holiday', 'dow', 'temperature_2m', 'pressure_msl', 'wind_speed_10m')","('holiday', 'dow', 'temperature_2m', 'pressure_msl', 'wind_speed_10m')",3.8639153982575976,56.09205293318591,5
Calendar + Context only Weather Search,M314,h1_w0_one_hot_ws_temperature_2m_pressure_msl_wind_speed_10m,"('holiday', 'dow_0', 'dow_1', 'dow_2', 'dow_3', 'dow_4', 'dow_5', 'dow_6', 'temperature_2m', 'pressure_msl', 'wind_speed_10m')","('holiday', 'dow_0', 'dow_1', 'dow_2', 'dow_3', 'dow_4', 'dow_5', 'dow_6', 'temperature_2m', 'pressure_msl', 'wind_speed_10m')",3.9279161435950107,56.873617510241246,11
Calendar + Context only Weather Search,M315,h1_w0_cyclic_ws_temperature_2m_pressure_msl_wind_speed_10m,"('holiday', 'dow_sin', 'dow_cos', 'temperature_2m', 'pressure_msl', 'wind_speed_10m')","('holiday', 'dow_sin', 'dow_cos', 'temperature_2m', 'pressure_msl', 'wind_speed_10m')",3.9801385191856156,58.27193704233592,6
Calendar + Context only Weather Search,M316,h1_w1_none_ws_temperature_2m_pressure_msl_wind_speed_10m,"('holiday', 'weekend', 'temperature_2m', 'pressure_msl', 'wind_speed_10m')","('holiday', 'weekend', 'temperature_2m', 'pressure_msl', 'wind_speed_10m')",3.7942296747976467,55.22964418853518,5
Calendar + Context only Weather Search,M317,h1_w1_integer_ws_temperature_2m_pressure_msl_wind_speed_10m,"('holiday', 'weekend', 'dow', 'temperature_2m', 'pressure_msl', 'wind_speed_10m')","('holiday', 'weekend', 'dow', 'temperature_2m', 'pressure_msl', 'wind_speed_10m')",3.8287229556976086,55.63444087578091,6
Calendar + Context only Weather Search,M318,h1_w1_one_hot_ws_temperature_2m_pressure_msl_wind_speed_10m,"('holiday', 'weekend', 'dow_0', 'dow_1', 'dow_2', 'dow_3', 'dow_4', 'dow_5', 'dow_6', 'temperature_2m', 'pressure_msl', 'wind_speed_10m')","('holiday', 'weekend', 'dow_0', 'dow_1', 'dow_2', 'dow_3', 'dow_4', 'dow_5', 'dow_6', 'temperature_2m', 'pressure_msl', 'wind_speed_10m')",3.874122417938357,55.921790576304716,12
Calendar + Context only Weather Search,M319,h1_w1_cyclic_ws_temperature_2m_pressure_msl_wind_speed_10m,"('holiday', 'weekend', 'dow_sin', 'dow_cos', 'temperature_2m', 'pressure_msl', 'wind_speed_10m')","('holiday', 'weekend', 'dow_sin', 'dow_cos', 'temperature_2m', 'pressure_msl', 'wind_speed_10m')",3.9076623730436015,57.155009863201684,7
Calendar + Context only Weather Search,M320,h0_w0_none_ws_temperature_2m_pressure_msl_cloud_cover_low,"('temperature_2m', 'pressure_msl', 'cloud_cover_low')","('temperature_2m', 'pressure_msl', 'cloud_cover_low')",3.852573960179206,56.161058152594535,3
Calendar + Context only Weather Search,M321,h0_w0_integer_ws_temperature_2m_pressure_msl_cloud_cover_low,"('dow', 'temperature_2m', 'pressure_msl', 'cloud_cover_low')","('dow', 'temperature_2m', 'pressure_msl', 'cloud_cover_low')",3.877739135733453,56.09113385605114,4
Calendar + Context only Weather Search,M322,h0_w0_one_hot_ws_temperature_2m_pressure_msl_cloud_cover_low,"('dow_0', 'dow_1', 'dow_2', 'dow_3', 'dow_4', 'dow_5', 'dow_6', 'temperature_2m', 'pressure_msl', 'cloud_cover_low')","('dow_0', 'dow_1', 'dow_2', 'dow_3', 'dow_4', 'dow_5', 'dow_6', 'temperature_2m', 'pressure_msl', 'cloud_cover_low')",3.912234580073633,56.63394543379051,10
Calendar + Context only Weather Search,M323,h0_w0_cyclic_ws_temperature_2m_pressure_msl_cloud_cover_low,"('dow_sin', 'dow_cos', 'temperature_2m', 'pressure_msl', 'cloud_cover_low')","('dow_sin', 'dow_cos', 'temperature_2m', 'pressure_msl', 'cloud_cover_low')",3.977566186856803,58.24855982761879,5
Calendar + Context only Weather Search,M324,h0_w1_none_ws_temperature_2m_pressure_msl_cloud_cover_low,"('weekend', 'temperature_2m', 'pressure_msl', 'cloud_cover_low')","('weekend', 'temperature_2m', 'pressure_msl', 'cloud_cover_low')",3.844570623731981,55.88379929385768,4
Calendar + Context only Weather Search,M325,h0_w1_integer_ws_temperature_2m_pressure_msl_cloud_cover_low,"('weekend', 'dow', 'temperature_2m', 'pressure_msl', 'cloud_cover_low')","('weekend', 'dow', 'temperature_2m', 'pressure_msl', 'cloud_cover_low')",3.8729737048043105,56.20832768553812,5
Calendar + Context only Weather Search,M326,h0_w1_one_hot_ws_temperature_2m_pressure_msl_cloud_cover_low,"('weekend', 'dow_0', 'dow_1', 'dow_2', 'dow_3', 'dow_4', 'dow_5', 'dow_6', 'temperature_2m', 'pressure_msl', 'cloud_cover_low')","('weekend', 'dow_0', 'dow_1', 'dow_2', 'dow_3', 'dow_4', 'dow_5', 'dow_6', 'temperature_2m', 'pressure_msl', 'cloud_cover_low')",3.8676703049266274,55.8070682723597,11
Calendar + Context only Weather Search,M327,h0_w1_cyclic_ws_temperature_2m_pressure_msl_cloud_cover_low,"('weekend', 'dow_sin', 'dow_cos', 'temperature_2m', 'pressure_msl', 'cloud_cover_low')","('weekend', 'dow_sin', 'dow_cos', 'temperature_2m', 'pressure_msl', 'cloud_cover_low')",3.944777264622379,57.664558963397155,6
Calendar + Context only Weather Search,M328,h1_w0_none_ws_temperature_2m_pressure_msl_cloud_cover_low,"('holiday', 'temperature_2m', 'pressure_msl', 'cloud_cover_low')","('holiday', 'temperature_2m', 'pressure_msl', 'cloud_cover_low')",3.7882267311475832,55.12181711767518,4
Calendar + Context only Weather Search,M329,h1_w0_integer_ws_temperature_2m_pressure_msl_cloud_cover_low,"('holiday', 'dow', 'temperature_2m', 'pressure_msl', 'cloud_cover_low')","('holiday', 'dow', 'temperature_2m', 'pressure_msl', 'cloud_cover_low')",3.7947143346328485,54.99508357098189,5
Calendar + Context only Weather Search,M330,h1_w0_one_hot_ws_temperature_2m_pressure_msl_cloud_cover_low,"('holiday', 'dow_0', 'dow_1', 'dow_2', 'dow_3', 'dow_4', 'dow_5', 'dow_6', 'temperature_2m', 'pressure_msl', 'cloud_cover_low')","('holiday', 'dow_0', 'dow_1', 'dow_2', 'dow_3', 'dow_4', 'dow_5', 'dow_6', 'temperature_2m', 'pressure_msl', 'cloud_cover_low')",3.8807591814973272,56.14247300111303,11
Calendar + Context only Weather Search,M331,h1_w0_cyclic_ws_temperature_2m_pressure_msl_cloud_cover_low,"('holiday', 'dow_sin', 'dow_cos', 'temperature_2m', 'pressure_msl', 'cloud_cover_low')","('holiday', 'dow_sin', 'dow_cos', 'temperature_2m', 'pressure_msl', 'cloud_cover_low')",3.898336975492011,56.97785451744236,6
Calendar + Context only Weather Search,M332,h1_w1_none_ws_temperature_2m_pressure_msl_cloud_cover_low,"('holiday', 'weekend', 'temperature_2m', 'pressure_msl', 'cloud_cover_low')","('holiday', 'weekend', 'temperature_2m', 'pressure_msl', 'cloud_cover_low')",3.7423500934161864,54.3434230137631,5
Calendar + Context only Weather Search,M333,h1_w1_integer_ws_temperature_2m_pressure_msl_cloud_cover_low,"('holiday', 'weekend', 'dow', 'temperature_2m', 'pressure_msl', 'cloud_cover_low')","('holiday', 'weekend', 'dow', 'temperature_2m', 'pressure_msl', 'cloud_cover_low')",3.767714531513539,54.61924714170673,6
Calendar + Context only Weather Search,M334,h1_w1_one_hot_ws_temperature_2m_pressure_msl_cloud_cover_low,"('holiday', 'weekend', 'dow_0', 'dow_1', 'dow_2', 'dow_3', 'dow_4', 'dow_5', 'dow_6', 'temperature_2m', 'pressure_msl', 'cloud_cover_low')","('holiday', 'weekend', 'dow_0', 'dow_1', 'dow_2', 'dow_3', 'dow_4', 'dow_5', 'dow_6', 'temperature_2m', 'pressure_msl', 'cloud_cover_low')",3.828582817782979,55.18538870657286,12
Calendar + Context only Weather Search,M335,h1_w1_cyclic_ws_temperature_2m_pressure_msl_cloud_cover_low,"('holiday', 'weekend', 'dow_sin', 'dow_cos', 'temperature_2m', 'pressure_msl', 'cloud_cover_low')","('holiday', 'weekend', 'dow_sin', 'dow_cos', 'temperature_2m', 'pressure_msl', 'cloud_cover_low')",3.8411878376495268,55.98478623832271,7
Calendar + Context only Weather Search,M336,h0_w0_none_ws_temperature_2m_wind_speed_10m_cloud_cover_low,"('temperature_2m', 'wind_speed_10m', 'cloud_cover_low')","('temperature_2m', 'wind_speed_10m', 'cloud_cover_low')",3.908729508984647,56.99505888967105,3
Calendar + Context only Weather Search,M337,h0_w0_integer_ws_temperature_2m_wind_speed_10m_cloud_cover_low,"('dow', 'temperature_2m', 'wind_speed_10m', 'cloud_cover_low')","('dow', 'temperature_2m', 'wind_speed_10m', 'cloud_cover_low')",3.880561254282431,56.1702630314356,4
Calendar + Context only Weather Search,M338,h0_w0_one_hot_ws_temperature_2m_wind_speed_10m_cloud_cover_low,"('dow_0', 'dow_1', 'dow_2', 'dow_3', 'dow_4', 'dow_5', 'dow_6', 'temperature_2m', 'wind_speed_10m', 'cloud_cover_low')","('dow_0', 'dow_1', 'dow_2', 'dow_3', 'dow_4', 'dow_5', 'dow_6', 'temperature_2m', 'wind_speed_10m', 'cloud_cover_low')",3.9333186890007137,56.894106342939146,10
Calendar + Context only Weather Search,M339,h0_w0_cyclic_ws_temperature_2m_wind_speed_10m_cloud_cover_low,"('dow_sin', 'dow_cos', 'temperature_2m', 'wind_speed_10m', 'cloud_cover_low')","('dow_sin', 'dow_cos', 'temperature_2m', 'wind_speed_10m', 'cloud_cover_low')",3.9528491011016125,57.75506602260667,5
Calendar + Context only Weather Search,M340,h0_w1_none_ws_temperature_2m_wind_speed_10m_cloud_cover_low,"('weekend', 'temperature_2m', 'wind_speed_10m', 'cloud_cover_low')","('weekend', 'temperature_2m', 'wind_speed_10m', 'cloud_cover_low')",3.8359066982018586,55.65280930220849,4
Calendar + Context only Weather Search,M341,h0_w1_integer_ws_temperature_2m_wind_speed_10m_cloud_cover_low,"('weekend', 'dow', 'temperature_2m', 'wind_speed_10m', 'cloud_cover_low')","('weekend', 'dow', 'temperature_2m', 'wind_speed_10m', 'cloud_cover_low')",3.855289251968735,55.89670829569283,5
Calendar + Context only Weather Search,M342,h0_w1_one_hot_ws_temperature_2m_wind_speed_10m_cloud_cover_low,"('weekend', 'dow_0', 'dow_1', 'dow_2', 'dow_3', 'dow_4', 'dow_5', 'dow_6', 'temperature_2m', 'wind_speed_10m', 'cloud_cover_low')","('weekend', 'dow_0', 'dow_1', 'dow_2', 'dow_3', 'dow_4', 'dow_5', 'dow_6', 'temperature_2m', 'wind_speed_10m', 'cloud_cover_low')",3.8906065576112963,56.12792852476096,11
Calendar + Context only Weather Search,M343,h0_w1_cyclic_ws_temperature_2m_wind_speed_10m_cloud_cover_low,"('weekend', 'dow_sin', 'dow_cos', 'temperature_2m', 'wind_speed_10m', 'cloud_cover_low')","('weekend', 'dow_sin', 'dow_cos', 'temperature_2m', 'wind_speed_10m', 'cloud_cover_low')",3.9215315864939564,57.26560131999492,6
Calendar + Context only Weather Search,M344,h1_w0_none_ws_temperature_2m_wind_speed_10m_cloud_cover_low,"('holiday', 'temperature_2m', 'wind_speed_10m', 'cloud_cover_low')","('holiday', 'temperature_2m', 'wind_speed_10m', 'cloud_cover_low')",3.803656498609415,55.2877155820837,4
Calendar + Context only Weather Search,M345,h1_w0_integer_ws_temperature_2m_wind_speed_10m_cloud_cover_low,"('holiday', 'dow', 'temperature_2m', 'wind_speed_10m', 'cloud_cover_low')","('holiday', 'dow', 'temperature_2m', 'wind_speed_10m', 'cloud_cover_low')",3.810328167905866,55.2006358746068,5
Calendar + Context only Weather Search,M346,h1_w0_one_hot_ws_temperature_2m_wind_speed_10m_cloud_cover_low,"('holiday', 'dow_0', 'dow_1', 'dow_2', 'dow_3', 'dow_4', 'dow_5', 'dow_6', 'temperature_2m', 'wind_speed_10m', 'cloud_cover_low')","('holiday', 'dow_0', 'dow_1', 'dow_2', 'dow_3', 'dow_4', 'dow_5', 'dow_6', 'temperature_2m', 'wind_speed_10m', 'cloud_cover_low')",3.8973558113569897,56.37138048717279,11
Calendar + Context only Weather Search,M347,h1_w0_cyclic_ws_temperature_2m_wind_speed_10m_cloud_cover_low,"('holiday', 'dow_sin', 'dow_cos', 'temperature_2m', 'wind_speed_10m', 'cloud_cover_low')","('holiday', 'dow_sin', 'dow_cos', 'temperature_2m', 'wind_speed_10m', 'cloud_cover_low')",3.8803793023644997,56.611468093601836,6
Calendar + Context only Weather Search,M348,h1_w1_none_ws_temperature_2m_wind_speed_10m_cloud_cover_low,"('holiday', 'weekend', 'temperature_2m', 'wind_speed_10m', 'cloud_cover_low')","('holiday', 'weekend', 'temperature_2m', 'wind_speed_10m', 'cloud_cover_low')",3.7448842562579014,54.292787570190605,5
Calendar + Context only Weather Search,M349,h1_w1_integer_ws_temperature_2m_wind_speed_10m_cloud_cover_low,"('holiday', 'weekend', 'dow', 'temperature_2m', 'wind_speed_10m', 'cloud_cover_low')","('holiday', 'weekend', 'dow', 'temperature_2m', 'wind_speed_10m', 'cloud_cover_low')",3.7651396581926018,54.54836878812049,6
Calendar + Context only Weather Search,M350,h1_w1_one_hot_ws_temperature_2m_wind_speed_10m_cloud_cover_low,"('holiday', 'weekend', 'dow_0', 'dow_1', 'dow_2', 'dow_3', 'dow_4', 'dow_5', 'dow_6', 'temperature_2m', 'wind_speed_10m', 'cloud_cover_low')","('holiday', 'weekend', 'dow_0', 'dow_1', 'dow_2', 'dow_3', 'dow_4', 'dow_5', 'dow_6', 'temperature_2m', 'wind_speed_10m', 'cloud_cover_low')",3.850586953665725,55.49701848111196,12
Calendar + Context only Weather Search,M351,h1_w1_cyclic_ws_temperature_2m_wind_speed_10m_cloud_cover_low,"('holiday', 'weekend', 'dow_sin', 'dow_cos', 'temperature_2m', 'wind_speed_10m', 'cloud_cover_low')","('holiday', 'weekend', 'dow_sin', 'dow_cos', 'temperature_2m', 'wind_speed_10m', 'cloud_cover_low')",3.8217488408414084,55.672904005770405,7
Calendar + Context only Weather Search,M352,h0_w0_none_ws_dew_point_2m_pressure_msl_wind_speed_10m,"('dew_point_2m', 'pressure_msl', 'wind_speed_10m')","('dew_point_2m', 'pressure_msl', 'wind_speed_10m')",3.992129750334773,58.37155855485791,3
Calendar + Context only Weather Search,M353,h0_w0_integer_ws_dew_point_2m_pressure_msl_wind_speed_10m,"('dow', 'dew_point_2m', 'pressure_msl', 'wind_speed_10m')","('dow', 'dew_point_2m', 'pressure_msl', 'wind_speed_10m')",3.9976659745851406,57.932077162345074,4
Calendar + Context only Weather Search,M354,h0_w0_one_hot_ws_dew_point_2m_pressure_msl_wind_speed_10m,"('dow_0', 'dow_1', 'dow_2', 'dow_3', 'dow_4', 'dow_5', 'dow_6', 'dew_point_2m', 'pressure_msl', 'wind_speed_10m')","('dow_0', 'dow_1', 'dow_2', 'dow_3', 'dow_4', 'dow_5', 'dow_6', 'dew_point_2m', 'pressure_msl', 'wind_speed_10m')",4.033570624488858,58.50951248686779,10
Calendar + Context only Weather Search,M355,h0_w0_cyclic_ws_dew_point_2m_pressure_msl_wind_speed_10m,"('dow_sin', 'dow_cos', 'dew_point_2m', 'pressure_msl', 'wind_speed_10m')","('dow_sin', 'dow_cos', 'dew_point_2m', 'pressure_msl', 'wind_speed_10m')",4.127876997012219,60.70291950117408,5
Calendar + Context only Weather Search,M356,h0_w1_none_ws_dew_point_2m_pressure_msl_wind_speed_10m,"('weekend', 'dew_point_2m', 'pressure_msl', 'wind_speed_10m')","('weekend', 'dew_point_2m', 'pressure_msl', 'wind_speed_10m')",3.9724989913648097,57.98459950653029,4
Calendar + Context only Weather Search,M357,h0_w1_integer_ws_dew_point_2m_pressure_msl_wind_speed_10m,"('weekend', 'dow', 'dew_point_2m', 'pressure_msl', 'wind_speed_10m')","('weekend', 'dow', 'dew_point_2m', 'pressure_msl', 'wind_speed_10m')",3.983728967936204,57.97955364311321,5
Calendar + Context only Weather Search,M358,h0_w1_one_hot_ws_dew_point_2m_pressure_msl_wind_speed_10m,"('weekend', 'dow_0', 'dow_1', 'dow_2', 'dow_3', 'dow_4', 'dow_5', 'dow_6', 'dew_point_2m', 'pressure_msl', 'wind_speed_10m')","('weekend', 'dow_0', 'dow_1', 'dow_2', 'dow_3', 'dow_4', 'dow_5', 'dow_6', 'dew_point_2m', 'pressure_msl', 'wind_speed_10m')",3.989501452074214,57.73692582922688,11
Calendar + Context only Weather Search,M359,h0_w1_cyclic_ws_dew_point_2m_pressure_msl_wind_speed_10m,"('weekend', 'dow_sin', 'dow_cos', 'dew_point_2m', 'pressure_msl', 'wind_speed_10m')","('weekend', 'dow_sin', 'dow_cos', 'dew_point_2m', 'pressure_msl', 'wind_speed_10m')",4.1078721558254925,60.38227734365607,6
Calendar + Context only Weather Search,M360,h1_w0_none_ws_dew_point_2m_pressure_msl_wind_speed_10m,"('holiday', 'dew_point_2m', 'pressure_msl', 'wind_speed_10m')","('holiday', 'dew_point_2m', 'pressure_msl', 'wind_speed_10m')",3.9113421970174627,57.059582318628706,4
Calendar + Context only Weather Search,M361,h1_w0_integer_ws_dew_point_2m_pressure_msl_wind_speed_10m,"('holiday', 'dow', 'dew_point_2m', 'pressure_msl', 'wind_speed_10m')","('holiday', 'dow', 'dew_point_2m', 'pressure_msl', 'wind_speed_10m')",3.929847542377599,57.10771893898956,5
Calendar + Context only Weather Search,M362,h1_w0_one_hot_ws_dew_point_2m_pressure_msl_wind_speed_10m,"('holiday', 'dow_0', 'dow_1', 'dow_2', 'dow_3', 'dow_4', 'dow_5', 'dow_6', 'dew_point_2m', 'pressure_msl', 'wind_speed_10m')","('holiday', 'dow_0', 'dow_1', 'dow_2', 'dow_3', 'dow_4', 'dow_5', 'dow_6', 'dew_point_2m', 'pressure_msl', 'wind_speed_10m')",3.9900559014090335,57.84348698433915,11
Calendar + Context only Weather Search,M363,h1_w0_cyclic_ws_dew_point_2m_pressure_msl_wind_speed_10m,"('holiday', 'dow_sin', 'dow_cos', 'dew_point_2m', 'pressure_msl', 'wind_speed_10m')","('holiday', 'dow_sin', 'dow_cos', 'dew_point_2m', 'pressure_msl', 'wind_speed_10m')",4.043000544041357,59.32847925022855,6
Calendar + Context only Weather Search,M364,h1_w1_none_ws_dew_point_2m_pressure_msl_wind_speed_10m,"('holiday', 'weekend', 'dew_point_2m', 'pressure_msl', 'wind_speed_10m')","('holiday', 'weekend', 'dew_point_2m', 'pressure_msl', 'wind_speed_10m')",3.8739249360836676,56.49275857932166,5
Calendar + Context only Weather Search,M365,h1_w1_integer_ws_dew_point_2m_pressure_msl_wind_speed_10m,"('holiday', 'weekend', 'dow', 'dew_point_2m', 'pressure_msl', 'wind_speed_10m')","('holiday', 'weekend', 'dow', 'dew_point_2m', 'pressure_msl', 'wind_speed_10m')",3.8891685643019582,56.583711465480626,6
Calendar + Context only Weather Search,M366,h1_w1_one_hot_ws_dew_point_2m_pressure_msl_wind_speed_10m,"('holiday', 'weekend', 'dow_0', 'dow_1', 'dow_2', 'dow_3', 'dow_4', 'dow_5', 'dow_6', 'dew_point_2m', 'pressure_msl', 'wind_speed_10m')","('holiday', 'weekend', 'dow_0', 'dow_1', 'dow_2', 'dow_3', 'dow_4', 'dow_5', 'dow_6', 'dew_point_2m', 'pressure_msl', 'wind_speed_10m')",3.9432832425399735,56.971571070713416,12
Calendar + Context only Weather Search,M367,h1_w1_cyclic_ws_dew_point_2m_pressure_msl_wind_speed_10m,"('holiday', 'weekend', 'dow_sin', 'dow_cos', 'dew_point_2m', 'pressure_msl', 'wind_speed_10m')","('holiday', 'weekend', 'dow_sin', 'dow_cos', 'dew_point_2m', 'pressure_msl', 'wind_speed_10m')",3.993913819148279,58.52549030449827,7
Calendar + Context only Weather Search,M368,h0_w0_none_ws_dew_point_2m_pressure_msl_cloud_cover_low,"('dew_point_2m', 'pressure_msl', 'cloud_cover_low')","('dew_point_2m', 'pressure_msl', 'cloud_cover_low')",3.958794784079271,57.854615012006334,3
Calendar + Context only Weather Search,M369,h0_w0_integer_ws_dew_point_2m_pressure_msl_cloud_cover_low,"('dow', 'dew_point_2m', 'pressure_msl', 'cloud_cover_low')","('dow', 'dew_point_2m', 'pressure_msl', 'cloud_cover_low')",3.9706321953957033,57.515366307989034,4
Calendar + Context only Weather Search,M370,h0_w0_one_hot_ws_dew_point_2m_pressure_msl_cloud_cover_low,"('dow_0', 'dow_1', 'dow_2', 'dow_3', 'dow_4', 'dow_5', 'dow_6', 'dew_point_2m', 'pressure_msl', 'cloud_cover_low')","('dow_0', 'dow_1', 'dow_2', 'dow_3', 'dow_4', 'dow_5', 'dow_6', 'dew_point_2m', 'pressure_msl', 'cloud_cover_low')",3.9704667255411543,57.562003816444516,10
Calendar + Context only Weather Search,M371,h0_w0_cyclic_ws_dew_point_2m_pressure_msl_cloud_cover_low,"('dow_sin', 'dow_cos', 'dew_point_2m', 'pressure_msl', 'cloud_cover_low')","('dow_sin', 'dow_cos', 'dew_point_2m', 'pressure_msl', 'cloud_cover_low')",4.044796674843905,59.36717865640438,5
Calendar + Context only Weather Search,M372,h0_w1_none_ws_dew_point_2m_pressure_msl_cloud_cover_low,"('weekend', 'dew_point_2m', 'pressure_msl', 'cloud_cover_low')","('weekend', 'dew_point_2m', 'pressure_msl', 'cloud_cover_low')",3.9147624234370664,57.02575240379968,4
Calendar + Context only Weather Search,M373,h0_w1_integer_ws_dew_point_2m_pressure_msl_cloud_cover_low,"('weekend', 'dow', 'dew_point_2m', 'pressure_msl', 'cloud_cover_low')","('weekend', 'dow', 'dew_point_2m', 'pressure_msl', 'cloud_cover_low')",3.933875638313907,57.18561635088287,5
Calendar + Context only Weather Search,M374,h0_w1_one_hot_ws_dew_point_2m_pressure_msl_cloud_cover_low,"('weekend', 'dow_0', 'dow_1', 'dow_2', 'dow_3', 'dow_4', 'dow_5', 'dow_6', 'dew_point_2m', 'pressure_msl', 'cloud_cover_low')","('weekend', 'dow_0', 'dow_1', 'dow_2', 'dow_3', 'dow_4', 'dow_5', 'dow_6', 'dew_point_2m', 'pressure_msl', 'cloud_cover_low')",3.9288643454424923,56.78315661939174,11
Calendar + Context only Weather Search,M375,h0_w1_cyclic_ws_dew_point_2m_pressure_msl_cloud_cover_low,"('weekend', 'dow_sin', 'dow_cos', 'dew_point_2m', 'pressure_msl', 'cloud_cover_low')","('weekend', 'dow_sin', 'dow_cos', 'dew_point_2m', 'pressure_msl', 'cloud_cover_low')",4.0228167534228545,58.895599548457845,6
Calendar + Context only Weather Search,M376,h1_w0_none_ws_dew_point_2m_pressure_msl_cloud_cover_low,"('holiday', 'dew_point_2m', 'pressure_msl', 'cloud_cover_low')","('holiday', 'dew_point_2m', 'pressure_msl', 'cloud_cover_low')",3.87305777569166,56.442386560823714,4
Calendar + Context only Weather Search,M377,h1_w0_integer_ws_dew_point_2m_pressure_msl_cloud_cover_low,"('holiday', 'dow', 'dew_point_2m', 'pressure_msl', 'cloud_cover_low')","('holiday', 'dow', 'dew_point_2m', 'pressure_msl', 'cloud_cover_low')",3.891252073838994,56.50855285775626,5
Calendar + Context only Weather Search,M378,h1_w0_one_hot_ws_dew_point_2m_pressure_msl_cloud_cover_low,"('holiday', 'dow_0', 'dow_1', 'dow_2', 'dow_3', 'dow_4', 'dow_5', 'dow_6', 'dew_point_2m', 'pressure_msl', 'cloud_cover_low')","('holiday', 'dow_0', 'dow_1', 'dow_2', 'dow_3', 'dow_4', 'dow_5', 'dow_6', 'dew_point_2m', 'pressure_msl', 'cloud_cover_low')",3.9454183004003833,57.14952733590259,11
Calendar + Context only Weather Search,M379,h1_w0_cyclic_ws_dew_point_2m_pressure_msl_cloud_cover_low,"('holiday', 'dow_sin', 'dow_cos', 'dew_point_2m', 'pressure_msl', 'cloud_cover_low')","('holiday', 'dow_sin', 'dow_cos', 'dew_point_2m', 'pressure_msl', 'cloud_cover_low')",3.9628902720072072,58.07037906345011,6
Calendar + Context only Weather Search,M380,h1_w1_none_ws_dew_point_2m_pressure_msl_cloud_cover_low,"('holiday', 'weekend', 'dew_point_2m', 'pressure_msl', 'cloud_cover_low')","('holiday', 'weekend', 'dew_point_2m', 'pressure_msl', 'cloud_cover_low')",3.822720324114409,55.66768747407491,5
Calendar + Context only Weather Search,M381,h1_w1_integer_ws_dew_point_2m_pressure_msl_cloud_cover_low,"('holiday', 'weekend', 'dow', 'dew_point_2m', 'pressure_msl', 'cloud_cover_low')","('holiday', 'weekend', 'dow', 'dew_point_2m', 'pressure_msl', 'cloud_cover_low')",3.842768165375288,55.807901591963464,6
Calendar + Context only Weather Search,M382,h1_w1_one_hot_ws_dew_point_2m_pressure_msl_cloud_cover_low,"('holiday', 'weekend', 'dow_0', 'dow_1', 'dow_2', 'dow_3', 'dow_4', 'dow_5', 'dow_6', 'dew_point_2m', 'pressure_msl', 'cloud_cover_low')","('holiday', 'weekend', 'dow_0', 'dow_1', 'dow_2', 'dow_3', 'dow_4', 'dow_5', 'dow_6', 'dew_point_2m', 'pressure_msl', 'cloud_cover_low')",3.8924716299344015,56.19288567726602,12
Calendar + Context only Weather Search,M383,h1_w1_cyclic_ws_dew_point_2m_pressure_msl_cloud_cover_low,"('holiday', 'weekend', 'dow_sin', 'dow_cos', 'dew_point_2m', 'pressure_msl', 'cloud_cover_low')","('holiday', 'weekend', 'dow_sin', 'dow_cos', 'dew_point_2m', 'pressure_msl', 'cloud_cover_low')",3.9163073710881826,57.2223565767794,7
Calendar + Context only Weather Search,M384,h0_w0_none_ws_dew_point_2m_wind_speed_10m_cloud_cover_low,"('dew_point_2m', 'wind_speed_10m', 'cloud_cover_low')","('dew_point_2m', 'wind_speed_10m', 'cloud_cover_low')",4.064999233819388,59.56582837451637,3
Calendar + Context only Weather Search,M385,h0_w0_integer_ws_dew_point_2m_wind_speed_10m_cloud_cover_low,"('dow', 'dew_point_2m', 'wind_speed_10m', 'cloud_cover_low')","('dow', 'dew_point_2m', 'wind_speed_10m', 'cloud_cover_low')",3.9833206814134177,57.70369799453923,4
Calendar + Context only Weather Search,M386,h0_w0_one_hot_ws_dew_point_2m_wind_speed_10m_cloud_cover_low,"('dow_0', 'dow_1', 'dow_2', 'dow_3', 'dow_4', 'dow_5', 'dow_6', 'dew_point_2m', 'wind_speed_10m', 'cloud_cover_low')","('dow_0', 'dow_1', 'dow_2', 'dow_3', 'dow_4', 'dow_5', 'dow_6', 'dew_point_2m', 'wind_speed_10m', 'cloud_cover_low')",4.000616145761669,57.996106642206065,10
Calendar + Context only Weather Search,M387,h0_w0_cyclic_ws_dew_point_2m_wind_speed_10m_cloud_cover_low,"('dow_sin', 'dow_cos', 'dew_point_2m', 'wind_speed_10m', 'cloud_cover_low')","('dow_sin', 'dow_cos', 'dew_point_2m', 'wind_speed_10m', 'cloud_cover_low')",4.050707904668277,59.34922025278425,5
Calendar + Context only Weather Search,M388,h0_w1_none_ws_dew_point_2m_wind_speed_10m_cloud_cover_low,"('weekend', 'dew_point_2m', 'wind_speed_10m', 'cloud_cover_low')","('weekend', 'dew_point_2m', 'wind_speed_10m', 'cloud_cover_low')",3.9162088642120265,56.955337267774865,4
Calendar + Context only Weather Search,M389,h0_w1_integer_ws_dew_point_2m_wind_speed_10m_cloud_cover_low,"('weekend', 'dow', 'dew_point_2m', 'wind_speed_10m', 'cloud_cover_low')","('weekend', 'dow', 'dew_point_2m', 'wind_speed_10m', 'cloud_cover_low')",3.9369946496441672,57.18578453307996,5
Calendar + Context only Weather Search,M390,h0_w1_one_hot_ws_dew_point_2m_wind_speed_10m_cloud_cover_low,"('weekend', 'dow_0', 'dow_1', 'dow_2', 'dow_3', 'dow_4', 'dow_5', 'dow_6', 'dew_point_2m', 'wind_speed_10m', 'cloud_cover_low')","('weekend', 'dow_0', 'dow_1', 'dow_2', 'dow_3', 'dow_4', 'dow_5', 'dow_6', 'dew_point_2m', 'wind_speed_10m', 'cloud_cover_low')",3.9643149353025895,57.32849625130078,11
Calendar + Context only Weather Search,M391,h0_w1_cyclic_ws_dew_point_2m_wind_speed_10m_cloud_cover_low,"('weekend', 'dow_sin', 'dow_cos', 'dew_point_2m', 'wind_speed_10m', 'cloud_cover_low')","('weekend', 'dow_sin', 'dow_cos', 'dew_point_2m', 'wind_speed_10m', 'cloud_cover_low')",4.020573054478603,58.84149121252617,6
Calendar + Context only Weather Search,M392,h1_w0_none_ws_dew_point_2m_wind_speed_10m_cloud_cover_low,"('holiday', 'dew_point_2m', 'wind_speed_10m', 'cloud_cover_low')","('holiday', 'dew_point_2m', 'wind_speed_10m', 'cloud_cover_low')",3.87929172749231,56.55229345115977,4
Calendar + Context only Weather Search,M393,h1_w0_integer_ws_dew_point_2m_wind_speed_10m_cloud_cover_low,"('holiday', 'dow', 'dew_point_2m', 'wind_speed_10m', 'cloud_cover_low')","('holiday', 'dow', 'dew_point_2m', 'wind_speed_10m', 'cloud_cover_low')",3.8911832896291845,56.52745614236231,5
Calendar + Context only Weather Search,M394,h1_w0_one_hot_ws_dew_point_2m_wind_speed_10m_cloud_cover_low,"('holiday', 'dow_0', 'dow_1', 'dow_2', 'dow_3', 'dow_4', 'dow_5', 'dow_6', 'dew_point_2m', 'wind_speed_10m', 'cloud_cover_low')","('holiday', 'dow_0', 'dow_1', 'dow_2', 'dow_3', 'dow_4', 'dow_5', 'dow_6', 'dew_point_2m', 'wind_speed_10m', 'cloud_cover_low')",3.970627882954714,57.518541141186155,11
Calendar + Context only Weather Search,M395,h1_w0_cyclic_ws_dew_point_2m_wind_speed_10m_cloud_cover_low,"('holiday', 'dow_sin', 'dow_cos', 'dew_point_2m', 'wind_speed_10m', 'cloud_cover_low')","('holiday', 'dow_sin', 'dow_cos', 'dew_point_2m', 'wind_speed_10m', 'cloud_cover_low')",3.966143238394322,57.99534823787295,6
Calendar + Context only Weather Search,M396,h1_w1_none_ws_dew_point_2m_wind_speed_10m_cloud_cover_low,"('holiday', 'weekend', 'dew_point_2m', 'wind_speed_10m', 'cloud_cover_low')","('holiday', 'weekend', 'dew_point_2m', 'wind_speed_10m', 'cloud_cover_low')",3.8280637119893903,55.66978507270883,5
Calendar + Context only Weather Search,M397,h1_w1_integer_ws_dew_point_2m_wind_speed_10m_cloud_cover_low,"('holiday', 'weekend', 'dow', 'dew_point_2m', 'wind_speed_10m', 'cloud_cover_low')","('holiday', 'weekend', 'dow', 'dew_point_2m', 'wind_speed_10m', 'cloud_cover_low')",3.8516898344097523,55.918773241820745,6
Calendar + Context only Weather Search,M398,h1_w1_one_hot_ws_dew_point_2m_wind_speed_10m_cloud_cover_low,"('holiday', 'weekend', 'dow_0', 'dow_1', 'dow_2', 'dow_3', 'dow_4', 'dow_5', 'dow_6', 'dew_point_2m', 'wind_speed_10m', 'cloud_cover_low')","('holiday', 'weekend', 'dow_0', 'dow_1', 'dow_2', 'dow_3', 'dow_4', 'dow_5', 'dow_6', 'dew_point_2m', 'wind_speed_10m', 'cloud_cover_low')",3.929911542110805,56.7500804131414,12
Calendar + Context only Weather Search,M399,h1_w1_cyclic_ws_dew_point_2m_wind_speed_10m_cloud_cover_low,"('holiday', 'weekend', 'dow_sin', 'dow_cos', 'dew_point_2m', 'wind_speed_10m', 'cloud_cover_low')","('holiday', 'weekend', 'dow_sin', 'dow_cos', 'dew_point_2m', 'wind_speed_10m', 'cloud_cover_low')",3.918792033081922,57.244846955170125,7
Calendar + Context only Weather Search,M400,h0_w0_none_ws_pressure_msl_wind_speed_10m_cloud_cover_low,"('pressure_msl', 'wind_speed_10m', 'cloud_cover_low')","('pressure_msl', 'wind_speed_10m', 'cloud_cover_low')",3.9687000747776833,57.990014041357654,3
Calendar + Context only Weather Search,M401,h0_w0_integer_ws_pressure_msl_wind_speed_10m_cloud_cover_low,"('dow', 'pressure_msl', 'wind_speed_10m', 'cloud_cover_low')","('dow', 'pressure_msl', 'wind_speed_10m', 'cloud_cover_low')",3.958763635839109,57.43463897366258,4
Calendar + Context only Weather Search,M402,h0_w0_one_hot_ws_pressure_msl_wind_speed_10m_cloud_cover_low,"('dow_0', 'dow_1', 'dow_2', 'dow_3', 'dow_4', 'dow_5', 'dow_6', 'pressure_msl', 'wind_speed_10m', 'cloud_cover_low')","('dow_0', 'dow_1', 'dow_2', 'dow_3', 'dow_4', 'dow_5', 'dow_6', 'pressure_msl', 'wind_speed_10m', 'cloud_cover_low')",3.9923397088063908,57.899423367339935,10
Calendar + Context only Weather Search,M403,h0_w0_cyclic_ws_pressure_msl_wind_speed_10m_cloud_cover_low,"('dow_sin', 'dow_cos', 'pressure_msl', 'wind_speed_10m', 'cloud_cover_low')","('dow_sin', 'dow_cos', 'pressure_msl', 'wind_speed_10m', 'cloud_cover_low')",4.060311527306428,59.48137934980798,5
Calendar + Context only Weather Search,M404,h0_w1_none_ws_pressure_msl_wind_speed_10m_cloud_cover_low,"('weekend', 'pressure_msl', 'wind_speed_10m', 'cloud_cover_low')","('weekend', 'pressure_msl', 'wind_speed_10m', 'cloud_cover_low')",3.9157828507351438,57.00785524577772,4
Calendar + Context only Weather Search,M405,h0_w1_integer_ws_pressure_msl_wind_speed_10m_cloud_cover_low,"('weekend', 'dow', 'pressure_msl', 'wind_speed_10m', 'cloud_cover_low')","('weekend', 'dow', 'pressure_msl', 'wind_speed_10m', 'cloud_cover_low')",3.9363131193395677,57.185024266667135,5
Calendar + Context only Weather Search,M406,h0_w1_one_hot_ws_pressure_msl_wind_speed_10m_cloud_cover_low,"('weekend', 'dow_0', 'dow_1', 'dow_2', 'dow_3', 'dow_4', 'dow_5', 'dow_6', 'pressure_msl', 'wind_speed_10m', 'cloud_cover_low')","('weekend', 'dow_0', 'dow_1', 'dow_2', 'dow_3', 'dow_4', 'dow_5', 'dow_6', 'pressure_msl', 'wind_speed_10m', 'cloud_cover_low')",3.9534192722046595,57.13074779818455,11
Calendar + Context only Weather Search,M407,h0_w1_cyclic_ws_pressure_msl_wind_speed_10m_cloud_cover_low,"('weekend', 'dow_sin', 'dow_cos', 'pressure_msl', 'wind_speed_10m', 'cloud_cover_low')","('weekend', 'dow_sin', 'dow_cos', 'pressure_msl', 'wind_speed_10m', 'cloud_cover_low')",4.021814195205748,58.83450874931483,6
Calendar + Context only Weather Search,M408,h1_w0_none_ws_pressure_msl_wind_speed_10m_cloud_cover_low,"('holiday', 'pressure_msl', 'wind_speed_10m', 'cloud_cover_low')","('holiday', 'pressure_msl', 'wind_speed_10m', 'cloud_cover_low')",3.8749318565079083,56.509663908654325,4
Calendar + Context only Weather Search,M409,h1_w0_integer_ws_pressure_msl_wind_speed_10m_cloud_cover_low,"('holiday', 'dow', 'pressure_msl', 'wind_speed_10m', 'cloud_cover_low')","('holiday', 'dow', 'pressure_msl', 'wind_speed_10m', 'cloud_cover_low')",3.8862185792672754,56.471475314988076,5
Calendar + Context only Weather Search,M410,h1_w0_one_hot_ws_pressure_msl_wind_speed_10m_cloud_cover_low,"('holiday', 'dow_0', 'dow_1', 'dow_2', 'dow_3', 'dow_4', 'dow_5', 'dow_6', 'pressure_msl', 'wind_speed_10m', 'cloud_cover_low')","('holiday', 'dow_0', 'dow_1', 'dow_2', 'dow_3', 'dow_4', 'dow_5', 'dow_6', 'pressure_msl', 'wind_speed_10m', 'cloud_cover_low')",3.9561652446328193,57.344564344120386,11
Calendar + Context only Weather Search,M411,h1_w0_cyclic_ws_pressure_msl_wind_speed_10m_cloud_cover_low,"('holiday', 'dow_sin', 'dow_cos', 'pressure_msl', 'wind_speed_10m', 'cloud_cover_low')","('holiday', 'dow_sin', 'dow_cos', 'pressure_msl', 'wind_speed_10m', 'cloud_cover_low')",3.9709244728764577,58.066407250850254,6
Calendar + Context only Weather Search,M412,h1_w1_none_ws_pressure_msl_wind_speed_10m_cloud_cover_low,"('holiday', 'weekend', 'pressure_msl', 'wind_speed_10m', 'cloud_cover_low')","('holiday', 'weekend', 'pressure_msl', 'wind_speed_10m', 'cloud_cover_low')",3.82611988375519,55.66356332830822,5
Calendar + Context only Weather Search,M413,h1_w1_integer_ws_pressure_msl_wind_speed_10m_cloud_cover_low,"('holiday', 'weekend', 'dow', 'pressure_msl', 'wind_speed_10m', 'cloud_cover_low')","('holiday', 'weekend', 'dow', 'pressure_msl', 'wind_speed_10m', 'cloud_cover_low')",3.8542979252247953,55.918862217059825,6
Calendar + Context only Weather Search,M414,h1_w1_one_hot_ws_pressure_msl_wind_speed_10m_cloud_cover_low,"('holiday', 'weekend', 'dow_0', 'dow_1', 'dow_2', 'dow_3', 'dow_4', 'dow_5', 'dow_6', 'pressure_msl', 'wind_speed_10m', 'cloud_cover_low')","('holiday', 'weekend', 'dow_0', 'dow_1', 'dow_2', 'dow_3', 'dow_4', 'dow_5', 'dow_6', 'pressure_msl', 'wind_speed_10m', 'cloud_cover_low')",3.9132156581428914,56.460158056743175,12
Calendar + Context only Weather Search,M415,h1_w1_cyclic_ws_pressure_msl_wind_speed_10m_cloud_cover_low,"('holiday', 'weekend', 'dow_sin', 'dow_cos', 'pressure_msl', 'wind_speed_10m', 'cloud_cover_low')","('holiday', 'weekend', 'dow_sin', 'dow_cos', 'pressure_msl', 'wind_speed_10m', 'cloud_cover_low')",3.911859193405359,57.08260995987569,7
Calendar + Context only Weather Search,M416,h0_w0_none_ws_temperature_2m_dew_point_2m_pressure_msl_wind_speed_10m,"('temperature_2m', 'dew_point_2m', 'pressure_msl', 'wind_speed_10m')","('temperature_2m', 'dew_point_2m', 'pressure_msl', 'wind_speed_10m')",3.9750249975029424,58.167340311954604,4
Calendar + Context only Weather Search,M417,h0_w0_integer_ws_temperature_2m_dew_point_2m_pressure_msl_wind_speed_10m,"('dow', 'temperature_2m', 'dew_point_2m', 'pressure_msl', 'wind_speed_10m')","('dow', 'temperature_2m', 'dew_point_2m', 'pressure_msl', 'wind_speed_10m')",3.9702376561979573,57.63075098401601,5
Calendar + Context only Weather Search,M418,h0_w0_one_hot_ws_temperature_2m_dew_point_2m_pressure_msl_wind_speed_10m,"('dow_0', 'dow_1', 'dow_2', 'dow_3', 'dow_4', 'dow_5', 'dow_6', 'temperature_2m', 'dew_point_2m', 'pressure_msl', 'wind_speed_10m')","('dow_0', 'dow_1', 'dow_2', 'dow_3', 'dow_4', 'dow_5', 'dow_6', 'temperature_2m', 'dew_point_2m', 'pressure_msl', 'wind_speed_10m')",4.02317979919714,58.359222381212334,11
Calendar + Context only Weather Search,M419,h0_w0_cyclic_ws_temperature_2m_dew_point_2m_pressure_msl_wind_speed_10m,"('dow_sin', 'dow_cos', 'temperature_2m', 'dew_point_2m', 'pressure_msl', 'wind_speed_10m')","('dow_sin', 'dow_cos', 'temperature_2m', 'dew_point_2m', 'pressure_msl', 'wind_speed_10m')",4.096165682970548,60.12848923865341,6
Calendar + Context only Weather Search,M420,h0_w1_none_ws_temperature_2m_dew_point_2m_pressure_msl_wind_speed_10m,"('weekend', 'temperature_2m', 'dew_point_2m', 'pressure_msl', 'wind_speed_10m')","('weekend', 'temperature_2m', 'dew_point_2m', 'pressure_msl', 'wind_speed_10m')",3.935058372172853,57.44316840870844,5
Calendar + Context only Weather Search,M421,h0_w1_integer_ws_temperature_2m_dew_point_2m_pressure_msl_wind_speed_10m,"('weekend', 'dow', 'temperature_2m', 'dew_point_2m', 'pressure_msl', 'wind_speed_10m')","('weekend', 'dow', 'temperature_2m', 'dew_point_2m', 'pressure_msl', 'wind_speed_10m')",3.9487086571348526,57.49426320889917,6
Calendar + Context only Weather Search,M422,h0_w1_one_hot_ws_temperature_2m_dew_point_2m_pressure_msl_wind_speed_10m,"('weekend', 'dow_0', 'dow_1', 'dow_2', 'dow_3', 'dow_4', 'dow_5', 'dow_6', 'temperature_2m', 'dew_point_2m', 'pressure_msl', 'wind_speed_10m')","('weekend', 'dow_0', 'dow_1', 'dow_2', 'dow_3', 'dow_4', 'dow_5', 'dow_6', 'temperature_2m', 'dew_point_2m', 'pressure_msl', 'wind_speed_10m')",3.9695046753985657,57.453609775939285,12
Calendar + Context only Weather Search,M423,h0_w1_cyclic_ws_temperature_2m_dew_point_2m_pressure_msl_wind_speed_10m,"('weekend', 'dow_sin', 'dow_cos', 'temperature_2m', 'dew_point_2m', 'pressure_msl', 'wind_speed_10m')","('weekend', 'dow_sin', 'dow_cos', 'temperature_2m', 'dew_point_2m', 'pressure_msl', 'wind_speed_10m')",4.058483686481089,59.61385344009772,7
Calendar + Context only Weather Search,M424,h1_w0_none_ws_temperature_2m_dew_point_2m_pressure_msl_wind_speed_10m,"('holiday', 'temperature_2m', 'dew_point_2m', 'pressure_msl', 'wind_speed_10m')","('holiday', 'temperature_2m', 'dew_point_2m', 'pressure_msl', 'wind_speed_10m')",3.900488123143142,56.89288680406232,5
Calendar + Context only Weather Search,M425,h1_w0_integer_ws_temperature_2m_dew_point_2m_pressure_msl_wind_speed_10m,"('holiday', 'dow', 'temperature_2m', 'dew_point_2m', 'pressure_msl', 'wind_speed_10m')","('holiday', 'dow', 'temperature_2m', 'dew_point_2m', 'pressure_msl', 'wind_speed_10m')",3.904812587244771,56.783097854526524,6
Calendar + Context only Weather Search,M426,h1_w0_one_hot_ws_temperature_2m_dew_point_2m_pressure_msl_wind_speed_10m,"('holiday', 'dow_0', 'dow_1', 'dow_2', 'dow_3', 'dow_4', 'dow_5', 'dow_6', 'temperature_2m', 'dew_point_2m', 'pressure_msl', 'wind_speed_10m')","('holiday', 'dow_0', 'dow_1', 'dow_2', 'dow_3', 'dow_4', 'dow_5', 'dow_6', 'temperature_2m', 'dew_point_2m', 'pressure_msl', 'wind_speed_10m')",3.980307530703768,57.698050933812915,12
Calendar + Context only Weather Search,M427,h1_w0_cyclic_ws_temperature_2m_dew_point_2m_pressure_msl_wind_speed_10m,"('holiday', 'dow_sin', 'dow_cos', 'temperature_2m', 'dew_point_2m', 'pressure_msl', 'wind_speed_10m')","('holiday', 'dow_sin', 'dow_cos', 'temperature_2m', 'dew_point_2m', 'pressure_msl', 'wind_speed_10m')",4.013602557426406,58.85775208767764,7
Calendar + Context only Weather Search,M428,h1_w1_none_ws_temperature_2m_dew_point_2m_pressure_msl_wind_speed_10m,"('holiday', 'weekend', 'temperature_2m', 'dew_point_2m', 'pressure_msl', 'wind_speed_10m')","('holiday', 'weekend', 'temperature_2m', 'dew_point_2m', 'pressure_msl', 'wind_speed_10m')",3.8443736576974112,56.06125595261702,6
Calendar + Context only Weather Search,M429,h1_w1_integer_ws_temperature_2m_dew_point_2m_pressure_msl_wind_speed_10m,"('holiday', 'weekend', 'dow', 'temperature_2m', 'dew_point_2m', 'pressure_msl', 'wind_speed_10m')","('holiday', 'weekend', 'dow', 'temperature_2m', 'dew_point_2m', 'pressure_msl', 'wind_speed_10m')",3.8582290165540423,56.13466595829278,7
Calendar + Context only Weather Search,M430,h1_w1_one_hot_ws_temperature_2m_dew_point_2m_pressure_msl_wind_speed_10m,"('holiday', 'weekend', 'dow_0', 'dow_1', 'dow_2', 'dow_3', 'dow_4', 'dow_5', 'dow_6', 'temperature_2m', 'dew_point_2m', 'pressure_msl', 'wind_speed_10m')","('holiday', 'weekend', 'dow_0', 'dow_1', 'dow_2', 'dow_3', 'dow_4', 'dow_5', 'dow_6', 'temperature_2m', 'dew_point_2m', 'pressure_msl', 'wind_speed_10m')",3.9264904807650707,56.77021779268191,13
Calendar + Context only Weather Search,M431,h1_w1_cyclic_ws_temperature_2m_dew_point_2m_pressure_msl_wind_speed_10m,"('holiday', 'weekend', 'dow_sin', 'dow_cos', 'temperature_2m', 'dew_point_2m', 'pressure_msl', 'wind_speed_10m')","('holiday', 'weekend', 'dow_sin', 'dow_cos', 'temperature_2m', 'dew_point_2m', 'pressure_msl', 'wind_speed_10m')",3.95286326889588,57.92454456251468,8
Calendar + Context only Weather Search,M432,h0_w0_none_ws_temperature_2m_dew_point_2m_pressure_msl_cloud_cover_low,"('temperature_2m', 'dew_point_2m', 'pressure_msl', 'cloud_cover_low')","('temperature_2m', 'dew_point_2m', 'pressure_msl', 'cloud_cover_low')",3.9428513878295033,57.60106861257752,4
Calendar + Context only Weather Search,M433,h0_w0_integer_ws_temperature_2m_dew_point_2m_pressure_msl_cloud_cover_low,"('dow', 'temperature_2m', 'dew_point_2m', 'pressure_msl', 'cloud_cover_low')","('dow', 'temperature_2m', 'dew_point_2m', 'pressure_msl', 'cloud_cover_low')",3.932940535828125,57.070829850628115,5
Calendar + Context only Weather Search,M434,h0_w0_one_hot_ws_temperature_2m_dew_point_2m_pressure_msl_cloud_cover_low,"('dow_0', 'dow_1', 'dow_2', 'dow_3', 'dow_4', 'dow_5', 'dow_6', 'temperature_2m', 'dew_point_2m', 'pressure_msl', 'cloud_cover_low')","('dow_0', 'dow_1', 'dow_2', 'dow_3', 'dow_4', 'dow_5', 'dow_6', 'temperature_2m', 'dew_point_2m', 'pressure_msl', 'cloud_cover_low')",3.9570470518262097,57.39379100477442,11
Calendar + Context only Weather Search,M435,h0_w0_cyclic_ws_temperature_2m_dew_point_2m_pressure_msl_cloud_cover_low,"('dow_sin', 'dow_cos', 'temperature_2m', 'dew_point_2m', 'pressure_msl', 'cloud_cover_low')","('dow_sin', 'dow_cos', 'temperature_2m', 'dew_point_2m', 'pressure_msl', 'cloud_cover_low')",4.016981501848437,58.85952094540581,6
Calendar + Context only Weather Search,M436,h0_w1_none_ws_temperature_2m_dew_point_2m_pressure_msl_cloud_cover_low,"('weekend', 'temperature_2m', 'dew_point_2m', 'pressure_msl', 'cloud_cover_low')","('weekend', 'temperature_2m', 'dew_point_2m', 'pressure_msl', 'cloud_cover_low')",3.8852388909392856,56.590633401275944,5
Calendar + Context only Weather Search,M437,h0_w1_integer_ws_temperature_2m_dew_point_2m_pressure_msl_cloud_cover_low,"('weekend', 'dow', 'temperature_2m', 'dew_point_2m', 'pressure_msl', 'cloud_cover_low')","('weekend', 'dow', 'temperature_2m', 'dew_point_2m', 'pressure_msl', 'cloud_cover_low')",3.8951359609382274,56.62176708163599,6
Calendar + Context only Weather Search,M438,h0_w1_one_hot_ws_temperature_2m_dew_point_2m_pressure_msl_cloud_cover_low,"('weekend', 'dow_0', 'dow_1', 'dow_2', 'dow_3', 'dow_4', 'dow_5', 'dow_6', 'temperature_2m', 'dew_point_2m', 'pressure_msl', 'cloud_cover_low')","('weekend', 'dow_0', 'dow_1', 'dow_2', 'dow_3', 'dow_4', 'dow_5', 'dow_6', 'temperature_2m', 'dew_point_2m', 'pressure_msl', 'cloud_cover_low')",3.9082290623762375,56.53490630055012,12
Calendar + Context only Weather Search,M439,h0_w1_cyclic_ws_temperature_2m_dew_point_2m_pressure_msl_cloud_cover_low,"('weekend', 'dow_sin', 'dow_cos', 'temperature_2m', 'dew_point_2m', 'pressure_msl', 'cloud_cover_low')","('weekend', 'dow_sin', 'dow_cos', 'temperature_2m', 'dew_point_2m', 'pressure_msl', 'cloud_cover_low')",3.97959912857922,58.24931678844921,7
Calendar + Context only Weather Search,M440,h1_w0_none_ws_temperature_2m_dew_point_2m_pressure_msl_cloud_cover_low,"('holiday', 'temperature_2m', 'dew_point_2m', 'pressure_msl', 'cloud_cover_low')","('holiday', 'temperature_2m', 'dew_point_2m', 'pressure_msl', 'cloud_cover_low')",3.865914521610272,56.33690926415267,5
Calendar + Context only Weather Search,M441,h1_w0_integer_ws_temperature_2m_dew_point_2m_pressure_msl_cloud_cover_low,"('holiday', 'dow', 'temperature_2m', 'dew_point_2m', 'pressure_msl', 'cloud_cover_low')","('holiday', 'dow', 'temperature_2m', 'dew_point_2m', 'pressure_msl', 'cloud_cover_low')",3.865630817734846,56.1633399014341,6
Calendar + Context only Weather Search,M442,h1_w0_one_hot_ws_temperature_2m_dew_point_2m_pressure_msl_cloud_cover_low,"('holiday', 'dow_0', 'dow_1', 'dow_2', 'dow_3', 'dow_4', 'dow_5', 'dow_6', 'temperature_2m', 'dew_point_2m', 'pressure_msl', 'cloud_cover_low')","('holiday', 'dow_0', 'dow_1', 'dow_2', 'dow_3', 'dow_4', 'dow_5', 'dow_6', 'temperature_2m', 'dew_point_2m', 'pressure_msl', 'cloud_cover_low')",3.932799566052427,56.98996047528223,12
Calendar + Context only Weather Search,M443,h1_w0_cyclic_ws_temperature_2m_dew_point_2m_pressure_msl_cloud_cover_low,"('holiday', 'dow_sin', 'dow_cos', 'temperature_2m', 'dew_point_2m', 'pressure_msl', 'cloud_cover_low')","('holiday', 'dow_sin', 'dow_cos', 'temperature_2m', 'dew_point_2m', 'pressure_msl', 'cloud_cover_low')",3.9443148199733984,57.7405335127042,7
Calendar + Context only Weather Search,M444,h1_w1_none_ws_temperature_2m_dew_point_2m_pressure_msl_cloud_cover_low,"('holiday', 'weekend', 'temperature_2m', 'dew_point_2m', 'pressure_msl', 'cloud_cover_low')","('holiday', 'weekend', 'temperature_2m', 'dew_point_2m', 'pressure_msl', 'cloud_cover_low')",3.7945237551333832,55.254154286899976,6
Calendar + Context only Weather Search,M445,h1_w1_integer_ws_temperature_2m_dew_point_2m_pressure_msl_cloud_cover_low,"('holiday', 'weekend', 'dow', 'temperature_2m', 'dew_point_2m', 'pressure_msl', 'cloud_cover_low')","('holiday', 'weekend', 'dow', 'temperature_2m', 'dew_point_2m', 'pressure_msl', 'cloud_cover_low')",3.8077109045294733,55.3152073572017,7
Calendar + Context only Weather Search,M446,h1_w1_one_hot_ws_temperature_2m_dew_point_2m_pressure_msl_cloud_cover_low,"('holiday', 'weekend', 'dow_0', 'dow_1', 'dow_2', 'dow_3', 'dow_4', 'dow_5', 'dow_6', 'temperature_2m', 'dew_point_2m', 'pressure_msl', 'cloud_cover_low')","('holiday', 'weekend', 'dow_0', 'dow_1', 'dow_2', 'dow_3', 'dow_4', 'dow_5', 'dow_6', 'temperature_2m', 'dew_point_2m', 'pressure_msl', 'cloud_cover_low')",3.8734139256712545,55.95778552114736,13
Calendar + Context only Weather Search,M447,h1_w1_cyclic_ws_temperature_2m_dew_point_2m_pressure_msl_cloud_cover_low,"('holiday', 'weekend', 'dow_sin', 'dow_cos', 'temperature_2m', 'dew_point_2m', 'pressure_msl', 'cloud_cover_low')","('holiday', 'weekend', 'dow_sin', 'dow_cos', 'temperature_2m', 'dew_point_2m', 'pressure_msl', 'cloud_cover_low')",3.884542579072664,56.7610043870411,8
Calendar + Context only Weather Search,M448,h0_w0_none_ws_temperature_2m_dew_point_2m_wind_speed_10m_cloud_cover_low,"('temperature_2m', 'dew_point_2m', 'wind_speed_10m', 'cloud_cover_low')","('temperature_2m', 'dew_point_2m', 'wind_speed_10m', 'cloud_cover_low')",3.9984037565879462,58.509616634899714,4
Calendar + Context only Weather Search,M449,h0_w0_integer_ws_temperature_2m_dew_point_2m_wind_speed_10m_cloud_cover_low,"('dow', 'temperature_2m', 'dew_point_2m', 'wind_speed_10m', 'cloud_cover_low')","('dow', 'temperature_2m', 'dew_point_2m', 'wind_speed_10m', 'cloud_cover_low')",3.947130321490676,57.25372894221421,5
Calendar + Context only Weather Search,M450,h0_w0_one_hot_ws_temperature_2m_dew_point_2m_wind_speed_10m_cloud_cover_low,"('dow_0', 'dow_1', 'dow_2', 'dow_3', 'dow_4', 'dow_5', 'dow_6', 'temperature_2m', 'dew_point_2m', 'wind_speed_10m', 'cloud_cover_low')","('dow_0', 'dow_1', 'dow_2', 'dow_3', 'dow_4', 'dow_5', 'dow_6', 'temperature_2m', 'dew_point_2m', 'wind_speed_10m', 'cloud_cover_low')",3.9796646058705734,57.67213855744295,11
Calendar + Context only Weather Search,M451,h0_w0_cyclic_ws_temperature_2m_dew_point_2m_wind_speed_10m_cloud_cover_low,"('dow_sin', 'dow_cos', 'temperature_2m', 'dew_point_2m', 'wind_speed_10m', 'cloud_cover_low')","('dow_sin', 'dow_cos', 'temperature_2m', 'dew_point_2m', 'wind_speed_10m', 'cloud_cover_low')",4.009773417225281,58.684969750901985,6
Calendar + Context only Weather Search,M452,h0_w1_none_ws_temperature_2m_dew_point_2m_wind_speed_10m_cloud_cover_low,"('weekend', 'temperature_2m', 'dew_point_2m', 'wind_speed_10m', 'cloud_cover_low')","('weekend', 'temperature_2m', 'dew_point_2m', 'wind_speed_10m', 'cloud_cover_low')",3.8803357105261487,56.480562964693185,5
Calendar + Context only Weather Search,M453,h0_w1_integer_ws_temperature_2m_dew_point_2m_wind_speed_10m_cloud_cover_low,"('weekend', 'dow', 'temperature_2m', 'dew_point_2m', 'wind_speed_10m', 'cloud_cover_low')","('weekend', 'dow', 'temperature_2m', 'dew_point_2m', 'wind_speed_10m', 'cloud_cover_low')",3.8986198797339635,56.61480999830379,6
Calendar + Context only Weather Search,M454,h0_w1_one_hot_ws_temperature_2m_dew_point_2m_wind_speed_10m_cloud_cover_low,"('weekend', 'dow_0', 'dow_1', 'dow_2', 'dow_3', 'dow_4', 'dow_5', 'dow_6', 'temperature_2m', 'dew_point_2m', 'wind_speed_10m', 'cloud_cover_low')","('weekend', 'dow_0', 'dow_1', 'dow_2', 'dow_3', 'dow_4', 'dow_5', 'dow_6', 'temperature_2m', 'dew_point_2m', 'wind_speed_10m', 'cloud_cover_low')",3.941389151047105,56.982041966603255,12
Calendar + Context only Weather Search,M455,h0_w1_cyclic_ws_temperature_2m_dew_point_2m_wind_speed_10m_cloud_cover_low,"('weekend', 'dow_sin', 'dow_cos', 'temperature_2m', 'dew_point_2m', 'wind_speed_10m', 'cloud_cover_low')","('weekend', 'dow_sin', 'dow_cos', 'temperature_2m', 'dew_point_2m', 'wind_speed_10m', 'cloud_cover_low')",3.972418462376057,58.11649857206924,7
Calendar + Context only Weather Search,M456,h1_w0_none_ws_temperature_2m_dew_point_2m_wind_speed_10m_cloud_cover_low,"('holiday', 'temperature_2m', 'dew_point_2m', 'wind_speed_10m', 'cloud_cover_low')","('holiday', 'temperature_2m', 'dew_point_2m', 'wind_speed_10m', 'cloud_cover_low')",3.86837659836672,56.37001799304734,5
Calendar + Context only Weather Search,M457,h1_w0_integer_ws_temperature_2m_dew_point_2m_wind_speed_10m_cloud_cover_low,"('holiday', 'dow', 'temperature_2m', 'dew_point_2m', 'wind_speed_10m', 'cloud_cover_low')","('holiday', 'dow', 'temperature_2m', 'dew_point_2m', 'wind_speed_10m', 'cloud_cover_low')",3.8685575288734912,56.18950415893118,6
Calendar + Context only Weather Search,M458,h1_w0_one_hot_ws_temperature_2m_dew_point_2m_wind_speed_10m_cloud_cover_low,"('holiday', 'dow_0', 'dow_1', 'dow_2', 'dow_3', 'dow_4', 'dow_5', 'dow_6', 'temperature_2m', 'dew_point_2m', 'wind_speed_10m', 'cloud_cover_low')","('holiday', 'dow_0', 'dow_1', 'dow_2', 'dow_3', 'dow_4', 'dow_5', 'dow_6', 'temperature_2m', 'dew_point_2m', 'wind_speed_10m', 'cloud_cover_low')",3.946580679622956,57.17227597877836,12
Calendar + Context only Weather Search,M459,h1_w0_cyclic_ws_temperature_2m_dew_point_2m_wind_speed_10m_cloud_cover_low,"('holiday', 'dow_sin', 'dow_cos', 'temperature_2m', 'dew_point_2m', 'wind_speed_10m', 'cloud_cover_low')","('holiday', 'dow_sin', 'dow_cos', 'temperature_2m', 'dew_point_2m', 'wind_speed_10m', 'cloud_cover_low')",3.937066665694997,57.53385415042608,7
Calendar + Context only Weather Search,M460,h1_w1_none_ws_temperature_2m_dew_point_2m_wind_speed_10m_cloud_cover_low,"('holiday', 'weekend', 'temperature_2m', 'dew_point_2m', 'wind_speed_10m', 'cloud_cover_low')","('holiday', 'weekend', 'temperature_2m', 'dew_point_2m', 'wind_speed_10m', 'cloud_cover_low')",3.7982391894687573,55.21883888063073,6
Calendar + Context only Weather Search,M461,h1_w1_integer_ws_temperature_2m_dew_point_2m_wind_speed_10m_cloud_cover_low,"('holiday', 'weekend', 'dow', 'temperature_2m', 'dew_point_2m', 'wind_speed_10m', 'cloud_cover_low')","('holiday', 'weekend', 'dow', 'temperature_2m', 'dew_point_2m', 'wind_speed_10m', 'cloud_cover_low')",3.8133895343413564,55.35951375713048,7
Calendar + Context only Weather Search,M462,h1_w1_one_hot_ws_temperature_2m_dew_point_2m_wind_speed_10m_cloud_cover_low,"('holiday', 'weekend', 'dow_0', 'dow_1', 'dow_2', 'dow_3', 'dow_4', 'dow_5', 'dow_6', 'temperature_2m', 'dew_point_2m', 'wind_speed_10m', 'cloud_cover_low')","('holiday', 'weekend', 'dow_0', 'dow_1', 'dow_2', 'dow_3', 'dow_4', 'dow_5', 'dow_6', 'temperature_2m', 'dew_point_2m', 'wind_speed_10m', 'cloud_cover_low')",3.8982759501659174,56.32790050026639,13
Calendar + Context only Weather Search,M463,h1_w1_cyclic_ws_temperature_2m_dew_point_2m_wind_speed_10m_cloud_cover_low,"('holiday', 'weekend', 'dow_sin', 'dow_cos', 'temperature_2m', 'dew_point_2m', 'wind_speed_10m', 'cloud_cover_low')","('holiday', 'weekend', 'dow_sin', 'dow_cos', 'temperature_2m', 'dew_point_2m', 'wind_speed_10m', 'cloud_cover_low')",3.877282550601965,56.645530070125716,8
Calendar + Context only Weather Search,M464,h0_w0_none_ws_temperature_2m_pressure_msl_wind_speed_10m_cloud_cover_low,"('temperature_2m', 'pressure_msl', 'wind_speed_10m', 'cloud_cover_low')","('temperature_2m', 'pressure_msl', 'wind_speed_10m', 'cloud_cover_low')",3.9746345448009883,58.113291339134946,4
Calendar + Context only Weather Search,M465,h0_w0_integer_ws_temperature_2m_pressure_msl_wind_speed_10m_cloud_cover_low,"('dow', 'temperature_2m', 'pressure_msl', 'wind_speed_10m', 'cloud_cover_low')","('dow', 'temperature_2m', 'pressure_msl', 'wind_speed_10m', 'cloud_cover_low')",3.941021436815798,57.23840684724025,5
Calendar + Context only Weather Search,M466,h0_w0_one_hot_ws_temperature_2m_pressure_msl_wind_speed_10m_cloud_cover_low,"('dow_0', 'dow_1', 'dow_2', 'dow_3', 'dow_4', 'dow_5', 'dow_6', 'temperature_2m', 'pressure_msl', 'wind_speed_10m', 'cloud_cover_low')","('dow_0', 'dow_1', 'dow_2', 'dow_3', 'dow_4', 'dow_5', 'dow_6', 'temperature_2m', 'pressure_msl', 'wind_speed_10m', 'cloud_cover_low')",3.972894015468795,57.63967551541117,11
Calendar + Context only Weather Search,M467,h0_w0_cyclic_ws_temperature_2m_pressure_msl_wind_speed_10m_cloud_cover_low,"('dow_sin', 'dow_cos', 'temperature_2m', 'pressure_msl', 'wind_speed_10m', 'cloud_cover_low')","('dow_sin', 'dow_cos', 'temperature_2m', 'pressure_msl', 'wind_speed_10m', 'cloud_cover_low')",4.030738952344096,59.04020068278823,6
Calendar + Context only Weather Search,M468,h0_w1_none_ws_temperature_2m_pressure_msl_wind_speed_10m_cloud_cover_low,"('weekend', 'temperature_2m', 'pressure_msl', 'wind_speed_10m', 'cloud_cover_low')","('weekend', 'temperature_2m', 'pressure_msl', 'wind_speed_10m', 'cloud_cover_low')",3.8981154037129833,56.78859631692342,5
Calendar + Context only Weather Search,M469,h0_w1_integer_ws_temperature_2m_pressure_msl_wind_speed_10m_cloud_cover_low,"('weekend', 'dow', 'temperature_2m', 'pressure_msl', 'wind_speed_10m', 'cloud_cover_low')","('weekend', 'dow', 'temperature_2m', 'pressure_msl', 'wind_speed_10m', 'cloud_cover_low')",3.903821169829872,56.75448099535032,6
Calendar + Context only Weather Search,M470,h0_w1_one_hot_ws_temperature_2m_pressure_msl_wind_speed_10m_cloud_cover_low,"('weekend', 'dow_0', 'dow_1', 'dow_2', 'dow_3', 'dow_4', 'dow_5', 'dow_6', 'temperature_2m', 'pressure_msl', 'wind_speed_10m', 'cloud_cover_low')","('weekend', 'dow_0', 'dow_1', 'dow_2', 'dow_3', 'dow_4', 'dow_5', 'dow_6', 'temperature_2m', 'pressure_msl', 'wind_speed_10m', 'cloud_cover_low')",3.9276428945551825,56.79404824020196,12
Calendar + Context only Weather Search,M471,h0_w1_cyclic_ws_temperature_2m_pressure_msl_wind_speed_10m_cloud_cover_low,"('weekend', 'dow_sin', 'dow_cos', 'temperature_2m', 'pressure_msl', 'wind_speed_10m', 'cloud_cover_low')","('weekend', 'dow_sin', 'dow_cos', 'temperature_2m', 'pressure_msl', 'wind_speed_10m', 'cloud_cover_low')",3.9801550500543392,58.27612471896632,7
Calendar + Context only Weather Search,M472,h1_w0_none_ws_temperature_2m_pressure_msl_wind_speed_10m_cloud_cover_low,"('holiday', 'temperature_2m', 'pressure_msl', 'wind_speed_10m', 'cloud_cover_low')","('holiday', 'temperature_2m', 'pressure_msl', 'wind_speed_10m', 'cloud_cover_low')",3.8799818575127625,56.58394409365872,5
Calendar + Context only Weather Search,M473,h1_w0_integer_ws_temperature_2m_pressure_msl_wind_speed_10m_cloud_cover_low,"('holiday', 'dow', 'temperature_2m', 'pressure_msl', 'wind_speed_10m', 'cloud_cover_low')","('holiday', 'dow', 'temperature_2m', 'pressure_msl', 'wind_speed_10m', 'cloud_cover_low')",3.8689349092045835,56.25374223135304,6
Calendar + Context only Weather Search,M474,h1_w0_one_hot_ws_temperature_2m_pressure_msl_wind_speed_10m_cloud_cover_low,"('holiday', 'dow_0', 'dow_1', 'dow_2', 'dow_3', 'dow_4', 'dow_5', 'dow_6', 'temperature_2m', 'pressure_msl', 'wind_speed_10m', 'cloud_cover_low')","('holiday', 'dow_0', 'dow_1', 'dow_2', 'dow_3', 'dow_4', 'dow_5', 'dow_6', 'temperature_2m', 'pressure_msl', 'wind_speed_10m', 'cloud_cover_low')",3.938248952741956,57.074341392971235,12
Calendar + Context only Weather Search,M475,h1_w0_cyclic_ws_temperature_2m_pressure_msl_wind_speed_10m_cloud_cover_low,"('holiday', 'dow_sin', 'dow_cos', 'temperature_2m', 'pressure_msl', 'wind_speed_10m', 'cloud_cover_low')","('holiday', 'dow_sin', 'dow_cos', 'temperature_2m', 'pressure_msl', 'wind_speed_10m', 'cloud_cover_low')",3.95960489364549,57.89071740879151,7
Calendar + Context only Weather Search,M476,h1_w1_none_ws_temperature_2m_pressure_msl_wind_speed_10m_cloud_cover_low,"('holiday', 'weekend', 'temperature_2m', 'pressure_msl', 'wind_speed_10m', 'cloud_cover_low')","('holiday', 'weekend', 'temperature_2m', 'pressure_msl', 'wind_speed_10m', 'cloud_cover_low')",3.804171869083186,55.353706900249605,6
Calendar + Context only Weather Search,M477,h1_w1_integer_ws_temperature_2m_pressure_msl_wind_speed_10m_cloud_cover_low,"('holiday', 'weekend', 'dow', 'temperature_2m', 'pressure_msl', 'wind_speed_10m', 'cloud_cover_low')","('holiday', 'weekend', 'dow', 'temperature_2m', 'pressure_msl', 'wind_speed_10m', 'cloud_cover_low')",3.819182620870225,55.480344838465136,7
Calendar + Context only Weather Search,M478,h1_w1_one_hot_ws_temperature_2m_pressure_msl_wind_speed_10m_cloud_cover_low,"('holiday', 'weekend', 'dow_0', 'dow_1', 'dow_2', 'dow_3', 'dow_4', 'dow_5', 'dow_6', 'temperature_2m', 'pressure_msl', 'wind_speed_10m', 'cloud_cover_low')","('holiday', 'weekend', 'dow_0', 'dow_1', 'dow_2', 'dow_3', 'dow_4', 'dow_5', 'dow_6', 'temperature_2m', 'pressure_msl', 'wind_speed_10m', 'cloud_cover_low')",3.8859066883720144,56.124497019541764,13
Calendar + Context only Weather Search,M479,h1_w1_cyclic_ws_temperature_2m_pressure_msl_wind_speed_10m_cloud_cover_low,"('holiday', 'weekend', 'dow_sin', 'dow_cos', 'temperature_2m', 'pressure_msl', 'wind_speed_10m', 'cloud_cover_low')","('holiday', 'weekend', 'dow_sin', 'dow_cos', 'temperature_2m', 'pressure_msl', 'wind_speed_10m', 'cloud_cover_low')",3.883569410349128,56.727556101918445,8
Calendar + Context only Weather Search,M480,h0_w0_none_ws_dew_point_2m_pressure_msl_wind_speed_10m_cloud_cover_low,"('dew_point_2m', 'pressure_msl', 'wind_speed_10m', 'cloud_cover_low')","('dew_point_2m', 'pressure_msl', 'wind_speed_10m', 'cloud_cover_low')",4.069466707684759,59.65499609122458,4
Calendar + Context only Weather Search,M481,h0_w0_integer_ws_dew_point_2m_pressure_msl_wind_speed_10m_cloud_cover_low,"('dow', 'dew_point_2m', 'pressure_msl', 'wind_speed_10m', 'cloud_cover_low')","('dow', 'dew_point_2m', 'pressure_msl', 'wind_speed_10m', 'cloud_cover_low')",4.022216243432445,58.47675767344438,5
Calendar + Context only Weather Search,M482,h0_w0_one_hot_ws_dew_point_2m_pressure_msl_wind_speed_10m_cloud_cover_low,"('dow_0', 'dow_1', 'dow_2', 'dow_3', 'dow_4', 'dow_5', 'dow_6', 'dew_point_2m', 'pressure_msl', 'wind_speed_10m', 'cloud_cover_low')","('dow_0', 'dow_1', 'dow_2', 'dow_3', 'dow_4', 'dow_5', 'dow_6', 'dew_point_2m', 'pressure_msl', 'wind_speed_10m', 'cloud_cover_low')",4.029112208418224,58.49972366909334,11
Calendar + Context only Weather Search,M483,h0_w0_cyclic_ws_dew_point_2m_pressure_msl_wind_speed_10m_cloud_cover_low,"('dow_sin', 'dow_cos', 'dew_point_2m', 'pressure_msl', 'wind_speed_10m', 'cloud_cover_low')","('dow_sin', 'dow_cos', 'dew_point_2m', 'pressure_msl', 'wind_speed_10m', 'cloud_cover_low')",4.108252590666819,60.29756036198432,6
Calendar + Context only Weather Search,M484,h0_w1_none_ws_dew_point_2m_pressure_msl_wind_speed_10m_cloud_cover_low,"('weekend', 'dew_point_2m', 'pressure_msl', 'wind_speed_10m', 'cloud_cover_low')","('weekend', 'dew_point_2m', 'pressure_msl', 'wind_speed_10m', 'cloud_cover_low')",3.97619200342312,58.03265998323536,5
Calendar + Context only Weather Search,M485,h0_w1_integer_ws_dew_point_2m_pressure_msl_wind_speed_10m_cloud_cover_low,"('weekend', 'dow', 'dew_point_2m', 'pressure_msl', 'wind_speed_10m', 'cloud_cover_low')","('weekend', 'dow', 'dew_point_2m', 'pressure_msl', 'wind_speed_10m', 'cloud_cover_low')",3.9707189841944475,57.79751443681187,6
Calendar + Context only Weather Search,M486,h0_w1_one_hot_ws_dew_point_2m_pressure_msl_wind_speed_10m_cloud_cover_low,"('weekend', 'dow_0', 'dow_1', 'dow_2', 'dow_3', 'dow_4', 'dow_5', 'dow_6', 'dew_point_2m', 'pressure_msl', 'wind_speed_10m', 'cloud_cover_low')","('weekend', 'dow_0', 'dow_1', 'dow_2', 'dow_3', 'dow_4', 'dow_5', 'dow_6', 'dew_point_2m', 'pressure_msl', 'wind_speed_10m', 'cloud_cover_low')",3.985324700651464,57.70918873140867,12
Calendar + Context only Weather Search,M487,h0_w1_cyclic_ws_dew_point_2m_pressure_msl_wind_speed_10m_cloud_cover_low,"('weekend', 'dow_sin', 'dow_cos', 'dew_point_2m', 'pressure_msl', 'wind_speed_10m', 'cloud_cover_low')","('weekend', 'dow_sin', 'dow_cos', 'dew_point_2m', 'pressure_msl', 'wind_speed_10m', 'cloud_cover_low')",4.070011306139692,59.6897641014831,7
Calendar + Context only Weather Search,M488,h1_w0_none_ws_dew_point_2m_pressure_msl_wind_speed_10m_cloud_cover_low,"('holiday', 'dew_point_2m', 'pressure_msl', 'wind_speed_10m', 'cloud_cover_low')","('holiday', 'dew_point_2m', 'pressure_msl', 'wind_speed_10m', 'cloud_cover_low')",3.9485094911474246,57.70101762315406,5
Calendar + Context only Weather Search,M489,h1_w0_integer_ws_dew_point_2m_pressure_msl_wind_speed_10m_cloud_cover_low,"('holiday', 'dow', 'dew_point_2m', 'pressure_msl', 'wind_speed_10m', 'cloud_cover_low')","('holiday', 'dow', 'dew_point_2m', 'pressure_msl', 'wind_speed_10m', 'cloud_cover_low')",3.9490965672535907,57.488449933094444,6
Calendar + Context only Weather Search,M490,h1_w0_one_hot_ws_dew_point_2m_pressure_msl_wind_speed_10m_cloud_cover_low,"('holiday', 'dow_0', 'dow_1', 'dow_2', 'dow_3', 'dow_4', 'dow_5', 'dow_6', 'dew_point_2m', 'pressure_msl', 'wind_speed_10m', 'cloud_cover_low')","('holiday', 'dow_0', 'dow_1', 'dow_2', 'dow_3', 'dow_4', 'dow_5', 'dow_6', 'dew_point_2m', 'pressure_msl', 'wind_speed_10m', 'cloud_cover_low')",3.9956177878007773,57.96730580075343,12
Calendar + Context only Weather Search,M491,h1_w0_cyclic_ws_dew_point_2m_pressure_msl_wind_speed_10m_cloud_cover_low,"('holiday', 'dow_sin', 'dow_cos', 'dew_point_2m', 'pressure_msl', 'wind_speed_10m', 'cloud_cover_low')","('holiday', 'dow_sin', 'dow_cos', 'dew_point_2m', 'pressure_msl', 'wind_speed_10m', 'cloud_cover_low')",4.033403035987844,59.106512378893264,7
Calendar + Context only Weather Search,M492,h1_w1_none_ws_dew_point_2m_pressure_msl_wind_speed_10m_cloud_cover_low,"('holiday', 'weekend', 'dew_point_2m', 'pressure_msl', 'wind_speed_10m', 'cloud_cover_low')","('holiday', 'weekend', 'dew_point_2m', 'pressure_msl', 'wind_speed_10m', 'cloud_cover_low')",3.8886807163500285,56.73423860930782,6
Calendar + Context only Weather Search,M493,h1_w1_integer_ws_dew_point_2m_pressure_msl_wind_speed_10m_cloud_cover_low,"('holiday', 'weekend', 'dow', 'dew_point_2m', 'pressure_msl', 'wind_speed_10m', 'cloud_cover_low')","('holiday', 'weekend', 'dow', 'dew_point_2m', 'pressure_msl', 'wind_speed_10m', 'cloud_cover_low')",3.8949761227132784,56.65874014825175,7
Calendar + Context only Weather Search,M494,h1_w1_one_hot_ws_dew_point_2m_pressure_msl_wind_speed_10m_cloud_cover_low,"('holiday', 'weekend', 'dow_0', 'dow_1', 'dow_2', 'dow_3', 'dow_4', 'dow_5', 'dow_6', 'dew_point_2m', 'pressure_msl', 'wind_speed_10m', 'cloud_cover_low')","('holiday', 'weekend', 'dow_0', 'dow_1', 'dow_2', 'dow_3', 'dow_4', 'dow_5', 'dow_6', 'dew_point_2m', 'pressure_msl', 'wind_speed_10m', 'cloud_cover_low')",3.948759959935883,57.09453144173291,13
Calendar + Context only Weather Search,M495,h1_w1_cyclic_ws_dew_point_2m_pressure_msl_wind_speed_10m_cloud_cover_low,"('holiday', 'weekend', 'dow_sin', 'dow_cos', 'dew_point_2m', 'pressure_msl', 'wind_speed_10m', 'cloud_cover_low')","('holiday', 'weekend', 'dow_sin', 'dow_cos', 'dew_point_2m', 'pressure_msl', 'wind_speed_10m', 'cloud_cover_low')",3.972291392922018,58.11778099954666,8
Calendar + Context only Weather Search,M496,h0_w0_none_ws_temperature_2m_dew_point_2m_pressure_msl_wind_speed_10m_cloud_cover_low,"('temperature_2m', 'dew_point_2m', 'pressure_msl', 'wind_speed_10m', 'cloud_cover_low')","('temperature_2m', 'dew_point_2m', 'pressure_msl', 'wind_speed_10m', 'cloud_cover_low')",4.032052696139569,59.03787817472051,5
Calendar + Context only Weather Search,M497,h0_w0_integer_ws_temperature_2m_dew_point_2m_pressure_msl_wind_speed_10m_cloud_cover_low,"('dow', 'temperature_2m', 'dew_point_2m', 'pressure_msl', 'wind_speed_10m', 'cloud_cover_low')","('dow', 'temperature_2m', 'dew_point_2m', 'pressure_msl', 'wind_speed_10m', 'cloud_cover_low')",3.9860984063591185,58.00542452314557,6
Calendar + Context only Weather Search,M498,h0_w0_one_hot_ws_temperature_2m_dew_point_2m_pressure_msl_wind_speed_10m_cloud_cover_low,"('dow_0', 'dow_1', 'dow_2', 'dow_3', 'dow_4', 'dow_5', 'dow_6', 'temperature_2m', 'dew_point_2m', 'pressure_msl', 'wind_speed_10m', 'cloud_cover_low')","('dow_0', 'dow_1', 'dow_2', 'dow_3', 'dow_4', 'dow_5', 'dow_6', 'temperature_2m', 'dew_point_2m', 'pressure_msl', 'wind_speed_10m', 'cloud_cover_low')",4.012252319842093,58.239642713473366,12
Calendar + Context only Weather Search,M499,h0_w0_cyclic_ws_temperature_2m_dew_point_2m_pressure_msl_wind_speed_10m_cloud_cover_low,"('dow_sin', 'dow_cos', 'temperature_2m', 'dew_point_2m', 'pressure_msl', 'wind_speed_10m', 'cloud_cover_low')","('dow_sin', 'dow_cos', 'temperature_2m', 'dew_point_2m', 'pressure_msl', 'wind_speed_10m', 'cloud_cover_low')",4.0774377265057495,59.78071037784086,7
Calendar + Context only Weather Search,M500,h0_w1_none_ws_temperature_2m_dew_point_2m_pressure_msl_wind_speed_10m_cloud_cover_low,"('weekend', 'temperature_2m', 'dew_point_2m', 'pressure_msl', 'wind_speed_10m', 'cloud_cover_low')","('weekend', 'temperature_2m', 'dew_point_2m', 'pressure_msl', 'wind_speed_10m', 'cloud_cover_low')",3.9391475758040317,57.46741265427055,6
Calendar + Context only Weather Search,M501,h0_w1_integer_ws_temperature_2m_dew_point_2m_pressure_msl_wind_speed_10m_cloud_cover_low,"('weekend', 'dow', 'temperature_2m', 'dew_point_2m', 'pressure_msl', 'wind_speed_10m', 'cloud_cover_low')","('weekend', 'dow', 'temperature_2m', 'dew_point_2m', 'pressure_msl', 'wind_speed_10m', 'cloud_cover_low')",3.9351652513810516,57.24952552928599,7
Calendar + Context only Weather Search,M502,h0_w1_one_hot_ws_temperature_2m_dew_point_2m_pressure_msl_wind_speed_10m_cloud_cover_low,"('weekend', 'dow_0', 'dow_1', 'dow_2', 'dow_3', 'dow_4', 'dow_5', 'dow_6', 'temperature_2m', 'dew_point_2m', 'pressure_msl', 'wind_speed_10m', 'cloud_cover_low')","('weekend', 'dow_0', 'dow_1', 'dow_2', 'dow_3', 'dow_4', 'dow_5', 'dow_6', 'temperature_2m', 'dew_point_2m', 'pressure_msl', 'wind_speed_10m', 'cloud_cover_low')",3.9631340234836383,57.37087967641642,13
Calendar + Context only Weather Search,M503,h0_w1_cyclic_ws_temperature_2m_dew_point_2m_pressure_msl_wind_speed_10m_cloud_cover_low,"('weekend', 'dow_sin', 'dow_cos', 'temperature_2m', 'dew_point_2m', 'pressure_msl', 'wind_speed_10m', 'cloud_cover_low')","('weekend', 'dow_sin', 'dow_cos', 'temperature_2m', 'dew_point_2m', 'pressure_msl', 'wind_speed_10m', 'cloud_cover_low')",4.020029647812803,58.91443249419798,8
Calendar + Context only Weather Search,M504,h1_w0_none_ws_temperature_2m_dew_point_2m_pressure_msl_wind_speed_10m_cloud_cover_low,"('holiday', 'temperature_2m', 'dew_point_2m', 'pressure_msl', 'wind_speed_10m', 'cloud_cover_low')","('holiday', 'temperature_2m', 'dew_point_2m', 'pressure_msl', 'wind_speed_10m', 'cloud_cover_low')",3.934588370704854,57.4721415504711,6
Calendar + Context only Weather Search,M505,h1_w0_integer_ws_temperature_2m_dew_point_2m_pressure_msl_wind_speed_10m_cloud_cover_low,"('holiday', 'dow', 'temperature_2m', 'dew_point_2m', 'pressure_msl', 'wind_speed_10m', 'cloud_cover_low')","('holiday', 'dow', 'temperature_2m', 'dew_point_2m', 'pressure_msl', 'wind_speed_10m', 'cloud_cover_low')",3.9216030240073834,57.099872223422636,7
Calendar + Context only Weather Search,M506,h1_w0_one_hot_ws_temperature_2m_dew_point_2m_pressure_msl_wind_speed_10m_cloud_cover_low,"('holiday', 'dow_0', 'dow_1', 'dow_2', 'dow_3', 'dow_4', 'dow_5', 'dow_6', 'temperature_2m', 'dew_point_2m', 'pressure_msl', 'wind_speed_10m', 'cloud_cover_low')","('holiday', 'dow_0', 'dow_1', 'dow_2', 'dow_3', 'dow_4', 'dow_5', 'dow_6', 'temperature_2m', 'dew_point_2m', 'pressure_msl', 'wind_speed_10m', 'cloud_cover_low')",3.9796010056214173,57.72889364801365,13
Calendar + Context only Weather Search,M507,h1_w0_cyclic_ws_temperature_2m_dew_point_2m_pressure_msl_wind_speed_10m_cloud_cover_low,"('holiday', 'dow_sin', 'dow_cos', 'temperature_2m', 'dew_point_2m', 'pressure_msl', 'wind_speed_10m', 'cloud_cover_low')","('holiday', 'dow_sin', 'dow_cos', 'temperature_2m', 'dew_point_2m', 'pressure_msl', 'wind_speed_10m', 'cloud_cover_low')",4.004043648679052,58.65075592424021,8
Calendar + Context only Weather Search,M508,h1_w1_none_ws_temperature_2m_dew_point_2m_pressure_msl_wind_speed_10m_cloud_cover_low,"('holiday', 'weekend', 'temperature_2m', 'dew_point_2m', 'pressure_msl', 'wind_speed_10m', 'cloud_cover_low')","('holiday', 'weekend', 'temperature_2m', 'dew_point_2m', 'pressure_msl', 'wind_speed_10m', 'cloud_cover_low')",3.856320311293691,56.24321356953319,7
Calendar + Context only Weather Search,M509,h1_w1_integer_ws_temperature_2m_dew_point_2m_pressure_msl_wind_speed_10m_cloud_cover_low,"('holiday', 'weekend', 'dow', 'temperature_2m', 'dew_point_2m', 'pressure_msl', 'wind_speed_10m', 'cloud_cover_low')","('holiday', 'weekend', 'dow', 'temperature_2m', 'dew_point_2m', 'pressure_msl', 'wind_speed_10m', 'cloud_cover_low')",3.8583134393165013,56.10977340154298,8
Calendar + Context only Weather Search,M510,h1_w1_one_hot_ws_temperature_2m_dew_point_2m_pressure_msl_wind_speed_10m_cloud_cover_low,"('holiday', 'weekend', 'dow_0', 'dow_1', 'dow_2', 'dow_3', 'dow_4', 'dow_5', 'dow_6', 'temperature_2m', 'dew_point_2m', 'pressure_msl', 'wind_speed_10m', 'cloud_cover_low')","('holiday', 'weekend', 'dow_0', 'dow_1', 'dow_2', 'dow_3', 'dow_4', 'dow_5', 'dow_6', 'temperature_2m', 'dew_point_2m', 'pressure_msl', 'wind_speed_10m', 'cloud_cover_low')",3.926854854646535,56.80277992215869,14
Calendar + Context only Weather Search,M511,h1_w1_cyclic_ws_temperature_2m_dew_point_2m_pressure_msl_wind_speed_10m_cloud_cover_low,"('holiday', 'weekend', 'dow_sin', 'dow_cos', 'temperature_2m', 'dew_point_2m', 'pressure_msl', 'wind_speed_10m', 'cloud_cover_low')","('holiday', 'weekend', 'dow_sin', 'dow_cos', 'temperature_2m', 'dew_point_2m', 'pressure_msl', 'wind_speed_10m', 'cloud_cover_low')",3.934462940265989,57.571843690859176,9
